p1,p2,date,source_year,year,surface,tournament,round,score,n1,k1,n2,k2,period,match_id,tourney_id,best_of,iid,conditional_burst,burst,temperature,burst_seed2
wta:221103,wta:216347,2024-12-27,2025,2024,hard,United Cup,F,6-4 6-4,53,33,77,40,83,WTA-2025-9900-276,2025-9900,3,0.2921444422615039,0.4378089716203845,0.3649767069409442,0.35663612189943017,0.3611622424917529
wta:214096,wta:211148,2024-12-27,2025,2024,hard,United Cup,QF,6-2 6-2,76,47,64,32,83,WTA-2025-9900-279,2025-9900,3,0.7656321795429146,0.5922184925236497,0.6789253360332821,0.6876609765487097,0.6802680275193975
wta:216347,wta:211107,2024-12-27,2025,2024,hard,United Cup,QF,6-7(4) 6-1 6-4,102,62,103,54,83,WTA-2025-9900-280,2025-9900,3,0.9328609260581111,0.7161122978333841,0.8244866119457477,0.8524976846337833,0.8273856049271331
wta:214981,wta:201696,2024-12-27,2025,2024,hard,United Cup,QF,6-3 6-1,45,34,42,22,83,WTA-2025-9900-283,2025-9900,3,0.9368862278256999,0.723802258162954,0.8303442429943269,0.8579559128118588,0.8265602942607291
wta:216347,wta:214096,2024-12-27,2025,2024,hard,United Cup,RR,6-3 6-4,83,48,64,33,83,WTA-2025-9900-284,2025-9900,3,0.7470142073365782,0.5873970094598718,0.667205608398225,0.6730107297429242,0.662262062472073
wta:221103,wta:202499,2024-12-27,2025,2024,hard,United Cup,RR,6-4 6-2,54,37,60,31,83,WTA-2025-9900-285,2025-9900,3,0.82394977378991,0.6271284711626488,0.7255391224762794,0.736701320646162,0.7241048838433835
wta:211148,wta:203564,2024-12-27,2025,2024,hard,United Cup,RR,6-0 6-2,46,32,41,17,83,WTA-2025-9900-286,2025-9900,3,0.9547434982386949,0.7558437595361611,0.855293628887428,0.8841910095934878,0.8582536533000005
wta:216347,wta:214935,2024-12-27,2025,2024,hard,United Cup,RR,6-1 6-0,36,28,47,18,83,WTA-2025-9900-288,2025-9900,3,0.9947308786866852,0.9093988404028075,0.9520648595447463,0.9705091010488037,0.950783199489818
wta:214981,wta:206289,2024-12-27,2025,2024,hard,United Cup,RR,6-4 6-3,63,42,58,32,83,WTA-2025-9900-289,2025-9900,3,0.7468239216059827,0.5884345437900519,0.6676292326980173,0.6728630272231914,0.6661034469183407
wta:221103,wta:220367,2024-12-27,2025,2024,hard,United Cup,RR,6-3 6-2,54,37,74,37,83,WTA-2025-9900-291,2025-9900,3,0.861009661865603,0.6503204150137321,0.7556650384396675,0.7713237364657363,0.7515759325501344
wta:211148,wta:202505,2024-12-27,2025,2024,hard,United Cup,RR,6-1 6-1,39,23,44,12,83,WTA-2025-9900-292,2025-9900,3,0.5053277186345513,0.5079951174855051,0.5066614180600282,0.5035518871056697,0.5067834809224023
wta:214981,wta:222601,2024-12-27,2025,2024,hard,United Cup,RR,6-2 6-3,62,42,46,20,83,WTA-2025-9900-300,2025-9900,3,0.9406552968064823,0.7269758925846811,0.8338155946955816,0.8632019108833868,0.8359516947871288
wta:221103,wta:214096,2024-12-27,2025,2024,hard,United Cup,SF,6-1 6-4,68,43,54,26,83,WTA-2025-9900-277,2025-9900,3,0.5549068165571384,0.5100091547146781,0.5324579856359082,0.5366867070075635,0.5366691543878155
wta:216347,wta:214981,2024-12-27,2025,2024,hard,United Cup,SF,7-6(5) 6-4,72,47,85,50,83,WTA-2025-9900-278,2025-9900,3,0.7764962438812405,0.6050961245041196,0.6907961841926801,0.696406179548817,0.6868596568811146
wta:220704,wta:211768,2024-12-30,2025,2024,hard,Auckland,F,4-6 0-0 RET,36,19,25,17,83,WTA-2025-1049-300,2025-1049,3,0.22219315358532118,0.401495270064083,0.31184421182470207,0.3025282310283324,0.3076330430727949
wta:211768,wta:221024,2024-12-30,2025,2024,hard,Auckland,QF,6-7(2) 6-1 6-2,82,53,80,43,83,WTA-2025-1049-294,2025-1049,3,0.8547112631090484,0.6528227036924016,0.753766983400725,0.7651923259142179,0.7526073862081708
wta:219917,wta:220465,2024-12-30,2025,2024,hard,Auckland,QF,6-1 6-4,62,35,51,24,83,WTA-2025-1049-295,2025-1049,3,0.17533106502761356,0.37293256026853827,0.2741318126480759,0.26265703235525034,0.27608481844606186
wta:221905,wta:211095,2024-12-30,2025,2024,hard,Auckland,QF,6-4 6-4,55,39,64,37,83,WTA-2025-1049-296,2025-1049,3,0.278188743059757,0.42255111382361915,0.35036992844168807,0.346232202853466,0.3486305326528568
wta:220704,wta:201619,2024-12-30,2025,2024,hard,Auckland,QF,6-4 7-6(7),75,48,91,53,83,WTA-2025-1049-297,2025-1049,3,0.2460985943136522,0.4092462618248398,0.327672428069246,0.32161650410109877,0.32724520805093654
wta:221024,wta:214839,2024-12-30,2025,2024,hard,Auckland,R16,5-7 7-5 7-6(6),138,83,126,76,83,WTA-2025-1049-286,2025-1049,3,0.685733649109291,0.5634116570033567,0.6245726530563238,0.627186489584561,0.6269833945882128
wta:211768,wta:211814,2024-12-30,2025,2024,hard,Auckland,R16,7-5 6-3,61,48,65,40,83,WTA-2025-1049-287,2025-1049,3,0.961784343067992,0.7892889838266708,0.8755366634473314,0.8957027210724088,0.8743770662547772
wta:219917,wta:213889,2024-12-30,2025,2024,hard,Auckland,R16,7-5 6-3,59,41,61,34,83,WTA-2025-1049-288,2025-1049,3,0.20902166032369648,0.3897162038449802,0.29936893208433835,0.29168348301322167,0.29997924639620893
wta:220465,wta:215983,2024-12-30,2025,2024,hard,Auckland,R16,6-4 6-3,67,39,63,30,83,WTA-2025-1049-289,2025-1049,3,0.48439402906518847,0.4932255111382362,0.48880977010171234,0.48959414167747023,0.48990833586307947
wta:221905,wta:211702,2024-12-30,2025,2024,hard,Auckland,R16,6-2 6-2,46,33,54,28,83,WTA-2025-1049-290,2025-1049,3,0.5039786363178512,0.5031736344217272,0.5035761353697892,0.5026524553139721,0.5007076581039973
wta:211095,wta:201606,2024-12-30,2025,2024,hard,Auckland,R16,7-6(2) 6-4,68,42,83,45,83,WTA-2025-1049-291,2025-1049,3,0.7805650478538494,0.6071711931644798,0.6938681205091646,0.6997220886830079,0.6939901833715387
wta:220704,wta:213550,2024-12-30,2025,2024,hard,Auckland,R16,4-6 7-6(7) 7-6(3),111,70,120,72,83,WTA-2025-1049-292,2025-1049,3,0.5337424260978542,0.5135489777235276,0.5236457019106908,0.522513958902263,0.5193429860120031
wta:201619,wta:211713,2024-12-30,2025,2024,hard,Auckland,R16,6-1 6-2,41,30,55,23,83,WTA-2025-1049-293,2025-1049,3,0.8643420330935944,0.6506255721696674,0.7574838026316308,0.7746147290812327,0.7573007083380696
wta:214839,wta:223159,2024-12-30,2025,2024,hard,Auckland,R32,6-3 6-3,62,39,54,29,83,WTA-2025-1049-270,2025-1049,3,0.6588819518543898,0.5609093683246872,0.6098956600895384,0.6079914553563235,0.6122148544746469
wta:221024,wta:260761,2024-12-30,2025,2024,hard,Auckland,R32,6-0 6-2,39,29,58,25,83,WTA-2025-1049-271,2025-1049,3,0.698984040105617,0.5951480012206286,0.6470660206631228,0.636832632488453,0.6472185992410905
wta:211814,wta:220742,2024-12-30,2025,2024,hard,Auckland,R32,2-6 6-3 7-6(7),102,61,112,65,83,WTA-2025-1049-272,2025-1049,3,0.735781220158771,0.6287152883735123,0.6822482542661417,0.6643567037421563,0.6823703171285158
wta:211768,wta:215151,2024-12-30,2025,2024,hard,Auckland,R32,6-4 6-4,55,39,68,40,83,WTA-2025-1049-273,2025-1049,3,0.9536444226320269,0.7874580408910589,0.8705512317615429,0.8824632584129065,0.8654856229730168
wta:219917,wta:216153,2024-12-30,2025,2024,hard,Auckland,R32,2-6 6-2 6-3,96,53,80,44,83,WTA-2025-1049-274,2025-1049,3,0.09691718602760903,0.3140372291730241,0.20547720760031657,0.18422637462245783,0.20437864183894947
wta:213889,wta:204431,2024-12-30,2025,2024,hard,Auckland,R32,6-4 6-0,58,36,49,21,83,WTA-2025-1049-275,2025-1049,3,0.7319684859809849,0.5958193469636863,0.6638939164723356,0.6614483568323181,0.6549528118034311
wta:215983,wta:201585,2024-12-30,2025,2024,hard,Auckland,R32,5-7 6-4 6-4,87,59,108,62,83,WTA-2025-1049-276,2025-1049,3,0.5842121416388276,0.5285016783643577,0.5563569100015926,0.5564399336251572,0.5556550485429415
wta:220465,wta:222965,2024-12-30,2025,2024,hard,Auckland,R32,6-4 6-7(6) 6-2,107,68,119,68,83,WTA-2025-1049-277,2025-1049,3,0.6753266318342481,0.5575526396093988,0.6164396357218235,0.6196943759668335,0.6166532457309781
wta:221905,wta:215988,2024-12-30,2025,2024,hard,Auckland,R32,6-3 2-6 6-0,73,41,81,39,83,WTA-2025-1049-278,2025-1049,3,0.4554600504317166,0.48602380225816294,0.4707419263449398,0.47026291953272326,0.4727559635741128
wta:211702,wta:215898,2024-12-30,2025,2024,hard,Auckland,R32,6-3 6-4,69,39,66,33,83,WTA-2025-1049-279,2025-1049,3,0.42456813234648744,0.4767470247177296,0.4506575785321085,0.44949807210560117,0.44986416992667677
wta:211095,wta:223286,2024-12-30,2025,2024,hard,Auckland,R32,6-2 7-5,58,40,70,38,83,WTA-2025-1049-280,2025-1049,3,0.7978664979207368,0.6306072627403113,0.7142368803305241,0.7140920435394151,0.7101782901565845
wta:201606,wta:215138,2024-12-30,2025,2024,hard,Auckland,R32,6-3 3-6 6-3,86,53,76,45,83,WTA-2025-1049-281,2025-1049,3,0.20964765366312235,0.3830027464144034,0.2963252000387629,0.29220469215740114,0.2949214771214605
wta:220704,wta:214593,2024-12-30,2025,2024,hard,Auckland,R32,6-2 6-3,53,31,51,19,83,WTA-2025-1049-282,2025-1049,3,0.8386495498277061,0.6335978028684772,0.7361236763480916,0.750036970405674,0.7380461664304842
wta:213550,wta:216016,2024-12-30,2025,2024,hard,Auckland,R32,7-6(5) 6-1,73,48,56,35,83,WTA-2025-1049-283,2025-1049,3,0.5050773757255894,0.5004882514494965,0.502782813587543,0.503384981791947,0.5004025877712476
wta:211713,wta:263857,2024-12-30,2025,2024,hard,Auckland,R32,6-3 2-0 RET,36,23,27,12,83,WTA-2025-1049-284,2025-1049,3,0.36457668954256134,0.4544705523344522,0.4095236209385068,0.4084517030580901,0.410744249562248
wta:201619,wta:214459,2024-12-30,2025,2024,hard,Auckland,R32,6-4 6-4,50,34,75,40,83,WTA-2025-1049-285,2025-1049,3,0.8394227162501063,0.6285321940799512,0.7339774551650288,0.7507518239121839,0.7320854807982299
wta:211768,wta:219917,2024-12-30,2025,2024,hard,Auckland,SF,6-4 6-2,58,38,52,27,83,WTA-2025-1049-298,2025-1049,3,0.963856022895427,0.7780592004882515,0.8709576116918393,0.8992532180895472,0.8722697874623611
wta:220704,wta:221905,2024-12-30,2025,2024,hard,Auckland,SF,6-4 6-3,57,37,69,34,83,WTA-2025-1049-299,2025-1049,3,0.8363037884800992,0.637259688739701,0.7367817386099,0.7478766726296124,0.7386737129766989
wta:214544,wta:221236,2024-12-30,2025,2024,hard,Brisbane,F,4-6 6-3 6-2,77,51,89,47,83,WTA-2025-800-300,2025-800,3,0.9679111986625346,0.7817210863594751,0.8748161425110048,0.9064541559850716,0.8767691483089908
wta:211843,wta:214040,2024-12-30,2025,2024,hard,Brisbane,QF,4-6 6-1 7-5,95,65,88,54,83,WTA-2025-800-294,2025-800,3,0.5038570048429933,0.4987183399450717,0.5012876723940325,0.5025713648978581,0.5018674709903096
wta:221236,wta:221909,2024-12-30,2025,2024,hard,Brisbane,QF,7-6(5) 6-3,72,49,67,42,83,WTA-2025-800-295,2025-800,3,0.4729723458905836,0.4874885566066524,0.480230451248618,0.48197180198164097,0.48611998435816944
wta:259799,wta:202460,2024-12-30,2025,2024,hard,Brisbane,QF,6-4 7-6(2),78,49,69,39,83,WTA-2025-800-296,2025-800,3,0.7096025939921872,0.5673176685993286,0.6384601312957578,0.6446573707656414,0.6425797529008845
wta:214544,wta:213631,2024-12-30,2025,2024,hard,Brisbane,QF,6-3 6-4,64,44,69,38,83,WTA-2025-800-297,2025-800,3,0.9253330652013767,0.7021971315227342,0.8137650983620555,0.8426498048560089,0.8129716897566237
wta:214040,wta:215713,2024-12-30,2025,2024,hard,Brisbane,R16,7-6(2) 6-2,67,46,88,47,83,WTA-2025-800-286,2025-800,3,0.36399726151417616,0.45459261519682637,0.40929493835550124,0.4080487373767349,0.41021040982330714
wta:211843,wta:206294,2024-12-30,2025,2024,hard,Brisbane,R16,6-1 6-4,53,32,60,27,83,WTA-2025-800-287,2025-800,3,0.33357199739099463,0.4418980775099176,0.3877350374504561,0.38665796552073245,0.3920072376335504
wta:221236,wta:214082,2024-12-30,2025,2024,hard,Brisbane,R16,1-6 6-2 7-5,95,47,75,38,83,WTA-2025-800-288,2025-800,3,0.22707689011929594,0.4032041501373207,0.3151405201283083,0.30648715256489856,0.31230255857810996
wta:221909,wta:215480,2024-12-30,2025,2024,hard,Brisbane,R16,7-5 6-0,49,35,50,24,83,WTA-2025-800-289,2025-800,3,0.36582535804552746,0.45569118095819344,0.41075826950186045,0.40931958620526604,0.41231457099713054
wta:259799,wta:222328,2024-12-30,2025,2024,hard,Brisbane,R16,6-3 6-0,57,40,42,20,83,WTA-2025-800-290,2025-800,3,0.6513322855127713,0.5481537992065914,0.5997430423596813,0.6026694657918863,0.601970689598009
wta:202460,wta:220589,2024-12-30,2025,2024,hard,Brisbane,R16,6-4 1-6 6-4,83,41,101,55,83,WTA-2025-800-291,2025-800,3,0.7165849743363456,0.5692096429661275,0.6428973086512366,0.649852213575406,0.6438738115502296
wta:213631,wta:201458,2024-12-30,2025,2024,hard,Brisbane,R16,6-4 6-4,88,46,59,27,83,WTA-2025-800-292,2025-800,3,0.24523787203698857,0.4061946902654867,0.32571628115123763,0.32094130140472965,0.33127014138926025
wta:214544,wta:201709,2024-12-30,2025,2024,hard,Brisbane,R16,7-6(2) 6-4,75,50,84,49,83,WTA-2025-800-293,2025-800,3,0.7989880278487349,0.612419896246567,0.705703962047651,0.7150395916749634,0.7044833334239098
wta:214040,wta:215613,2024-12-30,2025,2024,hard,Brisbane,R32,7-5 7-5,78,47,81,40,83,WTA-2025-800-270,2025-800,3,0.15224065508740653,0.3554165395178517,0.2538285973026291,0.24144819017608185,0.25474406877043504
wta:215713,wta:215035,2024-12-30,2025,2024,hard,Brisbane,R32,7-5 6-4,61,39,79,41,83,WTA-2025-800-271,2025-800,3,0.6160422184765268,0.5355202929508697,0.5757812557136983,0.578151230865796,0.5757202242825112
wta:206294,wta:216146,2024-12-30,2025,2024,hard,Brisbane,R32,6-4 6-3,55,36,73,40,83,WTA-2025-800-272,2025-800,3,0.3383852681927993,0.4463533719865731,0.39236932008968617,0.39007454611350084,0.3944443887500463
wta:211843,wta:223670,2024-12-30,2025,2024,hard,Brisbane,R32,6-3 4-6 6-1,71,48,84,47,83,WTA-2025-800-273,2025-800,3,0.13063395241016157,0.3410131217577052,0.2358235370839334,0.22035879093023514,0.23737983857920344
wta:214082,wta:220548,2024-12-30,2025,2024,hard,Brisbane,R32,7-6(7) 4-6 7-5,131,69,136,70,83,WTA-2025-800-274,2025-800,3,0.5716611194518773,0.5257552639609399,0.5487081917064085,0.5479574037562732,0.546663638761642
wta:221236,wta:214643,2024-12-30,2025,2024,hard,Brisbane,R32,6-7(7) 6-3 6-2,99,65,89,51,83,WTA-2025-800-275,2025-800,3,0.2469573073669397,0.40234971010070186,0.32465350873382076,0.32228928851038535,0.3285595203297927
wta:215480,wta:211684,2024-12-30,2025,2024,hard,Brisbane,R32,7-5 6-3,75,46,67,35,83,WTA-2025-800-276,2025-800,3,0.5121072727260666,0.49945071711931643,0.5057789949226915,0.5080723917911241,0.5053822906199756
wta:221909,wta:214939,2024-12-30,2025,2024,hard,Brisbane,R32,6-3 6-3,56,39,48,29,83,WTA-2025-800-277,2025-800,3,0.22459737729189674,0.40363137015563016,0.31411437372376344,0.30448120045314275,0.3147857194668211
wta:259799,wta:215020,2024-12-30,2025,2024,hard,Brisbane,R32,6-4 6-4,62,39,62,34,83,WTA-2025-800-278,2025-800,3,0.9684801168327595,0.7817821177906622,0.8751311173117109,0.9074933968842229,0.8720795457523578
wta:222328,wta:223331,2024-12-30,2025,2024,hard,Brisbane,R32,6-1 6-4,49,38,59,32,83,WTA-2025-800-279,2025-800,3,0.8696517070545422,0.6784559047909674,0.7740538059227549,0.7799294288588838,0.7749082459593737
wta:202460,wta:206420,2024-12-30,2025,2024,hard,Brisbane,R32,6-3 6-2,61,40,62,30,83,WTA-2025-800-280,2025-800,3,0.55451923829211,0.5153799206591395,0.5349495794756247,0.5364265880227991,0.5368110381268301
wta:220589,wta:211651,2024-12-30,2025,2024,hard,Brisbane,R32,6-3 1-6 6-2,104,58,82,47,83,WTA-2025-800-281,2025-800,3,0.09526874613414585,0.32014037229173026,0.20770455921293807,0.18233246113693388,0.20773507492853155
wta:213631,wta:211533,2024-12-30,2025,2024,hard,Brisbane,R32,7-6(0) 6-4,79,42,90,39,83,WTA-2025-800-282,2025-800,3,0.5074809121495774,0.4979249313396399,0.5027029217446086,0.5049874815326524,0.505540883294807
wta:201458,wta:233741,2024-12-30,2025,2024,hard,Brisbane,R32,6-7(5) 6-2 6-4,98,60,109,56,83,WTA-2025-800-283,2025-800,3,0.8522693469623339,0.6668599328654257,0.7595646399138798,0.7628450619864434,0.7602359856569375
wta:201709,wta:220520,2024-12-30,2025,2024,hard,Brisbane,R32,6-2 7-5,61,44,68,40,83,WTA-2025-800-284,2025-800,3,0.8630057915221585,0.6489777235276167,0.7559917575248876,0.7732910568491429,0.7542828774516499
wta:214544,wta:213887,2024-12-30,2025,2024,hard,Brisbane,R32,6-4 6-0,42,30,43,21,83,WTA-2025-800-285,2025-800,3,0.9829371535526353,0.8279218797680805,0.9054295166603579,0.9371697551763236,0.9036901208715267
wta:214040,wta:211880,2024-12-30,2025,2024,hard,Brisbane,R64,3-6 7-5 6-2,74,43,89,44,83,WTA-2025-800-239,2025-800,3,0.6787271866465387,0.5641440341776015,0.6214356104120702,0.6221347537590579,0.6212830318341025
wta:215713,wta:202536,2024-12-30,2025,2024,hard,Brisbane,R64,2-6 6-4 2-0 RET,69,36,99,48,83,WTA-2025-800-240,2025-800,3,0.5644534470201834,0.5294781812633507,0.546965814141767,0.5431021260486838,0.5430598025457951
wta:206294,wta:201551,2024-12-30,2025,2024,hard,Brisbane,R64,6-2 6-4,52,40,51,29,83,WTA-2025-800-243,2025-800,3,0.6466323403165191,0.5439426304546842,0.5952874853856016,0.5993712235198874,0.5978202897798647
wta:211843,wta:206374,2024-12-30,2025,2024,hard,Brisbane,R64,6-4 2-0 RET,29,17,46,21,83,WTA-2025-800-244,2025-800,3,0.31200319541064686,0.43854134879462925,0.375272272102638,0.3711747291983518,0.3760046492768828
wta:220548,wta:206368,2024-12-30,2025,2024,hard,Brisbane,R64,6-2 6-3,66,43,51,26,83,WTA-2025-800-247,2025-800,3,0.5916146007775934,0.5263655782728105,0.558990089525202,0.561461611437196,0.5606379381672526
wta:221236,wta:216133,2024-12-30,2025,2024,hard,Brisbane,R64,6-1 6-3,49,30,49,21,83,WTA-2025-800-248,2025-800,3,0.3085254336783877,0.4352456515105279,0.37188554259445783,0.368649528637453,0.37365545409888257
wta:215480,wta:215872,2024-12-30,2025,2024,hard,Brisbane,R64,6-2 6-4,73,47,55,31,83,WTA-2025-800-251,2025-800,3,0.7056818531179249,0.5704302715898688,0.6380560623538969,0.6417579024573554,0.6395818481335733
wta:221909,wta:220416,2024-12-30,2025,2024,hard,Brisbane,R64,6-3 1-6 6-3,69,45,77,45,83,WTA-2025-800-252,2025-800,3,0.7967428899895979,0.6123588648153799,0.7045508774024889,0.7131447877651795,0.6988139228709052
wta:215020,wta:239383,2024-12-30,2025,2024,hard,Brisbane,R64,6-1 7-6(5),48,30,74,34,83,WTA-2025-800-255,2025-800,3,0.5298984959763802,0.5090936832468721,0.5194960896116261,0.519945549069027,0.5206862025197738
wta:223331,wta:213710,2024-12-30,2025,2024,hard,Brisbane,R64,7-6(3) 6-2,73,48,71,39,83,WTA-2025-800-256,2025-800,3,0.340788279950193,0.4400061031431187,0.39039719154665586,0.39177538487237096,0.3943032031426278
wta:202460,wta:202453,2024-12-30,2025,2024,hard,Brisbane,R64,7-6(5) 6-4,85,53,77,46,83,WTA-2025-800-259,2025-800,3,0.9162176702060001,0.7186145865120537,0.8174161283590269,0.8312746353273497,0.8137237267722097
wta:220589,wta:211685,2024-12-30,2025,2024,hard,Brisbane,R64,1-6 6-2 6-2,71,42,80,45,83,WTA-2025-800-260,2025-800,3,0.35690369437819564,0.4536161122978334,0.40525990333801454,0.40310302862018615,0.40211678463188083
wta:213631,wta:221883,2024-12-30,2025,2024,hard,Brisbane,R64,7-6(5) 3-6 6-3,106,63,120,66,83,WTA-2025-800-263,2025-800,3,0.9273239174579821,0.7690265486725664,0.8481752330652743,0.8452114785178686,0.8457644915333853
wta:233741,wta:213666,2024-12-30,2025,2024,hard,Brisbane,R64,6-3 6-4,61,39,59,33,83,WTA-2025-800-264,2025-800,3,0.7668697178657616,0.6257247482453464,0.696297233055554,0.6886494657465092,0.6945883529823162
wta:220520,wta:202663,2024-12-30,2025,2024,hard,Brisbane,R64,6-4 6-4,58,39,55,31,83,WTA-2025-800-267,2025-800,3,0.3248034985213714,0.44452242905096123,0.3846629637861663,0.3803988662309772,0.38182500223596794
wta:213887,wta:202600,2024-12-30,2025,2024,hard,Brisbane,R64,6-0 6-3,51,33,47,18,83,WTA-2025-800-268,2025-800,3,0.4250915730289566,0.47162038449801647,0.44835597876348654,0.44985148535112673,0.4493324816624795
wta:221236,wta:211843,2024-12-30,2025,2024,hard,Brisbane,SF,6-4 6-3,72,46,46,27,83,WTA-2025-800-298,2025-800,3,0.545460175123726,0.5163564235581325,0.5309082993409293,0.5303533407912226,0.530206437882278
wta:214544,wta:259799,2024-12-30,2025,2024,hard,Brisbane,SF,6-3 6-2,78,50,49,28,83,WTA-2025-800-299,2025-800,3,0.7531202114797404,0.5891669209642966,0.6711435662220184,0.6777714115538298,0.6681530260938525
wta:220520,wta:210722,2025-01-06,2025,2025,hard,Hobart,F,6-4 3-6 6-0,69,43,104,53,84,WTA-2025-1050-300,2025-1050,3,0.22525280288358804,0.40784253890753736,0.3165476708955627,0.3050122472636816,0.31679179662031093
wta:210722,wta:206368,2025-01-06,2025,2025,hard,Hobart,QF,6-1 0-6 6-2,68,39,80,42,84,WTA-2025-1050-294,2025-1050,3,0.6527940871151356,0.5509002136100092,0.6018471503625724,0.6036975923234777,0.6028236532615654
wta:233741,wta:213550,2025-01-06,2025,2025,hard,Hobart,QF,6-3 6-1,55,33,46,20,84,WTA-2025-1050-295,2025-1050,3,0.35310253478945175,0.446292340555386,0.3996974376724189,0.40044301588590814,0.3967374132598464
wta:220520,wta:215035,2025-01-06,2025,2025,hard,Hobart,QF,7-5 6-4,60,38,91,46,84,WTA-2025-1050-297,2025-1050,3,0.5145300010748337,0.5027464144034177,0.5086382077391257,0.5096881827815697,0.5094316163445576
wta:210722,wta:213887,2025-01-06,2025,2025,hard,Hobart,R16,6-4 6-3,58,30,61,24,84,WTA-2025-1050-286,2025-1050,3,0.8385047295408005,0.6321940799511748,0.7353494047459876,0.7499032289640365,0.7387061334612761
wta:206368,wta:215785,2025-01-06,2025,2025,hard,Hobart,R16,6-4 6-1,56,35,57,28,84,WTA-2025-1050-287,2025-1050,3,0.5952221873388673,0.5375343301800427,0.566378258759455,0.5639144959435825,0.5667139316309839
wta:233741,wta:202663,2025-01-06,2025,2025,hard,Hobart,R16,6-1 6-1,45,29,42,13,84,WTA-2025-1050-288,2025-1050,3,0.34070090861228747,0.4418980775099176,0.39129949306110257,0.39171359973691305,0.38971267585023894
wta:213550,wta:215020,2025-01-06,2025,2025,hard,Hobart,R16,6-2 3-6 6-2,67,45,80,46,84,WTA-2025-1050-289,2025-1050,3,0.8392379314915781,0.6374427830332622,0.7383403572624201,0.7505808476012363,0.7370281814918983
wta:220589,wta:213889,2025-01-06,2025,2025,hard,Hobart,R16,6-2 6-2,39,30,54,25,84,WTA-2025-1050-290,2025-1050,3,0.47048740986136556,0.48858712236801954,0.47953726611469255,0.48031222724322914,0.47907953038078954
wta:216153,wta:214388,2025-01-06,2025,2025,hard,Hobart,R16,6-3 6-4,57,42,48,34,84,WTA-2025-1050-291,2025-1050,3,0.8971958261778751,0.6824229478181263,0.7898093869980007,0.8091194623800262,0.7912131099153031
wta:220520,wta:214604,2025-01-06,2025,2025,hard,Hobart,R16,6-2 6-2,45,30,56,27,84,WTA-2025-1050-292,2025-1050,3,0.7105686081727238,0.57268843454379,0.6416285213582569,0.6453736650344369,0.6428186342664046
wta:215035,wta:215983,2025-01-06,2025,2025,hard,Hobart,R16,1-6 7-5 6-2,97,51,108,54,84,WTA-2025-1050-293,2025-1050,3,0.35636514210901943,0.4491608178211779,0.4027629799650987,0.40272658053772753,0.4052957843593617
wta:210722,wta:203463,2025-01-06,2025,2025,hard,Hobart,R32,6-3 6-1,54,35,54,25,84,WTA-2025-1050-270,2025-1050,3,0.9105118463661203,0.7091547146780592,0.8098332805220898,0.8244221868099378,0.809100903347845
wta:213887,wta:214459,2025-01-06,2025,2025,hard,Hobart,R32,6-4 6-3,71,41,61,32,84,WTA-2025-1050-271,2025-1050,3,0.3174879436468884,0.4356118400976503,0.3765498918722694,0.3751403368433596,0.3779841305051653
wta:206368,wta:220714,2025-01-06,2025,2025,hard,Hobart,R32,7-5 6-0,61,38,83,39,84,WTA-2025-1050-272,2025-1050,3,0.6480597563058338,0.5515715593530668,0.5998156578294502,0.6003717579325795,0.5965809919765361
wta:215785,wta:206294,2025-01-06,2025,2025,hard,Hobart,R32,6-2 6-3,61,37,63,29,84,WTA-2025-1050-273,2025-1050,3,0.4147789030218121,0.4758925846811108,0.44533574385146146,0.44287647996013413,0.4451221338423067
wta:202663,wta:219875,2025-01-06,2025,2025,hard,Hobart,R32,6-3 3-6 6-4,85,44,101,52,84,WTA-2025-1050-274,2025-1050,3,0.7777810662228491,0.5977113213304852,0.6877461937766671,0.6974507855878576,0.688081866648196
wta:233741,wta:215337,2025-01-06,2025,2025,hard,Hobart,R32,6-2 6-3,52,36,65,35,84,WTA-2025-1050-275,2025-1050,3,0.39553703872242263,0.4548977723527617,0.42521740553759213,0.42978445026805256,0.4281774299501646
wta:215020,wta:211095,2025-01-06,2025,2025,hard,Hobart,R32,7-5 6-4,91,47,66,29,84,WTA-2025-1050-276,2025-1050,3,0.2544810114714937,0.4112602990540128,0.3328706552627533,0.3281488297521087,0.3358611953909193
wta:213550,wta:215138,2025-01-06,2025,2025,hard,Hobart,R32,4-6 6-3 6-3,77,49,91,50,84,WTA-2025-1050-277,2025-1050,3,0.5833885191950177,0.5306988098870918,0.5570436645410548,0.5558821100063887,0.5549685958806947
wta:220589,wta:216016,2025-01-06,2025,2025,hard,Hobart,R32,6-3 7-5,68,40,63,34,84,WTA-2025-1050-278,2025-1050,3,0.38457332359490365,0.4697284101312176,0.4271508668630606,0.4222718259052717,0.42272608810199863
wta:213889,wta:202600,2025-01-06,2025,2025,hard,Hobart,R32,7-5 6-3,71,41,67,35,84,WTA-2025-1050-279,2025-1050,3,0.5942214173704558,0.527891364052487,0.5610563907114714,0.5632336677202834,0.5652065280321916
wta:214388,wta:210886,2025-01-06,2025,2025,hard,Hobart,R32,7-5 6-4,80,41,101,48,84,WTA-2025-1050-280,2025-1050,3,0.48073581341347815,0.4963381141287763,0.4885369637711272,0.48715367630265716,0.48716375656941835
wta:216153,wta:201611,2025-01-06,2025,2025,hard,Hobart,R32,6-3 6-3,50,34,59,31,84,WTA-2025-1050-281,2025-1050,3,0.7437513086969209,0.5890448581019225,0.6663980833994216,0.670483396173095,0.666306536252641
wta:220520,wta:211685,2025-01-06,2025,2025,hard,Hobart,R32,6-3 7-5,82,47,62,31,84,WTA-2025-1050-282,2025-1050,3,0.31984437579879926,0.43628318584070797,0.3780637808197536,0.37683793989659514,0.37748398222347657
wta:214604,wta:222601,2025-01-06,2025,2025,hard,Hobart,R32,6-3 3-6 6-0,89,50,73,33,84,WTA-2025-1050-283,2025-1050,3,0.28383179926139,0.421391516631065,0.3526116579462275,0.350459015715442,0.3542900223038717
wta:215983,wta:201585,2025-01-06,2025,2025,hard,Hobart,R32,7-5 6-1,57,39,66,32,84,WTA-2025-1050-284,2025-1050,3,0.5833538081955176,0.5259993896856882,0.5546765989406028,0.555858604757596,0.5530287502985523
wta:215035,wta:220465,2025-01-06,2025,2025,hard,Hobart,R32,2-6 6-4 6-1,74,43,95,49,84,WTA-2025-1050-285,2025-1050,3,0.35932129495312615,0.4576441867561794,0.40848274085465275,0.40479123273451356,0.4066212822034474
wta:210722,wta:233741,2025-01-06,2025,2025,hard,Hobart,SF,6-2 6-3,56,36,59,31,84,WTA-2025-1050-298,2025-1050,3,0.7523149489189278,0.59740616417455,0.6748605565467389,0.6771411932817232,0.6742197265192746
wta:220520,wta:220589,2025-01-06,2025,2025,hard,Hobart,SF,4-6 6-3 6-4,85,45,86,41,84,WTA-2025-1050-299,2025-1050,3,0.4483415867823121,0.4843759536161123,0.46635877019921224,0.4654926725443502,0.4636123557957944
wta:201619,wta:202468,2025-01-06,2025,2025,hard,Adelaide,F,6-3 4-6 6-1,75,50,91,48,84,WTA-2025-2014-300,2025-2014,3,0.4421006028821705,0.4818126335062557,0.4619566181942131,0.4613040040324771,0.46415374971694734
wta:214643,wta:215613,2025-01-06,2025,2025,hard,Adelaide,QF,6-4 6-4,54,34,57,28,84,WTA-2025-2014-294,2025-2014,3,0.41565431700338906,0.4736954531583766,0.4446748850808828,0.4434696048288469,0.4420200178242456
wta:201619,wta:214082,2025-01-06,2025,2025,hard,Adelaide,QF,6-1 6-3,52,36,45,20,84,WTA-2025-2014-295,2025-2014,3,0.695850192912935,0.5675007628928899,0.6316754779029125,0.6345398131385122,0.6291426735086494
wta:201709,wta:223670,2025-01-06,2025,2025,hard,Adelaide,QF,7-6(3) 6-7(9) 6-4,141,84,112,68,84,WTA-2025-2014-296,2025-2014,3,0.5223020104618923,0.5061031431187062,0.5142025767902992,0.5148734893918637,0.511486678102475
wta:202468,wta:221909,2025-01-06,2025,2025,hard,Adelaide,QF,6-4 2-0 RET,40,28,36,20,84,WTA-2025-2014-297,2025-2014,3,0.8939543139162545,0.6708880073237717,0.7824211606200131,0.8055248684957547,0.7872731593993845
wta:215613,wta:206420,2025-01-06,2025,2025,hard,Adelaide,R16,7-6(4) 6-4,78,47,100,53,84,WTA-2025-2014-286,2025-2014,3,0.6538789265731914,0.5488861763808361,0.6013825514770137,0.6044613075455006,0.6016877086329491
wta:214643,wta:202505,2025-01-06,2025,2025,hard,Adelaide,R16,7-6(3) 4-6 6-4,107,66,103,62,84,WTA-2025-2014-287,2025-2014,3,0.4316222435457976,0.47448886176380833,0.45305555265480296,0.45425569192478565,0.4556799041958466
wta:214082,wta:263644,2025-01-06,2025,2025,hard,Adelaide,R16,7-5 6-3,72,40,68,34,84,WTA-2025-2014-288,2025-2014,3,0.9236480135389709,0.7367409215746109,0.8301944675567909,0.8405042421633693,0.8264715502543801
wta:201619,wta:211533,2025-01-06,2025,2025,hard,Adelaide,R16,3-6 6-4 6-3,94,53,101,50,84,WTA-2025-2014-289,2025-2014,3,0.7693203609809733,0.5961855355508087,0.682752948265891,0.6906126496303743,0.6854383312381217
wta:223670,wta:214954,2025-01-06,2025,2025,hard,Adelaide,R16,4-6 1-1 RET,47,21,58,28,84,WTA-2025-2014-290,2025-2014,3,0.5314145023228216,0.5060421116875191,0.5187283070051704,0.5209583367811214,0.5191250113078862
wta:201709,wta:202460,2025-01-06,2025,2025,hard,Adelaide,R16,6-2 6-4,57,38,66,34,84,WTA-2025-2014-291,2025-2014,3,0.6485125426397442,0.5487030820872749,0.5986078123635096,0.6006893462664094,0.5988519380882578
wta:221909,wta:211651,2025-01-06,2025,2025,hard,Adelaide,R16,7-6(4) 6-7(4) 6-2,116,66,104,59,84,WTA-2025-2014-292,2025-2014,3,0.09790491874933067,0.31678364357644184,0.20734428116288625,0.1853546134662176,0.20417064674115906
wta:202468,wta:206289,2025-01-06,2025,2025,hard,Adelaide,R16,6-4 6-1,46,27,59,26,84,WTA-2025-2014-293,2025-2014,3,0.679363441583403,0.5698809887091852,0.6246222151462941,0.6225921742227044,0.6201364049540451
wta:206420,wta:220367,2025-01-06,2025,2025,hard,Adelaide,R32,6-4 3-6 6-2,90,51,92,47,84,WTA-2025-2014-271,2025-2014,3,0.42809017742877997,0.4857796765334147,0.45693492698109733,0.45187486749438166,0.45293736823834485
wta:214643,wta:213631,2025-01-06,2025,2025,hard,Adelaide,R32,1-6 6-4 6-1,72,40,85,46,84,WTA-2025-2014-272,2025-2014,3,0.5964259899892541,0.5299054012816601,0.5631656956354572,0.5647338428473284,0.5651492171490367
wta:202505,wta:214939,2025-01-06,2025,2025,hard,Adelaide,R32,6-2 1-0 RET,30,22,37,16,84,WTA-2025-2014-273,2025-2014,3,0.5245361760617473,0.5166005492828807,0.520568362672314,0.5163647526359076,0.5145567667003885
wta:214082,wta:216265,2025-01-06,2025,2025,hard,Adelaide,R32,6-2 6-3,57,37,67,33,84,WTA-2025-2014-274,2025-2014,3,0.6422734238728691,0.5504729935916998,0.5963732087322844,0.5963220445169491,0.5938404043380214
wta:263644,wta:216133,2025-01-06,2025,2025,hard,Adelaide,R32,6-4 6-0,46,28,53,21,84,WTA-2025-2014-275,2025-2014,3,0.10541539446008823,0.29481232834909976,0.200113861404594,0.19377989012186245,0.20154810003748996
wta:201619,wta:206242,2025-01-06,2025,2025,hard,Adelaide,R32,6-2 6-1,54,37,39,17,84,WTA-2025-2014-276,2025-2014,3,0.6126823379742632,0.5375343301800427,0.575108334077153,0.5758437046959454,0.5770003084439519
wta:211533,wta:211684,2025-01-06,2025,2025,hard,Adelaide,R32,4-6 6-1 6-1,95,57,83,40,84,WTA-2025-2014-277,2025-2014,3,0.5246322677538683,0.5078120231919439,0.5162221454729061,0.516428899949679,0.5167103969224025
wta:223670,wta:211701,2025-01-06,2025,2025,hard,Adelaide,R32,6-3 0-6 6-0,83,47,75,41,84,WTA-2025-2014-278,2025-2014,3,0.7134690979374573,0.575617943240769,0.6445435205891131,0.6475289829938438,0.6440552691396166
wta:214954,wta:201499,2025-01-06,2025,2025,hard,Adelaide,R32,6-4 6-7(4) 6-2,117,71,118,63,84,WTA-2025-2014-279,2025-2014,3,0.5501650546334655,0.5212389380530974,0.5357019963432814,0.5335059779476352,0.5299345260961041
wta:201709,wta:202499,2025-01-06,2025,2025,hard,Adelaide,R32,6-2 6-3,63,39,66,32,84,WTA-2025-2014-280,2025-2014,3,0.5828565164427805,0.5274031126029906,0.5551298145228856,0.5555218876061332,0.5570828203208715
wta:202460,wta:203389,2025-01-06,2025,2025,hard,Adelaide,R32,7-6(6) 6-2,60,42,73,42,84,WTA-2025-2014-281,2025-2014,3,0.3144550900346436,0.43725968873970095,0.3758573893871723,0.37295002131791477,0.3758879051027658
wta:211651,wta:220548,2025-01-06,2025,2025,hard,Adelaide,R32,6-7(5) 6-3 7-5,118,68,108,59,84,WTA-2025-2014-282,2025-2014,3,0.7912461979290931,0.6016783643576442,0.6964622811433687,0.7085397221213773,0.6985983812349158
wta:221909,wta:216146,2025-01-06,2025,2025,hard,Adelaide,R32,4-6 6-2 6-2,75,47,83,43,84,WTA-2025-2014-283,2025-2014,3,0.25457298844835524,0.4169972535855966,0.3357851210169759,0.3282200806188864,0.33303870661355817
wta:206289,wta:222328,2025-01-06,2025,2025,hard,Adelaide,R32,6-3 6-3,60,41,55,33,84,WTA-2025-2014-284,2025-2014,3,0.5064164683374935,0.5035398230088496,0.5049781456731716,0.5042777760231248,0.5026894670036568
wta:201619,wta:214643,2025-01-06,2025,2025,hard,Adelaide,SF,5-7 7-5 3-0 RET,69,49,98,59,84,WTA-2025-2014-298,2025-2014,3,0.6757617197091507,0.5630454684162344,0.6194035940626925,0.6200062059670153,0.6161078967785911
wta:202468,wta:201709,2025-01-06,2025,2025,hard,Adelaide,SF,7-6(4) 6-3,74,50,60,40,84,WTA-2025-2014-299,2025-2014,3,0.6057567205081416,0.5337503814464449,0.5697535509772933,0.5710999140326578,0.5670071365738755
wta:201619,wta:214544,2025-01-13,2025,2025,hard,Australian Open,F,6-3 2-6 7-5,87,54,96,58,84,WTA-2025-580-226,2025-580,3,0.2653299743307208,0.416447970704913,0.3408889725178169,0.3364923852473399,0.3381730738299927
wta:214544,wta:201499,2025-01-13,2025,2025,hard,Australian Open,QF,6-2 2-6 6-3,75,44,79,42,84,WTA-2025-580-220,2025-580,3,0.83910297839095,0.6375038144644491,0.7383033964276996,0.7504560301173597,0.7352518248683466
wta:211651,wta:221103,2025-01-13,2025,2025,hard,Australian Open,QF,7-5 6-4,63,40,86,48,84,WTA-2025-580-221,2025-580,3,0.3202456768108874,0.43945682026243515,0.3798512485366613,0.37712668134792265,0.3802784685549707
wta:201619,wta:202494,2025-01-13,2025,2025,hard,Australian Open,QF,3-6 6-3 6-4,87,58,92,60,84,WTA-2025-580-222,2025-580,3,0.5131625018139452,0.5025022886786695,0.5078323952463073,0.5087761276735406,0.5110975768148152
wta:216347,wta:215613,2025-01-13,2025,2025,hard,Australian Open,QF,6-1 6-2,53,35,59,27,84,WTA-2025-580-223,2025-580,3,0.9035185157813587,0.6926151968263656,0.7980668563038622,0.8162728640454975,0.7964190076618114
wta:214544,wta:201585,2025-01-13,2025,2025,hard,Australian Open,R128,6-3 6-2,46,30,63,30,84,WTA-2025-580-100,2025-580,3,0.9554973565475734,0.7568202624351541,0.8561588094913637,0.8853861884380657,0.8537785836750684
wta:222601,wta:222661,2025-01-13,2025,2025,hard,Australian Open,R128,6-1 7-6(5),62,39,65,32,84,WTA-2025-580-101,2025-580,3,0.206822326048457,0.38147696063472686,0.29414964334159194,0.2898475091447246,0.29198302753445127
wta:213583,wta:211095,2025-01-13,2025,2025,hard,Australian Open,R128,7-6(3) 6-4,76,45,76,41,84,WTA-2025-580-102,2025-580,3,0.22032416307622532,0.40057979859627707,0.3104519808362512,0.30100454562054935,0.3085600064694523
wta:220704,wta:222328,2025-01-13,2025,2025,hard,Australian Open,R128,5-7 6-3 6-4,90,59,79,51,84,WTA-2025-580-103,2025-580,3,0.3710076012492291,0.4614891669209643,0.4162483840850967,0.4129142175063101,0.4128916553698083
wta:211684,wta:221236,2025-01-13,2025,2025,hard,Australian Open,R128,6-4 6-4,58,32,63,28,84,WTA-2025-580-104,2025-580,3,0.6456286149530359,0.5541348794629234,0.5998817472079796,0.5986682733996758,0.599668137198825
wta:215020,wta:201611,2025-01-13,2025,2025,hard,Australian Open,R128,1-6 6-4 7-5,97,60,88,57,84,WTA-2025-580-105,2025-580,3,0.2625595229354846,0.40552334452242905,0.33404143372895684,0.33437313507950317,0.33706248957271634
wta:220416,wta:202663,2025-01-13,2025,2025,hard,Australian Open,R128,4-6 6-2 7-6(8),95,57,99,57,84,WTA-2025-580-106,2025-580,3,0.11821162966088167,0.333872444308819,0.22604203698485034,0.20756755663673462,0.22952082856251285
wta:259799,wta:213631,2025-01-13,2025,2025,hard,Australian Open,R128,6-3 6-3,66,39,56,24,84,WTA-2025-580-107,2025-580,3,0.7800799325350979,0.6041196216051267,0.6920997770701123,0.6993255307271159,0.6896585198226298
wta:223670,wta:220714,2025-01-13,2025,2025,hard,Australian Open,R128,7-6(4) 6-4,78,49,82,48,84,WTA-2025-580-108,2025-580,3,0.8515158601488206,0.6424473603906011,0.7469816102697109,0.7621240437458489,0.7477750188751426
wta:201548,wta:221909,2025-01-13,2025,2025,hard,Australian Open,R128,6-4 4-6 6-4,93,52,103,53,84,WTA-2025-580-109,2025-580,3,0.46687345643796985,0.49139456820262434,0.47913401232029706,0.47789765266559703,0.4764486293480664
wta:211279,wta:213544,2025-01-13,2025,2025,hard,Australian Open,R128,7-5 2-6 7-6(7),112,54,124,60,84,WTA-2025-580-110,2025-580,3,0.7183257490162935,0.5790357033872444,0.648680726201769,0.6511537693273942,0.6466361732570025
wta:202499,wta:220348,2025-01-13,2025,2025,hard,Australian Open,R128,6-4 6-4,63,41,75,39,84,WTA-2025-580-111,2025-580,3,0.730363603950529,0.5850167836435765,0.6576901937970527,0.6602283722946477,0.655920282292628
wta:201499,wta:206294,2025-01-13,2025,2025,hard,Australian Open,R128,6-4 4-6 6-3,86,50,97,52,84,WTA-2025-580-112,2025-580,3,0.6826847887095935,0.558712236801953,0.6206985127557733,0.6249842452171331,0.6204543870310251
wta:215713,wta:214461,2025-01-13,2025,2025,hard,Australian Open,R128,6-2 7-5,69,44,66,34,84,WTA-2025-580-113,2025-580,3,0.8405994883100651,0.6468416234360695,0.7437205558730673,0.7518425602589658,0.7397229971303149
wta:201696,wta:221024,2025-01-13,2025,2025,hard,Australian Open,R128,4-6 7-5 6-4,118,61,124,61,84,WTA-2025-580-114,2025-580,3,0.450492675792334,0.48632895941409826,0.4684108176032161,0.46693494619402476,0.46563388748420487
wta:221012,wta:223331,2025-01-13,2025,2025,hard,Australian Open,R128,7-6(3) 6-1,68,47,75,41,84,WTA-2025-580-115,2025-580,3,0.9592011194001174,0.7909368324687214,0.8750689759344195,0.8913847260616085,0.8775407488974953
wta:221103,wta:213550,2025-01-13,2025,2025,hard,Australian Open,R128,6-3 6-3,74,46,60,31,84,WTA-2025-580-116,2025-580,3,0.9238574851326041,0.7075068660360085,0.8156821755843063,0.8407698555765913,0.8154685655751517
wta:214839,wta:206417,2025-01-13,2025,2025,hard,Australian Open,R128,6-2 6-4,47,36,55,33,84,WTA-2025-580-117,2025-580,3,0.8515418570913742,0.6714372902044553,0.7614895736479148,0.7621488951082434,0.7559967448410791
wta:213710,wta:203564,2025-01-13,2025,2025,hard,Australian Open,R128,6-2 6-3,52,32,62,30,84,WTA-2025-580-118,2025-580,3,0.7729282838110528,0.5991150442477876,0.6860216640294202,0.6935170246682545,0.6912703671115075
wta:220367,wta:263857,2025-01-13,2025,2025,hard,Australian Open,R128,7-5 6-4,82,47,81,42,84,WTA-2025-580-119,2025-580,3,0.6098136347825688,0.5357033872444309,0.5727585110134998,0.5738767282711004,0.5715989138209456
wta:214096,wta:206408,2025-01-13,2025,2025,hard,Australian Open,R128,6-1 6-1,48,33,48,20,84,WTA-2025-580-120,2025-580,3,0.9851929630212405,0.8356118400976503,0.9104024015594454,0.9425941714146558,0.9125995330821797
wta:211768,wta:201614,2025-01-13,2025,2025,hard,Australian Open,R128,6-3 3-6 6-3,81,53,83,49,84,WTA-2025-580-121,2025-580,3,0.827943190863375,0.6311565456209948,0.7295498682421848,0.740277857637237,0.7312587483154226
wta:215480,wta:220662,2025-01-13,2025,2025,hard,Australian Open,R128,7-5 7-6(2),94,57,79,42,84,WTA-2025-580-122,2025-580,3,0.8766250131497332,0.6897467195605737,0.7831858663551534,0.787049928158929,0.7800122319334262
wta:202505,wta:211533,2025-01-13,2025,2025,hard,Australian Open,R128,6-3 7-6(6),77,45,79,40,84,WTA-2025-580-123,2025-580,3,0.6677735946930163,0.5559658223985352,0.6118697085457758,0.6142995563553412,0.610618564206441
wta:211651,wta:216133,2025-01-13,2025,2025,hard,Australian Open,R128,6-3 7-6(5),69,44,58,37,84,WTA-2025-580-124,2025-580,3,0.8056898331056181,0.6126029905401281,0.7091464118228732,0.720745413364406,0.7104891033089885
wta:221883,wta:220309,2025-01-13,2025,2025,hard,Australian Open,R128,3-6 7-6(5) 6-1,98,51,110,53,84,WTA-2025-580-125,2025-580,3,0.17040410715098314,0.321849252364968,0.24612667975797556,0.25823215211219563,0.24676750978543968
wta:215898,wta:216081,2025-01-13,2025,2025,hard,Australian Open,R128,6-0 6-1,56,37,35,13,84,WTA-2025-580-126,2025-580,3,0.6126397479656516,0.5451632590784254,0.5789015035220385,0.575814480706289,0.5817699807878304
wta:216146,wta:211702,2025-01-13,2025,2025,hard,Australian Open,R128,3-6 6-3 6-1,89,54,61,34,84,WTA-2025-580-127,2025-580,3,0.9050625987544718,0.6886481537992066,0.7968553762768392,0.8180499075176757,0.8011275764599335
wta:214643,wta:215872,2025-01-13,2025,2025,hard,Australian Open,R128,6-2 6-4,55,36,54,29,84,WTA-2025-580-128,2025-580,3,0.7927737140245792,0.6145559963381141,0.7036648551813467,0.709814708654221,0.6987823406863818
wta:215337,wta:201551,2025-01-13,2025,2025,hard,Australian Open,R128,6-4 6-4,55,39,74,43,84,WTA-2025-580-129,2025-580,3,0.6269682394459231,0.5432712847116264,0.5851197620787747,0.5856848377644299,0.5869201892987931
wta:210722,wta:203530,2025-01-13,2025,2025,hard,Australian Open,R128,4-6 7-6(8) 6-4,120,70,96,59,84,WTA-2025-580-130,2025-580,3,0.8084711657719208,0.6135184620079341,0.7109948138899275,0.7231360398835598,0.7106286253028051
wta:202468,wta:233741,2025-01-13,2025,2025,hard,Australian Open,R128,6-3 6-0,37,28,60,28,84,WTA-2025-580-131,2025-580,3,0.8854266740208168,0.69896246566982,0.7921945698453183,0.7962851969469589,0.7921945698453183
wta:214981,wta:263644,2025-01-13,2025,2025,hard,Australian Open,R128,6-1 6-1,40,29,50,20,84,WTA-2025-580-132,2025-580,3,0.9849052128409362,0.859231003967043,0.9220681084039897,0.9418852507868006,0.9214272783765255
wta:260300,wta:203463,2025-01-13,2025,2025,hard,Australian Open,R128,6-2 6-1,59,37,39,14,84,WTA-2025-580-133,2025-580,3,0.7952593419254022,0.6350625572169667,0.7151609495711844,0.7118971924688728,0.7180294268369763
wta:203575,wta:215138,2025-01-13,2025,2025,hard,Australian Open,R128,6-3 7-5,64,44,70,39,84,WTA-2025-580-134,2025-580,3,0.2462562566507657,0.3983216356423558,0.32228894614656073,0.3217400922474174,0.3223499775777478
wta:215035,wta:210886,2025-01-13,2025,2025,hard,Australian Open,R128,6-1 6-4,66,45,50,28,84,WTA-2025-580-135,2025-580,3,0.6912352324226246,0.565608788526091,0.6284220104743579,0.6311764192216303,0.6301614062631891
wta:201619,wta:215983,2025-01-13,2025,2025,hard,Australian Open,R128,6-4 7-5,62,42,61,38,84,WTA-2025-580-136,2025-580,3,0.8005477427258912,0.6251754653646628,0.7128616040452771,0.7163607813012033,0.7093522967520209
wta:211817,wta:201593,2025-01-13,2025,2025,hard,Australian Open,R128,6-4 6-0,44,32,54,26,84,WTA-2025-580-137,2025-580,3,0.49190610986315497,0.5021361000915472,0.4970211049773511,0.49460381136655895,0.49287096765663085
wta:215018,wta:213889,2025-01-13,2025,2025,hard,Australian Open,R128,5-7 7-5 7-6(5),118,70,140,80,84,WTA-2025-580-138,2025-580,3,0.22291343644041667,0.38452853219407995,0.3037209843172483,0.30311415032721867,0.30164591565688825
wta:203389,wta:220750,2025-01-13,2025,2025,hard,Australian Open,R128,7-6(4) 6-3,73,43,91,48,84,WTA-2025-580-139,2025-580,3,0.8950889890323851,0.6925541653951786,0.7938215772137818,0.8067777443825168,0.7938215772137818
wta:206242,wta:220699,2025-01-13,2025,2025,hard,Australian Open,R128,4-6 7-5 6-2,96,63,114,64,84,WTA-2025-580-140,2025-580,3,0.8443591696868977,0.6485505035093073,0.7464548365981025,0.7553497631228099,0.7481637166713402
wta:222965,wta:202453,2025-01-13,2025,2025,hard,Australian Open,R128,6-1 7-6(6),77,45,79,39,84,WTA-2025-580-141,2025-580,3,0.7168840018493638,0.5826365578272811,0.6497602798383224,0.6500756067870305,0.6484786197833942
wta:206368,wta:216265,2025-01-13,2025,2025,hard,Australian Open,R128,6-1 6-1,37,27,41,15,84,WTA-2025-580-142,2025-580,3,0.5091882518616174,0.5035398230088496,0.5063640374352335,0.506125884361742,0.50840859038
wta:211107,wta:201606,2025-01-13,2025,2025,hard,Australian Open,R128,6-4 3-6 7-5,101,65,86,58,84,WTA-2025-580-143,2025-580,3,0.9209664945048326,0.7123893805309734,0.816677937517903,0.8371310194548144,0.8195769304992884
wta:202494,wta:201514,2025-01-13,2025,2025,hard,Australian Open,R128,6-4 6-4,57,40,78,43,84,WTA-2025-580-144,2025-580,3,0.7854639911683381,0.6083307903570339,0.696897390762686,0.7037455226189205,0.6963481078820024
wta:214452,wta:239383,2025-01-13,2025,2025,hard,Australian Open,R128,7-6(5) 6-2,77,47,68,36,84,WTA-2025-580-145,2025-580,3,0.7545398014609124,0.6017393957888313,0.6781395986248718,0.6788842109539787,0.6774377371662206
wta:213887,wta:203501,2025-01-13,2025,2025,hard,Australian Open,R128,6-7(6) 6-1 6-2,100,64,92,51,84,WTA-2025-580-146,2025-580,3,0.1839245645225232,0.3797070491303021,0.28181580682641266,0.2702566701000398,0.2794966124413043
wta:211148,wta:221096,2025-01-13,2025,2025,hard,Australian Open,R128,6-0 6-4,64,42,53,27,84,WTA-2025-580-147,2025-580,3,0.8593661948709149,0.6570338724443088,0.7582000336576118,0.7697128473392121,0.761312636648152
wta:215613,wta:220548,2025-01-13,2025,2025,hard,Australian Open,R128,6-7(5) 7-6(5) 7-5,117,67,134,71,84,WTA-2025-580-148,2025-580,3,0.6401279401997099,0.5526701251144339,0.5963990326570718,0.5948245542883864,0.5941713854187441
wta:216016,wta:211814,2025-01-13,2025,2025,hard,Australian Open,R128,6-1 7-5,49,33,58,25,84,WTA-2025-580-149,2025-580,3,0.8444782515187644,0.6530057979859628,0.7487420247523636,0.755461414932982,0.7524344263391809
wta:202460,wta:211843,2025-01-13,2025,2025,hard,Australian Open,R128,6-3 6-3,55,32,54,25,84,WTA-2025-580-150,2025-580,3,0.7779458421329004,0.6091852303936527,0.6935655362632765,0.697584918132557,0.6913989204561359
wta:215785,wta:206289,2025-01-13,2025,2025,hard,Australian Open,R128,6-4 6-7(4) 6-4,91,57,113,61,84,WTA-2025-580-151,2025-580,3,0.2269762737411382,0.3977113213304852,0.3123437975358117,0.30640591239665976,0.31026872887545165
wta:201709,wta:220589,2025-01-13,2025,2025,hard,Australian Open,R128,4-6 7-5 6-2,92,56,95,51,84,WTA-2025-580-152,2025-580,3,0.8368089745760064,0.6319499542264266,0.7343794644012165,0.7483408403653817,0.7384685702907496
wta:201533,wta:220520,2025-01-13,2025,2025,hard,Australian Open,R128,6-3 6-4,48,35,69,36,84,WTA-2025-580-153,2025-580,3,0.4360098564010416,0.4744278303326213,0.4552188433668315,0.45720960712174974,0.455249359082425
wta:206374,wta:214388,2025-01-13,2025,2025,hard,Australian Open,R128,3-6 6-3 6-4,96,61,84,51,84,WTA-2025-580-154,2025-580,3,0.8319350300821311,0.6418370460787306,0.7368860380804308,0.7438867632766435,0.7320340393010594
wta:214082,wta:202600,2025-01-13,2025,2025,hard,Australian Open,R128,6-1 6-3,52,36,49,22,84,WTA-2025-580-155,2025-580,3,0.7786397559318604,0.6009459871833994,0.6897928715576299,0.6981501960387062,0.6911660787593388
wta:220332,wta:214040,2025-01-13,2025,2025,hard,Australian Open,R128,6-2 6-2,44,26,50,19,84,WTA-2025-580-156,2025-580,3,0.5710027666487368,0.519896246566982,0.5454495066078594,0.5475134668604414,0.5481654052956837
wta:219875,wta:216083,2025-01-13,2025,2025,hard,Australian Open,R128,6-3 6-4,58,40,55,30,84,WTA-2025-580-157,2025-580,3,0.39885965642326526,0.46454073848031735,0.43170019745179133,0.4320531555064235,0.4324020589104425
wta:211713,wta:201549,2025-01-13,2025,2025,hard,Australian Open,R128,6-2 4-6 7-6(7),96,56,95,56,84,WTA-2025-580-158,2025-580,3,0.6628469421011598,0.5574305767470247,0.6101387594240922,0.6107988537670577,0.6086740050756028
wta:214459,wta:201458,2025-01-13,2025,2025,hard,Australian Open,R128,6-2 7-6(2),96,56,62,36,84,WTA-2025-580-159,2025-580,3,0.17533287223250266,0.3780592004882514,0.27669603636037704,0.26265864610170037,0.2747735462779846
wta:221054,wta:206420,2025-01-13,2025,2025,hard,Australian Open,R128,7-6(4) 7-6(2),101,52,81,39,84,WTA-2025-580-160,2025-580,3,0.6168795345995718,0.5322245956667684,0.5745520651331701,0.5787269372572402,0.5797092210684768
wta:216153,wta:214604,2025-01-13,2025,2025,hard,Australian Open,R128,6-2 6-3,55,33,50,23,84,WTA-2025-580-161,2025-580,3,0.8970176131598216,0.6868782422947818,0.7919479277273017,0.8089205947005976,0.7913986448466181
wta:211685,wta:220465,2025-01-13,2025,2025,hard,Australian Open,R128,3-6 6-2 6-2,82,47,77,39,84,WTA-2025-580-162,2025-580,3,0.5643881892994629,0.5172718950259384,0.5408300421627006,0.5430582149346621,0.5420811865020354
wta:216347,wta:211701,2025-01-13,2025,2025,hard,Australian Open,R128,6-3 6-4,55,38,57,30,84,WTA-2025-580-163,2025-580,3,0.9635140728052763,0.7703692401586817,0.866941656481979,0.8986615248935376,0.8700542594725191
wta:214544,wta:259799,2025-01-13,2025,2025,hard,Australian Open,R16,6-1 6-2,54,38,37,17,84,WTA-2025-580-212,2025-580,3,0.7251465936384774,0.5761061946902655,0.6506263941643715,0.6562793552606618,0.6485513255040114
wta:201499,wta:202499,2025-01-13,2025,2025,hard,Australian Open,R16,7-6(0) 6-0,72,49,69,38,84,WTA-2025-580-213,2025-580,3,0.4799569548712656,0.495056454073848,0.48750670447255684,0.4866339910335956,0.48799495592205333
wta:221103,wta:202505,2025-01-13,2025,2025,hard,Australian Open,R16,5-7 6-2 6-1,100,64,85,45,84,WTA-2025-580-214,2025-580,3,0.8164917864780256,0.6316447970704913,0.7240682917742585,0.7301082025624648,0.722725600288143
wta:211651,wta:215337,2025-01-13,2025,2025,hard,Australian Open,R16,6-1 7-6(2),57,40,56,31,84,WTA-2025-580-215,2025-580,3,0.8629546805830086,0.6517241379310345,0.7573394092570216,0.7732405344015815,0.7624355337611411
wta:201619,wta:214981,2025-01-13,2025,2025,hard,Australian Open,R16,6-3 1-6 6-3,89,51,85,48,84,WTA-2025-580-216,2025-580,3,0.3520531584675816,0.45721696673787,0.4046350626027258,0.39970742553390187,0.4005459567131927
wta:202494,wta:206368,2025-01-13,2025,2025,hard,Australian Open,R16,6-4 6-1,53,33,49,23,84,WTA-2025-580-217,2025-580,3,0.7877570924959003,0.6088800732377174,0.6983185828668088,0.705640809891159,0.6974946585457835
wta:215613,wta:214082,2025-01-13,2025,2025,hard,Australian Open,R16,6-4 5-7 7-5,107,56,135,64,84,WTA-2025-580-218,2025-580,3,0.6008135542118104,0.5327128471162649,0.5667632006640376,0.567723902168324,0.5690518793335524
wta:216347,wta:220332,2025-01-13,2025,2025,hard,Australian Open,R16,6-0 6-1,39,30,47,18,84,WTA-2025-580-219,2025-580,3,0.984378239311267,0.8360390601159597,0.9102086497136134,0.9406003627852725,0.9098729768420846
wta:214544,wta:220704,2025-01-13,2025,2025,hard,Australian Open,R32,7-6(5) 6-4,72,39,109,53,84,WTA-2025-580-196,2025-580,3,0.9027162893506362,0.6914555996338114,0.7970859444922238,0.8153543925712555,0.7928137443091294
wta:259799,wta:211684,2025-01-13,2025,2025,hard,Australian Open,R32,6-2 1-6 6-2,76,45,78,41,84,WTA-2025-580-197,2025-580,3,0.803455810241137,0.6111382361916387,0.7072970232163878,0.7188349536794486,0.7091889975831868
wta:202499,wta:223670,2025-01-13,2025,2025,hard,Australian Open,R32,7-6(4) 6-7(3) 7-5,117,71,122,70,84,WTA-2025-580-198,2025-580,3,0.43938811978069675,0.4819957277998169,0.4606919237902568,0.45948142848653517,0.4590745908637997
wta:201499,wta:201696,2025-01-13,2025,2025,hard,Australian Open,R32,6-1 6-2,56,38,54,25,84,WTA-2025-580-199,2025-580,3,0.784821567476107,0.6011290814769606,0.6929753244765338,0.7032159360089615,0.6947147202653651
wta:221103,wta:220367,2025-01-13,2025,2025,hard,Australian Open,R32,6-4 6-2,45,34,58,31,84,WTA-2025-580-200,2025-580,3,0.874961343647469,0.6622825755263961,0.7686219595869326,0.7853360349925074,0.7680116452750619
wta:202505,wta:211768,2025-01-13,2025,2025,hard,Australian Open,R32,7-6(3) 0-0 RET,40,26,46,25,84,WTA-2025-580-201,2025-580,3,0.34810994566174236,0.44720781202319193,0.39765887884246715,0.39693836968038765,0.3945157601363335
wta:211651,wta:216146,2025-01-13,2025,2025,hard,Australian Open,R32,6-4 4-6 6-3,108,65,111,61,84,WTA-2025-580-202,2025-580,3,0.7476941336095332,0.58556606652426,0.6666301000668966,0.6735388187293724,0.670047860213372
wta:215337,wta:202468,2025-01-13,2025,2025,hard,Australian Open,R32,7-6(3) 6-1,72,52,54,36,84,WTA-2025-580-203,2025-580,3,0.1481849426767395,0.35279218797680806,0.25048856532677377,0.23758983412717982,0.25402838833562336
wta:214981,wta:215035,2025-01-13,2025,2025,hard,Australian Open,R32,6-3 6-4,64,44,69,38,84,WTA-2025-580-204,2025-580,3,0.944337777534065,0.7369240158681721,0.8406308967011186,0.8684650585107572,0.8422482296275757
wta:201619,wta:203389,2025-01-13,2025,2025,hard,Australian Open,R32,6-4 6-4,65,43,55,34,84,WTA-2025-580-205,2025-580,3,0.5026189727353124,0.5005492828806836,0.501584127807998,0.5017459906945488,0.5006381406245985
wta:206368,wta:206242,2025-01-13,2025,2025,hard,Australian Open,R32,6-4 6-2,49,31,72,36,84,WTA-2025-580-206,2025-580,3,0.293280654955997,0.42712847116264874,0.36020456305932286,0.35747604760983154,0.3619439588481541
wta:202494,wta:211148,2025-01-13,2025,2025,hard,Australian Open,R32,2-6 6-4 6-0,74,46,77,41,84,WTA-2025-580-207,2025-580,3,0.6063499334904239,0.5353371986573086,0.5708435660738662,0.5715055982933367,0.572094710413201
wta:215613,wta:202460,2025-01-13,2025,2025,hard,Australian Open,R32,6-4 3-6 6-4,98,52,87,47,84,WTA-2025-580-208,2025-580,3,0.5979833803652425,0.5279523954836741,0.5629678879244583,0.5657945017678327,0.5634256236583612
wta:214082,wta:201709,2025-01-13,2025,2025,hard,Australian Open,R32,7-5 6-1,55,34,56,25,84,WTA-2025-580-209,2025-580,3,0.34488020001835534,0.4494659749771132,0.3971730874977343,0.3946643741907756,0.39833268469028843
wta:220332,wta:211713,2025-01-13,2025,2025,hard,Australian Open,R32,4-6 6-3 6-3,80,54,98,54,84,WTA-2025-580-210,2025-580,3,0.49008882401940274,0.5028074458346048,0.4964481349270038,0.4933920684819028,0.4914740732852583
wta:216347,wta:221054,2025-01-13,2025,2025,hard,Australian Open,R32,6-1 6-0,35,28,53,22,84,WTA-2025-580-211,2025-580,3,0.9197146388942693,0.7089105889533109,0.8143126139237902,0.8355729655168384,0.8137938467587
wta:214544,wta:222601,2025-01-13,2025,2025,hard,Australian Open,R64,6-3 7-5,80,48,61,32,84,WTA-2025-580-164,2025-580,3,0.968327598708946,0.7819041806530364,0.8751158896809912,0.9072140494165715,0.8780148826623766
wta:220704,wta:213583,2025-01-13,2025,2025,hard,Australian Open,R64,6-2 6-2,44,30,54,24,84,WTA-2025-580-165,2025-580,3,0.8820878277185698,0.6693011901129081,0.775694508915739,0.7927476346788754,0.777708546144912
wta:211684,wta:215020,2025-01-13,2025,2025,hard,Australian Open,R64,0-6 6-0 6-2,60,36,67,33,84,WTA-2025-580-166,2025-580,3,0.840071053553751,0.6354287458040891,0.73774989967892,0.7513523525907516,0.7374752582385783
wta:259799,wta:220416,2025-01-13,2025,2025,hard,Australian Open,R64,6-4 3-6 7-6(8),110,69,104,65,84,WTA-2025-580-167,2025-580,3,0.976061031367699,0.8006408300274641,0.8883509306975815,0.9221562931101166,0.8908837350918446
wta:223670,wta:201548,2025-01-13,2025,2025,hard,Australian Open,R64,6-4 7-5,67,41,65,35,84,WTA-2025-580-168,2025-580,3,0.8464020832061389,0.6374427830332622,0.7419224331197005,0.7572701280107836,0.7414646973857975
wta:202499,wta:211279,2025-01-13,2025,2025,hard,Australian Open,R64,4-6 6-0 6-2,78,45,78,35,84,WTA-2025-580-169,2025-580,3,0.8278631684026172,0.6273115654562099,0.7275873669294135,0.7402058611914403,0.7287164484063742
wta:201499,wta:215713,2025-01-13,2025,2025,hard,Australian Open,R64,7-6(2) 2-6 6-2,94,49,90,44,84,WTA-2025-580-170,2025-580,3,0.7160376165352966,0.5729935916997254,0.6445156041175111,0.649443499999614,0.6435085855029246
wta:201696,wta:221012,2025-01-13,2025,2025,hard,Australian Open,R64,7-6(3) 6-3,80,51,79,45,84,WTA-2025-580-171,2025-580,3,0.06244134020416086,0.2704607873054623,0.16645106375481158,0.14111807421634834,0.16770220809414635
wta:221103,wta:214839,2025-01-13,2025,2025,hard,Australian Open,R64,6-3 7-5,67,41,68,34,84,WTA-2025-580-172,2025-580,3,0.9832664253230372,0.8397009459871834,0.9114836856551103,0.9379433555365769,0.9096222270039049
wta:220367,wta:213710,2025-01-13,2025,2025,hard,Australian Open,R64,3-6 6-4 6-4,110,67,91,56,84,WTA-2025-580-173,2025-580,3,0.7747328322162721,0.5981995727799817,0.686466202498127,0.694976120307876,0.6882055982869582
wta:211768,wta:214096,2025-01-13,2025,2025,hard,Australian Open,R64,1-6 6-1 6-3,69,44,95,52,84,WTA-2025-580-174,2025-580,3,0.3920427273265145,0.46411351846200793,0.4280781228942612,0.42739458374474504,0.4320756816370137
wta:202505,wta:215480,2025-01-13,2025,2025,hard,Australian Open,R64,6-1 7-6(3),57,33,74,32,84,WTA-2025-580-175,2025-580,3,0.6734501648677876,0.5630454684162344,0.618247816642011,0.6183508502785753,0.6181867852108239
wta:211651,wta:221883,2025-01-13,2025,2025,hard,Australian Open,R64,6-1 6-0,40,31,32,12,84,WTA-2025-580-176,2025-580,3,0.9830599309732082,0.8783948733597803,0.9307274021664942,0.9374575263822179,0.9307579178820877
wta:216146,wta:215898,2025-01-13,2025,2025,hard,Australian Open,R64,6-3 6-0,48,32,42,17,84,WTA-2025-580-177,2025-580,3,0.8688729818825606,0.6605736954531584,0.7647233386678595,0.779144347341474,0.7640214772092082
wta:215337,wta:214643,2025-01-13,2025,2025,hard,Australian Open,R64,6-1 6-2,38,25,55,22,84,WTA-2025-580-178,2025-580,3,0.3334431312739396,0.43909063167531276,0.3862668814746262,0.38656631029415894,0.3909663016760299
wta:202468,wta:210722,2025-01-13,2025,2025,hard,Australian Open,R64,6-4 6-2,53,37,48,25,84,WTA-2025-580-179,2025-580,3,0.7263967184200567,0.5791577662496186,0.6527772423348377,0.657223329075625,0.6505495950965099
wta:214981,wta:260300,2025-01-13,2025,2025,hard,Australian Open,R64,6-0 6-3,61,38,60,25,84,WTA-2025-580-180,2025-580,3,0.8554787463520876,0.6803478791577663,0.7679133127549269,0.7659334445644619,0.7661434012505022
wta:215035,wta:203575,2025-01-13,2025,2025,hard,Australian Open,R64,6-0 6-1,35,26,39,12,84,WTA-2025-580-181,2025-580,3,0.6987160241345162,0.5718339945071712,0.6352750093208437,0.6366362579477214,0.6362515122198367
wta:201619,wta:211817,2025-01-13,2025,2025,hard,Australian Open,R64,7-6(1) 2-6 7-5,98,59,116,64,84,WTA-2025-580-182,2025-580,3,0.85776933103277,0.6459261519682636,0.7518477415005168,0.7681551559212187,0.7566081931331077
wta:203389,wta:215018,2025-01-13,2025,2025,hard,Australian Open,R64,7-6(4) 4-6 6-2,99,62,106,64,84,WTA-2025-580-183,2025-580,3,0.94738752845162,0.777570949038755,0.8624792387451875,0.8729358531299484,0.8622961444516263
wta:206242,wta:222965,2025-01-13,2025,2025,hard,Australian Open,R64,6-2 6-3,42,30,50,24,84,WTA-2025-580-184,2025-580,3,0.8451886312960472,0.644278303326213,0.7447334673111301,0.7561282053274202,0.7426278829351765
wta:206368,wta:211107,2025-01-13,2025,2025,hard,Australian Open,R64,7-6(3) 2-6 6-2,95,55,82,46,84,WTA-2025-580-185,2025-580,3,0.33798227089451105,0.4476960634726884,0.39283916718359974,0.38978899243776893,0.3933884500642833
wta:202494,wta:214452,2025-01-13,2025,2025,hard,Australian Open,R64,6-1 6-4,64,44,54,30,84,WTA-2025-580-186,2025-580,3,0.8596090017602498,0.6534330180042722,0.756521009882261,0.769950343709226,0.7548426455246169
wta:211148,wta:213887,2025-01-13,2025,2025,hard,Australian Open,R64,6-2 6-3,48,29,59,25,84,WTA-2025-580-187,2025-580,3,0.8713680958756032,0.6624656698199572,0.7669168828477801,0.7816668331846125,0.768686794352205
wta:215613,wta:216016,2025-01-13,2025,2025,hard,Australian Open,R64,6-3 3-6 6-4,85,48,89,47,84,WTA-2025-580-188,2025-580,3,0.6972794005364209,0.5582850167836436,0.6277822086600322,0.6355845624154857,0.6332750374668678
wta:202460,wta:215785,2025-01-13,2025,2025,hard,Australian Open,R64,7-5 6-3,64,37,65,31,84,WTA-2025-580-189,2025-580,3,0.7149051822624753,0.5702471772963076,0.6425761797793914,0.6485987199725298,0.6472755999807952
wta:201709,wta:201533,2025-01-13,2025,2025,hard,Australian Open,R64,6-2 6-1,40,28,55,22,84,WTA-2025-580-190,2025-580,3,0.893527326843122,0.674061641745499,0.7837944842943105,0.8050548807427647,0.7876089487435018
wta:214082,wta:206374,2025-01-13,2025,2025,hard,Australian Open,R64,6-2 6-0,54,36,50,22,84,WTA-2025-580-191,2025-580,3,0.61657325728032,0.5382056759231004,0.5773894666017102,0.5785163223803119,0.5744294421891377
wta:220332,wta:219875,2025-01-13,2025,2025,hard,Australian Open,R64,6-2 3-6 6-4,78,49,86,47,84,WTA-2025-580-192,2025-580,3,0.6580803061523788,0.5533414708574916,0.6057108885049352,0.607424906201934,0.6020795183493051
wta:211713,wta:214459,2025-01-13,2025,2025,hard,Australian Open,R64,7-5 7-5,70,44,79,41,84,WTA-2025-580-193,2025-580,3,0.4524146114290801,0.4813854134879463,0.4669000124585132,0.4682229927763568,0.46671691816495203
wta:221054,wta:216153,2025-01-13,2025,2025,hard,Australian Open,R64,6-3 7-5,79,39,73,31,84,WTA-2025-580-194,2025-580,3,0.5541760656575268,0.51391516631065,0.5340456159840884,0.5361962920037112,0.5339540688373078
wta:216347,wta:211685,2025-01-13,2025,2025,hard,Australian Open,R64,6-0 6-2,37,28,38,17,84,WTA-2025-580-195,2025-580,3,0.9592272473176333,0.7604211168751908,0.8598241820964121,0.8914278252614597,0.8599462449587861
wta:214544,wta:211651,2025-01-13,2025,2025,hard,Australian Open,SF,6-4 6-2,49,35,72,39,84,WTA-2025-580-224,2025-580,3,0.6678918628819184,0.5527921879768081,0.6103420254293632,0.614383766583796,0.6096096482551185
wta:201619,wta:216347,2025-01-13,2025,2025,hard,Australian Open,SF,5-7 6-1 7-6(8),106,58,105,52,84,WTA-2025-580-225,2025-580,3,0.14882292236770622,0.348764113518462,0.2487935179430841,0.23819964501918856,0.24729824787900112
wta:210722,wta:215983,2025-01-27,2025,2025,hard,Singapore,F,6-1 6-4,52,36,58,29,84,WTA-2025-1096-300,2025-1096,3,0.6617136299342667,0.5591394568202624,0.6104265433772647,0.6099955221756995,0.6037130859466878
wta:210722,wta:215785,2025-01-27,2025,2025,hard,Singapore,QF,6-4 6-2,52,36,61,31,84,WTA-2025-1096-294,2025-1096,3,0.7406410010118838,0.5814159292035398,0.6610284651077118,0.6680847164637242,0.6598688679151576
wta:216133,wta:213525,2025-01-27,2025,2025,hard,Singapore,QF,6-7(5) 7-6(5) 6-4,138,91,126,81,84,WTA-2025-1096-295,2025-1096,3,0.7823093923198449,0.6088800732377174,0.6955947327787811,0.7011507511811604,0.6963271099530259
wta:215983,wta:214040,2025-01-27,2025,2025,hard,Singapore,QF,7-6(2) 7-6(4),83,55,74,43,84,WTA-2025-1096-296,2025-1096,3,0.6612770560819909,0.5531583765639304,0.6072177163229606,0.6096862553451652,0.6084383449467019
wta:214939,wta:216566,2025-01-27,2025,2025,hard,Singapore,QF,6-3 4-6 6-0,77,49,81,43,84,WTA-2025-1096-297,2025-1096,3,0.7056465802681886,0.5717729630759841,0.6387097716720864,0.6417318731300635,0.6379468787822481
wta:210722,wta:213583,2025-01-27,2025,2025,hard,Singapore,R16,6-7(3) 6-3 6-1,75,53,99,54,84,WTA-2025-1096-286,2025-1096,3,0.9279387334629442,0.7172718950259384,0.8226053142444413,0.8460085893006325,0.8216593270610418
wta:215785,wta:222966,2025-01-27,2025,2025,hard,Singapore,R16,3-6 6-2 6-4,67,36,102,49,84,WTA-2025-1096-287,2025-1096,3,0.4898260992544635,0.49395788831248094,0.49189199378347226,0.49321687937119146,0.4912816794716016
wta:216133,wta:233741,2025-01-27,2025,2025,hard,Singapore,R16,6-4 6-2,59,38,56,29,84,WTA-2025-1096-288,2025-1096,3,0.689498992150925,0.5787915776624962,0.6341452849067106,0.6299149716006641,0.6316124805124476
wta:213525,wta:216265,2025-01-27,2025,2025,hard,Singapore,R16,6-4 6-4,69,42,58,31,84,WTA-2025-1096-289,2025-1096,3,0.2853459938880346,0.421391516631065,0.3533687552595498,0.3515885063192494,0.3520870952046215
wta:214040,wta:221024,2025-01-27,2025,2025,hard,Singapore,R16,6-7(3) 6-3 7-5,117,75,115,67,84,WTA-2025-1096-290,2025-1096,3,0.40575599413596597,0.4717424473603906,0.4387492207481783,0.43675096848599626,0.43536197631729634
wta:215983,wta:221237,2025-01-27,2025,2025,hard,Singapore,R16,6-3 6-2,47,36,54,29,84,WTA-2025-1096-291,2025-1096,3,0.5205336261197311,0.5117790662191029,0.516156346169417,0.5136933624795627,0.5131963217568445
wta:216566,wta:213710,2025-01-27,2025,2025,hard,Singapore,R16,6-4 6-4,64,37,72,37,84,WTA-2025-1096-292,2025-1096,3,0.6248408365174077,0.538877021666158,0.5818589290917828,0.5842142607208549,0.582042023385344
wta:214939,wta:215899,2025-01-27,2025,2025,hard,Singapore,R16,6-2 7-6(3),64,42,64,35,84,WTA-2025-1096-293,2025-1096,3,0.9376489434157596,0.7493133963991455,0.8434811699074525,0.8590065768589712,0.8432675598982978
wta:210722,wta:203501,2025-01-27,2025,2025,hard,Singapore,R32,6-1 6-0,46,32,35,12,84,WTA-2025-1096-270,2025-1096,3,0.5219305733059091,0.5011595971925542,0.5115450852492316,0.5146255950863596,0.5107821923593934
wta:213583,wta:263857,2025-01-27,2025,2025,hard,Singapore,R32,2-6 6-1 6-2,83,51,75,43,84,WTA-2025-1096-271,2025-1096,3,0.12648180765543998,0.33594751296917913,0.23121466031230956,0.2161428981911153,0.23002454740416187
wta:222966,wta:222965,2025-01-27,2025,2025,hard,Singapore,R32,7-6(5) 6-2,66,46,66,39,84,WTA-2025-1096-272,2025-1096,3,0.6046537037338217,0.5402197131522735,0.5724367084430475,0.5703458991219167,0.5751220914152783
wta:215785,wta:211095,2025-01-27,2025,2025,hard,Singapore,R32,6-1 6-7(0) 6-3,98,60,84,47,84,WTA-2025-1096-273,2025-1096,3,0.5178013146375349,0.5056148916692097,0.5117081031533723,0.5118703302634492,0.5144240018411965
wta:216133,wta:201606,2025-01-27,2025,2025,hard,Singapore,R32,6-4 5-7 7-5,100,63,107,67,84,WTA-2025-1096-274,2025-1096,3,0.8885907599009133,0.6924321025328044,0.7905114312168589,0.7996782040363483,0.7852627281347715
wta:233741,wta:219917,2025-01-27,2025,2025,hard,Singapore,R32,4-6 6-1 7-5,87,55,88,50,84,WTA-2025-1096-275,2025-1096,3,0.7005279956884595,0.5904485810192249,0.6454882883538422,0.6379649377674558,0.6423451696477085
wta:213525,wta:211279,2025-01-27,2025,2025,hard,Singapore,R32,6-3 6-1,72,45,62,30,84,WTA-2025-1096-276,2025-1096,3,0.43372730093013173,0.4769301190112908,0.4553287099707113,0.45567338336128715,0.45340621988831886
wta:216265,wta:220416,2025-01-27,2025,2025,hard,Singapore,R32,6-1 6-7(1) 6-2,91,54,103,51,84,WTA-2025-1096-277,2025-1096,3,0.8549799537328936,0.6523954836740922,0.7536877187034929,0.765451600579916,0.7518872914834746
wta:214040,wta:221236,2025-01-27,2025,2025,hard,Singapore,R32,6-3 6-2,47,28,62,27,84,WTA-2025-1096-278,2025-1096,3,0.45517736481763443,0.48285016783643575,0.46901376632703506,0.470073621638932,0.46849499916194504
wta:221024,wta:213887,2025-01-27,2025,2025,hard,Singapore,R32,2-6 6-0 6-3,72,43,60,31,84,WTA-2025-1096-279,2025-1096,3,0.6510656185982803,0.5474824534635337,0.599274036030907,0.6024820300426694,0.6000369289207452
wta:215983,wta:201611,2025-01-27,2025,2025,hard,Singapore,R32,6-3 6-1,55,34,42,19,84,WTA-2025-1096-280,2025-1096,3,0.6087731134304708,0.5321025328043942,0.5704378231174325,0.5731639905161231,0.5737640361171275
wta:221237,wta:216016,2025-01-27,2025,2025,hard,Singapore,R32,6-3 7-6(3),70,47,67,39,84,WTA-2025-1096-281,2025-1096,3,0.4475837521508894,0.4816295392126945,0.464606645681792,0.46498438583943197,0.46567469572756554
wta:213710,wta:221054,2025-01-27,2025,2025,hard,Singapore,R32,5-7 7-5 7-5,116,62,121,64,84,WTA-2025-1096-282,2025-1096,3,0.19131631275261116,0.37708269758925844,0.2841995051709348,0.2766807309765924,0.2893566611062415
wta:216566,wta:221096,2025-01-27,2025,2025,hard,Singapore,R32,6-4 7-6(2),80,39,70,26,84,WTA-2025-1096-283,2025-1096,3,0.6877183688853954,0.5687824229478181,0.6282503959166068,0.6286234624648919,0.6303864960081539
wta:215899,wta:201548,2025-01-27,2025,2025,hard,Singapore,R32,6-2 6-3,53,37,50,26,84,WTA-2025-1096-284,2025-1096,3,0.22184693500782784,0.38495575221238937,0.3034013436101086,0.30224634310042303,0.3012652435185615
wta:214939,wta:214452,2025-01-27,2025,2025,hard,Singapore,R32,6-4 4-6 6-2,89,51,117,63,84,WTA-2025-1096-285,2025-1096,3,0.7838712028878281,0.6004577357339029,0.6921644693108655,0.7024335980778504,0.6972911095305787
wta:210722,wta:216133,2025-01-27,2025,2025,hard,Singapore,SF,6-3 6-4,60,39,58,32,84,WTA-2025-1096-298,2025-1096,3,0.5855469196685452,0.5181263350625572,0.5518366273655513,0.5573443281701437,0.5554985132367749
wta:215983,wta:214939,2025-01-27,2025,2025,hard,Singapore,SF,7-6(2) 1-0 RET,39,26,59,31,84,WTA-2025-1096-299,2025-1096,3,0.303803177903686,0.4324382056759231,0.36812069178980455,0.3652069394093206,0.3683037860833657
wta:206420,wta:215035,2025-01-27,2025,2025,hard,Linz,F,6-2 3-6 7-5,96,58,81,47,84,WTA-2025-528-300,2025-528,3,0.7198335982804351,0.5727494659749771,0.6462915321277061,0.6522832984603255,0.6511435309070774
wta:220704,wta:215020,2025-01-27,2025,2025,hard,Linz,QF,6-4 6-3,63,41,81,44,84,WTA-2025-528-294,2025-528,3,0.8611759944397644,0.6460482148306378,0.7536121046352011,0.7714872147154467,0.7570603804972701
wta:215035,wta:206289,2025-01-27,2025,2025,hard,Linz,QF,7-5 6-0,54,34,51,22,84,WTA-2025-528-295,2025-528,3,0.1855525528479277,0.37738785474519376,0.28147020379656074,0.2716802182815864,0.2867494225942415
wta:206420,wta:201549,2025-01-27,2025,2025,hard,Linz,QF,3-6 6-2 6-2,85,57,82,45,84,WTA-2025-528-296,2025-528,3,0.7963348775935248,0.6109551418980775,0.7036450097458011,0.7128013171710192,0.7022718025440923
wta:214096,wta:215713,2025-01-27,2025,2025,hard,Linz,QF,6-3 3-6 6-3,102,67,74,51,84,WTA-2025-528-297,2025-528,3,0.9194994357551256,0.7072627403112604,0.813381088033193,0.8353061705446897,0.8138693394826895
wta:215020,wta:202494,2025-01-27,2025,2025,hard,Linz,R16,6-4 6-4,69,35,66,29,84,WTA-2025-528-286,2025-528,3,0.040296090772527875,0.23689350015257857,0.1385947954625532,0.1077838845361569,0.1394797512147656
wta:220704,wta:201514,2025-01-27,2025,2025,hard,Linz,R16,6-2 6-4,58,39,61,30,84,WTA-2025-528-287,2025-528,3,0.5577223766943185,0.5243515410436375,0.541036958868978,0.5385770975448365,0.5383210601811537
wta:206289,wta:202600,2025-01-27,2025,2025,hard,Linz,R16,6-3 6-2,55,39,52,28,84,WTA-2025-528-288,2025-528,3,0.8171801707269339,0.6257857796765334,0.7214829752017337,0.7307122001506132,0.7196825479817154
wta:215035,wta:222045,2025-01-27,2025,2025,hard,Linz,R16,7-5 6-1,72,44,59,27,84,WTA-2025-528-289,2025-528,3,0.7631817269012068,0.6118095819346964,0.6874956544179516,0.685709296480551,0.6887467987572864
wta:201549,wta:220589,2025-01-27,2025,2025,hard,Linz,R16,6-4 4-6 7-5,132,72,108,56,84,WTA-2025-528-290,2025-528,3,0.328793563007731,0.4476960634726884,0.3882448132402097,0.3832527886696737,0.384582927368986
wta:206420,wta:205925,2025-01-27,2025,2025,hard,Linz,R16,6-3 6-2,60,38,54,25,84,WTA-2025-528-291,2025-528,3,0.6439681532969669,0.5472993591699725,0.5956337562334697,0.5975064627197945,0.5975562463158621
wta:215713,wta:211685,2025-01-27,2025,2025,hard,Linz,R16,7-6(1) 6-4,78,48,74,41,84,WTA-2025-528-292,2025-528,3,0.4110670590885881,0.4726579188281965,0.4418624889583923,0.44035930268999,0.4389634959770069
wta:214096,wta:204427,2025-01-27,2025,2025,hard,Linz,R16,6-2 6-3,51,35,56,29,84,WTA-2025-528-293,2025-528,3,0.9710242683594487,0.7884345437900518,0.8797294060747503,0.9122371645863917,0.880522814680182
wta:215020,wta:221257,2025-01-27,2025,2025,hard,Linz,R32,7-6(3) 6-2,64,40,59,31,84,WTA-2025-528-271,2025-528,3,0.6291618281410717,0.5456515105279219,0.5874066693344968,0.5872031243791851,0.5886578136738315
wta:201514,wta:201551,2025-01-27,2025,2025,hard,Linz,R32,5-7 6-2 6-3,84,58,104,59,84,WTA-2025-528-272,2025-528,3,0.6536295504626068,0.5522429050961245,0.6029362277793657,0.6042856950556638,0.600769611972225
wta:220704,wta:211843,2025-01-27,2025,2025,hard,Linz,R32,6-3 6-3,54,40,57,33,84,WTA-2025-528-273,2025-528,3,0.7223907207986977,0.5743973146170278,0.6483940177078628,0.6542034219344331,0.6528493121845182
wta:202600,wta:222601,2025-01-27,2025,2025,hard,Linz,R32,7-6(7) 6-4,89,43,82,36,84,WTA-2025-528-275,2025-528,3,0.4811463617701489,0.5004882514494965,0.4908173066098227,0.4874275963729088,0.4921599980959381
wta:222045,wta:210886,2025-01-27,2025,2025,hard,Linz,R32,6-3 6-4,70,40,69,34,84,WTA-2025-528-276,2025-528,3,0.4054226075893644,0.4634421727189503,0.43443239015415736,0.4365241947789949,0.4345239373009379
wta:215035,wta:214459,2025-01-27,2025,2025,hard,Linz,R32,7-6(6) 7-5,95,57,78,46,84,WTA-2025-528-277,2025-528,3,0.39087311065886027,0.46411351846200793,0.4274933145604341,0.4265937216871732,0.4306669489821613
wta:220589,wta:211701,2025-01-27,2025,2025,hard,Linz,R32,6-3 6-2,51,36,55,28,84,WTA-2025-528-278,2025-528,3,0.3622286060221194,0.46002441257247484,0.4111265092972971,0.40681778293622134,0.41082135214136184
wta:201549,wta:220332,2025-01-27,2025,2025,hard,Linz,R32,6-4 5-7 6-3,101,60,122,65,84,WTA-2025-528-279,2025-528,3,0.3434812976561758,0.4526396093988404,0.3980604535275081,0.3936777303034278,0.39629054202308334
wta:205925,wta:220435,2025-01-27,2025,2025,hard,Linz,R32,6-3 7-6(3),70,43,86,41,84,WTA-2025-528-280,2025-528,3,0.6095714168086401,0.537900518767165,0.5737359677879026,0.5737107798969844,0.5701045976322725
wta:215713,wta:211814,2025-01-27,2025,2025,hard,Linz,R32,6-2 6-2,52,37,47,23,84,WTA-2025-528-282,2025-528,3,0.8147411948740146,0.6353677143729021,0.7250544546234583,0.7285762717092441,0.7253901274949872
wta:211685,wta:220714,2025-01-27,2025,2025,hard,Linz,R32,7-5 7-5,77,49,73,42,84,WTA-2025-528-283,2025-528,3,0.6862744037439839,0.565608788526091,0.6259415961350374,0.6275777393845421,0.6212116602180402
wta:204427,wta:215138,2025-01-27,2025,2025,hard,Linz,R32,6-3 6-3,47,34,84,43,84,WTA-2025-528-284,2025-528,3,0.34705828704024294,0.4468416234360696,0.39694995523815624,0.39619851674485035,0.3990555396141099
wta:215035,wta:220704,2025-01-27,2025,2025,hard,Linz,SF,6-1 6-4,79,50,60,33,84,WTA-2025-528-298,2025-528,3,0.2940537957227849,0.42480927677754043,0.35943153625016266,0.35804699033835347,0.36013339770881386
wta:206420,wta:214096,2025-01-27,2025,2025,hard,Linz,SF,6-0 6-4,52,37,49,24,84,WTA-2025-528-299,2025-528,3,0.14152285510421533,0.3444919133353677,0.2430073842197915,0.23115529948403443,0.24615050292592516
wta:215713,wta:214459,2025-02-03,2025,2025,hard,Cluj-Napoca,F,4-6 6-1 6-2,85,54,78,43,84,WTA-2025-2050-300,2025-2050,3,0.5067444264296361,0.5006713457430577,0.5037078860863469,0.5044964357971585,0.5045928418385592
wta:211701,wta:202600,2025-02-03,2025,2025,hard,Cluj-Napoca,QF,6-3 7-6(7),73,42,91,48,84,WTA-2025-2050-294,2025-2050,3,0.6974565592726997,0.5649984742142203,0.63122751674346,0.6357141703497259,0.6319293782021111
wta:214459,wta:220714,2025-02-03,2025,2025,hard,Cluj-Napoca,QF,6-1 6-4,48,35,45,22,84,WTA-2025-2050-295,2025-2050,3,0.5990546100023929,0.5322856270979555,0.5656701185501742,0.5665244925702873,0.5643884584952459
wta:205925,wta:211843,2025-02-03,2025,2025,hard,Cluj-Napoca,QF,2-6 6-4 7-6(3),90,44,111,58,84,WTA-2025-2050-296,2025-2050,3,0.6054134964048015,0.5322245956667684,0.5688190460357849,0.5708652449762693,0.5691242031917203
wta:215713,wta:230870,2025-02-03,2025,2025,hard,Cluj-Napoca,QF,6-2 6-3,54,37,62,30,84,WTA-2025-2050-297,2025-2050,3,0.7614856768284228,0.6026548672566372,0.68207027204253,0.6843627854308728,0.6812158320059112
wta:202600,wta:215337,2025-02-03,2025,2025,hard,Cluj-Napoca,R16,7-5 7-5,68,46,81,45,84,WTA-2025-2050-286,2025-2050,3,0.372976390176951,0.45727799816905706,0.41512719417300403,0.41427686240418765,0.4154018356133458
wta:211701,wta:214452,2025-02-03,2025,2025,hard,Cluj-Napoca,R16,2-6 6-1 6-4,72,40,99,50,84,WTA-2025-2050-287,2025-2050,3,0.6556809548615509,0.5551724137931034,0.6054266843273272,0.6057312823623902,0.6043586342815536
wta:214459,wta:220548,2025-02-03,2025,2025,hard,Cluj-Napoca,R16,6-2 7-6(1),57,38,67,34,84,WTA-2025-2050-288,2025-2050,3,0.3591080302883241,0.4599023497101007,0.40950518999921237,0.4046424214388613,0.4065756813022334
wta:220714,wta:202536,2025-02-03,2025,2025,hard,Cluj-Napoca,R16,6-3 6-0,33,24,57,25,84,WTA-2025-2050-289,2025-2050,3,0.45650125011279624,0.4849862679279829,0.47074375902038956,0.47096005814162745,0.4709573690295443
wta:205925,wta:222233,2025-02-03,2025,2025,hard,Cluj-Napoca,R16,6-3 7-5,61,35,59,25,84,WTA-2025-2050-290,2025-2050,3,0.6401265362842414,0.546750076289289,0.5934383062867652,0.5948235750992431,0.5934993377179523
wta:211843,wta:215480,2025-02-03,2025,2025,hard,Cluj-Napoca,R16,1-6 6-4 6-4,83,44,85,46,84,WTA-2025-2050-291,2025-2050,3,0.29769775748730387,0.4281049740616417,0.3629013657744728,0.3607316288901841,0.3637863215266852
wta:230870,wta:215020,2025-02-03,2025,2025,hard,Cluj-Napoca,R16,6-2 7-6(5),66,42,67,38,84,WTA-2025-2050-292,2025-2050,3,0.5269736578779347,0.5058590173939579,0.5164163376359463,0.5179921420919713,0.5149210675718633
wta:215713,wta:203530,2025-02-03,2025,2025,hard,Cluj-Napoca,R16,6-4 7-5,77,43,63,28,84,WTA-2025-2050-293,2025-2050,3,0.6426359736906955,0.5524259993896857,0.5975309865401905,0.5965753092503254,0.591519390568265
wta:215337,wta:219917,2025-02-03,2025,2025,hard,Cluj-Napoca,R32,6-3 6-3,69,40,55,26,84,WTA-2025-2050-270,2025-2050,3,0.808443569019159,0.6249313396399145,0.7166874543295367,0.7231122527508743,0.7148565113939249
wta:202600,wta:210886,2025-02-03,2025,2025,hard,Cluj-Napoca,R32,3-6 6-4 6-1,76,47,117,60,84,WTA-2025-2050-271,2025-2050,3,0.6941800637524692,0.5673787000305157,0.6307793818914924,0.6333208458873372,0.630291130441996
wta:214452,wta:220750,2025-02-03,2025,2025,hard,Cluj-Napoca,R32,7-5 2-6 6-4,94,53,97,59,84,WTA-2025-2050-272,2025-2050,3,0.5743808991003851,0.5216661580714068,0.548023528585896,0.5497924053638825,0.5461925856502841
wta:211701,wta:215936,2025-02-03,2025,2025,hard,Cluj-Napoca,R32,6-4 6-7(5) 6-4,102,57,115,60,84,WTA-2025-2050-273,2025-2050,3,0.688659886094809,0.5702471772963076,0.6294535316955583,0.6293060833383589,0.631223443199983
wta:220548,wta:219875,2025-02-03,2025,2025,hard,Cluj-Napoca,R32,2-6 6-2 6-2,92,54,71,38,84,WTA-2025-2050-274,2025-2050,3,0.8157576608573448,0.6165090021361,0.7161333314967224,0.7294650673335868,0.7193985130652303
wta:214459,wta:201594,2025-02-03,2025,2025,hard,Cluj-Napoca,R32,6-1 6-1,46,33,34,13,84,WTA-2025-2050-275,2025-2050,3,0.21162267985588065,0.3864815379920659,0.29905210892397327,0.29384521899056815,0.29862488890566385
wta:202536,wta:214839,2025-02-03,2025,2025,hard,Cluj-Napoca,R32,6-2 6-3,44,31,49,24,84,WTA-2025-2050-276,2025-2050,3,0.6698308748032192,0.5610924626182484,0.6154616687107338,0.615765576050483,0.6169569387748168
wta:220714,wta:201593,2025-02-03,2025,2025,hard,Cluj-Napoca,R32,6-3 7-5,75,45,65,35,84,WTA-2025-2050-277,2025-2050,3,0.4412532661534289,0.4796155019835215,0.4604343840684752,0.4607348014249602,0.46272306273799
wta:205925,wta:222601,2025-02-03,2025,2025,hard,Cluj-Napoca,R32,6-7(0) 7-5 6-4,108,64,135,73,84,WTA-2025-2050-278,2025-2050,3,0.5679512638073881,0.5259383582545011,0.5469448110309446,0.5454570048834015,0.5459683081319516
wta:222233,wta:201514,2025-02-03,2025,2025,hard,Cluj-Napoca,R32,6-1 1-6 6-4,80,47,84,46,84,WTA-2025-2050-279,2025-2050,3,0.29838628615186313,0.42120842233750383,0.3597973542446835,0.3612377358223032,0.3619334543362306
wta:215480,wta:214388,2025-02-03,2025,2025,hard,Cluj-Napoca,R32,7-6(2) 7-6(6),78,45,93,51,84,WTA-2025-2050-280,2025-2050,3,0.8466903952294611,0.6461702776930119,0.7464303364612366,0.7575419922410953,0.7435313434798512
wta:211843,wta:211817,2025-02-03,2025,2025,hard,Cluj-Napoca,R32,6-2 6-3,49,33,57,29,84,WTA-2025-2050-281,2025-2050,3,0.4210961866144728,0.48016478486420505,0.45063048573933895,0.4471522830868754,0.4505694543081519
wta:230870,wta:211713,2025-02-03,2025,2025,hard,Cluj-Napoca,R32,6-4 6-2,60,42,70,39,84,WTA-2025-2050-282,2025-2050,3,0.2833507949147806,0.4245651510527922,0.3539579729837864,0.3500998083103114,0.3517913571766457
wta:215020,wta:204427,2025-02-03,2025,2025,hard,Cluj-Napoca,R32,6-2 6-2,49,31,49,22,84,WTA-2025-2050-283,2025-2050,3,0.35964635457467065,0.4545315837656393,0.40708896917015497,0.4050180111078388,0.4069058748765938
wta:203530,wta:201551,2025-02-03,2025,2025,hard,Cluj-Napoca,R32,7-5 4-6 7-6(10),143,74,121,63,84,WTA-2025-2050-284,2025-2050,3,0.4743994703612243,0.49407995117485504,0.4842397107680397,0.48292468549707884,0.48012008916291304
wta:215713,wta:211814,2025-02-03,2025,2025,hard,Cluj-Napoca,R32,6-4 6-0,55,36,49,24,84,WTA-2025-2050-285,2025-2050,3,0.8136009353814909,0.6299359169972536,0.7217684261893722,0.7275815409792256,0.725613406354157
wta:214459,wta:211701,2025-02-03,2025,2025,hard,Cluj-Napoca,SF,4-0 RET,14,10,10,2,84,WTA-2025-2050-298,2025-2050,3,0.40493425839379416,0.480103753433018,0.4425190059134061,0.43619195431795305,0.4382773214459053
wta:215713,wta:205925,2025-02-03,2025,2025,hard,Cluj-Napoca,SF,6-3 7-5,59,42,75,39,84,WTA-2025-2050-299,2025-2050,3,0.5288063083581304,0.5115959719255416,0.520201140141836,0.5192160263792737,0.5185838072153789
wta:202505,wta:221909,2025-02-03,2025,2025,hard,Abu Dhabi,F,4-6 6-1 6-1,89,51,88,38,84,WTA-2025-2088-300,2025-2088,3,0.7786515449225324,0.6130912419896246,0.6958713934560785,0.6981598053725393,0.6933996204930026
wta:222328,wta:202663,2025-02-03,2025,2025,hard,Abu Dhabi,QF,6-4 6-3,55,36,59,32,84,WTA-2025-2088-294,2025-2088,3,0.648311959611038,0.5492523649679585,0.5987821622894982,0.6005486429110722,0.5979582379684729
wta:221909,wta:220367,2025-02-03,2025,2025,hard,Abu Dhabi,QF,7-5 4-6 6-2,90,50,101,50,84,WTA-2025-2088-295,2025-2088,3,0.2654119446126986,0.42072017088800734,0.343066057750353,0.3365549723346119,0.3428829634567918
wta:202505,wta:214954,2025-02-03,2025,2025,hard,Abu Dhabi,QF,7-5 6-3,64,35,67,32,84,WTA-2025-2088-296,2025-2088,3,0.4884096633071264,0.4977418370460787,0.49307575017660255,0.49227233980883955,0.49188563726845486
wta:214981,wta:202460,2025-02-03,2025,2025,hard,Abu Dhabi,QF,6-2 4-6 7-6(4),98,60,109,63,84,WTA-2025-2088-297,2025-2088,3,0.8005588336345382,0.6190112908147696,0.7097850622246539,0.716370190496293,0.7077099935642939
wta:222328,wta:211651,2025-02-03,2025,2025,hard,Abu Dhabi,R16,6-4 6-1,42,26,56,25,84,WTA-2025-2088-286,2025-2088,3,0.3002564575492413,0.43457430576747025,0.36741538165835574,0.3626105890368335,0.36451638867697034
wta:202663,wta:201499,2025-02-03,2025,2025,hard,Abu Dhabi,R16,5-7 4-1 RET,54,29,62,33,84,WTA-2025-2088-287,2025-2088,3,0.361641447017715,0.4548977723527617,0.40826960968523834,0.4064088158303165,0.4082390939696448
wta:221909,wta:214082,2025-02-03,2025,2025,hard,Abu Dhabi,R16,1-6 7-5 6-4,92,46,111,56,84,WTA-2025-2088-288,2025-2088,3,0.26803750234828183,0.418400976502899,0.3432192394255904,0.33855619991964747,0.34517224522357637
wta:220367,wta:215138,2025-02-03,2025,2025,hard,Abu Dhabi,R16,6-0 6-3,48,34,51,24,84,WTA-2025-2088-289,2025-2088,3,0.6914991026030755,0.5671956057369545,0.629347354170015,0.6313683173131347,0.6299881841974792
wta:202505,wta:206368,2025-02-03,2025,2025,hard,Abu Dhabi,R16,6-0 6-0,32,25,44,15,84,WTA-2025-2088-290,2025-2088,3,0.6981995341188167,0.5717729630759841,0.6349862485974005,0.6362579788451477,0.6372749272669153
wta:214954,wta:201709,2025-02-03,2025,2025,hard,Abu Dhabi,R16,6-2 6-3,63,38,46,22,84,WTA-2025-2088-291,2025-2088,3,0.44657459210843564,0.48870918523039364,0.46764188866941464,0.46430739198158877,0.46745879437585347
wta:202460,wta:259883,2025-02-03,2025,2025,hard,Abu Dhabi,R16,6-3 6-3,53,33,61,30,84,WTA-2025-2088-292,2025-2088,3,0.9110334629202093,0.7227647238327739,0.8168990933764916,0.8250407291573489,0.8197065392110964
wta:214981,wta:220465,2025-02-03,2025,2025,hard,Abu Dhabi,R16,2-6 6-4 6-4,101,57,102,60,84,WTA-2025-2088-293,2025-2088,3,0.8981990321639997,0.6779066219102838,0.7880528270371417,0.8102416907877605,0.7937897815687255
wta:222328,wta:211684,2025-02-03,2025,2025,hard,Abu Dhabi,R32,6-0 6-3,47,35,41,18,84,WTA-2025-2088-271,2025-2088,3,0.6674831455874742,0.5558437595361612,0.6116634525618176,0.6140927834139371,0.6099850882041735
wta:202663,wta:213887,2025-02-03,2025,2025,hard,Abu Dhabi,R32,6-4 7-6(6),75,47,81,46,84,WTA-2025-2088-272,2025-2088,3,0.7516495786012547,0.594598718339945,0.6731241484705999,0.6766210096190324,0.6713542369661751
wta:201499,wta:213550,2025-02-03,2025,2025,hard,Abu Dhabi,R32,6-3 6-1,41,33,48,26,84,WTA-2025-2088-273,2025-2088,3,0.6479965469102451,0.5472383277387854,0.5976174373245153,0.600327430451101,0.598746518801476
wta:221909,wta:220520,2025-02-03,2025,2025,hard,Abu Dhabi,R32,6-3 6-7(4) 6-3,106,69,85,51,84,WTA-2025-2088-275,2025-2088,3,0.5395847299902556,0.5073848031736344,0.5234847665819451,0.5264205321187695,0.526994073875201
wta:215138,wta:201614,2025-02-03,2025,2025,hard,Abu Dhabi,R32,6-1 6-3,52,34,59,28,84,WTA-2025-2088-276,2025-2088,3,0.4737503056303582,0.4897467195605737,0.4817485125954659,0.48249126136349396,0.48043633682494413
wta:220367,wta:220416,2025-02-03,2025,2025,hard,Abu Dhabi,R32,7-6(3) 7-6(0),88,47,84,42,84,WTA-2025-2088-277,2025-2088,3,0.925968060616003,0.7095209032651816,0.8177444819405923,0.8434636760327008,0.8192092362890817
wta:206368,wta:214643,2025-02-03,2025,2025,hard,Abu Dhabi,R32,5-7 6-1 7-6(5),119,68,108,58,84,WTA-2025-2088-278,2025-2088,3,0.35915186754201456,0.4553249923710711,0.4072384299565428,0.40467301183033544,0.4099848443599606
wta:202505,wta:211685,2025-02-03,2025,2025,hard,Abu Dhabi,R32,6-2 3-6 6-1,76,49,76,40,84,WTA-2025-2088-279,2025-2088,3,0.6597745330927494,0.552731156545621,0.6062528448191852,0.6086226850134574,0.610555560717873
wta:214954,wta:221054,2025-02-03,2025,2025,hard,Abu Dhabi,R32,6-3 6-4,71,40,61,32,84,WTA-2025-2088-280,2025-2088,3,0.5412700727105414,0.5100091547146781,0.5256396137126098,0.5275481941231649,0.5242664065109008
wta:202460,wta:211533,2025-02-03,2025,2025,hard,Abu Dhabi,R32,7-6(4) 7-5,82,45,86,44,84,WTA-2025-2088-282,2025-2088,3,0.5885326625466492,0.5297223069880989,0.559127484767374,0.5593690699286215,0.5578763404280392
wta:259883,wta:206294,2025-02-03,2025,2025,hard,Abu Dhabi,R32,6-4 6-3,50,37,87,46,84,WTA-2025-2088-283,2025-2088,3,0.14353188204686712,0.3311260299054013,0.2373289559761342,0.23310874702324458,0.23934299320530722
wta:220465,wta:222661,2025-02-03,2025,2025,hard,Abu Dhabi,R32,3-6 6-4 6-4,98,50,96,48,84,WTA-2025-2088-284,2025-2088,3,0.300464769483338,0.4232834909978639,0.36187413024060094,0.3627633422717536,0.3630337274331551
wta:221909,wta:222328,2025-02-03,2025,2025,hard,Abu Dhabi,SF,7-6(2) 6-4,79,52,72,45,84,WTA-2025-2088-298,2025-2088,3,0.23426433089261148,0.39716203844980164,0.31571318467120657,0.3122564343055321,0.31797134762512785
wta:202505,wta:214981,2025-02-03,2025,2025,hard,Abu Dhabi,SF,3-6 6-3 6-4,80,51,88,52,84,WTA-2025-2088-299,2025-2088,3,0.2686369468393594,0.4102837961550198,0.3394603714971896,0.33901216573062265,0.3466010489460758
wta:216153,wta:211533,2025-02-09,2025,2025,hard,Doha,F,6-4 6-3,57,35,69,35,84,WTA-2025-1003-300,2025-1003,3,0.5967391859186212,0.5285016783643577,0.5626204321414894,0.5649470854394214,0.5630781678753924
wta:216347,wta:214981,2025-02-09,2025,2025,hard,Doha,QF,6-2 7-5,63,42,66,36,84,WTA-2025-1003-294,2025-1003,3,0.741951677140342,0.5859932865425694,0.6639724818414557,0.6690942854064166,0.6638199032634882
wta:211533,wta:202460,2025-02-09,2025,2025,hard,Doha,QF,6-2 6-2,58,35,50,21,84,WTA-2025-1003-295,2025-1003,3,0.4103555644199399,0.47924931339639915,0.4448024389081695,0.4398763759271747,0.4411405530369459
wta:216153,wta:216146,2025-02-09,2025,2025,hard,Doha,QF,4-6 7-5 6-4,119,66,104,56,84,WTA-2025-1003-296,2025-1003,3,0.48270938315609996,0.491089411046689,0.4868993971013945,0.48847036807515803,0.4890660129085352
wta:206420,wta:202468,2025-02-09,2025,2025,hard,Doha,QF,4-6 6-1 6-1,81,50,75,37,84,WTA-2025-1003-297,2025-1003,3,0.20997760132721702,0.39539212694537684,0.3026848641362969,0.29247916963463627,0.3012811412189945
wta:216347,wta:222328,2025-02-09,2025,2025,hard,Doha,R16,6-7(1) 6-4 6-4,108,66,91,59,84,WTA-2025-1003-286,2025-1003,3,0.9119699638280836,0.693957888312481,0.8029639260702823,0.826155144992567,0.8050389947306423
wta:214981,wta:211685,2025-02-09,2025,2025,hard,Doha,R16,7-6(1) 6-2,56,38,70,34,84,WTA-2025-1003-287,2025-1003,3,0.8615825660362932,0.6553860238022582,0.7584842949192757,0.7718871548277838,0.759765954974204
wta:211533,wta:211148,2025-02-09,2025,2025,hard,Doha,R16,6-2 6-2,51,33,51,23,84,WTA-2025-1003-288,2025-1003,3,0.3290504866716265,0.4480622520598108,0.3885563693657187,0.383436222217377,0.3870916150172292
wta:202460,wta:213550,2025-02-09,2025,2025,hard,Doha,R16,6-3 6-4,55,39,53,29,84,WTA-2025-1003-289,2025-1003,3,0.6037070723346325,0.5287458040891059,0.5662264382118691,0.5696991087662876,0.5672029411108621
wta:216153,wta:220367,2025-02-09,2025,2025,hard,Doha,R16,6-3 6-0,49,34,41,19,84,WTA-2025-1003-290,2025-1003,3,0.49106208380396327,0.4963381141287763,0.4937000989663698,0.4940410365538437,0.49247947034262857
wta:216146,wta:202663,2025-02-09,2025,2025,hard,Doha,R16,6-4 6-2,71,40,70,32,84,WTA-2025-1003-291,2025-1003,3,0.6184001879458083,0.541867561794324,0.5801338748700662,0.5797731534754633,0.5798592334297243
wta:202468,wta:214082,2025-02-09,2025,2025,hard,Doha,R16,6-3 7-5,78,47,74,40,84,WTA-2025-1003-292,2025-1003,3,0.7494745596124265,0.5780592004882514,0.6637668800503389,0.6749240385893431,0.6674592816371562
wta:206420,wta:210722,2025-02-09,2025,2025,hard,Doha,R16,6-4 6-2,45,32,51,28,84,WTA-2025-1003-293,2025-1003,3,0.41748879201068384,0.4794324076899603,0.44846059985032205,0.44471188421071267,0.4475756440981097
wta:216347,wta:206289,2025-02-09,2025,2025,hard,Doha,R32,6-3 6-2,56,35,48,21,84,WTA-2025-1003-270,2025-1003,3,0.9123180236214412,0.7011595971925542,0.8067388104069977,0.8265706167024749,0.8041144588659541
wta:222328,wta:201709,2025-02-09,2025,2025,hard,Doha,R32,6-2 6-3,45,33,50,24,84,WTA-2025-1003-271,2025-1003,3,0.4107237695101184,0.4732072017088801,0.4419654856094992,0.44012631250506845,0.4431861142332405
wta:211685,wta:259799,2025-02-09,2025,2025,hard,Doha,R32,3-6 6-3 7-5,96,53,97,51,84,WTA-2025-1003-272,2025-1003,3,0.2182201335191362,0.39935916997253584,0.308789651745836,0.29928340035021805,0.3064094259295406
wta:214981,wta:220548,2025-02-09,2025,2025,hard,Doha,R32,6-2 6-4,53,31,64,29,84,WTA-2025-1003-273,2025-1003,3,0.8385169958008446,0.632316142813549,0.7354165693071968,0.7499145549405003,0.7397192852058846
wta:211148,wta:201614,2025-02-09,2025,2025,hard,Doha,R32,6-3 6-4,56,38,52,28,84,WTA-2025-1003-274,2025-1003,3,0.7277736092779535,0.5753127860848337,0.6515431976813937,0.6582646971046071,0.6546863163875273
wta:211533,wta:214643,2025-02-09,2025,2025,hard,Doha,R32,7-6(5) 7-5,76,41,83,40,84,WTA-2025-1003-275,2025-1003,3,0.393901661487766,0.4660665242599939,0.42998409287387995,0.42866647594195834,0.43245586583695594
wta:213550,wta:219917,2025-02-09,2025,2025,hard,Doha,R32,7-6(3) 3-6 6-2,99,52,104,54,84,WTA-2025-1003-276,2025-1003,3,0.8408204879165712,0.6415318889227952,0.7411761884196832,0.7520477706729204,0.7364767682182795
wta:202460,wta:221012,2025-02-09,2025,2025,hard,Doha,R32,6-4 6-2,66,38,56,24,84,WTA-2025-1003-277,2025-1003,3,0.20122476636150768,0.3913640524870308,0.29629440942426927,0.28514034987590653,0.29611131513070804
wta:220367,wta:215613,2025-02-09,2025,2025,hard,Doha,R32,6-2 6-2,44,31,43,20,84,WTA-2025-1003-278,2025-1003,3,0.41289419914445563,0.46899603295697284,0.44094511605071424,0.4415988369068663,0.4381376702161094
wta:216153,wta:211651,2025-02-09,2025,2025,hard,Doha,R32,6-4 6-3,67,43,79,42,84,WTA-2025-1003-279,2025-1003,3,0.2425772492051567,0.40595056454073847,0.3242639068729476,0.3188487432571283,0.3244164854509152
wta:202663,wta:211684,2025-02-09,2025,2025,hard,Doha,R32,7-5 5-7 6-4,105,61,118,66,84,WTA-2025-1003-280,2025-1003,3,0.5195228409601598,0.4999389685688129,0.5097309047644863,0.5130189042229377,0.512812992039433
wta:216146,wta:221103,2025-02-09,2025,2025,hard,Doha,R32,6-2 7-5,55,36,58,29,84,WTA-2025-1003-281,2025-1003,3,0.12556165222086355,0.34931339639914555,0.23743752431000453,0.21520075647050843,0.23215830551232375
wta:202468,wta:202494,2025-02-09,2025,2025,hard,Doha,R32,6-3 7-6(3),101,55,85,40,84,WTA-2025-1003-282,2025-1003,3,0.5723690504933836,0.5189807750991761,0.5456749127962799,0.5484348777352637,0.5462241956769633
wta:214082,wta:220589,2025-02-09,2025,2025,hard,Doha,R32,6-2 6-3,67,40,70,35,84,WTA-2025-1003-283,2025-1003,3,0.7250043743502149,0.5826365578272811,0.653820466088748,0.656172055885203,0.6516538502816074
wta:210722,wta:213710,2025-02-09,2025,2025,hard,Doha,R32,6-2 6-3,49,35,82,39,84,WTA-2025-1003-284,2025-1003,3,0.7837764543144105,0.6080866646322857,0.6959315594733481,0.7023556730291078,0.692879987913995
wta:206420,wta:214544,2025-02-09,2025,2025,hard,Doha,R32,3-6 6-3 7-6(5),100,56,121,68,84,WTA-2025-1003-285,2025-1003,3,0.10072932239550221,0.3205065608788526,0.2106179416371774,0.18855430307972054,0.20954989159140383
wta:206289,wta:211817,2025-02-09,2025,2025,hard,Doha,R64,4-6 6-3 4-0 RET,78,47,75,35,84,WTA-2025-1003-239,2025-1003,3,0.7705418636140451,0.6043027158986878,0.6874222897563664,0.6915940587984978,0.6852556739492257
wta:201709,wta:220416,2025-02-09,2025,2025,hard,Doha,R64,6-2 6-7(5) 6-3,98,56,104,52,84,WTA-2025-1003-240,2025-1003,3,0.9660056788767258,0.7809887091852304,0.8734971940309781,0.9030267917005131,0.8723070811228304
wta:222328,wta:202499,2025-02-09,2025,2025,hard,Doha,R64,6-2 6-4,54,38,55,30,84,WTA-2025-1003-241,2025-1003,3,0.49322996247253115,0.4928593225511138,0.49304464251182245,0.49548648840493953,0.49362444110809955
wta:259799,wta:220465,2025-02-09,2025,2025,hard,Doha,R64,4-6 7-6(4) 6-4,93,57,104,59,84,WTA-2025-1003-242,2025-1003,3,0.8310754187279076,0.6241989624656699,0.7276371905967887,0.7431066961754699,0.7352050880639843
wta:211685,wta:211843,2025-02-09,2025,2025,hard,Doha,R64,6-2 6-3,60,39,41,19,84,WTA-2025-1003-243,2025-1003,3,0.7126351970412411,0.5704913030210559,0.6415632500311486,0.6469086060934528,0.6423566586365803
wta:220548,wta:215035,2025-02-09,2025,2025,hard,Doha,R64,7-5 6-3,74,44,76,38,84,WTA-2025-1003-244,2025-1003,3,0.7370690052262439,0.5832468721391517,0.6601579386826978,0.6653422639617644,0.6587542157653954
wta:201614,wta:206294,2025-02-09,2025,2025,hard,Doha,R64,6-1 7-6(5),74,49,63,34,84,WTA-2025-1003-247,2025-1003,3,0.47135135251415716,0.49041806530363136,0.48088470890889423,0.48088927407756077,0.47966408028515306
wta:211533,wta:256684,2025-02-09,2025,2025,hard,Doha,R64,6-2 6-1,42,29,52,21,84,WTA-2025-1003-248,2025-1003,3,0.6336636811485414,0.5506560878852609,0.5921598845169012,0.5903254710236238,0.5906340987372247
wta:214643,wta:215138,2025-02-09,2025,2025,hard,Doha,R64,6-3 6-3,73,47,52,30,84,WTA-2025-1003-249,2025-1003,3,0.6925429715809158,0.5692706743973146,0.6309068229891153,0.6321279497544771,0.6290453643379099
wta:219917,wta:223670,2025-02-09,2025,2025,hard,Doha,R64,6-4 7-6(2),65,43,72,41,84,WTA-2025-1003-250,2025-1003,3,0.05396602977553715,0.26582239853524564,0.1598942141553914,0.1290614841905799,0.1557135611190777
wta:213550,wta:221909,2025-02-09,2025,2025,hard,Doha,R64,6-4 6-4,60,44,56,37,84,WTA-2025-1003-251,2025-1003,3,0.6241676883303158,0.5343606957583156,0.5792641920443157,0.5837493273700649,0.581644417860611
wta:202460,wta:220520,2025-02-09,2025,2025,hard,Doha,R64,6-2 6-0,35,26,48,18,84,WTA-2025-1003-252,2025-1003,3,0.7508733044820063,0.5858712236801953,0.6683722640811007,0.6760147489499994,0.6731021999980981
wta:220367,wta:213889,2025-02-09,2025,2025,hard,Doha,R64,6-1 6-2,48,33,58,27,84,WTA-2025-1003-255,2025-1003,3,0.7032228143604674,0.5632285627097956,0.6332256885351315,0.639945613292384,0.6402443031216436
wta:216153,wta:201458,2025-02-09,2025,2025,hard,Doha,R64,6-3 7-5,65,41,78,41,84,WTA-2025-1003-256,2025-1003,3,0.32702315808908383,0.4485505035093073,0.38778683079919557,0.3819876993662331,0.3841554606435654
wta:211651,wta:213887,2025-02-09,2025,2025,hard,Doha,R64,6-3 4-6 6-2,78,48,76,41,84,WTA-2025-1003-257,2025-1003,3,0.9485155239212311,0.753768690875801,0.851142107398516,0.8746168752811244,0.8483956929950983
wta:211684,wta:206242,2025-02-09,2025,2025,hard,Doha,R64,6-4 3-6 6-2,83,49,111,59,84,WTA-2025-1003-258,2025-1003,3,0.30564351127249156,0.4344522429050961,0.37004787708879383,0.36655048363919435,0.36998684565760676
wta:202663,wta:206368,2025-02-09,2025,2025,hard,Doha,R64,3-6 6-0 6-4,88,53,82,44,84,WTA-2025-1003-259,2025-1003,3,0.5362152127849884,0.5142203234665853,0.5252177681257868,0.5241669829821528,0.5208235050803185
wta:216146,wta:220309,2025-02-09,2025,2025,hard,Doha,R64,6-3 6-3,68,41,80,39,84,WTA-2025-1003-260,2025-1003,3,0.8046080945653948,0.618462007934086,0.7115350512497405,0.7198192761338916,0.7092463725802256
wta:202494,wta:214954,2025-02-09,2025,2025,hard,Doha,R64,0-6 6-2 7-5,85,47,79,43,84,WTA-2025-1003-263,2025-1003,3,0.5867289411336457,0.5303326212999695,0.5585307812168077,0.5581456135713747,0.5571880897306922
wta:220589,wta:216133,2025-02-09,2025,2025,hard,Doha,R64,7-6(3) 1-6 7-6(5),107,56,132,71,84,WTA-2025-1003-264,2025-1003,3,0.33539110403710226,0.4486115349404943,0.3920013194887983,0.3879507683868775,0.38952954652572236
wta:214082,wta:221236,2025-02-09,2025,2025,hard,Doha,R64,6-0 6-0,33,25,35,10,84,WTA-2025-1003-265,2025-1003,3,0.7519296430714252,0.5966127555691181,0.6742711993202717,0.6768399021880472,0.672165614944318
wta:213710,wta:214939,2025-02-09,2025,2025,hard,Doha,R64,6-7(3) 7-5 6-4,129,73,106,57,84,WTA-2025-1003-266,2025-1003,3,0.18933186920300182,0.38550503509307293,0.2874184521480374,0.2749659044952121,0.28339037768969133
wta:210722,wta:220704,2025-02-09,2025,2025,hard,Doha,R64,6-0 0-0 RET,13,12,22,8,84,WTA-2025-1003-267,2025-1003,3,0.5962330082219209,0.537778455904791,0.5670057320633559,0.5646024639989076,0.5612382618161786
wta:206420,wta:221054,2025-02-09,2025,2025,hard,Doha,R64,6-3 7-5,76,43,57,30,84,WTA-2025-1003-268,2025-1003,3,0.38258414705788835,0.46545620994812326,0.4240201785030058,0.4209041729517052,0.4223112984297681
wta:211533,wta:216347,2025-02-09,2025,2025,hard,Doha,SF,6-3 6-1,48,32,48,21,84,WTA-2025-1003-298,2025-1003,3,0.035927618355786124,0.2231003967043027,0.1295140075300444,0.10037121909452475,0.12911730322732853
wta:216153,wta:206420,2025-02-09,2025,2025,hard,Doha,SF,6-3 6-3,76,46,64,35,84,WTA-2025-1003-299,2025-1003,3,0.563848895804248,0.5240463838877022,0.543947639845975,0.542695362763109,0.5406824582774673
wta:259799,wta:220704,2025-02-17,2025,2025,hard,Dubai,F,7-6(1) 6-1,71,44,66,33,84,WTA-2025-718-300,2025-718,3,0.7704391461642766,0.6022886786695149,0.6863639124168956,0.6915114566709054,0.6877371196186046
wta:259799,wta:216347,2025-02-17,2025,2025,hard,Dubai,QF,6-3 6-3,66,44,61,30,84,WTA-2025-718-294,2025-718,3,0.15230233753897887,0.3592004882514495,0.2557514128952142,0.24150654005280367,0.25721616724370366
wta:214981,wta:213550,2025-02-17,2025,2025,hard,Dubai,QF,6-2 7-6(2),72,50,71,41,84,WTA-2025-718-295,2025-718,3,0.8696364066268334,0.655202929508697,0.7624196680677652,0.7799139845613338,0.7655627867738988
wta:214096,wta:201514,2025-02-17,2025,2025,hard,Dubai,QF,6-2 7-5,53,33,64,28,84,WTA-2025-718-296,2025-718,3,0.8959056749440572,0.6905401281660055,0.7932229015550314,0.8076830797649838,0.7881267770509117
wta:220704,wta:222328,2025-02-17,2025,2025,hard,Dubai,QF,7-6(4) 6-4,74,45,83,48,84,WTA-2025-718-297,2025-718,3,0.36996248489988875,0.4571559353066829,0.41355921010328583,0.4121902068259306,0.41029402853477803
wta:216347,wta:215035,2025-02-17,2025,2025,hard,Dubai,R16,7-5 6-0,50,33,58,24,84,WTA-2025-718-286,2025-718,3,0.9882953463985656,0.8512969179127251,0.9197961321556454,0.9506087860421647,0.9206810879078577
wta:259799,wta:220548,2025-02-17,2025,2025,hard,Dubai,R16,6-1 6-1,50,31,56,23,84,WTA-2025-718-287,2025-718,3,0.7482586250002334,0.5848947207812023,0.6665766728907179,0.6739776329329014,0.6658442957164732
wta:213550,wta:211148,2025-02-17,2025,2025,hard,Dubai,R16,6-4 6-0,41,33,53,26,84,WTA-2025-718-288,2025-718,3,0.31658681626363694,0.4307293256026854,0.37365807093316117,0.37449018725153005,0.37646551676776596
wta:214981,wta:211651,2025-02-17,2025,2025,hard,Dubai,R16,4-6 7-6(8) 7-6(2),137,81,118,70,84,WTA-2025-718-289,2025-718,3,0.5749288277763084,0.5228257552639609,0.5488772915201346,0.5501622875518599,0.5491519329604764
wta:201514,wta:215613,2025-02-17,2025,2025,hard,Dubai,R16,7-6(5) 3-6 7-5,107,57,136,71,84,WTA-2025-718-290,2025-718,3,0.28022892990326764,0.42828806835520294,0.3542584991292353,0.34776358096400467,0.3517867261661593
wta:214096,wta:220520,2025-02-17,2025,2025,hard,Dubai,R16,6-3 1-6 7-6(5),92,54,105,64,84,WTA-2025-718-291,2025-718,3,0.9465790187501388,0.741806530363137,0.844192774556638,0.8717402411643157,0.8478851761434552
wta:222328,wta:202468,2025-02-17,2025,2025,hard,Dubai,R16,6-3 7-6(8),76,51,69,43,84,WTA-2025-718-292,2025-718,3,0.3140394260766337,0.44006713457430574,0.3770532803254697,0.3726493486894733,0.37394067733492964
wta:220704,wta:214544,2025-02-17,2025,2025,hard,Dubai,R16,6-3 6-2,48,29,69,31,84,WTA-2025-718-293,2025-718,3,0.09553461108470508,0.3148306377784559,0.20518262443158047,0.1826388565960083,0.20130712855120209
wta:216347,wta:201458,2025-02-17,2025,2025,hard,Dubai,R32,6-0 6-2,47,30,46,17,84,WTA-2025-718-270,2025-718,3,0.868651606836073,0.6533109551418981,0.7609812809889855,0.7789215237145367,0.7611948909981403
wta:215035,wta:215713,2025-02-17,2025,2025,hard,Dubai,R32,6-2 6-3,51,36,65,33,84,WTA-2025-718-271,2025-718,3,0.3837854003944274,0.45288373512358865,0.418334567759008,0.4217302678650401,0.42663484240044836
wta:259799,wta:214954,2025-02-17,2025,2025,hard,Dubai,R32,7-5 6-0,59,36,62,28,84,WTA-2025-718-272,2025-718,3,0.6178422352715287,0.5405248703082087,0.5791835527898688,0.5793891780910991,0.5744536168728714
wta:220548,wta:221012,2025-02-17,2025,2025,hard,Dubai,R32,3-6 6-4 6-4,100,65,84,57,84,WTA-2025-718-273,2025-718,3,0.16649852581650829,0.36951480012206284,0.26800666296928555,0.25468755311125413,0.2665113929052026
wta:211148,wta:220332,2025-02-17,2025,2025,hard,Dubai,R32,6-2 7-5,56,35,62,30,84,WTA-2025-718-274,2025-718,3,0.7930329900480385,0.6127250534025023,0.7028790217252704,0.7100314801945226,0.7031841788812057
wta:213550,wta:216146,2025-02-17,2025,2025,hard,Dubai,R32,5-7 7-6(7) 7-6(5),129,80,118,74,84,WTA-2025-718-275,2025-718,3,0.3692117930548542,0.4579493439121147,0.41358056848348446,0.4116698742080932,0.4130312856028009
wta:211651,wta:210722,2025-02-17,2025,2025,hard,Dubai,R32,6-2 6-1,48,36,38,16,84,WTA-2025-718-276,2025-718,3,0.7448444841851775,0.5831858407079646,0.6640151624465711,0.6713288685404094,0.6618485466394304
wta:214981,wta:220416,2025-02-17,2025,2025,hard,Dubai,R32,6-3 6-2,54,39,44,27,84,WTA-2025-718-277,2025-718,3,0.9881070301350153,0.8519072322245956,0.9200071311798055,0.950100765030385,0.9165283396021431
wta:215613,wta:202505,2025-02-17,2025,2025,hard,Dubai,R32,7-6(6) 2-6 6-3,85,48,108,59,84,WTA-2025-718-278,2025-718,3,0.5114988837760582,0.5031126029905402,0.5073057433832993,0.5076666735157982,0.5081296677043246
wta:201514,wta:219917,2025-02-17,2025,2025,hard,Dubai,R32,3-6 6-4 6-1,70,48,96,53,84,WTA-2025-718-279,2025-718,3,0.8296467929173446,0.6393957888312481,0.7345212908742964,0.741813829597302,0.7316222978929109
wta:214096,wta:221054,2025-02-17,2025,2025,hard,Dubai,R32,7-6(6) 6-4,77,46,80,48,84,WTA-2025-718-280,2025-718,3,0.7883738441322932,0.6072932560268538,0.6978335500795735,0.7061518988976454,0.7008240902077395
wta:220520,wta:221103,2025-02-17,2025,2025,hard,Dubai,R32,6-4 7-5,70,46,66,41,84,WTA-2025-718-281,2025-718,3,0.030792024919663236,0.20991760756789746,0.12035481624378035,0.09116584345284712,0.12072100483090271
wta:202468,wta:214643,2025-02-17,2025,2025,hard,Dubai,R32,6-0 6-4,48,29,67,29,84,WTA-2025-718-282,2025-718,3,0.731677309040837,0.5842233750381447,0.6579503420394909,0.6612268290227293,0.6562719776818466
wta:222328,wta:223670,2025-02-17,2025,2025,hard,Dubai,R32,7-6(8) 4-6 6-3,94,56,97,55,84,WTA-2025-718-283,2025-718,3,0.4332598088672483,0.48315532499237107,0.4582075669298097,0.4553586199372172,0.45488135393011486
wta:220704,wta:202494,2025-02-17,2025,2025,hard,Dubai,R32,7-6(5) 3-6 7-6(4),126,76,103,65,84,WTA-2025-718-284,2025-718,3,0.25861206347381294,0.42029295086969787,0.3394525071717554,0.3313401627451244,0.3396661171809101
wta:214544,wta:206368,2025-02-17,2025,2025,hard,Dubai,R32,6-3 6-4,79,47,62,32,84,WTA-2025-718-285,2025-718,3,0.9291524701999563,0.71495270064083,0.8220525854203932,0.8475907399777075,0.8215338182553031
wta:201458,wta:211843,2025-02-17,2025,2025,hard,Dubai,R64,2-6 7-6(4) 6-4,99,53,109,58,84,WTA-2025-718-239,2025-718,3,0.8939188304672435,0.6844980164784864,0.7892084234728649,0.8054857809558207,0.7855465376016413
wta:215035,wta:202663,2025-02-17,2025,2025,hard,Dubai,R64,6-3 7-5,75,45,72,41,84,WTA-2025-718-240,2025-718,3,0.31032859652861783,0.4370765944461398,0.37370259548737883,0.3699598592457075,0.3750147712579006
wta:215713,wta:206242,2025-02-17,2025,2025,hard,Dubai,R64,6-3 6-0,48,32,46,19,84,WTA-2025-718-241,2025-718,3,0.2518362746750394,0.41101617332926454,0.33142622400215194,0.3260961627712292,0.3320365383140226
wta:259799,wta:220589,2025-02-17,2025,2025,hard,Dubai,R64,6-2 6-1,44,30,50,20,84,WTA-2025-718-242,2025-718,3,0.8748094543824917,0.6617943240768996,0.7683018892296957,0.7851800416744219,0.7688206563947857
wta:214954,wta:201614,2025-02-17,2025,2025,hard,Dubai,R64,6-2 6-2,40,27,47,18,84,WTA-2025-718-243,2025-718,3,0.7435049410269081,0.5866036008544401,0.6650542709406742,0.6702930275400111,0.6676175910505306
wta:220548,wta:202460,2025-02-17,2025,2025,hard,Dubai,R64,7-6(6) 6-4,86,55,82,47,84,WTA-2025-718-244,2025-718,3,0.4595934677799479,0.48504729935916996,0.47232038356955897,0.4730296432940283,0.47463957795466727
wta:220332,wta:201593,2025-02-17,2025,2025,hard,Dubai,R64,5-7 7-5 6-3,106,64,92,51,84,WTA-2025-718-247,2025-718,3,0.4822039752044827,0.49078425389075375,0.48649411454761826,0.48813319878275335,0.488264026052043
wta:216146,wta:211701,2025-02-17,2025,2025,hard,Dubai,R64,6-3 6-4,72,46,45,26,84,WTA-2025-718-248,2025-718,3,0.6139438257150773,0.5372291730241074,0.5755864993695924,0.576709596563681,0.5761662979658695
wta:213550,wta:202499,2025-02-17,2025,2025,hard,Dubai,R64,7-5 6-3,59,43,61,40,84,WTA-2025-718-249,2025-718,3,0.3304362918911361,0.4379310344827586,0.38418366318694736,0.3844249491978229,0.3882422533608869
wta:211651,wta:215138,2025-02-17,2025,2025,hard,Dubai,R64,6-3 6-4,55,40,66,36,84,WTA-2025-718-250,2025-718,3,0.8717712627120958,0.660146475434849,0.7659588690734724,0.782076349996698,0.7662640262294077
wta:210722,wta:220367,2025-02-17,2025,2025,hard,Dubai,R64,6-2 6-2,51,36,59,30,84,WTA-2025-718-251,2025-718,3,0.5095452592293905,0.5008544400366188,0.5051998496330047,0.5063639356942907,0.5067866668438683
wta:220416,wta:211533,2025-02-17,2025,2025,hard,Dubai,R64,6-3 6-3,57,35,78,38,84,WTA-2025-718-252,2025-718,3,0.11156363547222332,0.3227647238327739,0.2171641796524986,0.20048830417949978,0.21997162548710342
wta:202505,wta:256684,2025-02-17,2025,2025,hard,Dubai,R64,6-0 6-2,41,28,51,22,84,WTA-2025-718-255,2025-718,3,0.7687070776640471,0.6102227647238327,0.6894649211939399,0.6901206358220244,0.6900142040746235
wta:219917,wta:216133,2025-02-17,2025,2025,hard,Dubai,R64,6-3 6-3,57,40,60,35,84,WTA-2025-718-256,2025-718,3,0.1280009268344882,0.33942630454684164,0.2337136156906649,0.21769201152199077,0.23472063430525142
wta:201514,wta:214082,2025-02-17,2025,2025,hard,Dubai,R64,6-1 6-4,63,36,42,18,84,WTA-2025-718-257,2025-718,3,0.3639650036780656,0.45251754653646625,0.40824127510726593,0.4080262991061605,0.408302306538453
wta:214096,wta:215480,2025-02-17,2025,2025,hard,Dubai,R64,6-2 6-2,49,35,51,27,84,WTA-2025-718-258,2025-718,3,0.8844026538880897,0.6747329874885566,0.7795678206883232,0.7951956362703471,0.7785608020737367
wta:221054,wta:206289,2025-02-17,2025,2025,hard,Dubai,R64,6-4 6-2,57,34,58,26,84,WTA-2025-718-259,2025-718,3,0.48900208897636627,0.4911504424778761,0.49007626572712115,0.49266740227379574,0.49108328434170767
wta:220520,wta:216153,2025-02-17,2025,2025,hard,Dubai,R64,6-2 6-3,46,33,59,27,84,WTA-2025-718-260,2025-718,3,0.24039932448240842,0.40125114433933473,0.3208252344108716,0.3171296542027425,0.3237547431078505
wta:214643,wta:201499,2025-02-17,2025,2025,hard,Dubai,R64,6-2 6-2,47,34,46,24,84,WTA-2025-718-263,2025-718,3,0.4655547446185676,0.492004882514495,0.4787798135665313,0.4770162739101392,0.4787798135665313
wta:222328,wta:201709,2025-02-17,2025,2025,hard,Dubai,R64,6-2 7-6(5),68,47,57,38,84,WTA-2025-718-264,2025-718,3,0.4106536343036231,0.4692401586817211,0.4399468964926721,0.44007870782348435,0.4437003295106764
wta:223670,wta:211684,2025-02-17,2025,2025,hard,Dubai,R64,6-2 6-2,56,36,51,22,84,WTA-2025-718-265,2025-718,3,0.735416682172064,0.5912419896246567,0.6633293358983603,0.6640780173571892,0.6597589971739173
wta:202494,wta:214939,2025-02-17,2025,2025,hard,Dubai,R64,6-1 6-2,45,26,52,21,84,WTA-2025-718-266,2025-718,3,0.624443326871054,0.5357033872444309,0.5800733570577424,0.5839396846661888,0.584192978662869
wta:220704,wta:211685,2025-02-17,2025,2025,hard,Dubai,R64,7-6(7) 6-0,55,42,68,37,84,WTA-2025-718-267,2025-718,3,0.5143386922291583,0.5111687519072322,0.5127537220681953,0.5095605844648313,0.5082373961603528
wta:206368,wta:206420,2025-02-17,2025,2025,hard,Dubai,R64,3-6 6-4 6-3,99,62,81,53,84,WTA-2025-718-268,2025-718,3,0.4272580545453272,0.4823008849557522,0.45477946975053973,0.4513135736056218,0.451636351044406
wta:259799,wta:214981,2025-02-17,2025,2025,hard,Dubai,SF,6-4 4-6 6-3,101,60,90,54,84,WTA-2025-718-298,2025-718,3,0.363653672145541,0.46057369545315835,0.41211368379934965,0.40780971555988155,0.4096113951206802
wta:220704,wta:214096,2025-02-17,2025,2025,hard,Dubai,SF,6-4 6-7(4) 6-3,111,70,105,63,84,WTA-2025-718-299,2025-718,3,0.13292525657665544,0.34253890753738175,0.2377320820570186,0.22266111274922418,0.23977663500178514
wta:202468,wta:220520,2025-02-24,2025,2025,hard,Austin,F,7-5 6-2,66,38,64,31,84,WTA-2025-2082-300,2025-2082,3,0.9107730406346598,0.6946292340555386,0.8027011373450992,0.8247317228611556,0.8027926844918798
wta:220520,wta:201514,2025-02-24,2025,2025,hard,Austin,QF,5-7 6-4 6-1,99,61,104,56,84,WTA-2025-2082-294,2025-2082,3,0.3603187127434405,0.456240463838877,0.40827958829115873,0.405486926561369,0.4108734241166089
wta:213889,wta:214452,2025-02-24,2025,2025,hard,Austin,QF,6-3 7-5,76,48,62,35,84,WTA-2025-2082-295,2025-2082,3,0.5513821372026798,0.5284406469331706,0.5399113920679253,0.5343220488426862,0.5339913432427803
wta:201548,wta:214262,2025-02-24,2025,2025,hard,Austin,QF,7-5 3-6 7-6(8),109,70,107,68,84,WTA-2025-2082-296,2025-2082,3,0.6842712787168732,0.5693927372596888,0.626832007988281,0.626129417358732,0.6254282850709786
wta:202468,wta:215020,2025-02-24,2025,2025,hard,Austin,QF,6-2 6-2,46,31,47,19,84,WTA-2025-2082-297,2025-2082,3,0.974518047528257,0.7924015868172108,0.8834598171727339,0.9190355812468112,0.8862062315761516
wta:201514,wta:223670,2025-02-24,2025,2025,hard,Austin,R16,6-3 2-6 6-4,104,63,77,47,84,WTA-2025-2082-286,2025-2082,3,0.25549570191597576,0.41309124198962466,0.33429347195280024,0.32893437041223933,0.3335305790629619
wta:220520,wta:213710,2025-02-24,2025,2025,hard,Austin,R16,5-7 6-3 7-6(4),119,64,113,58,84,WTA-2025-2082-287,2025-2082,3,0.5053208307966071,0.49786389990845287,0.5015923653525299,0.503547294924416,0.5039420754532318
wta:214452,wta:219875,2025-02-24,2025,2025,hard,Austin,R16,5-7 6-2 6-2,105,58,91,44,84,WTA-2025-2082-288,2025-2082,3,0.6488463907451514,0.5466890448581019,0.5977677178016266,0.6009235760328349,0.5980728749575619
wta:213889,wta:215480,2025-02-24,2025,2025,hard,Austin,R16,6-1 6-0,45,29,39,12,84,WTA-2025-2082-289,2025-2082,3,0.40159688084642003,0.4655782728104974,0.4335875768284587,0.4339195088779392,0.4358762554979735
wta:201548,wta:214839,2025-02-24,2025,2025,hard,Austin,R16,4-6 6-3 6-0,86,58,80,47,84,WTA-2025-2082-290,2025-2082,3,0.6458157764972936,0.5493744278303326,0.5975951021638131,0.5987993128502929,0.598968309365522
wta:214262,wta:214040,2025-02-24,2025,2025,hard,Austin,R16,6-3 4-6 6-4,86,57,94,53,84,WTA-2025-2082-291,2025-2082,3,0.35480164684106896,0.4474519377479402,0.40112679229450454,0.40163290561324183,0.4025610309274005
wta:215020,wta:213583,2025-02-24,2025,2025,hard,Austin,R16,6-2 6-2,45,31,51,22,84,WTA-2025-2082-292,2025-2082,3,0.5527120967462383,0.505981080256332,0.5293465885012851,0.5352140672673852,0.5336798201155666
wta:202468,wta:203463,2025-02-24,2025,2025,hard,Austin,R16,6-1 6-3,41,32,59,30,84,WTA-2025-2082-293,2025-2082,3,0.9730463400986927,0.8021055843759536,0.8875759622373232,0.9161288307061712,0.8895289680353091
wta:223670,wta:236955,2025-02-24,2025,2025,hard,Austin,R32,0-6 6-2 7-5,86,45,89,46,84,WTA-2025-2082-270,2025-2082,3,0.9723187738091413,0.8197436679890143,0.8960312208990778,0.9147154342803009,0.8926744921837895
wta:201514,wta:201696,2025-02-24,2025,2025,hard,Austin,R32,6-3 0-6 6-1,73,40,76,40,84,WTA-2025-2082-271,2025-2082,3,0.628927633472093,0.5477265791882819,0.5883271063301875,0.5870409311326443,0.5877473077339104
wta:213710,wta:211095,2025-02-24,2025,2025,hard,Austin,R32,6-3 6-4,62,40,72,37,84,WTA-2025-2082-272,2025-2082,3,0.4591543390970312,0.48419285932255113,0.47167359920979113,0.4727358120759416,0.47408434074168004
wta:220520,wta:203530,2025-02-24,2025,2025,hard,Austin,R32,6-2 7-5,70,41,76,38,84,WTA-2025-2082-273,2025-2082,3,0.5420040008962198,0.5134879462923405,0.5277459735942802,0.528039373870943,0.5282647407593701
wta:219875,wta:220548,2025-02-24,2025,2025,hard,Austin,R32,6-2 6-3,58,36,63,30,84,WTA-2025-2082-274,2025-2082,3,0.18207713626002497,0.38196521208422335,0.28202117417212413,0.2686351302886264,0.2786949611724293
wta:214452,wta:220435,2025-02-24,2025,2025,hard,Austin,R32,6-2 5-7 6-4,79,54,94,52,84,WTA-2025-2082-275,2025-2082,3,0.5675669848681537,0.5289899298138542,0.548278457341004,0.5451981708063098,0.5428161442497619
wta:213889,wta:221096,2025-02-24,2025,2025,hard,Austin,R32,5-7 6-3 6-2,90,56,97,51,84,WTA-2025-2082-276,2025-2082,3,0.6539040184387553,0.5603600854440036,0.6071320519413794,0.6044789792258033,0.60411099609762
wta:215480,wta:215872,2025-02-24,2025,2025,hard,Austin,R32,1-6 6-3 6-4,100,50,102,51,84,WTA-2025-2082-277,2025-2082,3,0.7055941810459924,0.573664937442783,0.6396295592443877,0.6416932073424947,0.6371272705657182
wta:201548,wta:220465,2025-02-24,2025,2025,hard,Austin,R32,7-6(3) 7-5,92,48,106,51,84,WTA-2025-2082-278,2025-2082,3,0.3803922878563894,0.46722612145254805,0.4238092046544687,0.4193954385244601,0.42435848753515226
wta:214839,wta:201520,2025-02-24,2025,2025,hard,Austin,R32,3-6 6-4 6-4,115,64,97,55,84,WTA-2025-2082-279,2025-2082,3,0.1362069975714358,0.3282575526396094,0.23223227510552258,0.22592979573221528,0.23412424947232152
wta:214262,wta:215219,2025-02-24,2025,2025,hard,Austin,R32,2-6 6-3 6-2,82,54,80,47,84,WTA-2025-2082-280,2025-2082,3,0.4337195585937749,0.4772352761672261,0.4554774173805005,0.45566817078856103,0.4523037829587733
wta:214040,wta:206294,2025-02-24,2025,2025,hard,Austin,R32,7-6(5) 7-6(5),90,50,88,49,84,WTA-2025-2082-281,2025-2082,3,0.33576276635160524,0.4468416234360696,0.39130219489383744,0.388214667242587,0.3944758293155646
wta:215020,wta:220416,2025-02-24,2025,2025,hard,Austin,R32,4-6 6-4 6-0,91,51,76,37,84,WTA-2025-2082-282,2025-2082,3,0.5724656888519678,0.5250839182178823,0.548774803534925,0.5485000653884444,0.5460894205626943
wta:213583,wta:214388,2025-02-24,2025,2025,hard,Austin,R32,6-4 4-6 6-1,94,52,77,41,84,WTA-2025-2082-283,2025-2082,3,0.4637374452566506,0.48761061946902656,0.47567403236283856,0.4758013632634932,0.4762843466747092
wta:203463,wta:222837,2025-02-24,2025,2025,hard,Austin,R32,6-2 6-4,69,41,54,25,84,WTA-2025-2082-284,2025-2082,3,0.580706067275283,0.5321025328043942,0.5564043000398387,0.5540665361803386,0.5561296585994968
wta:202468,wta:201551,2025-02-24,2025,2025,hard,Austin,R32,6-3 3-2 RET,46,30,42,22,84,WTA-2025-2082-285,2025-2082,3,0.9162895118999892,0.6981080256332011,0.8071987687665951,0.8313621616225495,0.8093348688581423
wta:220520,wta:213889,2025-02-24,2025,2025,hard,Austin,SF,7-5 6-4,57,37,90,47,84,WTA-2025-2082-298,2025-2082,3,0.4201900306060642,0.4823008849557522,0.4512454577809082,0.4465395719767975,0.44541695610254384
wta:202468,wta:201548,2025-02-24,2025,2025,hard,Austin,SF,6-1 4-6 6-3,89,52,91,47,84,WTA-2025-2082-299,2025-2082,3,0.9119277174731485,0.6901739395788832,0.8010508285260158,0.8261047641330532,0.8006236085077063
wta:215613,wta:215306,2025-02-24,2025,2025,hard,Merida,F,6-0 6-0,36,26,38,11,84,WTA-2025-2085-300,2025-2085,3,0.854194087625325,0.6508696978944156,0.7525318927598703,0.7646938354508912,0.7562242943466875
wta:201611,wta:211651,2025-02-24,2025,2025,hard,Merida,QF,1-6 5-3 RET,39,17,47,27,84,WTA-2025-2085-294,2025-2085,3,0.08650855659817737,0.30097650289899297,0.19374252974858516,0.17202348440269882,0.19352891973943046
wta:215306,wta:211685,2025-02-24,2025,2025,hard,Merida,QF,5-7 6-3 6-0,100,53,73,30,84,WTA-2025-2085-295,2025-2085,3,0.27820611339676155,0.4200488251449496,0.3491274692708556,0.3462452567535422,0.34619796057387664
wta:220589,wta:233741,2025-02-24,2025,2025,hard,Merida,QF,4-6 6-2 6-0,83,44,76,30,84,WTA-2025-2085-296,2025-2085,3,0.5497609872558346,0.5140372291730241,0.5318991082144293,0.533235094771424,0.5351337740673436
wta:215613,wta:220309,2025-02-24,2025,2025,hard,Merida,QF,6-4 6-2,49,25,54,20,84,WTA-2025-2085-297,2025-2085,3,0.851024318424272,0.6531278608483368,0.7520760896363043,0.7616545017013188,0.7488414237833902
wta:211651,wta:211713,2025-02-24,2025,2025,hard,Merida,R16,6-2 6-1,43,33,43,19,84,WTA-2025-2085-286,2025-2085,3,0.8994702439551185,0.681141287763198,0.7903057658591583,0.8116705139059938,0.7897564829784747
wta:201611,wta:211843,2025-02-24,2025,2025,hard,Merida,R16,4-6 6-2 6-2,84,49,79,40,84,WTA-2025-2085-287,2025-2085,3,0.5578979782336682,0.5146475434848947,0.5362727608592814,0.5386950429309347,0.540850118198311
wta:211685,wta:206242,2025-02-24,2025,2025,hard,Merida,R16,7-6(8) 6-3,72,43,97,52,84,WTA-2025-2085-288,2025-2085,3,0.3339005772849038,0.44623130912419895,0.39006594320455135,0.38689162226045287,0.39439917481883274
wta:215306,wta:215936,2025-02-24,2025,2025,hard,Merida,R16,3-6 6-3 3-4 RET,77,41,83,42,84,WTA-2025-2085-289,2025-2085,3,0.4752144098230348,0.4844980164784864,0.4798562131507606,0.48346874618366564,0.4859288405538732
wta:220589,wta:222601,2025-02-24,2025,2025,hard,Merida,R16,6-1 6-4,61,39,53,27,84,WTA-2025-2085-290,2025-2085,3,0.5475131980712824,0.5150747635032041,0.5312939807872432,0.5317286368694656,0.5316601693743657
wta:233741,wta:202499,2025-02-24,2025,2025,hard,Merida,R16,6-1 6-2,60,40,64,30,84,WTA-2025-2085-291,2025-2085,3,0.21966034880552326,0.3803783948733598,0.3000193718394415,0.3004622031439479,0.2975475988763655
wta:220309,wta:202663,2025-02-24,2025,2025,hard,Merida,R16,6-3 3-1 RET,39,27,40,23,84,WTA-2025-2085-292,2025-2085,3,0.29164868453719794,0.4275556911809582,0.35960218785907805,0.35626931711768545,0.3589308421160204
wta:215613,wta:201549,2025-02-24,2025,2025,hard,Merida,R16,6-1 6-2,49,36,35,15,84,WTA-2025-2085-293,2025-2085,3,0.8898765913326313,0.6786389990845285,0.7842577952085799,0.8010687424410385,0.7856310024102888
wta:211713,wta:263857,2025-02-24,2025,2025,hard,Merida,R32,6-4 4-1 RET,50,32,46,20,84,WTA-2025-2085-271,2025-2085,3,0.36950730377459007,0.459231003967043,0.4143691538708165,0.41187473244800465,0.41397244956810064
wta:211843,wta:206417,2025-02-24,2025,2025,hard,Merida,R32,6-4 1-6 6-1,74,44,68,40,84,WTA-2025-2085-272,2025-2085,3,0.9128411483944585,0.7213610009154715,0.817101074654965,0.8271963856310788,0.8146598174074826
wta:201611,wta:216146,2025-02-24,2025,2025,hard,Merida,R32,6-4 7-6(6),77,42,83,42,84,WTA-2025-2085-273,2025-2085,3,0.2399208614599857,0.4047909673481843,0.322355914404085,0.3167512373348486,0.3217150843766209
wta:211685,wta:215138,2025-02-24,2025,2025,hard,Merida,R32,6-3 6-1,49,34,53,24,84,WTA-2025-2085-275,2025-2085,3,0.6036275615054487,0.5348489472078121,0.5692382543566303,0.5696447959948625,0.5680481414484827
wta:215936,wta:210886,2025-02-24,2025,2025,hard,Merida,R32,6-4 3-0 RET,43,29,33,16,84,WTA-2025-2085-276,2025-2085,3,0.6694955295288297,0.5674397314617028,0.6184676304952663,0.6155264372626179,0.6176437061742409
wta:215306,wta:214604,2025-02-24,2025,2025,hard,Merida,R32,6-2 6-3,70,38,61,26,84,WTA-2025-2085-277,2025-2085,3,0.6628914229405249,0.5602380225816296,0.6115647227610772,0.6108303981016889,0.6111680184583613
wta:220589,wta:211684,2025-02-24,2025,2025,hard,Merida,R32,4-6 6-3 6-3,97,55,82,44,84,WTA-2025-2085-278,2025-2085,3,0.3874356985850442,0.46362526701251144,0.4255304827987778,0.42423728686074946,0.4280938029086344
wta:222601,wta:260761,2025-02-24,2025,2025,hard,Merida,R32,7-5 5-7 7-5,139,74,110,55,84,WTA-2025-2085-279,2025-2085,3,0.6699194664240722,0.5797680805614892,0.6248437734927808,0.6158287630259338,0.6259423392541478
wta:233741,wta:211814,2025-02-24,2025,2025,hard,Merida,R32,6-3 6-2,65,40,67,32,84,WTA-2025-2085-280,2025-2085,3,0.7164182206806519,0.597528227036924,0.656973223858788,0.6497276709745516,0.6530366965472225
wta:220309,wta:206289,2025-02-24,2025,2025,hard,Merida,R32,7-5 6-2,65,37,68,32,84,WTA-2025-2085-282,2025-2085,3,0.17164414256578173,0.3702471772963076,0.27094565993104464,0.25935064936051605,0.26813821409643984
wta:202663,wta:220714,2025-02-24,2025,2025,hard,Merida,R32,6-4 6-0,54,32,60,25,84,WTA-2025-2085-283,2025-2085,3,0.6802732550412686,0.5546231309124199,0.6174481929768443,0.6232467168519092,0.6224527703341833
wta:201549,wta:201585,2025-02-24,2025,2025,hard,Merida,R32,6-2 6-3,56,28,62,23,84,WTA-2025-2085-284,2025-2085,3,0.33433744367193735,0.4450106805004577,0.38967406208619754,0.38720218577902993,0.38955199922382344
wta:215306,wta:201611,2025-02-24,2025,2025,hard,Merida,SF,6-3 4-6 6-2,84,50,107,57,84,WTA-2025-2085-298,2025-2085,3,0.4266628564148377,0.47351235886481535,0.4500876076398265,0.45091199891198047,0.4535969149330826
wta:215613,wta:220589,2025-02-24,2025,2025,hard,Merida,SF,6-3 6-3,55,35,62,28,84,WTA-2025-2085-299,2025-2085,3,0.7988675446042581,0.6096124504119622,0.7042399975081102,0.714937700370283,0.7061624875905026
wta:259799,wta:214544,2025-03-05,2025,2025,hard,Indian Wells,F,2-6 6-4 6-3,82,51,92,52,85,WTA-2025-609-300,2025-609,3,0.3639379698099219,0.45733902960024414,0.41063849970508304,0.4080074942224532,0.4122558326315401
wta:216347,wta:221012,2025-03-05,2025,2025,hard,Indian Wells,QF,6-3 6-3,54,34,59,27,85,WTA-2025-609-294,2025-609,3,0.8065667703181657,0.6178516936222155,0.7122092319701906,0.7214976985092401,0.7078454846403157
wta:259799,wta:202494,2025-03-05,2025,2025,hard,Indian Wells,QF,7-5 6-3,52,40,72,41,85,WTA-2025-609-295,2025-609,3,0.5637833827302869,0.5218492523649679,0.5428163175476275,0.5426512875286277,0.5427247704008469
wta:201619,wta:202505,2025-03-05,2025,2025,hard,Indian Wells,QF,6-1 6-1,48,29,52,20,85,WTA-2025-609-296,2025-609,3,0.6029757057619158,0.5340555386023802,0.568515622182148,0.5691995998467412,0.5684240750353675
wta:214544,wta:214643,2025-03-05,2025,2025,hard,Indian Wells,QF,6-2 6-3,49,31,60,27,85,WTA-2025-609-297,2025-609,3,0.8750909126949589,0.6595361611229783,0.7673135369089685,0.785469168254166,0.7668252854594722
wta:201614,wta:211095,2025-03-05,2025,2025,hard,Indian Wells,R128,6-3 6-4,55,37,57,30,85,WTA-2025-609-175,2025-609,3,0.584674035995549,0.5264266097039976,0.5555503228497733,0.5567528427953847,0.5539329899233162
wta:215035,wta:206294,2025-03-05,2025,2025,hard,Indian Wells,R128,6-2 6-4,63,39,58,29,85,WTA-2025-609-176,2025-609,3,0.6234110514940989,0.5328959414098261,0.5781534964519626,0.5832269472251834,0.5819984766167474
wta:211701,wta:214604,2025-03-05,2025,2025,hard,Indian Wells,R128,6-2 6-1,45,26,68,26,85,WTA-2025-609-179,2025-609,3,0.813908177425853,0.6202319194385109,0.7170700484321819,0.7278493313520654,0.7178024256064266
wta:220714,wta:213887,2025-03-05,2025,2025,hard,Indian Wells,R128,6-4 1-0 RET,37,26,30,15,85,WTA-2025-609-180,2025-609,3,0.4768981828825582,0.48864815379920656,0.48277316834088235,0.4845926945506301,0.48609938134057723
wta:214452,wta:215872,2025-03-05,2025,2025,hard,Indian Wells,R128,6-2 7-6(3),76,44,66,32,85,WTA-2025-609-183,2025-609,3,0.5781081817225446,0.5332621299969484,0.5556851558597465,0.5523099025847124,0.5510467670895298
wta:221905,wta:215898,2025-03-05,2025,2025,hard,Indian Wells,R128,3-6 7-5 6-2,79,46,105,55,85,WTA-2025-609-184,2025-609,3,0.5424185456232414,0.5094598718339945,0.525939208728618,0.5283168368204766,0.5282278873981328
wta:215138,wta:211685,2025-03-05,2025,2025,hard,Indian Wells,R128,6-3 1-6 7-6(2),99,63,96,62,85,WTA-2025-609-187,2025-609,3,0.2241565397861226,0.39539212694537684,0.3097743333657497,0.30412369364858205,0.3084621575952279
wta:201458,wta:238064,2025-03-05,2025,2025,hard,Indian Wells,R128,6-4 7-6(7),68,44,80,44,85,WTA-2025-609-188,2025-609,3,0.8583068192808743,0.6757705218187366,0.7670386705498055,0.7686786398458996,0.7652687590453806
wta:202663,wta:220548,2025-03-05,2025,2025,hard,Indian Wells,R128,6-4 4-6 6-3,86,55,86,51,85,WTA-2025-609-191,2025-609,3,0.39282140481466504,0.4657003356728715,0.42926087024376824,0.4279275013791189,0.42886416594105237
wta:216133,wta:210886,2025-03-05,2025,2025,hard,Indian Wells,R128,6-4 7-5,81,50,80,44,85,WTA-2025-609-192,2025-609,3,0.8871823923131517,0.676136710405859,0.7816595513595053,0.7981629539975311,0.7759531125435151
wta:221909,wta:220465,2025-03-05,2025,2025,hard,Indian Wells,R128,0-6 6-2 6-2,81,44,70,35,85,WTA-2025-609-195,2025-609,3,0.524745778017664,0.5076899603295697,0.5162178691736168,0.5165046761388781,0.5145700205315662
wta:221024,wta:215992,2025-03-05,2025,2025,hard,Indian Wells,R128,6-1 6-2,46,34,50,24,85,WTA-2025-609-196,2025-609,3,0.9342228019527976,0.7732987488556606,0.8537607754042291,0.8543284312484002,0.8545236682940673
wta:219875,wta:201520,2025-03-05,2025,2025,hard,Indian Wells,R128,4-6 6-3 6-4,80,50,111,58,85,WTA-2025-609-199,2025-609,3,0.21560849327452825,0.3919743667989014,0.3037914300367148,0.29713825142839595,0.29942768270683995
wta:215785,wta:211768,2025-03-05,2025,2025,hard,Indian Wells,R128,6-4 6-4,56,39,83,46,85,WTA-2025-609-200,2025-609,3,0.1394665581925509,0.346750076289289,0.24310831724091997,0.229143859442007,0.24719742313045306
wta:201593,wta:215983,2025-03-05,2025,2025,hard,Indian Wells,R128,7-5 3-6 6-1,77,50,84,48,85,WTA-2025-609-203,2025-609,3,0.22227135773545023,0.3989929813854135,0.3106321695604319,0.30259188125145664,0.30944205665228414
wta:215480,wta:213631,2025-03-05,2025,2025,hard,Indian Wells,R128,3-6 6-3 6-3,80,48,95,52,85,WTA-2025-609-204,2025-609,3,0.33255382268180833,0.44653646628013427,0.38954514448097133,0.38593353102858774,0.3900333959304678
wta:215713,wta:222601,2025-03-05,2025,2025,hard,Indian Wells,R128,6-7(5) 6-4 7-5,121,69,120,64,85,WTA-2025-609-207,2025-609,3,0.8126639653045759,0.6195605736954531,0.7161122695000145,0.7267659655692034,0.716142785215608
wta:214040,wta:203530,2025-03-05,2025,2025,hard,Indian Wells,R128,6-4 6-4,69,36,62,29,85,WTA-2025-609-208,2025-609,3,0.5787795175506513,0.5233750381446445,0.5510772778476478,0.5527636879691848,0.5508026364073061
wta:220589,wta:201616,2025-03-05,2025,2025,hard,Indian Wells,R128,6-4 6-2,61,31,56,22,85,WTA-2025-609-211,2025-609,3,0.8750723161461356,0.6706438815990236,0.7728580988725795,0.7854500565641075,0.7700201373223812
wta:201514,wta:233741,2025-03-05,2025,2025,hard,Indian Wells,R128,6-2 7-5,68,39,65,31,85,WTA-2025-609-212,2025-609,3,0.4896082736253577,0.5004882514494965,0.49504826253742706,0.49307162815210426,0.49254597385875754
wta:219917,wta:214939,2025-03-05,2025,2025,hard,Indian Wells,R128,6-4 6-3,63,39,82,41,85,WTA-2025-609-215,2025-609,3,0.24641332813698819,0.41657003356728717,0.33149168085213765,0.3218631890769437,0.32776876354972695
wta:202505,wta:213583,2025-03-05,2025,2025,hard,Indian Wells,R128,6-1 6-1,39,29,41,15,85,WTA-2025-609-216,2025-609,3,0.9790338528714737,0.8101007018614587,0.8945672773664661,0.9284046851204305,0.895879453136988
wta:202600,wta:215337,2025-03-05,2025,2025,hard,Indian Wells,R128,6-2 6-3,52,33,81,38,85,WTA-2025-609-219,2025-609,3,0.28265676797674194,0.4351235886481538,0.35889017831244785,0.3495811682468808,0.3585239897253255
wta:220416,wta:221054,2025-03-05,2025,2025,hard,Indian Wells,R128,6-3 6-2,60,35,54,24,85,WTA-2025-609-220,2025-609,3,0.14011518258359734,0.351754653646628,0.24593491811511267,0.22977966472693345,0.24691142101410565
wta:260300,wta:211814,2025-03-05,2025,2025,hard,Indian Wells,R128,2-6 7-5 6-0,78,48,76,40,85,WTA-2025-609-223,2025-609,3,0.9200070760940599,0.7335672871528838,0.8267871816234718,0.8359359993179672,0.8245900501007376
wta:211713,wta:206368,2025-03-05,2025,2025,hard,Indian Wells,R128,6-2 6-3,70,42,69,35,85,WTA-2025-609-224,2025-609,3,0.29930195133621124,0.43548977723527615,0.36739586428574367,0.361910238569464,0.3669076128362472
wta:216083,wta:201548,2025-03-05,2025,2025,hard,Indian Wells,R128,6-4 0-0 RET,35,18,29,14,85,WTA-2025-609-227,2025-609,3,0.3467918640962181,0.45257857796765333,0.3996852210319357,0.3960109942642145,0.3932158893261072
wta:213550,wta:213666,2025-03-05,2025,2025,hard,Indian Wells,R128,6-2 6-1,44,31,52,23,85,WTA-2025-609-228,2025-609,3,0.8845415551317776,0.6877326823314007,0.7861371187315891,0.7953431868491101,0.786076087300402
wta:222661,wta:201478,2025-03-05,2025,2025,hard,Indian Wells,R128,7-6(6) 6-2,65,47,72,43,85,WTA-2025-609-231,2025-609,3,0.7775181478307165,0.6127860848336893,0.695152116332203,0.6972368394821012,0.6972577007081565
wta:221236,wta:214906,2025-03-05,2025,2025,hard,Indian Wells,R128,6-4 6-2,88,49,55,27,85,WTA-2025-609-232,2025-609,3,0.6117743609724877,0.5365578272810497,0.5741660941267688,0.5752208187269255,0.5736473269616786
wta:214459,wta:211843,2025-03-05,2025,2025,hard,Indian Wells,R128,6-4 7-5,72,41,75,38,85,WTA-2025-609-235,2025-609,3,0.6274469130809073,0.5459566676838572,0.5867017903823822,0.5860159794662833,0.5841384702725256
wta:220520,wta:215020,2025-03-05,2025,2025,hard,Indian Wells,R128,6-1 6-2,44,29,44,16,85,WTA-2025-609-236,2025-609,3,0.7768712527820926,0.5978944156240464,0.6873828342030694,0.6967108416178088,0.6870471613315406
wta:216347,wta:214096,2025-03-05,2025,2025,hard,Indian Wells,R16,6-1 6-1,37,28,39,17,85,WTA-2025-609-286,2025-609,3,0.8050889022913575,0.6080866646322857,0.7065877834618216,0.7202306731298326,0.7098834807459229
wta:221012,wta:216146,2025-03-05,2025,2025,hard,Indian Wells,R16,6-3 6-2,55,34,56,26,85,WTA-2025-609-287,2025-609,3,0.7081464919210088,0.5737870003051572,0.640966746113083,0.6435791125907907,0.63999024321409
wta:202494,wta:202468,2025-03-05,2025,2025,hard,Indian Wells,R16,5-7 6-1 6-2,94,58,84,45,85,WTA-2025-609-288,2025-609,3,0.4336756494523701,0.4844980164784864,0.45908683296542824,0.45563860847681636,0.45920889582780233
wta:259799,wta:214981,2025-03-05,2025,2025,hard,Indian Wells,R16,6-1 6-2,40,26,55,23,85,WTA-2025-609-289,2025-609,3,0.41002220893230623,0.4766249618553555,0.4433235853938309,0.4396500626463944,0.4430489439534891
wta:201619,wta:202499,2025-03-05,2025,2025,hard,Indian Wells,R16,4-6 7-6(7) 6-3,91,59,110,65,85,WTA-2025-609-290,2025-609,3,0.8480042721900232,0.6422032346658529,0.7451037534279381,0.7587836007970729,0.7438526090886033
wta:202505,wta:221103,2025-03-05,2025,2025,hard,Indian Wells,R16,3-6 6-3 6-4,89,57,87,56,85,WTA-2025-609-291,2025-609,3,0.3273427516777472,0.44623130912419895,0.38678703040097306,0.3822162146443037,0.3844068045846777
wta:214643,wta:211148,2025-03-05,2025,2025,hard,Indian Wells,R16,6-0 6-4,43,31,52,23,85,WTA-2025-609-292,2025-609,3,0.39379922394695605,0.46441867561794326,0.4291089497824496,0.4285964180411637,0.4331370242407957
wta:214544,wta:222661,2025-03-05,2025,2025,hard,Indian Wells,R16,6-1 6-2,46,30,53,23,85,WTA-2025-609-293,2025-609,3,0.9072094350433365,0.7015868172108636,0.8043981261271,0.8205412655818825,0.8009803659806246
wta:216347,wta:215035,2025-03-05,2025,2025,hard,Indian Wells,R32,6-0 6-2,42,30,50,22,85,WTA-2025-609-270,2025-609,3,0.9650828377810833,0.7699420201403723,0.8675124289607278,0.9013951829710296,0.8658340646030835
wta:214096,wta:211701,2025-03-05,2025,2025,hard,Indian Wells,R32,7-5 6-1,65,38,60,26,85,WTA-2025-609-271,2025-609,3,0.8460860050958349,0.639273725968874,0.7426798655323544,0.7569723239193575,0.738865401083163
wta:216146,wta:214452,2025-03-05,2025,2025,hard,Indian Wells,R32,6-3 6-3,71,44,79,41,85,WTA-2025-609-272,2025-609,3,0.7741565073875389,0.5980164784864205,0.6860864929369797,0.6945096515009781,0.6862695872305409
wta:221012,wta:215138,2025-03-05,2025,2025,hard,Indian Wells,R32,6-4 7-5,70,40,72,36,85,WTA-2025-609-273,2025-609,3,0.9435599756772176,0.7424168446750077,0.8429884101761127,0.8673414561381027,0.8432020201852674
wta:202468,wta:216133,2025-03-05,2025,2025,hard,Indian Wells,R32,6-2 6-1,55,35,42,17,85,WTA-2025-609-274,2025-609,3,0.8627148169167744,0.6444613976197742,0.7535881072682743,0.7730035379134849,0.7567007102588144
wta:202494,wta:203389,2025-03-05,2025,2025,hard,Indian Wells,R32,6-2 6-4,71,43,45,24,85,WTA-2025-609-275,2025-609,3,0.6020511777560077,0.5351541043637473,0.5686026410598775,0.5685684135340074,0.5634149694089773
wta:259799,wta:220704,2025-03-05,2025,2025,hard,Indian Wells,R32,6-3 6-0,38,28,48,22,85,WTA-2025-609-276,2025-609,3,0.6715595405172373,0.5515105279218798,0.6115350342195586,0.6169993786678869,0.612603084265332
wta:214981,wta:211107,2025-03-05,2025,2025,hard,Indian Wells,R32,6-0 7-5,49,36,59,31,85,WTA-2025-609-277,2025-609,3,0.8384881904243687,0.6290204455294477,0.7337543179769082,0.7498879582300756,0.7368669209674483
wta:201619,wta:210722,2025-03-05,2025,2025,hard,Indian Wells,R32,6-2 6-7(8) 6-4,128,74,123,69,85,WTA-2025-609-278,2025-609,3,0.7471410117084127,0.5869087580103753,0.667024884859394,0.673109178864367,0.6635766089973251
wta:202499,wta:215613,2025-03-05,2025,2025,hard,Indian Wells,R32,7-6(5) 6-1,70,35,60,25,85,WTA-2025-609-279,2025-609,3,0.36085089740347176,0.45520292950869695,0.40802691345608433,0.4058579335795226,0.40842361775880026
wta:202505,wta:223670,2025-03-05,2025,2025,hard,Indian Wells,R32,6-4 6-4,62,35,66,29,85,WTA-2025-609-280,2025-609,3,0.7388846796485691,0.5810497406164175,0.6599672101324933,0.6667346540991554,0.6597536001233386
wta:221103,wta:206289,2025-03-05,2025,2025,hard,Indian Wells,R32,7-6(1) 6-2,74,45,60,28,85,WTA-2025-609-281,2025-609,3,0.9084683888511286,0.693042416844675,0.8007554028479018,0.8220136982322649,0.8008164342790889
wta:211148,wta:211713,2025-03-05,2025,2025,hard,Indian Wells,R32,6-4 3-6 6-4,104,59,96,51,85,WTA-2025-609-282,2025-609,3,0.8238027373056869,0.6228562709795544,0.7233295041426206,0.7365702626456112,0.7256792142433226
wta:214643,wta:214082,2025-03-05,2025,2025,hard,Indian Wells,R32,2-6 6-3 6-2,85,47,70,35,85,WTA-2025-609-283,2025-609,3,0.39768795141255137,0.47436679890143424,0.4360273751569928,0.431253514742365,0.43654614232208283
wta:222661,wta:221236,2025-03-05,2025,2025,hard,Indian Wells,R32,7-5 6-3,74,47,63,35,85,WTA-2025-609-284,2025-609,3,0.6305369761148523,0.5466890448581019,0.5886130104864771,0.5881559615239897,0.5904439534220889
wta:214544,wta:214459,2025-03-05,2025,2025,hard,Indian Wells,R32,6-1 6-2,47,31,58,25,85,WTA-2025-609-285,2025-609,3,0.9103228781969736,0.6943851083307904,0.8023539932638819,0.8241984847026923,0.8000042831631802
wta:216347,wta:201614,2025-03-05,2025,2025,hard,Indian Wells,R64,6-2 6-0,44,28,44,15,85,WTA-2025-609-238,2025-609,3,0.9803981352949165,0.8216966737870003,0.9010474045409584,0.9313889074288282,0.9005896688070554
wta:215035,wta:202460,2025-03-05,2025,2025,hard,Indian Wells,R64,6-3 6-1,58,35,49,20,85,WTA-2025-609-239,2025-609,3,0.2896835184347322,0.42389380530973453,0.35678866187223335,0.35481335904169065,0.3615185977892306
wta:211701,wta:201709,2025-03-05,2025,2025,hard,Indian Wells,R64,6-2 6-2,60,37,69,32,85,WTA-2025-609-240,2025-609,3,0.22881760702020817,0.40790357033872443,0.3183605886794663,0.30789053802556304,0.3169873814777574
wta:214096,wta:220714,2025-03-05,2025,2025,hard,Indian Wells,R64,6-4 6-3,65,39,53,28,85,WTA-2025-609-241,2025-609,3,0.9238703334530062,0.7118400976502899,0.8178552155516481,0.840786157577909,0.8135219839373666
wta:214452,wta:220332,2025-03-05,2025,2025,hard,Indian Wells,R64,7-6(3) 6-4,69,48,82,46,85,WTA-2025-609-242,2025-609,3,0.45104774833121075,0.4796155019835215,0.46533162515736615,0.46730700125045366,0.4671320523773844
wta:216146,wta:221905,2025-03-05,2025,2025,hard,Indian Wells,R64,6-1 6-3,46,32,46,20,85,WTA-2025-609-243,2025-609,3,0.8434895691608936,0.6388465059505646,0.741168037555729,0.7545354859214234,0.7448604391425463
wta:215138,wta:222328,2025-03-05,2025,2025,hard,Indian Wells,R64,6-1 6-4,56,40,60,33,85,WTA-2025-609-244,2025-609,3,0.06596133723252624,0.27595361611229785,0.17095747667241204,0.14592003726431352,0.16799745225983956
wta:221012,wta:201458,2025-03-05,2025,2025,hard,Indian Wells,R64,6-3 6-4,59,37,53,26,85,WTA-2025-609-245,2025-609,3,0.6942957782945518,0.5710405859017395,0.6326681820981457,0.6334052364123474,0.6298912519791343
wta:202468,wta:202663,2025-03-05,2025,2025,hard,Indian Wells,R64,6-4 6-2,56,36,54,27,85,WTA-2025-609-246,2025-609,3,0.880726260562838,0.6555080866646323,0.7681171736137351,0.7913172468821768,0.7701617265585017
wta:216133,wta:211533,2025-03-05,2025,2025,hard,Indian Wells,R64,6-4 6-4,74,46,53,34,85,WTA-2025-609-247,2025-609,3,0.33266748878316343,0.44934391211473906,0.3910057004489512,0.3860144348592308,0.3903038389903001
wta:202494,wta:221909,2025-03-05,2025,2025,hard,Indian Wells,R64,6-1 6-7(8) 6-3,94,54,113,55,85,WTA-2025-609-248,2025-609,3,0.7940456150207963,0.6013732072017088,0.6977094111112525,0.7108791064385432,0.6986859140102455
wta:203389,wta:221024,2025-03-05,2025,2025,hard,Indian Wells,R64,5-7 6-2 6-4,104,58,90,44,85,WTA-2025-609-249,2025-609,3,0.8133624391050309,0.6178516936222155,0.7156070663636231,0.7273737900941747,0.7189943107945052
wta:259799,wta:219875,2025-03-05,2025,2025,hard,Indian Wells,R64,7-5 6-4,69,40,71,35,85,WTA-2025-609-250,2025-609,3,0.9449800016789579,0.7354592615196827,0.8402196315993202,0.8693977962895537,0.8403416944616944
wta:220704,wta:215785,2025-03-05,2025,2025,hard,Indian Wells,R64,7-6(3) 7-5,83,54,86,47,85,WTA-2025-609-251,2025-609,3,0.7694451771734159,0.5927067439731462,0.681075960573281,0.6907128440938516,0.6820219477566805
wta:211107,wta:201593,2025-03-05,2025,2025,hard,Indian Wells,R64,6-7(2) 6-3 6-0,104,64,79,40,85,WTA-2025-609-252,2025-609,3,0.7692104756141468,0.5952090326518157,0.6822097541329812,0.6905244572725646,0.6831252256007871
wta:214981,wta:215480,2025-03-05,2025,2025,hard,Indian Wells,R64,6-3 6-3,67,43,65,34,85,WTA-2025-609-253,2025-609,3,0.9477573468883055,0.7390601159597192,0.8434087314240124,0.873485303329051,0.8411810841856846
wta:201619,wta:215713,2025-03-05,2025,2025,hard,Indian Wells,R64,6-3 6-0,44,31,54,22,85,WTA-2025-609-254,2025-609,3,0.8357615067139088,0.6270674397314617,0.7314144732226853,0.7473790728053666,0.7312008632135305
wta:210722,wta:214040,2025-03-05,2025,2025,hard,Indian Wells,R64,6-4 7-5,69,44,64,37,85,WTA-2025-609-255,2025-609,3,0.813011409441213,0.6221849252364968,0.717598167338855,0.727068204892696,0.7144245329171277
wta:202499,wta:220589,2025-03-05,2025,2025,hard,Indian Wells,R64,6-3 6-3,64,36,48,16,85,WTA-2025-609-256,2025-609,3,0.5866488626845431,0.529844369850473,0.558246616267508,0.5580913170882974,0.5558053590200256
wta:215613,wta:201514,2025-03-05,2025,2025,hard,Indian Wells,R64,3-6 6-1 7-6(3),92,56,99,55,85,WTA-2025-609-257,2025-609,3,0.7185422301406832,0.5684162343606958,0.6434792322506895,0.6513158131342395,0.6452186280395207
wta:223670,wta:219917,2025-03-05,2025,2025,hard,Indian Wells,R64,6-1 6-1,51,33,38,14,85,WTA-2025-609-258,2025-609,3,0.80542711508872,0.6156545620994812,0.7105408385941006,0.720520299662585,0.7111206371903778
wta:202505,wta:216153,2025-03-05,2025,2025,hard,Indian Wells,R64,6-4 6-7(3) 6-1,96,57,95,49,85,WTA-2025-609-259,2025-609,3,0.6874236737161836,0.5610924626182484,0.6242580681672161,0.628409927490076,0.6268519039926661
wta:206289,wta:202600,2025-03-05,2025,2025,hard,Indian Wells,R64,6-0 6-3,51,27,44,13,85,WTA-2025-609-260,2025-609,3,0.7355523523541252,0.5827586206896552,0.6591554865218903,0.6641817207386789,0.6593080650998578
wta:221103,wta:220416,2025-03-05,2025,2025,hard,Indian Wells,R64,6-4 3-6 7-6(4),125,65,111,56,85,WTA-2025-609-261,2025-609,3,0.9830626895911656,0.8259078425389076,0.9044852660650367,0.9374640014684359,0.9042411403402884
wta:211148,wta:260300,2025-03-05,2025,2025,hard,Indian Wells,R64,7-6(3) 1-6 6-3,89,50,94,52,85,WTA-2025-609-262,2025-609,3,0.6627134188430451,0.5671345743057675,0.6149239965744063,0.6107041702143551,0.6108043749692796
wta:211713,wta:220367,2025-03-05,2025,2025,hard,Indian Wells,R64,5-7 7-6(5) 6-3,114,68,122,73,85,WTA-2025-609-263,2025-609,3,0.27131859168721195,0.4240768996032957,0.3476977456452538,0.3410477499727748,0.3481249656635632
wta:214643,wta:216083,2025-03-05,2025,2025,hard,Indian Wells,R64,7-6(8) 6-4,64,40,73,42,85,WTA-2025-609-264,2025-609,3,0.7994821013005105,0.6222459566676839,0.7108640289840972,0.7154576730684767,0.7105893875437554
wta:214082,wta:213550,2025-03-05,2025,2025,hard,Indian Wells,R64,3-6 7-5 6-4,103,60,97,56,85,WTA-2025-609-265,2025-609,3,0.6497215370895033,0.5486420506560878,0.5991817938727956,0.6015378499648169,0.5961912537446297
wta:222661,wta:206242,2025-03-05,2025,2025,hard,Indian Wells,R64,6-2 6-1,49,34,39,17,85,WTA-2025-609-266,2025-609,3,0.43637063063104037,0.48602380225816294,0.46119721644460165,0.4574523247813467,0.4568334691147268
wta:221236,wta:206420,2025-03-05,2025,2025,hard,Indian Wells,R64,7-5 6-2,65,37,54,24,85,WTA-2025-609-267,2025-609,3,0.21010692431369596,0.39350015257857796,0.30180353844613694,0.29258670589406083,0.3008575512627375
wta:214459,wta:211684,2025-03-05,2025,2025,hard,Indian Wells,R64,6-3 7-5,86,46,61,28,85,WTA-2025-609-268,2025-609,3,0.5761451136623242,0.5213610009154714,0.5487530572888979,0.5509835945612066,0.5516520502702833
wta:214544,wta:220520,2025-03-05,2025,2025,hard,Indian Wells,R64,7-6(4) 6-3,57,44,75,46,85,WTA-2025-609-269,2025-609,3,0.8787325399400534,0.6577662496185536,0.7682493947793034,0.7892351690115096,0.7677306276142135
wta:259799,wta:216347,2025-03-05,2025,2025,hard,Indian Wells,SF,7-6(1) 1-6 6-3,90,50,84,51,85,WTA-2025-609-298,2025-609,3,0.21258362058055866,0.3911199267622826,0.30185177367142063,0.2946412881621724,0.30755821248741083
wta:214544,wta:201619,2025-03-05,2025,2025,hard,Indian Wells,SF,6-0 6-1,40,29,40,16,85,WTA-2025-609-299,2025-609,3,0.5513168388665413,0.5172718950259384,0.5342943669462399,0.5342782596330213,0.5352098384140458
wta:214544,wta:202468,2025-03-18,2025,2025,hard,Miami,F,7-5 6-2,65,37,64,27,85,WTA-2025-902-300,2025-902,3,0.6312486406603205,0.5381446444919133,0.5846966425761169,0.5886493888874834,0.5868632583832576
wta:223253,wta:216347,2025-03-18,2025,2025,hard,Miami,QF,6-2 7-5,66,34,70,27,85,WTA-2025-902-294,2025-902,3,0.0002400186257238741,0.026701251144339334,0.013470634885031604,0.0038479118435816185,0.013409603453844543
wta:202468,wta:221054,2025-03-18,2025,2025,hard,Miami,QF,6-4 6-7(3) 6-2,102,70,93,58,85,WTA-2025-902-295,2025-902,3,0.7541600623431126,0.5841013121757705,0.6691306872594416,0.6785863127736108,0.6701071901584346
wta:211148,wta:202663,2025-03-18,2025,2025,hard,Miami,QF,6-3 6-2,74,45,45,24,85,WTA-2025-902-296,2025-902,3,0.7348369778933331,0.5846505950564541,0.6597437864748936,0.6636351088931836,0.6542204419524645
wta:214544,wta:221012,2025-03-18,2025,2025,hard,Miami,QF,6-2 7-5,59,33,66,26,85,WTA-2025-902-297,2025-902,3,0.6669181574674499,0.5519987793713763,0.6094584684194131,0.613690705649465,0.6106790970431544
wta:201614,wta:214388,2025-03-18,2025,2025,hard,Miami,R128,6-0 7-6(5),78,45,64,30,85,WTA-2025-902-175,2025-902,3,0.7001947992637042,0.5706133658834299,0.6354040825735671,0.6377204258822803,0.636258522610186
wta:220548,wta:211107,2025-03-18,2025,2025,hard,Miami,R128,6-4 6-2,56,33,55,23,85,WTA-2025-902-176,2025-902,3,0.46224712189679995,0.49395788831248094,0.4781025051046405,0.4748047783737984,0.47492887068291323
wta:202505,wta:215035,2025-03-18,2025,2025,hard,Miami,R128,6-4 1-6 7-5,106,60,106,60,85,WTA-2025-902-179,2025-902,3,0.8350981247796765,0.633353677143729,0.7342259009617027,0.7467712634798721,0.7353854981542569
wta:201458,wta:211843,2025-03-18,2025,2025,hard,Miami,R128,6-3 6-1,43,31,40,16,85,WTA-2025-902-180,2025-902,3,0.766870155202511,0.590631675312786,0.6787509152576485,0.6886498154117123,0.6788424624044291
wta:239475,wta:215785,2025-03-18,2025,2025,hard,Miami,R128,7-5 5-7 6-3,109,58,100,53,85,WTA-2025-902-183,2025-902,3,0.07118234966092966,0.20582850167836436,0.13850542566964702,0.15284685310554752,0.13685757702759635
wta:211814,wta:261972,2025-03-18,2025,2025,hard,Miami,R128,6-4 6-4,74,43,63,32,85,WTA-2025-902-184,2025-902,3,0.39703103757208885,0.45569118095819344,0.42636110926514115,0.4308050049080037,0.4329219881177503
wta:223253,wta:220465,2025-03-18,2025,2025,hard,Miami,R128,6-3 7-6(3),69,36,75,36,85,WTA-2025-902-187,2025-902,3,0.0358733446883521,0.2190112908147696,0.12744231775156084,0.1002768636521117,0.12680148772409672
wta:220589,wta:222965,2025-03-18,2025,2025,hard,Miami,R128,6-1 6-7(4) 6-4,89,50,94,48,85,WTA-2025-902-188,2025-902,3,0.7411130275629783,0.5838571864510222,0.6624851070070003,0.6684480974939045,0.6621189184198779
wta:211095,wta:201548,2025-03-18,2025,2025,hard,Miami,R128,6-3 6-2,66,43,43,26,85,WTA-2025-902-191,2025-902,3,0.3687002856722586,0.4527006408300275,0.41070046325114307,0.41131519120526316,0.4120431547372584
wta:220416,wta:215480,2025-03-18,2025,2025,hard,Miami,R128,6-4 6-3,87,52,79,43,85,WTA-2025-902-192,2025-902,3,0.3631163601369146,0.456240463838877,0.4096784119878958,0.4074358217768923,0.4113262606299465
wta:214040,wta:215713,2025-03-18,2025,2025,hard,Miami,R128,3-6 6-3 7-6(5),96,57,100,55,85,WTA-2025-902-195,2025-902,3,0.2763059304278977,0.4284711626487641,0.3523885465383309,0.34481565425059824,0.3478722206304884
wta:215020,wta:215872,2025-03-18,2025,2025,hard,Miami,R128,4-6 6-3 6-2,95,56,73,42,85,WTA-2025-902-196,2025-902,3,0.5103803646040191,0.5071406774488861,0.5087605210264526,0.5069207955179013,0.5044883208433584
wta:206368,wta:216133,2025-03-18,2025,2025,hard,Miami,R128,6-2 7-6(5),64,47,63,40,85,WTA-2025-902-199,2025-902,3,0.558687090694139,0.520872749465975,0.539779920080057,0.5392251288473016,0.5440521202631513
wta:210886,wta:215138,2025-03-18,2025,2025,hard,Miami,R128,7-5 1-6 6-4,109,64,92,59,85,WTA-2025-902-200,2025-902,3,0.3115463258613322,0.4361611229783338,0.373853724419833,0.37084347730721234,0.3752574473371354
wta:220520,wta:213631,2025-03-18,2025,2025,hard,Miami,R128,6-4 2-6 6-4,101,54,93,51,85,WTA-2025-902-203,2025-902,3,0.5586719829895869,0.5181263350625572,0.538399159026072,0.5392149792222347,0.5365682160904601
wta:221054,wta:259967,2025-03-18,2025,2025,hard,Miami,R128,6-2 6-1,40,28,44,18,85,WTA-2025-902-204,2025-902,3,0.6344252009874222,0.5501068050045773,0.5922660029959997,0.5908545086055237,0.5937307573444892
wta:211685,wta:214593,2025-03-18,2025,2025,hard,Miami,R128,3-6 6-1 6-3,74,44,79,43,85,WTA-2025-902-207,2025-902,3,0.8346686845061979,0.6271895025938359,0.7309290935500169,0.7463783307328791,0.7352623251642982
wta:211701,wta:206294,2025-03-18,2025,2025,hard,Miami,R128,6-2 2-6 7-6(4),88,51,94,49,85,WTA-2025-902-208,2025-902,3,0.5907375753141724,0.5252059810802563,0.5579717781972143,0.5608658670260732,0.5589787968118008
wta:211768,wta:263857,2025-03-18,2025,2025,hard,Miami,R128,3-6 6-4 6-3,97,59,88,51,85,WTA-2025-902-211,2025-902,3,0.9100694719749177,0.6913945682026243,0.8007320200887711,0.8238988157121507,0.8064994903359484
wta:221024,wta:215337,2025-03-18,2025,2025,hard,Miami,R128,6-3 6-7(5) 6-1,90,65,97,56,85,WTA-2025-902-212,2025-902,3,0.36641941461042504,0.45465364662801344,0.41053653061921924,0.40973224120915724,0.4131913978758564
wta:222258,wta:214906,2025-03-18,2025,2025,hard,Miami,R128,7-5 4-6 6-3,101,63,102,63,85,WTA-2025-902-215,2025-902,3,0.5226764538703089,0.5102532804394263,0.5164648671548676,0.5151233993012244,0.512284214118554
wta:202663,wta:201499,2025-03-18,2025,2025,hard,Miami,R128,7-6(3) 6-2,84,56,66,41,85,WTA-2025-902-216,2025-902,3,0.27215128626396107,0.42493133963991453,0.3485413129519378,0.34167844922961593,0.3470460428878548
wta:214459,wta:222601,2025-03-18,2025,2025,hard,Miami,R128,6-4 6-3,73,40,63,28,85,WTA-2025-902-219,2025-902,3,0.7391819381172331,0.5836740921574611,0.6614280151373471,0.6669629313687565,0.6591088207522388
wta:213550,wta:201520,2025-03-18,2025,2025,hard,Miami,R128,6-4 7-5,58,40,71,39,85,WTA-2025-902-220,2025-902,3,0.43537878420783044,0.47784559047909675,0.4566121873434636,0.45678498059324,0.45966375890281663
wta:221909,wta:213887,2025-03-18,2025,2025,hard,Miami,R128,6-3 6-2,61,38,47,24,85,WTA-2025-902-223,2025-902,3,0.6900507484025127,0.5581629539212695,0.624106851161891,0.6303156151088614,0.6256631526571612
wta:219917,wta:219875,2025-03-18,2025,2025,hard,Miami,R128,3-6 7-6(0) 6-3,97,59,105,58,85,WTA-2025-902-224,2025-902,3,0.5137539733083135,0.5040891058895332,0.5089215395989233,0.5091706008204849,0.5103252625162258
wta:203501,wta:215983,2025-03-18,2025,2025,hard,Miami,R128,3-6 6-4 6-2,92,52,83,46,85,WTA-2025-902-227,2025-902,3,0.40043770403160234,0.46051266402197133,0.43047518402678686,0.4331294200007309,0.43609007569599645
wta:201616,wta:256684,2025-03-18,2025,2025,hard,Miami,R128,6-4 3-6 6-4,116,65,104,59,85,WTA-2025-902-228,2025-902,3,0.3377356787436159,0.4411657003356729,0.38945068953964435,0.38961421858332723,0.3881690294847161
wta:201514,wta:220714,2025-03-18,2025,2025,hard,Miami,R128,6-3 7-6(5),73,49,81,47,85,WTA-2025-902-231,2025-902,3,0.6832967108682125,0.5592004882514495,0.621248599559831,0.6254257490311914,0.6215537567157663
wta:214119,wta:213889,2025-03-18,2025,2025,hard,Miami,R128,6-7(4) 6-4 7-5,105,73,97,67,85,WTA-2025-902-232,2025-902,3,0.38123259041132046,0.46454073848031735,0.4228866644458189,0.41997406503553447,0.42163552010648414
wta:211817,wta:221236,2025-03-18,2025,2025,hard,Miami,R128,6-1 6-7(5) 6-2,76,41,97,40,85,WTA-2025-902-235,2025-902,3,0.5211573293365872,0.5072627403112603,0.5142100348239238,0.5141095666575118,0.5126842490442471
wta:202600,wta:216083,2025-03-18,2025,2025,hard,Miami,R128,6-3 2-6 6-3,87,50,88,47,85,WTA-2025-902-236,2025-902,3,0.5506748454579108,0.5136100091547147,0.5321424273063127,0.5338477723273624,0.535895860324317
wta:216347,wta:202494,2025-03-18,2025,2025,hard,Miami,R16,7-6(5) 6-3,69,39,85,40,85,WTA-2025-902-286,2025-902,3,0.827211972265243,0.6290204455294477,0.7281162088973454,0.7396204813757622,0.725339278778334
wta:202468,wta:216146,2025-03-18,2025,2025,hard,Miami,R16,6-2 6-3,44,32,68,33,85,WTA-2025-902-288,2025-902,3,0.7468828906592857,0.5864205065608789,0.6666516986100823,0.6729087956650881,0.6629898127388586
wta:221054,wta:216153,2025-03-18,2025,2025,hard,Miami,R16,6-1 6-3,40,30,54,24,85,WTA-2025-902-289,2025-902,3,0.44729648469413075,0.4878547451937748,0.4675756149439528,0.4647916892903048,0.4673925206503916
wta:211148,wta:211768,2025-03-18,2025,2025,hard,Miami,R16,3-6 6-4 6-4,114,68,84,55,85,WTA-2025-902-290,2025-902,3,0.3213946338189725,0.43725968873970095,0.37932716127933674,0.3779527965301598,0.38121913564613563
wta:202663,wta:221103,2025-03-18,2025,2025,hard,Miami,R16,6-4 6-4,65,40,65,35,85,WTA-2025-902-291,2025-902,3,0.05822040068851447,0.27381751602075066,0.16601895835463257,0.13520617342799876,0.1653476126115749
wta:221012,wta:221909,2025-03-18,2025,2025,hard,Miami,R16,6-2 7-6(3),60,44,62,38,85,WTA-2025-902-292,2025-902,3,0.8051778029842639,0.6103448275862069,0.7077613152852353,0.7203067835534709,0.7081885353035449
wta:214544,wta:203389,2025-03-18,2025,2025,hard,Miami,R16,6-4 6-4,53,37,62,35,85,WTA-2025-902-293,2025-902,3,0.7733545710298722,0.6030820872749466,0.6882183291524093,0.6938613145393946,0.6853193361710239
wta:216347,wta:210722,2025-03-18,2025,2025,hard,Miami,R32,7-6(2) 6-1,71,44,70,36,85,WTA-2025-902-270,2025-902,3,0.8929151933261628,0.6745498931949955,0.7837325432605791,0.8043824980274522,0.7808335502791937
wta:202494,wta:214096,2025-03-18,2025,2025,hard,Miami,R32,6-2 3-6 6-2,81,51,86,50,85,WTA-2025-902-271,2025-902,3,0.4697116340704317,0.48852609093683247,0.4791188625036321,0.4797940132147425,0.47991227110906387
wta:211651,wta:220704,2025-03-18,2025,2025,hard,Miami,R32,6-3 7-6(3),80,56,63,42,85,WTA-2025-902-272,2025-902,3,0.6461302760766032,0.5490082392432103,0.5975692576599068,0.5990195454926102,0.5934191203391865
wta:223253,wta:201619,2025-03-18,2025,2025,hard,Miami,R32,6-4 6-2,62,35,66,28,85,WTA-2025-902-273,2025-902,3,0.001598404016117486,0.05709490387549588,0.029346653945806683,0.013500537207442986,0.030872439725483217
wta:202468,wta:214939,2025-03-18,2025,2025,hard,Miami,R32,6-7(3) 6-2 7-6(2),95,66,104,61,85,WTA-2025-902-274,2025-902,3,0.8083960924300235,0.6155324992371071,0.7119642958335652,0.7230713332807359,0.7130323458793388
wta:216146,wta:215020,2025-03-18,2025,2025,hard,Miami,R32,6-2 6-1,48,30,46,21,85,WTA-2025-902-275,2025-902,3,0.8274473408616839,0.6212694537686909,0.7243583973151875,0.7398319580069822,0.7261588245352057
wta:216153,wta:259799,2025-03-18,2025,2025,hard,Miami,R32,7-6(5) 2-6 6-3,116,66,122,69,85,WTA-2025-902-276,2025-902,3,0.29390071252800487,0.43018004272200183,0.36204037762500335,0.3579339803606075,0.3629253333772158
wta:221054,wta:220520,2025-03-18,2025,2025,hard,Miami,R32,6-1 3-0 RET,31,20,27,6,85,WTA-2025-902-277,2025-902,3,0.5615493831160631,0.5162953921269454,0.5389223876215042,0.5411488103569614,0.5419434434652637
wta:211148,wta:202460,2025-03-18,2025,2025,hard,Miami,R32,4-3 RET,28,16,16,10,85,WTA-2025-902-278,2025-902,3,0.4696964903660929,0.49450717119316445,0.48210183077962865,0.47978389676656097,0.4767615805507608
wta:211768,wta:221024,2025-03-18,2025,2025,hard,Miami,R32,7-6(6) 3-6 6-4,104,64,118,70,85,WTA-2025-902-279,2025-902,3,0.8820258365101714,0.6754653646628014,0.7787456005864863,0.7926823585412203,0.7759991861830686
wta:202663,wta:222258,2025-03-18,2025,2025,hard,Miami,R32,7-5 6-4,73,45,79,45,85,WTA-2025-902-280,2025-902,3,0.6674074644323239,0.5580408910588953,0.6127241777456096,0.6140389135493518,0.6075670218103029
wta:221103,wta:206289,2025-03-18,2025,2025,hard,Miami,R32,6-2 6-4,47,29,56,26,85,WTA-2025-902-281,2025-902,3,0.907905916512062,0.6847421422032347,0.7963240293576483,0.8213547874624137,0.7981244565776666
wta:221909,wta:220367,2025-03-18,2025,2025,hard,Miami,R32,6-1 7-5,59,40,68,36,85,WTA-2025-902-282,2025-902,3,0.4548787070042721,0.4876716509002136,0.4712751789522428,0.46987361644242104,0.4710310532274946
wta:221012,wta:203501,2025-03-18,2025,2025,hard,Miami,R32,6-1 7-6(3),55,44,52,33,85,WTA-2025-902-283,2025-902,3,0.8108511516041838,0.6238327738785474,0.7173419627413655,0.7251926077762189,0.7179827927688298
wta:203389,wta:214119,2025-03-18,2025,2025,hard,Miami,R32,6-4 3-6 6-3,90,55,109,63,85,WTA-2025-902-284,2025-902,3,0.8803973081982523,0.6706438815990236,0.7755205948986379,0.7909727067814262,0.7751849220271091
wta:214544,wta:211817,2025-03-18,2025,2025,hard,Miami,R32,6-1 0-0 RET,28,19,21,8,85,WTA-2025-902-285,2025-902,3,0.9488361254756353,0.7394873359780287,0.8441617307268321,0.87509746950113,0.8486780566346745
wta:216347,wta:201614,2025-03-18,2025,2025,hard,Miami,R64,6-2 7-5,57,39,68,32,85,WTA-2025-902-238,2025-902,3,0.9800104474547984,0.8154714678059201,0.8977409576303592,0.9305327796613317,0.8988395233917263
wta:210722,wta:220548,2025-03-18,2025,2025,hard,Miami,R64,6-4 6-1,46,29,49,19,85,WTA-2025-902-239,2025-902,3,0.6720806546046068,0.5464449191333537,0.6092627868689802,0.6173716680990058,0.6154879928500605
wta:202494,wta:202505,2025-03-18,2025,2025,hard,Miami,R64,6-1 6-2,57,36,48,23,85,WTA-2025-902-240,2025-902,3,0.4568610146740052,0.49084528532194077,0.473853149997973,0.4712009066609524,0.47141189275049056
wta:214096,wta:201458,2025-03-18,2025,2025,hard,Miami,R64,6-0 0-0 RET,24,16,22,7,85,WTA-2025-902-241,2025-902,3,0.7005217152819506,0.5651815685077816,0.6328516418948661,0.6379603281933305,0.6344689748213233
wta:211651,wta:239475,2025-03-18,2025,2025,hard,Miami,R64,7-5 1-6 7-6(3),95,58,112,65,85,WTA-2025-902-242,2025-902,3,0.9873833324446484,0.910863594751297,0.9491234635979726,0.9481763085507549,0.9468653006440514
wta:220704,wta:211814,2025-03-18,2025,2025,hard,Miami,R64,6-4 7-5,63,46,72,41,85,WTA-2025-902-243,2025-902,3,0.977601882027747,0.8184620079340861,0.8980319449809165,0.9253538358601396,0.8958348134581824
wta:223253,wta:211533,2025-03-18,2025,2025,hard,Miami,R64,7-6(2) 7-5,101,58,76,41,85,WTA-2025-902-244,2025-902,3,0.01583402111930705,0.1585291425083918,0.08718158181384943,0.05991242442660136,0.08760880183215886
wta:201619,wta:220589,2025-03-18,2025,2025,hard,Miami,R64,6-3 6-3,59,31,69,28,85,WTA-2025-902-245,2025-902,3,0.9009108267211315,0.6794934391211473,0.7902021329211395,0.8132990488951967,0.7895307871780818
wta:202468,wta:211095,2025-03-18,2025,2025,hard,Miami,R64,6-4 6-4,59,43,61,36,85,WTA-2025-902-246,2025-902,3,0.9462190662541777,0.7382667073542875,0.8422428868042326,0.8712103950830807,0.8409612267493043
wta:214939,wta:220416,2025-03-18,2025,2025,hard,Miami,R64,6-1 6-3,59,41,53,27,85,WTA-2025-902-247,2025-902,3,0.8087036680069429,0.6199877937137626,0.7143457308603527,0.7233364999234225,0.7138879951264498
wta:216146,wta:214040,2025-03-18,2025,2025,hard,Miami,R64,7-5 4-6 6-3,97,54,87,49,85,WTA-2025-902-248,2025-902,3,0.7605963727907757,0.5911199267622825,0.6758581497765291,0.6836581519242642,0.6741187539876979
wta:215020,wta:223670,2025-03-18,2025,2025,hard,Miami,R64,6-4 7-6(0),63,38,70,32,85,WTA-2025-902-249,2025-902,3,0.18591080529764414,0.3803173634421727,0.2831140843699084,0.27199281265107894,0.28384646154415316
wta:259799,wta:206368,2025-03-18,2025,2025,hard,Miami,R64,6-0 6-2,37,29,59,26,85,WTA-2025-902-250,2025-902,3,0.8317945697833157,0.6218797680805614,0.7268371689319386,0.7437591897047682,0.7288817218767052
wta:216153,wta:210886,2025-03-18,2025,2025,hard,Miami,R64,6-2 6-2,41,32,51,24,85,WTA-2025-902-251,2025-902,3,0.9608443985485944,0.7654867256637168,0.8631655621061556,0.8941180160481667,0.8652711464821092
wta:220520,wta:222328,2025-03-18,2025,2025,hard,Miami,R64,2-6 7-5 7-6(4),92,53,104,59,85,WTA-2025-902-252,2025-902,3,0.25958395162448844,0.4182178822093378,0.33890091691691315,0.3320883783994229,0.3379549297335137
wta:221054,wta:215613,2025-03-18,2025,2025,hard,Miami,R64,7-6(6) 2-6 7-6(3),111,60,103,62,85,WTA-2025-902-253,2025-902,3,0.42580618183102764,0.4785779676533415,0.4521920747421846,0.45033386895729716,0.44981184892588916
wta:211148,wta:211685,2025-03-18,2025,2025,hard,Miami,R64,6-4 6-4,77,41,74,35,85,WTA-2025-902-254,2025-902,3,0.6854636994623329,0.5628013426914861,0.6241325210769095,0.626991248317097,0.623125502462323
wta:202460,wta:211701,2025-03-18,2025,2025,hard,Miami,R64,6-4 7-6(7),63,46,72,45,85,WTA-2025-902-255,2025-902,3,0.7388352810914546,0.5799511748550503,0.6593932279732524,0.6666967275811113,0.6614072652024254
wta:211768,wta:214643,2025-03-18,2025,2025,hard,Miami,R64,6-2 6-4,45,35,59,30,85,WTA-2025-902-256,2025-902,3,0.7603365104491262,0.593500152578578,0.6769183315138521,0.6834524316106927,0.6768267843670714
wta:221024,wta:214082,2025-03-18,2025,2025,hard,Miami,R64,3-6 6-4 7-5,111,66,90,56,85,WTA-2025-902-257,2025-902,3,0.21333962068219606,0.3974061641745499,0.30537289242837296,0.29526661243163255,0.30473206240090883
wta:222258,wta:206242,2025-03-18,2025,2025,hard,Miami,R64,6-0 6-2,52,34,37,16,85,WTA-2025-902-258,2025-902,3,0.2327659144250577,0.39703997558742754,0.3149029450062426,0.31105912645440065,0.31395695782284316
wta:202663,wta:206420,2025-03-18,2025,2025,hard,Miami,R64,7-6(5) 6-2,66,45,67,41,85,WTA-2025-902-259,2025-902,3,0.2714010108693042,0.42462618248397926,0.3480135966766417,0.341110204901788,0.3453892451355981
wta:206289,wta:214459,2025-03-18,2025,2025,hard,Miami,R64,6-3 5-7 6-4,108,71,105,65,85,WTA-2025-902-260,2025-902,3,0.5230369361923377,0.5006103143118706,0.5118236252521042,0.5153640002678733,0.514234366783993
wta:221103,wta:213550,2025-03-18,2025,2025,hard,Miami,R64,6-0 6-0,35,25,32,8,85,WTA-2025-902-261,2025-902,3,0.9030135538803975,0.6880988709185231,0.7955562123994603,0.8156943535746009,0.7927792822804489
wta:221909,wta:214981,2025-03-18,2025,2025,hard,Miami,R64,6-4 2-6 6-4,83,55,74,53,85,WTA-2025-902-262,2025-902,3,0.11847085991568025,0.3429050961245041,0.23068797802009217,0.20784013410803392,0.2267209349929332
wta:220367,wta:219917,2025-03-18,2025,2025,hard,Miami,R64,7-6(1) 6-3,64,42,80,43,85,WTA-2025-902-263,2025-902,3,0.7532734078169058,0.5897162038449801,0.6714948058309429,0.6778913898751565,0.6692671585926152
wta:203501,wta:201709,2025-03-18,2025,2025,hard,Miami,R64,7-6(2) 1-6 6-1,97,57,83,45,85,WTA-2025-902-264,2025-902,3,0.2583917570582971,0.4152273420811718,0.3368095495697344,0.33117042231865523,0.3368705810009215
wta:221012,wta:201616,2025-03-18,2025,2025,hard,Miami,R64,6-1 7-5,52,38,47,25,85,WTA-2025-902-265,2025-902,3,0.9773467423203481,0.8199877937137626,0.8986672680170553,0.9248184702288332,0.8954020864485476
wta:203389,wta:201514,2025-03-18,2025,2025,hard,Miami,R64,6-4 7-6(3),61,47,81,52,85,WTA-2025-902-266,2025-902,3,0.731582146552646,0.5844064693317058,0.657994307942176,0.6611544469725983,0.6569262578964024
wta:214119,wta:202499,2025-03-18,2025,2025,hard,Miami,R64,6-1 6-3,52,32,49,19,85,WTA-2025-902-267,2025-902,3,0.2155735476526004,0.390570643881599,0.3030720957670997,0.29710948111283947,0.3018514671433585
wta:211817,wta:211684,2025-03-18,2025,2025,hard,Miami,R64,6-4 6-4,61,38,68,37,85,WTA-2025-902-268,2025-902,3,0.4506147842606954,0.4867561794324077,0.46868548184655157,0.4670167971992074,0.4708215819380987
wta:214544,wta:202600,2025-03-18,2025,2025,hard,Miami,R64,6-3 6-0,41,28,52,20,85,WTA-2025-902-269,2025-902,3,0.9727235614317638,0.7888617638083613,0.8807926626200625,0.9154999182168696,0.8784124368037671
wta:202468,wta:223253,2025-03-18,2025,2025,hard,Miami,SF,7-6(3) 5-7 6-3,106,66,102,58,85,WTA-2025-902-298,2025-902,3,0.9972810957332168,0.9209948123283491,0.959137954030783,0.9808578682968715,0.9587717654436605
wta:214544,wta:211148,2025-03-18,2025,2025,hard,Miami,SF,6-2 6-2,51,36,59,29,85,WTA-2025-902-299,2025-902,3,0.813976085310734,0.6225511138236192,0.7182635995671766,0.7279085432098458,0.7204912468055042
wta:202468,wta:213550,2025-03-31,2025,2025,clay,Charleston,F,6-3 7-5,58,31,78,34,85,WTA-2025-804-300,2025-804,3,0.7432568816942203,0.5878852609093683,0.6655710713017944,0.6701014163365622,0.663312908347873
wta:213550,wta:214939,2025-03-31,2025,2025,clay,Charleston,QF,6-4 6-3,49,35,60,34,85,WTA-2025-804-294,2025-804,3,0.5831963663002002,0.5286847726579188,0.5559405694790596,0.5557519937084532,0.5533162179380159
wta:216153,wta:215613,2025-03-31,2025,2025,clay,Charleston,QF,7-5 7-6(1),87,45,81,41,85,WTA-2025-804-295,2025-804,3,0.43317984080679756,0.4854745193774794,0.45932718009213847,0.45530477283747045,0.45120999974425935
wta:206420,wta:221012,2025-03-31,2025,2025,clay,Charleston,QF,6-1 6-4,61,41,48,26,85,WTA-2025-804-296,2025-804,3,0.18807096433076115,0.37647238327738786,0.2822716738040745,0.27387261189962436,0.28333972384984807
wta:202468,wta:203389,2025-03-31,2025,2025,clay,Charleston,QF,1-6 6-3 6-0,60,37,81,43,85,WTA-2025-804-297,2025-804,3,0.571259026289886,0.5259993896856882,0.548629207987787,0.5476862552689841,0.546615170758614
wta:214939,wta:201619,2025-03-31,2025,2025,clay,Charleston,R16,6-2 6-4,58,39,59,31,85,WTA-2025-804-286,2025-804,3,0.11168676938472,0.3235581324382057,0.21762245091146284,0.20062102819124505,0.2171952308931534
wta:213550,wta:214082,2025-03-31,2025,2025,clay,Charleston,R16,6-3 7-6(7),86,52,66,38,85,WTA-2025-804-287,2025-804,3,0.25049874868081146,0.411443393347574,0.33097107101419276,0.32505516806796314,0.32971992667485794
wta:215613,wta:221909,2025-03-31,2025,2025,clay,Charleston,R16,4-6 6-4 6-2,83,49,83,39,85,WTA-2025-804-288,2025-804,3,0.7175023520960809,0.5803783948733597,0.6489403734847203,0.6505377992609833,0.6498558449525262
wta:216153,wta:201709,2025-03-31,2025,2025,clay,Charleston,R16,6-4 6-4,51,37,59,34,85,WTA-2025-804-289,2025-804,3,0.33511301586940717,0.44354592615196825,0.3893294710106877,0.38775326011742595,0.39232001113885373
wta:206420,wta:223670,2025-03-31,2025,2025,clay,Charleston,R16,6-2 6-1,45,31,41,17,85,WTA-2025-804-290,2025-804,3,0.4338298875119484,0.4776624961855355,0.455746191848742,0.455742449232023,0.458736731976908
wta:221012,wta:210722,2025-03-31,2025,2025,clay,Charleston,R16,6-3 3-6 6-3,97,58,81,43,85,WTA-2025-804-291,2025-804,3,0.7726362676864282,0.5952090326518157,0.683922650169122,0.6932813174460961,0.6852043102240503
wta:203389,wta:211533,2025-03-31,2025,2025,clay,Charleston,R16,7-5 6-3,72,41,69,34,85,WTA-2025-804-292,2025-804,3,0.5379360475635413,0.5073848031736344,0.5226604253685878,0.5253177248201895,0.5290076942120423
wta:202468,wta:201548,2025-03-31,2025,2025,clay,Charleston,R16,6-3 6-2,58,40,48,23,85,WTA-2025-804-293,2025-804,3,0.860143806316112,0.6427525175465365,0.7514481619313242,0.7704740577288762,0.7553236578117026
wta:201619,wta:214452,2025-03-31,2025,2025,clay,Charleston,R32,6-3 7-6(4),73,49,77,46,85,WTA-2025-804-270,2025-804,3,0.9378987826055182,0.7337503814464449,0.8358245820259815,0.8593519186498721,0.8341462176683374
wta:214939,wta:216083,2025-03-31,2025,2025,clay,Charleston,R32,6-1 6-4,43,28,56,23,85,WTA-2025-804-271,2025-804,3,0.657452763940959,0.5638388770216661,0.6106458204813126,0.606981645270143,0.6074416703439918
wta:213550,wta:202505,2025-03-31,2025,2025,clay,Charleston,R32,6-0 6-3,64,39,43,18,85,WTA-2025-804-272,2025-804,3,0.21754769334826557,0.3972841013121758,0.3074158973302207,0.2987320066366611,0.3036929800278099
wta:214082,wta:201616,2025-03-31,2025,2025,clay,Charleston,R32,6-1 6-1,43,27,39,12,85,WTA-2025-804-273,2025-804,3,0.9767380931807247,0.8169362221544095,0.8968371576675671,0.9235509136260074,0.8954334347502647
wta:215613,wta:221024,2025-03-31,2025,2025,clay,Charleston,R32,6-4 6-3,70,45,57,34,85,WTA-2025-804-274,2025-804,3,0.7829668031435791,0.6106499847421422,0.6968083939428606,0.7016903112112939,0.696655815364893
wta:221909,wta:220465,2025-03-31,2025,2025,clay,Charleston,R32,6-3 7-6(4),64,42,66,40,85,WTA-2025-804-275,2025-804,3,0.5722331314176561,0.526853829722307,0.5495434805699815,0.5483431966640412,0.5541208379090111
wta:201709,wta:201533,2025-03-31,2025,2025,clay,Charleston,R32,7-6(5) 6-1,70,38,61,22,85,WTA-2025-804-276,2025-804,3,0.9615447610172414,0.7692706743973147,0.8654077177072781,0.89529728572663,0.8675133020832316
wta:216153,wta:206368,2025-03-31,2025,2025,clay,Charleston,R32,6-2 6-2,54,38,46,25,85,WTA-2025-804-277,2025-804,3,0.6792656704596389,0.5606042111687519,0.6199349408141954,0.622521867044457,0.6172190421263712
wta:223670,wta:221236,2025-03-31,2025,2025,clay,Charleston,R32,6-3 6-2,53,35,54,26,85,WTA-2025-804-278,2025-804,3,0.8496625923853901,0.6571559353066829,0.7534092638460366,0.7603570671222075,0.7495032522500646
wta:206420,wta:215983,2025-03-31,2025,2025,clay,Charleston,R32,6-3 6-0,58,37,66,29,85,WTA-2025-804-279,2025-804,3,0.5413489256248403,0.5097650289899298,0.525556977307385,0.5276009630443591,0.529524020334544
wta:210722,wta:219875,2025-03-31,2025,2025,clay,Charleston,R32,6-3 7-5,75,44,78,37,85,WTA-2025-804-280,2025-804,3,0.8303874524195604,0.6321330485199878,0.731260250469774,0.7424835534454711,0.7327860362494506
wta:221012,wta:206289,2025-03-31,2025,2025,clay,Charleston,R32,6-4 6-1,53,35,66,35,85,WTA-2025-804-281,2025-804,3,0.8241065891278929,0.6282270369240158,0.7261668130259544,0.7368411434863731,0.7275400202276633
wta:203389,wta:221905,2025-03-31,2025,2025,clay,Charleston,R32,6-3 6-1,46,33,58,29,85,WTA-2025-804-282,2025-804,3,0.7772638947668525,0.6140677448886176,0.695665819827735,0.6970300349720058,0.6958489141212962
wta:211533,wta:211635,2025-03-31,2025,2025,clay,Charleston,R32,7-5 6-2,66,38,67,30,85,WTA-2025-804-283,2025-804,3,0.960570418138669,0.7774488861763809,0.8690096521575249,0.8936590577858945,0.8733428837718062
wta:201548,wta:220548,2025-03-31,2025,2025,clay,Charleston,R32,6-1 6-4,58,33,61,25,85,WTA-2025-804-284,2025-804,3,0.2828253830865797,0.42432102532804394,0.3535732042073118,0.3497072109506707,0.3508878212350811
wta:202468,wta:213576,2025-03-31,2025,2025,clay,Charleston,R32,6-0 6-3,53,32,41,14,85,WTA-2025-804-285,2025-804,3,0.9431956304924141,0.7659139456820262,0.8545547880872202,0.8668173714714503,0.8520524994085507
wta:214452,wta:220714,2025-03-31,2025,2025,clay,Charleston,R64,6-4 6-1,61,38,50,21,85,WTA-2025-804-239,2025-804,3,0.3699197801452921,0.46124504119621607,0.4155824106707541,0.4121606130044339,0.4104862861666344
wta:216083,wta:211843,2025-03-31,2025,2025,clay,Charleston,R64,4-6 6-1 6-4,82,47,85,41,85,WTA-2025-804-240,2025-804,3,0.2707594383213298,0.41315227342081173,0.3419558558710708,0.3406238703991488,0.3413150258436066
wta:213550,wta:211095,2025-03-31,2025,2025,clay,Charleston,R64,6-3 6-4,68,45,69,39,85,WTA-2025-804-243,2025-804,3,0.5678022578093338,0.5170277693011901,0.5424150135552619,0.5453566371181523,0.546839792316324
wta:201616,wta:211222,2025-03-31,2025,2025,clay,Charleston,R64,3-6 6-1 6-3,82,47,80,38,85,WTA-2025-804-244,2025-804,3,0.5263916210748192,0.5136710405859017,0.5200313308303605,0.517603502389518,0.5166440863994786
wta:221024,wta:216265,2025-03-31,2025,2025,clay,Charleston,R64,6-2 6-4,52,35,61,31,85,WTA-2025-804-247,2025-804,3,0.6146818817786337,0.54174549893195,0.5782136903552919,0.5772164701882597,0.5790376146763172
wta:220465,wta:214684,2025-03-31,2025,2025,clay,Charleston,R64,6-0 6-0,31,25,32,7,85,WTA-2025-804-248,2025-804,3,0.7935154754952227,0.6426914861153494,0.7181034808052861,0.7104351484504283,0.7158758335669584
wta:201533,wta:214459,2025-03-31,2025,2025,clay,Charleston,R64,7-5 5-7 6-4,116,68,107,57,85,WTA-2025-804-251,2025-804,3,0.15089577274632485,0.3560268538297223,0.25346131328802357,0.24017352635640427,0.2519050117927535
wta:206368,wta:215064,2025-03-31,2025,2025,clay,Charleston,R64,6-0 6-2,37,27,62,25,85,WTA-2025-804-252,2025-804,3,0.9269163177593194,0.7814769606347269,0.8541966391970232,0.8446846043792615,0.8530675577200625
wta:221236,wta:201593,2025-03-31,2025,2025,clay,Charleston,R64,6-3 6-4,62,37,78,39,85,WTA-2025-804-255,2025-804,3,0.2646145076220346,0.40729325602685384,0.3359538818244442,0.33594582087631275,0.3404396920166932
wta:215983,wta:215020,2025-03-31,2025,2025,clay,Charleston,R64,6-4 6-3,71,40,64,30,85,WTA-2025-804-256,2025-804,3,0.7305988659125253,0.5842844064693317,0.6574416361909285,0.6604070573554132,0.6528642788518989
wta:219875,wta:211279,2025-03-31,2025,2025,clay,Charleston,R64,6-1 3-6 6-1,76,46,71,35,85,WTA-2025-804-259,2025-804,3,0.6569705765807271,0.5535855965822398,0.6052780865814835,0.6066411995013234,0.6093366767554231
wta:206289,wta:222233,2025-03-31,2025,2025,clay,Charleston,R64,6-3 6-2,51,29,56,23,85,WTA-2025-804-260,2025-804,3,0.8113022999523448,0.6342081171803479,0.7227552085663463,0.7255836022305867,0.7250744029514546
wta:221905,wta:202600,2025-03-31,2025,2025,clay,Charleston,R64,6-1 6-3,58,35,48,20,85,WTA-2025-804-263,2025-804,3,0.5702856885836314,0.5255111382361917,0.5478984134099115,0.5470300373961949,0.5486307905841563
wta:211635,wta:222965,2025-03-31,2025,2025,clay,Charleston,R64,6-4 3-6 6-4,87,51,90,54,85,WTA-2025-804-264,2025-804,3,0.32121438513003275,0.43597802868477264,0.3785962069074027,0.37782325149696355,0.3725235795042901
wta:201548,wta:211846,2025-03-31,2025,2025,clay,Charleston,R64,3-6 6-1 6-2,68,37,81,36,85,WTA-2025-804-267,2025-804,3,0.7514516505488272,0.6057064388159903,0.6785790446824087,0.6764663662082152,0.6823324777004129
wta:213576,wta:201586,2025-03-31,2025,2025,clay,Charleston,R64,7-6(8) 6-4,89,47,76,37,85,WTA-2025-804-268,2025-804,3,0.5418027991536722,0.5202014037229173,0.5310021014382948,0.5279047133824004,0.5263026812368911
wta:213550,wta:216153,2025-03-31,2025,2025,clay,Charleston,SF,5-2 RET,20,11,26,10,85,WTA-2025-804-298,2025-804,3,0.3481118341394972,0.4509307293256027,0.39952128173254997,0.3969396977300206,0.398605810264744
wta:202468,wta:206420,2025-03-31,2025,2025,clay,Charleston,SF,6-2 2-6 7-5,99,52,107,53,85,WTA-2025-804-299,2025-804,3,0.709029559316298,0.5728715288373513,0.6409505440768246,0.6442328279559735,0.6387228968384968
wta:215785,wta:203514,2025-03-31,2025,2025,clay,Bogota,F,6-3 6-3,59,38,63,31,85,WTA-2025-894-300,2025-894,3,0.7308599571486868,0.5922795239548367,0.6615697405517618,0.660605421998972,0.6617833505609165
wta:215785,wta:213583,2025-03-31,2025,2025,clay,Bogota,QF,6-1 6-3,43,30,45,20,85,WTA-2025-894-294,2025-894,3,0.8521795876862511,0.650259383582545,0.7512194856343981,0.7627590905253807,0.7467641911577426
wta:220699,wta:214521,2025-03-31,2025,2025,clay,Bogota,QF,6-3 2-6 6-1,73,42,75,37,85,WTA-2025-894-295,2025-894,3,0.5130719847711023,0.5025022886786695,0.5077871367248858,0.5087157598936318,0.5108387082842389
wta:264075,wta:206417,2025-03-31,2025,2025,clay,Bogota,QF,7-6(5) 6-3,75,45,78,44,85,WTA-2025-894-296,2025-894,3,0.5579387089914715,0.5263655782728105,0.542152143632141,0.5387224011199756,0.5375747862931114
wta:203514,wta:213631,2025-03-31,2025,2025,clay,Bogota,QF,5-7 6-1 7-5,90,50,105,51,85,WTA-2025-894-297,2025-894,3,0.3389263870555598,0.439273725968874,0.3891000565122169,0.39045782648325744,0.3885812893471269
wta:215785,wta:211765,2025-03-31,2025,2025,clay,Bogota,R16,1-6 7-6(5) 6-2,95,44,119,56,85,WTA-2025-894-286,2025-894,3,0.8234079192739094,0.6390296002441257,0.7312187597590176,0.7362185675560947,0.7329581555478488
wta:213583,wta:213949,2025-03-31,2025,2025,clay,Bogota,R16,6-0 7-6(0),63,38,68,29,85,WTA-2025-894-287,2025-894,3,0.6032800713525315,0.5382056759231004,0.570742873637816,0.5694074543798705,0.5696137921608553
wta:220699,wta:260300,2025-03-31,2025,2025,clay,Bogota,R16,6-4 6-2,60,39,50,25,85,WTA-2025-894-288,2025-894,3,0.33063834892352406,0.42828806835520294,0.3794632086393635,0.38456901435779556,0.3796463029329247
wta:214521,wta:213710,2025-03-31,2025,2025,clay,Bogota,R16,6-1 6-4,61,36,60,28,85,WTA-2025-894-289,2025-894,3,0.3767415242922801,0.4505645407384803,0.4136530325153802,0.4168783629511314,0.41295117105672896
wta:206417,wta:221911,2025-03-31,2025,2025,clay,Bogota,R16,6-4 6-3,61,34,74,34,85,WTA-2025-894-290,2025-894,3,0.31796793125157724,0.42242905096124506,0.3701984911064111,0.3754864212731024,0.3698323025192888
wta:264075,wta:206255,2025-03-31,2025,2025,clay,Bogota,R16,6-3 7-6(3),70,42,68,33,85,WTA-2025-894-291,2025-894,3,0.51648549059899,0.5047604516325908,0.5106229711157904,0.5109925405684771,0.5086089338866173
wta:203514,wta:206007,2025-03-31,2025,2025,clay,Bogota,R16,1-6 7-6(5) 6-3,100,48,105,55,85,WTA-2025-894-292,2025-894,3,0.6289919698739889,0.5521208422337504,0.5905564060538696,0.5870854854814034,0.5928450847233844
wta:213631,wta:213779,2025-03-31,2025,2025,clay,Bogota,R16,6-1 6-3,57,36,50,22,85,WTA-2025-894-293,2025-894,3,0.8867705971430488,0.7181873664937443,0.8024789818183966,0.797721427815768,0.8027231075431448
wta:215785,wta:246476,2025-03-31,2025,2025,clay,Bogota,R32,6-0 6-1,37,26,35,10,85,WTA-2025-894-270,2025-894,3,0.9946639308893945,0.9483368935001526,0.9715004121947736,0.9702659428605813,0.968479356351014
wta:211765,wta:222000,2025-03-31,2025,2025,clay,Bogota,R32,6-0 6-3,56,38,50,23,85,WTA-2025-894-271,2025-894,3,0.6013121606566738,0.5421727189502594,0.5717424398034666,0.5680640751914994,0.5701251068770095
wta:213949,wta:201478,2025-03-31,2025,2025,clay,Bogota,R32,4-6 6-1 6-2,75,47,95,51,85,WTA-2025-894-272,2025-894,3,0.40521395385403786,0.4539212694537687,0.4295676116539033,0.43638224922176455,0.43448064186446167
wta:213583,wta:203564,2025-03-31,2025,2025,clay,Bogota,R32,6-7(5) 7-5 6-4,118,71,147,82,85,WTA-2025-894-273,2025-894,3,0.3801758113186808,0.46551724137931033,0.42284652634899556,0.4192463303356139,0.42241930633068614
wta:260300,wta:219917,2025-03-31,2025,2025,clay,Bogota,R32,6-1 6-4,45,28,60,27,85,WTA-2025-894-274,2025-894,3,0.7154250227831148,0.596429661275557,0.6559273420293359,0.6489863781873737,0.6558052791669617
wta:220699,wta:215936,2025-03-31,2025,2025,clay,Bogota,R32,6-2 5-7 5-3 RET,101,61,95,54,85,WTA-2025-894-275,2025-894,3,0.3722541155973315,0.45746109246261824,0.41485760402997485,0.4137771469064394,0.4142167740025107
wta:214521,wta:210705,2025-03-31,2025,2025,clay,Bogota,R32,6-4 6-4,69,33,68,29,85,WTA-2025-894-276,2025-894,3,0.726098993850535,0.5991150442477876,0.6626070190491613,0.6569983855890296,0.6654754963149532
wta:213710,wta:215259,2025-03-31,2025,2025,clay,Bogota,R32,6-1 6-7(2) 6-1,81,46,90,40,85,WTA-2025-894-277,2025-894,3,0.6824509679089008,0.5743362831858407,0.6283936255473708,0.6248156082442374,0.6320860271341879
wta:221911,wta:204427,2025-03-31,2025,2025,clay,Bogota,R32,6-1 6-2,49,29,39,12,85,WTA-2025-894-278,2025-894,3,0.2969701492262804,0.42291730241074155,0.359943725818511,0.3601963995735792,0.3583874243232409
wta:206417,wta:210303,2025-03-31,2025,2025,clay,Bogota,R32,6-4 7-5,59,34,83,41,85,WTA-2025-894-279,2025-894,3,0.6885716518116578,0.5771437290204455,0.6328576904160517,0.6292420854981433,0.6351768848011601
wta:264075,wta:263775,2025-03-31,2025,2025,clay,Bogota,R32,6-1 6-1,36,28,66,30,85,WTA-2025-894-280,2025-894,3,0.5017622645466568,0.49804699420201404,0.49990462937433544,0.5011748457337593,0.5012473208604509
wta:206255,wta:215306,2025-03-31,2025,2025,clay,Bogota,R32,6-3 6-3,51,33,61,29,85,WTA-2025-894-281,2025-894,3,0.3038378531678644,0.4245651510527922,0.3642015021103283,0.36523227714443457,0.3619128234408135
wta:206007,wta:201696,2025-03-31,2025,2025,clay,Bogota,R32,4-6 6-1 6-1,77,51,78,38,85,WTA-2025-894-282,2025-894,3,0.12550269534767222,0.3321025328043943,0.22880261407603325,0.21514029170310978,0.22849745692009793
wta:203514,wta:260848,2025-03-31,2025,2025,clay,Bogota,R32,6-1 6-1,47,31,47,20,85,WTA-2025-894-283,2025-894,3,0.7655761479243178,0.6298748855660665,0.6977255167451921,0.6876162664815145,0.7023028740842218
wta:213779,wta:203463,2025-03-31,2025,2025,clay,Bogota,R32,2-6 6-4 6-1,93,50,74,37,85,WTA-2025-894-284,2025-894,3,0.43659142970857306,0.4705218187366494,0.4535566242226112,0.4576008591247374,0.4521223855897153
wta:213631,wta:202434,2025-03-31,2025,2025,clay,Bogota,R32,6-0 3-6 6-3,73,38,67,25,85,WTA-2025-894-285,2025-894,3,0.6428956362443408,0.5510222764723833,0.596958956358362,0.5967567389583346,0.5963181263308979
wta:215785,wta:220699,2025-03-31,2025,2025,clay,Bogota,SF,6-4 7-5,87,50,71,37,85,WTA-2025-894-298,2025-894,3,0.7411723483246444,0.5897162038449801,0.6654442760848123,0.6684937807793734,0.6657189175251541
wta:203514,wta:264075,2025-03-31,2025,2025,clay,Bogota,SF,7-5 6-2,68,40,87,42,85,WTA-2025-894-299,2025-894,3,0.7125500334022238,0.5931339639914556,0.6528419986968397,0.6468452816386551,0.6538185015958327
wta:211533,wta:214544,2025-04-14,2025,2025,clay,Stuttgart,F,6-4 6-1,52,31,65,29,85,WTA-2025-1051-300,2025-1051,3,0.1988629422176209,0.3978333841928593,0.2983481632052401,0.2831389779590501,0.29221450437094043
wta:211533,wta:216347,2025-04-14,2025,2025,clay,Stuttgart,QF,6-3 3-6 6-2,76,44,86,44,85,WTA-2025-1051-294,2025-1051,3,0.03360734497362957,0.2246872139151663,0.12914727944439794,0.09628364660875069,0.12817077654540496
wta:206420,wta:202468,2025-04-14,2025,2025,clay,Stuttgart,QF,6-0 6-4,50,34,74,35,85,WTA-2025-1051-295,2025-1051,3,0.295295018090837,0.4241379310344828,0.35971647456265987,0.3589626096996082,0.36523981908508896
wta:211148,wta:221103,2025-04-14,2025,2025,clay,Stuttgart,QF,6-4 6-3,74,41,53,25,85,WTA-2025-1051-296,2025-1051,3,0.1997520954906132,0.3911199267622826,0.2954360111264479,0.2838935151096164,0.29400177249355197
wta:214544,wta:210722,2025-04-14,2025,2025,clay,Stuttgart,QF,6-4 6-1,53,37,53,26,85,WTA-2025-1051-297,2025-1051,3,0.8278750897954157,0.6276167226121453,0.7277459062037805,0.7402165860441081,0.7267083718736005
wta:216347,wta:213544,2025-04-14,2025,2025,clay,Stuttgart,R16,6-2 6-2,44,31,55,24,85,WTA-2025-1051-286,2025-1051,3,0.9991365840301455,0.9513274336283186,0.9752320088292321,0.991009005233712,0.9755066502695738
wta:211533,wta:215613,2025-04-14,2025,2025,clay,Stuttgart,R16,7-5 3-6 6-2,114,66,94,51,85,WTA-2025-1051-287,2025-1051,3,0.431917843696939,0.4804089105889533,0.45616337714294614,0.45445482449557534,0.4532338684459672
wta:202468,wta:211684,2025-04-14,2025,2025,clay,Stuttgart,R16,6-1 6-1,35,29,43,18,85,WTA-2025-1051-288,2025-1051,3,0.7747505635235645,0.596429661275557,0.6855901123995607,0.6949904788301907,0.6881839482250108
wta:206420,wta:259799,2025-04-14,2025,2025,clay,Stuttgart,R16,6-3 6-2,50,31,50,24,85,WTA-2025-1051-289,2025-1051,3,0.1667140743779878,0.36670735428745804,0.2667107143327229,0.25488405585445045,0.2661919471676329
wta:211148,wta:215898,2025-04-14,2025,2025,clay,Stuttgart,R16,6-1 7-5,63,38,54,27,85,WTA-2025-1051-290,2025-1051,3,0.9037053801102376,0.6935306682941715,0.7986180242022045,0.8164872726819282,0.7961157355235351
wta:221103,wta:230870,2025-04-14,2025,2025,clay,Stuttgart,R16,6-1 6-1,42,30,40,16,85,WTA-2025-1051-291,2025-1051,3,0.9718280591590812,0.804424778761062,0.8881264189600716,0.9137705929238036,0.8856241302814021
wta:210722,wta:223670,2025-04-14,2025,2025,clay,Stuttgart,R16,6-2 7-6(5),62,40,83,44,85,WTA-2025-1051-292,2025-1051,3,0.4909940895398931,0.4963381141287763,0.4936661018343347,0.4939956989341221,0.4949172461736695
wta:213544,wta:202499,2025-04-14,2025,2025,clay,Stuttgart,R32,7-6(2) 6-4,70,36,75,33,85,WTA-2025-1051-271,2025-1051,3,0.14884630138681193,0.35199877937137625,0.25042254037909406,0.2382219711467625,0.24871366030585637
wta:211533,wta:215035,2025-04-14,2025,2025,clay,Stuttgart,R32,6-3 3-0 RET,29,25,58,30,85,WTA-2025-1051-272,2025-1051,3,0.6793009351028511,0.5611534940494355,0.6202272145761433,0.6225472251258974,0.6207764974568268
wta:215613,wta:206242,2025-04-14,2025,2025,clay,Stuttgart,R32,6-3 6-0,49,38,50,23,85,WTA-2025-1051-273,2025-1051,3,0.6309804700059628,0.5502898992981385,0.5906351846520507,0.5884634292544167,0.5906962160832377
wta:211684,wta:201506,2025-04-14,2025,2025,clay,Stuttgart,R32,7-5 4-6 7-6(5),119,71,120,70,85,WTA-2025-1051-275,2025-1051,3,0.6584056478304102,0.5491303021055843,0.6037679749679973,0.607654793571686,0.6079181122887174
wta:206420,wta:214643,2025-04-14,2025,2025,clay,Stuttgart,R32,6-3 6-3,50,36,61,32,85,WTA-2025-1051-276,2025-1051,3,0.42493304847133084,0.47400061031431184,0.44946682939282134,0.4497444604298649,0.45245736952098736
wta:259799,wta:222965,2025-04-14,2025,2025,clay,Stuttgart,R32,6-2 1-0 RET,24,18,19,7,85,WTA-2025-1051-277,2025-1051,3,0.9712868538232162,0.7972230698809887,0.8842549618521025,0.9127361996335458,0.8841328989897284
wta:211148,wta:220332,2025-04-14,2025,2025,clay,Stuttgart,R32,6-2 6-1,50,32,50,19,85,WTA-2025-1051-278,2025-1051,3,0.85467425740889,0.6503204150137321,0.752497336211311,0.7651566326834087,0.7497204060922997
wta:215898,wta:201696,2025-04-14,2025,2025,clay,Stuttgart,R32,4-6 6-3 6-4,119,72,91,58,85,WTA-2025-1051-279,2025-1051,3,0.19995013980977627,0.38196521208422335,0.29095767594699984,0.28406139718365847,0.2926055245890505
wta:230870,wta:213583,2025-04-14,2025,2025,clay,Stuttgart,R32,3-6 7-6(2) 6-4,131,72,97,54,85,WTA-2025-1051-280,2025-1051,3,0.6759530991581532,0.5657918828196521,0.6208724909889026,0.6201434062630915,0.6145252221454482
wta:223670,wta:206368,2025-04-14,2025,2025,clay,Stuttgart,R32,5-7 6-2 6-3,81,56,89,54,85,WTA-2025-1051-282,2025-1051,3,0.636427722209342,0.5444919133353677,0.5904598177723548,0.5922469151224858,0.5926264335794955
wta:210722,wta:205925,2025-04-14,2025,2025,clay,Stuttgart,R32,7-6(3) 6-2,67,41,71,37,85,WTA-2025-1051-283,2025-1051,3,0.7931750904372123,0.6160207506866036,0.704597920561908,0.7101503297702373,0.700112110369659
wta:215713,wta:220704,2025-04-14,2025,2025,clay,Stuttgart,R32,2-6 7-6(8) 6-3,93,55,116,64,85,WTA-2025-1051-284,2025-1051,3,0.6216200629177869,0.5372291730241074,0.5794246179709472,0.5819913615031874,0.5814996866313072
wta:211533,wta:206420,2025-04-14,2025,2025,clay,Stuttgart,SF,6-4 6-4,67,42,55,33,85,WTA-2025-1051-298,2025-1051,3,0.6097350713133296,0.5344827586206896,0.5721089149670096,0.573822900628694,0.5710713806368296
wta:214544,wta:211148,2025-04-14,2025,2025,clay,Stuttgart,SF,7-5 6-4,67,36,66,33,85,WTA-2025-1051-299,2025-1051,3,0.7113714379628282,0.5700030515715594,0.6406872447671939,0.645969540937049,0.6405956976204132
wta:202494,wta:215337,2025-04-14,2025,2025,clay,Rouen,F,6-4 7-6(8),75,47,84,46,85,WTA-2025-2066-300,2025-2066,3,0.5598312114094595,0.5203234665852914,0.5400773389973754,0.539993887896832,0.5397721818414402
wta:215480,wta:239456,2025-04-14,2025,2025,clay,Rouen,QF,6-3 6-3,50,26,51,19,85,WTA-2025-2066-294,2025-2066,3,0.7576230819603076,0.6177906621910284,0.687706872075668,0.6813091493719153,0.680352584617627
wta:215337,wta:220416,2025-04-14,2025,2025,clay,Rouen,QF,7-6(9) 4-6 6-1,116,72,98,57,85,WTA-2025-2066-295,2025-2066,3,0.884988750134809,0.6876716509002136,0.7863302005175113,0.7958187409017103,0.7834922389673129
wta:211817,wta:211316,2025-04-14,2025,2025,clay,Rouen,QF,6-2 6-2,47,32,54,25,85,WTA-2025-2066-296,2025-2066,3,0.935923468832424,0.7509002136100091,0.8434118412212166,0.8566373247279673,0.8429235897717201
wta:202494,wta:222601,2025-04-14,2025,2025,clay,Rouen,QF,6-3 6-2,70,44,48,24,85,WTA-2025-2066-297,2025-2066,3,0.901405835917243,0.6971315227342081,0.7992686793257255,0.8138609684393426,0.7958814348948436
wta:215480,wta:222328,2025-04-14,2025,2025,clay,Rouen,R16,6-4 6-1,54,36,62,30,85,WTA-2025-2066-286,2025-2066,3,0.18063583321530347,0.36805004577357336,0.27434293949443844,0.26736548154559864,0.27477015951274786
wta:239456,wta:211713,2025-04-14,2025,2025,clay,Rouen,R16,6-2 6-3,52,34,60,30,85,WTA-2025-2066-287,2025-2066,3,0.12678464068181794,0.3164784864205066,0.22163156355116226,0.21645233407066541,0.221906204991504
wta:215337,wta:222258,2025-04-14,2025,2025,clay,Rouen,R16,6-2 3-6 6-4,95,51,82,42,85,WTA-2025-2066-288,2025-2066,3,0.9287159791767544,0.7243515410436375,0.826533760110196,0.8470204409350941,0.8258929300827318
wta:220416,wta:222391,2025-04-14,2025,2025,clay,Rouen,R16,1-6 7-6(4) 6-4,87,45,99,57,85,WTA-2025-2066-289,2025-2066,3,0.6653725365297544,0.5668904485810192,0.6161314925553868,0.6125917032597955,0.6188168755276175
wta:211817,wta:202662,2025-04-14,2025,2025,clay,Rouen,R16,6-0 6-4,54,33,58,27,85,WTA-2025-2066-290,2025-2066,3,0.8815422621713119,0.6915166310649985,0.7865294466181552,0.792173657530954,0.78829935812258
wta:211316,wta:211539,2025-04-14,2025,2025,clay,Rouen,R16,7-6(4) 6-4,66,44,76,46,85,WTA-2025-2066-291,2025-2066,3,0.1641797060287074,0.3465669819957278,0.25537334401221756,0.2525670162846264,0.2534813696454187
wta:222601,wta:219875,2025-04-14,2025,2025,clay,Rouen,R16,6-3 6-3,52,33,67,31,85,WTA-2025-2066-292,2025-2066,3,0.5004928906195818,0.5023191943851083,0.501406042502345,0.5003285938055205,0.5030233754288023
wta:202494,wta:211843,2025-04-14,2025,2025,clay,Rouen,R16,6-4 6-0,57,36,53,23,85,WTA-2025-2066-293,2025-2066,3,0.7361970555463548,0.5834299664327128,0.6598135109895338,0.6646747676969572,0.6592642281088503
wta:222328,wta:211095,2025-04-14,2025,2025,clay,Rouen,R32,4-6 7-6(5) 6-4,117,68,94,57,85,WTA-2025-2066-270,2025-2066,3,0.719897474430961,0.5814769606347269,0.650687217532844,0.6523311920508967,0.6472389416707749
wta:215480,wta:215370,2025-04-14,2025,2025,clay,Rouen,R32,6-1 4-6 7-6(2),94,61,109,62,85,WTA-2025-2066-271,2025-2066,3,0.4634134734366243,0.4813243820567592,0.47236892774669176,0.47558474287457486,0.47612236076469605
wta:211713,wta:220348,2025-04-14,2025,2025,clay,Rouen,R32,6-4 6-3,60,42,58,33,85,WTA-2025-2066-272,2025-2066,3,0.5645249031253068,0.5194079951174855,0.5419664491213961,0.5431502089340834,0.5412951033783384
wta:239456,wta:214459,2025-04-14,2025,2025,clay,Rouen,R32,6-2 6-3,52,38,58,30,85,WTA-2025-2066-273,2025-2066,3,0.10673604615427208,0.29359169972535853,0.2001638729398153,0.195234615834653,0.20138450156355653
wta:215337,wta:202434,2025-04-14,2025,2025,clay,Rouen,R32,5-7 6-0 6-3,84,56,100,55,85,WTA-2025-2066-274,2025-2066,3,0.837023250922524,0.6461702776930119,0.741596764307768,0.7485378962123161,0.7387588027575696
wta:222258,wta:215020,2025-04-14,2025,2025,clay,Rouen,R32,6-7(5) 6-4 7-5,107,56,125,60,85,WTA-2025-2066-275,2025-2066,3,0.32329303926451813,0.43774794018919744,0.3805204897268578,0.37931592500606026,0.37792665390140767
wta:222391,wta:211279,2025-04-14,2025,2025,clay,Rouen,R32,6-0 6-3,57,38,42,19,85,WTA-2025-2066-276,2025-2066,3,0.425920330238049,0.4636862984436985,0.4448033143408737,0.450410911992563,0.44703096157920147
wta:220416,wta:215572,2025-04-14,2025,2025,clay,Rouen,R32,3-6 6-2 6-1,84,50,83,42,85,WTA-2025-2066-277,2025-2066,3,0.6197781547045345,0.5505340250228868,0.5851560898637107,0.5807219601297737,0.5834777255060664
wta:202662,wta:219917,2025-04-14,2025,2025,clay,Rouen,R32,6-2 6-3,58,40,49,25,85,WTA-2025-2066-278,2025-2066,3,0.2668357791517622,0.4007018614586512,0.3337688203052067,0.33764106708126884,0.33401294602995496
wta:211817,wta:221039,2025-04-14,2025,2025,clay,Rouen,R32,1-6 6-1 6-4,70,46,72,46,85,WTA-2025-2066-279,2025-2066,3,0.8011075246226955,0.6266402197131523,0.7138738721679239,0.7168359390110172,0.7116767406451897
wta:211316,wta:221191,2025-04-14,2025,2025,clay,Rouen,R32,6-2 6-4,44,28,73,32,85,WTA-2025-2066-280,2025-2066,3,0.3142142630790661,0.4248703082087275,0.3695422856438968,0.37277583218973503,0.36850475131371674
wta:211539,wta:220520,2025-04-14,2025,2025,clay,Rouen,R32,6-7(8) 6-2 7-5,125,73,118,60,85,WTA-2025-2066-281,2025-2066,3,0.36882673218047624,0.451296917912725,0.4100618250466006,0.411402880599758,0.41146554796390306
wta:219875,wta:222661,2025-04-14,2025,2025,clay,Rouen,R32,6-3 6-2,66,41,65,31,85,WTA-2025-2066-282,2025-2066,3,0.34388704459564895,0.44446139761977416,0.39417422110771155,0.3939640105054597,0.3914278067042938
wta:222601,wta:206289,2025-04-14,2025,2025,clay,Rouen,R32,6-0 3-6 6-3,72,47,77,42,85,WTA-2025-2066-283,2025-2066,3,0.2251621578350981,0.3951480012206286,0.31015507952786336,0.30493883819759704,0.31247427391297167
wta:211843,wta:211702,2025-04-14,2025,2025,clay,Rouen,R32,6-0 6-4,48,34,58,29,85,WTA-2025-2066-284,2025-2066,3,0.9010769251764413,0.6932255111382362,0.7971512181573388,0.8134874651637819,0.7944048037539211
wta:202494,wta:213525,2025-04-14,2025,2025,clay,Rouen,R32,6-4 6-2,53,33,64,30,85,WTA-2025-2066-285,2025-2066,3,0.7841052365351536,0.6086969789441562,0.6964011077396549,0.7026261324409736,0.699452679299008
wta:215337,wta:215480,2025-04-14,2025,2025,clay,Rouen,SF,6-4 6-4,61,39,61,35,85,WTA-2025-2066-298,2025-2066,3,0.8299887094863652,0.6328654256942325,0.7314270675902989,0.7421228522814544,0.7295961246546869
wta:202494,wta:211817,2025-04-14,2025,2025,clay,Rouen,SF,6-0 6-2,44,32,47,19,85,WTA-2025-2066-299,2025-2066,3,0.7894381014781534,0.608452853219408,0.6989454773487807,0.7070351700330232,0.7030040675227203
wta:214544,wta:221103,2025-04-22,2025,2025,clay,Madrid,F,6-3 7-6(3),58,39,84,42,85,WTA-2025-1038-300,2025-1038,3,0.3889169761686817,0.46539517851693624,0.42715607734280897,0.42525325210512976,0.42874289455367254
wta:216347,wta:201619,2025-04-22,2025,2025,clay,Madrid,QF,0-6 6-3 6-2,72,41,62,36,85,WTA-2025-1038-294,2025-1038,3,0.8801101244066306,0.6687519072322246,0.7744310158194276,0.7906722424647626,0.7724169785902546
wta:221103,wta:259799,2025-04-22,2025,2025,clay,Madrid,QF,7-5 6-1,50,35,82,39,85,WTA-2025-1038-295,2025-1038,3,0.6566775093447829,0.5472993591699725,0.6019884342573777,0.6064343421187782,0.6076643573577745
wta:202494,wta:220416,2025-04-22,2025,2025,clay,Madrid,QF,6-2 6-1,45,30,40,15,85,WTA-2025-1038-296,2025-1038,3,0.910466254426481,0.7072017088800733,0.8088339816532771,0.8243681962567154,0.804226108598654
wta:214544,wta:216146,2025-04-22,2025,2025,clay,Madrid,QF,7-6(4) 7-6(7),114,66,102,58,85,WTA-2025-1038-297,2025-1038,3,0.8520944684740834,0.6376869087580104,0.7448906886160469,0.762677583350509,0.7474540087259035
wta:223253,wta:202600,2025-04-22,2025,2025,clay,Madrid,R128,6-3 6-2,62,35,52,19,85,WTA-2025-1038-175,2025-1038,3,0.1580567983294329,0.3566371681415929,0.2573469832355129,0.24690791285805,0.2487720671537308
wta:214604,wta:211685,2025-04-22,2025,2025,clay,Madrid,R128,6-3 6-2,69,42,58,27,85,WTA-2025-1038-176,2025-1038,3,0.3202573242302085,0.438297223069881,0.3792772736500447,0.37713506026537186,0.37802612931071
wta:201545,wta:201499,2025-04-22,2025,2025,clay,Madrid,R128,6-4 7-5,82,50,109,58,85,WTA-2025-1038-179,2025-1038,3,0.42733737081974243,0.4754653646628013,0.4514013677412719,0.45136708160854416,0.45283560637416786
wta:220465,wta:201520,2025-04-22,2025,2025,clay,Madrid,R128,6-4 6-0,67,36,58,22,85,WTA-2025-1038-180,2025-1038,3,0.4440298756232729,0.4878547451937748,0.46594231040852385,0.46259953718952596,0.4613649530694942
wta:233741,wta:220781,2025-04-22,2025,2025,clay,Madrid,R128,6-2 2-6 6-4,91,53,87,48,85,WTA-2025-1038-183,2025-1038,3,0.838017197322878,0.6612450411962161,0.7496311192595471,0.7494533542291203,0.7573515953047103
wta:221024,wta:201514,2025-04-22,2025,2025,clay,Madrid,R128,6-2 5-7 7-6(4),96,63,99,61,85,WTA-2025-1038-184,2025-1038,3,0.482566629218813,0.4991455599633811,0.490856094591097,0.4883751349786409,0.48987959169210404
wta:220348,wta:201593,2025-04-22,2025,2025,clay,Madrid,R128,6-3 6-4,65,43,58,33,85,WTA-2025-1038-187,2025-1038,3,0.4746252824452871,0.4954226426609704,0.48502396255312874,0.4830754446072866,0.4833150824798911
wta:214459,wta:211768,2025-04-22,2025,2025,clay,Madrid,R128,6-4 2-6 6-4,107,61,91,53,85,WTA-2025-1038-188,2025-1038,3,0.36036480162593404,0.4528227036924016,0.4065937526591678,0.4055190621355112,0.4034201182374406
wta:215035,wta:215936,2025-04-22,2025,2025,clay,Madrid,R128,7-6(5) 4-6 6-3,108,63,104,57,85,WTA-2025-1038-191,2025-1038,3,0.5886801074214068,0.5332621299969484,0.5609711187091776,0.5594691203368725,0.5562106670765867
wta:215983,wta:205925,2025-04-22,2025,2025,clay,Madrid,R128,6-3 6-2,67,40,59,26,85,WTA-2025-1038-192,2025-1038,3,0.7072113066924983,0.5711626487641135,0.6391869777283059,0.642887499869006,0.6394921348842413
wta:202505,wta:220309,2025-04-22,2025,2025,clay,Madrid,R128,6-0 6-2,44,29,40,14,85,WTA-2025-1038-195,2025-1038,3,0.9555516622135067,0.7728715288373512,0.864211595525429,0.885472609275145,0.861678791131166
wta:211095,wta:213544,2025-04-22,2025,2025,clay,Madrid,R128,6-4 6-3,69,42,76,41,85,WTA-2025-1038-196,2025-1038,3,0.809411372101651,0.6319499542264266,0.7206806631640388,0.723947265686229,0.715401444366358
wta:263857,wta:222258,2025-04-22,2025,2025,clay,Madrid,R128,6-2 6-2,50,27,59,23,85,WTA-2025-1038-199,2025-1038,3,0.6096662523776226,0.5440646933170583,0.5768654728473405,0.5737757512061594,0.5757058756547864
wta:214452,wta:220589,2025-04-22,2025,2025,clay,Madrid,R128,6-4 6-4,70,42,56,31,85,WTA-2025-1038-200,2025-1038,3,0.22421487576654978,0.398504729935917,0.3113598028512334,0.3041710175860935,0.31380106009871583
wta:222601,wta:210886,2025-04-22,2025,2025,clay,Madrid,R128,6-3 6-1,43,32,61,30,85,WTA-2025-1038-203,2025-1038,3,0.3684277238049401,0.45190723222459567,0.4101674780147679,0.4111261488656393,0.40922149083136844
wta:213631,wta:213887,2025-04-22,2025,2025,clay,Madrid,R128,6-2 4-6 6-1,88,51,84,40,85,WTA-2025-1038-204,2025-1038,3,0.6734331135474597,0.5598718339945071,0.6166524737709834,0.6183386517373144,0.6161642223214869
wta:211107,wta:211701,2025-04-22,2025,2025,clay,Madrid,R128,4-6 6-2 6-1,88,52,86,42,85,WTA-2025-1038-207,2025-1038,3,0.5650416716007935,0.5180042722001831,0.5415229719004884,0.5434979727880185,0.5425299905150749
wta:206289,wta:216133,2025-04-22,2025,2025,clay,Madrid,R128,6-4 7-6(7),82,49,88,50,85,WTA-2025-1038-208,2025-1038,3,0.7582441204924893,0.5975892584681111,0.6779166894803001,0.6817989256892825,0.676238325122656
wta:222661,wta:211713,2025-04-22,2025,2025,clay,Madrid,R128,6-2 7-5,51,35,68,35,85,WTA-2025-1038-211,2025-1038,3,0.4166905979543901,0.46692096429661273,0.4418057811255014,0.4441714653051828,0.44418600694179683
wta:215370,wta:220520,2025-04-22,2025,2025,clay,Madrid,R128,6-2 6-4,63,40,45,26,85,WTA-2025-1038-212,2025-1038,3,0.4915256746173192,0.4954226426609704,0.4934741586391448,0.4943501491766608,0.4945727244005119
wta:219917,wta:223286,2025-04-22,2025,2025,clay,Madrid,R128,6-3 6-3,84,51,79,39,85,WTA-2025-1038-215,2025-1038,3,0.7365462117968923,0.6011290814769606,0.6688376466369265,0.664941963142987,0.6707601367193189
wta:215337,wta:201458,2025-04-22,2025,2025,clay,Madrid,R128,6-4 6-2,54,34,50,24,85,WTA-2025-1038-216,2025-1038,3,0.6583195766545827,0.541867561794324,0.6000935692244533,0.6075939698302992,0.6070816680953719
wta:220416,wta:221905,2025-04-22,2025,2025,clay,Madrid,R128,1-6 6-4 6-3,71,46,81,49,85,WTA-2025-1038-219,2025-1038,3,0.3349612082613162,0.43902960024412574,0.38699540425272094,0.38764542213662284,0.3888263471883328
wta:220332,wta:267439,2025-04-22,2025,2025,clay,Madrid,R128,6-2 6-2,43,29,63,25,85,WTA-2025-1038-220,2025-1038,3,0.7879286119067986,0.6338419285932255,0.7108852702500121,0.7057828872740383,0.7080167929842203
wta:215713,wta:221909,2025-04-22,2025,2025,clay,Madrid,R128,6-7(7) 6-4 6-2,104,62,90,46,85,WTA-2025-1038-223,2025-1038,3,0.6692779928405235,0.5592615196826366,0.61426975626158,0.6153713450601407,0.6137204733808965
wta:215138,wta:219875,2025-04-22,2025,2025,clay,Madrid,R128,3-6 6-1 6-4,85,54,86,49,85,WTA-2025-1038-224,2025-1038,3,0.46095751926793355,0.4790051876716509,0.4699813534697922,0.47394221443253065,0.47230054785490055
wta:221054,wta:215480,2025-04-22,2025,2025,clay,Madrid,R128,7-6(4) 6-4,74,44,80,45,85,WTA-2025-1038-227,2025-1038,3,0.7575523186990804,0.5992371071101618,0.6783947129046211,0.6812533713564798,0.6760450028039191
wta:206368,wta:221236,2025-04-22,2025,2025,clay,Madrid,R128,6-2 6-2,48,30,54,21,85,WTA-2025-1038-228,2025-1038,3,0.756163103976627,0.6027769301190113,0.6794700170478192,0.6801595308723899,0.6766930869288079
wta:220548,wta:214040,2025-04-22,2025,2025,clay,Madrid,R128,5-7 6-3 6-4,103,59,101,52,85,WTA-2025-1038-231,2025-1038,3,0.7726502221208955,0.6110161733292646,0.69183319772508,0.6932925785091173,0.6912228834132095
wta:214119,wta:201548,2025-04-22,2025,2025,clay,Madrid,R128,6-3 1-6 7-5,81,53,81,52,85,WTA-2025-1038-232,2025-1038,3,0.43922642362171094,0.47790662191028377,0.45856652276599735,0.4593727393827376,0.4627776915179046
wta:215785,wta:215306,2025-04-22,2025,2025,clay,Madrid,R128,6-3 6-3,62,34,58,26,85,WTA-2025-1038-235,2025-1038,3,0.7848410612757878,0.6091852303936527,0.6970131458347202,0.7032319969999987,0.6975624287154039
wta:215020,wta:215910,2025-04-22,2025,2025,clay,Madrid,R128,6-4 6-2,58,36,58,27,85,WTA-2025-1038-236,2025-1038,3,0.757226339839847,0.6097345132743363,0.6834804265570916,0.680996499533005,0.6807645278692673
wta:216347,wta:223670,2025-04-22,2025,2025,clay,Madrid,R16,6-0 6-7(3) 6-4,105,63,90,48,85,WTA-2025-1038-286,2025-1038,3,0.9693002295231221,0.7878852609093683,0.8785927452162452,0.9090050092590586,0.881857926784753
wta:201619,wta:202499,2025-04-22,2025,2025,clay,Madrid,R16,6-2 6-3,56,35,58,28,85,WTA-2025-1038-287,2025-1038,3,0.8341082792506149,0.6304851998779372,0.7322967395642761,0.7458661927875436,0.7327849910137725
wta:221103,wta:202505,2025-04-22,2025,2025,clay,Madrid,R16,6-4 6-2,46,35,67,35,85,WTA-2025-1038-288,2025-1038,3,0.7612468176322336,0.5944156240463839,0.6778312208393087,0.6841734333921882,0.6778312208393087
wta:259799,wta:263857,2025-04-22,2025,2025,clay,Madrid,R16,6-1 6-4,76,49,45,23,85,WTA-2025-1038-289,2025-1038,3,0.9620569024370342,0.7869087580103753,0.8744828302237048,0.8961652372013416,0.8750626288199819
wta:202494,wta:206289,2025-04-22,2025,2025,clay,Madrid,R16,6-3 6-4,70,41,64,33,85,WTA-2025-1038-290,2025-1038,3,0.7013927062472666,0.5621910283796155,0.6317918673134411,0.6385998883457568,0.6329514645059953
wta:220416,wta:206420,2025-04-22,2025,2025,clay,Madrid,R16,6-4 7-6(5),77,44,70,39,85,WTA-2025-1038-291,2025-1038,3,0.1896837850225279,0.3735428745804089,0.2816133298014684,0.27527052431268295,0.27682236245328407
wta:216146,wta:215713,2025-04-22,2025,2025,clay,Madrid,R16,6-3 6-2,55,36,69,35,85,WTA-2025-1038-292,2025-1038,3,0.4007230204603321,0.46801953005797986,0.434371275259156,0.4333239289099159,0.43626324962595486
wta:214544,wta:220548,2025-04-22,2025,2025,clay,Madrid,R16,6-2 6-4,64,40,53,27,85,WTA-2025-1038-293,2025-1038,3,0.8524553842129926,0.6440341776014648,0.7482447809072287,0.7630233176530719,0.7536765782828772
wta:216347,wta:222328,2025-04-22,2025,2025,clay,Madrid,R32,6-4 6-2,59,38,44,24,85,WTA-2025-1038-270,2025-1038,3,0.9509063840639581,0.7523039365273115,0.8516051602956348,0.8782317727560623,0.8525206317634408
wta:223670,wta:201545,2025-04-22,2025,2025,clay,Madrid,R32,6-0 6-0,36,26,34,9,85,WTA-2025-1038-271,2025-1038,3,0.5762763333541089,0.5263655782728105,0.5513209558134597,0.5510722222446017,0.5569053317670758
wta:202499,wta:215613,2025-04-22,2025,2025,clay,Madrid,R32,4-6 6-3 6-2,99,63,72,47,85,WTA-2025-1038-272,2025-1038,3,0.28915071031352624,0.4254806225205981,0.35731566641706214,0.3544180679322378,0.3588719679123322
wta:201619,wta:214939,2025-04-22,2025,2025,clay,Madrid,R32,7-5 7-6(3),96,57,69,39,85,WTA-2025-1038-273,2025-1038,3,0.8846216939136873,0.6699725358559658,0.7772971148848266,0.7954283501077088,0.7784567120773807
wta:221103,wta:215983,2025-04-22,2025,2025,clay,Madrid,R32,6-2 6-3,50,32,53,24,85,WTA-2025-1038-274,2025-1038,3,0.9237586099659478,0.7133048519987794,0.8185317309823636,0.8406444415274825,0.8233226983305479
wta:202505,wta:206242,2025-04-22,2025,2025,clay,Madrid,R32,6-3 4-6 7-6(2),103,57,107,56,85,WTA-2025-1038-275,2025-1038,3,0.7130447875260197,0.5740311260299054,0.6435379567779625,0.6472132465229823,0.6430802210440596
wta:263857,wta:214643,2025-04-22,2025,2025,clay,Madrid,R32,2-6 7-6(2) 6-0,98,56,90,50,85,WTA-2025-1038-276,2025-1038,3,0.1504234263158572,0.3424778761061947,0.24645065121102594,0.2397247263778161,0.24654219835780652
wta:259799,wta:211684,2025-04-22,2025,2025,clay,Madrid,R32,7-5 6-3,66,44,65,38,85,WTA-2025-1038-277,2025-1038,3,0.8833673780665761,0.6672871528837351,0.7753272654751555,0.7940982541673127,0.7756019069154974
wta:206289,wta:211148,2025-04-22,2025,2025,clay,Madrid,R32,6-2 6-1,54,35,59,24,85,WTA-2025-1038-278,2025-1038,3,0.2787751934202296,0.42126945376869085,0.3500223235944602,0.34667277461609763,0.3542334923463675
wta:202494,wta:214981,2025-04-22,2025,2025,clay,Madrid,R32,6-3 6-4,69,48,59,36,85,WTA-2025-1038-279,2025-1038,3,0.2884014156073872,0.4324382056759231,0.3604198106416552,0.3538617701951972,0.35892454057757217
wta:206420,wta:214082,2025-04-22,2025,2025,clay,Madrid,R32,6-3 7-6(3),66,37,82,38,85,WTA-2025-1038-280,2025-1038,3,0.2905016923070386,0.4306682941714983,0.36058499323926846,0.3554199114327487,0.3603103517989267
wta:220416,wta:202468,2025-04-22,2025,2025,clay,Madrid,R32,6-3 6-2,64,37,64,29,85,WTA-2025-1038-281,2025-1038,3,0.082517587687628,0.28285016783643574,0.18268387776203188,0.1671797891374253,0.18469791499120491
wta:215713,wta:213550,2025-04-22,2025,2025,clay,Madrid,R32,3-6 6-4 7-6(6),100,57,113,64,85,WTA-2025-1038-282,2025-1038,3,0.662777824420068,0.5609093683246872,0.6118435963723776,0.6107498400189724,0.6071441761709739
wta:216146,wta:206368,2025-04-22,2025,2025,clay,Madrid,R32,6-0 4-6 6-4,81,48,112,57,85,WTA-2025-1038-283,2025-1038,3,0.5973856289386299,0.5326518156850778,0.5650187223118539,0.565387316583709,0.565079753743041
wta:220548,wta:214119,2025-04-22,2025,2025,clay,Madrid,R32,6-2 6-0,42,27,44,16,85,WTA-2025-1038-284,2025-1038,3,0.7569149331951452,0.5909368324687214,0.6739258828319333,0.6807512268000211,0.6804257302533554
wta:214544,wta:210722,2025-04-22,2025,2025,clay,Madrid,R32,3-6 6-2 6-1,77,44,76,34,85,WTA-2025-1038-285,2025-1038,3,0.8294740639819045,0.6307293256026854,0.7301016947922949,0.7416578137106056,0.7294303490492373
wta:216347,wta:223253,2025-04-22,2025,2025,clay,Madrid,R64,4-6 6-4 6-2,80,48,100,48,85,WTA-2025-1038-238,2025-1038,3,0.9997820099305368,0.977570949038755,0.9886764794846459,0.9963904713472013,0.9881577123195558
wta:222328,wta:214604,2025-04-22,2025,2025,clay,Madrid,R64,7-5 6-1,86,53,55,26,85,WTA-2025-1038-239,2025-1038,3,0.8644079743976393,0.6503204150137321,0.7573641947056857,0.7746801913265433,0.7612702063016576
wta:201545,wta:211533,2025-04-22,2025,2025,clay,Madrid,R64,7-6(2) 6-2,58,31,77,32,85,WTA-2025-1038-240,2025-1038,3,0.38238253241614645,0.4528227036924016,0.417602618054274,0.4207654706326164,0.4179382909258028
wta:223670,wta:220465,2025-04-22,2025,2025,clay,Madrid,R64,6-1 6-2,51,37,47,22,85,WTA-2025-1038-241,2025-1038,3,0.6881392901295698,0.5669514800122063,0.6275453850708881,0.6289285640427523,0.6263857878783339
wta:215613,wta:233741,2025-04-22,2025,2025,clay,Madrid,R64,7-5 7-5,72,39,93,47,85,WTA-2025-1038-242,2025-1038,3,0.7457132303538108,0.5956972841013122,0.6707052572275615,0.6720016713184951,0.6733601244841987
wta:202499,wta:221024,2025-04-22,2025,2025,clay,Madrid,R64,6-4 6-3,71,48,56,36,85,WTA-2025-1038-243,2025-1038,3,0.5887079253677734,0.5290509612450413,0.5588794433064073,0.5594879971925819,0.5587268647284396
wta:214939,wta:220348,2025-04-22,2025,2025,clay,Madrid,R64,7-6(4) 6-4,74,51,75,47,85,WTA-2025-1038-244,2025-1038,3,0.4914852197828812,0.5027464144034177,0.49711581709314945,0.4943231749615312,0.492202786882591
wta:201619,wta:214459,2025-04-22,2025,2025,clay,Madrid,R64,6-4 6-3,47,31,66,33,85,WTA-2025-1038-245,2025-1038,3,0.8180138631558365,0.6242599938968569,0.7211369285263467,0.7314449120797419,0.7223270414344944
wta:221103,wta:215035,2025-04-22,2025,2025,clay,Madrid,R64,0-6 6-2 7-5,81,42,99,47,85,WTA-2025-1038-246,2025-1038,3,0.9412523654805213,0.7344827586206897,0.8378675620506055,0.8640457087646641,0.8367384805736449
wta:215983,wta:220367,2025-04-22,2025,2025,clay,Madrid,R64,6-4 3-6 6-4,87,51,97,55,85,WTA-2025-1038-247,2025-1038,3,0.45386652422341184,0.4862679279829112,0.47006722610316154,0.4691956875662241,0.4696094903692586
wta:202505,wta:220704,2025-04-22,2025,2025,clay,Madrid,R64,7-5 7-5,79,52,63,40,85,WTA-2025-1038-248,2025-1038,3,0.7460824622964378,0.5869087580103753,0.6664956101534065,0.6722878684557637,0.6743686647765375
wta:206242,wta:211095,2025-04-22,2025,2025,clay,Madrid,R64,2-6 6-3 6-1,69,46,90,51,85,WTA-2025-1038-249,2025-1038,3,0.6549900022189608,0.5527921879768081,0.6038910950978844,0.6052441323715714,0.6053253337307803
wta:263857,wta:220714,2025-04-22,2025,2025,clay,Madrid,R64,7-6(5) 6-4,62,42,79,45,85,WTA-2025-1038-250,2025-1038,3,0.30138830952570844,0.42963075984131827,0.3655095346835133,0.3634401724721934,0.3613593973627932
wta:214643,wta:214452,2025-04-22,2025,2025,clay,Madrid,R64,6-4 6-4,56,39,54,33,85,WTA-2025-1038-251,2025-1038,3,0.8021089888071219,0.6178516936222155,0.7099803412146687,0.7176873146906176,0.7076916625451539
wta:211684,wta:222601,2025-04-22,2025,2025,clay,Madrid,R64,5-7 7-6(2) 6-4,123,69,106,56,85,WTA-2025-1038-252,2025-1038,3,0.7197356313708784,0.5731766859932865,0.6464561586820825,0.652209850990634,0.6508199060119573
wta:259799,wta:213631,2025-04-22,2025,2025,clay,Madrid,R64,6-3 6-4,75,48,59,33,85,WTA-2025-1038-253,2025-1038,3,0.9007741099032673,0.6864510222764724,0.7936125660898699,0.8131440631343488,0.7938872075302117
wta:211148,wta:211107,2025-04-22,2025,2025,clay,Madrid,R64,6-1 6-2,48,31,36,11,85,WTA-2025-1038-254,2025-1038,3,0.7188749312479755,0.5736039060115959,0.6462394186297857,0.6515649313304676,0.6473990158223399
wta:206289,wta:202663,2025-04-22,2025,2025,clay,Madrid,R64,7-6(5) 6-3,59,44,84,48,85,WTA-2025-1038-255,2025-1038,3,0.6017387141725619,0.5374122673176686,0.5695754907451152,0.5683551530904772,0.5688125978552769
wta:202494,wta:222661,2025-04-22,2025,2025,clay,Madrid,R64,6-3 6-1,42,29,42,18,85,WTA-2025-1038-256,2025-1038,3,0.7895105832143471,0.6168141592920354,0.7031623712531913,0.7070953877991132,0.7019417426294501
wta:214981,wta:215370,2025-04-22,2025,2025,clay,Madrid,R64,6-3 6-2,62,42,56,32,85,WTA-2025-1038-257,2025-1038,3,0.931441421526091,0.7290509612450412,0.8302461913855661,0.8506061587402862,0.8263706955051877
wta:214082,wta:219917,2025-04-22,2025,2025,clay,Madrid,R64,6-2 7-5,57,36,69,32,85,WTA-2025-1038-258,2025-1038,3,0.9238937359681354,0.7175160207506867,0.8207048783594111,0.8408158537948567,0.8200945640475403
wta:206420,wta:215337,2025-04-22,2025,2025,clay,Madrid,R64,6-3 6-4,65,38,59,30,85,WTA-2025-1038-259,2025-1038,3,0.37209874059043785,0.456240463838877,0.41416960221465743,0.4136696202691107,0.41529868369161804
wta:220416,wta:202460,2025-04-22,2025,2025,clay,Madrid,R64,4-6 6-3 6-4,96,61,91,54,85,WTA-2025-1038-260,2025-1038,3,0.07043482559234301,0.26771437290204453,0.16907459924719376,0.15186866484389178,0.17160740364145682
wta:202468,wta:220332,2025-04-22,2025,2025,clay,Madrid,R64,6-2 6-2,45,30,62,26,85,WTA-2025-1038-261,2025-1038,3,0.8547362355776347,0.6427525175465365,0.7487443765620856,0.7652164148311171,0.7510025395160068
wta:215713,wta:221012,2025-04-22,2025,2025,clay,Madrid,R64,6-4 6-4,60,36,62,30,85,WTA-2025-1038-262,2025-1038,3,0.27830178182888615,0.42432102532804394,0.351311403578465,0.346317147259116,0.35009077495472385
wta:213550,wta:215138,2025-04-22,2025,2025,clay,Madrid,R64,6-3 6-2,48,36,58,28,85,WTA-2025-1038-263,2025-1038,3,0.7518218401248002,0.5977723527616723,0.6747970964432363,0.6767556352243637,0.6739731721222109
wta:216146,wta:221054,2025-04-22,2025,2025,clay,Madrid,R64,6-4 2-6 6-2,77,41,92,49,85,WTA-2025-1038-264,2025-1038,3,0.4918577340678418,0.4973146170277693,0.49458617554780554,0.4945715561123201,0.49452514411661846
wta:206368,wta:213710,2025-04-22,2025,2025,clay,Madrid,R64,4-6 7-6(1) 7-5,108,70,127,76,85,WTA-2025-1038-265,2025-1038,3,0.598612117011612,0.5343606957583156,0.5664864063849637,0.5662229122116561,0.5678901293022662
wta:220548,wta:216153,2025-04-22,2025,2025,clay,Madrid,R64,6-2 2-6 7-5,97,50,99,48,85,WTA-2025-1038-266,2025-1038,3,0.40965812541606306,0.4687519072322246,0.4392050163241438,0.4394028528127185,0.4367027276454743
wta:214119,wta:201709,2025-04-22,2025,2025,clay,Madrid,R64,6-3 6-3,48,33,56,31,85,WTA-2025-1038-267,2025-1038,3,0.0928641382212667,0.30335672871528835,0.19811043346827753,0.17954451895028867,0.19811043346827753
wta:210722,wta:215785,2025-04-22,2025,2025,clay,Madrid,R64,6-3 6-3,62,40,59,33,85,WTA-2025-1038-268,2025-1038,3,0.5967414091155905,0.5205675923100397,0.5586545007128151,0.5649485992313038,0.5629877323270964
wta:214544,wta:215020,2025-04-22,2025,2025,clay,Madrid,R64,6-3 6-4,72,45,75,42,85,WTA-2025-1038-269,2025-1038,3,0.9672852024515131,0.7787305462313091,0.8730078743414111,0.905319277456962,0.8732214843505658
wta:221103,wta:216347,2025-04-22,2025,2025,clay,Madrid,SF,6-1 6-1,34,28,49,20,85,WTA-2025-1038-298,2025-1038,3,0.24252289724161696,0.41589868782422945,0.3292107925329232,0.31880590997076674,0.3280817110559626
wta:214544,wta:202494,2025-04-22,2025,2025,clay,Madrid,SF,6-3 7-5,70,44,65,35,85,WTA-2025-1038-299,2025-1038,3,0.730230998205787,0.5826975892584682,0.6564642937321276,0.6601276794478821,0.654419740787361
wta:211148,wta:221103,2025-05-06,2025,2025,clay,Rome,F,6-4 6-2,70,41,58,27,86,WTA-2025-709-300,2025-709,3,0.15722086739629668,0.36701251144339336,0.262116689419845,0.24612837025518547,0.25976697931914317
wta:220548,wta:202494,2025-05-06,2025,2025,clay,Rome,QF,6-2 4-6 7-6(4),104,55,101,51,86,WTA-2025-709-294,2025-709,3,0.18242171562979564,0.37561794324076897,0.2790198294352823,0.2689380746099404,0.28075922522411356
wta:211148,wta:223670,2025-05-06,2025,2025,clay,Rome,QF,6-7(1) 6-4 6-2,90,46,115,58,86,WTA-2025-709-295,2025-709,3,0.5691049408397088,0.5215440952090327,0.5453245180243707,0.5462342571394941,0.5473690709691372
wta:221103,wta:259799,2025-05-06,2025,2025,clay,Rome,QF,6-4 7-6(5),61,41,71,38,86,WTA-2025-709-296,2025-709,3,0.6659600353469306,0.5595056454073848,0.6127328403771577,0.6130092767863388,0.6062940243869228
wta:221012,wta:214544,2025-05-06,2025,2025,clay,Rome,QF,6-4 6-3,63,43,68,38,86,WTA-2025-709-297,2025-709,3,0.2804273129383491,0.4249923710711016,0.3527098420047253,0.34791229246560096,0.35597502357323313
wta:220714,wta:220589,2025-05-06,2025,2025,clay,Rome,R128,6-2 4-6 6-1,74,41,82,37,86,WTA-2025-709-175,2025-709,3,0.34332126637955657,0.4406164174549893,0.39196884191727294,0.3935647938394388,0.4017643866227963
wta:211817,wta:221236,2025-05-06,2025,2025,clay,Rome,R128,6-7(10) 6-4 6-2,124,69,107,57,86,WTA-2025-709-176,2025-709,3,0.7617092439441974,0.6004577357339029,0.6810834898390501,0.6845400774422992,0.6816022570041402
wta:221024,wta:215020,2025-05-06,2025,2025,clay,Rome,R128,7-6(7) 6-4,77,43,88,46,86,WTA-2025-709-179,2025-709,3,0.7394828782220577,0.5837351235886482,0.661609000905353,0.667194127635265,0.6617005480521335
wta:222601,wta:215983,2025-05-06,2025,2025,clay,Rome,R128,6-3 5-7 7-6(3),99,52,100,51,86,WTA-2025-709-180,2025-709,3,0.4694778892045906,0.4938358254501068,0.4816568573273487,0.47963786233063377,0.48367089455652174
wta:211768,wta:201506,2025-05-06,2025,2025,clay,Rome,R128,6-2 6-3,48,32,65,30,86,WTA-2025-709-183,2025-709,3,0.7704218235620233,0.6063167531278608,0.688369288344942,0.6914975277315055,0.6857144210883048
wta:213631,wta:210886,2025-05-06,2025,2025,clay,Rome,R128,6-2 7-5,70,48,65,38,86,WTA-2025-709-184,2025-709,3,0.65719803833997,0.5483368935001526,0.6027674659200613,0.6068017820254554,0.6023097301861584
wta:220548,wta:215572,2025-05-06,2025,2025,clay,Rome,R128,6-3 6-2,57,39,49,25,86,WTA-2025-709-187,2025-709,3,0.8965769597274932,0.6933475740006103,0.7949622668640517,0.8084294985252709,0.7953589711667677
wta:219875,wta:201548,2025-05-06,2025,2025,clay,Rome,R128,6-3 6-4,69,41,65,35,86,WTA-2025-709-188,2025-709,3,0.4045824635205098,0.4700945987183399,0.4373385311194249,0.43595257256284314,0.43904741119266255
wta:221909,wta:214388,2025-05-06,2025,2025,clay,Rome,R128,4-6 6-2 6-1,74,54,85,48,86,WTA-2025-709-191,2025-709,3,0.6857401160101869,0.566646322856271,0.6261932194332289,0.627191167380314,0.6276884894973119
wta:215480,wta:213887,2025-05-06,2025,2025,clay,Rome,R128,6-1 1-6 6-1,65,35,77,35,86,WTA-2025-709-192,2025-709,3,0.7937259234486372,0.6088800732377174,0.7013029983431773,0.7106113323974342,0.7040799284621886
wta:211713,wta:219917,2025-05-06,2025,2025,clay,Rome,R128,6-2 6-0,37,30,44,16,86,WTA-2025-709-195,2025-709,3,0.8358392797426157,0.6400671345743058,0.7379532071584607,0.7474503963208903,0.7368241256815001
wta:214452,wta:216265,2025-05-06,2025,2025,clay,Rome,R128,7-6(5) 5-7 6-2,120,69,106,57,86,WTA-2025-709-196,2025-709,3,0.6783308328688574,0.5682331400671345,0.6232819864679959,0.6218499359148776,0.621725684972726
wta:214459,wta:201545,2025-05-06,2025,2025,clay,Rome,R128,6-3 6-4,67,40,60,31,86,WTA-2025-709-199,2025-709,3,0.3653661319639481,0.45868172108635946,0.4120239265251538,0.40900048300225905,0.4091249335437684
wta:211685,wta:220520,2025-05-06,2025,2025,clay,Rome,R128,6-3 6-3,57,35,73,35,86,WTA-2025-709-200,2025-709,3,0.610817930639123,0.5436374732987489,0.577227701968936,0.5745650103249629,0.5771056391065619
wta:201520,wta:201593,2025-05-06,2025,2025,clay,Rome,R128,7-5 6-1,59,39,71,36,86,WTA-2025-709-203,2025-709,3,0.3578406862556433,0.45331095514189806,0.4055758206987707,0.403757655946,0.4028294062953529
wta:215138,wta:223410,2025-05-06,2025,2025,clay,Rome,R128,3-6 6-1 6-3,68,46,75,40,86,WTA-2025-709-204,2025-709,3,0.8856642964801594,0.7358864815379921,0.8107753890090758,0.7965386179682626,0.8129420048162164
wta:215306,wta:202600,2025-05-06,2025,2025,clay,Rome,R128,7-6(6) 5-7 6-4,129,66,118,58,86,WTA-2025-709-207,2025-709,3,0.38231242297957213,0.45904790967348186,0.420680166326527,0.42071723472060557,0.42177873208789407
wta:222661,wta:214040,2025-05-06,2025,2025,clay,Rome,R128,4-6 6-3 6-4,90,62,85,56,86,WTA-2025-709-208,2025-709,3,0.5740074951689653,0.5319804699420202,0.5529939825554928,0.5495403761943403,0.5509494296107262
wta:220465,wta:201551,2025-05-06,2025,2025,clay,Rome,R128,6-3 6-3,58,28,53,17,86,WTA-2025-709-211,2025-709,3,0.6659249868654689,0.5629234055538602,0.6144241962096646,0.612984359958498,0.6089618831184226
wta:215872,wta:216133,2025-05-06,2025,2025,clay,Rome,R128,6-3 6-2,59,34,58,26,86,WTA-2025-709-212,2025-709,3,0.499631328345039,0.5001220628623742,0.49987669560370657,0.49975421887194726,0.5012804185210089
wta:206368,wta:214593,2025-05-06,2025,2025,clay,Rome,R128,7-5 6-2,78,42,58,24,86,WTA-2025-709-215,2025-709,3,0.8275448400779782,0.6321330485199878,0.729838944298983,0.739919594418373,0.7310900886383178
wta:221054,wta:233741,2025-05-06,2025,2025,clay,Rome,R128,7-5 6-7(1) 6-3,102,63,115,63,86,WTA-2025-709-216,2025-709,3,0.7122982454018151,0.5796460176991151,0.6459721315504651,0.6466580969186805,0.6457585215413104
wta:206289,wta:202505,2025-05-06,2025,2025,clay,Rome,R128,6-2 0-0 RET,19,16,22,12,86,WTA-2025-709-219,2025-709,3,0.34060550285615,0.4407995117485505,0.39070250730235023,0.39164612823486733,0.3931437645498327
wta:239475,wta:222369,2025-05-06,2025,2025,clay,Rome,R128,6-2 6-3,64,36,45,18,86,WTA-2025-709-220,2025-709,3,0.7458208470243819,0.6133353677143729,0.6795781073693774,0.6720850714951087,0.6815005974517698
wta:215337,wta:211701,2025-05-06,2025,2025,clay,Rome,R128,3-6 6-4 6-4,109,57,94,49,86,WTA-2025-709-223,2025-709,3,0.645577530969294,0.539792493133964,0.592685012051629,0.5986325103885903,0.5959807093357303
wta:201458,wta:215785,2025-05-06,2025,2025,clay,Rome,R128,6-2 6-3,51,30,49,16,86,WTA-2025-709-224,2025-709,3,0.4040825864914375,0.4663716814159292,0.4352271339536834,0.4356123636304917,0.4379430326415076
wta:215370,wta:223415,2025-05-06,2025,2025,clay,Rome,R128,6-0 6-3,41,27,56,24,86,WTA-2025-709-227,2025-709,3,0.7834718261613649,0.6209642966127555,0.7022180613870602,0.7021052223882326,0.7027673442677438
wta:220332,wta:220416,2025-05-06,2025,2025,clay,Rome,R128,6-1 6-0,43,31,40,15,86,WTA-2025-709-228,2025-709,3,0.2855450757126671,0.42651815685077815,0.35603161628172264,0.35173686367243545,0.35630625772206437
wta:216146,wta:223253,2025-05-06,2025,2025,clay,Rome,R128,6-0 6-1,29,24,60,25,86,WTA-2025-709-231,2025-709,3,0.674905925253847,0.5558437595361612,0.6153748423950041,0.6193929655337574,0.6154053581105976
wta:222045,wta:261972,2025-05-06,2025,2025,clay,Rome,R128,3-6 6-3 7-5,105,56,113,59,86,WTA-2025-709-232,2025-709,3,0.6919834204678701,0.6098565761367104,0.6509199983022902,0.6317206631946924,0.6524457840819669
wta:201499,wta:211107,2025-05-06,2025,2025,clay,Rome,R128,6-3 6-3,59,37,62,31,86,WTA-2025-709-235,2025-709,3,0.6127824809126762,0.5385108330790357,0.5756466569958559,0.5759124223520965,0.5729917897392187
wta:215713,wta:215035,2025-05-06,2025,2025,clay,Rome,R128,2-6 7-6(6) 6-3,106,57,113,60,86,WTA-2025-709-236,2025-709,3,0.6396240970272327,0.5465059505645408,0.5930650237958868,0.5944731975733387,0.5920885208968938
wta:202494,wta:203389,2025-05-06,2025,2025,clay,Rome,R16,6-4 6-2,56,34,61,29,86,WTA-2025-709-286,2025-709,3,0.679341939697475,0.5582850167836436,0.6188134782405593,0.6225767116962051,0.6198510125707393
wta:220548,wta:211768,2025-05-06,2025,2025,clay,Rome,R16,6-4 3-6 7-6(4),105,66,86,60,86,WTA-2025-709-287,2025-709,3,0.4339696575554881,0.4866341165700336,0.4603018870627609,0.4558365452670714,0.4538630710725259
wta:223670,wta:210722,2025-05-06,2025,2025,clay,Rome,R16,6-2 6-3,63,43,45,26,86,WTA-2025-709-288,2025-709,3,0.5186977607386095,0.4981080256332011,0.5084028931859053,0.5124684038093554,0.5127056090845932
wta:211148,wta:211533,2025-05-06,2025,2025,clay,Rome,R16,7-5 6-2,74,45,79,43,86,WTA-2025-709-289,2025-709,3,0.5094329905865641,0.5031126029905402,0.5062727967885521,0.5062890749520484,0.5033127723759796
wta:259799,wta:220704,2025-05-06,2025,2025,clay,Rome,R16,5-7 6-3 6-2,101,66,95,55,86,WTA-2025-709-290,2025-709,3,0.8474737298928187,0.6403722917302411,0.7439230108115299,0.75828170812155,0.7448384822793358
wta:221103,wta:221054,2025-05-06,2025,2025,clay,Rome,R16,6-1 6-2,59,39,46,21,86,WTA-2025-709-291,2025-709,3,0.8895087859230748,0.675160207506866,0.7823344967149704,0.800670284680441,0.7845316282377046
wta:221012,wta:215370,2025-05-06,2025,2025,clay,Rome,R16,7-5 6-1,57,33,59,24,86,WTA-2025-709-292,2025-709,3,0.896180015722665,0.6816905706438816,0.7889352931832734,0.8079878778468922,0.7950384363019795
wta:214544,wta:216146,2025-05-06,2025,2025,clay,Rome,R16,6-1 7-6(8),91,55,83,44,86,WTA-2025-709-293,2025-709,3,0.8659644394929156,0.6505645407384804,0.758264490115698,0.7762292483586254,0.7583560372624785
wta:203389,wta:216347,2025-05-06,2025,2025,clay,Rome,R32,6-1 7-5,65,40,63,28,86,WTA-2025-709-270,2025-709,3,0.09472439003952118,0.3161122978333842,0.2054183439364527,0.18170397905309027,0.2063338154042586
wta:202494,wta:221024,2025-05-06,2025,2025,clay,Rome,R32,6-4 3-6 6-4,107,62,107,58,86,WTA-2025-709-271,2025-709,3,0.8259951806701276,0.6239548367409216,0.7249750087055246,0.7385290586897916,0.7285148317143741
wta:211768,wta:213631,2025-05-06,2025,2025,clay,Rome,R32,4-6 6-3 6-3,90,58,91,54,86,WTA-2025-709-272,2025-709,3,0.6564089333482221,0.5516936222154409,0.6040512777818315,0.6062448120133537,0.6056380949926952
wta:220548,wta:201619,2025-05-06,2025,2025,clay,Rome,R32,2-6 6-2 7-6(3),102,58,102,55,86,WTA-2025-709-273,2025-709,3,0.22606248941643903,0.4030820872749466,0.31457228834569284,0.30566748472563343,0.3158844641162146
wta:210722,wta:202468,2025-05-06,2025,2025,clay,Rome,R32,7-5 6-1,69,46,51,27,86,WTA-2025-709-274,2025-709,3,0.3179581118905762,0.4396399145559963,0.37879901322328624,0.3754793427619577,0.38093511331483343
wta:223670,wta:211713,2025-05-06,2025,2025,clay,Rome,R32,6-3 6-3,71,44,54,30,86,WTA-2025-709-275,2025-709,3,0.6795526867398747,0.5644491913335368,0.6220009390367057,0.6227282778553828,0.6175456445600502
wta:211148,wta:202460,2025-05-06,2025,2025,clay,Rome,R32,6-4 6-3,51,36,55,28,86,WTA-2025-709-277,2025-709,3,0.4881926628705416,0.4934086054317974,0.4908006341511695,0.4921276288339549,0.4925095142244072
wta:259799,wta:222328,2025-05-06,2025,2025,clay,Rome,R32,6-1 7-5,60,39,62,32,86,WTA-2025-709-278,2025-709,3,0.8505513192202309,0.642386328959414,0.7464688240898225,0.7612032789184199,0.7506189614105426
wta:220704,wta:215613,2025-05-06,2025,2025,clay,Rome,R32,3-6 6-0 6-4,90,57,87,50,86,WTA-2025-709-279,2025-709,3,0.299437194087722,0.43323161428135487,0.36633440418453844,0.3620095123388085,0.3624283925885665
wta:221054,wta:206368,2025-05-06,2025,2025,clay,Rome,R32,5-7 6-0 6-1,83,50,74,34,86,WTA-2025-709-280,2025-709,3,0.67702132905191,0.561702776930119,0.6193620529910145,0.6209096454945902,0.6181109086516798
wta:221103,wta:202663,2025-05-06,2025,2025,clay,Rome,R32,7-5 6-3,77,48,65,35,86,WTA-2025-709-281,2025-709,3,0.9455315593686806,0.7365578272810498,0.8410446933248652,0.8702025153482867,0.8424484162421676
wta:221012,wta:211684,2025-05-06,2025,2025,clay,Rome,R32,6-3 6-2,60,35,46,20,86,WTA-2025-709-282,2025-709,3,0.869372671114847,0.647329874885566,0.7583512730002064,0.7796478889546783,0.765339371871125
wta:215370,wta:214981,2025-05-06,2025,2025,clay,Rome,R32,6-2 6-4,64,44,57,30,86,WTA-2025-709-283,2025-709,3,0.07970020743123428,0.28724443088190416,0.18347231915656922,0.16370005330147797,0.18722575217457352
wta:216146,wta:220367,2025-05-06,2025,2025,clay,Rome,R32,6-4 6-2,62,41,64,34,86,WTA-2025-709-284,2025-709,3,0.6384335518867704,0.5404638388770217,0.589448695381896,0.5936434336605844,0.5867938281252589
wta:214544,wta:213550,2025-05-06,2025,2025,clay,Rome,R32,3-6 6-3 6-3,77,44,126,63,86,WTA-2025-709-285,2025-709,3,0.8750309619947957,0.6624046383887702,0.7687178001917829,0.7854075611712178,0.7647812728802175
wta:216347,wta:220714,2025-05-06,2025,2025,clay,Rome,R64,6-1 6-0,35,28,36,13,86,WTA-2025-709-238,2025-709,3,0.9878742453125496,0.8421422032346658,0.9150082242736077,0.9494769932077614,0.9173274186587161
wta:203389,wta:211817,2025-05-06,2025,2025,clay,Rome,R64,6-3 6-3,48,34,52,27,86,WTA-2025-709-239,2025-709,3,0.7633686079922047,0.5929508696978945,0.6781597388450495,0.6858578781095027,0.6808756375328738
wta:221024,wta:214643,2025-05-06,2025,2025,clay,Rome,R64,6-3 2-6 6-4,93,54,82,52,86,WTA-2025-709-240,2025-709,3,0.44440553856474646,0.4835215135794934,0.46396352607211994,0.46285172623328413,0.46374991606296523
wta:202494,wta:222601,2025-05-06,2025,2025,clay,Rome,R64,6-4 7-6(2),93,50,70,36,86,WTA-2025-709-241,2025-709,3,0.8893314871671614,0.6700335672871529,0.7796825272271571,0.8004784115467464,0.7809641872820854
wta:211768,wta:203530,2025-05-06,2025,2025,clay,Rome,R64,2-6 7-5 6-1,83,48,73,35,86,WTA-2025-709-242,2025-709,3,0.8975715556628475,0.6808361306072628,0.7892038431350552,0.8095392203013535,0.7929572761530594
wta:213631,wta:206242,2025-05-06,2025,2025,clay,Rome,R64,6-0 6-3,42,29,38,12,86,WTA-2025-709-243,2025-709,3,0.47320492814767895,0.4857186451022276,0.4794617866249533,0.48212710687345106,0.48074344667988156
wta:220548,wta:214939,2025-05-06,2025,2025,clay,Rome,R64,6-2 6-3,56,37,48,24,86,WTA-2025-709-244,2025-709,3,0.5343100633098083,0.5122062862374123,0.5232581747736103,0.5228933605504794,0.5251501491404091
wta:201619,wta:219875,2025-05-06,2025,2025,clay,Rome,R64,7-6(4) 6-1,87,53,85,43,86,WTA-2025-709-245,2025-709,3,0.934286480528373,0.7237412267317669,0.82901385363007,0.8544144246335965,0.8277627092907351
wta:202468,wta:221909,2025-05-06,2025,2025,clay,Rome,R64,6-4 6-2,62,40,76,38,86,WTA-2025-709-246,2025-709,3,0.8109905829852434,0.6190723222459567,0.7150314526156001,0.7253134085421689,0.7158248612210318
wta:210722,wta:215480,2025-05-06,2025,2025,clay,Rome,R64,3-6 6-2 6-3,83,50,93,47,86,WTA-2025-709-247,2025-709,3,0.6567790921032158,0.5515715593530668,0.6041753257281413,0.606506037653294,0.6057011115078179
wta:211713,wta:201709,2025-05-06,2025,2025,clay,Rome,R64,7-6(2) 7-5,81,51,80,48,86,WTA-2025-709-248,2025-709,3,0.28884164415948577,0.43548977723527615,0.36216571069738096,0.35418866446591507,0.357679900505132
wta:223670,wta:214452,2025-05-06,2025,2025,clay,Rome,R64,6-0 6-0,47,30,30,6,86,WTA-2025-709-249,2025-709,3,0.7431836941016079,0.5901434238632896,0.6666635589824488,0.6700448955999502,0.6629406416800381
wta:201696,wta:214459,2025-05-06,2025,2025,clay,Rome,R64,6-2 6-2,44,34,48,25,86,WTA-2025-709-250,2025-709,3,0.5771525475395204,0.5263045468416234,0.551728547190572,0.5516641334836366,0.5534374272638096
wta:211533,wta:211685,2025-05-06,2025,2025,clay,Rome,R64,1-6 6-4 6-3,75,40,85,44,86,WTA-2025-709-251,2025-709,3,0.849219878410819,0.6411046689044858,0.7451622736576524,0.7599363057148184,0.7432092678596665
wta:211148,wta:215138,2025-05-06,2025,2025,clay,Rome,R64,6-4 6-3,59,39,72,36,86,WTA-2025-709-253,2025-709,3,0.8940432483510609,0.6913335367714373,0.7926883925612491,0.80562286056571,0.7900030095890184
wta:259799,wta:215306,2025-05-06,2025,2025,clay,Rome,R64,6-2 6-4,65,36,61,27,86,WTA-2025-709-254,2025-709,3,0.983523066111203,0.8368935001525786,0.9102082831318907,0.9385504302941542,0.9066684601230413
wta:222328,wta:222661,2025-05-06,2025,2025,clay,Rome,R64,6-4 6-2,60,38,68,35,86,WTA-2025-709-255,2025-709,3,0.6363792641717737,0.5424168446750076,0.5893980544233907,0.5922131997500135,0.5906797144783189
wta:220704,wta:220465,2025-05-06,2025,2025,clay,Rome,R64,7-5 4-1 RET,75,43,59,28,86,WTA-2025-709-256,2025-709,3,0.59341653017733,0.5303936527311566,0.5619050914542433,0.5626863130252336,0.5597995070782896
wta:215613,wta:215872,2025-05-06,2025,2025,clay,Rome,R64,6-1 6-3,54,34,57,25,86,WTA-2025-709-257,2025-709,3,0.9031886300036182,0.6935306682941715,0.7983596491488949,0.8158947840349181,0.7968033476536247
wta:206368,wta:216153,2025-05-06,2025,2025,clay,Rome,R64,7-6(5) 7-5,81,42,104,49,86,WTA-2025-709-258,2025-709,3,0.29619620084611015,0.43109551418980774,0.36364585751795897,0.35962663249864757,0.36587350475628666
wta:221054,wta:213525,2025-05-06,2025,2025,clay,Rome,R64,6-2 6-2,53,37,49,24,86,WTA-2025-709-259,2025-709,3,0.7344720685359608,0.5844064693317058,0.6594392689338333,0.6633564790692782,0.6609650547135099
wta:202663,wta:206289,2025-05-06,2025,2025,clay,Rome,R64,1-6 6-4 6-1,84,49,88,50,86,WTA-2025-709-260,2025-709,3,0.40650333720052506,0.4677754043332316,0.43713937076687837,0.4372592021438362,0.4386956722621484
wta:221103,wta:239475,2025-05-06,2025,2025,clay,Rome,R64,3-6 6-2 6-1,72,37,74,27,86,WTA-2025-709-261,2025-709,3,0.9630301109142633,0.805523344522429,0.8842767277183461,0.8978279778578842,0.8829035205166373
wta:221012,wta:215337,2025-05-06,2025,2025,clay,Rome,R64,6-1 6-4,55,35,60,29,86,WTA-2025-709-262,2025-709,3,0.7352756780227805,0.5792187976808056,0.6572472378517931,0.6639702561183104,0.6590476650718113
wta:211684,wta:201458,2025-05-06,2025,2025,clay,Rome,R64,7-5 6-4,82,45,67,33,86,WTA-2025-709-263,2025-709,3,0.4349855671995106,0.48095819346963686,0.4579718803345737,0.4565203591125125,0.45589681167421364
wta:215370,wta:202499,2025-05-06,2025,2025,clay,Rome,R64,6-1 3-6 6-2,73,47,91,48,86,WTA-2025-709-264,2025-709,3,0.36396820225233517,0.45288373512358865,0.4084259686879619,0.4080285240275026,0.40735791864218834
wta:214981,wta:220332,2025-05-06,2025,2025,clay,Rome,R64,7-6(3) 6-2,64,40,66,32,86,WTA-2025-709-265,2025-709,3,0.9550922757529722,0.7574305767470247,0.8562614262499985,0.8847429294867848,0.8601979535615639
wta:216146,wta:214082,2025-05-06,2025,2025,clay,Rome,R64,6-4 6-2,67,37,60,26,86,WTA-2025-709-266,2025-709,3,0.43445734828831517,0.4867561794324077,0.4606067638603614,0.4561648379559518,0.456212500814893
wta:220367,wta:222045,2025-05-06,2025,2025,clay,Rome,R64,6-4 6-0,63,39,52,23,86,WTA-2025-709-267,2025-709,3,0.875957078395752,0.6882209337808972,0.7820890060883245,0.7863606634497712,0.7853236719412389
wta:213550,wta:201499,2025-05-06,2025,2025,clay,Rome,R64,6-3 6-0,44,32,44,20,86,WTA-2025-709-268,2025-709,3,0.5738973955210797,0.5266707354287458,0.5502840654749127,0.5494660704110212,0.5502840654749127
wta:214544,wta:215713,2025-05-06,2025,2025,clay,Rome,R64,6-2 6-2,43,33,54,29,86,WTA-2025-709-269,2025-709,3,0.8782460841232944,0.6605126640219713,0.7693793740726329,0.7887293586476705,0.7689216383387298
wta:211148,wta:220548,2025-05-06,2025,2025,clay,Rome,SF,7-5 6-1,69,40,71,34,86,WTA-2025-709-298,2025-709,3,0.6802872214098946,0.5697589258468111,0.6250230736283529,0.6232567687866242,0.6189809619408337
wta:221103,wta:221012,2025-05-06,2025,2025,clay,Rome,SF,7-6(3) 4-6 7-6(4),144,74,112,51,86,WTA-2025-709-299,2025-709,3,0.7457183845062674,0.5901434238632896,0.6679309041847785,0.6720056653723756,0.6644826283227095
wta:214981,wta:214643,2025-05-18,2025,2025,clay,Strasbourg,F,6-1 6-7(2) 6-1,106,65,73,39,86,WTA-2025-406-300,2025-406,3,0.7959005170339511,0.6115044247787611,0.7037024709063562,0.7124359595417898,0.704160206640259
wta:206242,wta:215613,2025-05-18,2025,2025,clay,Strasbourg,QF,3-6 7-6(3) 6-2,108,60,106,55,86,WTA-2025-406-294,2025-406,3,0.2529812421534993,0.412480927677754,0.33273108491562664,0.32698573760652094,0.33578265647497973
wta:214981,wta:202663,2025-05-18,2025,2025,clay,Strasbourg,QF,7-5 6-3,63,47,73,45,86,WTA-2025-406-295,2025-406,3,0.8533150282939573,0.6498931949954226,0.75160411164469,0.7638482204684097,0.7522144259565606
wta:214643,wta:211651,2025-05-18,2025,2025,clay,Strasbourg,QF,6-4 3-6 6-4,85,53,104,59,86,WTA-2025-406-296,2025-406,3,0.16721085354650614,0.3610924626182484,0.2641516580823773,0.2553365457081895,0.2650671295501832
wta:215613,wta:215020,2025-05-18,2025,2025,clay,Strasbourg,R16,6-4 6-1,63,34,74,32,86,WTA-2025-406-286,2025-406,3,0.8921667440225369,0.6740006103143119,0.7830836771684244,0.8035626011852269,0.7816494385355285
wta:206242,wta:221909,2025-05-18,2025,2025,clay,Strasbourg,R16,7-6(3) 6-3,59,37,79,39,86,WTA-2025-406-287,2025-406,3,0.5045596333291231,0.5016478486420507,0.503103740985587,0.5030398023672047,0.5042938538937346
wta:214981,wta:216133,2025-05-18,2025,2025,clay,Strasbourg,R16,6-1 6-3,45,34,53,27,86,WTA-2025-406-288,2025-406,3,0.9494404351115954,0.7494354592615197,0.8494379471865575,0.8760067970544035,0.850383934369957
wta:202663,wta:211685,2025-05-18,2025,2025,clay,Strasbourg,R16,6-4 6-3,75,46,64,33,86,WTA-2025-406-289,2025-406,3,0.66145163935449,0.5543790051876717,0.6079153222710809,0.609809916530074,0.6081899637114226
wta:214643,wta:220348,2025-05-18,2025,2025,clay,Strasbourg,R16,6-4 6-4,69,42,75,40,86,WTA-2025-406-290,2025-406,3,0.6698012080530087,0.5610314311870613,0.6154163196200351,0.6157444176235951,0.612364748060682
wta:211651,wta:213631,2025-05-18,2025,2025,clay,Strasbourg,R16,3-3 RET,19,9,26,11,86,WTA-2025-406-291,2025-406,3,0.9042972836628753,0.6921269453768691,0.7982121145198722,0.817167598549834,0.7948859015201774
wta:203389,wta:221054,2025-05-18,2025,2025,clay,Strasbourg,R16,4-6 6-1 6-3,99,63,73,39,86,WTA-2025-406-292,2025-406,3,0.5820153945901209,0.5234971010070186,0.5527562477985697,0.5549525059605737,0.555472146486394
wta:214939,wta:202468,2025-05-18,2025,2025,clay,Strasbourg,R16,4-6 6-4 6-2,92,57,75,42,86,WTA-2025-406-293,2025-406,3,0.2167893296121688,0.39569728410131216,0.3062433068567405,0.2981093808584565,0.3081352812235394
wta:215020,wta:211684,2025-05-18,2025,2025,clay,Strasbourg,R32,6-3 7-5,55,31,79,39,86,WTA-2025-406-271,2025-406,3,0.36056578946606377,0.45874275251754654,0.4096542709918052,0.40565918983840504,0.4086777680928122
wta:221909,wta:220520,2025-05-18,2025,2025,clay,Strasbourg,R32,6-4 7-5,70,35,63,24,86,WTA-2025-406-272,2025-406,3,0.7466618578203488,0.5956362526701251,0.6711490552452369,0.6727372618268567,0.6703556466398051
wta:206242,wta:220704,2025-05-18,2025,2025,clay,Strasbourg,R32,3-6 6-4 7-5,102,65,91,57,86,WTA-2025-406-273,2025-406,3,0.45112710428726943,0.48553555080866645,0.4683313275479679,0.46736018839536314,0.4669886360618526
wta:216133,wta:220332,2025-05-18,2025,2025,clay,Strasbourg,R32,6-4 7-5,85,53,80,46,86,WTA-2025-406-275,2025-406,3,0.49505256079198695,0.5,0.49752628039599345,0.49670164739009437,0.4969464817997164
wta:211685,wta:201709,2025-05-18,2025,2025,clay,Strasbourg,R32,6-0 6-4,69,44,47,22,86,WTA-2025-406-276,2025-406,3,0.1717157937139004,0.3661580714067745,0.26893693256033746,0.2594151775085904,0.2700965297528916
wta:202663,wta:206252,2025-05-18,2025,2025,clay,Strasbourg,R32,6-3 6-3,51,35,55,29,86,WTA-2025-406-277,2025-406,3,0.42100755981283783,0.47119316447970705,0.44610036214627247,0.44709236554749965,0.44606984643067893
wta:214643,wta:222328,2025-05-18,2025,2025,clay,Strasbourg,R32,6-1 7-5,52,37,73,38,86,WTA-2025-406-278,2025-406,3,0.5500906013718311,0.510924626182484,0.5305076137771576,0.5334560632992792,0.532033399556834
wta:220348,wta:220367,2025-05-18,2025,2025,clay,Strasbourg,R32,7-5 7-6(3),75,49,86,50,86,WTA-2025-406-279,2025-406,3,0.3807598449165808,0.4620994812328349,0.42142966307470786,0.4196485690826983,0.41959872013909605
wta:213631,wta:201427,2025-05-18,2025,2025,clay,Strasbourg,R32,6-2 6-1,47,29,53,20,86,WTA-2025-406-280,2025-406,3,0.7975739866672502,0.6177296307598413,0.7076518087135457,0.7138452458401459,0.7079264501538876
wta:221054,wta:214082,2025-05-18,2025,2025,clay,Strasbourg,R32,6-1 6-3,53,27,50,16,86,WTA-2025-406-282,2025-406,3,0.4118373103947884,0.4749160817821178,0.4433766960884531,0.44088195321346757,0.44178987887758947
wta:203389,wta:213550,2025-05-18,2025,2025,clay,Strasbourg,R32,6-1 1-6 6-2,74,46,69,37,86,WTA-2025-406-283,2025-406,3,0.588855961386515,0.5224595666768386,0.5556577640316768,0.5595884558722468,0.5571530340957598
wta:214939,wta:214452,2025-05-18,2025,2025,clay,Strasbourg,R32,6-2 4-6 6-3,86,56,82,44,86,WTA-2025-406-284,2025-406,3,0.6122413740502091,0.5340555386023802,0.5731484563262946,0.5755411599468844,0.5771765307846407
wta:214981,wta:206242,2025-05-18,2025,2025,clay,Strasbourg,SF,7-6(7) 1-6 6-2,91,57,108,65,86,WTA-2025-406-298,2025-406,3,0.8586502666452708,0.6449496490692707,0.7517999578572707,0.7690135728535052,0.7575063966732609
wta:214643,wta:203389,2025-05-18,2025,2025,clay,Strasbourg,SF,6-4 6-2,66,39,46,23,86,WTA-2025-406-299,2025-406,3,0.3650752566798553,0.4570338724443088,0.41105456456208206,0.40879831365588876,0.410993533130895
wta:233741,wta:211713,2025-05-19,2025,2025,clay,Rabat,F,6-3 6-2,53,34,54,23,86,WTA-2025-1005-300,2025-1005,3,0.42842261094325307,0.4749160817821178,0.4516693463626854,0.4520990621102295,0.4524627549681172
wta:215785,wta:215064,2025-05-19,2025,2025,clay,Rabat,QF,6-3 6-1,55,36,76,36,86,WTA-2025-1005-294,2025-1005,3,0.9924250913254665,0.9134269148611535,0.95292600309331,0.9626805439652758,0.9528344559465294
wta:211713,wta:201545,2025-05-19,2025,2025,clay,Rabat,QF,6-3 6-4,71,45,57,30,86,WTA-2025-1005-295,2025-1005,3,0.42630562693342156,0.4727189502593836,0.4495122885964026,0.4506709414026535,0.45216715585303974
wta:233741,wta:215983,2025-05-19,2025,2025,clay,Rabat,QF,6-2 6-1,44,28,49,19,86,WTA-2025-1005-296,2025-1005,3,0.4470613909692034,0.47796765334147084,0.4625145221553371,0.46463398069650613,0.46614589231096726
wta:201548,wta:222601,2025-05-19,2025,2025,clay,Rabat,QF,6-1 6-3,52,27,45,14,86,WTA-2025-1005-297,2025-1005,3,0.4176660837322913,0.4717424473603906,0.44470426554634096,0.4448318978934415,0.4429648697575097
wta:215785,wta:215872,2025-05-19,2025,2025,clay,Rabat,R16,4-6 6-2 6-3,80,45,79,38,86,WTA-2025-1005-286,2025-1005,3,0.8037746542817841,0.6150442477876106,0.7094094510346973,0.7191070944601009,0.711118331107935
wta:215064,wta:201551,2025-05-19,2025,2025,clay,Rabat,R16,6-4 6-2,58,35,62,32,86,WTA-2025-1005-287,2025-1005,3,0.038099041771874724,0.17897467195605737,0.10853685686396605,0.10409955706938667,0.10765190111175366
wta:201545,wta:220309,2025-05-19,2025,2025,clay,Rabat,R16,6-3 6-4,47,32,63,31,86,WTA-2025-1005-288,2025-1005,3,0.8941426463162733,0.7034787915776625,0.7988107189469679,0.8057324232809686,0.7942943930391253
wta:211713,wta:211901,2025-05-19,2025,2025,clay,Rabat,R16,7-6(1) 7-6(1),85,44,88,40,86,WTA-2025-1005-289,2025-1005,3,0.8464513785386826,0.6635032041501373,0.7549772913444099,0.7573165961571466,0.7557706999498417
wta:233741,wta:220465,2025-05-19,2025,2025,clay,Rabat,R16,6-0 6-3,39,27,48,18,86,WTA-2025-1005-290,2025-1005,3,0.465812234678342,0.48645102227647236,0.4761316284774072,0.47718838467071756,0.47668091135809076
wta:215983,wta:221024,2025-05-19,2025,2025,clay,Rabat,R16,6-4 6-7(5) 7-5,116,67,128,71,86,WTA-2025-1005-291,2025-1005,3,0.43885715142459675,0.48510833079035703,0.4619827411074769,0.45912450353876033,0.46125036393323215
wta:201548,wta:214301,2025-05-19,2025,2025,clay,Rabat,R16,4-6 6-2 6-4,98,53,127,65,86,WTA-2025-1005-292,2025-1005,3,0.8050652267951547,0.636283185840708,0.7206742063179313,0.7202104061626377,0.7200028605748736
wta:222601,wta:216367,2025-05-19,2025,2025,clay,Rabat,R16,6-4 4-6 6-1,91,54,84,44,86,WTA-2025-1005-293,2025-1005,3,0.9622368317663761,0.8466585291425084,0.9044476804544422,0.8964713154493497,0.9051190261975
wta:215785,wta:220714,2025-05-19,2025,2025,clay,Rabat,R32,2-6 6-3 6-2,92,55,69,42,86,WTA-2025-1005-270,2025-1005,3,0.7122996960927773,0.5736039060115959,0.6429518010521866,0.6466591752431912,0.6421889081623484
wta:215872,wta:213525,2025-05-19,2025,2025,clay,Rabat,R32,6-4 6-1,58,34,54,23,86,WTA-2025-1005-271,2025-1005,3,0.35154724432692647,0.45099176075678976,0.4012695025418581,0.39935259471670265,0.4005371253676134
wta:215064,wta:216097,2025-05-19,2025,2025,clay,Rabat,R32,6-3 6-4,86,48,68,32,86,WTA-2025-1005-272,2025-1005,3,0.09531361200636722,0.2526396093988404,0.1739766107026038,0.1823841922654206,0.17193205775783726
wta:201551,wta:213849,2025-05-19,2025,2025,clay,Rabat,R32,6-3 6-7(7) 6-1,110,64,84,40,86,WTA-2025-1005-273,2025-1005,3,0.7517226815765091,0.6110772047604517,0.6813999431684804,0.6766781368969866,0.6800572516823651
wta:220309,wta:214459,2025-05-19,2025,2025,clay,Rabat,R32,6-2 6-1,45,28,39,13,86,WTA-2025-1005-274,2025-1005,3,0.17049381658943855,0.3562099481232835,0.26335188235636103,0.25831317955674904,0.2670137682275847
wta:201545,wta:236956,2025-05-19,2025,2025,clay,Rabat,R32,5-7 6-4 7-5,121,66,118,62,86,WTA-2025-1005-275,2025-1005,3,0.8860770790629365,0.7365578272810498,0.8113174531719931,0.7969793769394147,0.8148877918964362
wta:211713,wta:245077,2025-05-19,2025,2025,clay,Rabat,R32,6-3 6-1,45,26,52,18,86,WTA-2025-1005-276,2025-1005,3,0.8741844672580553,0.6888922795239548,0.7815383733910051,0.7845390065131926,0.7787004118408067
wta:211901,wta:211701,2025-05-19,2025,2025,clay,Rabat,R32,3-6 6-1 6-2,87,50,77,40,86,WTA-2025-1005-277,2025-1005,3,0.16363440255348913,0.3432102532804394,0.2534223279169643,0.25206656845444536,0.25616874232038206
wta:220465,wta:206430,2025-05-19,2025,2025,clay,Rabat,R32,6-3 6-0,39,25,45,15,86,WTA-2025-1005-278,2025-1005,3,0.8856454853284863,0.7049435459261519,0.7952945156273191,0.7965185479955222,0.7937076984164555
wta:233741,wta:211951,2025-05-19,2025,2025,clay,Rabat,R32,7-5 6-2,66,42,54,29,86,WTA-2025-1005-279,2025-1005,3,0.7409873444845552,0.6042416844675008,0.672614514476028,0.6683513201973537,0.6742318474024851
wta:221024,wta:202662,2025-05-19,2025,2025,clay,Rabat,R32,7-6(5) 3-6 6-2,101,59,125,71,86,WTA-2025-1005-280,2025-1005,3,0.8709931809892161,0.6747940189197437,0.7728935999544799,0.7812864983691409,0.769567386954785
wta:215983,wta:221237,2025-05-19,2025,2025,clay,Rabat,R32,7-6(6) 6-2,64,37,61,28,86,WTA-2025-1005-281,2025-1005,3,0.6802001397903205,0.5671345743057675,0.623667357048044,0.6231940960966746,0.6226298227178639
wta:201548,wta:202600,2025-05-19,2025,2025,clay,Rabat,R32,7-5 4-6 6-3,91,44,144,69,86,WTA-2025-1005-282,2025-1005,3,0.6374139353130998,0.5493744278303326,0.5933941815717162,0.5929333175455289,0.5900069371408343
wta:214301,wta:220781,2025-05-19,2025,2025,clay,Rabat,R32,6-3 6-0,68,38,56,20,86,WTA-2025-1005-283,2025-1005,3,0.3619017409012923,0.43054623130912417,0.39622398610520826,0.4065901347889251,0.3938437602889129
wta:216367,wta:223671,2025-05-19,2025,2025,clay,Rabat,R32,6-3 6-2,63,38,55,26,86,WTA-2025-1005-284,2025-1005,3,0.3264498144721516,0.3981385413487946,0.36229417791047314,0.3815775911821739,0.3633927436718402
wta:222601,wta:211814,2025-05-19,2025,2025,clay,Rabat,R32,6-3 1-6 6-4,91,50,88,47,86,WTA-2025-1005-285,2025-1005,3,0.7532901039512061,0.5906927067439731,0.6719914053475896,0.6779044673466007,0.6750734926225362
wta:211713,wta:215785,2025-05-19,2025,2025,clay,Rabat,SF,6-7(6) 6-4 6-4,116,59,122,62,86,WTA-2025-1005-298,2025-1005,3,0.4142201800391359,0.47290204455294477,0.44356111229604034,0.442497819476258,0.4419437793695832
wta:233741,wta:201548,2025-05-19,2025,2025,clay,Rabat,SF,6-4 0-0 RET,26,18,34,18,86,WTA-2025-1005-299,2025-1005,3,0.5539595957072582,0.5140372291730241,0.5339984124401411,0.5360510334155287,0.5382706126232355
wta:221103,wta:214544,2025-05-26,2025,2025,clay,Roland Garros,F,6-7(5) 6-2 6-4,103,58,116,55,86,WTA-2025-520-227,2025-520,3,0.5309964254197966,0.505920048825145,0.5184582371224709,0.5206790140445138,0.5202891800580827
wta:214544,wta:221012,2025-05-26,2025,2025,clay,Roland Garros,QF,7-6(3) 6-3,62,39,77,41,86,WTA-2025-520-221,2025-520,3,0.7201560865562372,0.5718339945071712,0.6459950405317042,0.6525251331164442,0.6475513420269743
wta:216347,wta:202494,2025-05-26,2025,2025,clay,Roland Garros,QF,6-1 7-5,73,46,59,33,86,WTA-2025-520-222,2025-520,3,0.805954696984598,0.611443393347574,0.708699045166086,0.7209724870565941,0.708760076597273
wta:222391,wta:259799,2025-05-26,2025,2025,clay,Roland Garros,QF,7-6(6) 6-3,85,49,94,46,86,WTA-2025-520-223,2025-520,3,0.23403532150674397,0.37885260909368323,0.3064439653002136,0.3120736272773905,0.30760356249276777
wta:221103,wta:201619,2025-05-26,2025,2025,clay,Roland Garros,QF,6-7(6) 6-4 6-1,90,52,109,52,86,WTA-2025-520-224,2025-520,3,0.7601236362803531,0.5941714983216356,0.6771475673009943,0.6832839698794586,0.6739739328792671
wta:214544,wta:215872,2025-05-26,2025,2025,clay,Roland Garros,R128,6-1 6-0,44,31,46,18,86,WTA-2025-520-101,2025-520,3,0.9842244853229595,0.8357339029600244,0.9099791941414919,0.9402286504010768,0.9094909426919955
wta:213525,wta:214593,2025-05-26,2025,2025,clay,Roland Garros,R128,6-4 6-4,67,35,64,29,86,WTA-2025-520-102,2025-520,3,0.772557285770809,0.6090021361000916,0.6907797109354503,0.6932175848248526,0.6867821521926978
wta:203389,wta:214839,2025-05-26,2025,2025,clay,Roland Garros,R128,7-6(1) 6-4,72,44,74,39,86,WTA-2025-520-103,2025-520,3,0.8730975152074115,0.6732682331400671,0.7731828741737393,0.7834273366832057,0.7748917542469771
wta:215337,wta:220367,2025-05-26,2025,2025,clay,Roland Garros,R128,6-3 6-1,47,30,56,27,86,WTA-2025-520-104,2025-520,3,0.579972187489253,0.5240463838877022,0.5520092856884776,0.5535701354235819,0.5548167315230824
wta:220704,wta:202663,2025-05-26,2025,2025,clay,Roland Garros,R128,6-4 4-6 6-1,81,45,82,39,86,WTA-2025-520-105,2025-520,3,0.5444149214940871,0.5123283490997864,0.5283716352969368,0.5296533599410074,0.5288598867464332
wta:201551,wta:215785,2025-05-26,2025,2025,clay,Roland Garros,R128,4-6 6-2 6-4,88,50,100,49,86,WTA-2025-520-106,2025-520,3,0.2260523339650782,0.4041806530363137,0.3151164935006959,0.3056592718744027,0.3157573235281601
wta:203530,wta:201520,2025-05-26,2025,2025,clay,Roland Garros,R128,3-6 6-0 6-4,69,46,77,42,86,WTA-2025-520-107,2025-520,3,0.3666845636890335,0.451235886481538,0.40896022508528573,0.40991637408939274,0.40667154641577097
wta:216153,wta:211411,2025-05-26,2025,2025,clay,Roland Garros,R128,6-3 4-1,50,31,49,23,86,WTA-2025-520-108,2025-520,3,0.7551854057494245,0.6070491303021056,0.6811172680257651,0.6793910550308027,0.6832838838329057
wta:223670,wta:222506,2025-05-26,2025,2025,clay,Roland Garros,R128,7-6(3) 6-2,68,41,65,32,86,WTA-2025-520-109,2025-520,3,0.9702414892158014,0.8398230088495575,0.9050322490326794,0.9107602579849834,0.9024994446384165
wta:215035,wta:215018,2025-05-26,2025,2025,clay,Roland Garros,R128,7-5 6-1,57,37,65,33,86,WTA-2025-520-110,2025-520,3,0.7498347765778123,0.6051571559353067,0.6774959662565595,0.6752047206847237,0.6776180291189335
wta:220742,wta:239456,2025-05-26,2025,2025,clay,Roland Garros,R128,7-6(3) 6-2,65,38,69,32,86,WTA-2025-520-111,2025-520,3,0.03973824398954701,0.17061336588342996,0.10517580493648848,0.10685642447381058,0.10444342776224375
wta:214643,wta:210886,2025-05-26,2025,2025,clay,Roland Garros,R128,7-6(3) 6-2,61,46,80,42,86,WTA-2025-520-112,2025-520,3,0.7589641316089276,0.5864205065608789,0.6726923190849032,0.6823673255333556,0.6739129477086445
wta:220332,wta:220548,2025-05-26,2025,2025,clay,Roland Garros,R128,6-0 6-3,68,41,45,19,86,WTA-2025-520-113,2025-520,3,0.20845558830817384,0.3839182178822093,0.2961869030951916,0.2912116479493515,0.297590626012494
wta:239475,wta:215138,2025-05-26,2025,2025,clay,Roland Garros,R128,6-1 7-6(4),89,60,55,37,86,WTA-2025-520-114,2025-520,3,0.5688278224967218,0.5310649984742142,0.549946410485468,0.5460475323316274,0.545857304595935
wta:215306,wta:223253,2025-05-26,2025,2025,clay,Roland Garros,R128,6-0 2-6 6-3,62,37,78,38,86,WTA-2025-520-115,2025-520,3,0.17195085176676791,0.3615196826365578,0.26673526720166285,0.2596267913196414,0.26743712866031405
wta:221012,wta:201499,2025-05-26,2025,2025,clay,Roland Garros,R128,6-4 6-3,51,33,55,26,86,WTA-2025-520-116,2025-520,3,0.7730178371694194,0.6018004272200184,0.6874091321947189,0.6935893322364387,0.6866462393048807
wta:211148,wta:206294,2025-05-26,2025,2025,clay,Roland Garros,R128,6-1 4-6 6-3,69,43,74,34,86,WTA-2025-520-117,2025-520,3,0.9440141591221868,0.7392432102532804,0.8416286846877337,0.8679967658445045,0.8433375647609713
wta:201548,wta:233741,2025-05-26,2025,2025,clay,Roland Garros,R128,6-1 6-3,55,35,64,29,86,WTA-2025-520-118,2025-520,3,0.44606439358393163,0.484070796460177,0.4650675950220543,0.46396506373310986,0.4638774821139066
wta:263857,wta:211337,2025-05-26,2025,2025,clay,Roland Garros,R128,2-6 6-1 6-4,90,49,76,39,86,WTA-2025-520-119,2025-520,3,0.6922652312101025,0.5704913030210559,0.6313782671155792,0.6319257599508555,0.6306458899413345
wta:215713,wta:222328,2025-05-26,2025,2025,clay,Roland Garros,R128,5-7 6-1 7-5,122,71,96,55,86,WTA-2025-520-120,2025-520,3,0.6094120397566699,0.5377174244736039,0.5735647321151369,0.5736015986309834,0.5733816378215757
wta:202499,wta:215020,2025-05-26,2025,2025,clay,Roland Garros,R128,7-5 6-7(4) 6-1,93,59,121,61,86,WTA-2025-520-121,2025-520,3,0.7033931512667703,0.5685382972230699,0.6359657242449201,0.6400709978883153,0.6377356357493449
wta:211095,wta:201614,2025-05-26,2025,2025,clay,Roland Garros,R128,6-4 6-4,63,41,67,38,86,WTA-2025-520-122,2025-520,3,0.5800755960713823,0.5250839182178823,0.5525797571446323,0.553640073577305,0.5534952286124382
wta:214388,wta:201696,2025-05-26,2025,2025,clay,Roland Garros,R128,7-6(2) 6-3,83,51,64,36,86,WTA-2025-520-123,2025-520,3,0.29866293143940004,0.4303021055843759,0.36448251851188795,0.36144098316548257,0.36463509708985564
wta:202494,wta:220309,2025-05-26,2025,2025,clay,Roland Garros,R128,6-1 6-1,62,36,57,24,86,WTA-2025-520-124,2025-520,3,0.9839331704639853,0.8338419285932255,0.9088875495286054,0.939528202597078,0.912427372537455
wta:214981,wta:220699,2025-05-26,2025,2025,clay,Roland Garros,R128,6-1 4-6 6-4,79,48,77,39,86,WTA-2025-520-125,2025-520,3,0.9023613813049551,0.6935306682941715,0.7979460247995633,0.8149490882754851,0.7995633577260204
wta:260300,wta:213887,2025-05-26,2025,2025,clay,Roland Garros,R128,6-3 5-7 6-4,116,57,94,40,86,WTA-2025-520-126,2025-520,3,0.7061187431997094,0.576594446139762,0.6413565946697357,0.642080383691105,0.643675789054844
wta:214452,wta:213889,2025-05-26,2025,2025,clay,Roland Garros,R128,3-6 6-3 6-4,95,59,93,54,86,WTA-2025-520-127,2025-520,3,0.7137358501213198,0.5744583460482149,0.6440970980847673,0.6477275549838105,0.6420830608555943
wta:211533,wta:221236,2025-05-26,2025,2025,clay,Roland Garros,R128,5-7 6-0 6-2,86,53,84,40,86,WTA-2025-520-128,2025-520,3,0.9270951631255764,0.7147696063472688,0.8209323847364226,0.8449156303425186,0.823312610552718
wta:239383,wta:216146,2025-05-26,2025,2025,clay,Roland Garros,R128,6-3 6-1,73,42,56,22,86,WTA-2025-520-129,2025-520,3,0.1238037487436764,0.3301495270064083,0.22697663787504235,0.21339270657384538,0.2205683376004009
wta:211713,wta:214040,2025-05-26,2025,2025,clay,Roland Garros,R128,6-1 6-0,58,37,53,22,86,WTA-2025-520-130,2025-520,3,0.6663469207599401,0.5605431797375648,0.6134450502487525,0.6132843704663163,0.6140858802762166
wta:221054,wta:216133,2025-05-26,2025,2025,clay,Roland Garros,R128,7-5 4-6 6-3,104,55,109,52,86,WTA-2025-520-131,2025-520,3,0.8445736460136375,0.6464144034177601,0.7454940247156988,0.7555508828018783,0.7455245404312923
wta:216347,wta:211685,2025-05-26,2025,2025,clay,Roland Garros,R128,6-3 6-3,55,36,66,35,86,WTA-2025-520-132,2025-520,3,0.9889254591630424,0.8553860238022581,0.9221557414826502,0.9523316974462271,0.9219421314734956
wta:259799,wta:213710,2025-05-26,2025,2025,clay,Roland Garros,R128,6-4 6-3,72,43,52,27,86,WTA-2025-520-133,2025-520,3,0.9383465648467998,0.7335672871528838,0.8359569259998418,0.8599723422042561,0.8368418817520542
wta:221909,wta:215480,2025-05-26,2025,2025,clay,Roland Garros,R128,6-3 6-4,70,36,49,15,86,WTA-2025-520-134,2025-520,3,0.4899528675997361,0.49169972535855966,0.4908262964791479,0.4933014108050516,0.49198589367170203
wta:220466,wta:220465,2025-05-26,2025,2025,clay,Roland Garros,R128,6-3 3-6 6-4,93,51,82,46,86,WTA-2025-520-135,2025-520,3,0.14119007492605562,0.3225816295392127,0.23188585223263417,0.23083061107842373,0.2310314121960153
wta:201709,wta:221333,2025-05-26,2025,2025,clay,Roland Garros,R128,7-6(4) 6-2,75,40,77,37,86,WTA-2025-520-136,2025-520,3,0.9909405022924895,0.9194079951174855,0.9551742487049875,0.9581091338245445,0.9570357073561928
wta:214082,wta:211701,2025-05-26,2025,2025,clay,Roland Garros,R128,6-1 3-6 6-2,73,38,83,37,86,WTA-2025-520-137,2025-520,3,0.7590239318267781,0.594598718339945,0.6768113250833616,0.6824145613558382,0.6751939921569045
wta:206417,wta:201593,2025-05-26,2025,2025,clay,Roland Garros,R128,0-6 7-5 3-0,72,36,57,28,86,WTA-2025-520-138,2025-520,3,0.19948650692234374,0.3748245346353372,0.2871555207788405,0.283668273786135,0.2906648280720965
wta:211817,wta:220520,2025-05-26,2025,2025,clay,Roland Garros,R128,7-5 7-6(3),94,50,78,37,86,WTA-2025-520-139,2025-520,3,0.719034959796533,0.5749465974977114,0.6469907786471222,0.6516847910867168,0.6475095458122122
wta:211651,wta:211768,2025-05-26,2025,2025,clay,Roland Garros,R128,6-7(1) 6-1 6-4,101,67,97,55,86,WTA-2025-520-140,2025-520,3,0.8033607621180869,0.6134574305767471,0.708409096347417,0.718753861416821,0.7115522150535507
wta:219917,wta:214096,2025-05-26,2025,2025,clay,Roland Garros,R128,6-3 2-6 6-1,73,47,76,43,86,WTA-2025-520-141,2025-520,3,0.041664699466941665,0.23079035703387243,0.13622752825040704,0.11003708757261675,0.138638269782296
wta:221039,wta:206289,2025-05-26,2025,2025,clay,Roland Garros,R128,6-3 7-6(4),81,44,71,34,86,WTA-2025-520-142,2025-520,3,0.1285402513098948,0.3333841928593225,0.23096222208460865,0.21824011800863172,0.23169459925885338
wta:211843,wta:220589,2025-05-26,2025,2025,clay,Roland Garros,R128,6-1 6-2,49,30,49,18,86,WTA-2025-520-143,2025-520,3,0.39713895956720535,0.46911809581934694,0.43312852769327614,0.43087869854300026,0.4321215090786896
wta:222391,wta:210722,2025-05-26,2025,2025,clay,Roland Garros,R128,6-4 4-6 6-3,85,56,80,51,86,WTA-2025-520-144,2025-520,3,0.4767128066266836,0.4884650595056454,0.48258893306616446,0.4844689624074947,0.48597617749704636
wta:211684,wta:202460,2025-05-26,2025,2025,clay,Roland Garros,R128,7-6(4) 6-0,67,41,97,45,86,WTA-2025-520-145,2025-520,3,0.19539493431572033,0.38410131217577054,0.28974812324574545,0.2801833142277828,0.29286072623628556
wta:214954,wta:221407,2025-05-26,2025,2025,clay,Roland Garros,R128,6-4 6-4,67,37,61,29,86,WTA-2025-520-146,2025-520,3,0.9257135154572604,0.7385718645102227,0.8321426899837416,0.8431370711434764,0.8289080241308273
wta:215983,wta:214604,2025-05-26,2025,2025,clay,Roland Garros,R128,6-4 6-0,49,33,55,25,86,WTA-2025-520-147,2025-520,3,0.7289404468181608,0.5856881293866342,0.6573142881023974,0.6591485837151071,0.6585349167261387
wta:202468,wta:223331,2025-05-26,2025,2025,clay,Roland Garros,R128,6-2 6-4,48,34,55,29,86,WTA-2025-520-148,2025-520,3,0.9355814665617292,0.7380225816295393,0.8368020240956342,0.8561709428980868,0.8397010170770196
wta:201619,wta:201611,2025-05-26,2025,2025,clay,Roland Garros,R128,6-2 6-1,44,31,38,14,86,WTA-2025-520-149,2025-520,3,0.8889377767022968,0.6766249618553555,0.7827813692788261,0.8000528037761241,0.7830254950035744
wta:211107,wta:220733,2025-05-26,2025,2025,clay,Roland Garros,R128,6-7(4) 6-1 6-1,75,51,97,50,86,WTA-2025-520-150,2025-520,3,0.7313871961095849,0.6013121757705219,0.6663496859400534,0.6610061918594038,0.664549258720035
wta:201458,wta:201518,2025-05-26,2025,2025,clay,Roland Garros,R128,6-0 6-0,33,24,33,8,86,WTA-2025-520-151,2025-520,3,0.6896777187060518,0.5679279829111993,0.6288028508086255,0.6300447259551312,0.6273991278913231
wta:213550,wta:219875,2025-05-26,2025,2025,clay,Roland Garros,R128,6-3 6-1,60,34,48,19,86,WTA-2025-520-152,2025-520,3,0.8286067931569916,0.6345132743362832,0.7315600337466375,0.740875426438519,0.7238090419858806
wta:221024,wta:206242,2025-05-26,2025,2025,clay,Roland Garros,R128,4-6 6-3 6-1,84,51,94,48,86,WTA-2025-520-153,2025-520,3,0.5380123888964826,0.5128166005492829,0.5254144947228827,0.5253687827995888,0.5248957275577928
wta:211702,wta:220416,2025-05-26,2025,2025,clay,Roland Garros,R128,6-1 7-5,72,40,64,28,86,WTA-2025-520-154,2025-520,3,0.10046461205131335,0.31220628623741226,0.2063354491443628,0.18825605841991935,0.20209376467686205
wta:221905,wta:220348,2025-05-26,2025,2025,clay,Roland Garros,R128,6-2 6-1,41,29,45,20,86,WTA-2025-520-155,2025-520,3,0.44910873522299927,0.48272810497406166,0.46591842009853046,0.4660071152180205,0.47070938744671476
wta:222601,wta:215613,2025-05-26,2025,2025,clay,Roland Garros,R128,6-0 6-1,36,23,50,17,86,WTA-2025-520-156,2025-520,3,0.2086468615426292,0.3904485810192249,0.29954772128092705,0.291371134020892,0.3009209284826359
wta:206252,wta:213583,2025-05-26,2025,2025,clay,Roland Garros,R128,7-6(4) 6-3,71,44,67,34,86,WTA-2025-520-157,2025-520,3,0.8642336917943763,0.6617332926457126,0.7629834922200445,0.7745072038439009,0.7584976820277953
wta:206368,wta:202600,2025-05-26,2025,2025,clay,Roland Garros,R128,7-5 6-1,66,38,67,29,86,WTA-2025-520-158,2025-520,3,0.7364752912248521,0.5802563320109857,0.658365811617919,0.6648876805963072,0.6578165287372353
wta:220714,wta:203501,2025-05-26,2025,2025,clay,Roland Garros,R128,6-3 6-2,51,38,46,26,86,WTA-2025-520-159,2025-520,3,0.42634839999819335,0.47162038449801647,0.44898439224810494,0.45069980606526067,0.4505101780277815
wta:206420,wta:214459,2025-05-26,2025,2025,clay,Roland Garros,R128,6-3 6-2,54,36,76,36,86,WTA-2025-520-160,2025-520,3,0.7965224565638012,0.6138846505950565,0.7052035535794288,0.7129591906020339,0.7002294919376832
wta:213631,wta:214939,2025-05-26,2025,2025,clay,Roland Garros,R128,6-4 7-5,68,44,69,38,86,WTA-2025-520-161,2025-520,3,0.43702891367288743,0.4722917302410741,0.4546603219569808,0.4578951324987743,0.45835272354379797
wta:222661,wta:222965,2025-05-26,2025,2025,clay,Roland Garros,R128,6-0 6-2,41,30,50,21,86,WTA-2025-520-162,2025-520,3,0.7679496065315495,0.6050350930729326,0.686492349802241,0.6895136101501065,0.6883843241690399
wta:238184,wta:203564,2025-05-26,2025,2025,clay,Roland Garros,R128,4-6 6-3 7-5,117,68,90,53,86,WTA-2025-520-163,2025-520,3,0.32757987892101237,0.4338419285932255,0.3807109037571189,0.3823857246151559,0.37924614940862944
wta:221103,wta:216265,2025-05-26,2025,2025,clay,Roland Garros,R128,6-2 6-2,52,31,50,19,86,WTA-2025-520-164,2025-520,3,0.9855175897597288,0.8474519377479401,0.9164847637538345,0.9434003584802992,0.9185598324141946
wta:214544,wta:216153,2025-05-26,2025,2025,clay,Roland Garros,R16,7-5 6-3,68,46,75,44,86,WTA-2025-520-213,2025-520,3,0.8608162986769772,0.6459871833994507,0.7534017410382139,0.771133794311608,0.753462772469401
wta:221012,wta:214643,2025-05-26,2025,2025,clay,Roland Garros,R16,7-6(5) 1-6 6-3,95,52,103,59,86,WTA-2025-520-214,2025-520,3,0.7519403300154984,0.5892889838266707,0.6706146569210846,0.676848256625655,0.6686006196919115
wta:202494,wta:211148,2025-05-26,2025,2025,clay,Roland Garros,R16,4-6 7-6(6) 6-1,108,55,95,48,86,WTA-2025-520-215,2025-520,3,0.6726279786117089,0.5565151052792188,0.6145715419454638,0.6177628600991227,0.6085599459735382
wta:216347,wta:214981,2025-05-26,2025,2025,clay,Roland Garros,R16,1-6 6-3 7-5,100,57,84,49,86,WTA-2025-520-216,2025-520,3,0.7839093379884549,0.6000305157155935,0.6919699268520242,0.7024649655860323,0.6930684926133913
wta:259799,wta:214082,2025-05-26,2025,2025,clay,Roland Garros,R16,6-3 7-5,73,46,63,34,86,WTA-2025-520-217,2025-520,3,0.7237460773392924,0.5768385718645103,0.6502923246019013,0.6552235195581991,0.6486444759598506
wta:222391,wta:202468,2025-05-26,2025,2025,clay,Roland Garros,R16,3-6 6-4 6-4,102,56,108,61,86,WTA-2025-520-218,2025-520,3,0.3209831957429035,0.42523649679584985,0.3731098462693767,0.3776570647742447,0.3743609906087114
wta:201619,wta:221024,2025-05-26,2025,2025,clay,Roland Garros,R16,6-3 7-5,67,46,72,40,86,WTA-2025-520-219,2025-520,3,0.7857575066155172,0.6112602990540128,0.6985089028347651,0.7039876852141411,0.6959150670093149
wta:221103,wta:206420,2025-05-26,2025,2025,clay,Roland Garros,R16,6-0 7-5,73,46,49,23,86,WTA-2025-520-220,2025-520,3,0.8375007806320057,0.6295697284101313,0.7335352545210685,0.7489774308412611,0.7302090415213736
wta:214544,wta:215337,2025-05-26,2025,2025,clay,Roland Garros,R32,6-2 6-3,58,35,57,26,86,WTA-2025-520-197,2025-520,3,0.8919762031327,0.6703997558742752,0.7811879795034876,0.8033542581765453,0.7841480039160601
wta:216153,wta:220704,2025-05-26,2025,2025,clay,Roland Garros,R32,7-6(4) 6-4,75,47,82,46,86,WTA-2025-520-198,2025-520,3,0.6281184247330703,0.539731461702777,0.5839249432179237,0.5864806849655863,0.5845657732453877
wta:214643,wta:215035,2025-05-26,2025,2025,clay,Roland Garros,R32,6-2 6-3,61,42,65,35,86,WTA-2025-520-199,2025-520,3,0.579939218258237,0.5260604211168752,0.5529998196875561,0.5535478379512605,0.553335492559085
wta:221012,wta:239475,2025-05-26,2025,2025,clay,Roland Garros,R32,6-3 6-4,64,41,46,23,86,WTA-2025-520-200,2025-520,3,0.8831024672905935,0.7027464144034178,0.7929244408470056,0.7938181160085755,0.790300089305962
wta:211148,wta:263857,2025-05-26,2025,2025,clay,Roland Garros,R32,6-4 6-1,50,31,43,18,86,WTA-2025-520-201,2025-520,3,0.7980916090254029,0.6188892279523955,0.7084904184888992,0.7142820689410843,0.7054083312139525
wta:202494,wta:211095,2025-05-26,2025,2025,clay,Roland Garros,R32,7-6(4) 7-6(5),100,56,93,47,86,WTA-2025-520-202,2025-520,3,0.8924116014323197,0.6688739700945987,0.7806427857634592,0.8038305655850335,0.7832671373045028
wta:214981,wta:211533,2025-05-26,2025,2025,clay,Roland Garros,R32,6-2 6-2,48,32,67,32,86,WTA-2025-520-203,2025-520,3,0.6957344886449801,0.5672566371681416,0.6314955629065608,0.6344552991548621,0.6274064570170277
wta:216347,wta:211713,2025-05-26,2025,2025,clay,Roland Garros,R32,6-2 7-5,64,46,71,39,86,WTA-2025-520-204,2025-520,3,0.9724580500044462,0.7916692096429662,0.8820636298237061,0.9149848289350629,0.8799275297321589
wta:259799,wta:201709,2025-05-26,2025,2025,clay,Roland Garros,R32,6-3 6-1,48,33,62,29,86,WTA-2025-520-205,2025-520,3,0.7395914575744629,0.5890448581019225,0.6643181578381927,0.6672775660671214,0.6614496805724008
wta:214082,wta:211651,2025-05-26,2025,2025,clay,Roland Garros,R32,6-1 7-5,71,45,62,31,86,WTA-2025-520-206,2025-520,3,0.2565532786347455,0.4098565761367104,0.33320492738572793,0.32975194952980424,0.3375381590000093
wta:222391,wta:221039,2025-05-26,2025,2025,clay,Roland Garros,R32,6-3 0-6 7-5,68,45,80,47,86,WTA-2025-520-207,2025-520,3,0.8569659690785484,0.6907842538907537,0.773875111484651,0.7673742622567674,0.7690841441364668
wta:202468,wta:214954,2025-05-26,2025,2025,clay,Roland Garros,R32,3-6 6-4 6-2,78,44,94,48,86,WTA-2025-520-208,2025-520,3,0.5793478393473158,0.5256332010985658,0.5524905202229409,0.5531479267880476,0.5489506972140912
wta:201619,wta:213550,2025-05-26,2025,2025,clay,Roland Garros,R32,4-6 6-3 7-5,100,69,106,62,86,WTA-2025-520-209,2025-520,3,0.7055000021746095,0.5678669514800122,0.6366834768273109,0.6416237174804955,0.6370496654144333
wta:221024,wta:222601,2025-05-26,2025,2025,clay,Roland Garros,R32,7-6(4) 6-1,49,36,72,37,86,WTA-2025-520-210,2025-520,3,0.5924284501522623,0.5289288983826671,0.5606786742674648,0.5620146376106309,0.5621434286159541
wta:206420,wta:206368,2025-05-26,2025,2025,clay,Roland Garros,R32,6-2 6-2,61,38,55,25,86,WTA-2025-520-211,2025-520,3,0.7652510244210252,0.6055843759536161,0.6854177001873207,0.6873569136409489,0.6763545326560421
wta:221103,wta:213631,2025-05-26,2025,2025,clay,Roland Garros,R32,6-1 7-6(3),56,35,76,33,86,WTA-2025-520-212,2025-520,3,0.9559398284580822,0.7464449191333536,0.8511923737957179,0.8860916109980786,0.85665468688696
wta:214544,wta:213525,2025-05-26,2025,2025,clay,Roland Garros,R64,6-3 6-1,62,39,46,22,86,WTA-2025-520-165,2025-520,3,0.9600158775322453,0.7702471772963077,0.8651315274142765,0.8927341268126752,0.8639719302217223
wta:215337,wta:203389,2025-05-26,2025,2025,clay,Roland Garros,R64,6-4 3-6 6-4,93,57,94,56,86,WTA-2025-520-166,2025-520,3,0.3832550230359203,0.4677754043332316,0.42551521368457595,0.4213655970644345,0.4233791135930288
wta:220704,wta:201551,2025-05-26,2025,2025,clay,Roland Garros,R64,7-6(2) 7-5,99,50,84,35,86,WTA-2025-520-167,2025-520,3,0.738427679371904,0.5853829722306988,0.6619053258013015,0.6663838795209956,0.6611729486270567
wta:216153,wta:203530,2025-05-26,2025,2025,clay,Roland Garros,R64,6-0 6-2,48,32,43,16,86,WTA-2025-520-168,2025-520,3,0.9231320949045498,0.7128166005492829,0.8179743477269164,0.8398513688635297,0.81956116493778
wta:215035,wta:223670,2025-05-26,2025,2025,clay,Roland Garros,R64,7-5 7-5,86,48,79,38,86,WTA-2025-520-169,2025-520,3,0.33700576081070277,0.44086054317973755,0.38893315199522016,0.3890966837495157,0.39039790634370963
wta:214643,wta:220742,2025-05-26,2025,2025,clay,Roland Garros,R64,6-3 6-3,56,31,81,36,86,WTA-2025-520-170,2025-520,3,0.9632700048873365,0.8154714678059201,0.8893707363466283,0.8982405931713875,0.8893097049154413
wta:239475,wta:220332,2025-05-26,2025,2025,clay,Roland Garros,R64,6-4 6-4,60,36,65,33,86,WTA-2025-520-171,2025-520,3,0.5573254376723121,0.516966737870003,0.5371460877711576,0.5383105073243943,0.541418287954252
wta:221012,wta:215306,2025-05-26,2025,2025,clay,Roland Garros,R64,6-2 6-3,65,38,50,22,86,WTA-2025-520-172,2025-520,3,0.9700326927928433,0.790509612450412,0.8802711526216276,0.9103689778517112,0.8824072527131748
wta:211148,wta:201548,2025-05-26,2025,2025,clay,Roland Garros,R64,6-3 6-3,64,40,57,30,86,WTA-2025-520-173,2025-520,3,0.8413935025725184,0.6395178516936222,0.7404556771330704,0.7525803928232068,0.7401810356927285
wta:263857,wta:215713,2025-05-26,2025,2025,clay,Roland Garros,R64,7-6(4) 6-2,75,40,59,27,86,WTA-2025-520-174,2025-520,3,0.27547207252785766,0.4214525480622521,0.34846231029505487,0.3441872715553061,0.3465398202126624
wta:211095,wta:202499,2025-05-26,2025,2025,clay,Roland Garros,R64,6-2 4-6 7-6(3),100,59,91,49,86,WTA-2025-520-175,2025-520,3,0.4408596651150769,0.4785779676533415,0.4597188163842092,0.46047035476196563,0.4626788407967817
wta:202494,wta:214388,2025-05-26,2025,2025,clay,Roland Garros,R64,7-6(4) 7-5,74,50,71,45,86,WTA-2025-520-176,2025-520,3,0.9395953838662033,0.7329569728410131,0.8362761783536082,0.861712782525256,0.8347198768583382
wta:214981,wta:260300,2025-05-26,2025,2025,clay,Roland Garros,R64,6-3 6-3,50,38,47,29,86,WTA-2025-520-177,2025-520,3,0.8964960164926331,0.6892584681110772,0.7928772423018551,0.8083393864815122,0.7941283866411899
wta:211533,wta:214452,2025-05-26,2025,2025,clay,Roland Garros,R64,5-7 6-3 6-3,92,53,83,47,86,WTA-2025-520-178,2025-520,3,0.7951395112028645,0.6129081476960635,0.7040238294494641,0.711796573558824,0.7021623707982586
wta:211713,wta:239383,2025-05-26,2025,2025,clay,Roland Garros,R64,1-6 6-3 6-3,76,43,81,44,86,WTA-2025-520-179,2025-520,3,0.7605034036129611,0.6047299359169973,0.6826166697649791,0.6835845434576298,0.6810908839853027
wta:216347,wta:221054,2025-05-26,2025,2025,clay,Roland Garros,R64,6-1 6-2,60,40,42,19,86,WTA-2025-520-180,2025-520,3,0.936453828834961,0.7269758925846811,0.831714860709821,0.8573626563575468,0.8313181564071052
wta:259799,wta:221909,2025-05-26,2025,2025,clay,Roland Garros,R64,6-3 6-4,56,35,52,24,86,WTA-2025-520-181,2025-520,3,0.8803538102323739,0.6689960329569729,0.7746749215946733,0.7909271776793996,0.7736984186956803
wta:201709,wta:220466,2025-05-26,2025,2025,clay,Roland Garros,R64,7-6(5) 6-3,71,48,79,45,86,WTA-2025-520-182,2025-520,3,0.9528974223396894,0.7804394263045469,0.8666684243221181,0.8812986994524075,0.8665158457441504
wta:214082,wta:206417,2025-05-26,2025,2025,clay,Roland Garros,R64,6-4 6-2,56,32,82,39,86,WTA-2025-520-183,2025-520,3,0.9559092041393872,0.7643271284711627,0.8601181663052749,0.8860426928405726,0.8603317763144296
wta:211651,wta:211817,2025-05-26,2025,2025,clay,Roland Garros,R64,3-6 6-4 6-4,101,56,94,54,86,WTA-2025-520-184,2025-520,3,0.9117473889350046,0.699023497101007,0.8053854430180059,0.8258898292984302,0.8059957573298764
wta:221039,wta:219917,2025-05-26,2025,2025,clay,Roland Garros,R64,6-2 6-7(4) 6-1,92,61,75,40,86,WTA-2025-520-185,2025-520,3,0.5364016448429701,0.51287763198047,0.52463963841172,0.5242916364876254,0.5218627082927088
wta:222391,wta:211843,2025-05-26,2025,2025,clay,Roland Garros,R64,6-1 6-2,41,32,47,21,86,WTA-2025-520-186,2025-520,3,0.6834077831285605,0.5751296917912725,0.6292687374599165,0.6255059146869333,0.630733491808406
wta:214954,wta:211684,2025-05-26,2025,2025,clay,Roland Garros,R64,6-0 4-6 6-3,75,46,79,39,86,WTA-2025-520-187,2025-520,3,0.8128083560472187,0.6166920964296613,0.71475022623844,0.7268915430250218,0.7165506534584583
wta:202468,wta:215983,2025-05-26,2025,2025,clay,Roland Garros,R64,6-3 7-6(3),71,48,87,51,86,WTA-2025-520-188,2025-520,3,0.8251634498960284,0.6238327738785474,0.724498111887288,0.737784798192177,0.7239793447221979
wta:201619,wta:211107,2025-05-26,2025,2025,clay,Roland Garros,R64,6-1 6-3,46,33,76,36,86,WTA-2025-520-189,2025-520,3,0.8423815868171982,0.6418980775099176,0.7421398321635579,0.7535006884902525,0.7463510009154651
wta:213550,wta:201458,2025-05-26,2025,2025,clay,Roland Garros,R64,7-6(5) 6-4,73,48,81,47,86,WTA-2025-520-190,2025-520,3,0.657261684201743,0.546750076289289,0.6020058802455159,0.6068467194622132,0.6027687731353543
wta:221024,wta:211702,2025-05-26,2025,2025,clay,Roland Garros,R64,6-3 6-2,58,39,66,33,86,WTA-2025-520-191,2025-520,3,0.9197244815059079,0.7186145865120537,0.8191695340089808,0.8355851750364695,0.8158738367248795
wta:222601,wta:221905,2025-05-26,2025,2025,clay,Roland Garros,R64,6-4 4-6 7-5,94,54,98,50,86,WTA-2025-520-192,2025-520,3,0.5848154779948809,0.5321635642355813,0.5584895211152311,0.5568486734589138,0.5539121637762014
wta:206368,wta:206252,2025-05-26,2025,2025,clay,Roland Garros,R64,6-0 6-3,52,34,45,20,86,WTA-2025-520-193,2025-520,3,0.38809773198610337,0.4715593530668294,0.4298285425264664,0.42469145292572874,0.42531221661862384
wta:206420,wta:220714,2025-05-26,2025,2025,clay,Roland Garros,R64,6-1 6-3,49,32,53,24,86,WTA-2025-520-194,2025-520,3,0.8410058173969828,0.6414708574916081,0.7412383374442955,0.7522199496804673,0.7385834701876584
wta:213631,wta:222661,2025-05-26,2025,2025,clay,Roland Garros,R64,6-1 6-4,59,31,66,26,86,WTA-2025-520-195,2025-520,3,0.5738403328476351,0.5264266097039976,0.5501334712758164,0.5494275601333072,0.5474480883035857
wta:221103,wta:238184,2025-05-26,2025,2025,clay,Roland Garros,R64,6-2 6-4,54,26,57,20,86,WTA-2025-520-196,2025-520,3,0.9954988379330678,0.9173329264571254,0.9564158821950965,0.9733841584446913,0.9566294922042513
wta:214544,wta:216347,2025-05-26,2025,2025,clay,Roland Garros,SF,7-6(1) 4-6 6-0,91,54,79,36,86,WTA-2025-520-225,2025-520,3,0.34925925513740197,0.45837656393042414,0.40381790953391306,0.39774626912965927,0.40250573376339127
wta:221103,wta:222391,2025-05-26,2025,2025,clay,Roland Garros,SF,6-1 6-2,46,30,44,17,86,WTA-2025-520-226,2025-520,3,0.8633054073058126,0.6857186451022277,0.7745120262040202,0.7735873818738686,0.7770448305982831
wta:213583,wta:216153,2025-06-09,2025,2025,grass,Queen's Club,F,6-3 6-4,76,46,49,27,86,WTA-2025-1111-300,2025-1111,3,0.23865633274158374,0.4044247787610619,0.32154055575132284,0.31574979883395854,0.319190845650621
wta:201619,wta:223670,2025-06-09,2025,2025,grass,Queen's Club,QF,2-6 6-3 6-4,104,64,83,53,86,WTA-2025-1111-294,2025-1111,3,0.755781036579407,0.5978944156240464,0.6768377261017267,0.6798590923063561,0.678119386156655
wta:213583,wta:214981,2025-06-09,2025,2025,grass,Queen's Club,QF,6-4 7-6(4),87,53,69,44,86,WTA-2025-1111-295,2025-1111,3,0.04024515653958901,0.23079035703387243,0.13551775678673073,0.10769942364475724,0.13386990814468006
wta:216153,wta:215613,2025-06-09,2025,2025,grass,Queen's Club,QF,6-3 6-3,54,35,71,38,86,WTA-2025-1111-296,2025-1111,3,0.2765843628268981,0.4199267622825755,0.3482555625547368,0.3450253362314058,0.3500559897747551
wta:221012,wta:221054,2025-06-09,2025,2025,grass,Queen's Club,QF,6-2 6-4,70,41,63,32,86,WTA-2025-1111-297,2025-1111,3,0.42857892103742246,0.47924931339639915,0.4539141172169108,0.45220446997357666,0.45315122432707255
wta:201619,wta:220435,2025-06-09,2025,2025,grass,Queen's Club,R16,6-3 6-2,41,30,66,30,86,WTA-2025-1111-286,2025-1111,3,0.9718565182386449,0.8228562709795545,0.8973563946090997,0.9138252069847214,0.8925959429765089
wta:223670,wta:211107,2025-06-09,2025,2025,grass,Queen's Club,R16,2-6 6-3 6-2,73,45,93,52,86,WTA-2025-1111-287,2025-1111,3,0.5996072937770698,0.5370460787305462,0.568326686253808,0.5669012586960608,0.5669229633365056
wta:214981,wta:201586,2025-06-09,2025,2025,grass,Queen's Club,R16,6-4 6-2,64,44,62,35,86,WTA-2025-1111-288,2025-1111,3,0.9604752493765879,0.778547451937748,0.8695113506571679,0.8934999438877294,0.8692367092168262
wta:213583,wta:214096,2025-06-09,2025,2025,grass,Queen's Club,R16,6-7(3) 7-5 6-1,98,61,107,59,86,WTA-2025-1111-289,2025-1111,3,0.10872459333685149,0.3223985352456515,0.21556156429125148,0.19741067189384207,0.21287618131902078
wta:216153,wta:222661,2025-06-09,2025,2025,grass,Queen's Club,R16,6-1 6-3,46,29,51,21,86,WTA-2025-1111-290,2025-1111,3,0.6721335181982776,0.5613976197741837,0.6167655689862306,0.617409443630794,0.6179861976099719
wta:215613,wta:206242,2025-06-09,2025,2025,grass,Queen's Club,R16,1-6 7-6(4) 6-3,118,67,78,51,86,WTA-2025-1111-291,2025-1111,3,0.7643034357060576,0.5966737870003052,0.6804886113531814,0.6866017670000769,0.6810684099494585
wta:221054,wta:211685,2025-06-09,2025,2025,grass,Queen's Club,R16,6-4 6-1,50,31,55,22,86,WTA-2025-1111-292,2025-1111,3,0.8131294712205055,0.6326212999694842,0.7228753855949949,0.7271709568565909,0.7234246684756784
wta:221012,wta:220520,2025-06-09,2025,2025,grass,Queen's Club,R16,6-3 4-6 7-5,90,60,86,53,86,WTA-2025-1111-293,2025-1111,3,0.749842117115071,0.5988709185230394,0.6743565178190551,0.6752104419424589,0.6736241406448105
wta:220435,wta:202499,2025-06-09,2025,2025,grass,Queen's Club,R32,6-3 6-3,59,40,59,34,86,WTA-2025-1111-271,2025-1111,3,0.09226236243660832,0.29041806530363135,0.19134021387011985,0.17884200976028883,0.1912181510077457
wta:211107,wta:201548,2025-06-09,2025,2025,grass,Queen's Club,R32,7-6(4) 1-6 6-4,101,53,94,49,86,WTA-2025-1111-272,2025-1111,3,0.6621448296753133,0.5535855965822398,0.6078652131287765,0.6103010866869599,0.6059732387619776
wta:223670,wta:211684,2025-06-09,2025,2025,grass,Queen's Club,R32,6-4 6-1,52,35,48,24,86,WTA-2025-1111-273,2025-1111,3,0.6771338106361665,0.5615807140677449,0.6193572623519557,0.6209903702350845,0.620181186672981
wta:201586,wta:201709,2025-06-09,2025,2025,grass,Queen's Club,R32,6-4 6-3,68,41,51,25,86,WTA-2025-1111-275,2025-1111,3,0.15843489890274792,0.3489472078120232,0.25369105335738557,0.24725995096048467,0.2559187005957133
wta:213583,wta:220367,2025-06-09,2025,2025,grass,Queen's Club,R32,7-6(4) 6-2,73,48,79,45,86,WTA-2025-1111-276,2025-1111,3,0.1689411437335422,0.36316753127860846,0.2660543375060753,0.25690831779762746,0.27023499054238903
wta:214096,wta:213666,2025-06-09,2025,2025,grass,Queen's Club,R32,7-6(5) 3-6 6-4,109,70,89,63,86,WTA-2025-1111-277,2025-1111,3,0.97605595945545,0.8361611229783339,0.9061085412168919,0.9221459056885056,0.9047658497307766
wta:216153,wta:214839,2025-06-09,2025,2025,grass,Queen's Club,R32,4-6 6-3 6-4,91,60,109,60,86,WTA-2025-1111-278,2025-1111,3,0.7530538080353976,0.5928898382667074,0.6729718231510524,0.6777194148338893,0.6800514691687516
wta:222661,wta:214082,2025-06-09,2025,2025,grass,Queen's Club,R32,6-1 3-6 6-3,95,59,84,47,86,WTA-2025-1111-279,2025-1111,3,0.18006619215887099,0.3664021971315227,0.2732341946451968,0.2668625639474391,0.27460740184690574
wta:206242,wta:201520,2025-06-09,2025,2025,grass,Queen's Club,R32,2-6 6-4 6-4,79,54,112,68,86,WTA-2025-1111-280,2025-1111,3,0.523973384409745,0.5108025633201099,0.5173879738649274,0.5159890668657833,0.515068779479819
wta:211685,wta:206252,2025-06-09,2025,2025,grass,Queen's Club,R32,6-4 6-3,59,37,51,24,86,WTA-2025-1111-282,2025-1111,3,0.18313928253322626,0.3689655172413793,0.2760523998873028,0.2695682052583311,0.27553363272221276
wta:221054,wta:213710,2025-06-09,2025,2025,grass,Queen's Club,R32,6-1 6-2,50,36,38,19,86,WTA-2025-1111-283,2025-1111,3,0.8375552633315826,0.6445834604821483,0.7410693619068655,0.749027612173341,0.74024543758584
wta:220520,wta:215936,2025-06-09,2025,2025,grass,Queen's Club,R32,6-2 6-4,49,31,55,27,86,WTA-2025-1111-284,2025-1111,3,0.4936975043539547,0.5,0.4968487521769773,0.4957982126008735,0.4959332807091714
wta:213583,wta:201619,2025-06-09,2025,2025,grass,Queen's Club,SF,6-3 7-6(3),74,54,70,47,86,WTA-2025-1111-298,2025-1111,3,0.04859114665490732,0.2456820262435154,0.14713658644921135,0.12099921899371881,0.15128672376993155
wta:216153,wta:221012,2025-06-09,2025,2025,grass,Queen's Club,SF,6-2 4-6 6-4,93,51,81,41,86,WTA-2025-1111-299,2025-1111,3,0.46249612388249767,0.4802258162953921,0.4713609700889449,0.4749713041025032,0.47416841592354975
wta:210722,wta:211817,2025-06-09,2025,2025,grass,s Hertogenbosch,F,6-3 7-6(4),81,51,60,34,86,WTA-2025-822-300,2025-822,3,0.7297295478945028,0.5872139151663106,0.6584717315304067,0.6597470593456862,0.6516667269530494
wta:206420,wta:206368,2025-06-09,2025,2025,grass,s Hertogenbosch,QF,5-7 6-4 6-2,93,50,91,45,86,WTA-2025-822-294,2025-822,3,0.7993671048667608,0.6221849252364968,0.7107760150516288,0.71536032809975,0.7090976506939846
wta:210722,wta:206294,2025-06-09,2025,2025,grass,s Hertogenbosch,QF,6-0 6-4,49,33,56,26,86,WTA-2025-822-295,2025-822,3,0.8421354524064184,0.6480622520598108,0.7450988522331146,0.7532712189061984,0.7437256450314057
wta:220714,wta:215480,2025-06-09,2025,2025,grass,s Hertogenbosch,QF,6-2 7-6(4),64,41,65,31,86,WTA-2025-822-296,2025-822,3,0.5528268016054042,0.5173329264571255,0.5350798640312648,0.5352910141136502,0.5344390340038007
wta:211817,wta:215370,2025-06-09,2025,2025,grass,s Hertogenbosch,QF,6-2 6-4,50,35,56,28,86,WTA-2025-822-297,2025-822,3,0.4775671283744879,0.4894415624046384,0.4835043453895631,0.48503917270248054,0.4865559169489162
wta:206420,wta:215020,2025-06-09,2025,2025,grass,s Hertogenbosch,R16,6-0 7-5,60,37,59,25,86,WTA-2025-822-286,2025-822,3,0.8728085161749582,0.6629539212694537,0.7678812187222059,0.7831324425046253,0.7667826529608389
wta:206368,wta:213889,2025-06-09,2025,2025,grass,s Hertogenbosch,R16,6-4 6-1,44,34,70,36,86,WTA-2025-822-287,2025-822,3,0.7103078078113834,0.5761061946902655,0.6432070012508244,0.6451802078122963,0.6459228999386486
wta:210722,wta:206289,2025-06-09,2025,2025,grass,s Hertogenbosch,R16,6-3 6-0,57,35,52,20,86,WTA-2025-822-288,2025-822,3,0.5183396651724679,0.49719255416539515,0.5077661096689315,0.5122294913151949,0.511702636980497
wta:206294,wta:214040,2025-06-09,2025,2025,grass,s Hertogenbosch,R16,6-4 6-3,69,40,69,33,86,WTA-2025-822-289,2025-822,3,0.2852450246984977,0.4220018309429356,0.35362342782071665,0.35151325047009246,0.3517009377383242
wta:215480,wta:215983,2025-06-09,2025,2025,grass,s Hertogenbosch,R16,7-6(4) 7-6(5),92,53,113,62,86,WTA-2025-822-290,2025-822,3,0.5601609715183485,0.5193469636862984,0.5397539676023235,0.5402155044860006,0.5405168604921617
wta:220714,wta:211095,2025-06-09,2025,2025,grass,s Hertogenbosch,R16,6-1 7-6(4),55,39,85,44,86,WTA-2025-822-291,2025-822,3,0.7893055981372878,0.6132743362831858,0.7012899672102368,0.706925106917881,0.7038532873200934
wta:215370,wta:215138,2025-06-09,2025,2025,grass,s Hertogenbosch,R16,6-0 6-4,53,37,45,22,86,WTA-2025-822-292,2025-822,3,0.4828835109407569,0.49029600244125726,0.48658975669100707,0.4885865296777635,0.48509448662692406
wta:211817,wta:215062,2025-06-09,2025,2025,grass,s Hertogenbosch,R16,6-4 6-3,53,26,72,28,86,WTA-2025-822-293,2025-822,3,0.7857827041855195,0.6340860543179737,0.7099343792517466,0.7040084801615297,0.7051128961879688
wta:206420,wta:213734,2025-06-09,2025,2025,grass,s Hertogenbosch,R32,6-3 6-4,67,40,58,28,86,WTA-2025-822-270,2025-822,3,0.9698671574033965,0.8453158376563931,0.9075914975298948,0.9100595521556756,0.9081407804105783
wta:215020,wta:211701,2025-06-09,2025,2025,grass,s Hertogenbosch,R32,6-3 6-1,47,28,54,21,86,WTA-2025-822-271,2025-822,3,0.38631988391227934,0.4635032041501373,0.42491154403120834,0.42347146274871306,0.4268645498291943
wta:213889,wta:203389,2025-06-09,2025,2025,grass,s Hertogenbosch,R32,4-6 6-1 6-2,74,47,72,33,86,WTA-2025-822-272,2025-822,3,0.26963795617370634,0.4137625877326823,0.3417002719531943,0.33977281246746294,0.34246316484303263
wta:206368,wta:221236,2025-06-09,2025,2025,grass,s Hertogenbosch,R32,6-3 6-3,54,35,71,34,86,WTA-2025-822-273,2025-822,3,0.7134149559743771,0.5825144949649069,0.647964725469642,0.6474886866643222,0.6462253296808107
wta:210722,wta:202600,2025-06-09,2025,2025,grass,s Hertogenbosch,R32,6-4 6-0,44,28,50,21,86,WTA-2025-822-274,2025-822,3,0.7938435492915011,0.612419896246567,0.7031317227690341,0.7107098372834069,0.7029181127598794
wta:206289,wta:222017,2025-06-09,2025,2025,grass,s Hertogenbosch,R32,6-3 6-4,58,37,67,34,86,WTA-2025-822-275,2025-822,3,0.9063982011985822,0.7147696063472688,0.8105839037729254,0.8195969847846802,0.8107364823508931
wta:206294,wta:201545,2025-06-09,2025,2025,grass,s Hertogenbosch,R32,6-3 6-3,47,34,68,36,86,WTA-2025-822-276,2025-822,3,0.17976160599373434,0.3583460482148306,0.2690538271042825,0.2665933928083246,0.27091528575548784
wta:214040,wta:216133,2025-06-09,2025,2025,grass,s Hertogenbosch,R32,7-5 6-7(2) 6-1,109,74,100,67,86,WTA-2025-822-277,2025-822,3,0.6213601910842343,0.5422947818126335,0.5818274864484339,0.5818121835711771,0.579355713485358
wta:215983,wta:215713,2025-06-09,2025,2025,grass,s Hertogenbosch,R32,7-5 6-2,53,39,75,43,86,WTA-2025-822-278,2025-822,3,0.2677457157353861,0.41339639914556,0.340571057440473,0.33833412792622386,0.34090673031200186
wta:215480,wta:201518,2025-06-09,2025,2025,grass,s Hertogenbosch,R32,6-3 0-6 6-3,71,41,72,41,86,WTA-2025-822-279,2025-822,3,0.5266448358551877,0.5073848031736344,0.5170148195144111,0.5177725765681486,0.521439598275473
wta:220714,wta:215996,2025-06-09,2025,2025,grass,s Hertogenbosch,R32,7-6(11) 7-5,84,55,78,47,86,WTA-2025-822-280,2025-822,3,0.7696028765754611,0.6130302105584376,0.6913165435669494,0.690839463790637,0.6889058020350605
wta:211095,wta:202663,2025-06-09,2025,2025,grass,s Hertogenbosch,R32,6-2 6-7(10) 7-5,105,66,111,61,86,WTA-2025-822-281,2025-822,3,0.2717141901049516,0.41370155630149524,0.34270787320322343,0.34134746507906294,0.34218910603813346
wta:215138,wta:259758,2025-06-09,2025,2025,grass,s Hertogenbosch,R32,6-1 6-3,50,32,56,25,86,WTA-2025-822-282,2025-822,3,0.8007875954613441,0.6326823314006713,0.7167349634310077,0.7165643107869087,0.7186574535134002
wta:215370,wta:220466,2025-06-09,2025,2025,grass,s Hertogenbosch,R32,6-1 6-3,49,35,59,27,86,WTA-2025-822-283,2025-822,3,0.7975344144335761,0.6316447970704913,0.7145896057520337,0.7138118685909506,0.7164205486876456
wta:211817,wta:264227,2025-06-09,2025,2025,grass,s Hertogenbosch,R32,6-2 6-1,43,31,49,23,86,WTA-2025-822-284,2025-822,3,0.7813920468235233,0.6224900823924321,0.7019410646079777,0.7003988841961455,0.7045043847178343
wta:215062,wta:214643,2025-06-09,2025,2025,grass,s Hertogenbosch,R32,6-4 5-7 6-1,96,58,92,50,86,WTA-2025-822-285,2025-822,3,0.10728558058373147,0.29975587427525174,0.20352072742949162,0.19583768058703493,0.20168978449387975
wta:210722,wta:206420,2025-06-09,2025,2025,grass,s Hertogenbosch,SF,2-6 7-6(7) 6-4,120,70,103,62,86,WTA-2025-822-298,2025-822,3,0.24491601395349835,0.4055843759536161,0.3252501949535572,0.32068859819084955,0.3306209608980186
wta:211817,wta:220714,2025-06-09,2025,2025,grass,s Hertogenbosch,SF,2-6 6-4 6-3,102,61,96,54,86,WTA-2025-822-299,2025-822,3,0.3970554704676556,0.466188587122368,0.43162202879501177,0.43082168903769213,0.43006572729974174
wta:220520,wta:215035,2025-06-16,2025,2025,grass,Nottingham,F,6-4 7-5,63,39,82,45,86,WTA-2025-1080-300,2025-1080,3,0.39115956679393343,0.46045163259078425,0.42580559969235887,0.4267899080366611,0.425012191086927
wta:202663,wta:220704,2025-06-16,2025,2025,grass,Nottingham,QF,6-2 7-5,66,39,59,25,86,WTA-2025-1080-294,2025-1080,3,0.39431687282127525,0.4584375953616112,0.42637723409144324,0.4289504064817716,0.4300086042470734
wta:215035,wta:220367,2025-06-16,2025,2025,grass,Nottingham,QF,6-3 7-6(6),90,57,63,39,86,WTA-2025-1080-295,2025-1080,3,0.28664898674599393,0.4226731766859933,0.35466108171599364,0.3525589009280085,0.35460005028480657
wta:211685,wta:222328,2025-06-16,2025,2025,grass,Nottingham,QF,3-6 6-4 6-4,95,60,84,55,86,WTA-2025-1080-296,2025-1080,3,0.30230002377366705,0.4227952395483674,0.3625476316610172,0.3641077097449293,0.36178473877117895
wta:220520,wta:211107,2025-06-16,2025,2025,grass,Nottingham,QF,6-3 3-6 6-4,92,55,84,47,86,WTA-2025-1080-297,2025-1080,3,0.28388693372592666,0.40735428745804086,0.3456206105919838,0.35050017671338224,0.3517542694262834
wta:220704,wta:215020,2025-06-16,2025,2025,grass,Nottingham,R16,6-4 6-4,65,42,59,35,86,WTA-2025-1080-286,2025-1080,3,0.5633188694280911,0.5214830637778456,0.5424009666029683,0.542338800644062,0.5395019736215829
wta:202663,wta:259685,2025-06-16,2025,2025,grass,Nottingham,R16,7-5 6-1,67,46,65,36,86,WTA-2025-1080-287,2025-1080,3,0.8023228679233253,0.6375038144644491,0.7199133411938872,0.7178693582191582,0.7160683610291023
wta:215035,wta:222045,2025-06-16,2025,2025,grass,Nottingham,R16,6-2 2-6 6-4,105,57,73,40,86,WTA-2025-1080-288,2025-1080,3,0.8124626621299731,0.6474519377479402,0.7299572999389566,0.7265909552224262,0.7287061555996219
wta:220367,wta:213710,2025-06-16,2025,2025,grass,Nottingham,R16,6-3 6-4,80,50,67,36,86,WTA-2025-1080-289,2025-1080,3,0.8211137435665342,0.6324992371071102,0.7268064903368222,0.734181198848434,0.7272337103551316
wta:222328,wta:215936,2025-06-16,2025,2025,grass,Nottingham,R16,6-1 6-3,50,38,93,46,86,WTA-2025-1080-290,2025-1080,3,0.6909187617839098,0.57165090021361,0.6312848309987599,0.6309463326775592,0.6326580382004687
wta:211685,wta:201709,2025-06-16,2025,2025,grass,Nottingham,R16,6-1 4-6 6-4,82,48,107,54,86,WTA-2025-1080-291,2025-1080,3,0.2022600276076649,0.37348184314922184,0.2878709353784434,0.28601472565437397,0.2886033125526881
wta:211107,wta:222661,2025-06-16,2025,2025,grass,Nottingham,R16,6-4 1-6 7-5,93,55,100,62,86,WTA-2025-1080-292,2025-1080,3,0.6634646430821318,0.559688739700946,0.6115766913915389,0.6112370069537746,0.6095626541623659
wta:220520,wta:202684,2025-06-16,2025,2025,grass,Nottingham,R16,6-1 6-4,59,37,59,28,86,WTA-2025-1080-293,2025-1080,3,0.47523923423740383,0.4948123283490998,0.4850257812932518,0.48348531840268216,0.47962449963319687
wta:220704,wta:214040,2025-06-16,2025,2025,grass,Nottingham,R32,7-5 6-2,59,37,75,36,86,WTA-2025-1080-270,2025-1080,3,0.5584679850401042,0.5172108635947513,0.5378394243174278,0.539077933722729,0.5396093358218526
wta:215020,wta:215872,2025-06-16,2025,2025,grass,Nottingham,R32,6-2 6-3,57,31,65,26,86,WTA-2025-1080-271,2025-1080,3,0.6351715709513669,0.5505340250228868,0.5928527979871269,0.5913732703994748,0.5876956420518202
wta:259685,wta:220465,2025-06-16,2025,2025,grass,Nottingham,R32,6-3 6-3,64,37,60,26,86,WTA-2025-1080-272,2025-1080,3,0.20692498060589498,0.3668904485810192,0.2869077145934571,0.28993337068453695,0.28794524892363715
wta:202663,wta:223253,2025-06-16,2025,2025,grass,Nottingham,R32,6-4 6-3,62,36,77,40,86,WTA-2025-1080-273,2025-1080,3,0.4168854807402206,0.4677754043332316,0.4423304425367261,0.4443034261233535,0.4440088068943703
wta:215035,wta:215337,2025-06-16,2025,2025,grass,Nottingham,R32,6-4 7-6(4),89,53,63,38,86,WTA-2025-1080-274,2025-1080,3,0.5437367158429349,0.5106194690265486,0.5271780924347418,0.5291992601577189,0.5315418397646167
wta:222045,wta:214459,2025-06-16,2025,2025,grass,Nottingham,R32,6-0 6-4,43,30,74,34,86,WTA-2025-1080-275,2025-1080,3,0.19964967972619002,0.3643881599023497,0.28201891981426985,0.2838066718316759,0.2777467196311756
wta:213710,wta:263857,2025-06-16,2025,2025,grass,Nottingham,R32,6-3 6-3,59,39,60,32,86,WTA-2025-1080-276,2025-1080,3,0.38814369313771424,0.4624656698199573,0.42530468147883577,0.4247229772391798,0.42350425425881744
wta:220367,wta:215480,2025-06-16,2025,2025,grass,Nottingham,R32,6-3 4-6 7-5,93,58,99,54,86,WTA-2025-1080-277,2025-1080,3,0.730663024401279,0.5866036008544401,0.6586333126278595,0.66045579587391,0.6572906211417442
wta:222328,wta:223331,2025-06-16,2025,2025,grass,Nottingham,R32,6-4 3-6 7-6(6),101,66,123,81,86,WTA-2025-1080-278,2025-1080,3,0.7223910021494867,0.5894110466890449,0.6559010244192658,0.6542036335191608,0.6577319673548776
wta:215936,wta:211279,2025-06-16,2025,2025,grass,Nottingham,R32,7-5 6-4,99,57,74,39,86,WTA-2025-1080-279,2025-1080,3,0.45155941559983753,0.48053097345132745,0.46604519452558246,0.4676499224055305,0.46552642736049243
wta:211685,wta:201696,2025-06-16,2025,2025,grass,Nottingham,R32,7-6(2) 4-6 7-6(6),115,69,109,64,86,WTA-2025-1080-280,2025-1080,3,0.4946575964229194,0.49847421422032345,0.4965659053216214,0.49643832231337087,0.4989461311379168
wta:201709,wta:263872,2025-06-16,2025,2025,grass,Nottingham,R32,6-2 6-2,48,29,48,20,86,WTA-2025-1080-281,2025-1080,3,0.931630742233699,0.7435154104363747,0.8375730763350369,0.8508574662875846,0.8387021578119975
wta:211107,wta:215138,2025-06-16,2025,2025,grass,Nottingham,R32,6-2 6-2,59,40,48,26,86,WTA-2025-1080-282,2025-1080,3,0.643244408174091,0.5526701251144339,0.5979572666442625,0.5970004812273514,0.5967061223049277
wta:222661,wta:206417,2025-06-16,2025,2025,grass,Nottingham,R32,6-3 6-4,61,42,77,42,86,WTA-2025-1080-283,2025-1080,3,0.8505471728416474,0.6688129386634116,0.7596800557525295,0.761199326056939,0.7546144469640035
wta:202684,wta:205925,2025-06-16,2025,2025,grass,Nottingham,R32,6-4 6-1,63,37,52,23,86,WTA-2025-1080-284,2025-1080,3,0.5857932966986769,0.5266097039975588,0.5562015003481178,0.5575113150643491,0.5598023547881544
wta:220520,wta:206242,2025-06-16,2025,2025,grass,Nottingham,R32,7-5 6-7(3) 7-5,105,69,107,62,86,WTA-2025-1080-285,2025-1080,3,0.318053910643463,0.438358254501068,0.3782060825722655,0.3755483987751835,0.3740864609671389
wta:215035,wta:202663,2025-06-16,2025,2025,grass,Nottingham,SF,6-4 6-4,57,40,80,46,86,WTA-2025-1080-298,2025-1080,3,0.5504636796792809,0.5170888007323772,0.533776240205829,0.5337061893297127,0.537224516067898
wta:220520,wta:211685,2025-06-16,2025,2025,grass,Nottingham,SF,6-4 6-2,51,39,59,35,86,WTA-2025-1080-299,2025-1080,3,0.5076308909460787,0.5048214830637778,0.5062261870049283,0.505087480084682,0.5075383627754502
wta:214954,wta:216133,2025-06-16,2025,2025,grass,Berlin,F,7-6(10) 4-6 6-2,105,61,89,52,86,WTA-2025-2012-300,2025-2012,3,0.7861385165926236,0.6097345132743363,0.69793651493348,0.7043022232107,0.7000726150250272
wta:216133,wta:211651,2025-06-16,2025,2025,grass,Berlin,QF,6-1 0-0 RET,17,15,22,8,86,WTA-2025-2012-294,2025-2012,3,0.11908166213952937,0.32026243515410435,0.21967204864681686,0.20848138793099372,0.2244019845638141
wta:214643,wta:216153,2025-06-16,2025,2025,grass,Berlin,QF,6-1 6-1,41,29,44,19,86,WTA-2025-2012-295,2025-2012,3,0.4891947078703894,0.4946902654867257,0.49194248667855756,0.49279584879578725,0.49539076254062653
wta:214954,wta:202460,2025-06-16,2025,2025,grass,Berlin,QF,6-4 6-1,51,36,77,41,86,WTA-2025-2012-296,2025-2012,3,0.2925706193639312,0.42999694842844066,0.36128378389618593,0.3569512870469044,0.35881201093310994
wta:214544,wta:214981,2025-06-16,2025,2025,grass,Berlin,QF,7-6(6) 3-6 7-6(6),126,71,109,66,86,WTA-2025-2012-297,2025-2012,3,0.527376153594909,0.5117790662191029,0.519577609907006,0.5182609138410827,0.5158852083201887
wta:216133,wta:221103,2025-06-16,2025,2025,grass,Berlin,R16,6-3 6-3,54,36,58,29,86,WTA-2025-2012-286,2025-2012,3,0.03979494295450315,0.2262740311260299,0.13303448704026652,0.1069509348889273,0.13153921697618354
wta:211651,wta:215613,2025-06-16,2025,2025,grass,Berlin,R16,7-6(2) 6-3,65,41,86,46,86,WTA-2025-2012-287,2025-2012,3,0.50940315157926,0.5056759231003967,0.5075395373398284,0.5062691783584605,0.50366404145945
wta:214643,wta:202468,2025-06-16,2025,2025,grass,Berlin,R16,6-7(8) 7-5 7-6(5),135,90,146,92,86,WTA-2025-2012-288,2025-2012,3,0.27146633195746284,0.41846200793408606,0.34496416994577445,0.34115969884135744,0.3463068614318898
wta:216153,wta:211684,2025-06-16,2025,2025,grass,Berlin,R16,6-2 4-6 6-3,94,54,89,41,86,WTA-2025-2012-289,2025-2012,3,0.584792061088893,0.5328959414098261,0.5588440012493596,0.5568328075294766,0.5555483039652582
wta:214954,wta:223670,2025-06-16,2025,2025,grass,Berlin,R16,6-3 6-7(3) 6-3,96,55,117,61,86,WTA-2025-2012-290,2025-2012,3,0.46669673366381537,0.4866951480012206,0.476695940832518,0.47777954774376974,0.47428519930062907
wta:202460,wta:211148,2025-06-16,2025,2025,grass,Berlin,R16,6-1 6-3,46,34,79,40,86,WTA-2025-2012-291,2025-2012,3,0.6379791126829816,0.5402197131522735,0.5890994129176275,0.5933268789676857,0.5915101544495165
wta:214981,wta:211701,2025-06-16,2025,2025,grass,Berlin,R16,6-4 7-6(5),75,47,82,47,86,WTA-2025-2012-292,2025-2012,3,0.8614361985109606,0.6652120842233751,0.7633241413671679,0.7717431180972851,0.7581364697162676
wta:214544,wta:214119,2025-06-16,2025,2025,grass,Berlin,R16,6-2 7-6(6),78,50,84,48,86,WTA-2025-2012-293,2025-2012,3,0.93678060813952,0.7380836130607262,0.8374321106001231,0.857810842997988,0.8359673562516337
wta:216133,wta:214082,2025-06-16,2025,2025,grass,Berlin,R32,6-3 6-2,47,34,46,23,86,WTA-2025-2012-271,2025-2012,3,0.13667705948414494,0.3484589563625267,0.24256800792333583,0.22639526906176835,0.2391807634924539
wta:215613,wta:216146,2025-06-16,2025,2025,grass,Berlin,R32,6-2 6-3,52,32,55,23,86,WTA-2025-2012-272,2025-2012,3,0.6500108195713935,0.5545010680500457,0.6022559438107196,0.601740985325064,0.6013099566273201
wta:211651,wta:220332,2025-06-16,2025,2025,grass,Berlin,R32,6-1 6-3,43,30,47,20,86,WTA-2025-2012-273,2025-2012,3,0.9162640508220429,0.7160512664021972,0.81615765861212,0.8313311381751989,0.8146929042636306
wta:214643,wta:211768,2025-06-16,2025,2025,grass,Berlin,R32,3-6 7-6(3) 6-4,113,71,101,65,86,WTA-2025-2012-275,2025-2012,3,0.4587844710890835,0.49621605126640217,0.4775002611777428,0.47248830651939333,0.4730754824166809
wta:216153,wta:215370,2025-06-16,2025,2025,grass,Berlin,R32,6-4 6-3,52,40,47,29,86,WTA-2025-2012-276,2025-2012,3,0.6680346223922372,0.557674702471773,0.612854662432005,0.6144854262746442,0.6150517939547393
wta:211684,wta:259799,2025-06-16,2025,2025,grass,Berlin,R32,2-6 7-5 6-0,87,49,99,49,86,WTA-2025-2012-277,2025-2012,3,0.17384138986006864,0.36322856270979553,0.26853497628493206,0.2613245302680261,0.2717696421378464
wta:214954,wta:201619,2025-06-16,2025,2025,grass,Berlin,R32,7-5 7-6(6),81,54,87,53,86,WTA-2025-2012-278,2025-2012,3,0.2189468784504531,0.39435459261519684,0.30665073553282496,0.29987860071330635,0.3051249497531484
wta:223670,wta:202499,2025-06-16,2025,2025,grass,Berlin,R32,6-2 6-4,56,36,68,34,86,WTA-2025-2012-279,2025-2012,3,0.48351216947641457,0.49444613976197743,0.488979154619196,0.48900589853882687,0.4921833047565167
wta:202460,wta:214452,2025-06-16,2025,2025,grass,Berlin,R32,7-6(5) 6-1,79,48,62,35,86,WTA-2025-2012-280,2025-2012,3,0.9019472086194577,0.6911504424778762,0.7965488255486669,0.8144768973813119,0.7997529756859876
wta:214981,wta:221909,2025-06-16,2025,2025,grass,Berlin,R32,6-3 7-6(3),74,48,77,44,86,WTA-2025-2012-282,2025-2012,3,0.8414304474336811,0.6447665547757095,0.7430985011046953,0.7526147605230367,0.7434952054074112
wta:211701,wta:202600,2025-06-16,2025,2025,grass,Berlin,R32,6-1 6-2,43,30,63,28,86,WTA-2025-2012-283,2025-2012,3,0.7476851625139728,0.593561184009765,0.6706231732618688,0.6735318477410597,0.6732170090873191
wta:214119,wta:213550,2025-06-16,2025,2025,grass,Berlin,R32,6-3 6-2,55,39,43,25,86,WTA-2025-2012-284,2025-2012,3,0.3050070902459762,0.4237717424473604,0.3643894163466683,0.3660861406995609,0.3649997306585389
wta:216133,wta:214643,2025-06-16,2025,2025,grass,Berlin,SF,6-4 6-1,54,38,44,22,86,WTA-2025-2012-298,2025-2012,3,0.2766867709315158,0.4182789136405249,0.34748284228602033,0.3451024401326698,0.3464453079558403
wta:214954,wta:214544,2025-06-16,2025,2025,grass,Berlin,SF,6-2 6-4,65,41,62,31,86,WTA-2025-2012-299,2025-2012,3,0.15994374985153947,0.3554165395178517,0.2576801446846956,0.24866137034482397,0.2579242704094438
wta:202468,wta:216347,2025-06-22,2025,2025,grass,Bad Homburg,F,6-4 7-5,69,47,69,44,86,WTA-2025-2017-300,2025-2017,3,0.4065952432284026,0.47888312480927675,0.4427391840188397,0.4373216919468457,0.44005380104660896
wta:211148,wta:206242,2025-06-22,2025,2025,grass,Bad Homburg,QF,7-5 7-5,57,41,72,45,86,WTA-2025-2017-294,2025-2017,3,0.6789018852229244,0.567622825755264,0.6232623554890941,0.6222603232599249,0.6201802682141475
wta:216347,wta:206420,2025-06-22,2025,2025,grass,Bad Homburg,QF,6-4 7-6(5),77,51,71,46,86,WTA-2025-2017-295,2025-2017,3,0.5218046780001073,0.5060421116875191,0.5139233948438132,0.5145415755734792,0.510292024688183
wta:222328,wta:259799,2025-06-22,2025,2025,grass,Bad Homburg,QF,6-3 6-3,55,40,60,32,86,WTA-2025-2017-296,2025-2017,3,0.22373179723534153,0.3950259383582545,0.309378867796798,0.30377899028499356,0.30693761054931556
wta:202468,wta:215613,2025-06-22,2025,2025,grass,Bad Homburg,QF,6-4 1-6 6-3,84,50,102,57,86,WTA-2025-2017-297,2025-2017,3,0.5038626359232663,0.5055538602380226,0.5047082480806444,0.5025751190756647,0.5060814552823534
wta:211148,wta:220367,2025-06-22,2025,2025,grass,Bad Homburg,R16,7-6(8) 7-6(6),81,46,125,68,86,WTA-2025-2017-286,2025-2017,3,0.5417115595336501,0.5125114433933475,0.5271115014634988,0.5278436501153503,0.5274166586194342
wta:206242,wta:202494,2025-06-22,2025,2025,grass,Bad Homburg,R16,3-6 6-4 7-6(7),103,68,104,68,86,WTA-2025-2017-287,2025-2017,3,0.2516487167841256,0.407476350320415,0.3295625335522703,0.32595030487224996,0.3337737023041775
wta:216347,wta:201458,2025-06-22,2025,2025,grass,Bad Homburg,R16,6-4 6-4,55,37,59,32,86,WTA-2025-2017-288,2025-2017,3,0.8700723799173004,0.6618553555080867,0.7659638677126935,0.7803543566941322,0.7651399433916681
wta:206420,wta:206289,2025-06-22,2025,2025,grass,Bad Homburg,R16,6-3 6-7(2) 6-3,111,77,85,60,86,WTA-2025-2017-289,2025-2017,3,0.7670612843319133,0.5892889838266707,0.6781751340792921,0.6888026525916711,0.6798534984369362
wta:222328,wta:202499,2025-06-22,2025,2025,grass,Bad Homburg,R16,2-6 6-2 6-4,82,49,65,39,86,WTA-2025-2017-290,2025-2017,3,0.37091274129563734,0.4507476350320415,0.4108301881638394,0.4128485217418905,0.41778777131916445
wta:259799,wta:220704,2025-06-22,2025,2025,grass,Bad Homburg,R16,3-6 6-3 6-1,68,48,84,49,86,WTA-2025-2017-291,2025-2017,3,0.8031814750417332,0.6308513884650595,0.7170164317533964,0.7186009407873415,0.7142700173499785
wta:215613,wta:211768,2025-06-22,2025,2025,grass,Bad Homburg,R16,6-4 6-4,56,39,78,43,86,WTA-2025-2017-292,2025-2017,3,0.6836469843865537,0.5561489166920964,0.6198979505393251,0.6256785844704084,0.6213932206034081
wta:202468,wta:211701,2025-06-22,2025,2025,grass,Bad Homburg,R16,6-2 6-3,47,32,48,24,86,WTA-2025-2017-293,2025-2017,3,0.7450182398487405,0.5820262435154104,0.6635222416820754,0.6714633696638044,0.6661771089387126
wta:220367,wta:213583,2025-06-22,2025,2025,grass,Bad Homburg,R32,6-0 7-6(1),51,38,57,32,86,WTA-2025-2017-271,2025-2017,3,0.8255656851551956,0.6310344827586207,0.7283000839569082,0.738144552676617,0.7304666997640488
wta:206242,wta:221909,2025-06-22,2025,2025,grass,Bad Homburg,R32,6-1 6-4,50,36,57,29,86,WTA-2025-2017-272,2025-2017,3,0.46202508166008055,0.48645102227647236,0.47423805196827645,0.4746562780309992,0.4747568191333665
wta:202494,wta:210722,2025-06-22,2025,2025,grass,Bad Homburg,R32,7-5 6-4,66,44,62,35,86,WTA-2025-2017-273,2025-2017,3,0.6799266157473968,0.5640830027464144,0.6220048092469056,0.6229972726782598,0.6221573878248732
wta:201458,wta:201696,2025-06-22,2025,2025,grass,Bad Homburg,R32,6-2 6-2,42,32,44,23,86,WTA-2025-2017-275,2025-2017,3,0.63695424034521,0.5491303021055843,0.5930422712253971,0.5926133159509532,0.5945985727206673
wta:206289,wta:201709,2025-06-22,2025,2025,grass,Bad Homburg,R32,7-5 7-6(6),109,65,85,51,86,WTA-2025-2017-276,2025-2017,3,0.42449174033449316,0.4767470247177296,0.4506193825261114,0.449446488970079,0.4500090682142408
wta:206420,wta:202505,2025-06-22,2025,2025,grass,Bad Homburg,R32,6-1 6-2,59,37,47,20,86,WTA-2025-2017-277,2025-2017,3,0.5089794043418164,0.4982300884955752,0.5036047464186958,0.5059866271440793,0.5028418535288576
wta:202499,wta:223670,2025-06-22,2025,2025,grass,Bad Homburg,R32,6-3 6-3,60,42,50,29,86,WTA-2025-2017-278,2025-2017,3,0.5166404702879415,0.5110466890448581,0.5138435796663998,0.5110959233968274,0.5147895668497993
wta:222328,wta:201548,2025-06-22,2025,2025,grass,Bad Homburg,R32,6-3 6-2,51,38,44,25,86,WTA-2025-2017-279,2025-2017,3,0.6344448005288428,0.5436374732987489,0.5890411369137958,0.5908681280379586,0.5928250856473936
wta:220704,wta:211684,2025-06-22,2025,2025,grass,Bad Homburg,R32,6-7(6) 6-3 6-3,107,72,99,64,86,WTA-2025-2017-280,2025-2017,3,0.5185718377253834,0.5101922490082392,0.5143820433668114,0.5123843902887673,0.5097741703121882
wta:215613,wta:216146,2025-06-22,2025,2025,grass,Bad Homburg,R32,6-2 7-5,62,37,86,41,86,WTA-2025-2017-282,2025-2017,3,0.6508852083821522,0.5522429050961245,0.6015640567391384,0.6023552433473182,0.6020217924730413
wta:211768,wta:215337,2025-06-22,2025,2025,grass,Bad Homburg,R32,7-6(6) 7-6(4),87,63,103,65,86,WTA-2025-2017-283,2025-2017,3,0.6821719804606868,0.562679279829112,0.6224256301448994,0.6246144432807892,0.6241345102181372
wta:211701,wta:206368,2025-06-22,2025,2025,grass,Bad Homburg,R32,7-6(4) 7-5,80,55,69,46,86,WTA-2025-2017-284,2025-2017,3,0.5021883771125031,0.49621605126640217,0.49920221418945265,0.5014589232504146,0.5005754213911615
wta:216347,wta:211148,2025-06-22,2025,2025,grass,Bad Homburg,SF,6-1 6-3,42,31,52,21,86,WTA-2025-2017-298,2025-2017,3,0.6886075930026024,0.5610924626182484,0.6248500278104254,0.629268153609697,0.6307395609199768
wta:202468,wta:222328,2025-06-22,2025,2025,grass,Bad Homburg,SF,6-7(2) 7-5 6-1,101,68,100,60,86,WTA-2025-2017-299,2025-2017,3,0.7349966408861401,0.5842844064693317,0.6596405236777358,0.6637570622675791,0.6619902337784378
wta:233741,wta:223253,2025-06-23,2025,2025,grass,Eastbourne,F,6-4 1-6 7-6(10),98,51,96,54,86,WTA-2025-710-300,2025-710,3,0.4584157208026886,0.4808971620384498,0.46965644142056917,0.4722415321207085,0.4708160386131234
wta:223253,wta:215035,2025-06-23,2025,2025,grass,Eastbourne,QF,6-1 6-2,50,27,44,14,86,WTA-2025-710-295,2025-710,3,0.5346506150490257,0.5117180347879158,0.5231843249184707,0.523120996885083,0.5253204250100179
wta:201499,wta:215872,2025-06-23,2025,2025,grass,Eastbourne,QF,6-2 2-6 6-0,79,48,77,38,86,WTA-2025-710-296,2025-710,3,0.6536406778103862,0.5552944766554776,0.6044675772329319,0.6042935303217598,0.6045591243797124
wta:233741,wta:215020,2025-06-23,2025,2025,grass,Eastbourne,QF,6-4 7-5,87,50,60,31,86,WTA-2025-710-297,2025-710,3,0.4934274385294657,0.492004882514495,0.4927161605219803,0.495618152132762,0.496896813558294
wta:206252,wta:214839,2025-06-23,2025,2025,grass,Eastbourne,R16,6-4 4-6 7-6(3),91,58,102,62,86,WTA-2025-710-286,2025-710,3,0.8306623974592978,0.6360390601159597,0.7333507287876287,0.7427324683109755,0.732557320182197
wta:219875,wta:211685,2025-06-23,2025,2025,grass,Eastbourne,R16,7-5 6-3,55,43,62,37,86,WTA-2025-710-287,2025-710,3,0.59443629367985,0.5290509612450413,0.5617436274624457,0.5633798241021208,0.5649782933153598
wta:223253,wta:211533,2025-06-23,2025,2025,grass,Eastbourne,R16,0-6 6-2 3-2 RET,52,31,76,43,86,WTA-2025-710-288,2025-710,3,0.18298224228521448,0.36805004577357336,0.27551614402939395,0.2694303850257022,0.27594336404770337
wta:215035,wta:215936,2025-06-23,2025,2025,grass,Eastbourne,R16,6-2 6-1,60,35,44,15,86,WTA-2025-710-289,2025-710,3,0.6064829851490979,0.5377174244736039,0.5721002048113509,0.5715966053824862,0.5694148218391202
wta:215872,wta:220548,2025-06-23,2025,2025,grass,Eastbourne,R16,6-3 6-4,70,44,70,41,86,WTA-2025-710-290,2025-710,3,0.3984714425750542,0.4575831553249924,0.4280272989500233,0.43178826403748916,0.4324825934266787
wta:201499,wta:214040,2025-06-23,2025,2025,grass,Eastbourne,R16,7-5 7-5,74,47,87,46,86,WTA-2025-710-291,2025-710,3,0.522290328979745,0.5101312175770522,0.5162107732783986,0.5148656931219471,0.5154173646729668
wta:233741,wta:221054,2025-06-23,2025,2025,grass,Eastbourne,R16,4-6 6-1 7-6(4),104,58,111,56,86,WTA-2025-710-292,2025-710,3,0.2737887400010762,0.40772047604516326,0.34075460802311974,0.3429168022076622,0.34090718660108743
wta:215020,wta:215138,2025-06-23,2025,2025,grass,Eastbourne,R16,6-3 6-3,46,35,61,31,86,WTA-2025-710-293,2025-710,3,0.5311184709233333,0.5066524259993896,0.5188854484613614,0.5207605525899459,0.5219370200207145
wta:206252,wta:211279,2025-06-23,2025,2025,grass,Eastbourne,R32,6-3 6-7(4) 7-5,102,63,101,57,86,WTA-2025-710-270,2025-710,3,0.7863197547997807,0.609429356118401,0.6978745554590908,0.704451917141283,0.700590454146915
wta:214839,wta:220416,2025-06-23,2025,2025,grass,Eastbourne,R32,6-3 6-2,46,30,59,26,86,WTA-2025-710-271,2025-710,3,0.46747126499266023,0.4855965822398535,0.4765339236162569,0.47829714904973114,0.4787005394233975
wta:219875,wta:215785,2025-06-23,2025,2025,grass,Eastbourne,R32,6-4 4-6 7-5,126,74,97,59,86,WTA-2025-710-272,2025-710,3,0.4847806404456487,0.49487335978028685,0.48982700011296776,0.48985201875469586,0.49187155305773433
wta:211685,wta:211713,2025-06-23,2025,2025,grass,Eastbourne,R32,6-3 6-2,51,32,68,32,86,WTA-2025-710-273,2025-710,3,0.5654986886900817,0.522886786695148,0.5441927376926148,0.5438055703360928,0.5422702476102224
wta:211533,wta:222661,2025-06-23,2025,2025,grass,Eastbourne,R32,6-3 7-6(2),79,44,61,31,86,WTA-2025-710-274,2025-710,3,0.8718553979272221,0.6657003356728716,0.7687778668000469,0.782161878765728,0.7690219925247951
wta:223253,wta:214459,2025-06-23,2025,2025,grass,Eastbourne,R32,6-0 6-1,39,30,41,16,86,WTA-2025-710-275,2025-710,3,0.5517710713322319,0.5217271895025939,0.5367491304174129,0.5345828826163707,0.5383664633438701
wta:215936,wta:213889,2025-06-23,2025,2025,grass,Eastbourne,R32,6-4 7-5,88,52,63,34,86,WTA-2025-710-276,2025-710,3,0.510159025693613,0.502990540128166,0.5065747829108895,0.5067732016491735,0.5063916886173283
wta:215035,wta:202663,2025-06-23,2025,2025,grass,Eastbourne,R32,6-4 4-2 RET,41,31,55,31,86,WTA-2025-710-277,2025-710,3,0.5509550170074915,0.5093988404028075,0.5301769287051494,0.5340356329901054,0.5344796446038373
wta:220548,wta:259685,2025-06-23,2025,2025,grass,Eastbourne,R32,6-3 6-4,77,45,59,30,86,WTA-2025-710-278,2025-710,3,0.8141060428716564,0.6480012206286238,0.7310536317501402,0.7280218828963174,0.7304738331538629
wta:215872,wta:220714,2025-06-23,2025,2025,grass,Eastbourne,R32,6-4 4-6 6-3,130,73,103,56,86,WTA-2025-710-279,2025-710,3,0.33880420406886985,0.44971010070186146,0.39425715238536563,0.3903712972164895,0.3911445493948255
wta:201499,wta:202600,2025-06-23,2025,2025,grass,Eastbourne,R32,6-1 6-7(5) 7-6(7),107,68,103,55,86,WTA-2025-710-280,2025-710,3,0.6693239913778855,0.5560878852609094,0.6127059383193973,0.6154041372459426,0.6126143911726168
wta:214040,wta:213550,2025-06-23,2025,2025,grass,Eastbourne,R32,6-4 6-4,56,42,75,44,86,WTA-2025-710-281,2025-710,3,0.35077265792192214,0.45099176075678976,0.4008822093393559,0.39880907789365555,0.4038422337519284
wta:221054,wta:215983,2025-06-23,2025,2025,grass,Eastbourne,R32,6-7(5) 6-3 6-1,96,59,99,53,86,WTA-2025-710-282,2025-710,3,0.7922127697457086,0.6147390906316753,0.7034759301886919,0.7093460805485345,0.7008820943632419
wta:233741,wta:202460,2025-06-23,2025,2025,grass,Eastbourne,R32,7-5 6-2,58,36,87,41,86,WTA-2025-710-283,2025-710,3,0.15894185989832357,0.3424168446750076,0.2506793522866656,0.2477314253596449,0.25241874807549686
wta:215020,wta:213631,2025-06-23,2025,2025,grass,Eastbourne,R32,6-4 2-6 6-3,88,50,78,43,86,WTA-2025-710-284,2025-710,3,0.4184076088984664,0.4650900213610009,0.44174881512973363,0.44533377067268876,0.44232861372601073
wta:215138,wta:214082,2025-06-23,2025,2025,grass,Eastbourne,R32,7-5 2-6 6-3,94,52,93,52,86,WTA-2025-710-285,2025-710,3,0.19961338255319158,0.38245346353371984,0.2910334230434557,0.28377588953028215,0.2881344300620703
wta:223253,wta:219875,2025-06-23,2025,2025,grass,Eastbourne,SF,7-5 2-6 6-3,104,54,90,45,86,WTA-2025-710-298,2025-710,3,0.5573937480406183,0.5191638693927373,0.5382788087166778,0.538356383647934,0.5388891230285484
wta:233741,wta:201499,2025-06-23,2025,2025,grass,Eastbourne,SF,7-5 6-3,51,32,72,35,86,WTA-2025-710-299,2025-710,3,0.47011874100510886,0.4882819652120842,0.47920035310859654,0.4800659651237245,0.4799937617140283
wta:216347,wta:216153,2025-06-30,2025,2025,grass,Wimbledon,F,6-0 6-0,37,26,42,13,86,WTA-2025-540-226,2025-540,3,0.7958103086446635,0.6072932560268538,0.7015517823357587,0.7123601195657225,0.7046643853262988
wta:214544,wta:201696,2025-06-30,2025,2025,grass,Wimbledon,QF,4-6 6-2 6-4,103,54,95,45,86,WTA-2025-540-220,2025-540,3,0.9608576408663021,0.7770826975892585,0.8689701692277803,0.8941402324122296,0.8678410877508196
wta:216153,wta:201499,2025-06-30,2025,2025,grass,Wimbledon,QF,6-1 7-6(9),70,44,81,41,86,WTA-2025-540-221,2025-540,3,0.6053404829988079,0.5379615501983521,0.57165101659858,0.5708153293416435,0.5715289537362059
wta:202505,wta:259799,2025-06-30,2025,2025,grass,Wimbledon,QF,7-6(3) 7-6(2),84,57,94,57,86,WTA-2025-540-222,2025-540,3,0.5002425507093085,0.5067134574305767,0.5034780040699426,0.5001617004799189,0.5032033626296009
wta:216347,wta:214643,2025-06-30,2025,2025,grass,Wimbledon,QF,6-2 7-5,68,42,66,33,86,WTA-2025-540-223,2025-540,3,0.8041577760738984,0.61339639914556,0.7087770876097292,0.7194343274268199,0.7132628978019782
wta:214544,wta:215062,2025-06-30,2025,2025,grass,Wimbledon,R128,6-1 7-5,59,43,54,31,86,WTA-2025-540-100,2025-540,3,0.989963525829718,0.8813854134879463,0.9356744696588322,0.9552534129201894,0.9363152996862962
wta:213631,wta:215138,2025-06-30,2025,2025,grass,Wimbledon,R128,6-4 6-4,72,46,55,33,86,WTA-2025-540-101,2025-540,3,0.6056867900654798,0.5424168446750076,0.5740518173702437,0.571052098027797,0.5702678686366459
wta:221054,wta:259685,2025-06-30,2025,2025,grass,Wimbledon,R128,6-3 6-3,53,35,64,31,86,WTA-2025-540-102,2025-540,3,0.9384092388078689,0.7560878852609094,0.8472485620343891,0.8600593317389479,0.8483471277957562
wta:214954,wta:220520,2025-06-30,2025,2025,grass,Wimbledon,R128,6-1 7-6(3),59,35,74,36,86,WTA-2025-540-103,2025-540,3,0.773921468974712,0.6086969789441562,0.6913092239594341,0.6943195424882109,0.6929875883170784
wta:210722,wta:222258,2025-06-30,2025,2025,grass,Wimbledon,R128,6-4 6-2,58,39,82,42,86,WTA-2025-540-104,2025-540,3,0.7181386104935563,0.5821483063777846,0.6501434584356705,0.6510137223471862,0.6498688169953286
wta:215983,wta:203530,2025-06-30,2025,2025,grass,Wimbledon,R128,6-3 4-6 6-1,73,47,102,54,86,WTA-2025-540-105,2025-540,3,0.47692613151693947,0.49298138541348796,0.4849537584652137,0.48461134907780246,0.4858387142174261
wta:205925,wta:219875,2025-06-30,2025,2025,grass,Wimbledon,R128,6-4 6-7(5) 7-6(8),145,70,136,62,86,WTA-2025-540-106,2025-540,3,0.3500220245915266,0.4486115349404943,0.39931677976601043,0.39828208011737365,0.3992557483348234
wta:202494,wta:214388,2025-06-30,2025,2025,grass,Wimbledon,R128,6-3 6-1,47,35,47,23,86,WTA-2025-540-107,2025-540,3,0.9309221425102155,0.7332621299969484,0.832092136253582,0.8499183668390676,0.8329465762902009
wta:211107,wta:211651,2025-06-30,2025,2025,grass,Wimbledon,R128,6-2 3-6 6-4,79,50,89,50,86,WTA-2025-540-108,2025-540,3,0.27215096418153717,0.41705828501678366,0.3446046245991604,0.34167820540362226,0.34149202160862024
wta:221333,wta:216265,2025-06-30,2025,2025,grass,Wimbledon,R128,6-2 7-6(8),81,51,70,41,86,WTA-2025-540-109,2025-540,3,0.08326937448878871,0.22120842233750382,0.15223889841314625,0.16809971629218864,0.15333746417451338
wta:213710,wta:223331,2025-06-30,2025,2025,grass,Wimbledon,R128,6-4 6-4,56,43,80,45,86,WTA-2025-540-110,2025-540,3,0.524860088422326,0.5078730546231309,0.5163665715227285,0.5165809874371506,0.5143525342935554
wta:202499,wta:214040,2025-06-30,2025,2025,grass,Wimbledon,R128,6-0 6-4,61,40,49,25,86,WTA-2025-540-111,2025-540,3,0.7257218041494283,0.5801342691486115,0.65292803664902,0.6567135202344133,0.6538435081168259
wta:220367,wta:263872,2025-06-30,2025,2025,grass,Wimbledon,R128,6-1 6-3,53,34,48,21,86,WTA-2025-540-112,2025-540,3,0.9315319473532564,0.7494354592615197,0.840483703307388,0.8507262874697649,0.838530697509402
wta:201696,wta:220548,2025-06-30,2025,2025,grass,Wimbledon,R128,6-4 6-2,66,42,64,33,86,WTA-2025-540-113,2025-540,3,0.4188168183934199,0.46862984436985045,0.44372333138163517,0.44561066916660275,0.44268579705145517
wta:215337,wta:201533,2025-06-30,2025,2025,grass,Wimbledon,R128,6-2 6-4,75,47,55,30,86,WTA-2025-540-114,2025-540,3,0.6208845629648964,0.5461397619774184,0.5835121624711574,0.5814843131990877,0.5848853696728662
wta:201619,wta:211817,2025-06-30,2025,2025,grass,Wimbledon,R128,6-7(4) 7-5 7-5,108,65,112,60,86,WTA-2025-540-115,2025-540,3,0.9237629389714884,0.7161122978333841,0.8199376184024363,0.8406499310224317,0.8193883355217528
wta:211148,wta:201545,2025-06-30,2025,2025,grass,Wimbledon,R128,2-6 6-3 6-2,80,44,92,45,86,WTA-2025-540-116,2025-540,3,0.6202882836918857,0.5474214220323467,0.5838548528621161,0.5810733974612112,0.5799183255505507
wta:215872,wta:256684,2025-06-30,2025,2025,grass,Wimbledon,R128,5-7 6-3 6-2,80,44,99,48,86,WTA-2025-540-117,2025-540,3,0.6133055352953987,0.5430271589868783,0.5781663471411385,0.5762713987285962,0.5820418430215168
wta:220332,wta:206294,2025-06-30,2025,2025,grass,Wimbledon,R128,6-4 5-7 6-2,105,59,96,48,86,WTA-2025-540-118,2025-540,3,0.5227340170572993,0.5092157461092462,0.5159748815832728,0.5151618187867241,0.5160969444456469
wta:222328,wta:211095,2025-06-30,2025,2025,grass,Wimbledon,R128,6-2 6-4,52,38,59,33,86,WTA-2025-540-119,2025-540,3,0.829234473273844,0.6417149832163564,0.7354747282451002,0.7414415116864075,0.7377328911990215
wta:206242,wta:211685,2025-06-30,2025,2025,grass,Wimbledon,R128,7-6(7) 6-4,77,51,91,53,86,WTA-2025-540-120,2025-540,3,0.6897372927235619,0.5693927372596888,0.6295650149916253,0.630087981275127,0.6309992536245213
wta:213646,wta:211279,2025-06-30,2025,2025,grass,Wimbledon,R128,3-6 6-3 7-5,99,59,95,51,86,WTA-2025-540-121,2025-540,3,0.4893963985786808,0.48980775099176077,0.4896020747852208,0.49293034351821574,0.49204333203270323
wta:213887,wta:201518,2025-06-30,2025,2025,grass,Wimbledon,R128,6-0 6-3,57,34,51,20,86,WTA-2025-540-122,2025-540,3,0.37017143430804444,0.450259383582545,0.41021540894529473,0.4123349947885676,0.41097830183513295
wta:216153,wta:201709,2025-06-30,2025,2025,grass,Wimbledon,R128,6-0 6-0,30,24,42,15,86,WTA-2025-540-123,2025-540,3,0.4066428969990141,0.4696063472688434,0.4381246221339288,0.43735409227879685,0.4374227606752776
wta:223670,wta:220416,2025-06-30,2025,2025,grass,Wimbledon,R128,7-6(5) 6-3,61,44,89,50,86,WTA-2025-540-124,2025-540,3,0.7977675351317671,0.6192554165395179,0.7085114758356426,0.7140085310867601,0.7088776644227648
wta:220348,wta:201549,2025-06-30,2025,2025,grass,Wimbledon,R128,4-6 6-3 6-2,88,58,87,51,86,WTA-2025-540-125,2025-540,3,0.622058823436425,0.5449191333536771,0.5834889783950511,0.582293940844682,0.5798576082394209
wta:202600,wta:202460,2025-06-30,2025,2025,grass,Wimbledon,R128,7-6(5) 2-0 RET,65,35,61,29,86,WTA-2025-540-126,2025-540,3,0.07672313940887455,0.28187366493744276,0.17929840217315865,0.15996562509685378,0.1803359365033387
wta:222661,wta:211533,2025-06-30,2025,2025,grass,Wimbledon,R128,7-5 2-6 6-2,92,55,78,43,86,WTA-2025-540-127,2025-540,3,0.12830607723725898,0.33814464449191334,0.23322536086458617,0.21800225009233942,0.2306010093235425
wta:221909,wta:261963,2025-06-30,2025,2025,grass,Wimbledon,R128,6-3 6-2,58,37,58,30,86,WTA-2025-540-128,2025-540,3,0.7575232287655246,0.6217577052181874,0.689640466991856,0.6812304433833349,0.6929056485603637
wta:201499,wta:201548,2025-06-30,2025,2025,grass,Wimbledon,R128,4-6 6-3 6-2,79,48,70,37,86,WTA-2025-540-129,2025-540,3,0.5601566678415021,0.5181873664937443,0.5391720171676232,0.5402126120557263,0.5401485200666162
wta:211768,wta:221883,2025-06-30,2025,2025,grass,Wimbledon,R128,6-4 7-6(4),77,47,66,33,86,WTA-2025-540-130,2025-540,3,0.8705083148724092,0.6904180653036314,0.7804631900880203,0.7807953126292071,0.7801885486476785
wta:211701,wta:221012,2025-06-30,2025,2025,grass,Wimbledon,R128,7-5 4-6 6-1,90,58,94,54,86,WTA-2025-540-131,2025-540,3,0.44033608324617435,0.4803478791577662,0.4603419812019703,0.460118535611164,0.4636987099172587
wta:259799,wta:210886,2025-06-30,2025,2025,grass,Wimbledon,R128,6-3 6-3,50,33,67,33,86,WTA-2025-540-132,2025-540,3,0.9751904180916507,0.8219407995117486,0.8985656088016997,0.920385903324289,0.8960633201230301
wta:214459,wta:213525,2025-06-30,2025,2025,grass,Wimbledon,R128,6-4 7-5,64,45,63,41,86,WTA-2025-540-133,2025-540,3,0.741776372698156,0.5939884040280745,0.6678823883631153,0.6689591512225181,0.6657157725559746
wta:221024,wta:201514,2025-06-30,2025,2025,grass,Wimbledon,R128,6-7(0) 6-1 6-2,99,66,78,49,86,WTA-2025-540-134,2025-540,3,0.6367021066899643,0.5538907537381752,0.5952964302140697,0.5924378420201993,0.5908411357374143
wta:239475,wta:211684,2025-06-30,2025,2025,grass,Wimbledon,R128,6-3 6-2,46,31,61,30,86,WTA-2025-540-135,2025-540,3,0.37505028994020073,0.446292340555386,0.4106713152477934,0.4157105247509238,0.4072840708169115
wta:206252,wta:223253,2025-06-30,2025,2025,grass,Wimbledon,R128,3-6 6-2 6-1,93,55,92,46,86,WTA-2025-540-136,2025-540,3,0.6996711332976022,0.5764723832773878,0.6380717582874951,0.6373363102816062,0.6381633054342757
wta:214452,wta:201551,2025-06-30,2025,2025,grass,Wimbledon,R128,6-2 6-2,47,30,50,22,86,WTA-2025-540-137,2025-540,3,0.6128544919002314,0.5455904790967349,0.5792224854984831,0.5759618382127127,0.5767812282510008
wta:206368,wta:202684,2025-06-30,2025,2025,grass,Wimbledon,R128,6-3 6-2,65,43,43,26,86,WTA-2025-540-138,2025-540,3,0.6842699604932483,0.567744888617638,0.6260074245554432,0.6261284651315656,0.6252140159500115
wta:215613,wta:201520,2025-06-30,2025,2025,grass,Wimbledon,R128,6-3 6-1,44,31,50,22,86,WTA-2025-540-139,2025-540,3,0.7773689650189258,0.6027769301190113,0.6900729475689686,0.6971154863235026,0.6942536006052822
wta:216133,wta:214096,2025-06-30,2025,2025,grass,Wimbledon,R128,7-5 6-2,66,43,57,33,86,WTA-2025-540-140,2025-540,3,0.130541694836371,0.3297833384192859,0.23016251662782844,0.22026573549302778,0.2309254095176667
wta:220309,wta:211713,2025-06-30,2025,2025,grass,Wimbledon,R128,7-6(3) 6-3,77,44,71,36,86,WTA-2025-540-141,2025-540,3,0.4762286376453601,0.49621605126640217,0.48622234445588114,0.48414578534295416,0.4842693386578952
wta:215480,wta:260300,2025-06-30,2025,2025,grass,Wimbledon,R128,6-1 6-1,47,33,47,20,86,WTA-2025-540-142,2025-540,3,0.4811740813939085,0.49584986267927983,0.48851197203659413,0.48744609071255507,0.48640638766064054
wta:206420,wta:211880,2025-06-30,2025,2025,grass,Wimbledon,R128,6-2 7-5,59,34,65,31,86,WTA-2025-540-143,2025-540,3,0.9824910745976483,0.8471467805920049,0.9148189275948266,0.9361309408267595,0.9160700719341613
wta:221039,wta:202663,2025-06-30,2025,2025,grass,Wimbledon,R128,6-7(7) 6-1 6-4,105,63,105,56,86,WTA-2025-540-144,2025-540,3,0.2633545399750881,0.4080866646322856,0.33572060230368683,0.33498206391235114,0.3358731808816545
wta:202505,wta:219917,2025-06-30,2025,2025,grass,Wimbledon,R128,6-0 6-3,40,30,50,24,86,WTA-2025-540-145,2025-540,3,0.9650164418029243,0.7847726579188282,0.8748945498608762,0.9012784774324225,0.8766644613653011
wta:220465,wta:213583,2025-06-30,2025,2025,grass,Wimbledon,R128,3-6 7-6(4) 6-1,113,62,103,52,86,WTA-2025-540-146,2025-540,3,0.581616375627757,0.5208117180347879,0.5512140468312725,0.5546824601630557,0.5516412668495819
wta:220714,wta:202468,2025-06-30,2025,2025,grass,Wimbledon,R128,6-2 6-3,41,33,50,27,86,WTA-2025-540-147,2025-540,3,0.20054655614420153,0.37757094903875493,0.28905875259147823,0.28456658761548204,0.29092021124268364
wta:216347,wta:221236,2025-06-30,2025,2025,grass,Wimbledon,R128,7-5 6-1,55,41,46,28,86,WTA-2025-540-148,2025-540,3,0.9247868732099536,0.7294781812633506,0.8271325272366521,0.8419521062619585,0.8255457100257886
wta:216083,wta:214839,2025-06-30,2025,2025,grass,Wimbledon,R128,6-3 6-1,40,29,51,24,86,WTA-2025-540-149,2025-540,3,0.4917030889920279,0.49615501983521515,0.49392905441362156,0.4944684439130812,0.4947224630190533
wta:203389,wta:215785,2025-06-30,2025,2025,grass,Wimbledon,R128,6-3 6-2,51,33,64,30,86,WTA-2025-540-150,2025-540,3,0.6420601988039422,0.5496795849862679,0.5958698918951051,0.5961731220225254,0.5936727603723708
wta:220662,wta:216146,2025-06-30,2025,2025,grass,Wimbledon,R128,3-6 6-3 6-4,100,59,90,50,86,WTA-2025-540-151,2025-540,3,0.1177080523910785,0.2797985962770827,0.1987533243340806,0.207037326202225,0.20006550010460242
wta:220704,wta:201586,2025-06-30,2025,2025,grass,Wimbledon,R128,2-6 6-4 6-3,86,52,80,47,86,WTA-2025-540-152,2025-540,3,0.7099769381435899,0.5772657918828197,0.6436213650132048,0.6449348544717145,0.6478020180495185
wta:214939,wta:211411,2025-06-30,2025,2025,grass,Wimbledon,R128,6-3 7-6(4),74,46,72,39,86,WTA-2025-540-153,2025-540,3,0.5936335383054729,0.5312480927677754,0.5624408155366242,0.5628338683845787,0.5627459726925594
wta:206289,wta:215020,2025-06-30,2025,2025,grass,Wimbledon,R128,6-4 6-4,57,35,60,30,86,WTA-2025-540-154,2025-540,3,0.6525480386529,0.5481537992065914,0.6003509189297457,0.6035244621323671,0.5992218374527851
wta:214981,wta:220589,2025-06-30,2025,2025,grass,Wimbledon,R128,6-2 6-1,66,41,38,16,86,WTA-2025-540-155,2025-540,3,0.9035038981318835,0.7004272200183095,0.8019655590750965,0.8162560991872578,0.7992801761028658
wta:214082,wta:215306,2025-06-30,2025,2025,grass,Wimbledon,R128,7-5 6-3,82,44,66,30,86,WTA-2025-540-156,2025-540,3,0.9030608831645075,0.6985962770826976,0.8008285801236026,0.815748521806215,0.800798064408009
wta:201593,wta:215219,2025-06-30,2025,2025,grass,Wimbledon,R128,7-6(6) 1-6 6-3,85,49,86,51,86,WTA-2025-540-157,2025-540,3,0.3326729543977517,0.4295697284101312,0.38112134140394144,0.38601832491503185,0.38649210734840284
wta:263857,wta:215936,2025-06-30,2025,2025,grass,Wimbledon,R128,1-6 6-3 6-1,70,41,72,40,86,WTA-2025-540-158,2025-540,3,0.5778721659202736,0.5289288983826671,0.5534005321514703,0.5521503948411981,0.5587712980959317
wta:214643,wta:233741,2025-06-30,2025,2025,grass,Wimbledon,R128,6-3 6-2,44,29,53,21,86,WTA-2025-540-159,2025-540,3,0.6204015626848705,0.5471772963075984,0.5837894294962345,0.5811514511294339,0.5822636437165579
wta:213550,wta:203501,2025-06-30,2025,2025,grass,Wimbledon,R128,7-6(5) 6-2,64,44,73,40,86,WTA-2025-540-160,2025-540,3,0.6817261641742757,0.566585291425084,0.6241557277996799,0.6242930921783955,0.6222637534328809
wta:222601,wta:230870,2025-06-30,2025,2025,grass,Wimbledon,R128,6-3 3-2 RET,47,33,46,27,86,WTA-2025-540-161,2025-540,3,0.6811174648947514,0.5740921574610924,0.627604811177922,0.6238545432436966,0.6250109753524719
wta:220435,wta:201458,2025-06-30,2025,2025,grass,Wimbledon,R128,6-2 2-6 6-1,73,43,87,43,86,WTA-2025-540-162,2025-540,3,0.2097169492532808,0.3714678059200488,0.2905923775866648,0.2922623516584289,0.292789509109399
wta:215035,wta:221103,2025-06-30,2025,2025,grass,Wimbledon,R128,7-6(3) 6-1,58,38,58,32,86,WTA-2025-540-163,2025-540,3,0.06494378023610153,0.2717424473603906,0.16834311379824607,0.1445432887245249,0.16693939088094364
wta:214544,wta:210722,2025-06-30,2025,2025,grass,Wimbledon,R16,6-4 7-6(4),62,41,72,42,86,WTA-2025-540-212,2025-540,3,0.8561787361439369,0.6448275862068965,0.7505031611754167,0.7666108191731964,0.7530054498540862
wta:201696,wta:221333,2025-06-30,2025,2025,grass,Wimbledon,R16,6-3 6-2,56,37,51,27,86,WTA-2025-540-213,2025-540,3,0.93889085014139,0.7989319499542265,0.8689114000478082,0.8607290464220937,0.8671414885433835
wta:216153,wta:222328,2025-06-30,2025,2025,grass,Wimbledon,R16,6-2 5-7 6-4,92,58,97,56,86,WTA-2025-540-214,2025-540,3,0.5255880661487213,0.5183094293561185,0.5219487477524198,0.5170669933917441,0.5171577804042355
wta:201499,wta:222661,2025-06-30,2025,2025,grass,Wimbledon,R16,7-6(3) 6-4,82,46,90,47,86,WTA-2025-540-215,2025-540,3,0.5686107768956353,0.5249618553555081,0.5467863161255717,0.5459012963106851,0.5437957759974057
wta:259799,wta:215613,2025-06-30,2025,2025,grass,Wimbledon,R16,6-2 6-3,54,32,54,23,86,WTA-2025-540-216,2025-540,3,0.5657981459429947,0.5178822093378089,0.5418401776404018,0.544007143983554,0.5375069460261205
wta:202505,wta:206420,2025-06-30,2025,2025,grass,Wimbledon,R16,7-6(4) 6-4,92,54,71,38,86,WTA-2025-540-217,2025-540,3,0.49095829259953494,0.4932865425694232,0.49212241758447905,0.4939718299878304,0.4919088075753244
wta:216347,wta:220704,2025-06-30,2025,2025,grass,Wimbledon,R16,6-4 6-1,40,29,43,21,86,WTA-2025-540-218,2025-540,3,0.8298972191213239,0.6395178516936222,0.734707535407473,0.7420401389793735,0.7356230068752789
wta:214643,wta:222601,2025-06-30,2025,2025,grass,Wimbledon,R16,7-5 7-5,73,46,79,45,86,WTA-2025-540-219,2025-540,3,0.6500294351168656,0.5596277082697589,0.6048285716933123,0.6017540586914152,0.6012887486844627
wta:214544,wta:221054,2025-06-30,2025,2025,grass,Wimbledon,R32,7-6(6) 6-4,78,47,85,47,86,WTA-2025-540-196,2025-540,3,0.8092814897933732,0.6256637168141593,0.7174726033037663,0.7238351070004568,0.7142379374508521
wta:210722,wta:202494,2025-06-30,2025,2025,grass,Wimbledon,R32,6-1 7-6(4),70,45,69,36,86,WTA-2025-540-197,2025-540,3,0.3185059480656475,0.4425083918217882,0.38050716994371786,0.37587416612481905,0.38029355993456315
wta:221333,wta:213710,2025-06-30,2025,2025,grass,Wimbledon,R32,7-5 1-6 6-1,98,53,86,45,86,WTA-2025-540-198,2025-540,3,0.06837966532687993,0.2090631675312786,0.13872141642907926,0.14915635655342685,0.13533417199819736
wta:201696,wta:201619,2025-06-30,2025,2025,grass,Wimbledon,R32,6-3 6-3,62,37,64,30,86,WTA-2025-540-199,2025-540,3,0.06102681660565674,0.26624961855355506,0.1636382175796059,0.13915624038101404,0.16409595331350887
wta:222328,wta:215872,2025-06-30,2025,2025,grass,Wimbledon,R32,7-6(6) 7-5,69,44,90,49,86,WTA-2025-540-200,2025-540,3,0.7177795280878313,0.5861763808361307,0.651977954461981,0.6507450845791668,0.6488958671870344
wta:216153,wta:213646,2025-06-30,2025,2025,grass,Wimbledon,R32,6-3 5-7 6-3,96,60,107,59,86,WTA-2025-540-201,2025-540,3,0.6832493159636422,0.5624961855355508,0.6228727507495966,0.6253915445752296,0.6261989637492913
wta:222661,wta:220348,2025-06-30,2025,2025,grass,Wimbledon,R32,6-4 6-2,51,36,59,31,86,WTA-2025-540-202,2025-540,3,0.46307319884376424,0.4866951480012206,0.47488417342249245,0.4753572094602116,0.47546397201876955
wta:201499,wta:211768,2025-06-30,2025,2025,grass,Wimbledon,R32,3-6 6-4 6-4,87,52,93,52,86,WTA-2025-540-203,2025-540,3,0.36873820858468104,0.4558132438205676,0.4122757262026243,0.41134149108903423,0.40891899748733596
wta:259799,wta:221024,2025-06-30,2025,2025,grass,Wimbledon,R32,6-1 6-3,68,42,48,20,86,WTA-2025-540-204,2025-540,3,0.7847798560091247,0.6229783338419286,0.7038790949255267,0.7031815716854076,0.7009190705129542
wta:215613,wta:206252,2025-06-30,2025,2025,grass,Wimbledon,R32,2-6 6-3 6-4,113,61,69,35,86,WTA-2025-540-205,2025-540,3,0.6062714398849927,0.5339334757400062,0.5701024578124994,0.5714519116046285,0.5706517406931829
wta:206420,wta:220309,2025-06-30,2025,2025,grass,Wimbledon,R32,6-3 7-6(1),67,44,69,36,86,WTA-2025-540-206,2025-540,3,0.9483610740391782,0.7573695453158377,0.852865309677508,0.8743857966516622,0.8512174610354573
wta:202505,wta:220714,2025-06-30,2025,2025,grass,Wimbledon,R32,6-4 3-6 7-6(7),106,68,112,73,86,WTA-2025-540-207,2025-540,3,0.842524730658613,0.647207812023192,0.7448662713409024,0.7536342084419088,0.7419977940751106
wta:216347,wta:203389,2025-06-30,2025,2025,grass,Wimbledon,R32,6-2 6-3,48,35,55,29,86,WTA-2025-540-208,2025-540,3,0.7918723268350116,0.6068660360085444,0.699369181421778,0.709061903041188,0.7044958216414912
wta:220704,wta:214981,2025-06-30,2025,2025,grass,Wimbledon,R32,7-6(6) 6-3,81,54,88,52,86,WTA-2025-540-209,2025-540,3,0.13003799710973374,0.32740311260299054,0.22872055485636214,0.21975719274095804,0.22731683193905972
wta:214643,wta:214082,2025-06-30,2025,2025,grass,Wimbledon,R32,6-2 6-3,69,41,39,16,86,WTA-2025-540-210,2025-540,3,0.3144177580849588,0.433353677143729,0.3738857176143439,0.372923021847108,0.3762659434306393
wta:222601,wta:215035,2025-06-30,2025,2025,grass,Wimbledon,R32,6-1 2-6 6-3,67,42,77,43,86,WTA-2025-540-211,2025-540,3,0.46577529542100654,0.49188281965212083,0.4788290575365637,0.4771636942558026,0.478157711793506
wta:214544,wta:213631,2025-06-30,2025,2025,grass,Wimbledon,R64,7-6(4) 6-4,57,45,75,46,86,WTA-2025-540-164,2025-540,3,0.9030358756276229,0.6918828196521208,0.7974593476398719,0.8157198993461386,0.7930345688788099
wta:221054,wta:214954,2025-06-30,2025,2025,grass,Wimbledon,R64,6-3 6-3,53,36,73,37,86,WTA-2025-540-165,2025-540,3,0.5504903792434598,0.5140982606042112,0.5322943199238355,0.5337240905509604,0.5362308472354009
wta:210722,wta:215983,2025-06-30,2025,2025,grass,Wimbledon,R64,6-7(5) 6-1 6-2,81,55,100,51,86,WTA-2025-540-166,2025-540,3,0.7345693783194681,0.5927067439731462,0.6636380611463071,0.6634307680162616,0.6571687294404787
wta:202494,wta:205925,2025-06-30,2025,2025,grass,Wimbledon,R64,6-2 6-4,45,25,69,29,86,WTA-2025-540-167,2025-540,3,0.9117721859765363,0.6955447055233446,0.8036584457499405,0.825919373945782,0.8039636029058757
wta:221333,wta:211107,2025-06-30,2025,2025,grass,Wimbledon,R64,6-7(7) 6-2 6-1,85,51,90,42,86,WTA-2025-540-168,2025-540,3,0.02233745145289992,0.12386328959414099,0.07310037052352045,0.07451851047806184,0.07300882337673986
wta:213710,wta:202499,2025-06-30,2025,2025,grass,Wimbledon,R64,6-1 6-3,51,34,53,26,86,WTA-2025-540-169,2025-540,3,0.16437517050373243,0.36176380836130606,0.26306948943251923,0.25274623668361956,0.26477836950575695
wta:201696,wta:220367,2025-06-30,2025,2025,grass,Wimbledon,R64,6-2 6-3,57,37,55,28,86,WTA-2025-540-170,2025-540,3,0.19496302177490543,0.3753127860848337,0.2851379039298696,0.2798137742330382,0.28941010411296386
wta:201619,wta:215337,2025-06-30,2025,2025,grass,Wimbledon,R64,6-4 6-2,60,39,67,35,86,WTA-2025-540-171,2025-540,3,0.9040036086236355,0.7060421116875191,0.8050228601555773,0.8168298288401687,0.8009337542660442
wta:215872,wta:211148,2025-06-30,2025,2025,grass,Wimbledon,R64,4-6 6-4 6-4,103,65,93,57,86,WTA-2025-540-172,2025-540,3,0.1571238165452423,0.34632285627097953,0.2517233364081109,0.24603775560518226,0.252303135004388
wta:222328,wta:220332,2025-06-30,2025,2025,grass,Wimbledon,R64,6-2 2-6 6-3,76,41,81,38,86,WTA-2025-540-173,2025-540,3,0.7708362544845242,0.6177906621910284,0.6943134583377764,0.6918308746154387,0.6890952709712825
wta:213646,wta:206242,2025-06-30,2025,2025,grass,Wimbledon,R64,7-6(7) 6-1,87,54,59,31,86,WTA-2025-540-174,2025-540,3,0.3567603218194083,0.44751296917912725,0.40213664549926775,0.40300282475843197,0.40256386551757717
wta:216153,wta:213887,2025-06-30,2025,2025,grass,Wimbledon,R64,6-4 6-3,69,43,66,35,86,WTA-2025-540-175,2025-540,3,0.7826470708619827,0.6159597192554166,0.6993033950586997,0.7014278184772811,0.7002188665265056
wta:220348,wta:223670,2025-06-30,2025,2025,grass,Wimbledon,R64,6-4 6-1,56,37,50,24,86,WTA-2025-540-176,2025-540,3,0.28977109893025793,0.4241379310344828,0.35695451498237035,0.3548783128784001,0.3548794463220103
wta:222661,wta:202600,2025-06-30,2025,2025,grass,Wimbledon,R64,6-2 6-2,48,32,46,21,86,WTA-2025-540-177,2025-540,3,0.6005663015079877,0.5299054012816601,0.5652358513948239,0.5675552438430291,0.5674634986331517
wta:201499,wta:221909,2025-06-30,2025,2025,grass,Wimbledon,R64,7-6(4) 6-4,70,45,83,45,86,WTA-2025-540-178,2025-540,3,0.4030682487197461,0.4657003356728715,0.4343842921963088,0.43492178978101115,0.43471996506783767
wta:211768,wta:211701,2025-06-30,2025,2025,grass,Wimbledon,R64,6-3 6-2,52,36,64,32,86,WTA-2025-540-179,2025-540,3,0.5544812099870696,0.5163564235581325,0.5354188167726011,0.5364010670671875,0.5321536352040932
wta:259799,wta:214459,2025-06-30,2025,2025,grass,Wimbledon,R64,6-1 7-6(4),62,43,65,34,86,WTA-2025-540-180,2025-540,3,0.8644764504201894,0.6591089411046689,0.7617926957624291,0.7747481840106696,0.7609992871569973
wta:221024,wta:239475,2025-06-30,2025,2025,grass,Wimbledon,R64,7-6(6) 6-3,78,49,75,42,86,WTA-2025-540-181,2025-540,3,0.6517078221017882,0.5629844369850473,0.6073461295434177,0.6029334861231114,0.6095127453505584
wta:206252,wta:214452,2025-06-30,2025,2025,grass,Wimbledon,R64,6-4 3-6 6-2,66,46,86,49,86,WTA-2025-540-182,2025-540,3,0.8240767219125537,0.6357949343912115,0.7299358281518826,0.7368145088051637,0.7308818153352821
wta:215613,wta:206368,2025-06-30,2025,2025,grass,Wimbledon,R64,6-1 6-2,61,39,45,18,86,WTA-2025-540-183,2025-540,3,0.7436481355902035,0.5844064693317058,0.6640273024609546,0.6704036663865741,0.6655530882406312
wta:220309,wta:216133,2025-06-30,2025,2025,grass,Wimbledon,R64,7-5 7-5,77,45,82,44,86,WTA-2025-540-184,2025-540,3,0.4152160088537382,0.4763808361306073,0.4457984224921727,0.4431726601596198,0.44292994522638085
wta:206420,wta:215480,2025-06-30,2025,2025,grass,Wimbledon,R64,6-4 6-0,43,31,41,17,86,WTA-2025-540-185,2025-540,3,0.876554409446701,0.6732682331400671,0.774911321293384,0.7869769953725335,0.7786647543113884
wta:202505,wta:221039,2025-06-30,2025,2025,grass,Wimbledon,R64,4-6 6-1 6-2,74,46,87,44,86,WTA-2025-540-186,2025-540,3,0.9621920884970625,0.7941714983216357,0.8781817934093491,0.8963951466077873,0.8786700448588456
wta:220714,wta:220465,2025-06-30,2025,2025,grass,Wimbledon,R64,6-0 6-4,54,34,46,19,86,WTA-2025-540-187,2025-540,3,0.5989066621290978,0.5310039670430272,0.5649553145860625,0.566423652194259,0.5665726475125197
wta:216347,wta:216083,2025-06-30,2025,2025,grass,Wimbledon,R64,5-7 6-2 6-1,96,62,89,49,86,WTA-2025-540-188,2025-540,3,0.9390473719377608,0.7410131217577052,0.840030246847733,0.8609471809949384,0.8389621968019594
wta:203389,wta:220662,2025-06-30,2025,2025,grass,Wimbledon,R64,6-4 6-1,41,36,44,24,86,WTA-2025-540-189,2025-540,3,0.844058453601039,0.689990845285322,0.7670246494431805,0.7550679667022109,0.7651937065075687
wta:220704,wta:214939,2025-06-30,2025,2025,grass,Wimbledon,R64,6-3 7-6(10),66,43,77,46,86,WTA-2025-540-190,2025-540,3,0.4365670118395163,0.47027769301190114,0.4534223524257087,0.45758443337560867,0.46065457702137547
wta:214981,wta:206289,2025-06-30,2025,2025,grass,Wimbledon,R64,6-3 6-1,47,32,48,21,86,WTA-2025-540-191,2025-540,3,0.8377386484997505,0.6424473603906011,0.7400930044451759,0.7491965699022508,0.7374381371885387
wta:214082,wta:201593,2025-06-30,2025,2025,grass,Wimbledon,R64,6-2 4-6 6-1,73,44,92,40,86,WTA-2025-540-192,2025-540,3,0.9430704972993624,0.7383277387854745,0.8406991180424185,0.8666377031156266,0.8416145895102244
wta:214643,wta:263857,2025-06-30,2025,2025,grass,Wimbledon,R64,6-2 6-1,37,28,59,27,86,WTA-2025-540-193,2025-540,3,0.6406434112599657,0.5534025022886787,0.5970229567743222,0.5951841421071209,0.5983046168292505
wta:222601,wta:213550,2025-06-30,2025,2025,grass,Wimbledon,R64,6-1 7-6(4),74,47,70,39,86,WTA-2025-540-194,2025-540,3,0.31566730045268515,0.43268233140067136,0.37417481592667823,0.37382621362520907,0.37377811162396235
wta:215035,wta:220435,2025-06-30,2025,2025,grass,Wimbledon,R64,5-7 7-5 7-6(8),111,71,121,71,86,WTA-2025-540-195,2025-540,3,0.7723266615350733,0.6155324992371071,0.6939295803860902,0.6930315350702868,0.6902676945148665
wta:216153,wta:214544,2025-06-30,2025,2025,grass,Wimbledon,SF,6-4 4-6 6-4,108,65,106,63,86,WTA-2025-540-224,2025-540,3,0.12937471599661812,0.33143118706133656,0.23040295152897733,0.21908626469464634,0.23333246022595627
wta:216347,wta:202505,2025-06-30,2025,2025,grass,Wimbledon,SF,6-2 6-0,44,31,43,19,86,WTA-2025-540-225,2025-540,3,0.5314851008942728,0.5087885260909368,0.5201368134926048,0.5210055062337721,0.519740109189889
wta:222391,wta:214388,2025-07-14,2025,2025,clay,Hamburg,F,7-5 6-3,79,44,59,27,87,WTA-2025-2042-300,2025-2042,3,0.8794743452390796,0.6759536161122979,0.7777139806756888,0.7900081443657693,0.77789707496925
wta:215035,wta:213646,2025-07-14,2025,2025,clay,Hamburg,QF,7-6(1) 3-6 6-2,100,54,100,51,87,WTA-2025-2042-294,2025-2042,3,0.7143941172243321,0.5759841318278913,0.6451891245261117,0.6482178290978189,0.6475998660580007
wta:222391,wta:202600,2025-07-14,2025,2025,clay,Hamburg,QF,6-3 6-3,46,30,51,25,87,WTA-2025-2042-295,2025-2042,3,0.9491195885234845,0.7476655477570949,0.8483925681402897,0.8755234436654414,0.85565530845155
wta:215219,wta:220742,2025-07-14,2025,2025,clay,Hamburg,QF,6-4 6-7(5) 6-4,104,63,98,56,87,WTA-2025-2042-296,2025-2042,3,0.6219086855170184,0.5538297223069881,0.5878692039120033,0.5821903937573875,0.5819186393712648
wta:214388,wta:206420,2025-07-14,2025,2025,clay,Hamburg,QF,6-7(1) 6-3 7-6(4),113,64,115,63,87,WTA-2025-2042-297,2025-2042,3,0.11723240648404507,0.3316142813548978,0.22442334391947144,0.20653562179562454,0.22536933110287088
wta:215035,wta:220348,2025-07-14,2025,2025,clay,Hamburg,R16,6-1 6-4,56,37,48,24,87,WTA-2025-2042-286,2025-2042,3,0.6656583730300847,0.5548062252059811,0.6102322991180329,0.6127948408940364,0.6098661105309104
wta:213646,wta:221768,2025-07-14,2025,2025,clay,Hamburg,R16,1-6 6-3 6-2,65,43,76,46,87,WTA-2025-2042-287,2025-2042,3,0.6804581116800575,0.5786695148001221,0.6295638132400898,0.6233797729255881,0.6309980518729857
wta:202600,wta:206292,2025-07-14,2025,2025,clay,Hamburg,R16,6-1 6-1,44,30,55,25,87,WTA-2025-2042-288,2025-2042,3,0.27516969397584945,0.41266402197131524,0.34391685797358235,0.34395924727015015,0.3469684295329354
wta:222391,wta:211337,2025-07-14,2025,2025,clay,Hamburg,R16,6-4 6-7(3) 6-4,115,62,101,52,87,WTA-2025-2042-289,2025-2042,3,0.9236560446122897,0.7199572779981691,0.8218066613052294,0.8405144199715758,0.8216540827272617
wta:215219,wta:211635,2025-07-14,2025,2025,clay,Hamburg,R16,4-6 6-4 6-1,81,47,94,44,87,WTA-2025-2042-290,2025-2042,3,0.7639969909604334,0.6115044247787611,0.6877507078695972,0.6863577949758252,0.6836310862644706
wta:220742,wta:201551,2025-07-14,2025,2025,clay,Hamburg,R16,6-2 6-2,46,31,43,18,87,WTA-2025-2042-291,2025-2042,3,0.422579757927522,0.46850778150747635,0.4455437697174992,0.4481549940292017,0.44548273828631213
wta:214388,wta:221257,2025-07-14,2025,2025,clay,Hamburg,R16,6-3 6-2,59,41,54,29,87,WTA-2025-2042-292,2025-2042,3,0.7871851605479804,0.6279829111992676,0.7075840358736241,0.7051673694580994,0.7087741487817717
wta:206420,wta:211344,2025-07-14,2025,2025,clay,Hamburg,R16,6-2 6-2,46,29,46,17,87,WTA-2025-2042-293,2025-2042,3,0.9674358858708062,0.8055843759536161,0.8865101309122112,0.905591639731837,0.8842519679582899
wta:215035,wta:215898,2025-07-14,2025,2025,clay,Hamburg,R32,6-4 6-3,77,37,63,25,87,WTA-2025-2042-270,2025-2042,3,0.7756454786424748,0.6016173329264571,0.688631405784466,0.6957157163465495,0.6875023243075054
wta:220348,wta:223087,2025-07-14,2025,2025,clay,Hamburg,R32,7-6(9) 3-6 7-5,120,67,143,79,87,WTA-2025-2042-271,2025-2042,3,0.9601061811028117,0.8241379310344827,0.8921220560686471,0.892884383579838,0.8914812260411831
wta:213646,wta:202434,2025-07-14,2025,2025,clay,Hamburg,R32,6-4 6-1,53,36,62,28,87,WTA-2025-2042-272,2025-2042,3,0.6178031459997216,0.5396704302715899,0.5787367881356558,0.5793622818124996,0.5800489639061776
wta:221768,wta:220416,2025-07-14,2025,2025,clay,Hamburg,R32,7-5 6-3,85,45,78,36,87,WTA-2025-2042-273,2025-2042,3,0.3532745134355964,0.447268843454379,0.4002716784449877,0.4005635172196017,0.3942295667574686
wta:202600,wta:213583,2025-07-14,2025,2025,clay,Hamburg,R32,6-3 7-6(5),64,41,84,46,87,WTA-2025-2042-274,2025-2042,3,0.40564127396325117,0.46533414708574916,0.4354877105245002,0.43667293807847535,0.44040074073505864
wta:206292,wta:231639,2025-07-14,2025,2025,clay,Hamburg,R32,7-6(4) 3-6 6-2,114,64,93,50,87,WTA-2025-2042-275,2025-2042,3,0.8101625951578358,0.6413487946292341,0.725755694893535,0.7245965719323908,0.7260913677650638
wta:211337,wta:213779,2025-07-14,2025,2025,clay,Hamburg,R32,6-4 6-3,62,37,69,32,87,WTA-2025-2042-276,2025-2042,3,0.7664915483339227,0.6157155935306683,0.6911035709322955,0.6883471969523418,0.6893641751434643
wta:222391,wta:211814,2025-07-14,2025,2025,clay,Hamburg,R32,6-1 6-3,52,33,65,31,87,WTA-2025-2042-277,2025-2042,3,0.9154404591059401,0.71391516631065,0.814677812708295,0.8303297798677284,0.8158984413320363
wta:211635,wta:210886,2025-07-14,2025,2025,clay,Hamburg,R32,4-6 7-5 3-0 RET,107,57,102,50,87,WTA-2025-2042-278,2025-2042,3,0.22352909073397717,0.39038754958803784,0.3069583201610075,0.30361439570418297,0.30305230856503557
wta:215219,wta:221237,2025-07-14,2025,2025,clay,Hamburg,R32,7-6(4) 6-1,70,39,77,37,87,WTA-2025-2042-279,2025-2042,3,0.5304914191644632,0.5147696063472689,0.522630512755866,0.5203416341545072,0.5210742112605959
wta:201551,wta:216367,2025-07-14,2025,2025,clay,Hamburg,R32,6-2 6-1,39,26,48,18,87,WTA-2025-2042-280,2025-2042,3,0.7155706619048467,0.5903265181568508,0.6529485900308487,0.6490950261506183,0.651697445691514
wta:220742,wta:213849,2025-07-14,2025,2025,clay,Hamburg,R32,6-1 6-1,41,26,40,10,87,WTA-2025-2042-281,2025-2042,3,0.7396925484551125,0.6240158681721086,0.6818542083136105,0.6673552607713326,0.6797486239376569
wta:214388,wta:223333,2025-07-14,2025,2025,clay,Hamburg,R32,6-4 3-6 7-6(3),105,61,114,66,87,WTA-2025-2042-282,2025-2042,3,0.581491353065137,0.5285627097955448,0.5550270314303409,0.554597856338376,0.5568579743659527
wta:221257,wta:214507,2025-07-14,2025,2025,clay,Hamburg,R32,4-6 7-5 6-4,97,57,109,57,87,WTA-2025-2042-283,2025-2042,3,0.6658850584570182,0.5920353982300885,0.6289602283435534,0.6129559747372321,0.6246269967292719
wta:211344,wta:260296,2025-07-14,2025,2025,clay,Hamburg,R32,7-6(4) 6-2,70,44,67,39,87,WTA-2025-2042-284,2025-2042,3,0.49871402790362496,0.5026853829722308,0.5006997054379279,0.49914268421888613,0.49896030964909655
wta:206420,wta:220770,2025-07-14,2025,2025,clay,Hamburg,R32,6-0 6-3,38,32,51,23,87,WTA-2025-2042-285,2025-2042,3,0.9401356542846079,0.7761672261214525,0.8581514402030301,0.862470446333551,0.8588838173772749
wta:222391,wta:215035,2025-07-14,2025,2025,clay,Hamburg,SF,6-1 7-6(5),68,45,63,34,87,WTA-2025-2042-298,2025-2042,3,0.7253580731997532,0.5755569118095819,0.6504574925046676,0.6564389432980323,0.6535090640640207
wta:214388,wta:215219,2025-07-14,2025,2025,clay,Hamburg,SF,5-7 6-3 6-4,96,58,80,50,87,WTA-2025-2042-299,2025-2042,3,0.5454319492916473,0.5126335062557217,0.5290327277736845,0.5303344366999303,0.5353189651859518
wta:201593,wta:213525,2025-07-14,2025,2025,clay,Iasi,F,6-0 7-5,54,36,56,26,87,WTA-2025-2063-300,2025-2063,3,0.5223003827822902,0.5140982606042112,0.5181993216932507,0.514872403071165,0.5161242530328907
wta:211713,wta:215910,2025-07-14,2025,2025,clay,Iasi,QF,6-3 6-4,55,38,61,31,87,WTA-2025-2063-294,2025-2063,3,0.9266023056578617,0.7212999694842844,0.8239511375710731,0.8442795558718394,0.8272773505707679
wta:201593,wta:216074,2025-07-14,2025,2025,clay,Iasi,QF,6-2 3-6 7-5,96,50,89,42,87,WTA-2025-2063-295,2025-2063,3,0.6733888451591172,0.5841623436069576,0.6287755943830374,0.61830698289774,0.6282263115023539
wta:213525,wta:215899,2025-07-14,2025,2025,clay,Iasi,QF,5-7 6-1 7-5,93,54,113,59,87,WTA-2025-2063-296,2025-2063,3,0.49082141109940836,0.49566676838571866,0.4932440897425635,0.4938805588198625,0.4956548312744524
wta:201514,wta:214604,2025-07-14,2025,2025,clay,Iasi,QF,6-1 6-4,53,37,53,27,87,WTA-2025-2063-297,2025-2063,3,0.7441449425029575,0.5920353982300885,0.668090170366523,0.6707876905014327,0.6655268502566665
wta:211713,wta:213544,2025-07-14,2025,2025,clay,Iasi,R16,4-1 RET,16,9,16,5,87,WTA-2025-2063-286,2025-2063,3,0.8163667935778143,0.6322551113823619,0.7243109524800881,0.7299986292970349,0.7235175438746563
wta:215910,wta:215936,2025-07-14,2025,2025,clay,Iasi,R16,6-4 6-3,64,40,70,37,87,WTA-2025-2063-287,2025-2063,3,0.19566549272855457,0.36463228562709793,0.28014888917782627,0.2804146377735489,0.28005734203104565
wta:216074,wta:215983,2025-07-14,2025,2025,clay,Iasi,R16,6-3 6-3,75,42,58,25,87,WTA-2025-2063-288,2025-2063,3,0.2039477040590623,0.34473603906011596,0.2743418715595891,0.2874364075971421,0.27614229877960744
wta:201593,wta:223286,2025-07-14,2025,2025,clay,Iasi,R16,3-6 6-3 6-3,85,48,90,46,87,WTA-2025-2063-289,2025-2063,3,0.8772325182046498,0.6796765334147086,0.7784545258096791,0.7876782042532293,0.7766235828740673
wta:213525,wta:216081,2025-07-14,2025,2025,clay,Iasi,R16,7-6(5) 6-2,72,41,72,33,87,WTA-2025-2063-290,2025-2063,3,0.6922548234566049,0.5817821177906622,0.6370184706236336,0.6319181843702757,0.6325326604313846
wta:215899,wta:213706,2025-07-14,2025,2025,clay,Iasi,R16,6-4 7-6(2),67,34,98,45,87,WTA-2025-2063-291,2025-2063,3,0.8455868786179817,0.6774183704607873,0.7615026245393846,0.7565025683513851,0.7658358561536658
wta:201514,wta:219875,2025-07-14,2025,2025,clay,Iasi,R16,6-2 6-4,48,35,57,30,87,WTA-2025-2063-292,2025-2063,3,0.6767442269794754,0.5578577967653342,0.6173010118724048,0.6207108115931811,0.6153480060744189
wta:214604,wta:220589,2025-07-14,2025,2025,clay,Iasi,R16,7-6(4) 6-2,87,46,99,47,87,WTA-2025-2063-293,2025-2063,3,0.3006116025282796,0.4295697284101312,0.36509066546920543,0.3628709939425047,0.3678065641570296
wta:211713,wta:211809,2025-07-14,2025,2025,clay,Iasi,R32,6-1 6-4,63,40,55,25,87,WTA-2025-2063-270,2025-2063,3,0.8868773044598226,0.6957277998169057,0.7913025521383641,0.7978357736929446,0.7927673064868537
wta:213544,wta:220662,2025-07-14,2025,2025,clay,Iasi,R32,7-6(6) 6-2,90,52,73,38,87,WTA-2025-2063-271,2025-2063,3,0.5613531835644735,0.5237412267317668,0.5425472051481202,0.541016901217423,0.5420894694142172
wta:215910,wta:221191,2025-07-14,2025,2025,clay,Iasi,R32,6-3 2-6 7-5,75,43,104,56,87,WTA-2025-2063-272,2025-2063,3,0.8436892181263158,0.6961550198352151,0.7699221189807655,0.754722268083798,0.7715699676228162
wta:215936,wta:214189,2025-07-14,2025,2025,clay,Iasi,R32,6-3 6-2,53,37,47,24,87,WTA-2025-2063-273,2025-2063,3,0.745504170925517,0.6003967043027159,0.6729504376141164,0.6718396910352785,0.6753611791460055
wta:215983,wta:215571,2025-07-14,2025,2025,clay,Iasi,R32,3-6 6-2 6-2,82,46,77,38,87,WTA-2025-2063-274,2025-2063,3,0.8757100122273506,0.6887091852303937,0.7822095987288722,0.7861061049446342,0.7808669072427568
wta:216074,wta:203514,2025-07-14,2025,2025,clay,Iasi,R32,6-4 4-6 7-6(2),107,62,96,56,87,WTA-2025-2063-275,2025-2063,3,0.2675096691537886,0.3821483063777846,0.3248289877657866,0.33815441816507796,0.32229618337152355
wta:223286,wta:267428,2025-07-14,2025,2025,clay,Iasi,R32,6-2 7-5,57,34,65,31,87,WTA-2025-2063-276,2025-2063,3,0.3457127247818565,0.43518462007934083,0.39044867243059866,0.3952510599019469,0.38901443379770273
wta:201593,wta:211702,2025-07-14,2025,2025,clay,Iasi,R32,6-1 6-2,49,33,42,18,87,WTA-2025-2063-277,2025-2063,3,0.7674267373100159,0.6003356728715289,0.6838812050907723,0.689095017149149,0.679486942045304
wta:213525,wta:214480,2025-07-14,2025,2025,clay,Iasi,R32,1-6 7-6(2) 6-1,81,45,90,48,87,WTA-2025-2063-278,2025-2063,3,0.6388049244946172,0.5509002136100092,0.5948525690523132,0.5939021958950882,0.5986060020703174
wta:216081,wta:213576,2025-07-14,2025,2025,clay,Iasi,R32,4-6 6-4 6-2,87,58,96,55,87,WTA-2025-2063-279,2025-2063,3,0.509801411450021,0.5018309429356118,0.5058161771928165,0.5065347393624983,0.5092949687704789
wta:215899,wta:201545,2025-07-14,2025,2025,clay,Iasi,R32,6-3 6-3,57,35,59,28,87,WTA-2025-2063-280,2025-2063,3,0.42316345164185215,0.47149832163564237,0.44733088663874726,0.44854935507879934,0.4481548109597726
wta:213706,wta:203463,2025-07-14,2025,2025,clay,Iasi,R32,5-7 7-5 4-1 RET,98,58,103,57,87,WTA-2025-2063-281,2025-2063,3,0.4201912999600071,0.4647238327738785,0.4424575663669428,0.44654043040994906,0.44389180499983877
wta:219875,wta:202536,2025-07-14,2025,2025,clay,Iasi,R32,7-5 6-2,55,36,53,28,87,WTA-2025-2063-282,2025-2063,3,0.30903166925916004,0.43774794018919744,0.3733898047241787,0.36901763342115484,0.3702161703024516
wta:201514,wta:202596,2025-07-14,2025,2025,clay,Iasi,R32,6-2 6-2,39,29,42,16,87,WTA-2025-2063-283,2025-2063,3,0.7827186546402969,0.6297528227036924,0.7062357386719946,0.7014865743582472,0.7041606700116345
wta:214604,wta:206255,2025-07-14,2025,2025,clay,Iasi,R32,2-6 6-2 6-2,73,38,91,42,87,WTA-2025-2063-284,2025-2063,3,0.6020187224415838,0.5369240158681721,0.569471369154878,0.5685462609046754,0.5677319733660467
wta:220589,wta:214653,2025-07-14,2025,2025,clay,Iasi,R32,6-3 6-3,72,43,60,29,87,WTA-2025-2063-285,2025-2063,3,0.8416927168304555,0.7047604516325908,0.7732265842315231,0.7528588295423896,0.7749049485891674
wta:201593,wta:211713,2025-07-14,2025,2025,clay,Iasi,SF,6-4 6-4,70,42,71,38,87,WTA-2025-2063-298,2025-2063,3,0.28926753616276585,0.4322551113823619,0.36076132377256387,0.35450476113133683,0.36173782667155685
wta:213525,wta:201514,2025-07-14,2025,2025,clay,Iasi,SF,6-4 6-3,69,40,62,31,87,WTA-2025-2063-299,2025-2063,3,0.33488815100944114,0.4441562404638389,0.38952219573664004,0.3875935205004742,0.3898273528925753
wta:220367,wta:214939,2025-07-21,2025,2025,hard,Washington,F,6-1 6-2,56,38,38,18,87,WTA-2025-1045-300,2025-1045,3,0.3526681116134594,0.45459261519682637,0.4036303634051429,0.40013856080788357,0.4027454076529305
wta:221054,wta:206289,2025-07-21,2025,2025,hard,Washington,QF,6-4 7-5,78,47,88,46,87,WTA-2025-1045-294,2025-1045,3,0.7104353685253861,0.5682331400671345,0.6393342542962603,0.6452748231946215,0.6380220785257386
wta:214939,wta:220704,2025-07-21,2025,2025,hard,Washington,QF,6-3 7-5,61,37,74,36,87,WTA-2025-1045-295,2025-1045,3,0.392205530098786,0.46801953005797986,0.4301125300783829,0.42750602112304503,0.43050923438109884
wta:214981,wta:211684,2025-07-21,2025,2025,hard,Washington,QF,6-3 6-3,56,41,60,33,87,WTA-2025-1045-296,2025-1045,3,0.9151040969149281,0.6964601769911505,0.8057821369530394,0.8299220133495752,0.8056295583750717
wta:220367,wta:203501,2025-07-21,2025,2025,hard,Washington,QF,6-4 7-6(4),70,42,101,54,87,WTA-2025-1045-297,2025-1045,3,0.5502955456598809,0.5137320720170888,0.5320138088384849,0.5335934632197554,0.5305490544899953
wta:206289,wta:215613,2025-07-21,2025,2025,hard,Washington,R16,7-5 7-6(1),85,60,77,51,87,WTA-2025-1045-286,2025-1045,3,0.38029675418644815,0.46228257552639607,0.4212896648564221,0.41932963753420105,0.42055728768217737
wta:221054,wta:211768,2025-07-21,2025,2025,hard,Washington,R16,6-4 6-2,57,40,52,30,87,WTA-2025-1045-287,2025-1045,3,0.42638988123321325,0.4772963075984132,0.4518430944158132,0.4507277985656129,0.44918822715917606
wta:220704,wta:214452,2025-07-21,2025,2025,hard,Washington,R16,3-6 7-5 6-4,124,71,118,66,87,WTA-2025-1045-288,2025-1045,3,0.7826147218107667,0.5975892584681111,0.690101990139439,0.7014012688210423,0.6915057130567412
wta:214939,wta:202663,2025-07-21,2025,2025,hard,Washington,R16,6-4 6-0,43,33,66,34,87,WTA-2025-1045-289,2025-1045,3,0.6016851518773648,0.5276472383277387,0.5646661951025518,0.5683185992690523,0.5639948493594942
wta:211684,wta:200748,2025-07-21,2025,2025,hard,Washington,R16,6-2 6-2,45,32,43,17,87,WTA-2025-1045-290,2025-1045,3,0.7119133308622325,0.5798901434238632,0.6459017371430479,0.6463720447829198,0.6464510200237314
wta:214981,wta:239475,2025-07-21,2025,2025,hard,Washington,R16,6-3 7-5,59,37,73,39,87,WTA-2025-1045-291,2025-1045,3,0.8864574466854953,0.680103753433018,0.7832806000592567,0.7973861246405168,0.7851725744260556
wta:203501,wta:213550,2025-07-21,2025,2025,hard,Washington,R16,6-3 6-0,43,32,43,17,87,WTA-2025-1045-292,2025-1045,3,0.3576364729452204,0.4567287152883735,0.4071825941167969,0.40361501835708563,0.40318503537404443
wta:220367,wta:202468,2025-07-21,2025,2025,hard,Washington,R16,6-3 1-6 7-5,91,58,93,58,87,WTA-2025-1045-293,2025-1045,3,0.12179825470559077,0.3331400671345743,0.2274691609200825,0.21131670173153833,0.2282320538099208
wta:206289,wta:211107,2025-07-21,2025,2025,hard,Washington,R32,6-3 6-4,58,39,63,34,87,WTA-2025-1045-271,2025-1045,3,0.5951677057903478,0.5257552639609399,0.5604614848756438,0.5638774242764808,0.5628111949763457
wta:211768,wta:201709,2025-07-21,2025,2025,hard,Washington,R32,6-2 7-5,62,39,68,36,87,WTA-2025-1045-272,2025-1045,3,0.8246259137700067,0.6306682941714983,0.7276471039707525,0.7373045536166593,0.7267316325029466
wta:221054,wta:216146,2025-07-21,2025,2025,hard,Washington,R32,7-6(4) 6-4,75,49,80,47,87,WTA-2025-1045-273,2025-1045,3,0.6211506046478174,0.5372902044552945,0.5792204045515559,0.5816676959737818,0.5776641030562859
wta:214452,wta:220520,2025-07-21,2025,2025,hard,Washington,R32,7-6(3) 5-7 6-3,91,61,113,63,87,WTA-2025-1045-275,2025-1045,3,0.3373335830616121,0.44812328349099784,0.39272843327630497,0.3893291572205652,0.39391854618445266
wta:214939,wta:215872,2025-07-21,2025,2025,hard,Washington,R32,6-2 6-3,47,31,55,26,87,WTA-2025-1045-276,2025-1045,3,0.8145703671056352,0.6185230393652731,0.7165467032354542,0.7284270913187308,0.7174621747032601
wta:202663,wta:203389,2025-07-21,2025,2025,hard,Washington,R32,7-5 6-4,62,38,66,34,87,WTA-2025-1045-277,2025-1045,3,0.25612220644092043,0.41443393347574,0.3352780699583302,0.32941884393074344,0.3369259186003809
wta:211684,wta:263857,2025-07-21,2025,2025,hard,Washington,R32,6-2 6-4,58,34,51,26,87,WTA-2025-1045-278,2025-1045,3,0.4878011791533145,0.4951174855050351,0.4914593323291748,0.49186655608841995,0.4927715080996966
wta:200748,wta:220548,2025-07-21,2025,2025,hard,Washington,R32,6-3 6-4,57,31,70,31,87,WTA-2025-1045-279,2025-1045,3,0.17643797110644516,0.35926151968263653,0.2678497453945409,0.2636441927885348,0.26665963248639313
wta:239475,wta:215713,2025-07-21,2025,2025,hard,Washington,R32,6-2 6-4,59,37,82,41,87,WTA-2025-1045-280,2025-1045,3,0.4279080261262204,0.4750381446444919,0.45147308538535613,0.4517520135834902,0.4529988711650327
wta:213550,wta:221024,2025-07-21,2025,2025,hard,Washington,R32,6-3 7-6(4),62,44,77,46,87,WTA-2025-1045-282,2025-1045,3,0.5789041972687444,0.5263045468416234,0.5526043720551839,0.5528479764392905,0.5489119704683667
wta:203501,wta:213583,2025-07-21,2025,2025,hard,Washington,R32,6-4 7-5,78,48,75,42,87,WTA-2025-1045-283,2025-1045,3,0.6981283818927452,0.5698199572779982,0.6339741695853717,0.6362058823210426,0.6305258937233027
wta:220367,wta:233741,2025-07-21,2025,2025,hard,Washington,R32,6-3 6-3,54,38,64,34,87,WTA-2025-1045-284,2025-1045,3,0.41297558707044757,0.47259688739700945,0.4427862372337285,0.44165402949795635,0.44275572151813497
wta:214939,wta:221054,2025-07-21,2025,2025,hard,Washington,SF,6-4 6-3,64,39,64,35,87,WTA-2025-1045-298,2025-1045,3,0.3677288372407993,0.46106194690265484,0.41439539207172704,0.4106412714316951,0.4144564235029141
wta:220367,wta:214981,2025-07-21,2025,2025,hard,Washington,SF,6-7(2) 7-6(3) 7-6(3),123,86,127,86,87,WTA-2025-1045-299,2025-1045,3,0.13277371155919418,0.3486420506560879,0.24070788110764102,0.22250935698064575,0.2361915551997985
wta:213631,wta:222328,2025-07-21,2025,2025,hard,Prague,F,2-6 6-1 6-3,82,47,79,40,87,WTA-2025-1082-300,2025-1082,3,0.37016674217068074,0.46057369545315835,0.41537021881191954,0.412331743654706,0.41784199177499554
wta:238184,wta:211316,2025-07-21,2025,2025,hard,Prague,QF,6-2 6-0,34,26,54,20,87,WTA-2025-1082-294,2025-1082,3,0.6421870632804583,0.5601769911504425,0.6011820272154504,0.5962617252083947,0.6033791587381846
wta:213631,wta:215983,2025-07-21,2025,2025,hard,Prague,QF,3-6 6-3 6-3,80,50,94,52,87,WTA-2025-1082-295,2025-1082,3,0.5627164432173145,0.5152578577967654,0.5389871505070399,0.541933598771353,0.5413063448921482
wta:216133,wta:239383,2025-07-21,2025,2025,hard,Prague,QF,6-4 6-1,38,27,68,30,87,WTA-2025-1082-296,2025-1082,3,0.8473241034417434,0.647329874885566,0.7473269891636547,0.7581402922238903,0.7492189635304536
wta:222328,wta:211701,2025-07-21,2025,2025,hard,Prague,QF,6-2 4-6 6-3,88,52,98,49,87,WTA-2025-1082-297,2025-1082,3,0.790676085326131,0.6091241989624657,0.6999001421442983,0.7080647817879918,0.69758094775919
wta:238184,wta:211685,2025-07-21,2025,2025,hard,Prague,R16,7-6(1) 7-5,90,54,88,48,87,WTA-2025-1082-286,2025-1082,3,0.27809037418798854,0.3969179127250534,0.33750414345652097,0.34615827304198016,0.3418068593552088
wta:211316,wta:223323,2025-07-21,2025,2025,hard,Prague,R16,6-1 7-5,66,43,62,29,87,WTA-2025-1082-287,2025-1082,3,0.7909338767052061,0.6504424778761062,0.7206881772906562,0.7082794768330811,0.7127540912363381
wta:215983,wta:206417,2025-07-21,2025,2025,hard,Prague,R16,6-4 6-3,65,45,48,30,87,WTA-2025-1082-288,2025-1082,3,0.9414978897182148,0.7430881904180653,0.8422930400681401,0.8643937412093676,0.8461685359485185
wta:213631,wta:214593,2025-07-21,2025,2025,hard,Prague,R16,6-4 6-4,52,28,61,29,87,WTA-2025-1082-289,2025-1082,3,0.9016065938629881,0.6866341165700336,0.7941203552165108,0.8140892055417703,0.7960733610144968
wta:239383,wta:219917,2025-07-21,2025,2025,hard,Prague,R16,7-6(9) 6-3,86,53,67,35,87,WTA-2025-1082-290,2025-1082,3,0.4166488430613305,0.4665547757094904,0.44160180938541044,0.4441431905813717,0.4460571038620659
wta:216133,wta:222980,2025-07-21,2025,2025,hard,Prague,R16,3-6 7-5 7-6(6),104,68,116,75,87,WTA-2025-1082-291,2025-1082,3,0.9130919379558944,0.7398535245651511,0.8264727312605227,0.8274969515739912,0.8248553983340656
wta:211701,wta:222966,2025-07-21,2025,2025,hard,Prague,R16,7-6(4) 6-3,76,45,69,38,87,WTA-2025-1082-292,2025-1082,3,0.5449156188200566,0.5145865120537076,0.5297510654368821,0.5299886463652808,0.530147769739598
wta:222328,wta:220714,2025-07-21,2025,2025,hard,Prague,R16,6-2 6-4,60,36,58,25,87,WTA-2025-1082-293,2025-1082,3,0.8292904452041668,0.6221849252364968,0.7257376852203319,0.741492032002975,0.726378515247796
wta:211685,wta:206335,2025-07-21,2025,2025,hard,Prague,R32,6-3 4-6 6-4,89,58,92,54,87,WTA-2025-1082-270,2025-1082,3,0.7987176189701525,0.6533109551418981,0.7260142870560253,0.7148109431626165,0.7252819098817805
wta:238184,wta:256684,2025-07-21,2025,2025,hard,Prague,R32,6-2 6-0,45,27,47,16,87,WTA-2025-1082-271,2025-1082,3,0.5789164323910994,0.5350930729325603,0.5570047526618298,0.5528562480735538,0.557706614120481
wta:223323,wta:211880,2025-07-21,2025,2025,hard,Prague,R32,6-2 3-6 6-3,75,49,86,50,87,WTA-2025-1082-272,2025-1082,3,0.17836609043453477,0.33509307293256024,0.25672958168354754,0.26535778786893977,0.255203795903871
wta:211316,wta:211411,2025-07-21,2025,2025,hard,Prague,R32,4-6 7-5 6-1,95,61,98,54,87,WTA-2025-1082-273,2025-1082,3,0.26413320967852905,0.40247177296307596,0.3333024913208025,0.33557785944370616,0.330281435477043
wta:215983,wta:206292,2025-07-21,2025,2025,hard,Prague,R32,7-6(1) 6-3,73,42,75,37,87,WTA-2025-1082-274,2025-1082,3,0.7313981757224031,0.594598718339945,0.662998447031174,0.6610145406199954,0.6610149255175946
wta:206417,wta:203463,2025-07-21,2025,2025,hard,Prague,R32,6-3 2-0 RET,27,21,27,12,87,WTA-2025-1082-275,2025-1082,3,0.39109074305944513,0.45874275251754654,0.42491674778849586,0.42674277504153596,0.42940255798074484
wta:214593,wta:202600,2025-07-21,2025,2025,hard,Prague,R32,6-1 7-6(3),76,42,64,28,87,WTA-2025-1082-276,2025-1082,3,0.44085151900532604,0.4745498931949954,0.4577007061001607,0.4604648813861633,0.4608438248062944
wta:213631,wta:214386,2025-07-21,2025,2025,hard,Prague,R32,6-0 6-2,47,32,53,23,87,WTA-2025-1082-277,2025-1082,3,0.9441604855207986,0.7604211168751908,0.8522908011979946,0.8682083662556181,0.8529621469410523
wta:219917,wta:215988,2025-07-21,2025,2025,hard,Prague,R32,6-4 6-2,59,38,58,32,87,WTA-2025-1082-278,2025-1082,3,0.5901309406200026,0.5317363442172719,0.5609336424186373,0.5604539201710899,0.5593468252077737
wta:239383,wta:220416,2025-07-21,2025,2025,hard,Prague,R32,7-5 6-2,54,36,62,33,87,WTA-2025-1082-279,2025-1082,3,0.37107107439861514,0.452212389380531,0.4116417318895731,0.4129581740570371,0.41350319054077844
wta:222980,wta:266800,2025-07-21,2025,2025,hard,Prague,R32,7-5 6-1,58,40,80,42,87,WTA-2025-1082-280,2025-1082,3,0.44109978191490734,0.47351235886481535,0.4573060703898614,0.4606316840569065,0.45669575607799073
wta:216133,wta:211279,2025-07-21,2025,2025,hard,Prague,R32,6-3 6-3,54,30,62,28,87,WTA-2025-1082-281,2025-1082,3,0.8585311419089154,0.6470857491608178,0.7528084455348667,0.768897362866846,0.7548529984796332
wta:211701,wta:211817,2025-07-21,2025,2025,hard,Prague,R32,7-5 6-2,66,41,71,36,87,WTA-2025-1082-282,2025-1082,3,0.4194856854010104,0.4776624961855355,0.44857409079327293,0.4460631793441035,0.4462243806925711
wta:222966,wta:266671,2025-07-21,2025,2025,hard,Prague,R32,6-3 6-3,65,36,56,25,87,WTA-2025-1082-283,2025-1082,3,0.6629072911601331,0.5758620689655173,0.6193846800628252,0.610841651586723,0.619201585769264
wta:220714,wta:203530,2025-07-21,2025,2025,hard,Prague,R32,6-2 6-3,57,36,61,32,87,WTA-2025-1082-284,2025-1082,3,0.6069276484830857,0.5300274641440342,0.56847755631356,0.5719007975874594,0.5687521977539016
wta:222328,wta:214181,2025-07-21,2025,2025,hard,Prague,R32,7-6(5) 7-6(7),93,50,93,46,87,WTA-2025-1082-285,2025-1082,3,0.8382190827954786,0.6613060726274032,0.749762577711441,0.7496395784389764,0.748450401940919
wta:213631,wta:238184,2025-07-21,2025,2025,hard,Prague,SF,6-4 7-5,70,40,63,31,87,WTA-2025-1082-298,2025-1082,3,0.8011109243302974,0.6367714372902045,0.7189411808102509,0.7168388263681006,0.7247086510574282
wta:222328,wta:216133,2025-07-21,2025,2025,hard,Prague,SF,6-4 6-1,48,35,51,27,87,WTA-2025-1082-299,2025-1082,3,0.6778651894672639,0.5568812938663412,0.6173732416668025,0.621515455198661,0.6158474558871261
wta:239475,wta:211768,2025-07-27,2025,2025,hard,Montreal,F,2-6 6-4 6-1,92,45,86,39,87,WTA-2025-806-300,2025-806,3,0.16339540814863573,0.3533414708574916,0.25836843950306365,0.2518470183135045,0.2598026781359596
wta:220704,wta:201619,2025-07-27,2025,2025,hard,Montreal,QF,6-1 6-4,59,43,46,27,87,WTA-2025-806-294,2025-806,3,0.3484489648717523,0.45160207506866035,0.4000255199702063,0.3971767514939847,0.4024972929332823
wta:211768,wta:202494,2025-07-27,2025,2025,hard,Montreal,QF,6-2 6-2,51,35,44,20,87,WTA-2025-806-295,2025-806,3,0.4122371865483218,0.46991150442477875,0.4410743454865503,0.441153223373428,0.4426306469818203
wta:214981,wta:216146,2025-07-27,2025,2025,hard,Montreal,QF,6-1 2-1 RET,30,21,41,19,87,WTA-2025-806-296,2025-806,3,0.769138737299861,0.591608178211779,0.68037345775582,0.690466889546702,0.6815940863795613
wta:239475,wta:222601,2025-07-27,2025,2025,hard,Montreal,QF,6-4 6-2,58,36,57,26,87,WTA-2025-806-297,2025-806,3,0.5576798658659211,0.5189807750991761,0.5383303204825486,0.5385485453232226,0.5375979433083038
wta:215250,wta:201709,2025-07-27,2025,2025,hard,Montreal,R128,6-3 6-3,56,35,72,35,87,WTA-2025-806-175,2025-806,3,0.09106396891665663,0.26704302715898687,0.17905349803782175,0.1774371639058984,0.1795112337717247
wta:220332,wta:206417,2025-07-27,2025,2025,hard,Montreal,R128,6-1 6-4,54,37,57,28,87,WTA-2025-806-176,2025-806,3,0.8725128284027515,0.6734513274336283,0.77298207791819,0.7828310154769048,0.773561876514467
wta:263857,wta:206374,2025-07-27,2025,2025,hard,Montreal,R128,6-7(6) 6-4 6-4,106,60,113,58,87,WTA-2025-806-179,2025-806,3,0.4928123318425484,0.4996948428440647,0.49625358734330655,0.4952080378378282,0.49405645582057234
wta:214459,wta:216097,2025-07-27,2025,2025,hard,Montreal,R128,4-6 7-6(5) 6-2,110,65,102,54,87,WTA-2025-806-180,2025-806,3,0.7096261940211566,0.5748855660665243,0.6422558800438405,0.6446748609844553,0.6409437042733186
wta:222045,wta:215713,2025-07-27,2025,2025,hard,Montreal,R128,2-6 7-5 6-0,72,43,74,37,87,WTA-2025-806-183,2025-806,3,0.19253764740437265,0.38007323771742446,0.28630544256089857,0.27773263328810743,0.2839252167446032
wta:202446,wta:215306,2025-07-27,2025,2025,hard,Montreal,R128,6-4 2-6 6-2,95,52,76,40,87,WTA-2025-806-184,2025-806,3,0.5185857621715202,0.5079951174855051,0.5132904398285126,0.5123936803802679,0.5153044770576856
wta:216083,wta:219917,2025-07-27,2025,2025,hard,Montreal,R128,6-4 5-7 7-6(7),119,68,107,62,87,WTA-2025-806-187,2025-806,3,0.6273181885894771,0.5404028074458346,0.5838604980176558,0.5859269198027954,0.5829145108342564
wta:201696,wta:213583,2025-07-27,2025,2025,hard,Montreal,R128,7-5 6-7(6) 7-6(2),122,70,129,68,87,WTA-2025-806-188,2025-806,3,0.7112413871392685,0.5725053402502289,0.6418733636947487,0.6458729786773197,0.6412935650984717
wta:206289,wta:215062,2025-07-27,2025,2025,hard,Montreal,R128,6-2 3-6 7-5,83,56,98,60,87,WTA-2025-806-191,2025-806,3,0.6556911353080082,0.5652425999389685,0.6104668676234883,0.6057384618911962,0.6105889304858625
wta:201545,wta:201548,2025-07-27,2025,2025,hard,Montreal,R128,6-3 3-6 6-4,86,51,108,60,87,WTA-2025-806-192,2025-806,3,0.4850016075318039,0.4972535855965822,0.491127596564193,0.4899994049236762,0.48862530788552355
wta:213887,wta:211107,2025-07-27,2025,2025,hard,Montreal,R128,6-1 7-5,72,44,55,26,87,WTA-2025-806-195,2025-806,3,0.3193159312868616,0.4420201403722917,0.38066803582957665,0.3764575575846667,0.3788065771783713
wta:211768,wta:220502,2025-07-27,2025,2025,hard,Montreal,R128,6-4 6-2,60,39,56,30,87,WTA-2025-806-196,2025-806,3,0.9670810350612168,0.8069270674397314,0.8870040512504741,0.9049510563733039,0.8865768312321647
wta:215872,wta:239436,2025-07-27,2025,2025,hard,Montreal,R128,4-6 6-3 6-2,73,51,82,46,87,WTA-2025-806-199,2025-806,3,0.7417205193039956,0.6310344827586207,0.6863775010313082,0.668916103104281,0.6858587338662181
wta:214939,wta:215983,2025-07-27,2025,2025,hard,Montreal,R128,7-6(6) 0-6 6-3,103,60,79,51,87,WTA-2025-806-200,2025-806,3,0.5674958357963867,0.5161122978333842,0.5418040668148855,0.545150251128166,0.5467170970254439
wta:221054,wta:211817,2025-07-27,2025,2025,hard,Montreal,R128,6-2 6-4,67,39,55,25,87,WTA-2025-806-203,2025-806,3,0.741977020611263,0.5774488861763808,0.659712953393822,0.6691138241750317,0.6630696821091103
wta:215138,wta:201514,2025-07-27,2025,2025,hard,Montreal,R128,6-3 7-5,64,43,60,35,87,WTA-2025-806-204,2025-806,3,0.24393128270816386,0.41321330485199875,0.3285722937800813,0.31991470580556947,0.32579536366107004
wta:201606,wta:221039,2025-07-27,2025,2025,hard,Montreal,R128,7-6(2) 6-1,58,37,82,37,87,WTA-2025-806-207,2025-806,3,0.3409372847755846,0.4431797375648459,0.3920585111702153,0.39188074482638746,0.39236366832615055
wta:215785,wta:211095,2025-07-27,2025,2025,hard,Montreal,R128,6-3 7-5,69,46,66,35,87,WTA-2025-806-208,2025-806,3,0.6336630933782724,0.5433323161428135,0.588497704760543,0.5903250627907568,0.5863616046689959
wta:211713,wta:222233,2025-07-27,2025,2025,hard,Montreal,R128,2-6 6-2 6-2,78,44,69,33,87,WTA-2025-806-211,2025-806,3,0.6068147922308034,0.5364357644186756,0.5716252783247395,0.5718235868053678,0.569580725379973
wta:221024,wta:215992,2025-07-27,2025,2025,hard,Montreal,R128,7-5 6-1,66,37,58,22,87,WTA-2025-806-212,2025-806,3,0.9786003294752551,0.8459871833994507,0.9122937564373529,0.9274725795289018,0.91391108936381
wta:215020,wta:214452,2025-07-27,2025,2025,hard,Montreal,R128,6-4 6-1,46,31,64,32,87,WTA-2025-806-215,2025-806,3,0.40434782459498503,0.46594446139761975,0.4351461429963024,0.4357928900661285,0.4374653373814107
wta:214954,wta:223253,2025-07-27,2025,2025,hard,Montreal,R128,3-6 6-1 6-2,89,55,87,47,87,WTA-2025-806-216,2025-806,3,0.8699129307099024,0.6517851693622215,0.760849050036062,0.7801932266431416,0.7640226844577891
wta:233741,wta:220367,2025-07-27,2025,2025,hard,Montreal,R128,6-4 6-1,60,33,49,20,87,WTA-2025-806-219,2025-806,3,0.587937470817817,0.5270369240158682,0.5574871974168426,0.5589652562833451,0.5574261659856555
wta:215370,wta:206252,2025-07-27,2025,2025,hard,Montreal,R128,6-3 6-4,72,46,51,31,87,WTA-2025-806-220,2025-806,3,0.5201642087462578,0.5081782117790662,0.514171210262662,0.5134468573409146,0.5138050216755397
wta:256684,wta:220465,2025-07-27,2025,2025,hard,Montreal,R128,6-2 2-6 6-2,88,47,83,39,87,WTA-2025-806-223,2025-806,3,0.23728575328717944,0.39588037839487333,0.31658306584102636,0.3146621908009868,0.3183529773454512
wta:222601,wta:211635,2025-07-27,2025,2025,hard,Montreal,R128,5-7 7-5 6-4,126,75,144,80,87,WTA-2025-806-224,2025-806,3,0.8618538135775662,0.6693011901129081,0.7655775018452371,0.7721542516200847,0.7638686217719994
wta:215480,wta:221236,2025-07-27,2025,2025,hard,Montreal,R128,6-3 4-6 6-2,79,45,81,36,87,WTA-2025-806-227,2025-806,3,0.5443425536056262,0.5067744888617638,0.5255585212336951,0.529604902353708,0.5308987714625628
wta:202684,wta:219875,2025-07-27,2025,2025,hard,Montreal,R128,6-4 7-6(3),76,48,84,48,87,WTA-2025-806-228,2025-806,3,0.6290033051146736,0.5402807445834605,0.5846420248490671,0.5870933355610932,0.5874799863992655
wta:213631,wta:220416,2025-07-27,2025,2025,hard,Montreal,R128,6-2 7-6(4),79,47,72,36,87,WTA-2025-806-231,2025-806,3,0.8116858239445787,0.6127250534025023,0.7122054386735405,0.7259162807175258,0.7141279287559329
wta:239475,wta:214040,2025-07-27,2025,2025,hard,Montreal,R128,7-5 6-3,67,46,67,40,87,WTA-2025-806-232,2025-806,3,0.5427329736286092,0.5095819346963686,0.5261574541624889,0.5285273042161034,0.5277442713733524
wta:206368,wta:213710,2025-07-27,2025,2025,hard,Montreal,R128,5-7 6-2 7-5,109,65,116,65,87,WTA-2025-806-235,2025-806,3,0.6421663436848613,0.5443088190418065,0.5932375813633339,0.5962472539524396,0.5926577827670568
wta:203389,wta:202600,2025-07-27,2025,2025,hard,Montreal,R128,6-3 7-5,81,51,63,36,87,WTA-2025-806-236,2025-806,3,0.9444964601160885,0.7261214525480623,0.8353089563320754,0.8686950990319147,0.8411679737260332
wta:220704,wta:216347,2025-07-27,2025,2025,hard,Montreal,R16,7-6(1) 6-3,80,50,61,34,87,WTA-2025-806-286,2025-806,3,0.1472860916704231,0.3566371681415929,0.251961629906008,0.23672881665637666,0.2534263842544975
wta:201619,wta:214096,2025-07-27,2025,2025,hard,Montreal,R16,4-6 6-3 7-5,106,63,100,59,87,WTA-2025-806-287,2025-806,3,0.6896498509770312,0.5612755569118096,0.6254627039444205,0.6300244926912622,0.6272020997332517
wta:211768,wta:201545,2025-07-27,2025,2025,hard,Montreal,R16,6-1 6-0,43,31,31,9,87,WTA-2025-806-288,2025-806,3,0.8575308225642894,0.6459261519682636,0.7517284872662765,0.7679231263716332,0.7523693172937407
wta:202494,wta:216153,2025-07-27,2025,2025,hard,Montreal,R16,6-4 6-1,74,45,52,27,87,WTA-2025-806-289,2025-806,3,0.6631559691441877,0.5501678364357644,0.606661902789976,0.6110180285925378,0.6067229342211631
wta:214981,wta:215035,2025-07-27,2025,2025,hard,Montreal,R16,5-7 6-2 7-5,102,65,114,64,87,WTA-2025-806-290,2025-806,3,0.8119264417135601,0.6177296307598413,0.7148280362367008,0.7261251359794773,0.7124172947048117
wta:216146,wta:220520,2025-07-27,2025,2025,hard,Montreal,R16,5-7 6-3 6-3,101,63,119,64,87,WTA-2025-806-291,2025-806,3,0.5570926154458836,0.5145254806225206,0.5358090480342022,0.5381541531122234,0.5353207965847055
wta:222601,wta:202684,2025-07-27,2025,2025,hard,Montreal,R16,7-5 1-6 6-2,99,47,89,39,87,WTA-2025-806-292,2025-806,3,0.4133641354582981,0.4714372902044553,0.4424007128313767,0.44191749602516545,0.4396848141435524
wta:239475,wta:221103,2025-07-27,2025,2025,hard,Montreal,R16,6-1 6-4,50,36,47,26,87,WTA-2025-806-293,2025-806,3,0.06614516759622231,0.27564845895636253,0.17089681327629241,0.14616779592633566,0.1663194559372628
wta:216347,wta:220332,2025-07-27,2025,2025,hard,Montreal,R32,6-2 6-2,48,33,53,25,87,WTA-2025-806-270,2025-806,3,0.9777746766376435,0.8083918217882209,0.8930832492129321,0.9257177906671198,0.8889941433233991
wta:220704,wta:263857,2025-07-27,2025,2025,hard,Montreal,R32,6-3 6-0,38,28,46,20,87,WTA-2025-806-271,2025-806,3,0.8113965975355403,0.6195605736954531,0.7154785856154967,0.7256653734666799,0.716821277101612
wta:214096,wta:202505,2025-07-27,2025,2025,hard,Montreal,R32,6-7(2) 6-2 6-3,111,69,104,62,87,WTA-2025-806-272,2025-806,3,0.41099668273967654,0.46264876411351846,0.4368227234265975,0.4403115410066604,0.44112543932528536
wta:201619,wta:216083,2025-07-27,2025,2025,hard,Montreal,R32,2-6 6-3 6-3,92,55,100,56,87,WTA-2025-806-273,2025-806,3,0.9077996090992748,0.6946292340555386,0.8012144215774066,0.8212304462794241,0.800939780137065
wta:201545,wta:202468,2025-07-27,2025,2025,hard,Montreal,R32,3-6 6-4 6-1,77,45,80,42,87,WTA-2025-806-274,2025-806,3,0.08518724717526761,0.2987183399450717,0.19195279356016964,0.17043062185376512,0.19396683078934268
wta:211768,wta:211533,2025-07-27,2025,2025,hard,Montreal,R32,6-2 6-4,52,31,49,22,87,WTA-2025-806-275,2025-806,3,0.7263742931093785,0.5754348489472079,0.6509045710282932,0.6572063829545987,0.6513623067621961
wta:202494,wta:214939,2025-07-27,2025,2025,hard,Montreal,R32,6-1 6-1,43,31,46,20,87,WTA-2025-806-276,2025-806,3,0.7765616816175455,0.5969789441562404,0.6867703128868929,0.696459328194886,0.6868923757492671
wta:216153,wta:221054,2025-07-27,2025,2025,hard,Montreal,R32,6-2 6-1,45,32,49,21,87,WTA-2025-806-277,2025-806,3,0.5040397980916252,0.5021971315227343,0.5031184648071798,0.5026932312863651,0.5021419619081868
wta:215035,wta:215613,2025-07-27,2025,2025,hard,Montreal,R32,7-5 6-4,82,49,68,37,87,WTA-2025-806-278,2025-806,3,0.4142990954702061,0.47558742752517547,0.4449432614976908,0.4425513074345719,0.4439362428831043
wta:214981,wta:211713,2025-07-27,2025,2025,hard,Montreal,R32,6-0 7-6(5),51,40,69,37,87,WTA-2025-806-279,2025-806,3,0.9215621832978105,0.7072017088800733,0.8143819460889419,0.8378761016935552,0.8125510031533301
wta:216146,wta:214082,2025-07-27,2025,2025,hard,Montreal,R32,3-6 6-3 7-6(4),104,53,92,45,87,WTA-2025-806-280,2025-806,3,0.605575943670008,0.5347268843454379,0.570151414007723,0.5709763084624345,0.5677711881914276
wta:220520,wta:259799,2025-07-27,2025,2025,hard,Montreal,R32,7-6(5) 6-4,75,37,73,34,87,WTA-2025-806-281,2025-806,3,0.17707591648155377,0.38013426914861154,0.27860509281508267,0.2642119907099336,0.2757671312648843
wta:222601,wta:256684,2025-07-27,2025,2025,hard,Montreal,R32,4-6 7-5 6-3,102,62,96,53,87,WTA-2025-806-282,2025-806,3,0.712298246664087,0.5768385718645103,0.6445684092642987,0.646658097856949,0.642005089154442
wta:202684,wta:215480,2025-07-27,2025,2025,hard,Montreal,R32,6-2 6-2,43,28,42,15,87,WTA-2025-806-283,2025-806,3,0.5572603777458044,0.5194690265486726,0.5383647021472384,0.5382668147045732,0.5379069664133356
wta:239475,wta:213631,2025-07-27,2025,2025,hard,Montreal,R32,1-6 6-3 6-0,69,34,71,32,87,WTA-2025-806-284,2025-806,3,0.3082893919982874,0.4329264571254196,0.37060792456185354,0.36847783096629555,0.36975348452523465
wta:221103,wta:206368,2025-07-27,2025,2025,hard,Montreal,R32,4-6 7-5 6-2,111,68,97,55,87,WTA-2025-806-285,2025-806,3,0.8857542624826638,0.6568507781507477,0.7713025203167057,0.7966346237824351,0.7751475004814905
wta:216347,wta:215250,2025-07-27,2025,2025,hard,Montreal,R64,6-3 6-1,50,30,50,18,87,WTA-2025-806-238,2025-806,3,0.9974719534229,0.9458956362526701,0.971683794837785,0.981750235436079,0.9703716190672632
wta:220332,wta:201499,2025-07-27,2025,2025,hard,Montreal,R64,6-3 6-4,66,39,56,32,87,WTA-2025-806-239,2025-806,3,0.23285255317784295,0.40863594751296917,0.32074425034540605,0.31112843212976865,0.32095786035456075
wta:263857,wta:211684,2025-07-27,2025,2025,hard,Montreal,R64,6-1 6-1,38,28,42,17,87,WTA-2025-806-240,2025-806,3,0.5122802554454904,0.5016478486420507,0.5069640520437706,0.5081877517250162,0.5094358250068465
wta:220704,wta:214459,2025-07-27,2025,2025,hard,Montreal,R64,6-1 6-2,61,37,44,19,87,WTA-2025-806-241,2025-806,3,0.8613953311678335,0.6520292950869698,0.7567123131274016,0.7717029129107215,0.754026930155171
wta:214096,wta:222045,2025-07-27,2025,2025,hard,Montreal,R64,7-5 7-5,83,51,71,41,87,WTA-2025-806-242,2025-806,3,0.9119019869058543,0.7031126029905401,0.8075072949481972,0.8260740842158623,0.8069274963519202
wta:202505,wta:202446,2025-07-27,2025,2025,hard,Montreal,R64,6-2 3-6 6-4,91,58,92,51,87,WTA-2025-806-243,2025-806,3,0.8204720975561968,0.6458651205370766,0.7331686090466367,0.7336132615689254,0.7301170374872836
wta:216083,wta:211685,2025-07-27,2025,2025,hard,Montreal,R64,6-2 6-2,58,32,54,20,87,WTA-2025-806-244,2025-806,3,0.3625701950392419,0.4584375953616112,0.41050389520042657,0.4070556336057997,0.4101377066133042
wta:201619,wta:201696,2025-07-27,2025,2025,hard,Montreal,R64,6-2 6-1,47,30,35,13,87,WTA-2025-806-245,2025-806,3,0.8871724637215125,0.6733292645712542,0.7802508641463833,0.7981523005316096,0.7793964241097645
wta:202468,wta:206289,2025-07-27,2025,2025,hard,Montreal,R64,7-5 6-4,74,43,62,33,87,WTA-2025-806-246,2025-806,3,0.8435958678541295,0.6298748855660665,0.736735376710098,0.7546349217377356,0.7407329354528506
wta:201545,wta:202663,2025-07-27,2025,2025,hard,Montreal,R64,6-3 4-6 6-4,111,65,91,52,87,WTA-2025-806-247,2025-806,3,0.37588932363035577,0.46283185840707963,0.4193605910187177,0.41629004154531546,0.42024554677093007
wta:211533,wta:213887,2025-07-27,2025,2025,hard,Montreal,R64,6-2 4-6 6-2,71,38,83,39,87,WTA-2025-806-248,2025-806,3,0.8058978582120446,0.6075373817516021,0.7067176199818234,0.720923747637352,0.7089147515045575
wta:211768,wta:214643,2025-07-27,2025,2025,hard,Montreal,R64,4-6 7-6(6) 6-3,92,62,99,62,87,WTA-2025-806-249,2025-806,3,0.6203604980486682,0.54174549893195,0.5810529984903091,0.5811231554098272,0.5801070113069096
wta:202494,wta:215872,2025-07-27,2025,2025,hard,Montreal,R64,7-5 6-2,63,34,52,21,87,WTA-2025-806-250,2025-806,3,0.9542530807145749,0.7425389075373817,0.8483959941259783,0.8834179374193015,0.8487621827131007
wta:214939,wta:210722,2025-07-27,2025,2025,hard,Montreal,R64,1-6 7-6(4) 6-2,103,52,86,47,87,WTA-2025-806-251,2025-806,3,0.2660324407546259,0.4209642966127556,0.34349836868369077,0.3370285280247552,0.3437119786928454
wta:221054,wta:220548,2025-07-27,2025,2025,hard,Montreal,R64,6-2 6-4,61,40,62,33,87,WTA-2025-806-252,2025-806,3,0.7241738474130425,0.5785474519377479,0.6513606496753952,0.6555458218744119,0.6486142352719775
wta:216153,wta:215138,2025-07-27,2025,2025,hard,Montreal,R64,6-4 7-6(5),71,46,74,43,87,WTA-2025-806-253,2025-806,3,0.9104229403455697,0.6916997253585596,0.8010613328520646,0.8243169140367776,0.8011833957144388
wta:215613,wta:201606,2025-07-27,2025,2025,hard,Montreal,R64,6-1 6-2,50,36,47,21,87,WTA-2025-806-254,2025-806,3,0.8889646215284553,0.6795544705523344,0.7842595460403949,0.8000818031012118,0.7877993690492444
wta:215035,wta:215785,2025-07-27,2025,2025,hard,Montreal,R64,3-6 7-6(5) 6-2,114,63,97,52,87,WTA-2025-806-255,2025-806,3,0.6485414761154358,0.5455904790967349,0.5970659776060854,0.6007096439486737,0.5978899019271107
wta:211713,wta:222328,2025-07-27,2025,2025,hard,Montreal,R64,6-3 6-4,62,43,51,30,87,WTA-2025-806-256,2025-806,3,0.1660041855349438,0.3731766859932865,0.2695904357641152,0.2542365003593807,0.2698345614888634
wta:214981,wta:221024,2025-07-27,2025,2025,hard,Montreal,R64,6-4 6-3,58,43,48,30,87,WTA-2025-806-257,2025-806,3,0.8532996245955896,0.643362831858407,0.7483312282269983,0.7638334216329015,0.7529391012816216
wta:214082,wta:215020,2025-07-27,2025,2025,hard,Montreal,R64,6-1 6-4,54,34,46,19,87,WTA-2025-806-258,2025-806,3,0.7174783606851057,0.5675007628928899,0.6424895617889979,0.6505198604733621,0.6406891345689795
wta:216146,wta:214954,2025-07-27,2025,2025,hard,Montreal,R64,2-6 6-3 6-2,80,44,65,30,87,WTA-2025-806-259,2025-806,3,0.29400303510037573,0.43591699725358557,0.36496001617698065,0.3580095195896002,0.36666889625021837
wta:220520,wta:233741,2025-07-27,2025,2025,hard,Montreal,R64,4-6 6-4 6-3,108,66,115,64,87,WTA-2025-806-260,2025-806,3,0.5254909287415671,0.5113518462007934,0.5184213874711803,0.5170021410816932,0.5183908717555867
wta:256684,wta:211148,2025-07-27,2025,2025,hard,Montreal,R64,2-6 7-5 7-6(5),120,61,98,51,87,WTA-2025-806-262,2025-806,3,0.09134748940136019,0.3046994202014037,0.19802345480138195,0.17777023646434417,0.19414795892100356
wta:222601,wta:221909,2025-07-27,2025,2025,hard,Montreal,R64,6-4 6-4,59,38,82,43,87,WTA-2025-806-263,2025-806,3,0.3562040432940021,0.44623130912419895,0.40121767620910054,0.402613945414531,0.4043913106308277
wta:215480,wta:206242,2025-07-27,2025,2025,hard,Montreal,R64,6-2 1-6 6-3,73,48,88,51,87,WTA-2025-806-264,2025-806,3,0.37606676266077854,0.4607567897467196,0.41841177620374903,0.4164125615469905,0.4204563291485156
wta:202684,wta:206420,2025-07-27,2025,2025,hard,Montreal,R64,1-6 6-2 6-4,82,48,83,47,87,WTA-2025-806-265,2025-806,3,0.16538892890443987,0.3667683857186451,0.2660786573115425,0.25367435312500936,0.26147078425691933
wta:213631,wta:223670,2025-07-27,2025,2025,hard,Montreal,R64,6-2 7-6(5),65,37,91,41,87,WTA-2025-806-266,2025-806,3,0.48770561019500225,0.4995117485505035,0.4936086793727529,0.491802822205847,0.4940358993910623
wta:239475,wta:213550,2025-07-27,2025,2025,hard,Montreal,R64,6-2 6-3,61,40,56,28,87,WTA-2025-806-267,2025-806,3,0.3497725095498581,0.4461702776930119,0.39797139362143497,0.3981068396779075,0.4007788394560398
wta:206368,wta:215337,2025-07-27,2025,2025,hard,Montreal,R64,6-4 6-2,46,36,65,37,87,WTA-2025-806-268,2025-806,3,0.6852862339777459,0.5632895941409826,0.6242879140593642,0.6268629231357996,0.6224569711237524
wta:221103,wta:203389,2025-07-27,2025,2025,hard,Montreal,R64,7-5 4-6 7-6(2),113,55,121,58,87,WTA-2025-806-269,2025-806,3,0.7306973887491663,0.5822093378089717,0.656453363279069,0.6604819026471597,0.6560261432607595
wta:211768,wta:220704,2025-07-27,2025,2025,hard,Montreal,SF,6-2 7-6(7),77,50,66,38,87,WTA-2025-806-298,2025-806,3,0.5913703720500254,0.5287458040891059,0.5600580880695656,0.5612956902404939,0.5591731323173532
wta:239475,wta:214981,2025-07-27,2025,2025,hard,Montreal,SF,1-6 7-5 7-6(4),121,62,111,60,87,WTA-2025-806-299,2025-806,3,0.11033482234351545,0.3236191638693927,0.21697699310645407,0.19916035914746266,0.21624461593220934
wta:216347,wta:211148,2025-08-07,2025,2025,hard,Cincinnati,F,7-5 6-4,78,45,64,32,87,WTA-2025-1017-300,2025-1017,3,0.8970975885338328,0.6758315532499237,0.7864645708918783,0.809009820969306,0.7876241680844325
wta:211148,wta:221103,2025-08-07,2025,2025,hard,Cincinnati,QF,2-6 6-4 6-3,87,43,84,42,87,WTA-2025-1017-294,2025-1017,3,0.17293513977248617,0.3790967348184315,0.2760159372954588,0.26051163827405266,0.27525304440562054
wta:206368,wta:219875,2025-08-07,2025,2025,hard,Cincinnati,QF,6-1 6-2,37,28,52,25,87,WTA-2025-1017-295,2025-1017,3,0.741970042554441,0.5783643576441868,0.660167200099314,0.6691084443149393,0.6597399800810044
wta:216347,wta:214939,2025-08-07,2025,2025,hard,Cincinnati,QF,6-3 6-4,53,39,63,35,87,WTA-2025-1017-296,2025-1017,3,0.9067207672858146,0.6851693622215441,0.7959450647536794,0.8199720337764898,0.7978370391204783
wta:214981,wta:214544,2025-08-07,2025,2025,hard,Cincinnati,QF,6-1 6-4,64,45,43,26,87,WTA-2025-1017-297,2025-1017,3,0.3192910285398008,0.44751296917912725,0.383401998859464,0.3764396277304659,0.3791603143919633
wta:216133,wta:215306,2025-08-07,2025,2025,hard,Cincinnati,R128,7-6(1) 6-3,90,53,72,39,87,WTA-2025-1017-175,2025-1017,3,0.6898660587637705,0.5653036313701556,0.627584845066963,0.6301814838047951,0.6237703806177717
wta:202600,wta:215983,2025-08-07,2025,2025,hard,Cincinnati,R128,6-4 7-5,78,45,72,36,87,WTA-2025-1017-176,2025-1017,3,0.15889007704449687,0.3695758315532499,0.2642329542988734,0.24768329561892488,0.26209685420732626
wta:215785,wta:220416,2025-08-07,2025,2025,hard,Cincinnati,R128,7-5 1-6 6-4,88,46,85,43,87,WTA-2025-1017-179,2025-1017,3,0.6570026787401785,0.5509002136100092,0.6039514461750939,0.6066638611645634,0.6029749432761009
wta:214459,wta:202684,2025-08-07,2025,2025,hard,Cincinnati,R128,6-7(6) 6-2 7-6(6),124,74,117,65,87,WTA-2025-1017-180,2025-1017,3,0.3658860135941887,0.45117485505035093,0.4085304343222698,0.4093617270585693,0.41106323871653283
wta:206252,wta:219917,2025-08-07,2025,2025,hard,Cincinnati,R128,6-4 4-6 6-0,89,45,74,28,87,WTA-2025-1017-183,2025-1017,3,0.8125902012145102,0.6230393652731157,0.7178147832438129,0.7267018273636462,0.7143970230973375
wta:201545,wta:211765,2025-08-07,2025,2025,hard,Cincinnati,R128,6-4 6-7(6) 6-1,95,70,81,54,87,WTA-2025-1017-187,2025-1017,3,0.740202587240867,0.5962465669819957,0.6682245771114314,0.6677474172609458,0.6672785899280319
wta:206289,wta:215872,2025-08-07,2025,2025,hard,Cincinnati,R128,6-3 3-6 6-2,80,46,92,48,87,WTA-2025-1017-188,2025-1017,3,0.756801734511593,0.5968568812938664,0.6768293079027297,0.6806620963716273,0.6714585419582684
wta:214040,wta:215020,2025-08-07,2025,2025,hard,Cincinnati,R128,6-2 6-1,42,26,55,20,87,WTA-2025-1017-191,2025-1017,3,0.5472556867710063,0.506957583155325,0.5271066349631657,0.5315561006427503,0.5326604952011882
wta:211685,wta:214452,2025-08-07,2025,2025,hard,Cincinnati,R128,1-6 6-4 7-6(1),92,56,124,70,87,WTA-2025-1017-192,2025-1017,3,0.5818286508152087,0.5260604211168752,0.553944535966042,0.5548261175722754,0.5534562845165455
wta:206368,wta:215480,2025-08-07,2025,2025,hard,Cincinnati,R128,6-1 6-3,40,31,61,28,87,WTA-2025-1017-195,2025-1017,3,0.6774341821440003,0.5512664021971315,0.6143502921705659,0.6212059773679879,0.6155404050787137
wta:201548,wta:214388,2025-08-07,2025,2025,hard,Cincinnati,R128,7-6(0) 6-4,68,47,72,42,87,WTA-2025-1017-196,2025-1017,3,0.7591441145270729,0.5943545926151969,0.6767493535711349,0.6825095057670258,0.6713175561954864
wta:201614,wta:222661,2025-08-07,2025,2025,hard,Cincinnati,R128,5-7 6-4 6-3,99,64,121,71,87,WTA-2025-1017-199,2025-1017,3,0.2388509163173768,0.4071101617332926,0.3229805390253347,0.3159040238566638,0.3229500233097412
wta:219875,wta:220465,2025-08-07,2025,2025,hard,Cincinnati,R128,6-4 3-6 6-3,90,53,88,46,87,WTA-2025-1017-200,2025-1017,3,0.39183781775215915,0.4704607873054623,0.43114930252881073,0.42725431166078964,0.42706019663927763
wta:216083,wta:213666,2025-08-07,2025,2025,hard,Cincinnati,R128,6-2 6-3,66,42,55,27,87,WTA-2025-1017-203,2025-1017,3,0.7187857481917251,0.582575526396094,0.6506806372939096,0.6514981438345697,0.650009291550852
wta:230870,wta:221236,2025-08-07,2025,2025,hard,Cincinnati,R128,1-6 6-3 6-2,89,51,69,42,87,WTA-2025-1017-204,2025-1017,3,0.34145795904026,0.45050350930729327,0.39598073417377666,0.392248813514134,0.39439391696291304
wta:206417,wta:263857,2025-08-07,2025,2025,hard,Cincinnati,R128,7-5 1-6 6-4,110,59,89,48,87,WTA-2025-1017-207,2025-1017,3,0.12337446220153116,0.3223985352456515,0.22288649872359131,0.21294952981914053,0.22462589451242257
wta:220548,wta:206374,2025-08-07,2025,2025,hard,Cincinnati,R128,6-4 6-3,67,38,47,19,87,WTA-2025-1017-208,2025-1017,3,0.6320049620167042,0.5477265791882819,0.589865770602493,0.589174017408313,0.5898962863180865
wta:233741,wta:213889,2025-08-07,2025,2025,hard,Cincinnati,R128,6-2 6-3,56,38,53,27,87,WTA-2025-1017-211,2025-1017,3,0.6812889469516449,0.5594446139761977,0.6203667804639212,0.6239780661899995,0.6227470062802167
wta:215138,wta:222045,2025-08-07,2025,2025,hard,Cincinnati,R128,6-4 6-4,82,50,57,34,87,WTA-2025-1017-212,2025-1017,3,0.5714504398782205,0.529844369850473,0.5506474048643468,0.5478153291819531,0.5509525620202821
wta:201514,wta:202499,2025-08-07,2025,2025,hard,Cincinnati,R128,6-1 4-6 6-3,78,48,121,63,87,WTA-2025-1017-216,2025-1017,3,0.5226113502799917,0.5087885260909368,0.5156999381854643,0.5150799473818943,0.5150591081580002
wta:213583,wta:215992,2025-08-07,2025,2025,hard,Cincinnati,R128,6-2 6-3,46,27,72,31,87,WTA-2025-1017-219,2025-1017,3,0.9202914129932881,0.7360695758315533,0.8281804944124207,0.8362895200881959,0.8293706073205684
wta:215713,wta:201696,2025-08-07,2025,2025,hard,Cincinnati,R128,6-4 6-4,65,39,62,34,87,WTA-2025-1017-220,2025-1017,3,0.5703891681605034,0.5259383582545011,0.5481637632075023,0.5470997929539488,0.5455088959508652
wta:220332,wta:211095,2025-08-07,2025,2025,hard,Cincinnati,R128,6-2 4-6 7-5,89,54,86,47,87,WTA-2025-1017-223,2025-1017,3,0.5705783545539667,0.5255721696673787,0.5480752621106727,0.5472273293973102,0.547861652101518
wta:256684,wta:211817,2025-08-07,2025,2025,hard,Cincinnati,R128,6-2 7-6(6),77,44,73,38,87,WTA-2025-1017-224,2025-1017,3,0.17348747953320254,0.36414403417760144,0.268815756855402,0.2610072828194167,0.2684190525526861
wta:238064,wta:221024,2025-08-07,2025,2025,hard,Cincinnati,R128,6-1 4-6 6-1,65,45,91,45,87,WTA-2025-1017-227,2025-1017,3,0.2604384042375424,0.4088800732377174,0.3346592387376299,0.33274538261603565,0.33310293724235984
wta:213887,wta:201709,2025-08-07,2025,2025,hard,Cincinnati,R128,3-6 6-4 6-2,80,42,91,43,87,WTA-2025-1017-228,2025-1017,3,0.31641861406755006,0.4393957888312481,0.37790720144939904,0.3743687722127734,0.38147754017384217
wta:203501,wta:203389,2025-08-07,2025,2025,hard,Cincinnati,R128,6-4 7-6(2),65,40,78,41,87,WTA-2025-1017-231,2025-1017,3,0.19172940527692964,0.38013426914861154,0.2859318372127706,0.2770368123184533,0.2844365671486876
wta:222601,wta:200748,2025-08-07,2025,2025,hard,Cincinnati,R128,6-4 6-4,60,34,63,29,87,WTA-2025-1017-232,2025-1017,3,0.6969383703966232,0.5780592004882514,0.6374987854424373,0.6353351328907385,0.6370715654241279
wta:215337,wta:211107,2025-08-07,2025,2025,hard,Cincinnati,R128,6-0 7-5,57,35,66,30,87,WTA-2025-1017-235,2025-1017,3,0.42691803621128976,0.4796155019835215,0.4532667690974056,0.4510841760489011,0.4524428447763803
wta:214954,wta:211713,2025-08-07,2025,2025,hard,Cincinnati,R128,6-3 6-1,47,33,61,28,87,WTA-2025-1017-236,2025-1017,3,0.8959731200420186,0.6812633506255722,0.7886182353337954,0.807757980866873,0.7838882994167982
wta:221103,wta:214459,2025-08-07,2025,2025,hard,Cincinnati,R16,6-2 6-4,57,35,56,26,87,WTA-2025-1017-286,2025-1017,3,0.9681304878373153,0.7700030515715593,0.8690667697044373,0.9068538361298736,0.8734610327499057
wta:211148,wta:206252,2025-08-07,2025,2025,hard,Cincinnati,R16,6-1 6-2,45,33,50,24,87,WTA-2025-1017-287,2025-1017,3,0.5769633628536219,0.5210558437595362,0.549009603306579,0.5515363177697744,0.5533428349208604
wta:206368,wta:202663,2025-08-07,2025,2025,hard,Cincinnati,R16,6-4 6-3,57,40,68,36,87,WTA-2025-1017-288,2025-1017,3,0.5422324054596067,0.5071406774488861,0.5246865414542464,0.5281922468571959,0.5263038743807036
wta:219875,wta:230870,2025-08-07,2025,2025,hard,Cincinnati,R16,2-6 6-1 6-1,57,36,94,47,87,WTA-2025-1017-289,2025-1017,3,0.6315404754831361,0.5359475129691791,0.5837439942261575,0.5888517932781815,0.5889316658770578
wta:214939,wta:206420,2025-08-07,2025,2025,hard,Cincinnati,R16,3-6 7-6(5) 6-1,103,67,103,65,87,WTA-2025-1017-290,2025-1017,3,0.3012795135368116,0.43585596582239855,0.3685677396796051,0.36336047295752893,0.3654246209734714
wta:216347,wta:201514,2025-08-07,2025,2025,hard,Cincinnati,R16,6-4 6-3,52,31,66,34,87,WTA-2025-1017-291,2025-1017,3,0.9447152061139509,0.7398535245651511,0.842284365339551,0.869012667028815,0.8421012710459899
wta:214981,wta:201619,2025-08-07,2025,2025,hard,Cincinnati,R16,6-7(3) 6-4 6-2,94,62,101,57,87,WTA-2025-1017-292,2025-1017,3,0.5354339095500763,0.5072017088800732,0.5213178092150748,0.5236446231936238,0.5233928778754349
wta:214544,wta:222601,2025-08-07,2025,2025,hard,Cincinnati,R16,6-1 7-5,71,44,51,24,87,WTA-2025-1017-293,2025-1017,3,0.9753540260213723,0.7993591699725359,0.8873565979969541,0.9207166823300007,0.8832369763918275
wta:214459,wta:211533,2025-08-07,2025,2025,hard,Cincinnati,R32,1-6 6-3 6-4,78,45,86,52,87,WTA-2025-1017-271,2025-1017,3,0.22531138070186973,0.40051876716509,0.31291507393347984,0.3050596807500208,0.3164243812267359
wta:206252,wta:260300,2025-08-07,2025,2025,hard,Cincinnati,R32,6-4 3-6 6-2,80,55,102,62,87,WTA-2025-1017-272,2025-1017,3,0.6836462991293093,0.5687824229478181,0.6262143610385638,0.6256780897562693,0.6247496066900742
wta:211148,wta:221909,2025-08-07,2025,2025,hard,Cincinnati,R32,7-6(2) 6-1,62,41,66,34,87,WTA-2025-1017-273,2025-1017,3,0.667678502485788,0.5553555080866647,0.6115170052862263,0.6142318540312592,0.6128596967723416
wta:202663,wta:202468,2025-08-07,2025,2025,hard,Cincinnati,R32,7-6(5) 3-6 6-3,96,56,102,59,87,WTA-2025-1017-274,2025-1017,3,0.1478518692016955,0.35779676533414706,0.25282431726792126,0.2372710337588908,0.25218348724045714
wta:206368,wta:220704,2025-08-07,2025,2025,hard,Cincinnati,R32,3-6 7-6(4) 6-4,86,61,107,69,87,WTA-2025-1017-275,2025-1017,3,0.3305249223669095,0.4469026548672566,0.38871378861708306,0.38448814506235396,0.38843914717674133
wta:219875,wta:214096,2025-08-07,2025,2025,hard,Cincinnati,R32,6-2 6-4,58,38,58,30,87,WTA-2025-1017-276,2025-1017,3,0.16759476742510543,0.36750076289288985,0.26754776515899764,0.2556858573717671,0.26934819237901597
wta:230870,wta:220520,2025-08-07,2025,2025,hard,Cincinnati,R32,6-4 2-6 7-6(6),96,60,87,58,87,WTA-2025-1017-277,2025-1017,3,0.160086088070228,0.3544400366188587,0.2572630623445433,0.2487932929852975,0.25955174101405815
wta:214939,wta:216153,2025-08-07,2025,2025,hard,Cincinnati,R32,7-5 6-4,76,48,61,35,87,WTA-2025-1017-278,2025-1017,3,0.3639801274400091,0.46496795849862677,0.41447404296931795,0.4080368191217595,0.4056855168783811
wta:206420,wta:233741,2025-08-07,2025,2025,hard,Cincinnati,R32,6-4 6-3,53,39,60,36,87,WTA-2025-1017-279,2025-1017,3,0.757119049026873,0.5914250839182179,0.6742720664725455,0.6809119814337924,0.6745467079128873
wta:201514,wta:206294,2025-08-07,2025,2025,hard,Cincinnati,R32,6-7(2) 6-4 6-4,97,57,108,60,87,WTA-2025-1017-280,2025-1017,3,0.6458647566452013,0.5471162648764114,0.5964905107608063,0.598833608684273,0.5962769007516515
wta:201619,wta:256684,2025-08-07,2025,2025,hard,Cincinnati,R32,6-4 6-0,43,29,55,21,87,WTA-2025-1017-282,2025-1017,3,0.9687704256978983,0.7881904180653037,0.8784804218816009,0.9080266402045312,0.8834239678077529
wta:214981,wta:210722,2025-08-07,2025,2025,hard,Cincinnati,R32,4-6 6-3 7-5,99,67,86,54,87,WTA-2025-1017-283,2025-1017,3,0.5544309298177316,0.5208117180347879,0.5376213239262597,0.5363673241982888,0.5362786324401444
wta:222601,wta:203501,2025-08-07,2025,2025,hard,Cincinnati,R32,6-4 6-1,56,34,64,31,87,WTA-2025-1017-284,2025-1017,3,0.4361884731634126,0.47784559047909675,0.45701703182125464,0.4573297780611349,0.4586343647477118
wta:214544,wta:221054,2025-08-07,2025,2025,hard,Cincinnati,R32,7-6(3) 4-6 7-6(5),113,74,134,86,87,WTA-2025-1017-285,2025-1017,3,0.8247499074894136,0.6246261824839793,0.7246880449866964,0.737415279072807,0.7230707120602393
wta:221103,wta:216133,2025-08-07,2025,2025,hard,Cincinnati,R64,6-3 6-2,60,37,44,21,87,WTA-2025-1017-238,2025-1017,3,0.8809378248443347,0.6597802868477266,0.7703590558460307,0.7915390490293419,0.773197017396229
wta:215035,wta:202600,2025-08-07,2025,2025,hard,Cincinnati,R64,6-4 2-6 6-2,107,60,79,46,87,WTA-2025-1017-239,2025-1017,3,0.856850613574649,0.6429356118400976,0.7498931127073734,0.7672622833869441,0.7503508484412762
wta:214459,wta:214082,2025-08-07,2025,2025,hard,Cincinnati,R64,6-3 1-6 6-4,83,46,78,44,87,WTA-2025-1017-241,2025-1017,3,0.2671306465293376,0.4171193164479707,0.3421249814886541,0.33786574328885155,0.34230807578221534
wta:206252,wta:202494,2025-08-07,2025,2025,hard,Cincinnati,R64,2-6 6-4 6-3,103,57,78,46,87,WTA-2025-1017-242,2025-1017,3,0.19967124386878987,0.38312480927677756,0.2913980265727837,0.28382495855572176,0.29277123377449255
wta:260300,wta:222328,2025-08-07,2025,2025,hard,Cincinnati,R64,6-3 6-0,51,38,42,19,87,WTA-2025-1017-243,2025-1017,3,0.19415429291292724,0.3743362831858407,0.284245288049384,0.2791209671679382,0.28931089683791006
wta:221909,wta:201545,2025-08-07,2025,2025,hard,Cincinnati,R64,6-4 0-6 6-3,90,47,67,35,87,WTA-2025-1017-244,2025-1017,3,0.6013164907514728,0.5303326212999695,0.5658245560257211,0.5680670297341232,0.56823529755761
wta:211148,wta:206289,2025-08-07,2025,2025,hard,Cincinnati,R64,7-6(2) 7-6(5),91,58,87,54,87,WTA-2025-1017-245,2025-1017,3,0.6244801251193846,0.5430271589868783,0.5837536420531314,0.5839651000297799,0.5827161077229513
wta:202468,wta:214040,2025-08-07,2025,2025,hard,Cincinnati,R64,6-4 6-3,52,38,57,29,87,WTA-2025-1017-246,2025-1017,3,0.9216542313500365,0.6997558742752518,0.8107050528126442,0.837991449318344,0.8173269630964404
wta:202663,wta:211685,2025-08-07,2025,2025,hard,Cincinnati,R64,7-6(4) 6-0,70,45,55,32,87,WTA-2025-1017-247,2025-1017,3,0.520555495733512,0.5054317973756485,0.5129936465545802,0.5137079559134707,0.5153433566552821
wta:206368,wta:202505,2025-08-07,2025,2025,hard,Cincinnati,R64,6-4 7-6(0),73,45,67,34,87,WTA-2025-1017-248,2025-1017,3,0.2850257314791789,0.4294476655477571,0.357236698513468,0.3513497738729128,0.35812165426568043
wta:220704,wta:201548,2025-08-07,2025,2025,hard,Cincinnati,R64,6-3 6-7(5) 6-4,97,69,105,67,87,WTA-2025-1017-249,2025-1017,3,0.7959656771962643,0.606499847421422,0.7012327623088432,0.7124907490618568,0.7013853408868108
wta:214096,wta:201614,2025-08-07,2025,2025,hard,Cincinnati,R64,7-6(3) 7-6(0),72,50,96,55,87,WTA-2025-1017-250,2025-1017,3,0.8115526002174622,0.6177296307598413,0.7146411154886518,0.7258006886133951,0.7156481341032384
wta:219875,wta:213550,2025-08-07,2025,2025,hard,Cincinnati,R64,6-7(7) 6-3 6-3,101,63,123,67,87,WTA-2025-1017-251,2025-1017,3,0.2528979242199299,0.42084223375038143,0.33687007898515564,0.3269210522914437,0.33589357608616266
wta:220520,wta:216083,2025-08-07,2025,2025,hard,Cincinnati,R64,6-4 6-3,61,37,68,35,87,WTA-2025-1017-252,2025-1017,3,0.7132546760869493,0.5771437290204455,0.6451992025536974,0.6473694092783495,0.6435818696272403
wta:230870,wta:215613,2025-08-07,2025,2025,hard,Cincinnati,R64,6-4 1-6 6-4,83,50,87,53,87,WTA-2025-1017-253,2025-1017,3,0.1151213832899652,0.3208117180347879,0.21796655066237655,0.20429844939248532,0.21589148200201647
wta:214939,wta:220548,2025-08-07,2025,2025,hard,Cincinnati,R64,7-6(4) 4-6 6-1,91,60,113,66,87,WTA-2025-1017-255,2025-1017,3,0.5948839562804872,0.5250228867866952,0.5599534215335912,0.563684362737423,0.56028909440512
wta:233741,wta:206242,2025-08-07,2025,2025,hard,Cincinnati,R64,6-4 4-6 6-4,98,55,115,57,87,WTA-2025-1017-256,2025-1017,3,0.551851403435246,0.5111687519072322,0.5315100776712391,0.5346367592585922,0.5322424548454838
wta:206420,wta:215138,2025-08-07,2025,2025,hard,Cincinnati,R64,6-4 6-2,51,32,67,28,87,WTA-2025-1017-257,2025-1017,3,0.9313906742271068,0.7174549893194996,0.8244228317733031,0.8505388459918692,0.8249721146539867
wta:206294,wta:223670,2025-08-07,2025,2025,hard,Cincinnati,R64,6-4 1-6 6-3,74,48,90,55,87,WTA-2025-1017-258,2025-1017,3,0.24466512778811045,0.41455599633811413,0.3296105620631123,0.32049153507777234,0.32838993343937106
wta:201514,wta:211684,2025-08-07,2025,2025,hard,Cincinnati,R64,7-6(4) 2-6 6-4,81,54,97,59,87,WTA-2025-1017-259,2025-1017,3,0.631412564057693,0.5519987793713763,0.5917056717145346,0.5887630747660203,0.5856330443114219
wta:216146,wta:213583,2025-08-07,2025,2025,hard,Cincinnati,R64,6-0 6-1,36,25,45,18,87,WTA-2025-1017-260,2025-1017,3,0.867869499976613,0.6521513579493439,0.7600104289629784,0.7781355609309447,0.7608953847151909
wta:216347,wta:215713,2025-08-07,2025,2025,hard,Cincinnati,R64,6-1 6-4,52,37,45,21,87,WTA-2025-1017-261,2025-1017,3,0.9553833842564418,0.7449801647848642,0.850181774520653,0.8852049578591268,0.8516465288691424
wta:201619,wta:220332,2025-08-07,2025,2025,hard,Cincinnati,R64,1-6 6-3 7-6(1),91,52,104,57,87,WTA-2025-1017-262,2025-1017,3,0.9089472877732507,0.6901739395788832,0.7995606136760669,0.8225760692879066,0.7983094693367322
wta:256684,wta:201499,2025-08-07,2025,2025,hard,Cincinnati,R64,6-1 4-6 6-4,88,48,92,41,87,WTA-2025-1017-263,2025-1017,3,0.09952691517233613,0.3080561489166921,0.2037915320445141,0.18719686620919773,0.20644639930115127
wta:210722,wta:238064,2025-08-07,2025,2025,hard,Cincinnati,R64,3-6 7-6(3) 7-5,101,64,104,63,87,WTA-2025-1017-264,2025-1017,3,0.9332772258776142,0.7485810192249008,0.8409291225512575,0.853055624241983,0.8408375754044769
wta:214981,wta:213887,2025-08-07,2025,2025,hard,Cincinnati,R64,4-6 6-0 7-5,103,67,106,59,87,WTA-2025-1017-265,2025-1017,3,0.9523458842256411,0.7471162648764114,0.8497310745510263,0.8804437981648976,0.8491512759547492
wta:203501,wta:214643,2025-08-07,2025,2025,hard,Cincinnati,R64,6-2 6-4,50,38,60,37,87,WTA-2025-1017-266,2025-1017,3,0.24422377351486255,0.41010070186145864,0.3271622376881606,0.320144689031641,0.3243242761379622
wta:222601,wta:220367,2025-08-07,2025,2025,hard,Cincinnati,R64,6-3 6-3,59,38,52,29,87,WTA-2025-1017-267,2025-1017,3,0.3810782832242588,0.4646017699115044,0.4228400265678816,0.419867830451503,0.4240911709072164
wta:221054,wta:215337,2025-08-07,2025,2025,hard,Cincinnati,R64,6-3 6-2,42,30,66,30,87,WTA-2025-1017-268,2025-1017,3,0.8359452235413494,0.6365883429966432,0.7362667832689963,0.7475475767109659,0.7341001674618557
wta:214544,wta:214954,2025-08-07,2025,2025,hard,Cincinnati,R64,7-5 6-1,83,52,50,30,87,WTA-2025-1017-269,2025-1017,3,0.7602576364733572,0.589533109551419,0.6748953730123881,0.6833900069656609,0.67828261744327
wta:211148,wta:206368,2025-08-07,2025,2025,hard,Cincinnati,SF,6-3 6-7(2) 6-3,99,71,86,55,87,WTA-2025-1017-298,2025-1017,3,0.6048626950394604,0.5267927982911199,0.5658277466652901,0.5704887331875408,0.5684520982063338
wta:216347,wta:214981,2025-08-07,2025,2025,hard,Cincinnati,SF,7-5 6-3,59,42,65,37,87,WTA-2025-1017-299,2025-1017,3,0.7106085217527116,0.5643271284711626,0.6374678251119371,0.6454032771596584,0.6400616609373873
wta:201514,wta:215983,2025-08-17,2025,2025,hard,Cleveland,F,6-2 6-4,59,41,64,35,87,WTA-2025-2040-300,2025-2040,3,0.4517201064956603,0.4816905706438816,0.4667053385697709,0.4677576101174742,0.46673585428536446
wta:216133,wta:203530,2025-08-17,2025,2025,hard,Cleveland,QF,4-6 6-4 6-4,87,53,104,57,87,WTA-2025-2040-294,2025-2040,3,0.7796710987678007,0.5983826670735429,0.6890268829206718,0.6989915854791853,0.6939399131312303
wta:215983,wta:221039,2025-08-17,2025,2025,hard,Cleveland,QF,6-1 5-7 6-1,79,50,83,42,87,WTA-2025-2040-295,2025-2040,3,0.7047438146411573,0.5696368629844369,0.6371903388127971,0.6410660178892211,0.6386245774456931
wta:201514,wta:214643,2025-08-17,2025,2025,hard,Cleveland,QF,6-4 6-1,59,41,49,25,87,WTA-2025-2040-297,2025-2040,3,0.30892573703365683,0.4407995117485505,0.3748626243911036,0.3689406207148528,0.3731842600334595
wta:216133,wta:221883,2025-08-17,2025,2025,hard,Cleveland,R16,1-6 6-2 6-3,67,41,74,42,87,WTA-2025-2040-286,2025-2040,3,0.8779137719678131,0.6789441562404639,0.7784289641041384,0.7883843162084914,0.7767811154620878
wta:203530,wta:211107,2025-08-17,2025,2025,hard,Cleveland,R16,7-6(6) 1-6 6-4,92,45,95,48,87,WTA-2025-2040-287,2025-2040,3,0.3141249731854191,0.4423863289594141,0.3782556510724166,0.37271123919655746,0.3776148210449525
wta:215983,wta:260300,2025-08-17,2025,2025,hard,Cleveland,R16,6-3 2-6 6-3,81,47,92,49,87,WTA-2025-2040-288,2025-2040,3,0.6593649410537165,0.5570643881599023,0.6082146646068094,0.6083329689934179,0.6058649545061076
wta:221039,wta:221333,2025-08-17,2025,2025,hard,Cleveland,R16,7-5 7-6(2),77,48,86,48,87,WTA-2025-2040-289,2025-2040,3,0.6550065616288295,0.5582239853524565,0.606615273490643,0.6052558044749898,0.6079579649767584
wta:220435,wta:221024,2025-08-17,2025,2025,hard,Cleveland,R16,6-4 6-3,51,34,65,36,87,WTA-2025-2040-290,2025-2040,3,0.28693094193746527,0.4240768996032957,0.3555039207703805,0.35276869742584327,0.35571753077953516
wta:220332,wta:221236,2025-08-17,2025,2025,hard,Cleveland,R16,6-4 6-3,54,27,73,30,87,WTA-2025-2040-291,2025-2040,3,0.5283455846821605,0.5109856576136711,0.5196656211479158,0.5189083186024799,0.5176820996343363
wta:201514,wta:213525,2025-08-17,2025,2025,hard,Cleveland,R16,6-1 6-1,42,29,41,13,87,WTA-2025-2040-292,2025-2040,3,0.7368076017945955,0.5806835520292951,0.6587455769119452,0.665142074223077,0.6635365442601295
wta:214643,wta:206374,2025-08-17,2025,2025,hard,Cleveland,R16,6-2 6-4,63,42,72,37,87,WTA-2025-2040-293,2025-2040,3,0.7814293776427111,0.6076594446139763,0.6945444111283436,0.7004294576298402,0.6942697696880019
wta:216133,wta:215480,2025-08-17,2025,2025,hard,Cleveland,R32,6-2 6-7(3) 6-2,87,54,94,48,87,WTA-2025-2040-270,2025-2040,3,0.6734426378545788,0.5562709795544706,0.6148568087045247,0.6183454654194914,0.6147042301265571
wta:221883,wta:213889,2025-08-17,2025,2025,hard,Cleveland,R32,7-6(2) 6-4,68,41,77,40,87,WTA-2025-2040-271,2025-2040,3,0.2375324287844629,0.396490692706744,0.31701156074560344,0.3148581060129432,0.31743878076391285
wta:203530,wta:214459,2025-08-17,2025,2025,hard,Cleveland,R32,6-1 6-3,59,37,67,31,87,WTA-2025-2040-272,2025-2040,3,0.4537096304147583,0.47717424473603903,0.46544193757539865,0.469090592314161,0.4701108420612089
wta:211107,wta:206294,2025-08-17,2025,2025,hard,Cleveland,R32,6-4 6-3,54,30,75,35,87,WTA-2025-2040-273,2025-2040,3,0.5894825790956197,0.5286237412267317,0.5590531601611757,0.5600137517130652,0.5586564558584599
wta:260300,wta:215713,2025-08-17,2025,2025,hard,Cleveland,R32,7-5 6-3,77,44,66,34,87,WTA-2025-2040-274,2025-2040,3,0.4033909889385878,0.4664937442783033,0.43494236660844554,0.4351415490152294,0.43234853078299545
wta:215983,wta:263857,2025-08-17,2025,2025,hard,Cleveland,R32,7-5 6-3,68,41,80,41,87,WTA-2025-2040-275,2025-2040,3,0.6675156550494055,0.559688739700946,0.6136021973751757,0.6141159246879533,0.6125036316138086
wta:221039,wta:202684,2025-08-17,2025,2025,hard,Cleveland,R32,6-3 6-1,53,35,62,29,87,WTA-2025-2040-276,2025-2040,3,0.4011492617240308,0.46814159292035395,0.43464542732219236,0.4336144633983004,0.4341266601571024
wta:221333,wta:222661,2025-08-17,2025,2025,hard,Cleveland,R32,4-6 6-4 7-6(2),112,66,122,70,87,WTA-2025-2040-277,2025-2040,3,0.14633729778710308,0.33271284711626486,0.23952507245168397,0.235817585753442,0.24245458114866292
wta:221024,wta:211817,2025-08-17,2025,2025,hard,Cleveland,R32,6-2 7-6(2),70,47,61,37,87,WTA-2025-2040-278,2025-2040,3,0.48368158682834234,0.4943240768996033,0.4890028318639728,0.48911891102351945,0.4890028318639728
wta:220435,wta:214040,2025-08-17,2025,2025,hard,Cleveland,R32,5-7 6-4 6-3,99,53,105,53,87,WTA-2025-2040-279,2025-2040,3,0.39387247241151085,0.47113213304852,0.43250230273001544,0.42864651364448014,0.4303967183540618
wta:221236,wta:221512,2025-08-17,2025,2025,hard,Cleveland,R32,6-4 6-4,66,41,63,31,87,WTA-2025-2040-280,2025-2040,3,0.8506846044826631,0.6788831248092768,0.7647838646459699,0.761330367823881,0.7631055002883258
wta:220332,wta:233741,2025-08-17,2025,2025,hard,Cleveland,R32,6-4 6-4,71,41,57,28,87,WTA-2025-2040-281,2025-2040,3,0.3125555482925498,0.4342691486115349,0.37341234845204235,0.3715750188136462,0.376036699993086
wta:213525,wta:222391,2025-08-17,2025,2025,hard,Cleveland,R32,6-4 1-6 6-4,76,47,91,56,87,WTA-2025-2040-282,2025-2040,3,0.11663959858676205,0.3010985657613671,0.20886908217406458,0.20590912696942887,0.21195116944901116
wta:201514,wta:220416,2025-08-17,2025,2025,hard,Cleveland,R32,6-4 6-1,56,35,57,25,87,WTA-2025-2040-283,2025-2040,3,0.721565962101036,0.5790357033872444,0.6503008327441402,0.653583481724382,0.649537939854302
wta:206374,wta:220548,2025-08-17,2025,2025,hard,Cleveland,R32,6-4 3-6 6-3,86,59,78,56,87,WTA-2025-2040-284,2025-2040,3,0.3664939180461748,0.4489777235276167,0.40773582078689574,0.40978398326468274,0.40874283940148226
wta:214643,wta:214452,2025-08-17,2025,2025,hard,Cleveland,R32,6-4 7-6(2),69,46,72,42,87,WTA-2025-2040-285,2025-2040,3,0.7695120676816112,0.5920964296612755,0.6808042486714434,0.6907665477763523,0.6825741601758681
wta:215983,wta:216133,2025-08-17,2025,2025,hard,Cleveland,SF,6-3 5-7 6-4,93,55,115,61,87,WTA-2025-2040-298,2025-2040,3,0.49697653371650424,0.4986573085138846,0.49781692111519443,0.4979843421621213,0.49677938678501443
wta:201514,wta:220435,2025-08-17,2025,2025,hard,Cleveland,SF,6-1 7-5,52,35,56,26,87,WTA-2025-2040-299,2025-2040,3,0.7270539520509306,0.5917302410741532,0.6593920965625419,0.6577201872496151,0.6552724749574153
wta:223670,wta:206420,2025-08-18,2025,2025,hard,Monterrey,F,6-3 4-6 6-4,96,61,95,53,87,WTA-2025-1039-300,2025-1039,3,0.304740578261281,0.4292645712541959,0.36700257475773845,0.36589160179353175,0.3688640334089438
wta:206420,wta:222328,2025-08-18,2025,2025,hard,Monterrey,QF,7-6(5) 4-6 6-2,94,59,86,52,87,WTA-2025-1039-294,2025-1039,3,0.5804487093146726,0.5304546841623436,0.5554516967385081,0.5538924425377505,0.5487077235923379
wta:213631,wta:222045,2025-08-18,2025,2025,hard,Monterrey,QF,6-3 6-2,44,28,54,23,87,WTA-2025-1039-295,2025-1039,3,0.8805610609442133,0.6794934391211473,0.7800272500326804,0.7911441688807102,0.7781352756658815
wta:223670,wta:210722,2025-08-18,2025,2025,hard,Monterrey,QF,3-6 7-6(6) 7-6(4),123,72,115,70,87,WTA-2025-1039-296,2025-1039,3,0.2703789815079981,0.4249923710711016,0.3476856762895498,0.34033528723301426,0.34631246908784097
wta:219917,wta:211685,2025-08-18,2025,2025,hard,Monterrey,QF,6-2 7-5,64,40,63,32,87,WTA-2025-1039-297,2025-1039,3,0.2505053682359021,0.4129691791272505,0.3317372736815763,0.3250603248994022,0.3287162178378168
wta:206420,wta:201548,2025-08-18,2025,2025,hard,Monterrey,R16,6-4 6-3,79,49,60,32,87,WTA-2025-1039-286,2025-1039,3,0.8596595026705345,0.6527616722612145,0.7562105874658744,0.7699997616550357,0.7544101602458562
wta:222328,wta:213583,2025-08-18,2025,2025,hard,Monterrey,R16,6-3 6-2,46,32,58,26,87,WTA-2025-1039-287,2025-1039,3,0.9052136377320151,0.6928593225511138,0.7990364801415645,0.8182243938236461,0.7962900657381466
wta:213631,wta:206242,2025-08-18,2025,2025,hard,Monterrey,R16,6-3 6-4,71,45,61,34,87,WTA-2025-1039-288,2025-1039,3,0.6096081670654699,0.5345437900518767,0.5720759785586733,0.5737359569175161,0.5723201042834216
wta:222045,wta:220714,2025-08-18,2025,2025,hard,Monterrey,R16,7-6(2) 2-6 6-0,89,54,94,50,87,WTA-2025-1039-289,2025-1039,3,0.2935043522732498,0.4304241684467501,0.36196426035999996,0.35764129060500466,0.35909578309420803
wta:210722,wta:202499,2025-08-18,2025,2025,hard,Monterrey,R16,6-3 6-3,54,31,63,27,87,WTA-2025-1039-290,2025-1039,3,0.8332488996983076,0.6298138541348794,0.7315313769165935,0.7450822002517687,0.7322637540908383
wta:223670,wta:215872,2025-08-18,2025,2025,hard,Monterrey,R16,7-6(3) 6-1,61,41,83,45,87,WTA-2025-1039-291,2025-1039,3,0.8204486366960746,0.6263350625572169,0.7233918496266458,0.7335925112260155,0.7191806808747385
wta:211685,wta:220367,2025-08-18,2025,2025,hard,Monterrey,R16,2-6 6-3 6-2,89,48,73,38,87,WTA-2025-1039-292,2025-1039,3,0.5273556812808999,0.5101312175770522,0.518743449428976,0.5182472428702956,0.5194147951720338
wta:219917,wta:215613,2025-08-18,2025,2025,hard,Monterrey,R16,4-6 6-3 6-2,80,50,94,51,87,WTA-2025-1039-293,2025-1039,3,0.1351077512202809,0.35151052792187976,0.24330913957108033,0.2248386426868542,0.24135613377309437
wta:201548,wta:213887,2025-08-18,2025,2025,hard,Monterrey,R32,4-6 6-3 7-6(1),113,60,114,58,87,WTA-2025-1039-271,2025-1039,3,0.6467860473903775,0.5454073848031736,0.5960967160967756,0.5994789146406164,0.594570930317099
wta:213583,wta:214388,2025-08-18,2025,2025,hard,Monterrey,R32,7-6(5) 7-5,83,47,94,52,87,WTA-2025-1039-272,2025-1039,3,0.573001902116006,0.5264876411351846,0.5497447716255953,0.54886180703943,0.5482189858459188
wta:222328,wta:215138,2025-08-18,2025,2025,hard,Monterrey,R32,7-6(2) 7-6(7),73,60,82,59,87,WTA-2025-1039-273,2025-1039,3,0.8876828269591668,0.6698504729935917,0.7787666499763792,0.7987004417391572,0.7791633542790952
wta:213631,wta:220309,2025-08-18,2025,2025,hard,Monterrey,R32,3-6 6-2 6-4,76,49,103,55,87,WTA-2025-1039-275,2025-1039,3,0.7718801900144869,0.6015563014952701,0.6867182457548785,0.6926715555256084,0.6865656671769109
wta:220714,wta:206417,2025-08-18,2025,2025,hard,Monterrey,R32,6-3 6-4,58,40,58,29,87,WTA-2025-1039-276,2025-1039,3,0.860924812744545,0.6614281354897772,0.7611764741171612,0.7712403749150057,0.7604440969429164
wta:222045,wta:201499,2025-08-18,2025,2025,hard,Monterrey,R32,7-6(4) 6-1,62,43,76,43,87,WTA-2025-1039-277,2025-1039,3,0.10459564383909561,0.3106805004577357,0.20763807214841568,0.19287301302557722,0.20513578346974615
wta:210722,wta:215020,2025-08-18,2025,2025,hard,Monterrey,R32,6-4 6-3,61,38,66,32,87,WTA-2025-1039-278,2025-1039,3,0.9216204319206652,0.7014037229173025,0.8115120774189839,0.8379490877372028,0.8125496117491638
wta:202499,wta:206289,2025-08-18,2025,2025,hard,Monterrey,R32,6-2 6-3,55,33,49,22,87,WTA-2025-1039-279,2025-1039,3,0.4440182732004016,0.483094293561184,0.4635562833807928,0.4625917479035656,0.4654482577475917
wta:215872,wta:222601,2025-08-18,2025,2025,hard,Monterrey,R32,6-4 7-5,56,30,65,31,87,WTA-2025-1039-280,2025-1039,3,0.4121175577452973,0.4733292645712542,0.44272341115827574,0.4410720735002294,0.4432116626077722
wta:220367,wta:211713,2025-08-18,2025,2025,hard,Monterrey,R32,6-3 7-5,54,44,65,41,87,WTA-2025-1039-282,2025-1039,3,0.6152206423021929,0.5383277387854746,0.5767741905438337,0.5775865999324732,0.5754009833421247
wta:211685,wta:211874,2025-08-18,2025,2025,hard,Monterrey,R32,6-0 6-3,50,35,44,20,87,WTA-2025-1039-283,2025-1039,3,0.9687144714456282,0.8335978028684773,0.9011561371570527,0.9079237064993217,0.899447257083815
wta:219917,wta:213710,2025-08-18,2025,2025,hard,Monterrey,R32,6-2 6-1,42,32,47,24,87,WTA-2025-1039-284,2025-1039,3,0.31402423280864944,0.4409215746109246,0.37747290370978703,0.37263835634260184,0.3756419607741752
wta:206420,wta:213631,2025-08-18,2025,2025,hard,Monterrey,SF,6-3 0-0 RET,28,17,22,10,87,WTA-2025-1039-298,2025-1039,3,0.7076784431171286,0.5674397314617028,0.6375590872894157,0.64323288116496,0.6376811501517898
wta:223670,wta:219917,2025-08-18,2025,2025,hard,Monterrey,SF,6-3 7-6(8),78,54,78,50,87,WTA-2025-1039-299,2025-1039,3,0.8417830875263888,0.6415318889227952,0.741657488224592,0.7529429674203882,0.7368054894452206
wta:214544,wta:216153,2025-08-25,2025,2025,hard,Us Open,F,6-3 7-6(3),69,42,66,32,87,WTA-2025-560-226,2025-560,3,0.8215808619280877,0.6192554165395179,0.7204181392338027,0.7345951722853099,0.7221270193070405
wta:202468,wta:206252,2025-08-25,2025,2025,hard,Us Open,QF,6-3 6-3,58,35,62,28,87,WTA-2025-560-221,2025-560,3,0.807623523125554,0.6102227647238327,0.7089231439246934,0.7224060273127383,0.7102963511264022
wta:211768,wta:214096,2025-08-25,2025,2025,hard,Us Open,QF,6-4 7-6(3),78,50,57,36,87,WTA-2025-560-222,2025-560,3,0.6284983967147534,0.5421116875190723,0.5853050421169128,0.5867437199230684,0.5826501748602757
wta:216153,wta:216347,2025-08-25,2025,2025,hard,Us Open,QF,6-4 6-3,61,38,60,31,87,WTA-2025-560-223,2025-560,3,0.15721120930730115,0.3648764113518462,0.2610438103295737,0.2461193537019456,0.2624780489624696
wta:214544,wta:214119,2025-08-25,2025,2025,hard,Us Open,R128,7-5 6-1,57,40,56,30,87,WTA-2025-560-100,2025-560,3,0.954001535207073,0.7562709795544705,0.8551362573807717,0.883022751302598,0.8510776672068322
wta:221236,wta:203463,2025-08-25,2025,2025,hard,Us Open,R128,2-2 RET,20,12,10,8,87,WTA-2025-560-101,2025-560,3,0.791767355520783,0.6069880988709185,0.6993777271958508,0.7089743165852204,0.7039856002504739
wta:221039,wta:213631,2025-08-25,2025,2025,hard,Us Open,R128,6-4 6-3,65,38,59,28,87,WTA-2025-560-102,2025-560,3,0.2458316787197805,0.40515715593530666,0.3254944173275436,0.3214072100010064,0.32198511003428754
wta:220367,wta:201606,2025-08-25,2025,2025,hard,Us Open,R128,6-2 6-1,57,36,42,18,87,WTA-2025-560-103,2025-560,3,0.7684525918994016,0.5950259383582545,0.6817392651288281,0.6899166131238537,0.6840584595139364
wta:210722,wta:260101,2025-08-25,2025,2025,hard,Us Open,R128,6-1 6-0,31,25,49,19,87,WTA-2025-560-104,2025-560,3,0.9749610148686154,0.8235276167226121,0.8992443157956138,0.9199235658044475,0.9007395858596967
wta:215138,wta:215785,2025-08-25,2025,2025,hard,Us Open,R128,6-4 2-6 6-0,65,39,67,32,87,WTA-2025-560-105,2025-560,3,0.29525388409158076,0.44055538602380223,0.3679046350576915,0.35893228557357554,0.3661957549844538
wta:213710,wta:214906,2025-08-25,2025,2025,hard,Us Open,R128,6-2 6-1,48,32,65,31,87,WTA-2025-560-106,2025-560,3,0.6592464884288455,0.5590784253890754,0.6091624569089604,0.6082492012820191,0.6073620296889422
wta:223253,wta:220704,2025-08-25,2025,2025,hard,Us Open,R128,6-3 2-6 7-6(11),94,51,111,62,87,WTA-2025-560-107,2025-560,3,0.20288121037857912,0.3887397009459872,0.29581045566228314,0.28653853766617093,0.29907563723079095
wta:214981,wta:264075,2025-08-25,2025,2025,hard,Us Open,R128,6-3 6-0,38,32,56,27,87,WTA-2025-560-108,2025-560,3,0.9053589536207807,0.7222154409520903,0.8137871972864354,0.8183923805662703,0.8141228701579644
wta:238184,wta:214459,2025-08-25,2025,2025,hard,Us Open,R128,6-3 3-6 6-4,76,49,102,56,87,WTA-2025-560-109,2025-560,3,0.43424843218269243,0.47558742752517547,0.454917929853934,0.4560242103227044,0.452964924055948
wta:221054,wta:214262,2025-08-25,2025,2025,hard,Us Open,R128,6-1 6-2,45,35,42,20,87,WTA-2025-560-110,2025-560,3,0.8557327499095336,0.6553249923710711,0.7555288711403023,0.7661790834372215,0.7569325940576048
wta:222145,wta:206368,2025-08-25,2025,2025,hard,Us Open,R128,6-4 4-6 6-4,84,55,91,55,87,WTA-2025-560-111,2025-560,3,0.10088927422558835,0.295056454073848,0.19797286414971818,0.1887343561955953,0.20010896424126534
wta:220520,wta:202663,2025-08-25,2025,2025,hard,Us Open,R128,7-5 7-5,90,50,88,44,87,WTA-2025-560-112,2025-560,3,0.5643648123806043,0.5203844980164785,0.5423746551985413,0.54304248509718,0.5447853967304304
wta:214954,wta:221407,2025-08-25,2025,2025,hard,Us Open,R128,6-3 7-6(3),78,45,82,36,87,WTA-2025-560-113,2025-560,3,0.9272461055935544,0.7360085444003662,0.8316273249969603,0.8451107999810209,0.8301625706484708
wta:260300,wta:205925,2025-08-25,2025,2025,hard,Us Open,R128,7-6(6) 6-3,76,47,75,43,87,WTA-2025-560-114,2025-560,3,0.549860837677379,0.517943240768996,0.5339020392231875,0.5333020313271651,0.5324372848746981
wta:211148,wta:215018,2025-08-25,2025,2025,hard,Us Open,R128,6-2 7-6(4),62,39,82,43,87,WTA-2025-560-115,2025-560,3,0.818045622878018,0.6308513884650595,0.7244485056715387,0.7314728514519936,0.7266456371942729
wta:202468,wta:210886,2025-08-25,2025,2025,hard,Us Open,R128,6-0 6-4,56,34,50,19,87,WTA-2025-560-116,2025-560,3,0.993892573831439,0.8866341165700335,0.9402633452007363,0.9675400289425385,0.9413619109621034
wta:215020,wta:263857,2025-08-25,2025,2025,hard,Us Open,R128,6-3 6-1,44,26,69,30,87,WTA-2025-560-117,2025-560,3,0.43497589942676096,0.4797985962770827,0.45738724785192186,0.45651385265151423,0.45860787647566303
wta:201458,wta:222080,2025-08-25,2025,2025,hard,Us Open,R128,7-6(0) 6-4,93,54,70,39,87,WTA-2025-560-118,2025-560,3,0.9455276818201305,0.7958803783948734,0.870704030107502,0.8701968461045779,0.871283828703779
wta:201499,wta:215035,2025-08-25,2025,2025,hard,Us Open,R128,6-7(5) 7-6(5) 6-4,116,79,109,74,87,WTA-2025-560-119,2025-560,3,0.5762850686968887,0.5256332010985658,0.5509591348977272,0.5510781223645577,0.5481516890631224
wta:214643,wta:206294,2025-08-25,2025,2025,hard,Us Open,R128,2-6 6-4 6-4,85,51,93,57,87,WTA-2025-560-120,2025-560,3,0.8121216196200376,0.6164479707049131,0.7142847951624753,0.7262946275588134,0.715413876639436
wta:211880,wta:206417,2025-08-25,2025,2025,hard,Us Open,R128,6-3 7-5,68,45,58,35,87,WTA-2025-560-121,2025-560,3,0.6755323133476526,0.5729935916997254,0.624262952523689,0.6198417743426329,0.6197161109002529
wta:215983,wta:211685,2025-08-25,2025,2025,hard,Us Open,R128,4-6 6-2 6-4,94,54,90,49,87,WTA-2025-560-122,2025-560,3,0.5567574362931418,0.5085444003661886,0.5326509183296653,0.537929076423595,0.5373808542466625
wta:202505,wta:201533,2025-08-25,2025,2025,hard,Us Open,R128,6-3 6-3,66,41,62,33,87,WTA-2025-560-123,2025-560,3,0.8971987891128804,0.6888922795239548,0.7930455343184176,0.8091227699560691,0.7901770570526258
wta:215613,wta:206374,2025-08-25,2025,2025,hard,Us Open,R128,7-6(9) 6-3,86,52,77,41,87,WTA-2025-560-124,2025-560,3,0.7474765065771083,0.5917302410741532,0.6696033738256307,0.673369736355834,0.6671316008625547
wta:216083,wta:213525,2025-08-25,2025,2025,hard,Us Open,R128,6-2 6-2,42,33,45,23,87,WTA-2025-560-125,2025-560,3,0.602924055584732,0.5354592615196826,0.5691916585522073,0.5691643303698266,0.5678184513504985
wta:220416,wta:215337,2025-08-25,2025,2025,hard,Us Open,R128,7-6(2) 4-6 7-6(9),140,89,129,82,87,WTA-2025-560-126,2025-560,3,0.4042353002757003,0.46801953005797986,0.43612741516684006,0.4357163063008952,0.43847712526754196
wta:206252,wta:239475,2025-08-25,2025,2025,hard,Us Open,R128,6-3 6-2,48,35,70,36,87,WTA-2025-560-127,2025-560,3,0.6600868987691081,0.5611534940494355,0.6106201964092718,0.6088436921526948,0.6091554420607823
wta:211533,wta:216016,2025-08-25,2025,2025,hard,Us Open,R128,6-4 6-3,75,45,48,25,87,WTA-2025-560-128,2025-560,3,0.6285141444704772,0.5402807445834605,0.5843974445269688,0.5867546225845038,0.5852518845635877
wta:203501,wta:222045,2025-08-25,2025,2025,hard,Us Open,R128,6-4 6-4,63,45,72,43,87,WTA-2025-560-129,2025-560,3,0.7473548515767133,0.5880683552029295,0.6677116033898214,0.6732752405624554,0.6710988478207034
wta:215713,wta:202684,2025-08-25,2025,2025,hard,Us Open,R128,6-4 4-6 6-2,76,48,90,51,87,WTA-2025-560-130,2025-560,3,0.5465413246204873,0.515929203539823,0.5312352640801552,0.5310775169207412,0.529099163988608
wta:259799,wta:219917,2025-08-25,2025,2025,hard,Us Open,R128,6-0 6-1,30,24,48,18,87,WTA-2025-560-131,2025-560,3,0.9631290332425526,0.776594446139762,0.8698617396911573,0.8979979896696161,0.8644909737466959
wta:213887,wta:201619,2025-08-25,2025,2025,hard,Us Open,R128,6-7(10) 7-6(3) 7-5,132,77,124,70,87,WTA-2025-560-132,2025-560,3,0.05428135034727937,0.27210863594751294,0.16319499314739616,0.12952374385747645,0.15843454151480538
wta:220348,wta:201520,2025-08-25,2025,2025,hard,Us Open,R128,6-1 6-0,39,28,35,11,87,WTA-2025-560-133,2025-560,3,0.56716596510788,0.5164174549893195,0.5417917100485997,0.5449280931670231,0.545087407332701
wta:220309,wta:220465,2025-08-25,2025,2025,hard,Us Open,R128,6-3 6-4,59,39,55,27,87,WTA-2025-560-134,2025-560,3,0.40853591591111776,0.47076594446139763,0.43965093018625767,0.438640646798959,0.438918553012013
wta:216146,wta:211107,2025-08-25,2025,2025,hard,Us Open,R128,6-4 6-4,66,42,70,39,87,WTA-2025-560-135,2025-560,3,0.6903373565533347,0.563655782728105,0.6269965696407198,0.6305238123221182,0.6289495754387058
wta:222328,wta:213646,2025-08-25,2025,2025,hard,Us Open,R128,6-4 7-5,55,45,64,41,87,WTA-2025-560-136,2025-560,3,0.8266920136427095,0.6419591089411046,0.7343255612919071,0.7391537160484245,0.7302364554023739
wta:220332,wta:215936,2025-08-25,2025,2025,hard,Us Open,R128,6-0 7-5,54,34,55,25,87,WTA-2025-560-137,2025-560,3,0.630578298551605,0.5414403417760146,0.5860093201638098,0.5881846062017446,0.5854295215675327
wta:201514,wta:221333,2025-08-25,2025,2025,hard,Us Open,R128,7-5 6-0,49,38,61,33,87,WTA-2025-560-138,2025-560,3,0.785848771699056,0.6240158681721086,0.7049323199355824,0.7040630085168695,0.7001108368718045
wta:214096,wta:200748,2025-08-25,2025,2025,hard,Us Open,R128,6-3 2-6 6-1,69,45,87,47,87,WTA-2025-560-139,2025-560,3,0.9016660268968664,0.7004882514494964,0.8010771391731815,0.8141568116768051,0.8052883079250887
wta:214082,wta:211817,2025-08-25,2025,2025,hard,Us Open,R128,7-5 6-1,53,29,56,19,87,WTA-2025-560-140,2025-560,3,0.5321463851639796,0.5103753433018005,0.52126086423289,0.5214473569575921,0.5210167385081418
wta:215872,wta:201614,2025-08-25,2025,2025,hard,Us Open,R128,6-4 4-6 6-3,108,67,88,54,87,WTA-2025-560-141,2025-560,3,0.4490642941337327,0.4840097650289899,0.46653702958136134,0.4659773159038677,0.4634549423064147
wta:221024,wta:211701,2025-08-25,2025,2025,hard,Us Open,R128,7-5 6-3,73,41,55,24,87,WTA-2025-560-142,2025-560,3,0.5614506974422595,0.5192859322551114,0.5403683148486855,0.5410824609804294,0.5404293462798725
wta:211768,wta:213889,2025-08-25,2025,2025,hard,Us Open,R128,6-3 6-4,65,38,53,22,87,WTA-2025-560-143,2025-560,3,0.8630561254430641,0.6539823008849558,0.7585192131640099,0.7733408189448292,0.7594041689162223
wta:211684,wta:221883,2025-08-25,2025,2025,hard,Us Open,R128,6-2 6-2,49,32,51,23,87,WTA-2025-560-144,2025-560,3,0.7677724369875817,0.6097345132743363,0.688753475130959,0.6893717347598415,0.6892417265804555
wta:220548,wta:221985,2025-08-25,2025,2025,hard,Us Open,R128,7-5 6-0,49,37,61,33,87,WTA-2025-560-145,2025-560,3,0.9690786195439123,0.8255416539517851,0.8973101367478487,0.9085949430481228,0.8954181623810498
wta:202499,wta:222601,2025-08-25,2025,2025,hard,Us Open,R128,3-6 7-5 6-3,87,48,87,44,87,WTA-2025-560-146,2025-560,3,0.6312326644991947,0.5482758620689655,0.5897542632840801,0.58863830955027,0.5865195974311659
wta:221103,wta:201548,2025-08-25,2025,2025,hard,Us Open,R128,6-4 6-7(2) 7-5,101,58,127,67,87,WTA-2025-560-147,2025-560,3,0.9447110952476044,0.737778455904791,0.8412447755761977,0.8690066941443834,0.8375218582737869
wta:216153,wta:214040,2025-08-25,2025,2025,hard,Us Open,R128,6-3 6-2,46,34,52,26,87,WTA-2025-560-148,2025-560,3,0.839995519569318,0.6357949343912115,0.7378952269802648,0.7512823371329269,0.7375290383931423
wta:233741,wta:223286,2025-08-25,2025,2025,hard,Us Open,R128,6-4 7-6(6),83,46,76,39,87,WTA-2025-560-149,2025-560,3,0.9486452625495531,0.7667073542874581,0.8576763084185055,0.8748112070435909,0.8583171384459697
wta:211713,wta:203389,2025-08-25,2025,2025,hard,Us Open,R128,6-2 6-0,42,31,56,25,87,WTA-2025-560-150,2025-560,3,0.14229467871420137,0.35102227647238327,0.24665847759329232,0.23190713097600674,0.2505339734736707
wta:221909,wta:213550,2025-08-25,2025,2025,hard,Us Open,R128,5-7 6-4 6-2,84,51,96,51,87,WTA-2025-560-151,2025-560,3,0.4221581977845909,0.4768080561489167,0.4494831269667538,0.4478701250469558,0.44795734118707725
wta:206242,wta:222661,2025-08-25,2025,2025,hard,Us Open,R128,6-3 1-6 6-1,81,46,75,38,87,WTA-2025-560-152,2025-560,3,0.39196012637386235,0.4720476045163259,0.4320038654450941,0.42733804049452906,0.427914759555561
wta:203530,wta:222391,2025-08-25,2025,2025,hard,Us Open,R128,3-6 7-6(3) 6-2,94,64,97,64,87,WTA-2025-560-153,2025-560,3,0.11656364924536888,0.3151357949343912,0.21584972208988004,0.20582876425707472,0.21069256615457335
wta:206289,wta:213583,2025-08-25,2025,2025,hard,Us Open,R128,6-3 6-2,69,41,49,22,87,WTA-2025-560-154,2025-560,3,0.8026461200641251,0.6143118706133659,0.7084789953387455,0.7181446412014398,0.7113779883201309
wta:214388,wta:202494,2025-08-25,2025,2025,hard,Us Open,R128,6-2 6-4,72,45,74,39,87,WTA-2025-560-155,2025-560,3,0.02584819318305914,0.20405859017393957,0.11495339167849936,0.08169393571446547,0.11257316586220396
wta:206420,wta:201545,2025-08-25,2025,2025,hard,Us Open,R128,6-4 6-1,51,33,60,27,87,WTA-2025-560-156,2025-560,3,0.8646914511521003,0.6555691180958193,0.7601302846239598,0.774961760876085,0.7596420331744633
wta:216133,wta:214452,2025-08-25,2025,2025,hard,Us Open,R128,2-6 6-4 6-2,85,52,90,51,87,WTA-2025-560-157,2025-560,3,0.6373323335494967,0.5392432102532805,0.5882877719013886,0.592876506148702,0.5914003748919288
wta:220435,wta:220589,2025-08-25,2025,2025,hard,Us Open,R128,6-3 6-4,57,32,55,26,87,WTA-2025-560-158,2025-560,3,0.42038481204885875,0.47448886176380833,0.4474368369063335,0.44667129330457084,0.4429815424296781
wta:201696,wta:223670,2025-08-25,2025,2025,hard,Us Open,R128,7-6(3) 2-6 6-3,94,53,92,50,87,WTA-2025-560-159,2025-560,3,0.2946732394954878,0.42340555386023804,0.3590393966778629,0.35850409058063976,0.36627162127352964
wta:214939,wta:238064,2025-08-25,2025,2025,hard,Us Open,R128,6-0 5-7 6-4,99,61,78,44,87,WTA-2025-560-160,2025-560,3,0.827892787382021,0.6445224290509612,0.7362076082164911,0.7402325078939809,0.7360855453541171
wta:201709,wta:220714,2025-08-25,2025,2025,hard,Us Open,R128,6-4 7-6(4),79,43,77,39,87,WTA-2025-560-161,2025-560,3,0.5851092281268198,0.5289288983826671,0.5570190632547434,0.5570477136234344,0.5560730760713439
wta:215480,wta:260580,2025-08-25,2025,2025,hard,Us Open,R128,6-4 6-2,65,38,58,25,87,WTA-2025-560-162,2025-560,3,0.8076168594071191,0.6350625572169667,0.721339708312043,0.7224002933762621,0.7203021739818629
wta:216347,wta:215306,2025-08-25,2025,2025,hard,Us Open,R128,6-1 6-2,42,32,44,22,87,WTA-2025-560-163,2025-560,3,0.9769887935151389,0.8056454073848032,0.891317100449971,0.9240713986617854,0.8929344333764282
wta:214544,wta:213710,2025-08-25,2025,2025,hard,Us Open,R16,6-1 6-4,50,37,65,36,87,WTA-2025-560-212,2025-560,3,0.9616598040618057,0.7627403112602991,0.8622000576610525,0.8954918383664933,0.8646413149085348
wta:214954,wta:214981,2025-08-25,2025,2025,hard,Us Open,R16,6-4 5-7 6-2,87,58,82,51,87,WTA-2025-560-213,2025-560,3,0.4167539692618823,0.4727799816905706,0.44476697547622646,0.44421437693469956,0.44723874843930245
wta:202468,wta:215983,2025-08-25,2025,2025,hard,Us Open,R16,6-1 6-2,36,26,49,19,87,WTA-2025-560-214,2025-560,3,0.8303174712984914,0.6286542569423254,0.7294858641204084,0.7424202239123572,0.7308895870377108
wta:206252,wta:203501,2025-08-25,2025,2025,hard,Us Open,R16,1-6 7-6(13) 6-3,123,66,109,64,87,WTA-2025-560-215,2025-560,3,0.6549802489921619,0.5559658223985352,0.6054730356953486,0.6052372577577825,0.5975999810722177
wta:214096,wta:216146,2025-08-25,2025,2025,hard,Us Open,R16,6-3 6-7(0) 6-3,127,78,81,54,87,WTA-2025-560-216,2025-560,3,0.5546219009122925,0.5098260604211169,0.5322239806667046,0.5364954865263015,0.5341769864646906
wta:211768,wta:221103,2025-08-25,2025,2025,hard,Us Open,R16,6-3 6-2,38,32,50,27,87,WTA-2025-560-217,2025-560,3,0.3186662583484554,0.4367104058590174,0.3776883321037364,0.37598966386355603,0.3768949234983046
wta:216153,wta:206242,2025-08-25,2025,2025,hard,Us Open,R16,6-0 6-3,43,30,60,26,87,WTA-2025-560-218,2025-560,3,0.7405740359549845,0.5820872749465975,0.661330655450791,0.6680331832491572,0.6648094470284536
wta:216347,wta:206420,2025-08-25,2025,2025,hard,Us Open,R16,6-3 6-1,49,32,48,22,87,WTA-2025-560-219,2025-560,3,0.7946989818565301,0.6086969789441562,0.7016979804003431,0.7114268675941042,0.7031932504644262
wta:214544,wta:220367,2025-08-25,2025,2025,hard,Us Open,R32,6-3 7-6(2),82,56,60,39,87,WTA-2025-560-196,2025-560,3,0.9486378267413539,0.737778455904791,0.8432081413230724,0.8748000636061495,0.8434522670478206
wta:213710,wta:210722,2025-08-25,2025,2025,hard,Us Open,R32,3-6 7-5 6-3,97,61,105,63,87,WTA-2025-560-197,2025-560,3,0.12591278426141303,0.34046383887702164,0.23318831156921732,0.2155606212004649,0.23450048733973916
wta:214981,wta:221054,2025-08-25,2025,2025,hard,Us Open,R32,6-1 6-2,45,33,46,23,87,WTA-2025-560-198,2025-560,3,0.6666302415816917,0.5513274336283186,0.6089788376050052,0.6134858800120109,0.6085211018711022
wta:214954,wta:211148,2025-08-25,2025,2025,hard,Us Open,R32,7-6(4) 6-1,69,47,66,40,87,WTA-2025-560-199,2025-560,3,0.6829824347418257,0.5561489166920964,0.6195656757169611,0.6251989667690048,0.6181619527996587
wta:202468,wta:201458,2025-08-25,2025,2025,hard,Us Open,R32,6-1 7-5,64,40,76,35,87,WTA-2025-560-200,2025-560,3,0.7499331280456741,0.58452853219408,0.667230830119877,0.675281381343832,0.6690007416243018
wta:215983,wta:211880,2025-08-25,2025,2025,hard,Us Open,R32,7-5 6-3,91,53,73,36,87,WTA-2025-560-201,2025-560,3,0.8655118058936994,0.6635032041501373,0.7645075050219183,0.7757779941574846,0.7665520579666849
wta:206252,wta:215613,2025-08-25,2025,2025,hard,Us Open,R32,4-6 6-4 6-4,100,56,104,55,87,WTA-2025-560-202,2025-560,3,0.426980605967551,0.47717424473603903,0.452077425351795,0.45112639143931044,0.4523520667921368
wta:203501,wta:259799,2025-08-25,2025,2025,hard,Us Open,R32,7-5 6-2,52,34,59,31,87,WTA-2025-560-203,2025-560,3,0.10215081249802294,0.3200183094293561,0.21108456096368952,0.19015019301373956,0.20812453655111704
wta:216146,wta:220348,2025-08-25,2025,2025,hard,Us Open,R32,3-6 6-4 6-2,87,55,107,58,87,WTA-2025-560-204,2025-560,3,0.7477230513602534,0.5897162038449801,0.6687196276026168,0.6735612898585268,0.6688722061805845
wta:214096,wta:222328,2025-08-25,2025,2025,hard,Us Open,R32,6-7(5) 6-4 6-2,86,57,124,66,87,WTA-2025-560-205,2025-560,3,0.4478794672471861,0.48413182789136405,0.4660056475692751,0.46518273539653027,0.4662497732940233
wta:211768,wta:214082,2025-08-25,2025,2025,hard,Us Open,R32,6-0 4-6 6-3,74,45,70,32,87,WTA-2025-560-206,2025-560,3,0.774354645937849,0.5928898382667074,0.6836222421022782,0.6946699717185699,0.6873756751202824
wta:221103,wta:211684,2025-08-25,2025,2025,hard,Us Open,R32,6-3 6-1,46,30,47,19,87,WTA-2025-560-207,2025-560,3,0.9537838822895582,0.7399755874275252,0.8468797348585417,0.8826815372463036,0.8494735706839918
wta:216153,wta:211713,2025-08-25,2025,2025,hard,Us Open,R32,6-4 4-6 6-2,81,47,107,55,87,WTA-2025-560-208,2025-560,3,0.8496979205203504,0.6418370460787306,0.7457674832995405,0.7603906655737387,0.743783961785961
wta:206242,wta:206289,2025-08-25,2025,2025,hard,Us Open,R32,6-1 6-2,49,36,41,19,87,WTA-2025-560-209,2025-560,3,0.4657987584649201,0.48773268233140066,0.47676572039816034,0.47717937710724473,0.4784440847558046
wta:206420,wta:201696,2025-08-25,2025,2025,hard,Us Open,R32,6-0 6-1,52,33,34,10,87,WTA-2025-560-210,2025-560,3,0.8546894253735987,0.6420201403722917,0.7483547828729452,0.7651712622330902,0.7483242671573517
wta:216347,wta:214939,2025-08-25,2025,2025,hard,Us Open,R32,7-6(2) 6-4,67,41,98,51,87,WTA-2025-560-211,2025-560,3,0.9065161563474503,0.6878547451937748,0.7971854507706125,0.8197340677053195,0.8009388837886169
wta:214544,wta:221236,2025-08-25,2025,2025,hard,Us Open,R64,7-6(4) 6-2,75,49,73,42,87,WTA-2025-560-164,2025-560,3,0.9756376488875095,0.7983216356423558,0.8869796422649326,0.9212921912758821,0.8875899565768033
wta:220367,wta:221039,2025-08-25,2025,2025,hard,Us Open,R64,2-6 6-3 6-2,90,54,94,52,87,WTA-2025-560-165,2025-560,3,0.6282101406040818,0.5392432102532805,0.5837266754286812,0.5865441695927832,0.5887617685016137
wta:210722,wta:215138,2025-08-25,2025,2025,hard,Us Open,R64,6-2 6-3,55,35,58,29,87,WTA-2025-560-166,2025-560,3,0.9415286236397956,0.734787915776625,0.8381582697082103,0.8644373501275674,0.8366324839285337
wta:213710,wta:223253,2025-08-25,2025,2025,hard,Us Open,R64,6-4 6-3,64,35,59,29,87,WTA-2025-560-167,2025-560,3,0.5093801959475467,0.4974366798901434,0.503408437918845,0.5062538716035824,0.5089928138724611
wta:214981,wta:238184,2025-08-25,2025,2025,hard,Us Open,R64,6-3 7-6(7),77,45,67,36,87,WTA-2025-560-168,2025-560,3,0.931271146593261,0.7598108025633201,0.8455409745782906,0.8503803844003925,0.8417570258446927
wta:221054,wta:222145,2025-08-25,2025,2025,hard,Us Open,R64,6-2 6-1,47,34,41,20,87,WTA-2025-560-169,2025-560,3,0.958074715955412,0.786542569423253,0.8723086426893325,0.8895373907308075,0.874810931368002
wta:214954,wta:220520,2025-08-25,2025,2025,hard,Us Open,R64,7-6(7) 6-2,85,48,80,41,87,WTA-2025-560-170,2025-560,3,0.7512465005353447,0.5880683552029295,0.6696574278691372,0.6763061264770411,0.6658124477043522
wta:211148,wta:260300,2025-08-25,2025,2025,hard,Us Open,R64,6-3 6-3,75,42,53,26,87,WTA-2025-560-171,2025-560,3,0.7535652632490346,0.5871528837351236,0.6703590734920791,0.6781200351799053,0.6756382922897599
wta:202468,wta:215020,2025-08-25,2025,2025,hard,Us Open,R64,6-1 6-3,52,31,47,20,87,WTA-2025-560-172,2025-560,3,0.9441579193135035,0.7364967958498627,0.8403273575816831,0.868204653292543,0.8328204915456745
wta:201458,wta:201499,2025-08-25,2025,2025,hard,Us Open,R64,6-3 6-3,50,33,72,36,87,WTA-2025-560-173,2025-560,3,0.5243735875616569,0.507934086054318,0.5161538368079874,0.5162562160077282,0.5164589939639228
wta:211880,wta:214643,2025-08-25,2025,2025,hard,Us Open,R64,4-6 6-3 6-2,84,59,77,44,87,WTA-2025-560-174,2025-560,3,0.07124213232084323,0.2730241074153189,0.17213311986808105,0.15292489398198572,0.1739945785192864
wta:215983,wta:202505,2025-08-25,2025,2025,hard,Us Open,R64,6-3 6-3,48,36,57,29,87,WTA-2025-560-175,2025-560,3,0.28324828104870947,0.42352761672261213,0.35338794888566083,0.35002322671167757,0.3568362247477298
wta:215613,wta:216083,2025-08-25,2025,2025,hard,Us Open,R64,6-2 6-1,47,28,54,19,87,WTA-2025-560-176,2025-560,3,0.777073684524492,0.6007018614586512,0.6888877729915717,0.696875379603164,0.6926106902939824
wta:206252,wta:220416,2025-08-25,2025,2025,hard,Us Open,R64,6-4 6-2,48,34,49,24,87,WTA-2025-560-177,2025-560,3,0.7814639744454548,0.603448275862069,0.6924561251537619,0.7004577937049796,0.6941344895114061
wta:203501,wta:211533,2025-08-25,2025,2025,hard,Us Open,R64,7-5 6-1,48,36,51,26,87,WTA-2025-560-178,2025-560,3,0.332220824833895,0.4387244430881904,0.3854726339610427,0.3856964703780238,0.3873951240434351
wta:259799,wta:215713,2025-08-25,2025,2025,hard,Us Open,R64,6-1 6-3,50,28,68,29,87,WTA-2025-560-179,2025-560,3,0.8786494726978299,0.6541043637473298,0.7663769182225799,0.7891487360893804,0.7708932441304224
wta:220348,wta:213887,2025-08-25,2025,2025,hard,Us Open,R64,6-2 2-6 7-6(7),95,58,98,59,87,WTA-2025-560-180,2025-560,3,0.6058618501852169,0.5285016783643577,0.5671817642747873,0.5711718011254183,0.5713929330266945
wta:216146,wta:220309,2025-08-25,2025,2025,hard,Us Open,R64,7-5 6-7(5) 6-3,110,66,103,58,87,WTA-2025-560-181,2025-560,3,0.7901761077527543,0.6075373817516021,0.6988567447521782,0.7076486775351928,0.6954695003212963
wta:222328,wta:220332,2025-08-25,2025,2025,hard,Us Open,R64,6-4 3-0 RET,41,25,46,22,87,WTA-2025-560-182,2025-560,3,0.8292970982090861,0.6305462313091242,0.7299216647591051,0.7414980374584513,0.7269006089153456
wta:214096,wta:201514,2025-08-25,2025,2025,hard,Us Open,R64,7-6(0) 6-7(3) 6-4,115,68,125,68,87,WTA-2025-560-183,2025-560,3,0.6734217386071581,0.5668294171498321,0.6201255778784951,0.6183305141866554,0.6165552391540521
wta:214082,wta:215872,2025-08-25,2025,2025,hard,Us Open,R64,6-2 4-6 7-5,104,55,88,44,87,WTA-2025-560-184,2025-560,3,0.7616024113103008,0.594537686908758,0.6780700491095294,0.6844553500410357,0.6744997103850863
wta:211768,wta:221024,2025-08-25,2025,2025,hard,Us Open,R64,6-3 6-1,48,32,52,23,87,WTA-2025-560-185,2025-560,3,0.7864085678279564,0.6089411046689045,0.6976748362484304,0.7045252900618464,0.6969119433585922
wta:211684,wta:220548,2025-08-25,2025,2025,hard,Us Open,R64,6-7(6) 6-3 6-2,108,64,106,54,87,WTA-2025-560-186,2025-560,3,0.34386890787238983,0.4553860238022582,0.399627465837324,0.3939512157766027,0.3972167243054351
wta:221103,wta:202499,2025-08-25,2025,2025,hard,Us Open,R64,7-6(5) 6-2,61,32,63,27,87,WTA-2025-560-187,2025-560,3,0.9171351912622838,0.6948733597802869,0.8060042755212853,0.8323948901423553,0.8078352184568971
wta:216153,wta:233741,2025-08-25,2025,2025,hard,Us Open,R64,7-6(2) 6-2,61,43,63,36,87,WTA-2025-560-188,2025-560,3,0.6983969540793044,0.565730851388465,0.6320639027338847,0.636402546375512,0.6291954254680928
wta:211713,wta:221909,2025-08-25,2025,2025,hard,Us Open,R64,4-6 6-2 6-2,73,51,86,50,87,WTA-2025-560-189,2025-560,3,0.3600569319418736,0.4593530668294171,0.40970499938564536,0.4053043806193903,0.406348270670357
wta:206242,wta:203530,2025-08-25,2025,2025,hard,Us Open,R64,6-1 6-4,50,38,57,32,87,WTA-2025-560-190,2025-560,3,0.7369232184467207,0.5838571864510222,0.6603902024488715,0.6652306081060284,0.6626788811183864
wta:206289,wta:214388,2025-08-25,2025,2025,hard,Us Open,R64,6-3 6-1,55,32,46,20,87,WTA-2025-560-191,2025-560,3,0.8440993667734656,0.6397009459871834,0.7419001563803245,0.7551062926288251,0.7426630492701628
wta:206420,wta:216133,2025-08-25,2025,2025,hard,Us Open,R64,6-2 6-2,44,28,56,24,87,WTA-2025-560-192,2025-560,3,0.7516720905917539,0.5856270979554471,0.6686495942736005,0.6766386012704669,0.6685885628424134
wta:201696,wta:220435,2025-08-25,2025,2025,hard,Us Open,R64,6-4 6-2,61,40,70,38,87,WTA-2025-560-193,2025-560,3,0.6534371817435692,0.5541348794629234,0.6037860306032463,0.6041502498224539,0.6056474892544517
wta:214939,wta:201709,2025-08-25,2025,2025,hard,Us Open,R64,6-1 7-5,50,33,68,34,87,WTA-2025-560-194,2025-560,3,0.6721494807434218,0.5653036313701556,0.6187265560567887,0.6174208505606832,0.6117079414702766
wta:216347,wta:215480,2025-08-25,2025,2025,hard,Us Open,R64,6-1 4-6 6-4,84,50,87,44,87,WTA-2025-560-195,2025-560,3,0.9755568835150527,0.8012511443393348,0.8884040139271937,0.9211280362072884,0.889685673982122
wta:214544,wta:202468,2025-08-25,2025,2025,hard,Us Open,SF,4-6 6-3 6-4,96,63,82,55,87,WTA-2025-560-224,2025-560,3,0.6751769154757382,0.5525480622520598,0.613862488863899,0.6195871007411254,0.614320224597802
wta:216153,wta:211768,2025-08-25,2025,2025,hard,Us Open,SF,6-7(4) 7-6(3) 6-3,120,71,114,63,87,WTA-2025-560-225,2025-560,3,0.42999229912304804,0.4803478791577662,0.45517008914040713,0.4531573427032745,0.4548954477000654
wta:239456,wta:222145,2025-09-08,2025,2025,hard,Sao Paulo,F,6-3 6-4,64,38,62,32,88,WTA-2025-1139-300,2025-1139,3,0.4935020826466559,0.4952395483674092,0.49437081550703255,0.49566791960114065,0.4940961740666908
wta:215936,wta:221333,2025-09-08,2025,2025,hard,Sao Paulo,QF,6-3 6-4,60,39,60,32,88,WTA-2025-1139-294,2025-1139,3,0.4785616224865917,0.4941409826060421,0.48635130254631687,0.4857028787832532,0.48452035961070505
wta:222145,wta:223253,2025-09-08,2025,2025,hard,Sao Paulo,QF,6-4 6-1,51,32,52,24,88,WTA-2025-1139-295,2025-1139,3,0.46939955561651514,0.4857186451022276,0.4775591003593714,0.47958553126321785,0.4772234274878425
wta:239456,wta:215910,2025-09-08,2025,2025,hard,Sao Paulo,QF,6-2 6-4,58,39,54,30,88,WTA-2025-1139-296,2025-1139,3,0.8243311316056884,0.6638083613060727,0.7440697464558805,0.7370414421418392,0.7459617208226794
wta:213887,wta:206242,2025-09-08,2025,2025,hard,Sao Paulo,QF,7-6(5) 6-3,75,45,69,37,88,WTA-2025-1139-297,2025-1139,3,0.41365206906626195,0.4747329874885566,0.4441925282774093,0.44211271167053745,0.44638965980014345
wta:221333,wta:267382,2025-09-08,2025,2025,hard,Sao Paulo,R16,6-0 6-4,57,33,45,17,88,WTA-2025-1139-286,2025-1139,3,0.6430855115866884,0.5659749771132133,0.6045302443499508,0.5968894277678148,0.6012345470658496
wta:215936,wta:215992,2025-09-08,2025,2025,hard,Sao Paulo,R16,6-4 7-6(6),75,42,69,37,88,WTA-2025-1139-287,2025-1139,3,0.9340523082323807,0.7476045163259079,0.8408284122791443,0.85409836517029,0.8415913051689825
wta:223253,wta:220699,2025-09-08,2025,2025,hard,Sao Paulo,R16,6-1 6-4,46,33,67,32,88,WTA-2025-1139-288,2025-1139,3,0.6074601705765059,0.5342386328959414,0.5708494017362237,0.5722651816447692,0.5704832131491013
wta:222145,wta:214862,2025-09-08,2025,2025,hard,Sao Paulo,R16,6-1 6-0,33,25,52,20,88,WTA-2025-1139-289,2025-1139,3,0.7750707353453941,0.6444613976197742,0.7097660664825841,0.6952498214591476,0.7070196520791663
wta:215910,wta:252488,2025-09-08,2025,2025,hard,Sao Paulo,R16,6-3 6-3,49,33,60,27,88,WTA-2025-1139-290,2025-1139,3,0.430986836767019,0.4709490387549588,0.45096793776098887,0.4538275852153962,0.4524937235406654
wta:239456,wta:211874,2025-09-08,2025,2025,hard,Sao Paulo,R16,7-5 6-1,67,41,58,25,88,WTA-2025-1139-291,2025-1139,3,0.9497944714247271,0.8135794934391212,0.8816869824319241,0.8765416434624623,0.88052738523937
wta:213887,wta:214507,2025-09-08,2025,2025,hard,Sao Paulo,R16,6-4 6-4,61,40,69,37,88,WTA-2025-1139-292,2025-1139,3,0.9338686042924612,0.7662801342691486,0.8500743692808049,0.8538507551089916,0.8527597522530357
wta:206242,wta:206007,2025-09-08,2025,2025,hard,Sao Paulo,R16,6-1 6-4,50,33,48,20,88,WTA-2025-1139-293,2025-1139,3,0.8349780702660848,0.6397009459871834,0.7373395081266341,0.7466613729796293,0.7420389283280379
wta:221333,wta:215996,2025-09-08,2025,2025,hard,Sao Paulo,R32,7-6(4) 6-3,74,47,74,41,88,WTA-2025-1139-270,2025-1139,3,0.4462760129171857,0.4808361306072627,0.46355607176222424,0.46410705920899376,0.4630373045971342
wta:267382,wta:206430,2025-09-08,2025,2025,hard,Sao Paulo,R32,6-7(0) 6-2 6-0,78,54,90,48,88,WTA-2025-1139-271,2025-1139,3,0.7063816411481626,0.6047299359169973,0.65555578853258,0.6422745091705467,0.6527788584135686
wta:215992,wta:269259,2025-09-08,2025,2025,hard,Sao Paulo,R32,6-3 6-4,83,47,55,28,88,WTA-2025-1139-272,2025-1139,3,0.13209138214981567,0.3067744888617638,0.21943293550578974,0.22182517489475584,0.21647291109321726
wta:215936,wta:215151,2025-09-08,2025,2025,hard,Sao Paulo,R32,4-6 6-2 6-3,96,52,94,46,88,WTA-2025-1139-273,2025-1139,3,0.5475619323954966,0.5232529752822703,0.5354074538388834,0.5317612906209452,0.5333018694629299
wta:223253,wta:215588,2025-09-08,2025,2025,hard,Sao Paulo,R32,6-0 6-2,49,34,51,20,88,WTA-2025-1139-274,2025-1139,3,0.9367652918944954,0.802471772963076,0.8696185324287857,0.8577898144838132,0.8718461796671134
wta:220699,wta:201554,2025-09-08,2025,2025,hard,Sao Paulo,R32,6-3 7-6(1),59,37,72,37,88,WTA-2025-1139-275,2025-1139,3,0.8470467720180951,0.6747329874885566,0.7608898797533259,0.757878330486246,0.764521249908956
wta:214862,wta:201613,2025-09-08,2025,2025,hard,Sao Paulo,R32,7-5 6-4,79,39,105,48,88,WTA-2025-1139-276,2025-1139,3,0.4392360704759765,0.4797985962770827,0.4595173333765296,0.45937922395068115,0.4559775103676801
wta:222145,wta:206417,2025-09-08,2025,2025,hard,Sao Paulo,R32,6-2 6-3,67,40,53,27,88,WTA-2025-1139-277,2025-1139,3,0.8120298786091051,0.6588037839487336,0.7354168312789193,0.7262149513911219,0.7355999255724806
wta:215910,wta:222189,2025-09-08,2025,2025,hard,Sao Paulo,R32,6-2 6-3,48,31,61,30,88,WTA-2025-1139-278,2025-1139,3,0.4365377482422956,0.4790051876716509,0.4577714679569732,0.45756474778414785,0.45450628638846546
wta:252488,wta:211063,2025-09-08,2025,2025,hard,Sao Paulo,R32,6-3 5-7 6-0,83,49,71,30,88,WTA-2025-1139-279,2025-1139,3,0.6328850379527093,0.5861763808361307,0.60953070939442,0.5897848011487606,0.6044345848903003
wta:239456,wta:204419,2025-09-08,2025,2025,hard,Sao Paulo,R32,6-4 4-6 7-6(7),117,59,111,54,88,WTA-2025-1139-280,2025-1139,3,0.9542727433046805,0.8152273420811718,0.8847500426929261,0.8834488660614536,0.8852077784268291
wta:211874,wta:201548,2025-09-08,2025,2025,hard,Sao Paulo,R32,6-4 4-2 RET,56,33,58,29,88,WTA-2025-1139-281,2025-1139,3,0.022791051866649675,0.15627097955447056,0.08953101571056012,0.07546967027768701,0.08934792141699893
wta:213887,wta:220351,2025-09-08,2025,2025,hard,Sao Paulo,R32,6-2 6-1,44,36,51,22,88,WTA-2025-1139-282,2025-1139,3,0.8225759328421675,0.6398230088495576,0.7311994708458625,0.7354784882850345,0.7343731052675897
wta:214507,wta:220446,2025-09-08,2025,2025,hard,Sao Paulo,R32,6-1 6-2,53,37,60,29,88,WTA-2025-1139-283,2025-1139,3,0.2586374304697663,0.37757094903875493,0.3181041897542606,0.3313597041326159,0.3221017484970131
wta:206007,wta:216097,2025-09-08,2025,2025,hard,Sao Paulo,R32,2-6 6-3 6-4,106,57,89,48,88,WTA-2025-1139-284,2025-1139,3,0.500526072477594,0.4999389685688129,0.5002325205232034,0.5003507150569598,0.5025517149083119
wta:206242,wta:210847,2025-09-08,2025,2025,hard,Sao Paulo,R32,6-1 6-1,47,30,40,13,88,WTA-2025-1139-285,2025-1139,3,0.8646379914805131,0.6719865730851389,0.768312282282826,0.774908641956568,0.7681902194204518
wta:222145,wta:215936,2025-09-08,2025,2025,hard,Sao Paulo,SF,7-6(0) 6-3,63,48,72,42,88,WTA-2025-1139-298,2025-1139,3,0.6940551652849601,0.5874580408910589,0.6407566030880095,0.6332297684028401,0.6385899872808689
wta:239456,wta:213887,2025-09-08,2025,2025,hard,Sao Paulo,SF,6-3 6-2,54,35,52,25,88,WTA-2025-1139-299,2025-1139,3,0.4846243250697841,0.4927372596887397,0.4886807923792619,0.4897477542753425,0.49087792390199614
wta:260300,wta:215306,2025-09-08,2025,2025,hard,Guadalajara,F,6-4 6-1,70,39,54,23,88,WTA-2025-2075-300,2025-2075,3,0.6716362851602267,0.5574916081782118,0.6145639466692192,0.6170541955061243,0.615357355274651
wta:260300,wta:223286,2025-09-08,2025,2025,hard,Guadalajara,QF,6-3 3-6 7-6(6),110,58,90,49,88,WTA-2025-2075-294,2025-2075,3,0.886110410898095,0.6842538907537382,0.7851821508259166,0.7970149974030624,0.7851211193947295
wta:223360,wta:211684,2025-09-08,2025,2025,hard,Guadalajara,QF,7-5 6-4,69,42,60,32,88,WTA-2025-2075-295,2025-2075,3,0.3055813439012711,0.41766859932865424,0.36162497161496265,0.36650513828683334,0.3630897259634521
wta:215306,wta:222233,2025-09-08,2025,2025,hard,Guadalajara,QF,6-2 6-3,52,32,55,24,88,WTA-2025-2075-296,2025-2075,3,0.618664350636708,0.5426609703997559,0.5806626605182319,0.5799549878906349,0.5769397432158212
wta:221039,wta:213583,2025-09-08,2025,2025,hard,Guadalajara,QF,3-6 6-4 6-4,86,47,91,51,88,WTA-2025-2075-297,2025-2075,3,0.6995365872082807,0.5684772657918828,0.6340069265000818,0.6372376524719138,0.6342205365092365
wta:223286,wta:206368,2025-09-08,2025,2025,hard,Guadalajara,R16,6-4 6-2,61,42,60,32,88,WTA-2025-2075-286,2025-2075,3,0.05308495066332841,0.24464449191333537,0.1488647212883319,0.1277637708046971,0.14904781558189306
wta:260300,wta:215785,2025-09-08,2025,2025,hard,Guadalajara,R16,6-4 6-2,65,35,64,27,88,WTA-2025-2075-287,2025-2075,3,0.5859880479659965,0.5240463838877022,0.5550172159268494,0.5576433229644817,0.5577331146146736
wta:211684,wta:214593,2025-09-08,2025,2025,hard,Guadalajara,R16,6-1 7-6(6),71,38,84,38,88,WTA-2025-2075-288,2025-2075,3,0.6970024751113433,0.5611534940494355,0.6290779845803893,0.6353820125284829,0.6332891533322966
wta:223360,wta:221307,2025-09-08,2025,2025,hard,Guadalajara,R16,6-3 6-2,57,40,62,32,88,WTA-2025-2075-289,2025-2075,3,0.6227106280536984,0.5514494964906927,0.5870800622721956,0.5827435805187714,0.5865918108226991
wta:215306,wta:204411,2025-09-08,2025,2025,hard,Guadalajara,R16,6-2 6-2,45,28,52,19,88,WTA-2025-2075-290,2025-2075,3,0.5359075918716155,0.5151357949343912,0.5255216934030034,0.5239613075426633,0.524636737650791
wta:222233,wta:211533,2025-09-08,2025,2025,hard,Guadalajara,R16,6-4 6-7(6) 6-2,94,62,106,58,88,WTA-2025-2075-291,2025-2075,3,0.1970616444648446,0.38104974061641744,0.289055692540631,0.281606337690751,0.2887200196691022
wta:213583,wta:201606,2025-09-08,2025,2025,hard,Guadalajara,R16,6-3 7-5,63,44,71,42,88,WTA-2025-2075-292,2025-2075,3,0.46829269381853145,0.4879768080561489,0.47813475093734015,0.47884602734031567,0.47978259957939084
wta:221039,wta:210722,2025-09-08,2025,2025,hard,Guadalajara,R16,4-6 6-3 6-4,100,59,97,52,88,WTA-2025-2075-293,2025-2075,3,0.10470412547866889,0.32062862374122675,0.2126663746099478,0.19299319785315378,0.21388700323368903
wta:223286,wta:239389,2025-09-08,2025,2025,hard,Guadalajara,R32,6-4 6-3,63,34,69,33,88,WTA-2025-2075-271,2025-2075,3,0.5348878358037443,0.518797680805615,0.5268427583046796,0.5232795703610242,0.52330293529583
wta:260300,wta:203514,2025-09-08,2025,2025,hard,Guadalajara,R32,6-4 4-6 6-3,90,55,90,48,88,WTA-2025-2075-272,2025-2075,3,0.7781484896387274,0.6107720476045163,0.6944602686216219,0.6977499306115889,0.695619865814176
wta:215785,wta:215872,2025-09-08,2025,2025,hard,Guadalajara,R32,7-5 7-5,79,45,76,35,88,WTA-2025-2075-273,2025-2075,3,0.6450818528990073,0.5456515105279219,0.5953666817134646,0.5982855608736183,0.5961906060344899
wta:214593,wta:201585,2025-09-08,2025,2025,hard,Guadalajara,R32,6-4 4-6 6-1,96,57,100,53,88,WTA-2025-2075-275,2025-2075,3,0.44219007195125515,0.4764418675617943,0.4593159697565247,0.46136409795842265,0.4624590884626584
wta:223360,wta:213849,2025-09-08,2025,2025,hard,Guadalajara,R32,6-4 6-2,59,40,74,37,88,WTA-2025-2075-276,2025-2075,3,0.8866696386471112,0.7381446444919133,0.8124071415695122,0.7976132844067979,0.813993958780376
wta:221307,wta:219917,2025-09-08,2025,2025,hard,Guadalajara,R32,6-2 6-4,52,35,64,34,88,WTA-2025-2075-277,2025-2075,3,0.2477279046463957,0.3989929813854135,0.3233604430159046,0.3228923244546713,0.32445900877727174
wta:215306,wta:202663,2025-09-08,2025,2025,hard,Guadalajara,R32,6-0 0-0 RET,17,13,15,3,88,WTA-2025-2075-278,2025-2075,3,0.34017681923782606,0.4468416234360696,0.3935092213369478,0.3913428989842574,0.39216652985083245
wta:204411,wta:211701,2025-09-08,2025,2025,hard,Guadalajara,R32,7-6(5) 4-6 6-3,104,55,115,60,88,WTA-2025-2075-279,2025-2075,3,0.3766278830257967,0.4633201098565761,0.4199739964411864,0.41679992686795203,0.4168308777350528
wta:222233,wta:221236,2025-09-08,2025,2025,hard,Guadalajara,R32,3-6 7-5 6-4,114,57,94,46,88,WTA-2025-2075-280,2025-2075,3,0.42972183832670574,0.47247482453463535,0.4510983314306706,0.4529750364027218,0.453539588678153
wta:213583,wta:220309,2025-09-08,2025,2025,hard,Guadalajara,R32,6-4 6-2,54,29,70,29,88,WTA-2025-2075-282,2025-2075,3,0.26013002788225975,0.4177906621910284,0.3389603450366441,0.33250835269947887,0.3439954381095766
wta:201606,wta:203354,2025-09-08,2025,2025,hard,Guadalajara,R32,6-2 6-3,61,37,51,24,88,WTA-2025-2075-283,2025-2075,3,0.4825599140428153,0.49231003967043024,0.48743497685662274,0.488370655167342,0.48712981970068747
wta:221039,wta:206289,2025-09-08,2025,2025,hard,Guadalajara,R32,6-2 6-0,41,30,57,26,88,WTA-2025-2075-284,2025-2075,3,0.31541491195046933,0.4371376258773268,0.3762762689138981,0.3736438673340153,0.3766119417854269
wta:260300,wta:223360,2025-09-08,2025,2025,hard,Guadalajara,SF,6-3 6-7(5) 6-3,117,71,109,58,88,WTA-2025-2075-298,2025-2075,3,0.766454924127125,0.6223680195300579,0.6944114718285914,0.6883179329948907,0.6955710690211456
wta:215306,wta:221039,2025-09-08,2025,2025,hard,Guadalajara,SF,6-4 7-5,75,45,77,40,88,WTA-2025-2075-299,2025-2075,3,0.4899977076647441,0.4959108941104669,0.4929543008876055,0.49333131085946963,0.4932899737591343
wta:216347,wta:206420,2025-09-15,2025,2025,hard,Seoul,F,1-6 7-6(3) 7-5,108,63,97,63,88,WTA-2025-1024-300,2025-1024,3,0.7972725671131994,0.6118095819346964,0.7045410745239479,0.7135910770026277,0.7002078429096665
wta:206420,wta:230870,2025-09-15,2025,2025,hard,Seoul,QF,6-2 6-3,69,41,45,18,88,WTA-2025-1024-294,2025-1024,3,0.9435755832748526,0.7353982300884956,0.8394869066816741,0.8673639383335029,0.8418976482135629
wta:211701,wta:215480,2025-09-15,2025,2025,hard,Seoul,QF,6-1 7-5,62,37,64,29,88,WTA-2025-1024-295,2025-1024,3,0.5694851204653243,0.5225816295392127,0.5460333750022686,0.5464904518582312,0.5455146078371784
wta:233741,wta:220704,2025-09-15,2025,2025,hard,Seoul,QF,6-0 6-3,50,32,44,18,88,WTA-2025-1024-296,2025-1024,3,0.2780347852549547,0.42920353982300885,0.35361916253898174,0.3461164909680939,0.3525511124932082
wta:216347,wta:206252,2025-09-15,2025,2025,hard,Seoul,QF,6-0 6-3,58,34,41,14,88,WTA-2025-1024-297,2025-1024,3,0.9195753285311103,0.7044552944766554,0.8120153115038828,0.8354002227739141,0.8109777771737029
wta:206420,wta:222391,2025-09-15,2025,2025,hard,Seoul,R16,4-6 6-2 6-2,87,55,76,42,88,WTA-2025-1024-286,2025-1024,3,0.7428806679900736,0.5928288068355203,0.667854737412797,0.6698109368310052,0.6651693544405662
wta:230870,wta:206242,2025-09-15,2025,2025,hard,Seoul,R16,6-7(4) 7-6(3) 7-5,124,78,117,72,88,WTA-2025-1024-287,2025-1024,3,0.23906541933082312,0.40863594751296917,0.32385068342189616,0.3160739838862453,0.32015828183507894
wta:211701,wta:214082,2025-09-15,2025,2025,hard,Seoul,R16,7-6(2) 6-2,76,45,76,36,88,WTA-2025-1024-288,2025-1024,3,0.373058103548606,0.4629539212694538,0.4180060124090299,0.41433338330753094,0.4151985665744251
wta:215480,wta:223670,2025-09-15,2025,2025,hard,Seoul,R16,6-4 6-4,60,35,56,29,88,WTA-2025-1024-289,2025-1024,3,0.2531287265603857,0.4159597192554165,0.3345442229079011,0.3271002212605509,0.33326256285297284
wta:233741,wta:213550,2025-09-15,2025,2025,hard,Seoul,R16,6-3 6-1,46,32,58,27,88,WTA-2025-1024-290,2025-1024,3,0.5558015982969844,0.5110466890448581,0.5334241436709213,0.5372873253957341,0.5318373264600577
wta:220704,wta:220332,2025-09-15,2025,2025,hard,Seoul,R16,6-2 7-6(4),44,27,52,25,88,WTA-2025-1024-291,2025-1024,3,0.7440743878587407,0.5854440036618859,0.6647591957603133,0.6707331369546216,0.6643014600264103
wta:206252,wta:221054,2025-09-15,2025,2025,hard,Seoul,R16,4-6 7-6(10) 6-1,99,61,97,57,88,WTA-2025-1024-292,2025-1024,3,0.28250956378972897,0.4298748855660665,0.35619222467789774,0.3494711105124667,0.3565889289806137
wta:216347,wta:201514,2025-09-15,2025,2025,hard,Seoul,R16,6-3 6-2,53,32,65,28,88,WTA-2025-1024-293,2025-1024,3,0.8820400831096756,0.6672871528837351,0.7746636179967054,0.7926973587847382,0.7706355435383594
wta:222391,wta:220454,2025-09-15,2025,2025,hard,Seoul,R32,6-2 6-1,31,18,38,15,88,WTA-2025-1024-271,2025-1024,3,0.8776906637236791,0.727891364052487,0.802791013888083,0.7881528839308822,0.8029741081816443
wta:230870,wta:211316,2025-09-15,2025,2025,hard,Seoul,R32,5-7 6-4 6-2,93,60,109,63,88,WTA-2025-1024-272,2025-1024,3,0.5778602233347163,0.5256942325297528,0.5517772279322346,0.5521423239776933,0.5540964223173429
wta:206242,wta:220432,2025-09-15,2025,2025,hard,Seoul,R32,6-4 6-3,81,43,67,31,88,WTA-2025-1024-273,2025-1024,3,0.9643906477070389,0.8069880988709185,0.8856893732889787,0.9001829275645797,0.8851400904082951
wta:211701,wta:216213,2025-09-15,2025,2025,hard,Seoul,R32,6-2 6-2,47,35,45,21,88,WTA-2025-1024-275,2025-1024,3,0.9382143974912409,0.7957583155324992,0.8669863565118701,0.8597890204353769,0.8625920934664016
wta:215480,wta:213583,2025-09-15,2025,2025,hard,Seoul,R32,6-4 6-1,52,29,72,31,88,WTA-2025-1024-276,2025-1024,3,0.7209812906031019,0.5733597802868478,0.6471705354449748,0.6531443735383159,0.6471095040137878
wta:223670,wta:216083,2025-09-15,2025,2025,hard,Seoul,R32,2-6 6-2 6-4,91,48,84,42,88,WTA-2025-1024-277,2025-1024,3,0.6908447698934719,0.5582850167836436,0.6245648933385577,0.6308925478735132,0.6255413962375507
wta:213550,wta:201696,2025-09-15,2025,2025,hard,Seoul,R32,2-6 6-3 7-5,98,49,96,46,88,WTA-2025-1024-278,2025-1024,3,0.5758005230996188,0.528806835520293,0.5523036793099558,0.5507508721937512,0.5485502462919516
wta:233741,wta:222258,2025-09-15,2025,2025,hard,Seoul,R32,6-4 7-6(4),90,50,82,38,88,WTA-2025-1024-279,2025-1024,3,0.6736240186275386,0.5553555080866647,0.6144897633571016,0.6184752357432072,0.6167479263110229
wta:220332,wta:221909,2025-09-15,2025,2025,hard,Seoul,R32,6-3 6-4,64,39,61,33,88,WTA-2025-1024-280,2025-1024,3,0.5506113877766319,0.5160512664021971,0.5333313270894144,0.5338052243383579,0.533758547107724
wta:221054,wta:211713,2025-09-15,2025,2025,hard,Seoul,R32,6-3 6-4,86,47,62,30,88,WTA-2025-1024-282,2025-1024,3,0.8451933827490243,0.6370765944461397,0.741134988597582,0.7561326694739722,0.7384801213409449
wta:206252,wta:236955,2025-09-15,2025,2025,hard,Seoul,R32,6-1 6-2,47,34,56,26,88,WTA-2025-1024-283,2025-1024,3,0.8959637703163074,0.6924931339639915,0.7942284521401495,0.8077475963015527,0.7975241494242507
wta:201514,wta:220435,2025-09-15,2025,2025,hard,Seoul,R32,6-3 6-1,50,33,47,21,88,WTA-2025-1024-284,2025-1024,3,0.8418858029394939,0.6367714372902045,0.7393286201148492,0.7530386226175324,0.7373756143168633
wta:206420,wta:211701,2025-09-15,2025,2025,hard,Seoul,SF,6-4 6-2,67,38,80,40,88,WTA-2025-1024-298,2025-1024,3,0.8559913860564409,0.6430576747024718,0.7495245303794563,0.7664293875766023,0.7512028947371006
wta:216347,wta:233741,2025-09-15,2025,2025,hard,Seoul,SF,6-0 6-2,50,32,38,12,88,WTA-2025-1024-299,2025-1024,3,0.9524543709135883,0.7395483674092157,0.846001369161402,0.880611628429511,0.8475881863722656
wta:216153,wta:222328,2025-09-24,2025,2025,hard,Beijing,F,6-0 2-6 6-2,59,35,53,29,88,WTA-2025-1020-300,2025-1020,3,0.6519234053517284,0.5526701251144339,0.6022967652330812,0.6030850843281472,0.60107613660934
wta:221103,wta:220332,2025-09-24,2025,2025,hard,Beijing,QF,6-3 6-4,64,38,59,28,88,WTA-2025-1020-294,2025-1020,3,0.877996694834768,0.6548367409215746,0.7664167178781713,0.7884703784667203,0.7717874838226327
wta:216153,wta:211148,2025-09-24,2025,2025,hard,Beijing,QF,6-7(4) 6-3 6-4,119,71,113,62,88,WTA-2025-1020-295,2025-1020,3,0.6265674680017275,0.5357033872444309,0.5811354276230791,0.5854076608531009,0.582905339127504
wta:222328,wta:222661,2025-09-24,2025,2025,hard,Beijing,QF,6-3 6-4,46,32,56,28,88,WTA-2025-1020-296,2025-1020,3,0.7173808204904458,0.5805004577357339,0.6489406391130899,0.6504469331251888,0.6467740233059491
wta:202468,wta:215613,2025-09-24,2025,2025,hard,Beijing,QF,6-7(2) 6-2 6-1,96,61,83,46,88,WTA-2025-1020-297,2025-1020,3,0.789579909293609,0.5982606042111688,0.6939202567523889,0.7071529912917744,0.6979788469263284
wta:215872,wta:214459,2025-09-24,2025,2025,hard,Beijing,R128,6-4 6-1,51,33,48,22,88,WTA-2025-1020-175,2025-1020,3,0.47417738486674194,0.49804699420201404,0.48611218953437796,0.48277641058657705,0.4843422780299532
wta:206289,wta:221909,2025-09-24,2025,2025,hard,Beijing,R128,7-6(5) 6-7(5) 7-5,135,71,138,70,88,WTA-2025-1020-176,2025-1020,3,0.6033318402490914,0.5320415013732072,0.5676866708111492,0.5694428109122515,0.5700974123430382
wta:211880,wta:203530,2025-09-24,2025,2025,hard,Beijing,R128,1-6 6-3 7-6(4),93,47,99,54,88,WTA-2025-1020-179,2025-1020,3,0.3964969221979991,0.46820262435154103,0.4323497732747701,0.43044023299232864,0.4291456231374493
wta:220465,wta:220548,2025-09-24,2025,2025,hard,Beijing,R128,6-4 2-6 6-3,80,43,94,53,88,WTA-2025-1020-180,2025-1020,3,0.36297120918967263,0.4550198352151358,0.4089955222024042,0.4073347946949733,0.40960583651427485
wta:206252,wta:215020,2025-09-24,2025,2025,hard,Beijing,R128,6-2 6-2,46,30,45,20,88,WTA-2025-1020-183,2025-1020,3,0.7924733616563713,0.6038754958803784,0.6981744287683749,0.7095637253746865,0.6995476359700837
wta:220520,wta:222559,2025-09-24,2025,2025,hard,Beijing,R128,6-2 7-6(5),80,45,78,38,88,WTA-2025-1020-184,2025-1020,3,0.8948425676557007,0.6989014342386329,0.7968720009471668,0.8065051644387682,0.7951326051583356
wta:220332,wta:263869,2025-09-24,2025,2025,hard,Beijing,R128,6-1 6-0,37,29,44,19,88,WTA-2025-1020-187,2025-1020,3,0.8658508402460614,0.6708880073237717,0.7683694237849166,0.776115935245662,0.7717566682157985
wta:216083,wta:201696,2025-09-24,2025,2025,hard,Beijing,R128,6-4 6-2,51,31,64,31,88,WTA-2025-1020-188,2025-1020,3,0.5459543603530772,0.5090936832468721,0.5275240217999746,0.5306843362047574,0.5317657062674754
wta:211107,wta:221024,2025-09-24,2025,2025,hard,Beijing,R128,7-5 5-7 6-4,106,65,107,62,88,WTA-2025-1020-191,2025-1020,3,0.4704859921878482,0.48608483368935,0.4782854129385991,0.4803112802936562,0.4799637772962433
wta:201533,wta:220435,2025-09-24,2025,2025,hard,Beijing,R128,3-6 6-1 6-4,84,50,94,49,88,WTA-2025-1020-192,2025-1020,3,0.47730674231789877,0.49231003967043024,0.4848083909941645,0.4848653853281985,0.4894162640487877
wta:222045,wta:221039,2025-09-24,2025,2025,hard,Beijing,R128,6-3 6-3,52,36,76,39,88,WTA-2025-1020-195,2025-1020,3,0.4928174977376988,0.5034787915776625,0.49814814465768065,0.4952114821630846,0.4957984345569788
wta:201514,wta:214452,2025-09-24,2025,2025,hard,Beijing,R128,6-2 6-3,40,26,56,26,88,WTA-2025-1020-196,2025-1020,3,0.7524640712408516,0.5897772352761672,0.6711206532585094,0.6772578448139491,0.6670620630845698
wta:213631,wta:213583,2025-09-24,2025,2025,hard,Beijing,R128,6-2 6-4,45,36,46,28,88,WTA-2025-1020-199,2025-1020,3,0.9230533084894966,0.7096429661275557,0.8163481373085262,0.8397518324239693,0.8164091687397133
wta:214388,wta:215370,2025-09-24,2025,2025,hard,Beijing,R128,6-4 7-6(4),73,39,75,35,88,WTA-2025-1020-200,2025-1020,3,0.15144036741141131,0.3530363137015563,0.2522383405564838,0.24069025127909444,0.2549847549599016
wta:221236,wta:213666,2025-09-24,2025,2025,hard,Beijing,R128,7-5 7-6(7),86,48,88,45,88,WTA-2025-1020-203,2025-1020,3,0.7226244824454154,0.5756789746719561,0.6491517285586857,0.6543792426064458,0.6536070230353412
wta:201545,wta:214040,2025-09-24,2025,2025,hard,Beijing,R128,6-3 7-6(1),78,49,66,38,88,WTA-2025-1020-204,2025-1020,3,0.5552607948710001,0.519896246566982,0.537578520718991,0.5369242974616777,0.5348626220311667
wta:215306,wta:215480,2025-09-24,2025,2025,hard,Beijing,R128,6-3 6-3,61,34,57,26,88,WTA-2025-1020-207,2025-1020,3,0.4730699494853856,0.48858712236801954,0.4808285359267026,0.4820369765078995,0.48436835893555213
wta:216016,wta:215250,2025-09-24,2025,2025,hard,Beijing,R128,7-5 6-1,55,35,57,25,88,WTA-2025-1020-208,2025-1020,3,0.7535260095179916,0.6118706133658834,0.6826983114419376,0.678089277396545,0.6837053300565241
wta:215713,wta:211701,2025-09-24,2025,2025,hard,Beijing,R128,6-3 6-4,52,34,68,34,88,WTA-2025-1020-211,2025-1020,3,0.4933836055162867,0.49279829111992673,0.49309094831810674,0.49558892729966075,0.49782088423510396
wta:220309,wta:221096,2025-09-24,2025,2025,hard,Beijing,R128,6-2 6-0,44,31,40,16,88,WTA-2025-1020-212,2025-1020,3,0.7490355192889716,0.5913030210558438,0.6701692701724077,0.6745821304922698,0.6722748545483612
wta:222661,wta:219917,2025-09-24,2025,2025,hard,Beijing,R128,6-3 6-2,46,36,54,30,88,WTA-2025-1020-215,2025-1020,3,0.6511256149394624,0.5493744278303326,0.6002500213848976,0.6025241972983447,0.6022945743296642
wta:233741,wta:223286,2025-09-24,2025,2025,hard,Beijing,R128,6-3 6-2,52,33,56,25,88,WTA-2025-1020-216,2025-1020,3,0.8930918801740857,0.6813243820567593,0.7872081311154224,0.8045764069453119,0.7869334896750807
wta:222601,wta:211713,2025-09-24,2025,2025,hard,Beijing,R128,6-4 6-0,54,32,42,16,88,WTA-2025-1020-219,2025-1020,3,0.46461477661649986,0.4992065913945682,0.48191068400553405,0.47638792500756305,0.4748615537034284
wta:202684,wta:220416,2025-09-24,2025,2025,hard,Beijing,R128,6-1 6-3,58,36,61,29,88,WTA-2025-1020-220,2025-1020,3,0.7062322221529286,0.5744583460482149,0.6403452841005717,0.6421641705289363,0.6372937125412186
wta:201548,wta:263857,2025-09-24,2025,2025,hard,Beijing,R128,7-6(1) 6-2,73,45,68,32,88,WTA-2025-1020-223,2025-1020,3,0.6298175053602209,0.54382056759231,0.5868190364762654,0.5876573416579585,0.5841641692196282
wta:213710,wta:202499,2025-09-24,2025,2025,hard,Beijing,R128,6-2 6-4,63,36,49,20,88,WTA-2025-1020-224,2025-1020,3,0.5070591343978158,0.5073237717424474,0.5071914530701316,0.5047062633249664,0.5008136685110837
wta:230870,wta:211684,2025-09-24,2025,2025,hard,Beijing,R128,7-5 6-4,76,47,70,40,88,WTA-2025-1020-227,2025-1020,3,0.2981141330886984,0.43689350015257855,0.36750381662063847,0.3610377316576086,0.36716814374910967
wta:205925,wta:222145,2025-09-24,2025,2025,hard,Beijing,R128,6-7(4) 7-5 6-1,98,68,113,67,88,WTA-2025-1020-228,2025-1020,3,0.46002539415132243,0.4808361306072627,0.4704307623792926,0.4733186325461029,0.4717734538654079
wta:211817,wta:211685,2025-09-24,2025,2025,hard,Beijing,R128,6-2 6-2,54,37,51,27,88,WTA-2025-1020-231,2025-1020,3,0.4272876911374078,0.4682636557827281,0.44777567346006797,0.45133356707896427,0.4513154964689175
wta:222391,wta:213646,2025-09-24,2025,2025,hard,Beijing,R128,7-6(6) 5-7 6-2,139,82,142,80,88,WTA-2025-1020-232,2025-1020,3,0.6703418420845119,0.5633506255721696,0.6168462338283407,0.6161300822977016,0.6152594166174772
wta:215785,wta:215983,2025-09-24,2025,2025,hard,Beijing,R128,7-5 6-7(5) 7-5,128,80,148,87,88,WTA-2025-1020-235,2025-1020,3,0.36911291790749556,0.45599633811412876,0.41255462801081216,0.4116013221986061,0.41166967225859974
wta:206294,wta:201709,2025-09-24,2025,2025,hard,Beijing,R128,6-3 6-3,61,43,48,28,88,WTA-2025-1020-236,2025-1020,3,0.5237071580048048,0.5084223375038145,0.5160647477543097,0.5158113580682074,0.5171327978000833
wta:221103,wta:202505,2025-09-24,2025,2025,hard,Beijing,R16,4-6 7-6(4) 6-2,93,61,114,66,88,WTA-2025-1020-286,2025-1020,3,0.7249180682297219,0.5765334147085749,0.6507257414691484,0.6561069500218245,0.6475521070474213
wta:220332,wta:220520,2025-09-24,2025,2025,hard,Beijing,R16,4-6 6-1 6-2,76,43,86,39,88,WTA-2025-1020-287,2025-1020,3,0.4157420940960323,0.46942325297528226,0.4425826735356573,0.4435290659679176,0.4465497165628163
wta:216153,wta:214096,2025-09-24,2025,2025,hard,Beijing,R16,1-6 6-2 6-4,76,46,79,47,88,WTA-2025-1020-288,2025-1020,3,0.6206407115667075,0.5381446444919133,0.5793926780293104,0.581316250443501,0.5774091565157309
wta:211148,wta:213631,2025-09-24,2025,2025,hard,Beijing,R16,6-2 7-5,70,39,67,32,88,WTA-2025-1020-289,2025-1020,3,0.542200541284825,0.5095819346963686,0.5258912379905968,0.5281709195172627,0.5268677408895898
wta:222328,wta:215713,2025-09-24,2025,2025,hard,Beijing,R16,6-2 6-4,60,35,59,26,88,WTA-2025-1020-290,2025-1020,3,0.7571402966426536,0.5880073237717425,0.6725738102071981,0.6809287181264658,0.6735197973905975
wta:222661,wta:259799,2025-09-24,2025,2025,hard,Beijing,R16,7-5 2-6 7-5,105,67,91,62,88,WTA-2025-1020-291,2025-1020,3,0.12468397638275172,0.34382056759231006,0.2342522719875309,0.2142993896564163,0.2342522719875309
wta:202468,wta:216146,2025-09-24,2025,2025,hard,Beijing,R16,6-3 6-7(4) 6-1,94,56,109,54,88,WTA-2025-1020-292,2025-1020,3,0.7248636001560438,0.5730546231309124,0.6489591116434781,0.6560658650048632,0.6471281687078663
wta:215613,wta:216347,2025-09-24,2025,2025,hard,Beijing,R16,6-4 4-6 6-0,87,53,97,51,88,WTA-2025-1020-293,2025-1020,3,0.08038177474964704,0.30238022581629537,0.1913810002829712,0.16454659954209805,0.19110635884262944
wta:221103,wta:220367,2025-09-24,2025,2025,hard,Beijing,R32,6-4 4-6 7-5,100,55,104,51,88,WTA-2025-1020-270,2025-1020,3,0.7875536580030823,0.6018004272200184,0.6946770426115503,0.7054723527077613,0.6947991054739244
wta:202505,wta:211880,2025-09-24,2025,2025,hard,Beijing,R32,4-6 6-4 6-3,84,55,99,57,88,WTA-2025-1020-271,2025-1020,3,0.8995740441590063,0.6765639304241684,0.7880689872915874,0.8117875228907572,0.7952401804560671
wta:220520,wta:206252,2025-09-24,2025,2025,hard,Beijing,R32,1-6 7-5 3-0 RET,75,40,71,37,88,WTA-2025-1020-272,2025-1020,3,0.4569498172873958,0.4848642050656088,0.4709070111765023,0.4712603540126822,0.4713952626259988
wta:220332,wta:214981,2025-09-24,2025,2025,hard,Beijing,R32,6-3 1-6 6-4,85,43,104,52,88,WTA-2025-1020-273,2025-1020,3,0.09849424785631468,0.3186145865120537,0.2085544171841842,0.18602546388892263,0.20834080717502948
wta:216153,wta:201533,2025-09-24,2025,2025,hard,Beijing,R32,7-6(11) 6-0,60,41,68,37,88,WTA-2025-1020-274,2025-1020,3,0.9304529949367149,0.7161733292645712,0.8233131621006431,0.849298860066338,0.8269140165406796
wta:214096,wta:211651,2025-09-24,2025,2025,hard,Beijing,R32,4-2 RET,17,12,20,12,88,WTA-2025-1020-275,2025-1020,3,0.45473517756827175,0.48822093378089715,0.47147805567458445,0.469777493347719,0.4710813513718686
wta:213631,wta:206368,2025-09-24,2025,2025,hard,Beijing,R32,6-3 7-5,73,43,72,36,88,WTA-2025-1020-276,2025-1020,3,0.4983155595974117,0.5045163259078426,0.5014159427526271,0.4988770373714339,0.5013854270370336
wta:211148,wta:213550,2025-09-24,2025,2025,hard,Beijing,R32,6-3 6-0,59,37,42,18,88,WTA-2025-1020-277,2025-1020,3,0.7564091866611059,0.5922184925236497,0.6743138395923778,0.6803531275946767,0.6703162808496252
wta:222328,wta:221012,2025-09-24,2025,2025,hard,Beijing,R32,6-4 3-6 3-0 RET,73,45,68,42,88,WTA-2025-1020-278,2025-1020,3,0.3431999880455902,0.44763503204150135,0.39541751004354575,0.3934791967522535,0.3993235216395177
wta:215713,wta:220309,2025-09-24,2025,2025,hard,Beijing,R32,6-3 7-5,65,40,68,36,88,WTA-2025-1020-279,2025-1020,3,0.5335818210441661,0.5097039975587427,0.5216429093014544,0.5224066183914134,0.5234433365214728
wta:222661,wta:233741,2025-09-24,2025,2025,hard,Beijing,R32,6-3 6-2,45,29,56,27,88,WTA-2025-1020-280,2025-1020,3,0.4550966176680346,0.4922490082392432,0.47367281295363894,0.47001954806429314,0.4709263985502211
wta:259799,wta:222601,2025-09-24,2025,2025,hard,Beijing,R32,6-4 6-1,72,44,67,33,88,WTA-2025-1020-281,2025-1020,3,0.9128851656865716,0.6932865425694232,0.8030858541279975,0.8272491126959823,0.8010413011832309
wta:202468,wta:221054,2025-09-24,2025,2025,hard,Beijing,R32,3-6 7-6(9) 6-0,95,59,101,56,88,WTA-2025-1020-282,2025-1020,3,0.5992796600911638,0.5292340555386024,0.5642568578148831,0.566677898385735,0.566148832181682
wta:216146,wta:205925,2025-09-24,2025,2025,hard,Beijing,R32,6-4 6-2,66,43,53,30,88,WTA-2025-1020-283,2025-1020,3,0.8223009802638297,0.6298138541348794,0.7260574171993546,0.735234216341757,0.7248062728600198
wta:215613,wta:222391,2025-09-24,2025,2025,hard,Beijing,R32,6-2 1-0 RET,31,20,29,14,88,WTA-2025-1020-284,2025-1020,3,0.5558404247357338,0.51599023497101,0.5359153298533719,0.5373133905092929,0.5361594555781202
wta:216347,wta:215785,2025-09-24,2025,2025,hard,Beijing,R32,6-0 0-0 RET,26,16,24,7,88,WTA-2025-1020-285,2025-1020,3,0.9711614437634373,0.7884345437900518,0.8797979937767446,0.9124976329644868,0.8766243593550174
wta:221103,wta:215872,2025-09-24,2025,2025,hard,Beijing,R64,6-4 6-0,62,41,63,31,88,WTA-2025-1020-238,2025-1020,3,0.9542904388718512,0.7351541043637473,0.8447222716177992,0.8834767053716702,0.8536023448555167
wta:220367,wta:206289,2025-09-24,2025,2025,hard,Beijing,R64,6-2 6-0,46,31,46,21,88,WTA-2025-1020-239,2025-1020,3,0.5848443042829532,0.5267927982911199,0.5558185512870366,0.5568682046672523,0.5543843126541406
wta:211880,wta:211533,2025-09-24,2025,2025,hard,Beijing,R64,6-3 6-2,42,26,61,26,88,WTA-2025-1020-240,2025-1020,3,0.17620239740052931,0.3721391516631065,0.27417077453181793,0.26343431327395445,0.27490315170606267
wta:202505,wta:220465,2025-09-24,2025,2025,hard,Beijing,R64,6-3 6-3,57,33,59,26,88,WTA-2025-1020-241,2025-1020,3,0.8332763188872718,0.6375648458956362,0.735420582391454,0.7451071886717598,0.7307821936212373
wta:206252,wta:206420,2025-09-24,2025,2025,hard,Beijing,R64,7-5 6-2,62,43,57,31,88,WTA-2025-1020-242,2025-1020,3,0.27707697688096766,0.42126945376869085,0.34917321532482926,0.34539614264564833,0.3526825226180853
wta:220520,wta:210722,2025-09-24,2025,2025,hard,Beijing,R64,6-2 6-4,51,32,57,28,88,WTA-2025-1020-243,2025-1020,3,0.23256398091614006,0.4128471162648764,0.32270554859050826,0.31089755517407625,0.3187079898477557
wta:220332,wta:260300,2025-09-24,2025,2025,hard,Beijing,R64,6-3 4-6 7-5,124,65,84,41,88,WTA-2025-1020-244,2025-1020,3,0.4713406977995579,0.48870918523039364,0.48002494151497577,0.4808821579443816,0.48170330587261995
wta:214981,wta:216083,2025-09-24,2025,2025,hard,Beijing,R64,7-5 4-6 6-3,101,63,105,61,88,WTA-2025-1020-245,2025-1020,3,0.9224752127433787,0.7075678974671956,0.8150215551052872,0.8390228065929749,0.8141671150686682
wta:216153,wta:211107,2025-09-24,2025,2025,hard,Beijing,R64,6-1 6-3,60,38,54,29,88,WTA-2025-1020-246,2025-1020,3,0.8966325579319664,0.6744888617638084,0.7855607098478874,0.8084914119968424,0.7840044083526173
wta:201533,wta:216133,2025-09-24,2025,2025,hard,Beijing,R64,6-4 6-2,57,35,66,32,88,WTA-2025-1020-247,2025-1020,3,0.2602104518681653,0.4157155935306683,0.3379630226994168,0.33257017904506625,0.33939726133231274
wta:211651,wta:222045,2025-09-24,2025,2025,hard,Beijing,R64,6-3 7-6(2),67,43,66,39,88,WTA-2025-1020-248,2025-1020,3,0.8626911610218682,0.6488556606652426,0.7557734108435554,0.7729801741880162,0.756841460889329
wta:214096,wta:201514,2025-09-24,2025,2025,hard,Beijing,R64,6-2 6-3,51,36,61,31,88,WTA-2025-1020-249,2025-1020,3,0.5390491458429704,0.5107415318889228,0.5248953388659465,0.526062244093674,0.525261527453069
wta:213631,wta:202663,2025-09-24,2025,2025,hard,Beijing,R64,7-5 7-5,79,46,75,40,88,WTA-2025-1020-250,2025-1020,3,0.6873026664173513,0.5645102227647238,0.6259064445910376,0.628322263348279,0.6221224958574397
wta:206368,wta:214388,2025-09-24,2025,2025,hard,Beijing,R64,7-5 6-3,64,46,56,33,88,WTA-2025-1020-251,2025-1020,3,0.8885354140723236,0.6668599328654257,0.7776976734688746,0.7996185048707589,0.7827022508262137
wta:213550,wta:221236,2025-09-24,2025,2025,hard,Beijing,R64,6-4 6-2,53,39,75,42,88,WTA-2025-1020-252,2025-1020,3,0.6670032252662211,0.554745193774794,0.6108742095205075,0.6137512328095429,0.6140478439422348
wta:211148,wta:201545,2025-09-24,2025,2025,hard,Beijing,R64,6-1 6-3,61,41,48,24,88,WTA-2025-1020-253,2025-1020,3,0.8030563134698598,0.6065608788526091,0.7048085961612345,0.71849421818829,0.7081042934453358
wta:221012,wta:215306,2025-09-24,2025,2025,hard,Beijing,R64,6-3 6-2,54,33,62,29,88,WTA-2025-1020-254,2025-1020,3,0.9075447976949627,0.690051876716509,0.7987983372057359,0.820932657946048,0.7985542114809876
wta:222328,wta:216016,2025-09-24,2025,2025,hard,Beijing,R64,6-3 6-2,56,40,48,28,88,WTA-2025-1020-255,2025-1020,3,0.7322041434094415,0.5856270979554471,0.6589156206824442,0.661627705186308,0.6578170549210771
wta:215713,wta:239475,2025-09-24,2025,2025,hard,Beijing,R64,7-6(5) 7-5,70,42,94,47,88,WTA-2025-1020-256,2025-1020,3,0.2383207621128103,0.40790357033872443,0.3231121662257674,0.3154837213196835,0.3240276376935733
wta:220309,wta:220704,2025-09-24,2025,2025,hard,Beijing,R64,6-4 2-6 6-3,81,47,77,45,88,WTA-2025-1020-257,2025-1020,3,0.18714888767608243,0.38581019224900825,0.2864795399625453,0.2730712642084334,0.28510633276083647
wta:222661,wta:214082,2025-09-24,2025,2025,hard,Beijing,R64,6-3 6-0,40,28,51,20,88,WTA-2025-1020-258,2025-1020,3,0.41132232892485227,0.4712541959108941,0.4412882624178732,0.44053253292230005,0.43866391087682954
wta:233741,wta:223670,2025-09-24,2025,2025,hard,Beijing,R64,7-5 6-1,64,39,68,32,88,WTA-2025-1020-259,2025-1020,3,0.389621683418658,0.46136710405859016,0.4254943937386241,0.4257363173952845,0.42921731104103483
wta:222601,wta:215035,2025-09-24,2025,2025,hard,Beijing,R64,7-5 6-4,66,43,79,42,88,WTA-2025-1020-260,2025-1020,3,0.3366157479338609,0.4451937747940189,0.3909047613639399,0.3888200289558003,0.3939258172076995
wta:259799,wta:202684,2025-09-24,2025,2025,hard,Beijing,R64,6-2 6-2,45,31,58,27,88,WTA-2025-1020-261,2025-1020,3,0.8996767919125975,0.6828501678364358,0.7912634798745166,0.8119033962776642,0.790134398397556
wta:202468,wta:201548,2025-09-24,2025,2025,hard,Beijing,R64,6-0 6-3,52,37,43,22,88,WTA-2025-1020-262,2025-1020,3,0.895788662766595,0.6719255416539518,0.7838571022102734,0.8075531809990217,0.7866340323292846
wta:221054,wta:213710,2025-09-24,2025,2025,hard,Beijing,R64,6-3 6-3,64,41,71,36,88,WTA-2025-1020-263,2025-1020,3,0.8297016033451912,0.6251754653646628,0.727438534354927,0.7418633500555234,0.7300934016115641
wta:216146,wta:230870,2025-09-24,2025,2025,hard,Beijing,R64,6-1 6-1,45,33,43,17,88,WTA-2025-1020-264,2025-1020,3,0.8963222040322976,0.6738175160207507,0.7850698600265241,0.8081459868668809,0.7865651300906071
wta:205925,wta:211768,2025-09-24,2025,2025,hard,Beijing,R64,1-6 6-4 6-2,68,37,89,50,88,WTA-2025-1020-265,2025-1020,3,0.07476842398903952,0.2891974366798901,0.18198293033446483,0.1574800000140913,0.18179983604090366
wta:215613,wta:211817,2025-09-24,2025,2025,hard,Beijing,R64,6-3 7-6(0),81,47,75,35,88,WTA-2025-1020-266,2025-1020,3,0.7446057168854486,0.5830027464144034,0.663804231649926,0.671144095472025,0.6679238532550527
wta:222391,wta:214643,2025-09-24,2025,2025,hard,Beijing,R64,6-3 6-4,59,42,50,29,88,WTA-2025-1020-267,2025-1020,3,0.4420778726455484,0.4834604821483064,0.46276917739692736,0.4612887365315442,0.45565901566363476
wta:215785,wta:214939,2025-09-24,2025,2025,hard,Beijing,R64,6-1 4-6 6-4,92,53,80,42,88,WTA-2025-1020-268,2025-1020,3,0.24883838702407482,0.40997863899908454,0.3294085130115797,0.3237601642154526,0.3320938959838104
wta:216347,wta:206294,2025-09-24,2025,2025,hard,Beijing,R64,6-0 6-3,43,32,61,27,88,WTA-2025-1020-269,2025-1020,3,0.9748726684441587,0.7920353982300885,0.8834540333371236,0.919745965344228,0.8867802463368184
wta:216153,wta:221103,2025-09-24,2025,2025,hard,Beijing,SF,6-1 6-2,46,32,43,16,88,WTA-2025-1020-298,2025-1020,3,0.4182376210945963,0.4802258162953921,0.44923171869499423,0.44521873321481614,0.4463327257136088
wta:222328,wta:202468,2025-09-24,2025,2025,hard,Beijing,SF,6-3 1-6 7-6(6),105,57,113,64,88,WTA-2025-1020-299,2025-1020,3,0.2791871727933225,0.4267012511443393,0.3529442119688309,0.3469820918510079,0.353005243400018
wta:221103,wta:202468,2025-10-06,2025,2025,hard,Wuhan,F,6-4 7-5,73,41,68,33,88,WTA-2025-1075-300,2025-1075,3,0.4972201224451436,0.4992065913945682,0.4982133569198559,0.49814673768817297,0.5001358470022483
wta:211148,wta:216347,2025-10-06,2025,2025,hard,Wuhan,QF,6-1 6-2,39,27,38,13,88,WTA-2025-1075-294,2025-1075,3,0.13143074549075845,0.35022886786695145,0.24082980667885495,0.22116132716708012,0.23884628516527548
wta:221103,wta:201696,2025-10-06,2025,2025,hard,Wuhan,QF,6-3 6-0,56,36,45,18,88,WTA-2025-1075-295,2025-1075,3,0.9246252342857313,0.7027464144034178,0.8136858243445746,0.8417460446900615,0.8149980001150963
wta:202468,wta:211701,2025-10-06,2025,2025,hard,Wuhan,QF,2-6 6-0 6-3,67,45,66,35,88,WTA-2025-1075-296,2025-1075,3,0.9024642324242693,0.6775404333231614,0.7900023328737154,0.8150664793080414,0.7922604958276367
wta:214544,wta:214981,2025-10-06,2025,2025,hard,Wuhan,QF,6-3 6-3,57,38,59,31,88,WTA-2025-1075-297,2025-1075,3,0.5963646204918214,0.533811412877632,0.5650880166847267,0.5646920622758438,0.5604191121989165
wta:216347,wta:202505,2025-10-06,2025,2025,hard,Wuhan,R16,7-6(2) 6-4,63,42,86,45,88,WTA-2025-1075-286,2025-1075,3,0.8796281583434049,0.6663716814159292,0.7729999198796671,0.7901686723614626,0.7747698313840918
wta:211148,wta:220704,2025-10-06,2025,2025,hard,Wuhan,R16,3-6 6-1 3-1 RET,65,38,57,30,88,WTA-2025-1075-287,2025-1075,3,0.4853260746098452,0.49749771132133047,0.49141189296558785,0.4902158221847535,0.48933682430522774
wta:221103,wta:201533,2025-10-06,2025,2025,hard,Wuhan,R16,6-3 6-2,50,31,50,21,88,WTA-2025-1075-288,2025-1075,3,0.9542398210660183,0.7529142508391822,0.8535770359526003,0.8833970835293387,0.8530582687875102
wta:201696,wta:211684,2025-10-06,2025,2025,hard,Wuhan,R16,6-4 7-6(2),85,51,89,50,88,WTA-2025-1075-289,2025-1075,3,0.4711103324896859,0.48681721086359475,0.47896377167664034,0.48072829783779075,0.4797876959976657
wta:202468,wta:206420,2025-10-06,2025,2025,hard,Wuhan,R16,7-5 3-6 6-3,94,59,89,53,88,WTA-2025-1075-290,2025-1075,3,0.594116853212809,0.5310649984742142,0.5625909258435116,0.5631625492966895,0.5633233030177563
wta:211701,wta:260300,2025-10-06,2025,2025,hard,Wuhan,R16,7-5 6-3,69,46,70,38,88,WTA-2025-1075-291,2025-1075,3,0.4145332312633136,0.4727799816905706,0.4436566064769421,0.4427099922448133,0.4458537379996763
wta:214981,wta:222328,2025-10-06,2025,2025,hard,Wuhan,R16,6-3 6-4,57,44,84,47,88,WTA-2025-1075-292,2025-1075,3,0.7602177251354194,0.5948428440646933,0.6775302846000564,0.6833584220607383,0.6764622345542828
wta:214544,wta:214643,2025-10-06,2025,2025,hard,Wuhan,R16,6-3 6-2,47,37,47,27,88,WTA-2025-1075-293,2025-1075,3,0.8778505428228556,0.6617332926457126,0.769791917734284,0.7883187098725081,0.7706463577709028
wta:216347,wta:213631,2025-10-06,2025,2025,hard,Wuhan,R32,6-1 6-1,46,29,51,20,88,WTA-2025-1075-270,2025-1075,3,0.8897511616805143,0.673146170277693,0.7814486659791036,0.8009327961889552,0.7775426543831316
wta:220704,wta:222045,2025-10-06,2025,2025,hard,Wuhan,R32,6-4 6-0,45,31,53,24,88,WTA-2025-1075-272,2025-1075,3,0.8425355766432292,0.6369545315837657,0.7397450541134974,0.7536443272619798,0.7427050785260698
wta:211148,wta:206294,2025-10-06,2025,2025,hard,Wuhan,R32,3-6 6-4 6-3,90,59,83,53,88,WTA-2025-1075-273,2025-1075,3,0.8059398301527526,0.6129691791272506,0.7094545046400016,0.7209597381606728,0.7081728445850732
wta:221103,wta:220416,2025-10-06,2025,2025,hard,Wuhan,R32,6-1 6-0,33,28,44,17,88,WTA-2025-1075-274,2025-1075,3,0.9699657918558847,0.7817821177906622,0.8758739548232735,0.9102438406484264,0.8729444461262945
wta:201533,wta:201514,2025-10-06,2025,2025,hard,Wuhan,R32,6-4 3-6 6-4,90,54,100,59,88,WTA-2025-1075-275,2025-1075,3,0.1457372242629184,0.3490692706743973,0.24740324746865786,0.2352400004970611,0.2522247305324357
wta:211684,wta:214096,2025-10-06,2025,2025,hard,Wuhan,R32,7-6(1) 4-1 RET,71,42,58,29,88,WTA-2025-1075-276,2025-1075,3,0.20683616409066333,0.3931339639914556,0.29998506404105946,0.2898590844131745,0.29989351689427884
wta:201696,wta:259799,2025-10-06,2025,2025,hard,Wuhan,R32,6-7(4) 6-3 6-3,113,63,115,59,88,WTA-2025-1075-277,2025-1075,3,0.08180621229329627,0.2967653341470857,0.189285773220191,0.16630601525321523,0.19377158341244002
wta:202468,wta:221024,2025-10-06,2025,2025,hard,Wuhan,R32,6-4 4-6 7-6(6),126,71,122,66,88,WTA-2025-1075-278,2025-1075,3,0.9094884627312615,0.6829111992676228,0.7961998309994421,0.8232130920615353,0.8006856411916912
wta:206420,wta:215983,2025-10-06,2025,2025,hard,Wuhan,R32,7-6(5) 6-2,79,51,62,35,88,WTA-2025-1075-279,2025-1075,3,0.7665740314779705,0.593500152578578,0.6800370920282743,0.6884131099053699,0.6786333691109718
wta:211701,wta:233741,2025-10-06,2025,2025,hard,Wuhan,R32,6-3 6-1,56,32,49,21,88,WTA-2025-1075-280,2025-1075,3,0.41726089034421077,0.4732682331400671,0.4452645617421389,0.4445575995153175,0.44404393311839774
wta:260300,wta:222601,2025-10-06,2025,2025,hard,Wuhan,R32,6-4 6-4,48,30,59,31,88,WTA-2025-1075-281,2025-1075,3,0.615138189864495,0.538754958803784,0.5769465743341395,0.5775299479946003,0.576916058618546
wta:214981,wta:211713,2025-10-06,2025,2025,hard,Wuhan,R32,6-4 6-3,57,41,61,36,88,WTA-2025-1075-282,2025-1075,3,0.9131205996464364,0.6998169057064388,0.8064687526764376,0.8275313255445118,0.8041495582913293
wta:222328,wta:211768,2025-10-06,2025,2025,hard,Wuhan,R32,7-6(2) 6-3,71,50,55,38,88,WTA-2025-1075-283,2025-1075,3,0.30327226805730395,0.437320720170888,0.370296494114096,0.36481888517636474,0.36941153836188356
wta:214643,wta:213550,2025-10-06,2025,2025,hard,Wuhan,R32,3-6 6-3 6-1,69,46,86,46,88,WTA-2025-1075-284,2025-1075,3,0.6648927735129921,0.5598108025633202,0.6123517880381562,0.6122508521827214,0.610612392249325
wta:214544,wta:211685,2025-10-06,2025,2025,hard,Wuhan,R32,4-6 6-3 6-1,94,59,81,46,88,WTA-2025-1075-285,2025-1075,3,0.9502224490650545,0.7458956362526701,0.8480590426588623,0.8771903059259059,0.8468078983195275
wta:213631,wta:215785,2025-10-06,2025,2025,hard,Wuhan,R64,6-3 6-4,57,29,78,34,88,WTA-2025-1075-239,2025-1075,3,0.7509425539985367,0.5866646322856272,0.6688035931420819,0.6760688046427685,0.6693528760227654
wta:210722,wta:221236,2025-10-06,2025,2025,hard,Wuhan,R64,7-6(5) 6-3,84,55,81,48,88,WTA-2025-1075-240,2025-1075,3,0.926356103503954,0.707018614586512,0.816687359045233,0.843962491658097,0.8216919364025721
wta:202505,wta:202499,2025-10-06,2025,2025,hard,Wuhan,R64,6-2 6-2,50,34,48,22,88,WTA-2025-1075-241,2025-1075,3,0.7341313277958931,0.581537992065914,0.6578346599309035,0.6630964215986419,0.6562173270044465
wta:220704,wta:215337,2025-10-06,2025,2025,hard,Wuhan,R64,6-3 7-5,57,41,94,51,88,WTA-2025-1075-242,2025-1075,3,0.8438510291319709,0.6328043942630455,0.7383277116975082,0.7548737229883461,0.7400365917707459
wta:222045,wta:202663,2025-10-06,2025,2025,hard,Wuhan,R64,6-2 6-3,57,38,60,29,88,WTA-2025-1075-243,2025-1075,3,0.3432281053629557,0.453249923710711,0.39823901453683336,0.3934990423890315,0.3936921729133973
wta:206294,wta:214459,2025-10-06,2025,2025,hard,Wuhan,R64,7-6(2) 7-6(1),108,68,74,45,88,WTA-2025-1075-244,2025-1075,3,0.5847195638912679,0.5218492523649679,0.5532844081281179,0.5567836885674808,0.5586246583569858
wta:220416,wta:216133,2025-10-06,2025,2025,hard,Wuhan,R64,6-4 7-6(3),83,50,82,45,88,WTA-2025-1075-247,2025-1075,3,0.21175401003474179,0.39173024107415316,0.30174212555444746,0.2939540979325519,0.30528194856329705
wta:201514,wta:211533,2025-10-06,2025,2025,hard,Wuhan,R64,6-0 2-1 RET,25,16,22,5,88,WTA-2025-1075-248,2025-1075,3,0.6395191904255366,0.546750076289289,0.5931346333574128,0.5944000554275439,0.5917919418712975
wta:201533,wta:215613,2025-10-06,2025,2025,hard,Wuhan,R64,6-2 2-6 6-3,62,36,78,43,88,WTA-2025-1075-249,2025-1075,3,0.18170066787899872,0.3770216661580714,0.2793611670185351,0.2683038876397249,0.27594340687205965
wta:214096,wta:216146,2025-10-06,2025,2025,hard,Wuhan,R64,2-6 6-2 6-4,85,52,94,53,88,WTA-2025-1075-250,2025-1075,3,0.5305617052076831,0.5070796460176992,0.5188206756126912,0.5203885888053364,0.5191258327686263
wta:211684,wta:206368,2025-10-06,2025,2025,hard,Wuhan,R64,6-3 2-6 6-3,94,55,85,49,88,WTA-2025-1075-251,2025-1075,3,0.236916712838571,0.40692706743973145,0.32192189013915123,0.3143689517699125,0.3239359273683243
wta:201696,wta:215035,2025-10-06,2025,2025,hard,Wuhan,R64,7-5 4-6 4-1 RET,80,46,91,45,88,WTA-2025-1075-252,2025-1075,3,0.31931216682832964,0.444278303326213,0.3817952350772713,0.3764548472191393,0.37999480785725304
wta:221024,wta:221909,2025-10-06,2025,2025,hard,Wuhan,R64,2-6 6-4 6-2,74,48,68,41,88,WTA-2025-1075-255,2025-1075,3,0.4557093528850088,0.48510833079035703,0.47040884183768295,0.47042985383913793,0.4679065531590134
wta:215983,wta:221054,2025-10-06,2025,2025,hard,Wuhan,R64,6-1 4-1 RET,40,27,48,19,88,WTA-2025-1075-256,2025-1075,3,0.23759678447998892,0.4065608788526091,0.322078831666299,0.3149092065413902,0.3202784044462807
wta:206420,wta:239475,2025-10-06,2025,2025,hard,Wuhan,R64,6-3 6-2,60,39,56,30,88,WTA-2025-1075-257,2025-1075,3,0.6421681510424221,0.5430881904180653,0.5926281707302437,0.5962485162630782,0.5949168493997585
wta:211701,wta:223670,2025-10-06,2025,2025,hard,Wuhan,R64,6-4 6-4,51,35,66,36,88,WTA-2025-1075-258,2025-1075,3,0.3117074400477503,0.4384192859322551,0.3750633629900027,0.3709603091264189,0.37878628029241346
wta:233741,wta:202684,2025-10-06,2025,2025,hard,Wuhan,R64,7-5 7-6(10),85,50,81,45,88,WTA-2025-1075-259,2025-1075,3,0.5911109160950279,0.5249618553555081,0.5580363857252679,0.5611194427058391,0.5602640329635957
wta:222601,wta:219875,2025-10-06,2025,2025,hard,Wuhan,R64,7-6(0) 6-2,61,41,54,28,88,WTA-2025-1075-260,2025-1075,3,0.5024317385890276,0.5009154714678059,0.5016736050284167,0.5016211661605227,0.502436497918255
wta:211713,wta:220520,2025-10-06,2025,2025,hard,Wuhan,R64,6-7(6) 6-0 6-3,88,52,111,53,88,WTA-2025-1075-263,2025-1075,3,0.3666088040865978,0.45996338114128776,0.4132860926139428,0.40986376595046803,0.4118823696966404
wta:222328,wta:201709,2025-10-06,2025,2025,hard,Wuhan,R64,6-4 4-6 7-6(2),124,70,107,59,88,WTA-2025-1075-264,2025-1075,3,0.7956736325669433,0.602471772963076,0.6990727027650097,0.7122452380254496,0.7000186899484091
wta:211768,wta:220367,2025-10-06,2025,2025,hard,Wuhan,R64,4-6 7-5 6-3,115,71,84,51,88,WTA-2025-1075-265,2025-1075,3,0.7601935741959674,0.5928288068355203,0.6765111905157439,0.6833393104955455,0.6773045991211757
wta:214643,wta:215306,2025-10-06,2025,2025,hard,Wuhan,R64,6-1 7-5,59,40,70,37,88,WTA-2025-1075-266,2025-1075,3,0.7697246143585447,0.6024107415318889,0.6860676779452168,0.6909372311869233,0.6856099422113138
wta:213550,wta:220435,2025-10-06,2025,2025,hard,Wuhan,R64,3-6 7-6(5) 6-3,103,56,82,46,88,WTA-2025-1075-267,2025-1075,3,0.6593307633743849,0.5522429050961245,0.6057868342352547,0.6083087983213089,0.6080449971891759
wta:211685,wta:214939,2025-10-06,2025,2025,hard,Wuhan,R64,6-2 3-6 6-3,91,54,79,44,88,WTA-2025-1075-268,2025-1075,3,0.2648391512728706,0.4199267622825755,0.34238295677772307,0.33611748667946034,0.340307888117363
wta:221103,wta:211148,2025-10-06,2025,2025,hard,Wuhan,SF,6-4 6-3,55,27,56,24,88,WTA-2025-1075-298,2025-1075,3,0.702912527774918,0.5700640830027465,0.6364883053888322,0.639717269861265,0.6322161052057379
wta:202468,wta:214544,2025-10-06,2025,2025,hard,Wuhan,SF,2-6 6-4 7-6(2),103,53,101,48,88,WTA-2025-1075-299,2025-1075,3,0.33850478827906805,0.44714678059200486,0.39282578443553645,0.39015921754865557,0.39313094159147177
wta:214981,wta:206420,2025-10-13,2025,2025,hard,Ningbo,F,3-6 6-0 6-2,66,46,95,51,88,WTA-2025-2092-300,2025-2092,3,0.6515116388197592,0.5415624046383888,0.596537021729074,0.602795550773908,0.5980017760775634
wta:211148,wta:202505,2025-10-13,2025,2025,hard,Ningbo,QF,5-7 7-5 6-3,128,71,106,55,88,WTA-2025-2092-294,2025-2092,3,0.5277191587290301,0.5078120231919439,0.517765590960487,0.518489970387102,0.5186505467126994
wta:214981,wta:201548,2025-10-13,2025,2025,hard,Ningbo,QF,6-2 6-0,36,26,53,21,88,WTA-2025-2092-295,2025-2092,3,0.9147187227491845,0.6947512969179127,0.8047350098335486,0.8294556764670239,0.8050706827050775
wta:206420,wta:220520,2025-10-13,2025,2025,hard,Ningbo,QF,6-3 6-3,72,45,69,37,88,WTA-2025-2092-296,2025-2092,3,0.7585735207430322,0.5900823924321026,0.6743279565875674,0.6820588886970054,0.6757621952204633
wta:223670,wta:202684,2025-10-13,2025,2025,hard,Ningbo,QF,2-6 6-3 6-1,70,43,70,34,88,WTA-2025-2092-297,2025-2092,3,0.6936758182281108,0.5681110772047605,0.6308934477164356,0.6329532129854228,0.6281165175974244
wta:211148,wta:206368,2025-10-13,2025,2025,hard,Ningbo,R16,6-2 7-5,55,35,56,28,88,WTA-2025-2092-286,2025-2092,3,0.5395124796661226,0.5116570033567287,0.5255847415114256,0.5263721970787227,0.528422703061624
wta:202505,wta:263857,2025-10-13,2025,2025,hard,Ningbo,R16,5-7 6-4 7-5,111,67,112,63,88,WTA-2025-2092-287,2025-2092,3,0.8395521283204437,0.6351846200793408,0.7373683741998922,0.7508716134622575,0.7383448770988852
wta:214981,wta:215035,2025-10-13,2025,2025,hard,Ningbo,R16,6-4 6-7(6) 6-3,99,66,120,69,88,WTA-2025-2092-288,2025-2092,3,0.860296148921866,0.6508696978944156,0.7555829234081408,0.7706233942726435,0.7524398047020071
wta:201548,wta:220309,2025-10-13,2025,2025,hard,Ningbo,R16,7-6(6) 6-3,81,46,68,33,88,WTA-2025-2092-289,2025-2092,3,0.5534460740249351,0.5190418065303631,0.5362439402776491,0.5357064735713206,0.5358472359749332
wta:220520,wta:214643,2025-10-13,2025,2025,hard,Ningbo,R16,7-6(5) 6-1,71,42,61,30,88,WTA-2025-2092-290,2025-2092,3,0.4397437128139823,0.48236191638693926,0.46105281460046077,0.45972043456048994,0.4591913559492554
wta:206420,wta:206294,2025-10-13,2025,2025,hard,Ningbo,R16,6-3 6-3,50,35,71,36,88,WTA-2025-2092-291,2025-2092,3,0.8739868767848953,0.6572779981690571,0.7656324374769762,0.7843366222496538,0.7661817203576597
wta:223670,wta:214096,2025-10-13,2025,2025,hard,Ningbo,R16,2-6 6-1 6-2,68,44,77,40,88,WTA-2025-2092-292,2025-2092,3,0.3891074230054437,0.4670430271589869,0.4280752250822153,0.42538381754853316,0.42734284790797056
wta:202684,wta:259799,2025-10-13,2025,2025,hard,Ningbo,R16,4-6 6-3 6-2,98,58,97,49,88,WTA-2025-2092-293,2025-2092,3,0.10090150459484278,0.317882209337809,0.20939185696632587,0.18874811855716708,0.20759142974630757
wta:206368,wta:222045,2025-10-13,2025,2025,hard,Ningbo,R32,6-3 6-2,44,32,61,29,88,WTA-2025-2092-271,2025-2092,3,0.8091954399894057,0.6260909368324687,0.7176431884109372,0.7237608161142255,0.714011818255307
wta:263857,wta:201709,2025-10-13,2025,2025,hard,Ningbo,R32,6-4 6-2,59,36,51,28,88,WTA-2025-2092-272,2025-2092,3,0.4423460817067901,0.4833994507171193,0.4628727662119547,0.46146888210169856,0.4658327906245272
wta:202505,wta:202663,2025-10-13,2025,2025,hard,Ningbo,R32,6-3 6-2,71,48,56,28,88,WTA-2025-2092-273,2025-2092,3,0.6960905494081897,0.5604211168751907,0.6282558331416902,0.6347154083393359,0.6278896445545679
wta:215035,wta:239475,2025-10-13,2025,2025,hard,Ningbo,R32,6-3 7-6(3),88,48,82,37,88,WTA-2025-2092-275,2025-2092,3,0.36179461789032463,0.4527616722612145,0.40727814507576954,0.4065155173808173,0.41032971663512263
wta:220309,wta:205925,2025-10-13,2025,2025,hard,Ningbo,R32,2-6 7-5 6-3,80,51,85,55,88,WTA-2025-2092-276,2025-2092,3,0.5476850148289892,0.512023191943851,0.5298541033864201,0.5318437617919933,0.530769574854226
wta:201548,wta:220704,2025-10-13,2025,2025,hard,Ningbo,R32,1-6 7-6(4) 6-3,84,47,94,56,88,WTA-2025-2092-277,2025-2092,3,0.2235695213035821,0.401495270064083,0.3125323956838325,0.30364722917400944,0.3127460056929873
wta:214643,wta:215250,2025-10-13,2025,2025,hard,Ningbo,R32,6-2 6-4,74,39,70,33,88,WTA-2025-2092-278,2025-2092,3,0.871468390188382,0.6842538907537382,0.77786114047106,0.7817686565530447,0.7738025502971204
wta:220520,wta:213550,2025-10-13,2025,2025,hard,Ningbo,R32,6-1 6-0,45,32,33,11,88,WTA-2025-2092-279,2025-2092,3,0.6124556291395487,0.5350930729325603,0.5737743510360545,0.5756881513673637,0.5754832311092921
wta:206294,wta:216133,2025-10-13,2025,2025,hard,Ningbo,R32,6-3 6-3,53,33,64,30,88,WTA-2025-2092-280,2025-2092,3,0.3714043063926165,0.4633811412877632,0.4173927238401899,0.41318891674658925,0.41458527800558503
wta:223670,wta:216016,2025-10-13,2025,2025,hard,Ningbo,R32,7-5 6-3,76,44,63,34,88,WTA-2025-2092-282,2025-2092,3,0.6707265819296485,0.5602380225816296,0.615482302255639,0.6164046456512424,0.6173437609068444
wta:214096,wta:214954,2025-10-13,2025,2025,hard,Ningbo,R32,6-4 6-3,57,37,69,35,88,WTA-2025-2092-283,2025-2092,3,0.35239026724726513,0.4530668294171498,0.4027285483322075,0.3999437911909507,0.40352195693763926
wta:202684,wta:221054,2025-10-13,2025,2025,hard,Ningbo,R32,3-6 6-4 6-1,81,46,103,47,88,WTA-2025-2092-284,2025-2092,3,0.14464525386582766,0.3571864510222765,0.25091585244405207,0.23418640681965677,0.24850511091216315
wta:214981,wta:211148,2025-10-13,2025,2025,hard,Ningbo,SF,6-3 6-2,61,41,69,38,88,WTA-2025-2092-298,2025-2092,3,0.7482062117884887,0.5842844064693317,0.6662453091289102,0.6739368742557503,0.6653603533766979
wta:206420,wta:223670,2025-10-13,2025,2025,hard,Ningbo,SF,6-3 6-4,82,50,53,28,88,WTA-2025-2092-299,2025-2092,3,0.714451839978669,0.5723222459566677,0.6433870429676684,0.6482608381397399,0.6384434970415164
wta:220367,wta:238184,2025-10-13,2025,2025,hard,Osaka,F,6-0 5-7 6-3,79,48,83,40,88,WTA-2025-405-300,2025-405,3,0.41126569232067206,0.47467195605736956,0.44296882418902084,0.4404940999561471,0.4434875913541108
wta:201514,wta:203530,2025-10-13,2025,2025,hard,Osaka,QF,6-2 2-6 6-2,64,43,78,43,88,WTA-2025-405-294,2025-405,3,0.8439947740722887,0.6431797375648459,0.7435872558185673,0.7550083223537055,0.7436788029653478
wta:220367,wta:211685,2025-10-13,2025,2025,hard,Osaka,QF,7-6(2) 6-3,59,38,74,40,88,WTA-2025-405-295,2025-405,3,0.6755439915989162,0.5606042111687519,0.618074101383834,0.6198501441685059,0.6143511840814233
wta:238184,wta:215337,2025-10-13,2025,2025,hard,Osaka,QF,4-6 6-2 6-3,82,47,78,36,88,WTA-2025-405-296,2025-405,3,0.8236536660594972,0.6329874885566067,0.7283205773080519,0.7364374360127784,0.7290834701978902
wta:201514,wta:211107,2025-10-13,2025,2025,hard,Osaka,R16,6-3 6-1,44,28,48,20,88,WTA-2025-405-286,2025-405,3,0.7947793432155645,0.6077815074763503,0.7012804253459575,0.711494286438633,0.6991443252544103
wta:203530,wta:213631,2025-10-13,2025,2025,hard,Osaka,R16,1-6 6-2 7-6(3),91,44,96,49,88,WTA-2025-405-287,2025-405,3,0.15214593002022608,0.35913945682026244,0.25564269342024426,0.24135856385785825,0.26086088078673797
wta:220367,wta:213646,2025-10-13,2025,2025,hard,Osaka,R16,6-1 6-4,53,39,64,34,88,WTA-2025-405-288,2025-405,3,0.7261507259104617,0.5826365578272811,0.6543936418688714,0.6570374654703857,0.6528068246580078
wta:211685,wta:215983,2025-10-13,2025,2025,hard,Osaka,R16,6-2 3-6 6-3,99,62,69,46,88,WTA-2025-405-289,2025-405,3,0.3857565134319572,0.4698504729935917,0.42780349321277444,0.4230846297999857,0.42398902876358313
wta:215337,wta:221909,2025-10-13,2025,2025,hard,Osaka,R16,6-4 6-4,54,40,65,40,88,WTA-2025-405-290,2025-405,3,0.3962007671910746,0.4683246872139152,0.4322627272024949,0.43023793507500135,0.43317819867030083
wta:238184,wta:210722,2025-10-13,2025,2025,hard,Osaka,R16,6-4 6-1,54,38,45,23,88,WTA-2025-405-291,2025-405,3,0.36958456126904626,0.4478791577662496,0.4087318595176479,0.4119282838606097,0.41248529253565225
wta:211713,wta:222601,2025-10-13,2025,2025,hard,Osaka,R16,0-6 6-4 6-2,75,44,83,46,88,WTA-2025-405-292,2025-405,3,0.5349351707578539,0.5067134574305767,0.5208243140942153,0.5233112127617723,0.5216787541308342
wta:211768,wta:215480,2025-10-13,2025,2025,hard,Osaka,R16,7-6(6) 3-6 6-2,85,54,97,57,88,WTA-2025-405-293,2025-405,3,0.9153729947471959,0.6940799511748551,0.8047264729610255,0.8302479385173489,0.8077780445203786
wta:211107,wta:222328,2025-10-13,2025,2025,hard,Osaka,R32,7-6(3) 6-3,70,42,64,31,88,WTA-2025-405-270,2025-405,3,0.20456215139714934,0.3920353982300885,0.2982987748136189,0.2879528775605913,0.29823774338243186
wta:201514,wta:220416,2025-10-13,2025,2025,hard,Osaka,R32,2-6 6-4 6-2,76,42,79,41,88,WTA-2025-405-271,2025-405,3,0.8865067635474362,0.6610009154714678,0.773753839509452,0.7974389041729778,0.7790330583071328
wta:203530,wta:215370,2025-10-13,2025,2025,hard,Osaka,R32,6-3 4-6 6-4,104,63,94,54,88,WTA-2025-405-272,2025-405,3,0.20726981126172,0.3869697894415624,0.2971198003516412,0.2902216710439296,0.29687567462689296
wta:213631,wta:214262,2025-10-13,2025,2025,hard,Osaka,R32,6-1 6-1,45,32,41,16,88,WTA-2025-405-273,2025-405,3,0.8508988059212038,0.6500152578577968,0.7504570318895003,0.7615347098021602,0.7460017374128448
wta:220367,wta:221024,2025-10-13,2025,2025,hard,Osaka,R32,6-2 7-5,69,45,54,30,88,WTA-2025-405-274,2025-405,3,0.7122834268409931,0.5671345743057675,0.6397090005733803,0.6466470821178144,0.6405634406099991
wta:213646,wta:219917,2025-10-13,2025,2025,hard,Osaka,R32,6-4 6-4,76,51,60,38,88,WTA-2025-405-275,2025-405,3,0.5541192171086881,0.5144644491913335,0.5342918331500108,0.5361581439838424,0.535451430342565
wta:211685,wta:220466,2025-10-13,2025,2025,hard,Osaka,R32,6-3 6-1,48,37,46,23,88,WTA-2025-405-276,2025-405,3,0.8594081325012125,0.6743057674702472,0.7668569499857298,0.7697538554859633,0.7718004959118818
wta:215983,wta:219875,2025-10-13,2025,2025,hard,Osaka,R32,6-4 6-0,37,26,59,24,88,WTA-2025-405-277,2025-405,3,0.6570193543310344,0.5513884650595057,0.60420390969527,0.6066756330720103,0.604783708291547
wta:215337,wta:211702,2025-10-13,2025,2025,hard,Osaka,R32,6-4 1-6 6-2,79,45,68,38,88,WTA-2025-405-278,2025-405,3,0.7221954212885975,0.5828806835520293,0.6525380524203134,0.6540565676222642,0.6511038137874174
wta:221909,wta:206289,2025-10-13,2025,2025,hard,Osaka,R32,2-6 6-3 6-4,92,58,107,64,88,WTA-2025-405-279,2025-405,3,0.3983684819989171,0.46155019835215133,0.4299593401755342,0.43171800248410425,0.4367643447528916
wta:238184,wta:223253,2025-10-13,2025,2025,hard,Osaka,R32,6-1 6-2,67,38,55,24,88,WTA-2025-405-280,2025-405,3,0.7609877288159496,0.5963075984131828,0.6786476636145662,0.6839681225235136,0.6820654237610416
wta:210722,wta:213710,2025-10-13,2025,2025,hard,Osaka,R32,7-6(5) 6-3,71,49,75,47,88,WTA-2025-405-281,2025-405,3,0.8356820617181228,0.6326212999694842,0.7341516808438036,0.7473062302295628,0.7310085621376698
wta:222601,wta:220465,2025-10-13,2025,2025,hard,Osaka,R32,6-2 6-4,54,37,59,31,88,WTA-2025-405-282,2025-405,3,0.5750809152161882,0.524839792493134,0.5499603538546611,0.5502649671717343,0.5474580651759915
wta:211713,wta:220714,2025-10-13,2025,2025,hard,Osaka,R32,6-2 7-6(4),76,49,83,46,88,WTA-2025-405-283,2025-405,3,0.5868752560657919,0.5234360695758316,0.5551556628208117,0.5582448255592111,0.5573833100591394
wta:215480,wta:215306,2025-10-13,2025,2025,hard,Osaka,R32,6-1 6-2,50,35,51,24,88,WTA-2025-405-284,2025-405,3,0.5268585138210344,0.5100091547146781,0.5184338342678563,0.5179152555507814,0.5171216584973344
wta:211768,wta:259883,2025-10-13,2025,2025,hard,Osaka,R32,6-0 6-4,39,30,65,31,88,WTA-2025-405-285,2025-405,3,0.8168893641810353,0.6534330180042722,0.7351611910926538,0.7304569318866498,0.7332692167258549
wta:220367,wta:201514,2025-10-13,2025,2025,hard,Osaka,SF,6-1 2-6 6-4,77,43,75,37,88,WTA-2025-405-298,2025-405,3,0.4334498295420352,0.48492523649679586,0.4591875330194155,0.45548656659963677,0.45412192423088943
wta:238184,wta:211713,2025-10-13,2025,2025,hard,Osaka,SF,6-7(3) 6-4 6-3,94,60,99,55,88,WTA-2025-405-299,2025-405,3,0.7535314277441273,0.5968568812938664,0.6751941545189968,0.6780935228154706,0.6748889973630615
wta:215983,wta:215138,2025-10-20,2025,2025,hard,Guangzhou,F,7-6(6) 6-2,81,51,83,46,88,WTA-2025-1023-300,2025-1023,3,0.7417477812121915,0.5850167836435765,0.663382282427884,0.6689371143829537,0.6657930239597729
wta:215983,wta:220714,2025-10-20,2025,2025,hard,Guangzhou,QF,6-3 6-4,67,40,62,30,88,WTA-2025-1023-294,2025-1023,3,0.7034591950421634,0.5700030515715594,0.6367311233068613,0.6401196186144916,0.6334659417383536
wta:201533,wta:220465,2025-10-20,2025,2025,hard,Guangzhou,QF,7-6(5) 5-7 7-5,124,70,125,69,88,WTA-2025-1023-295,2025-1023,3,0.437072500002262,0.4843149221849252,0.4606937110935936,0.457924448816871,0.4599003024881618
wta:214906,wta:230870,2025-10-20,2025,2025,hard,Guangzhou,QF,4-6 6-0 6-4,86,52,80,42,88,WTA-2025-1023-296,2025-1023,3,0.47939046369578225,0.49578883124809275,0.4875896474719375,0.48625598308221424,0.486582628857351
wta:215138,wta:216083,2025-10-20,2025,2025,hard,Guangzhou,QF,3-6 6-3 6-4,76,58,103,65,88,WTA-2025-1023-297,2025-1023,3,0.3711919325849816,0.4581324382056759,0.41466218539532873,0.41304186632070883,0.41215989671665926
wta:215983,wta:215785,2025-10-20,2025,2025,hard,Guangzhou,R16,7-5 6-2,56,37,78,40,88,WTA-2025-1023-286,2025-1023,3,0.6301992476013764,0.54174549893195,0.5859723732666632,0.5879218757202546,0.5853010275236055
wta:220714,wta:216016,2025-10-20,2025,2025,hard,Guangzhou,R16,6-3 2-6 6-3,76,47,88,48,88,WTA-2025-1023-287,2025-1023,3,0.4119515197928604,0.4769301190112908,0.4444408194020756,0.44095943565150125,0.4461191837597198
wta:201533,wta:220662,2025-10-20,2025,2025,hard,Guangzhou,R16,3-6 6-3 6-2,76,39,92,42,88,WTA-2025-1023-288,2025-1023,3,0.6934581341702706,0.5751907232224596,0.6343244286963651,0.6327945616055392,0.6340497872560233
wta:220465,wta:239456,2025-10-20,2025,2025,hard,Guangzhou,R16,6-3 6-3,55,36,58,30,88,WTA-2025-1023-289,2025-1023,3,0.4512773015165878,0.4794934391211474,0.4653853703188676,0.46746085331707826,0.4669721875297312
wta:230870,wta:201709,2025-10-20,2025,2025,hard,Guangzhou,R16,6-3 6-2,48,37,50,29,88,WTA-2025-1023-290,2025-1023,3,0.3312332028981386,0.44671956057369544,0.38897638173591703,0.38499299985053637,0.38885431887354294
wta:214906,wta:214388,2025-10-20,2025,2025,hard,Guangzhou,R16,6-3 6-4,69,43,64,36,88,WTA-2025-1023-291,2025-1023,3,0.4780600661617545,0.48364357644186756,0.48085182130181103,0.48536815787729853,0.4827437956686099
wta:216083,wta:201548,2025-10-20,2025,2025,hard,Guangzhou,R16,6-4 4-6 6-3,119,69,103,55,88,WTA-2025-1023-292,2025-1023,3,0.4807946063781044,0.49359169972535855,0.4871931530517315,0.48719290387129643,0.4861251030059579
wta:215138,wta:206374,2025-10-20,2025,2025,hard,Guangzhou,R16,6-3 6-1,41,33,50,26,88,WTA-2025-1023-293,2025-1023,3,0.5001285282797179,0.49975587427525175,0.4999422012774848,0.5000856855208604,0.5027801628276831
wta:215983,wta:223286,2025-10-20,2025,2025,hard,Guangzhou,R32,6-4 7-6(4),79,47,95,50,88,WTA-2025-1023-270,2025-1023,3,0.9100497432593361,0.7008544400366189,0.8054520916479775,0.8238755003752136,0.8074661288771505
wta:215785,wta:214459,2025-10-20,2025,2025,hard,Guangzhou,R32,6-1 6-2,43,33,43,21,88,WTA-2025-1023-271,2025-1023,3,0.620592252745967,0.5359475129691791,0.578269882857573,0.5812828553063405,0.5764999713531482
wta:220714,wta:220348,2025-10-20,2025,2025,hard,Guangzhou,R32,6-4 6-7(7) 6-2,98,61,103,56,88,WTA-2025-1023-272,2025-1023,3,0.4786118234296398,0.4883429966432713,0.48347741003645556,0.4857363802242816,0.48964158458634877
wta:216016,wta:215936,2025-10-20,2025,2025,hard,Guangzhou,R32,6-4 6-4,77,45,81,42,88,WTA-2025-1023-273,2025-1023,3,0.7587070751770068,0.5972230698809887,0.6779650725289977,0.6821643265365864,0.6774157896483142
wta:220662,wta:213583,2025-10-20,2025,2025,hard,Guangzhou,R32,6-4 6-7(7) 6-2,96,54,103,54,88,WTA-2025-1023-274,2025-1023,3,0.4111543442222418,0.4690570643881599,0.44010570430520085,0.44041853780926177,0.44215025724996737
wta:201533,wta:220435,2025-10-20,2025,2025,hard,Guangzhou,R32,6-4 6-1,64,34,52,19,88,WTA-2025-1023-275,2025-1023,3,0.4774609376341415,0.4897467195605737,0.4836038285973576,0.4849682992183044,0.48543477153296943
wta:220465,wta:203514,2025-10-20,2025,2025,hard,Guangzhou,R32,4-6 6-2 6-2,82,50,96,49,88,WTA-2025-1023-276,2025-1023,3,0.6300697009801788,0.5490692706743974,0.5895694858272881,0.587832097484783,0.5884404043503274
wta:239456,wta:221236,2025-10-20,2025,2025,hard,Guangzhou,R32,1-6 6-1 6-2,60,40,61,33,88,WTA-2025-1023-277,2025-1023,3,0.584702473327623,0.5344827586206896,0.5595926159741563,0.5567721094133078,0.5630408918362253
wta:201709,wta:252499,2025-10-20,2025,2025,hard,Guangzhou,R32,7-6(2) 4-6 6-4,87,55,106,57,88,WTA-2025-1023-278,2025-1023,3,0.4708365821406139,0.4808361306072627,0.4758363563739383,0.48054545509270796,0.483465285272321
wta:230870,wta:206417,2025-10-20,2025,2025,hard,Guangzhou,R32,6-2 6-2,53,36,43,19,88,WTA-2025-1023-279,2025-1023,3,0.7159387244095646,0.5848947207812023,0.6504167225953834,0.649369684320833,0.644466158054645
wta:214388,wta:215250,2025-10-20,2025,2025,hard,Guangzhou,R32,6-3 3-6 7-6(4),98,55,89,48,88,WTA-2025-1023-280,2025-1023,3,0.5562343270126648,0.5164784864205065,0.5363564067165857,0.5375778408781002,0.5405065440373058
wta:214906,wta:223253,2025-10-20,2025,2025,hard,Guangzhou,R32,2-6 6-4 6-4,89,46,91,50,88,WTA-2025-1023-281,2025-1023,3,0.265782127800058,0.4040585901739396,0.3349203589869988,0.33683753745781875,0.3431901179128456
wta:201548,wta:219917,2025-10-20,2025,2025,hard,Guangzhou,R32,7-5 7-5,86,50,80,41,88,WTA-2025-1023-282,2025-1023,3,0.6309950790363558,0.5392432102532805,0.5851191446448181,0.5884735589114095,0.5870416347272105
wta:216083,wta:215219,2025-10-20,2025,2025,hard,Guangzhou,R32,6-3 1-6 6-3,81,51,77,45,88,WTA-2025-1023-283,2025-1023,3,0.6562027582793579,0.5524870308208728,0.6043448945501153,0.606099343530682,0.6052603660179212
wta:206374,wta:215872,2025-10-20,2025,2025,hard,Guangzhou,R32,6-2 6-4,70,42,56,26,88,WTA-2025-1023-284,2025-1023,3,0.5045973822803201,0.5024412572474825,0.5035193197639013,0.5030649695070729,0.50177992397507
wta:215138,wta:222601,2025-10-20,2025,2025,hard,Guangzhou,R32,7-6(3) 7-6(2),92,54,98,54,88,WTA-2025-1023-285,2025-1023,3,0.39086856939330467,0.4717424473603906,0.43130550837684767,0.4265906112640285,0.43090880407413173
wta:215983,wta:201533,2025-10-20,2025,2025,hard,Guangzhou,SF,5-2 RET,28,19,16,9,88,WTA-2025-1023-298,2025-1023,3,0.7668347508811533,0.5944156240463839,0.6806251874637685,0.6886215092663576,0.6824256146837868
wta:215138,wta:214906,2025-10-20,2025,2025,hard,Guangzhou,SF,6-0 7-6(3),55,39,95,48,88,WTA-2025-1023-299,2025-1023,3,0.6077834184632083,0.537778455904791,0.5727809371839996,0.5724864145718528,0.5701260699273625
wta:202505,wta:222328,2025-10-20,2025,2025,hard,Tokyo,F,6-2 6-3,69,46,51,28,88,WTA-2025-1056-300,2025-1056,3,0.5033831942934972,0.5062252059810802,0.5048042001372888,0.5022554819856908,0.49983013849554325
wta:214981,wta:239475,2025-10-20,2025,2025,hard,Tokyo,QF,6-3 7-6(4),65,51,65,43,88,WTA-2025-1056-294,2025-1056,3,0.7691886590874785,0.5939884040280745,0.6815885315577765,0.6905069495007502,0.6846401031171295
wta:222328,wta:214939,2025-10-20,2025,2025,hard,Tokyo,QF,6-0 1-0 RET,31,22,21,7,88,WTA-2025-1056-295,2025-1056,3,0.5067388050606486,0.4996338114128776,0.5031863082367631,0.5044926878392846,0.5055665340530585
wta:213550,wta:206420,2025-10-20,2025,2025,hard,Tokyo,QF,6-0 2-6 7-6(3),98,56,95,51,88,WTA-2025-1056-296,2025-1056,3,0.16830245057067816,0.37738785474519376,0.27284515265793596,0.2563289040613808,0.2704038954104535
wta:202505,wta:214096,2025-10-20,2025,2025,hard,Tokyo,QF,3-6 7-5 7-5,110,65,113,64,88,WTA-2025-1056-297,2025-1056,3,0.47006099442393884,0.4894415624046384,0.4797512784142886,0.48002739067481126,0.4781339454878315
wta:214981,wta:220367,2025-10-20,2025,2025,hard,Tokyo,R16,6-4 6-3,69,44,48,27,88,WTA-2025-1056-286,2025-1056,3,0.8137277537533896,0.6132133048519988,0.7134705293026942,0.7276920538241004,0.713745170743036
wta:239475,wta:220332,2025-10-20,2025,2025,hard,Tokyo,R16,6-1 6-1,38,30,54,25,88,WTA-2025-1056-287,2025-1056,3,0.7073045800295333,0.56957583155325,0.6384402057913916,0.6429564483493737,0.6430480788460148
wta:222328,wta:220520,2025-10-20,2025,2025,hard,Tokyo,R16,5-7 6-3 6-4,99,61,95,57,88,WTA-2025-1056-288,2025-1056,3,0.6266350090046947,0.5366798901434239,0.5816574495740593,0.5854543681420532,0.5827254996198329
wta:214939,wta:223670,2025-10-20,2025,2025,hard,Tokyo,R16,7-6(4) 2-6 7-6(5),113,64,109,65,88,WTA-2025-1056-289,2025-1056,3,0.5712288447607697,0.5164784864205065,0.5438536655906381,0.5476659040030194,0.5455625456638759
wta:213550,wta:259883,2025-10-20,2025,2025,hard,Tokyo,R16,3-6 6-1 7-6(2),94,63,106,62,88,WTA-2025-1056-290,2025-1056,3,0.4883289360763672,0.4942020140372292,0.4912654750567982,0.49221850547065377,0.4886411235157545
wta:206420,wta:211713,2025-10-20,2025,2025,hard,Tokyo,R16,6-1 6-2,50,35,51,25,88,WTA-2025-1056-291,2025-1056,3,0.8472608614196429,0.6342691486115349,0.740765005015589,0.7580805377600186,0.7402767535660923
wta:214096,wta:233741,2025-10-20,2025,2025,hard,Tokyo,R16,6-3 7-5,52,37,71,37,88,WTA-2025-1056-292,2025-1056,3,0.7103317122556959,0.5721391516631065,0.6412354319594011,0.6451979373991542,0.6408387276566854
wta:202505,wta:219875,2025-10-20,2025,2025,hard,Tokyo,R16,6-4 6-3,51,30,57,26,88,WTA-2025-1056-293,2025-1056,3,0.7799123388590551,0.5992981385413488,0.689605238700202,0.6991886078828656,0.6891780186818925
wta:220367,wta:206289,2025-10-20,2025,2025,hard,Tokyo,R32,7-6(5) 6-4,74,41,74,35,88,WTA-2025-1056-271,2025-1056,3,0.583581445078994,0.5259993896856882,0.554790417382341,0.5560127592831055,0.5521050344101104
wta:220332,wta:211107,2025-10-20,2025,2025,hard,Tokyo,R32,6-2 6-1,69,41,41,18,88,WTA-2025-1056-272,2025-1056,3,0.6247607694202697,0.5375953616112298,0.5811780655157497,0.5841589499876146,0.5794386697269185
wta:239475,wta:215370,2025-10-20,2025,2025,hard,Tokyo,R32,6-3 6-3,51,35,52,29,88,WTA-2025-1056-273,2025-1056,3,0.5729079444571564,0.5210558437595362,0.5469818941083463,0.5487984164498227,0.5496367613649835
wta:220520,wta:213710,2025-10-20,2025,2025,hard,Tokyo,R32,3-6 7-5 6-3,95,60,105,61,88,WTA-2025-1056-275,2025-1056,3,0.6039052557450595,0.5361916386939274,0.5700484472194934,0.5698344941704911,0.5676682214031981
wta:214939,wta:215480,2025-10-20,2025,2025,hard,Tokyo,R32,6-3 6-1,51,32,45,18,88,WTA-2025-1056-276,2025-1056,3,0.7996537771901003,0.6069880988709185,0.7033209380305094,0.7156030379475656,0.7035345480396642
wta:223670,wta:215035,2025-10-20,2025,2025,hard,Tokyo,R32,6-3 6-1,49,29,47,20,88,WTA-2025-1056-277,2025-1056,3,0.5595503109035447,0.5237412267317668,0.5416457688176557,0.5398051231183488,0.5358782985704784
wta:213550,wta:220416,2025-10-20,2025,2025,hard,Tokyo,R32,6-1 6-3,57,40,54,27,88,WTA-2025-1056-278,2025-1056,3,0.7309603940414693,0.5831248092767776,0.6570426016591234,0.660681746507158,0.6517328671458491
wta:259883,wta:223360,2025-10-20,2025,2025,hard,Tokyo,R32,6-4 6-3,99,59,76,42,88,WTA-2025-1056-279,2025-1056,3,0.7102469711175224,0.6072932560268538,0.6587701135721882,0.6451350882096986,0.6569391706365764
wta:211713,wta:221406,2025-10-20,2025,2025,hard,Tokyo,R32,6-2 6-3,52,35,64,34,88,WTA-2025-1056-280,2025-1056,3,0.8373717882432639,0.6561794324076899,0.7467756103254769,0.7488586497666536,0.7460127174356386
wta:214096,wta:214954,2025-10-20,2025,2025,hard,Tokyo,R32,6-2 1-0 RET,36,24,32,16,88,WTA-2025-1056-282,2025-1056,3,0.35364794171450264,0.4539212694537687,0.40378460558413565,0.40082511929552395,0.4063174099783987
wta:233741,wta:203530,2025-10-20,2025,2025,hard,Tokyo,R32,1-6 7-6(5) 6-2,93,52,99,56,88,WTA-2025-1056-283,2025-1056,3,0.7157620195172552,0.5752517546536466,0.6455068870854509,0.6492378079430693,0.6433402712783103
wta:219875,wta:216133,2025-10-20,2025,2025,hard,Tokyo,R32,4-6 6-3 6-4,99,54,87,49,88,WTA-2025-1056-284,2025-1056,3,0.37609105470413623,0.4633201098565761,0.41970558228035615,0.4164293339931461,0.4188206265281438
wta:202505,wta:213550,2025-10-20,2025,2025,hard,Tokyo,SF,7-6(5) 3-6 6-2,91,61,95,60,88,WTA-2025-1056-299,2025-1056,3,0.7289882284229335,0.5784253890753738,0.6537068087491537,0.6591848058492594,0.6533406201620313
wta:239475,wta:213710,2025-10-27,2025,2025,hard,Hong Kong,F,7-5 6-7(9) 6-2,127,77,125,70,88,WTA-2025-1074-300,2025-1074,3,0.7232711129662857,0.5747024717729631,0.6489867923696244,0.6548658530580477,0.6480102894706314
wta:220367,wta:201514,2025-10-27,2025,2025,hard,Hong Kong,QF,6-4 6-4,68,44,73,40,88,WTA-2025-1074-294,2025-1074,3,0.4330297693399929,0.48742752517546534,0.4602286472577291,0.45520371757110195,0.4547358184508936
wta:239475,wta:214939,2025-10-27,2025,2025,hard,Hong Kong,QF,6-1 3-1 RET,42,29,34,16,88,WTA-2025-1074-295,2025-1074,3,0.5073602426236243,0.4965212084223375,0.5019407255229809,0.5049070253363277,0.5066706614399782
wta:233741,wta:221124,2025-10-27,2025,2025,hard,Hong Kong,QF,6-4 2-6 6-4,88,50,82,50,88,WTA-2025-1074-296,2025-1074,3,0.7740402265891548,0.624443088190418,0.6992416573897864,0.6944155894479507,0.7011336317565853
wta:220367,wta:220332,2025-10-27,2025,2025,hard,Hong Kong,R16,6-4 6-1,47,33,52,26,88,WTA-2025-1074-286,2025-1074,3,0.6383170303780855,0.5400366188587122,0.5891768246183988,0.5935622577239587,0.5893904346275536
wta:201514,wta:201548,2025-10-27,2025,2025,hard,Hong Kong,R16,4-6 6-4 6-3,114,67,86,48,88,WTA-2025-1074-287,2025-1074,3,0.7347420915306502,0.5807445834604822,0.6577433374955661,0.6635626449434769,0.6586893246789656
wta:239475,wta:223253,2025-10-27,2025,2025,hard,Hong Kong,R16,3-6 6-3 6-4,105,64,85,48,88,WTA-2025-1074-288,2025-1074,3,0.7549540054768102,0.5873359780286848,0.6711449917527474,0.6792093347043733,0.6755087390826224
wta:214939,wta:201533,2025-10-27,2025,2025,hard,Hong Kong,R16,6-1 6-1,48,30,37,12,88,WTA-2025-1074-289,2025-1074,3,0.8522299886242651,0.647268843454379,0.7497494160393221,0.762807361887909,0.748650850277955
wta:233741,wta:215077,2025-10-27,2025,2025,hard,Hong Kong,R16,6-1 6-4,51,33,57,26,88,WTA-2025-1074-290,2025-1074,3,0.8739168338257624,0.6823008849557523,0.7781088593907572,0.7842649121201055,0.7764915264643002
wta:221124,wta:211269,2025-10-27,2025,2025,hard,Hong Kong,R16,6-2 6-1,56,37,39,15,88,WTA-2025-1074-291,2025-1074,3,0.8247315309056537,0.6835215135794934,0.7541265222425735,0.7373988669264835,0.7544316793985089
wta:213710,wta:215306,2025-10-27,2025,2025,hard,Hong Kong,R16,6-2 6-4,78,40,61,25,88,WTA-2025-1074-292,2025-1074,3,0.6283467724924527,0.54070796460177,0.5845273685471113,0.5866387510701894,0.585320777152543
wta:202505,wta:206374,2025-10-27,2025,2025,hard,Hong Kong,R16,6-2 6-2,39,32,61,32,88,WTA-2025-1074-293,2025-1074,3,0.8443624606744433,0.6375038144644491,0.7409331375694462,0.7553528482981278,0.7452663691837276
wta:220367,wta:216016,2025-10-27,2025,2025,hard,Hong Kong,R32,6-1 6-4,52,32,53,23,88,WTA-2025-1074-270,2025-1074,3,0.6722623029565973,0.5634726884345438,0.6178674956955705,0.6175014784106424,0.6158534584663975
wta:220332,wta:260006,2025-10-27,2025,2025,hard,Hong Kong,R32,6-0 6-3,41,30,60,26,88,WTA-2025-1074-271,2025-1074,3,0.8750091231614705,0.6815685077815075,0.778288815471489,0.7853851220524426,0.7812488398840615
wta:201548,wta:215468,2025-10-27,2025,2025,hard,Hong Kong,R32,7-5 6-2,66,39,72,36,88,WTA-2025-1074-272,2025-1074,3,0.9538564797732808,0.8351846200793409,0.8945205499263109,0.8827952736386341,0.8955275685408973
wta:201514,wta:213646,2025-10-27,2025,2025,hard,Hong Kong,R32,7-5 6-3,55,39,66,37,88,WTA-2025-1074-273,2025-1074,3,0.7774518656160038,0.607476350320415,0.6924641079682095,0.6971829182651256,0.6892294421152951
wta:239475,wta:221883,2025-10-27,2025,2025,hard,Hong Kong,R32,6-7(2) 6-1 6-4,93,65,81,55,88,WTA-2025-1074-274,2025-1074,3,0.9117884316536513,0.7003661885871224,0.8060773101203869,0.8259387319175618,0.8113870446336612
wta:223253,wta:211107,2025-10-27,2025,2025,hard,Hong Kong,R32,6-4 2-1 RET,40,24,50,26,88,WTA-2025-1074-275,2025-1074,3,0.5658051542655458,0.5275862068965518,0.5466956805810488,0.5440118617096449,0.5436746247372892
wta:201533,wta:220662,2025-10-27,2025,2025,hard,Hong Kong,R32,6-2 6-2,44,31,57,24,88,WTA-2025-1074-276,2025-1074,3,0.6929792513621651,0.5787305462313092,0.6358548987967372,0.6324456646003027,0.6340544715767188
wta:214939,wta:215872,2025-10-27,2025,2025,hard,Hong Kong,R32,6-4 6-4,61,38,71,38,88,WTA-2025-1074-277,2025-1074,3,0.8488415618606382,0.6386023802258163,0.7437219710432272,0.7595771539449143,0.7468650897493609
wta:233741,wta:201545,2025-10-27,2025,2025,hard,Hong Kong,R32,2-6 6-4 6-3,85,48,86,48,88,WTA-2025-1074-278,2025-1074,3,0.6122081214258814,0.539731461702777,0.5759697915643291,0.5755183481901882,0.5727351257114149
wta:215077,wta:216587,2025-10-27,2025,2025,hard,Hong Kong,R32,6-1 6-0,35,28,53,22,88,WTA-2025-1074-279,2025-1074,3,0.7773339259461963,0.6503204150137321,0.7138271704799641,0.6970869881249168,0.7104399260490823
wta:211269,wta:215480,2025-10-27,2025,2025,hard,Hong Kong,R32,6-3 6-4,64,33,75,31,88,WTA-2025-1074-280,2025-1074,3,0.06408909690951456,0.22511443393347574,0.14460176542149517,0.14337982955641052,0.14685992837541642
wta:221124,wta:213550,2025-10-27,2025,2025,hard,Hong Kong,R32,6-2 6-1,57,30,57,20,88,WTA-2025-1074-281,2025-1074,3,0.2675719728005381,0.39807750991760754,0.3328247413590728,0.33820185714759843,0.33245855277195047
wta:215306,wta:220416,2025-10-27,2025,2025,hard,Hong Kong,R32,6-7(3) 6-1 6-4,96,61,111,59,88,WTA-2025-1074-282,2025-1074,3,0.6286683475848976,0.5399145559963381,0.5842914517906179,0.5868613876948875,0.5868242561848809
wta:213710,wta:215946,2025-10-27,2025,2025,hard,Hong Kong,R32,6-1 6-2,48,34,55,25,88,WTA-2025-1074-283,2025-1074,3,0.8210082291658144,0.6510527921879768,0.7360305106768956,0.7340877491994006,0.7346573034751867
wta:206374,wta:213666,2025-10-27,2025,2025,hard,Hong Kong,R32,6-4 6-7(6) 6-3,111,71,95,58,88,WTA-2025-1074-284,2025-1074,3,0.7182146092604842,0.586542569423253,0.6523785893418685,0.6510705931123516,0.6474655591313101
wta:202505,wta:205925,2025-10-27,2025,2025,hard,Hong Kong,R32,6-3 6-4,66,41,54,28,88,WTA-2025-1074-285,2025-1074,3,0.819868450098834,0.6265181568507782,0.7231933034748061,0.7330797014425308,0.7207825619429171
wta:239475,wta:220367,2025-10-27,2025,2025,hard,Hong Kong,SF,2-6 6-3 6-2,76,48,66,41,88,WTA-2025-1074-298,2025-1074,3,0.574032838992718,0.5233140067134574,0.5486734228530876,0.5495574810211351,0.5451946312754252
wta:213710,wta:233741,2025-10-27,2025,2025,hard,Hong Kong,SF,6-3 6-1,42,33,54,28,88,WTA-2025-1074-299,2025-1074,3,0.45371378809287866,0.48541348794629235,0.4695636380195855,0.4690933773771373,0.4723405681385968
wta:215020,wta:260172,2025-10-27,2025,2025,hard,Jiujiang,F,6-3 6-3,61,39,78,38,88,WTA-2025-1077-300,2025-1077,3,0.7573627743887852,0.6072322245956667,0.682297499492226,0.6811039950071497,0.6823890466390066
wta:203530,wta:201709,2025-10-27,2025,2025,hard,Jiujiang,QF,7-5 6-2,56,37,64,32,88,WTA-2025-1077-294,2025-1077,3,0.4157524229843518,0.46850778150747635,0.4421301022459141,0.4435360627353033,0.4458530195483248
wta:260172,wta:211337,2025-10-27,2025,2025,hard,Jiujiang,QF,6-3 6-4,71,39,84,41,88,WTA-2025-1077-295,2025-1077,3,0.3395795360806469,0.42889838266707353,0.3842389593738602,0.3909202420317305,0.39095241680443693
wta:215020,wta:219917,2025-10-27,2025,2025,hard,Jiujiang,QF,7-5 7-5,68,34,93,45,88,WTA-2025-1077-296,2025-1077,3,0.4859483979695763,0.4968873970094599,0.4914178974895181,0.49063089475524085,0.49425585903971647
wta:222966,wta:222296,2025-10-27,2025,2025,hard,Jiujiang,QF,6-3 6-4,71,46,55,32,88,WTA-2025-1077-297,2025-1077,3,0.7561398860440479,0.6079035703387244,0.6820217281913862,0.6801412686282532,0.6819912124757926
wta:203530,wta:239389,2025-10-27,2025,2025,hard,Jiujiang,R16,6-0 4-6 7-5,136,73,86,40,88,WTA-2025-1077-286,2025-1077,3,0.7684462148451167,0.6129691791272506,0.6907076969861836,0.6899115016664579,0.6917452313163637
wta:201709,wta:213821,2025-10-27,2025,2025,hard,Jiujiang,R16,6-2 6-0,41,24,44,15,88,WTA-2025-1077-287,2025-1077,3,0.9498085819769986,0.800579798596277,0.8751941902866378,0.8765629930831527,0.8757434731673214
wta:211337,wta:230870,2025-10-27,2025,2025,hard,Jiujiang,R16,3-6 6-0 6-1,81,46,74,33,88,WTA-2025-1077-288,2025-1077,3,0.4868762205203204,0.4972535855965822,0.4920649030584513,0.49124969713039673,0.49078324300352305
wta:260172,wta:220714,2025-10-27,2025,2025,hard,Jiujiang,R16,6-4 6-2,57,35,70,33,88,WTA-2025-1077-289,2025-1077,3,0.21376378343429145,0.3754348489472078,0.29459931619074964,0.2956170873862224,0.2983832649243474
wta:215020,wta:214388,2025-10-27,2025,2025,hard,Jiujiang,R16,7-6(3) 7-5,77,42,79,40,88,WTA-2025-1077-290,2025-1077,3,0.6035013042043212,0.5326518156850778,0.5680765599446995,0.5695585555827025,0.5681986228070737
wta:219917,wta:215219,2025-10-27,2025,2025,hard,Jiujiang,R16,1-6 6-1 6-1,80,45,62,29,88,WTA-2025-1077-291,2025-1077,3,0.5504456912234953,0.5156850778150748,0.533065384519285,0.5336941286946851,0.5340113717026844
wta:222966,wta:220435,2025-10-27,2025,2025,hard,Jiujiang,R16,7-6(4) 2-6 6-2,97,47,95,46,88,WTA-2025-1077-292,2025-1077,3,0.6011365427782225,0.5394263045468416,0.570281423662532,0.5679442513169992,0.570739159396435
wta:222296,wta:215250,2025-10-27,2025,2025,hard,Jiujiang,R16,3-6 7-5 6-4,88,47,90,46,88,WTA-2025-1077-293,2025-1077,3,0.45450692127489206,0.4812023191943851,0.4678546202346386,0.46962462207090827,0.47121134894992694
wta:203530,wta:221099,2025-10-27,2025,2025,hard,Jiujiang,R32,6-2 6-4,64,40,59,30,88,WTA-2025-1077-270,2025-1077,3,0.961298326427986,0.8298748855660665,0.8955866059970262,0.8948813380262235,0.896776718905174
wta:239389,wta:206294,2025-10-27,2025,2025,hard,Jiujiang,R32,6-2 3-6 7-6(5),104,55,97,51,88,WTA-2025-1077-271,2025-1077,3,0.16491292480895642,0.33716814159292036,0.2510405332009384,0.2532388519976511,0.2533292118704532
wta:213821,wta:263857,2025-10-27,2025,2025,hard,Jiujiang,R32,6-3 7-6(5),78,48,70,40,88,WTA-2025-1077-272,2025-1077,3,0.06179411178071473,0.21754653646628014,0.13967032412349745,0.1402227766042743,0.14208106565538636
wta:201709,wta:223286,2025-10-27,2025,2025,hard,Jiujiang,R32,6-3 6-1,55,35,57,25,88,WTA-2025-1077-273,2025-1077,3,0.813589184172911,0.6343912114739091,0.72399019782341,0.727571302183822,0.7197485133559093
wta:211337,wta:221236,2025-10-27,2025,2025,hard,Jiujiang,R32,3-0 RET,14,9,18,7,88,WTA-2025-1077-274,2025-1077,3,0.39628954703141833,0.46899603295697284,0.4326427899941956,0.4302985819226242,0.43310052572809854
wta:230870,wta:239456,2025-10-27,2025,2025,hard,Jiujiang,R32,6-4 6-3,58,33,56,24,88,WTA-2025-1077-275,2025-1077,3,0.346149742066706,0.433353677143729,0.38975170960521754,0.39555888277874496,0.394207004081873
wta:260172,wta:264064,2025-10-27,2025,2025,hard,Jiujiang,R32,6-2 6-1,45,32,61,29,88,WTA-2025-1077-276,2025-1077,3,0.4945936841986845,0.48901434238632896,0.4918040132925067,0.49639571142877553,0.4985785021542706
wta:220714,wta:215785,2025-10-27,2025,2025,hard,Jiujiang,R32,6-2 3-0 RET,33,22,41,18,88,WTA-2025-1077-277,2025-1077,3,0.4158151778365516,0.4668599328654257,0.4413375553509886,0.4435785721452252,0.4450604726533994
wta:214388,wta:221096,2025-10-27,2025,2025,hard,Jiujiang,R32,6-2 6-2,45,29,62,26,88,WTA-2025-1077-278,2025-1077,3,0.575139601804303,0.5244736039060116,0.5498066028551574,0.5503045899870337,0.5512103257724597
wta:215020,wta:203564,2025-10-27,2025,2025,hard,Jiujiang,R32,6-4 6-4,55,39,66,39,88,WTA-2025-1077-279,2025-1077,3,0.7993452912795974,0.6161428135489777,0.7077440524142875,0.7153418652601071,0.7092698381939642
wta:215219,wta:214906,2025-10-27,2025,2025,hard,Jiujiang,R32,3-6 6-2 7-5,99,57,110,57,88,WTA-2025-1077-280,2025-1077,3,0.5804841146977071,0.5308819041806531,0.55568300943918,0.5539163920657372,0.5504343063570928
wta:219917,wta:202684,2025-10-27,2025,2025,hard,Jiujiang,R32,6-3 2-1 RET,35,24,35,17,88,WTA-2025-1077-281,2025-1077,3,0.3928897620842845,0.4656393042416845,0.4292645331629845,0.4279742744367217,0.4270063702090632
wta:220435,wta:214262,2025-10-27,2025,2025,hard,Jiujiang,R32,6-4 6-1,41,34,51,28,88,WTA-2025-1077-282,2025-1077,3,0.5325912313202643,0.5134269148611535,0.5230090730907089,0.5217446136092823,0.5188284200543952
wta:222966,wta:221434,2025-10-27,2025,2025,hard,Jiujiang,R32,7-6(2) 7-5,83,50,87,45,88,WTA-2025-1077-283,2025-1077,3,0.9131998170861634,0.7609703997558743,0.8370851084210189,0.8276263562052345,0.8388855356410372
wta:215250,wta:252499,2025-10-27,2025,2025,hard,Jiujiang,R32,3-6 6-2 7-6(6),89,54,93,51,88,WTA-2025-1077-284,2025-1077,3,0.28306292934339694,0.40790357033872443,0.3454832498410607,0.3498847392930724,0.34401849549257124
wta:222296,wta:215983,2025-10-27,2025,2025,hard,Jiujiang,R32,6-3 6-1,49,30,50,22,88,WTA-2025-1077-285,2025-1077,3,0.13326384050269416,0.3370460787305462,0.2351549596166202,0.22299990510978643,0.23146255802980298
wta:260172,wta:203530,2025-10-27,2025,2025,hard,Jiujiang,SF,6-1 4-6 7-5,89,56,81,43,88,WTA-2025-1077-298,2025-1077,3,0.253672069480981,0.3941104668904486,0.3238912681857148,0.3275217844872971,0.32880429839627323
wta:215020,wta:222966,2025-10-27,2025,2025,hard,Jiujiang,SF,6-4 6-4,61,33,87,42,88,WTA-2025-1077-299,2025-1077,3,0.40492747575426163,0.46454073848031735,0.4347341071172895,0.4361873393618901,0.43464255997050893
wta:222145,wta:214040,2025-10-27,2025,2025,hard,Chennai,F,6-4 6-3,93,53,59,28,88,WTA-2025-1148-300,2025-1148,3,0.539474357645788,0.5187366493744279,0.529105503510108,0.5263466939208687,0.5255351647856648
wta:220466,wta:201613,2025-10-27,2025,2025,hard,Chennai,QF,6-2 7-6(2),79,50,58,27,88,WTA-2025-1148-294,2025-1148,3,0.3837282039396562,0.4504424778761062,0.4170853409078812,0.4216909464282761,0.41806184380687417
wta:214040,wta:202499,2025-10-27,2025,2025,hard,Chennai,QF,6-4 6-0,43,34,46,22,88,WTA-2025-1148-295,2025-1148,3,0.38519292125586624,0.4625877326823314,0.4238903269690988,0.42269752871468746,0.4235851698131635
wta:222145,wta:266376,2025-10-27,2025,2025,hard,Chennai,QF,6-3 6-1,46,32,65,29,88,WTA-2025-1148-296,2025-1148,3,0.7750202492798483,0.636344217271895,0.7056822332758717,0.6952089180414162,0.7055601704134975
wta:222290,wta:223325,2025-10-27,2025,2025,hard,Chennai,QF,6-0 6-2,48,30,44,15,88,WTA-2025-1148-297,2025-1148,3,0.679574674804368,0.5876411351846201,0.633607904994494,0.6227440929976283,0.6279624976096909
wta:220466,wta:215614,2025-10-27,2025,2025,hard,Chennai,R16,5-7 7-5 7-5,116,68,99,58,88,WTA-2025-1148-286,2025-1148,3,0.42187236842830755,0.45697284101312174,0.43942260472071465,0.4476769519314709,0.4408568433536106
wta:201613,wta:204411,2025-10-27,2025,2025,hard,Chennai,R16,1-6 6-4 7-6(9),105,48,103,50,88,WTA-2025-1148-287,2025-1148,3,0.3072970332015502,0.4240768996032957,0.36568696640242293,0.36775555170696894,0.3638560234668111
wta:202499,wta:246481,2025-10-27,2025,2025,hard,Chennai,R16,6-2 6-2,41,32,56,28,88,WTA-2025-1148-288,2025-1148,3,0.8521661860284021,0.6675312786084834,0.7598487323184427,0.7627462562744936,0.7609472980798098
wta:214040,wta:220842,2025-10-27,2025,2025,hard,Chennai,R16,7-5 7-6(2),71,38,112,53,88,WTA-2025-1148-289,2025-1148,3,0.7782813513920539,0.6185840707964602,0.698432711094257,0.6978581484816999,0.7006298426169912
wta:266376,wta:220348,2025-10-27,2025,2025,hard,Chennai,R16,6-3 6-4,52,30,54,27,88,WTA-2025-1148-290,2025-1148,3,0.20659517280145126,0.37110161733292646,0.28884839506718885,0.2896574568664689,0.2895197408102465
wta:222145,wta:222258,2025-10-27,2025,2025,hard,Chennai,R16,2-6 6-3 6-2,77,45,83,42,88,WTA-2025-1148-291,2025-1148,3,0.5497043823731695,0.5201403722917303,0.5349223773324498,0.5331971493156488,0.5339458744334569
wta:223325,wta:203514,2025-10-27,2025,2025,hard,Chennai,R16,6-2 6-3,64,32,63,23,88,WTA-2025-1148-292,2025-1148,3,0.3391309771236799,0.4349404943545926,0.38703573573913624,0.39060269735637715,0.38752398718863273
wta:222290,wta:220309,2025-10-27,2025,2025,hard,Chennai,R16,2-6 6-3 6-3,66,32,62,31,88,WTA-2025-1148-293,2025-1148,3,0.35954122663661825,0.4437900518767165,0.4016656392566674,0.40494467383260824,0.40252007929328626
wta:215614,wta:215936,2025-10-27,2025,2025,hard,Chennai,R32,5-7 6-0 1-0 RET,58,32,60,26,88,WTA-2025-1148-270,2025-1148,3,0.41247887486730744,0.4670430271589869,0.43976095101314716,0.4413171601284965,0.43298646215138337
wta:220466,wta:215996,2025-10-27,2025,2025,hard,Chennai,R32,6-4 6-3,59,32,65,30,88,WTA-2025-1148-271,2025-1148,3,0.2735502448237633,0.3991760756789747,0.336363160251369,0.34273659082042024,0.3356918145083113
wta:204411,wta:215988,2025-10-27,2025,2025,hard,Chennai,R32,6-7(0) 6-2 6-4,87,51,115,60,88,WTA-2025-1148-272,2025-1148,3,0.6644141095214297,0.5682331400671345,0.616323624794282,0.6119109136312622,0.6148893861613862
wta:201613,wta:211411,2025-10-27,2025,2025,hard,Chennai,R32,6-3 5-5 RET,54,32,58,30,88,WTA-2025-1148-273,2025-1148,3,0.3895568514741893,0.45599633811412876,0.422776594794159,0.4256918834545212,0.4235394876839973
wta:202499,wta:261038,2025-10-27,2025,2025,hard,Chennai,R32,6-1 6-2,73,43,46,19,88,WTA-2025-1148-274,2025-1148,3,0.8536481657023958,0.6694232529752823,0.7615357093388391,0.7641684347405393,0.7596132192564466
wta:246481,wta:221187,2025-10-27,2025,2025,hard,Chennai,R32,6-4 6-2,64,36,75,34,88,WTA-2025-1148-275,2025-1148,3,0.9660300349794527,0.8479401891974366,0.9069851120884447,0.9030700975398899,0.9074428478223477
wta:220842,wta:266722,2025-10-27,2025,2025,hard,Chennai,R32,6-1 6-4,52,32,43,19,88,WTA-2025-1148-276,2025-1148,3,0.504725098982154,0.5085444003661886,0.5066347496741713,0.503150118086466,0.5022710023442964
wta:214040,wta:223360,2025-10-27,2025,2025,hard,Chennai,R32,1-6 6-1 6-3,64,36,68,31,88,WTA-2025-1148-277,2025-1148,3,0.6457597369235301,0.5682941714983216,0.6070269542109259,0.5987600754560678,0.6028157854590186
wta:220348,wta:220597,2025-10-27,2025,2025,hard,Chennai,R32,6-2 6-0,51,35,48,21,88,WTA-2025-1148-278,2025-1148,3,0.898649287066846,0.7242905096124505,0.8114698983396482,0.8107468962385301,0.8089065782297916
wta:266376,wta:211702,2025-10-27,2025,2025,hard,Chennai,R32,7-5 6-1,69,42,61,30,88,WTA-2025-1148-279,2025-1148,3,0.42384973966154316,0.4705828501678364,0.4472162949146898,0.4490129293747724,0.4471247477679092
wta:222258,wta:235159,2025-10-27,2025,2025,hard,Chennai,R32,6-2 6-2,59,36,47,21,88,WTA-2025-1148-280,2025-1148,3,0.7685744336998774,0.6137625877326823,0.6911685107162799,0.6900142840577966,0.6893680834962616
wta:222145,wta:211344,2025-10-27,2025,2025,hard,Chennai,R32,6-4 6-7(5) 6-2,87,64,93,61,88,WTA-2025-1148-281,2025-1148,3,0.7978914860687253,0.6673481843149222,0.7326198351918237,0.7141131329846494,0.7350610924393062
wta:203514,wta:214459,2025-10-27,2025,2025,hard,Chennai,R32,6-7 6-0 6-2,108,65,105,54,88,WTA-2025-1148-282,2025-1148,3,0.38659586236966387,0.4581324382056759,0.4223641502876699,0.42366091864135286,0.4223336345720764
wta:223325,wta:221406,2025-10-27,2025,2025,hard,Chennai,R32,6-3 5-0 RET,36,25,42,21,88,WTA-2025-1148-283,2025-1148,3,0.5016836616176142,0.5050656087885261,0.5033746352030701,0.5011224434353113,0.5009333779555878
wta:222290,wta:221237,2025-10-27,2025,2025,hard,Chennai,R32,6-2 2-0 RET,26,18,43,18,88,WTA-2025-1148-284,2025-1148,3,0.3942548936022889,0.4639914555996338,0.42912317460096133,0.42890802740530776,0.423813440087687
wta:220309,wta:236955,2025-10-27,2025,2025,hard,Chennai,R32,7-5 6-4,66,39,69,33,88,WTA-2025-1148-285,2025-1148,3,0.7729629700012988,0.6191943851083308,0.6960786775548148,0.6935450298848452,0.6959260989768472
wta:214040,wta:220466,2025-10-27,2025,2025,hard,Chennai,SF,6-7(2) 6-3 7-5,100,69,120,73,88,WTA-2025-1148-298,2025-1148,3,0.808780765305161,0.651296917912725,0.730038841608943,0.7234029933458851,0.7287266658384213
wta:222145,wta:222290,2025-10-27,2025,2025,hard,Chennai,SF,7-6(6) 7-6(5),84,58,94,60,88,WTA-2025-1148-299,2025-1148,3,0.6205158228420852,0.5512053707659444,0.5858605968040148,0.5812301859017653,0.5897971241155803
wta:214981,wta:214544,2025-11-01,2025,2025,hard,Riyadh Finals,F,6-3 7-6(0),73,53,73,44,89,WTA-2025-808-303,2025-808,3,0.44180194454327304,0.4813854134879463,0.46159367901560966,0.4611033932507836,0.4598237675111849
wta:214981,wta:206420,2025-11-01,2025,2025,hard,Riyadh Finals,RR,6-4 6-4,63,44,52,32,89,WTA-2025-808-289,2025-808,3,0.6554737611229641,0.5539517851693623,0.6047127731461632,0.6055851756599308,0.6055672131827821
wta:216153,wta:201619,2025-11-01,2025,2025,hard,Riyadh Finals,RR,4-6 6-3 6-2,82,51,74,41,89,WTA-2025-808-290,2025-808,3,0.5973257079371954,0.5330180042722001,0.5651718561046978,0.5653465047226668,0.5651108246735108
wta:214981,wta:216153,2025-11-01,2025,2025,hard,Riyadh Finals,RR,6-3 6-1,45,34,47,24,89,WTA-2025-808-291,2025-808,3,0.6099413488920995,0.5310039670430272,0.5704726579675634,0.5739642359956166,0.5752941410313412
wta:216347,wta:201619,2025-11-01,2025,2025,hard,Riyadh Finals,RR,6-1 6-2,45,32,42,16,89,WTA-2025-808-292,2025-808,3,0.7966946172854633,0.6091852303936527,0.702939923839558,0.7131041371739838,0.706967998297904
wta:214981,wta:216347,2025-11-01,2025,2025,hard,Riyadh Finals,RR,3-6 6-1 6-0,61,43,71,39,89,WTA-2025-808-293,2025-808,3,0.3870719570070872,0.465151052792188,0.42611150489963756,0.42398768713895935,0.4264471777711664
wta:216153,wta:216347,2025-11-01,2025,2025,hard,Riyadh Finals,RR,6-7(3) 6-4 6-2,99,66,111,70,89,WTA-2025-808-294,2025-808,3,0.2759073849307501,0.42969179127250534,0.3527995881016277,0.3445153952158158,0.3512432866063577
wta:202468,wta:211148,2025-11-01,2025,2025,hard,Riyadh Finals,RR,6-2 6-3,41,33,65,34,89,WTA-2025-808-295,2025-808,3,0.6476274726805114,0.5452242905096124,0.5964258815950618,0.6000686458464584,0.6003929246222208
wta:221103,wta:211148,2025-11-01,2025,2025,hard,Riyadh Finals,RR,6-3 6-2,50,35,57,28,89,WTA-2025-808-296,2025-808,3,0.6818063289593876,0.5601769911504425,0.620991660054915,0.6243508665258897,0.6186114342386198
wta:202468,wta:221103,2025-11-01,2025,2025,hard,Riyadh Finals,RR,6-3 6-7(4) 6-2,92,52,115,55,89,WTA-2025-808-297,2025-808,3,0.46619564513180556,0.4866951480012206,0.4764453965665131,0.4774446502639053,0.4776660251902543
wta:214544,wta:211148,2025-11-01,2025,2025,hard,Riyadh Finals,RR,6-3 6-1,54,34,58,29,89,WTA-2025-808-298,2025-808,3,0.7656036101281409,0.5970399755874275,0.6813217928577842,0.6876381792790157,0.6791856927662371
wta:214544,wta:202468,2025-11-01,2025,2025,hard,Riyadh Finals,RR,6-4 2-6 6-3,82,51,93,55,89,WTA-2025-808-299,2025-808,3,0.6356767399455825,0.5389990845285322,0.5873379122370573,0.5917245270615619,0.5863614093380644
wta:214544,wta:221103,2025-11-01,2025,2025,hard,Riyadh Finals,RR,7-6(5) 6-2,68,43,56,29,89,WTA-2025-808-300,2025-808,3,0.6068669000813962,0.5366798901434239,0.57177339511241,0.5718592359378976,0.5742756837910796
wta:214981,wta:202468,2025-11-01,2025,2025,hard,Riyadh Finals,SF,4-6 6-4 6-3,89,55,101,56,89,WTA-2025-808-301,2025-808,3,0.5735598373557607,0.5230088495575221,0.5482843434566413,0.5492382708898635,0.5470331991173066
wta:214544,wta:216153,2025-11-01,2025,2025,hard,Riyadh Finals,SF,6-3 3-6 6-3,107,58,108,60,89,WTA-2025-808-302,2025-808,3,0.6711166921911661,0.5543179737564846,0.6127173329738254,0.6166831324887644,0.6105507171666846
