p1,p2,date,source_year,year,surface,tournament,round,score,n1,k1,n2,k2,period,match_id,tourney_id,best_of,replicate_iid,replicate_burst,replicate_temperature,original_online_burst
atp:126203,atp:128034,2024-12-27,2025,2024,hard,United Cup,F,6-4 5-7 7-6(4),96,71,96,71,83,ATP-2025-9900-400,2025-9900,3,0.7004662996711519,0.6391406872173275,0.6379196565883811,0.6374896876920315
atp:128034,atp:126129,2024-12-27,2025,2024,hard,United Cup,QF,7-6(3) 7-5,67,54,79,54,83,ATP-2025-9900-394,2025-9900,3,0.897629431232784,0.8085492288907283,0.8096039360684384,0.8066261232089073
atp:207830,atp:207925,2024-12-27,2025,2024,hard,United Cup,QF,6-1 6-2,43,34,35,16,83,ATP-2025-9900-396,2025-9900,3,0.7193912598991431,0.649915343101845,0.6519517367110201,0.6496622065551302
atp:126203,atp:111190,2024-12-27,2025,2024,hard,United Cup,QF,6-4 6-4,44,40,72,45,83,ATP-2025-9900-397,2025-9900,3,0.8297792055547353,0.7374254587431901,0.7419334736410774,0.7353989759707101
atp:200282,atp:144869,2024-12-27,2025,2024,hard,United Cup,RR,6-1 6-4,51,38,47,27,83,ATP-2025-9900-376,2025-9900,3,0.8191579153102629,0.7235704132547653,0.7324525826088122,0.7213900988731685
atp:144869,atp:126129,2024-12-27,2025,2024,hard,United Cup,RR,3-6 6-3 6-2,93,62,90,55,83,ATP-2025-9900-377,2025-9900,3,0.837861557400659,0.7488514378397864,0.7493098529948907,0.7474443336692883
atp:200282,atp:126129,2024-12-27,2025,2024,hard,United Cup,RR,6-2 6-1,40,30,56,26,83,ATP-2025-9900-378,2025-9900,3,0.9668246420760621,0.8864791504551809,0.9044899611440359,0.8888876222154561
atp:100644,atp:106329,2024-12-27,2025,2024,hard,United Cup,RR,6-4 6-4,51,40,53,35,83,ATP-2025-9900-379,2025-9900,3,0.9354992715411709,0.8464344084285043,0.8560590115786297,0.8496418605978304
atp:111190,atp:106329,2024-12-27,2025,2024,hard,United Cup,RR,6-3 6-0,39,33,35,16,83,ATP-2025-9900-380,2025-9900,3,0.65238591270552,0.6064340305059489,0.6034104005593546,0.5997876685026284
atp:100644,atp:111190,2024-12-27,2025,2024,hard,United Cup,RR,2-6 6-0 6-2,66,44,78,42,83,ATP-2025-9900-381,2025-9900,3,0.8929031763462516,0.7898907093205167,0.8043693146721135,0.7946254734567504
atp:200005,atp:208502,2024-12-27,2025,2024,hard,United Cup,RR,6-3 7-5,51,40,56,37,83,ATP-2025-9900-382,2025-9900,3,0.7189004213940386,0.6521722125279623,0.6515840216925836,0.6487661863743592
atp:207925,atp:208502,2024-12-27,2025,2024,hard,United Cup,RR,6-3 7-6(2),67,49,62,40,83,ATP-2025-9900-383,2025-9900,3,0.41554166929434605,0.44538145411619956,0.4433932931304801,0.4419524061783544
atp:207925,atp:200005,2024-12-27,2025,2024,hard,United Cup,RR,3-6 7-6(8) 6-2,89,62,83,60,83,ATP-2025-9900-384,2025-9900,3,0.21089078740005057,0.30045607420048304,0.2932379707512352,0.296595992199215
atp:105807,atp:207686,2024-12-27,2025,2024,hard,United Cup,RR,6-2 6-1,40,30,42,18,83,ATP-2025-9900-385,2025-9900,3,0.6814159227006742,0.6241531856408467,0.624069542495547,0.6227583392001037
atp:126774,atp:105807,2024-12-27,2025,2024,hard,United Cup,RR,6-4 4-6 6-3,84,59,92,57,83,ATP-2025-9900-386,2025-9900,3,0.5796870807256042,0.5521108580314014,0.5533773232416689,0.5557944159815227
atp:207686,atp:126774,2024-12-27,2025,2024,hard,United Cup,RR,6-4 7-6(0),70,50,77,46,83,ATP-2025-9900-387,2025-9900,3,0.25702142365387554,0.33639902430786545,0.33011348114749356,0.3341289055695997
atp:134770,atp:207830,2024-12-27,2025,2024,hard,United Cup,RR,7-6(6) 5-7 6-4,116,75,111,67,83,ATP-2025-9900-388,2025-9900,3,0.45310479037768525,0.4670925233548481,0.4686854083818557,0.4728380111432814
atp:134770,atp:128034,2024-12-27,2025,2024,hard,United Cup,RR,7-5 6-3,61,46,58,36,83,ATP-2025-9900-389,2025-9900,3,0.43078643825185337,0.4555061272736227,0.45369254872114056,0.4511204158264869
atp:207830,atp:128034,2024-12-27,2025,2024,hard,United Cup,RR,7-5 3-6 6-4,83,57,85,61,83,ATP-2025-9900-390,2025-9900,3,0.472387910723995,0.4860413767840298,0.4815815309173188,0.4809289808532583
atp:106432,atp:200000,2024-12-27,2025,2024,hard,United Cup,RR,0-6 6-4 6-4,81,43,90,54,83,ATP-2025-9900-391,2025-9900,3,0.32558110823835307,0.3822138070944588,0.3809558265178591,0.381855612839806
atp:126203,atp:106432,2024-12-27,2025,2024,hard,United Cup,RR,6-3 6-2,56,39,54,30,83,ATP-2025-9900-392,2025-9900,3,0.8795531190445256,0.7782416190279082,0.7900903462934641,0.7800341167951317
atp:200000,atp:126203,2024-12-27,2025,2024,hard,United Cup,RR,4-6 7-5 6-3,89,62,92,58,83,ATP-2025-9900-393,2025-9900,3,0.22512052061540885,0.307448877945788,0.30490511451365826,0.3111274364170071
atp:128034,atp:207686,2024-12-27,2025,2024,hard,United Cup,SF,6-3 6-2,46,36,49,27,83,ATP-2025-9900-398,2025-9900,3,0.8074429168096114,0.7176518825732525,0.722250648525478,0.7127100716992227
atp:126203,atp:207830,2024-12-27,2025,2024,hard,United Cup,SF,6-7(4) 6-5 RET,79,52,79,49,83,ATP-2025-9900-399,2025-9900,3,0.7419233176391524,0.6640498492376415,0.6690724221955794,0.6697497502449626
atp:124186,atp:105453,2024-12-30,2025,2024,hard,Hong Kong,F,2-6 6-1 6-3,77,51,75,42,83,ATP-2025-0336-386,2025-0336,3,0.4041279306613435,0.43662301324034525,0.4356432272844512,0.4339830095023057
atp:144719,atp:207518,2024-12-30,2025,2024,hard,Hong Kong,QF,2-6 7-6(4) 7-5,102,64,102,65,83,ATP-2025-0336-380,2025-0336,3,0.2992158652841697,0.36597961405801405,0.36184704060471584,0.3669115062038822
atp:124186,atp:209950,2024-12-30,2025,2024,hard,Hong Kong,QF,3-6 6-3 6-1,89,55,69,40,83,ATP-2025-0336-381,2025-0336,3,0.1928937892657021,0.28550701059257033,0.27803887221384305,0.2861256700506478
atp:105453,atp:111815,2024-12-30,2025,2024,hard,Hong Kong,QF,6-3 3-6 6-2,75,52,79,49,83,ATP-2025-0336-382,2025-0336,3,0.3134049426303447,0.374996642813494,0.37219016559414164,0.3804370863469862
atp:209992,atp:206681,2024-12-30,2025,2024,hard,Hong Kong,QF,1-6 6-3 6-4,77,50,81,54,83,ATP-2025-0336-383,2025-0336,3,0.4628687240134462,0.4714862387232321,0.47522047593913946,0.4717947726498409
atp:207518,atp:209113,2024-12-30,2025,2024,hard,Hong Kong,R16,6-4 6-3,49,37,70,41,83,ATP-2025-0336-372,2025-0336,3,0.5923019826881716,0.561286786278477,0.5619286881031225,0.5591325524192524
atp:144719,atp:132686,2024-12-30,2025,2024,hard,Hong Kong,R16,6-3 7-5,57,41,59,36,83,ATP-2025-0336-373,2025-0336,3,0.393948583930863,0.4311671512879826,0.4286985654222443,0.4334667819011055
atp:209950,atp:200267,2024-12-30,2025,2024,hard,Hong Kong,R16,7-6(7) 6-4,67,47,71,45,83,ATP-2025-0336-374,2025-0336,3,0.7440545339879925,0.6672820732192022,0.670717786695319,0.6675693762195809
atp:124186,atp:200175,2024-12-30,2025,2024,hard,Hong Kong,R16,5-7 7-6(6) 7-6(10),122,77,139,83,83,ATP-2025-0336-375,2025-0336,3,0.35610234449608513,0.40299776974575385,0.4025428344516227,0.4063401796647662
atp:111815,atp:132283,2024-12-30,2025,2024,hard,Hong Kong,R16,6-2 4-6 6-1,70,50,75,45,83,ATP-2025-0336-376,2025-0336,3,0.6508187272258512,0.603148149087445,0.6023085266524726,0.6002641662154479
atp:105453,atp:111575,2024-12-30,2025,2024,hard,Hong Kong,R16,4-6 6-3 7-5,90,60,90,55,83,ATP-2025-0336-377,2025-0336,3,0.21729147300726775,0.3043277627471493,0.29852173884863836,0.3105229244722916
atp:209992,atp:124079,2024-12-30,2025,2024,hard,Hong Kong,R16,6-3 6-1,54,37,49,25,83,ATP-2025-0336-378,2025-0336,3,0.7625538905815005,0.6781490844424134,0.6852104423178343,0.6727783784923433
atp:206681,atp:126094,2024-12-30,2025,2024,hard,Hong Kong,R16,7-5 3-6 6-3,103,60,85,54,83,ATP-2025-0336-379,2025-0336,3,0.2295650093444359,0.31491982539238883,0.30849188476956413,0.3133561051448083
atp:209113,atp:106148,2024-12-30,2025,2024,hard,Hong Kong,R32,4-6 7-6(4) 7-5,117,76,104,68,83,ATP-2025-0336-360,2025-0336,3,0.5196976732026845,0.515067023967836,0.5131355587656335,0.5138291996001255
atp:144719,atp:200221,2024-12-30,2025,2024,hard,Hong Kong,R32,4-6 6-3 6-3,78,55,76,46,83,ATP-2025-0336-361,2025-0336,3,0.34041239579858523,0.39448144965394627,0.3915095465126821,0.3976184765471243
atp:132686,atp:207352,2024-12-30,2025,2024,hard,Hong Kong,R32,3-6 6-3 7-6(6),81,60,107,71,83,ATP-2025-0336-362,2025-0336,3,0.3752672910100837,0.4148384059566744,0.41586043367784,0.4132269163774482
atp:200267,atp:208279,2024-12-30,2025,2024,hard,Hong Kong,R32,6-4 6-4,54,42,78,43,83,ATP-2025-0336-363,2025-0336,3,0.829988064784252,0.7473254330634718,0.7421222693651343,0.7472159621408541
atp:124186,atp:144817,2024-12-30,2025,2024,hard,Hong Kong,R32,2-6 6-4 6-3,93,58,81,49,83,ATP-2025-0336-364,2025-0336,3,0.563573858319536,0.5429861967825937,0.5425103313470964,0.5442612994711437
atp:200175,atp:209260,2024-12-30,2025,2024,hard,Hong Kong,R32,6-3 6-3,57,40,53,32,83,ATP-2025-0336-365,2025-0336,3,0.8494850931276208,0.7506351312449211,0.7601883078191874,0.751246775769352
atp:132283,atp:206909,2024-12-30,2025,2024,hard,Hong Kong,R32,7-6(4) 6-3,61,51,56,43,83,ATP-2025-0336-366,2025-0336,3,0.36108931770161845,0.4040265020000311,0.4060241033673358,0.4052304544108108
atp:111815,atp:210530,2024-12-30,2025,2024,hard,Hong Kong,R32,6-3 7-5,78,46,69,38,83,ATP-2025-0336-367,2025-0336,3,0.7619421721923809,0.6777211623854795,0.6847248574085997,0.6760423643484945
atp:105453,atp:133430,2024-12-30,2025,2024,hard,Hong Kong,R32,6-2 6-3,50,38,52,30,83,ATP-2025-0336-368,2025-0336,3,0.2479682085218513,0.3308653981272668,0.3230802388188598,0.3301327037944814
atp:124079,atp:208859,2024-12-30,2025,2024,hard,Hong Kong,R32,6-4 6-4,63,45,55,38,83,ATP-2025-0336-369,2025-0336,3,0.49841158036786615,0.49679504865204416,0.4989410515994555,0.4951152808712676
atp:209992,atp:209409,2024-12-30,2025,2024,hard,Hong Kong,R32,7-6(3) 6-4,59,49,76,50,83,ATP-2025-0336-370,2025-0336,3,0.843975533751615,0.7489178858870984,0.754990303209043,0.747224641533762
atp:206681,atp:126128,2024-12-30,2025,2024,hard,Hong Kong,R32,6-1 7-6(9),70,44,72,37,83,ATP-2025-0336-371,2025-0336,3,0.44026236522644546,0.4638144294853619,0.4600689970642397,0.460018281123441
atp:124186,atp:144719,2024-12-30,2025,2024,hard,Hong Kong,SF,4-6 7-6(5) 6-4,94,67,99,70,83,ATP-2025-0336-384,2025-0336,3,0.47230324513939154,0.4811165294967632,0.48152499106207064,0.4828980828362288
atp:105453,atp:209992,2024-12-30,2025,2024,hard,Hong Kong,SF,4-3 RET,22,17,15,12,83,ATP-2025-0336-385,2025-0336,3,0.47220957626038923,0.48116124220404266,0.4814624380994462,0.4838479176284546
atp:208103,atp:124187,2024-12-30,2025,2024,hard,Brisbane,F,4-1 RET,15,12,9,4,83,ATP-2025-0339-378,2025-0339,3,0.6548830052887229,0.6074384510728021,0.6051687177682369,0.6078916859170769
atp:105777,atp:111442,2024-12-30,2025,2024,hard,Brisbane,QF,6-1 2-1 RET,31,24,26,13,83,ATP-2025-0339-372,2025-0339,3,0.737188278150684,0.664428743896825,0.6654336291108879,0.6635531059908812
atp:208103,atp:111797,2024-12-30,2025,2024,hard,Brisbane,QF,6-4 6-4,66,45,62,39,83,ATP-2025-0339-373,2025-0339,3,0.6671983640289422,0.6126806589751058,0.6138900932740811,0.6130995961567104
atp:208659,atp:210150,2024-12-30,2025,2024,hard,Brisbane,QF,7-5 7-6(5),72,55,78,54,83,ATP-2025-0339-374,2025-0339,3,0.3227419422207351,0.37771213681070326,0.37892045191167945,0.3760190655466328
atp:124187,atp:104925,2024-12-30,2025,2024,hard,Brisbane,QF,7-6(6) 6-3,64,51,73,50,83,ATP-2025-0339-375,2025-0339,3,0.061714050725409905,0.14881552398949774,0.140111754790973,0.1459079566645416
atp:105777,atp:126846,2024-12-30,2025,2024,hard,Brisbane,R16,6-2 7-6(5),53,44,74,46,83,ATP-2025-0339-364,2025-0339,3,0.8635252296598009,0.7677253856568764,0.773804963016842,0.7644401045838742
atp:111442,atp:210506,2024-12-30,2025,2024,hard,Brisbane,R16,7-5 6-3,60,43,65,38,83,ATP-2025-0339-365,2025-0339,3,0.5316261385656239,0.5212448666584604,0.5210997399915186,0.5264608263504649
atp:208103,atp:106415,2024-12-30,2025,2024,hard,Brisbane,R16,6-2 6-7(5) 6-4,81,62,107,65,83,ATP-2025-0339-366,2025-0339,3,0.6156011628469341,0.5764151679355207,0.5778480828749788,0.5802525318418235
atp:111797,atp:126127,2024-12-30,2025,2024,hard,Brisbane,R16,6-2 6-3,43,33,51,27,83,ATP-2025-0339-367,2025-0339,3,0.2992025834116255,0.36328759014951123,0.36183728954147026,0.3630120424148982
atp:210150,atp:105583,2024-12-30,2025,2024,hard,Brisbane,R16,6-3 6-2,51,36,55,27,83,ATP-2025-0339-368,2025-0339,3,0.6574903601708653,0.6053243683673979,0.6070081951555838,0.6038258174807747
atp:208659,atp:126207,2024-12-30,2025,2024,hard,Brisbane,R16,6-4 7-6(4),75,51,72,47,83,ATP-2025-0339-369,2025-0339,3,0.2752964215281435,0.34187463737377577,0.34405482293464223,0.339495561491946
atp:124187,atp:208286,2024-12-30,2025,2024,hard,Brisbane,R16,7-6(9) 7-6(4),86,62,75,55,83,ATP-2025-0339-370,2025-0339,3,0.3883226530848292,0.4217933070123566,0.42484571698588325,0.4231831719310872
atp:104925,atp:104792,2024-12-30,2025,2024,hard,Brisbane,R16,6-3 6-3,52,38,48,27,83,ATP-2025-0339-371,2025-0339,3,0.8711873316149589,0.7664603121303357,0.7814833974934638,0.7664119699452945
atp:105777,atp:105870,2024-12-30,2025,2024,hard,Brisbane,R32,7-6(5) 6-3,63,43,95,54,83,ATP-2025-0339-348,2025-0339,3,0.8923203127323978,0.7859679073579596,0.8037306317401718,0.7915858440399853
atp:126846,atp:105676,2024-12-30,2025,2024,hard,Brisbane,R32,6-2 6-3,57,40,61,33,83,ATP-2025-0339-349,2025-0339,3,0.3638270005085807,0.411132297935096,0.407930300023239,0.410049746577792
atp:210506,atp:106331,2024-12-30,2025,2024,hard,Brisbane,R32,6-4 4-6 7-6(10),92,63,101,68,83,ATP-2025-0339-350,2025-0339,3,0.6004841337597979,0.5679106662085532,0.567499199087039,0.5666408042330858
atp:111442,atp:126610,2024-12-30,2025,2024,hard,Brisbane,R32,3-6 6-3 6-4,93,57,76,54,83,ATP-2025-0339-351,2025-0339,3,0.4299588621785878,0.4528646919986622,0.4531348051052641,0.4546416703993879
atp:208103,atp:208029,2024-12-30,2025,2024,hard,Brisbane,R32,7-5 6-3,68,43,62,32,83,ATP-2025-0339-352,2025-0339,3,0.3930260795676501,0.4276238118314296,0.4280675441403989,0.4275850711748538
atp:106415,atp:126239,2024-12-30,2025,2024,hard,Brisbane,R32,6-3 6-4,50,41,51,34,83,ATP-2025-0339-353,2025-0339,3,0.4791513510537767,0.4875006068665283,0.4860964222524904,0.4840543950639082
atp:111797,atp:208363,2024-12-30,2025,2024,hard,Brisbane,R32,7-5 7-6(7),75,56,77,52,83,ATP-2025-0339-354,2025-0339,3,0.6329526158185406,0.5894546417511989,0.5898317149744747,0.5934520520855695
atp:126127,atp:126214,2024-12-30,2025,2024,hard,Brisbane,R32,6-7(8) 7-6(5) 6-4,110,80,125,82,83,ATP-2025-0339-355,2025-0339,3,0.5323319020410113,0.5232150813226113,0.5215713213730386,0.5236046506077154
atp:105583,atp:209070,2024-12-30,2025,2024,hard,Brisbane,R32,6-4 6-4,61,42,81,46,83,ATP-2025-0339-356,2025-0339,3,0.4163287438908634,0.4407704140571192,0.443926417478039,0.440515983068768
atp:210150,atp:105062,2024-12-30,2025,2024,hard,Brisbane,R32,7-6(3) 6-4,68,48,76,47,83,ATP-2025-0339-357,2025-0339,3,0.8782216976709859,0.7749820725156882,0.7887040244610275,0.7769288793200833
atp:208659,atp:106401,2024-12-30,2025,2024,hard,Brisbane,R32,7-6(2) 6-7(4) 7-6(3),111,89,107,85,83,ATP-2025-0339-358,2025-0339,3,0.2060171398295635,0.27778733097672864,0.28917346976233743,0.275012816541694
atp:126207,atp:200443,2024-12-30,2025,2024,hard,Brisbane,R32,7-6(5) 6-3,66,48,66,41,83,ATP-2025-0339-359,2025-0339,3,0.8315111073259687,0.7357280895189502,0.7435018658824243,0.7453282765758055
atp:208286,atp:200615,2024-12-30,2025,2024,hard,Brisbane,R32,6-3 6-2,54,38,41,24,83,ATP-2025-0339-360,2025-0339,3,0.37818840255991154,0.4177332003644843,0.41787656120056194,0.4202022057010565
atp:124187,atp:144870,2024-12-30,2025,2024,hard,Brisbane,R32,7-5 6-4,49,44,62,42,83,ATP-2025-0339-361,2025-0339,3,0.62954388519438,0.5935482624018894,0.5874677704757355,0.594564031551059
atp:104792,atp:210460,2024-12-30,2025,2024,hard,Brisbane,R32,6-4 4-6 6-1,77,53,74,43,83,ATP-2025-0339-362,2025-0339,3,0.7473139666302232,0.6769069070258227,0.673243486693556,0.6747168654232958
atp:104925,atp:208014,2024-12-30,2025,2024,hard,Brisbane,R32,6-3 6-3,47,37,54,30,83,ATP-2025-0339-363,2025-0339,3,0.9847618301329064,0.9109192122895231,0.9415339542195849,0.911302454440912
atp:208103,atp:105777,2024-12-30,2025,2024,hard,Brisbane,SF,6-4 4-4 RET,52,39,49,36,83,ATP-2025-0339-376,2025-0339,3,0.2662920488057293,0.3400883497003929,0.33722654600111834,0.3402973905616122
atp:124187,atp:208659,2024-12-30,2025,2024,hard,Brisbane,SF,6-3 7-6(4),64,51,69,47,83,ATP-2025-0339-377,2025-0339,3,0.494920591160109,0.4962701826719068,0.4966136627208328,0.4966698104573785
atp:104792,atp:200267,2025-01-06,2025,2025,hard,Auckland,F,6-3 6-4,60,44,64,40,84,ATP-2025-0301-386,2025-0301,3,0.6871671664856285,0.6253504431756797,0.6282241118905387,0.6237036918387857
atp:210460,atp:210506,2025-01-06,2025,2025,hard,Auckland,QF,2-6 6-2 6-4,79,54,73,45,84,ATP-2025-0301-380,2025-0301,3,0.3060665995986617,0.3619591466104386,0.3668590131803054,0.3648365761863893
atp:104792,atp:207680,2025-01-06,2025,2025,hard,Auckland,QF,6-3 6-1,52,35,60,32,84,ATP-2025-0301-381,2025-0301,3,0.807978953503977,0.715265033663798,0.7227119785444889,0.7161061449991503
atp:200267,atp:106148,2025-01-06,2025,2025,hard,Auckland,QF,1-6 6-2 6-3,65,39,74,40,84,ATP-2025-0301-382,2025-0301,3,0.4644140620040709,0.47863669227759237,0.47625373949522354,0.4734888028226416
atp:132686,atp:210150,2025-01-06,2025,2025,hard,Auckland,QF,6-7(4) 6-2 7-6(4),104,69,118,73,84,ATP-2025-0301-383,2025-0301,3,0.3852883676197662,0.4208254471605087,0.42276309385975475,0.4251872281057022
atp:210460,atp:126214,2025-01-06,2025,2025,hard,Auckland,R16,6-4 5-7 6-4,99,67,108,71,84,ATP-2025-0301-372,2025-0301,3,0.29785421741461177,0.35858533269265835,0.36084666763275985,0.3613008784263702
atp:210506,atp:132283,2025-01-06,2025,2025,hard,Auckland,R16,7-6(3) 6-2,70,50,89,53,84,ATP-2025-0301-373,2025-0301,3,0.5728016075427972,0.5503159700820486,0.5487266762956958,0.5501333513284028
atp:207680,atp:202104,2025-01-06,2025,2025,hard,Auckland,R16,6-4 7-6(1),79,50,75,43,84,ATP-2025-0301-374,2025-0301,3,0.5375144994337522,0.5244026571016793,0.5250358003391651,0.5223141289212698
atp:104792,atp:105526,2025-01-06,2025,2025,hard,Auckland,R16,6-1 7-6(5),62,47,56,36,84,ATP-2025-0301-375,2025-0301,3,0.5457974586219395,0.530039406759856,0.5305792429250741,0.5324363536955126
atp:200267,atp:208134,2025-01-06,2025,2025,hard,Auckland,R16,6-1 6-4,47,33,69,32,84,ATP-2025-0301-376,2025-0301,3,0.7578503570387607,0.6791540463863318,0.68148833511828,0.6764123439165834
atp:106148,atp:202103,2025-01-06,2025,2025,hard,Auckland,R16,6-2 7-5,69,48,59,36,84,ATP-2025-0301-377,2025-0301,3,0.5185061588249329,0.5111755694948589,0.5123405708805266,0.5102089800022525
atp:132686,atp:208363,2025-01-06,2025,2025,hard,Auckland,R16,4-6 7-5 6-4,111,66,102,61,84,ATP-2025-0301-378,2025-0301,3,0.748063461311405,0.6661739338903683,0.673825880795999,0.669038745905952
atp:210150,atp:210097,2025-01-06,2025,2025,hard,Auckland,R16,7-6(2) 4-6 7-5,119,82,127,81,84,ATP-2025-0301-379,2025-0301,3,0.4152502341866856,0.44444232795693756,0.4431958489181705,0.4394791134864293
atp:210460,atp:207681,2025-01-06,2025,2025,hard,Auckland,R32,6-2 6-2,51,36,52,26,84,ATP-2025-0301-360,2025-0301,3,0.39910738435989573,0.4288945527231276,0.43222216362916105,0.431372315939837
atp:132283,atp:209113,2025-01-06,2025,2025,hard,Auckland,R32,7-6(5) 2-6 7-6(7),116,80,108,78,84,ATP-2025-0301-361,2025-0301,3,0.4862943606259438,0.48866137012072286,0.4908616353077753,0.4867605404340795
atp:210506,atp:111576,2025-01-06,2025,2025,hard,Auckland,R32,6-7(8) 6-4 6-2,104,66,111,59,84,ATP-2025-0301-362,2025-0301,3,0.8837761589970469,0.7772710517292223,0.7945310623096323,0.778226876419156
atp:207680,atp:111815,2025-01-06,2025,2025,hard,Auckland,R32,6-2 6-3,54,33,50,23,84,ATP-2025-0301-363,2025-0301,3,0.18676614802541955,0.280886888477159,0.2727381765959964,0.2848117602950741
atp:104792,atp:124079,2025-01-06,2025,2025,hard,Auckland,R32,1-6 7-6(5) 6-3,86,55,83,56,84,ATP-2025-0301-364,2025-0301,3,0.8627794624514691,0.7572518001912518,0.773067393627278,0.7607494546134224
atp:105526,atp:207352,2025-01-06,2025,2025,hard,Auckland,R32,6-3 6-4,50,38,73,40,84,ATP-2025-0301-365,2025-0301,3,0.4729714420811184,0.4816642379767814,0.48197119846183395,0.482994521160605
atp:208134,atp:207925,2025-01-06,2025,2025,hard,Auckland,R32,6-2 1-1 RET,36,24,29,15,84,ATP-2025-0301-366,2025-0301,3,0.2309171051796663,0.3139785403835469,0.3095779176979036,0.317702713574957
atp:200267,atp:208653,2025-01-06,2025,2025,hard,Auckland,R32,6-3 7-5,70,48,53,32,84,ATP-2025-0301-367,2025-0301,3,0.771178142211846,0.6989396966780927,0.6921060398229927,0.6939577429819153
atp:106148,atp:127157,2025-01-06,2025,2025,hard,Auckland,R32,6-3 3-6 7-5,86,58,111,62,84,ATP-2025-0301-368,2025-0301,3,0.6988418946136508,0.6368332146244939,0.6367284761822032,0.6315098287209573
atp:132686,atp:209260,2025-01-06,2025,2025,hard,Auckland,R32,5-7 6-3 7-5,86,59,97,60,84,ATP-2025-0301-369,2025-0301,3,0.8359400172394316,0.7390411102370487,0.7475428004620238,0.7404853212849
atp:208363,atp:105173,2025-01-06,2025,2025,hard,Auckland,R32,7-6(6) 6-7(5) 6-1,116,72,112,64,84,ATP-2025-0301-370,2025-0301,3,0.3824461101515629,0.4220897013986377,0.4208092110721114,0.4202749182820218
atp:210150,atp:105807,2025-01-06,2025,2025,hard,Auckland,R32,6-2 4-6 7-5,88,63,100,62,84,ATP-2025-0301-371,2025-0301,3,0.5701543222345447,0.5496331574553864,0.5469414866754362,0.5454648597587002
atp:104792,atp:210460,2025-01-06,2025,2025,hard,Auckland,SF,7-6(5) 6-4,88,58,59,44,84,ATP-2025-0301-384,2025-0301,3,0.7486232638698389,0.6775310399300369,0.6742612742825241,0.6775360534344462
atp:200267,atp:132686,2025-01-06,2025,2025,hard,Auckland,SF,6-2 3-6 7-5,87,51,94,53,84,ATP-2025-0301-385,2025-0301,3,0.45063315267271187,0.4671078488416962,0.4670291096097879,0.46630033206265
atp:200000,atp:200624,2025-01-06,2025,2025,hard,Adelaide,F,6-3 3-6 6-1,72,54,81,46,84,ATP-2025-8998-377,2025-8998,3,0.3677749717327074,0.41093966774001867,0.41067328539713605,0.4063881078336385
atp:200175,atp:126127,2025-01-06,2025,2025,hard,Adelaide,QF,6-2 6-3,48,37,54,31,84,ATP-2025-8998-372,2025-8998,3,0.39772177471539827,0.4322298223592249,0.43127660393148165,0.434444265530191
atp:200000,atp:106218,2025-01-06,2025,2025,hard,Adelaide,QF,7-6(3) 6-3,76,53,72,44,84,ATP-2025-8998-373,2025-8998,3,0.5632972850443653,0.5415052186588931,0.5423242814301829,0.5465169177393179
atp:126205,atp:208014,2025-01-06,2025,2025,hard,Adelaide,QF,6-3 6-4,65,45,52,32,84,ATP-2025-8998-374,2025-8998,3,0.9419544200303996,0.8361130049495911,0.8650425184176502,0.8342284649376905
atp:200624,atp:200221,2025-01-06,2025,2025,hard,Adelaide,R16,6-3 6-3,69,46,63,35,84,ATP-2025-8998-363,2025-8998,3,0.7191499212814945,0.6495505480682724,0.6517709098898844,0.6483553292588251
atp:106423,atp:144869,2025-01-06,2025,2025,hard,Adelaide,R16,7-5 4-6 7-6(4),115,79,103,76,84,ATP-2025-8998-364,2025-8998,3,0.533774411706705,0.5238142732930839,0.522535336818001,0.5248817369106329
atp:126127,atp:111454,2025-01-06,2025,2025,hard,Adelaide,R16,6-3 6-3,63,38,58,26,84,ATP-2025-8998-365,2025-8998,3,0.8726002005609861,0.7783965299417686,0.7829200527996332,0.7821153812784882
atp:200175,atp:106331,2025-01-06,2025,2025,hard,Adelaide,R16,7-6(1) 6-2,64,45,68,38,84,ATP-2025-8998-366,2025-8998,3,0.5497408783426005,0.5347270153080107,0.5332216145742057,0.5319421080527963
atp:106218,atp:133430,2025-01-06,2025,2025,hard,Adelaide,R16,7-5 6-2,50,35,63,31,84,ATP-2025-8998-367,2025-8998,3,0.34699045893607683,0.39523767682842903,0.396150779264273,0.3965084447465641
atp:200000,atp:209070,2025-01-06,2025,2025,hard,Adelaide,R16,1-6 6-4 7-5,83,53,100,62,84,ATP-2025-8998-368,2025-8998,3,0.5921119417522399,0.5618631115535688,0.5617995415825353,0.5617216148575281
atp:208014,atp:206909,2025-01-06,2025,2025,hard,Adelaide,R16,6-2 3-6 7-6(5),86,62,84,60,84,ATP-2025-8998-369,2025-8998,3,0.17414127365063087,0.2717670054551598,0.26159314362636266,0.2760027067495664
atp:126205,atp:131905,2025-01-06,2025,2025,hard,Adelaide,R16,6-4 3-6 6-3,93,61,84,57,84,ATP-2025-8998-370,2025-8998,3,0.9528493410502626,0.86487447217298,0.8812240063980462,0.8637939099792349
atp:200221,atp:105138,2025-01-06,2025,2025,hard,Adelaide,R32,7-5 6-2,74,47,70,39,84,ATP-2025-8998-351,2025-8998,3,0.5060716385638105,0.5017846749425705,0.5040478695826129,0.5040569657317959
atp:106423,atp:106415,2025-01-06,2025,2025,hard,Adelaide,R32,6-3 3-6 6-3,88,58,89,54,84,ATP-2025-8998-352,2025-8998,3,0.6177477222926812,0.5785259819885744,0.5793241472380345,0.5826471946479743
atp:144869,atp:209262,2025-01-06,2025,2025,hard,Adelaide,R32,7-6(8) 6-3,71,52,65,44,84,ATP-2025-8998-353,2025-8998,3,0.6519603617159523,0.6015828662409484,0.6031110744596644,0.6027054626044361
atp:111454,atp:105902,2025-01-06,2025,2025,hard,Adelaide,R32,6-1 7-5,59,42,53,32,84,ATP-2025-8998-354,2025-8998,3,0.3716081262383004,0.41377171646062105,0.41333002650437306,0.4123060045926334
atp:106331,atp:126239,2025-01-06,2025,2025,hard,Adelaide,R32,7-5 7-6(5),66,53,71,53,84,ATP-2025-8998-355,2025-8998,3,0.48170270037074936,0.4868537914426222,0.4877987734616439,0.4890716229625008
atp:200175,atp:122330,2025-01-06,2025,2025,hard,Adelaide,R32,6-4 6-2,49,35,64,34,84,ATP-2025-8998-356,2025-8998,3,0.6177788030885017,0.5780837866525816,0.579345532400778,0.5734451482848613
atp:133430,atp:111190,2025-01-06,2025,2025,hard,Adelaide,R32,6-3 6-4,54,43,53,35,84,ATP-2025-8998-357,2025-8998,3,0.6744177880390776,0.6161683081177993,0.6190433832116,0.6190092208442655
atp:106218,atp:126846,2025-01-06,2025,2025,hard,Adelaide,R32,6-2 3-6 6-3,72,51,89,52,84,ATP-2025-8998-358,2025-8998,3,0.6753048126600578,0.6186868890886497,0.6196787411541831,0.620236187965918
atp:209070,atp:200443,2025-01-06,2025,2025,hard,Adelaide,R32,7-5 6-1,73,47,58,29,84,ATP-2025-8998-359,2025-8998,3,0.7314408874871109,0.6604564828036714,0.6610470192141819,0.6629655675906445
atp:206909,atp:105870,2025-01-06,2025,2025,hard,Adelaide,R32,6-1 2-6 6-3,69,45,74,42,84,ATP-2025-8998-360,2025-8998,3,0.7641774156278458,0.6861015244144721,0.686501423697635,0.6827107165835979
atp:208014,atp:105676,2025-01-06,2025,2025,hard,Adelaide,R32,6-1 6-2,57,37,44,20,84,ATP-2025-8998-361,2025-8998,3,0.24588992461639583,0.3269272631931537,0.3214528887674632,0.3268314466480005
atp:131905,atp:126128,2025-01-06,2025,2025,hard,Adelaide,R32,7-6(4) 2-6 6-1,98,59,83,50,84,ATP-2025-8998-362,2025-8998,3,0.15854508368710174,0.24974858700680994,0.24736247565970762,0.2526509381196444
atp:200624,atp:200175,2025-01-06,2025,2025,hard,Adelaide,SF,6-3 7-6(4),68,51,61,43,84,ATP-2025-8998-375,2025-8998,3,0.7412470667889343,0.6644135852711837,0.6685513271114253,0.6661186805569743
atp:200000,atp:126205,2025-01-06,2025,2025,hard,Adelaide,SF,7-6(3) 3-6 6-4,110,66,94,61,84,ATP-2025-8998-376,2025-8998,3,0.28694090419368173,0.35523426045814693,0.3527761088999735,0.358227105156954
atp:206173,atp:100644,2025-01-13,2025,2025,hard,Australian Open,F,6-3 7-6(4) 6-3,95,72,95,60,84,ATP-2025-580-226,2025-580,5,0.7295289726365862,0.6909622281553391,0.6595948818100521,0.6864857063520277
atp:206173,atp:200282,2025-01-13,2025,2025,hard,Australian Open,QF,6-3 6-2 6-1,59,49,78,41,84,ATP-2025-580-220,2025-580,5,0.8953441735504245,0.8411264657803998,0.8070603052072727,0.8427400845355844
atp:210097,atp:132283,2025-01-13,2025,2025,hard,Australian Open,QF,6-4 7-5 4-6 7-6(4),141,99,153,99,84,ATP-2025-580-221,2025-580,5,0.7166305280535799,0.6802713213963352,0.6498862402375793,0.68056593857747
atp:104925,atp:207989,2025-01-13,2025,2025,hard,Australian Open,QF,4-6 6-4 6-3 6-4,136,83,125,73,84,ATP-2025-580-222,2025-580,5,0.48633175892243546,0.48974811931474227,0.49088657789004525,0.487699933378069
atp:100644,atp:126205,2025-01-13,2025,2025,hard,Australian Open,QF,7-6(1) 7-6(0) 2-6 6-1,135,89,118,72,84,ATP-2025-580-223,2025-580,5,0.7569855781783572,0.7121363655310462,0.6808068588589807,0.7186329677541086
atp:206173,atp:111797,2025-01-13,2025,2025,hard,Australian Open,R128,7-6(2) 7-6(5) 6-1,101,78,98,65,84,ATP-2025-580-100,2025-580,5,0.9940166032637278,0.9782258786840458,0.9679694479169375,0.9776577838678772
atp:209262,atp:106121,2025-01-13,2025,2025,hard,Australian Open,R128,6-7(6) 7-6(4) 6-1 6-4,133,96,128,83,84,ATP-2025-580-101,2025-580,5,0.6787346000959688,0.6523517370330316,0.6221400819858006,0.6479923359288272
atp:106218,atp:105870,2025-01-13,2025,2025,hard,Australian Open,R128,2-6 7-5 6-1 7-5,116,73,138,78,84,ATP-2025-580-102,2025-580,5,0.7602040536377822,0.7182314134530077,0.6833476031941973,0.7128683252972245
atp:144869,atp:207925,2025-01-13,2025,2025,hard,Australian Open,R128,6-7(8) 6-3 7-5 6-1,136,94,150,89,84,ATP-2025-580-103,2025-580,5,0.6063269744032879,0.5834961085016135,0.5714898949226,0.5887680132710219
atp:128034,atp:134868,2025-01-13,2025,2025,hard,Australian Open,R128,7-5 6-4 6-4,83,62,120,72,84,ATP-2025-580-104,2025-580,5,0.628745010859836,0.6053856271876232,0.5869144705117214,0.6059089689293586
atp:200175,atp:105583,2025-01-13,2025,2025,hard,Australian Open,R128,7-5 3-6 6-3 3-6 6-3,172,107,158,98,84,ATP-2025-580-105,2025-580,5,0.5777781455595051,0.5668414682634266,0.5520868562971947,0.5651061270628357
atp:126610,atp:111815,2025-01-13,2025,2025,hard,Australian Open,R128,6-7(4) 6-4 6-1 6-3,114,84,138,83,84,ATP-2025-580-106,2025-580,5,0.5198819946569443,0.5151286689793724,0.5132585467979547,0.5212165066977312
atp:208029,atp:111190,2025-01-13,2025,2025,hard,Australian Open,R128,4-6 6-3 6-4 3-6 6-4,131,93,142,93,84,ATP-2025-580-107,2025-580,5,0.6825604204510094,0.6514266856603537,0.6248945434513224,0.6524774364203847
atp:210506,atp:126774,2025-01-13,2025,2025,hard,Australian Open,R128,7-5 6-3 2-6 6-4,124,79,116,73,84,ATP-2025-580-108,2025-580,5,0.42278981605891525,0.43475468831630537,0.4482969249085653,0.4330832583986033
atp:210317,atp:212021,2025-01-13,2025,2025,hard,Australian Open,R128,6-4 6-3 6-4,82,64,92,56,84,ATP-2025-580-109,2025-580,5,0.46380008830281977,0.4681984878499146,0.4758432475710007,0.4706313868513655
atp:209113,atp:208134,2025-01-13,2025,2025,hard,Australian Open,R128,6-7(1) 7-6(3) 5-7 6-1 6-2,167,110,167,101,84,ATP-2025-580-110,2025-580,5,0.8472460502837125,0.7976694090295584,0.758066544881173,0.8023263369606122
atp:111575,atp:105173,2025-01-13,2025,2025,hard,Australian Open,R128,7-6(5) 6-3 6-3,81,58,106,56,84,ATP-2025-580-111,2025-580,5,0.9033122321829743,0.8501455881696074,0.8160363792514377,0.8472844691454544
atp:202103,atp:122330,2025-01-13,2025,2025,hard,Australian Open,R128,7-6(1) 6-3 6-2,83,61,106,55,84,ATP-2025-580-112,2025-580,5,0.5881359099308741,0.5737597462379423,0.5590998784835453,0.5697054970199535
atp:207680,atp:200267,2025-01-13,2025,2025,hard,Australian Open,R128,6-7(5) 6-4 1-6 6-3 6-4,154,103,161,104,84,ATP-2025-580-113,2025-580,5,0.31778143430605305,0.35359624049754895,0.3753519698296968,0.3481492456030093
atp:207729,atp:105948,2025-01-13,2025,2025,hard,Australian Open,R128,6-3 6-7(3) 4-6 7-5 6-1,139,102,163,100,84,ATP-2025-580-114,2025-580,5,0.6154282008220662,0.6002530079484149,0.5777292216401765,0.5928209069034021
atp:200282,atp:122298,2025-01-13,2025,2025,hard,Australian Open,R128,6-1 7-5 6-4,93,65,90,50,84,ATP-2025-580-115,2025-580,5,0.9165009404021561,0.8634839154253686,0.831619935601326,0.8633200882354135
atp:126203,atp:202385,2025-01-13,2025,2025,hard,Australian Open,R128,6-2 6-0 6-3,70,53,80,38,84,ATP-2025-580-116,2025-580,5,0.8660586397400197,0.822486140132445,0.7763232419218695,0.823036411710484
atp:106426,atp:106432,2025-01-13,2025,2025,hard,Australian Open,R128,7-5 6-1 6-2,62,50,85,45,84,ATP-2025-580-117,2025-580,5,0.3786990084356034,0.39754297385466464,0.4182286299545976,0.3997025767368121
atp:127157,atp:207681,2025-01-13,2025,2025,hard,Australian Open,R128,6-2 3-6 7-6(4) 4-6 6-4,132,100,146,102,84,ATP-2025-580-118,2025-580,5,0.2909569564652409,0.3252313009363128,0.3557571850857632,0.3260750226021605
atp:104792,atp:208659,2025-01-13,2025,2025,hard,Australian Open,R128,7-6(7) 6-3 6-7(6) 6-7(5) 6-4,174,128,181,126,84,ATP-2025-580-119,2025-580,5,0.7420651035808852,0.7026315752875436,0.6691817377045579,0.7064004750577917
atp:210097,atp:206909,2025-01-13,2025,2025,hard,Australian Open,R128,7-6(3) 7-5 7-5,113,79,111,74,84,ATP-2025-580-120,2025-580,5,0.5607825952453108,0.5485786641163997,0.5406333230707498,0.5511935160896285
atp:105807,atp:111794,2025-01-13,2025,2025,hard,Australian Open,R128,6-4 6-4 6-3,86,60,88,55,84,ATP-2025-580-121,2025-580,5,0.6941564836765163,0.6661963376576051,0.6333036501447623,0.6650441363718562
atp:133430,atp:105138,2025-01-13,2025,2025,hard,Australian Open,R128,3-6 6-4 6-4 7-6(8),131,81,136,81,84,ATP-2025-580-122,2025-580,5,0.722721747331912,0.6810892837971736,0.6544524135395721,0.6826512913662041
atp:207518,atp:208286,2025-01-13,2025,2025,hard,Australian Open,R128,7-6(4) 4-6 7-6(5) 6-3,147,86,183,100,84,ATP-2025-580-123,2025-580,5,0.5963279832403836,0.5748347270489376,0.5646671200458253,0.5787855009443116
atp:211663,atp:126094,2025-01-13,2025,2025,hard,Australian Open,R128,7-6(1) 6-3 7-6(5),120,85,105,68,84,ATP-2025-580-124,2025-580,5,0.4710076575325819,0.4749453911709293,0.48065972015964586,0.4738266839455947
atp:132283,atp:104527,2025-01-13,2025,2025,hard,Australian Open,R128,6-4 5-7 7-5 7-5,132,96,112,81,84,ATP-2025-580-125,2025-580,5,0.5661958618182158,0.5559847176042558,0.5442748861686272,0.5572208854435452
atp:206681,atp:205734,2025-01-13,2025,2025,hard,Australian Open,R128,6-3 6-7(5) 7-5 5-7 7-5,165,120,190,126,84,ATP-2025-580-126,2025-580,5,0.6995872377316406,0.6642733259149506,0.6372747910771915,0.6655671814356782
atp:126207,atp:126239,2025-01-13,2025,2025,hard,Australian Open,R128,7-6(2) 6-3 4-6 6-7(4) 6-3,169,117,161,109,84,ATP-2025-580-127,2025-580,5,0.7251728428758195,0.6879602389539305,0.6562991613975014,0.6849909322482001
atp:144895,atp:200615,2025-01-13,2025,2025,hard,Australian Open,R128,4-6 6-3 6-4 6-4,124,84,144,82,84,ATP-2025-580-128,2025-580,5,0.17615758951478283,0.22877150150136455,0.26339437981304564,0.2293140319314062
atp:106283,atp:208014,2025-01-13,2025,2025,hard,Australian Open,R128,6-4 6-4 6-3,79,53,103,55,84,ATP-2025-580-129,2025-580,5,0.6733000685254663,0.6449045353307832,0.6182434772597747,0.6410343980543594
atp:210530,atp:200116,2025-01-13,2025,2025,hard,Australian Open,R128,4-6 7-6(3) 6-3 5-7 6-4,168,103,178,107,84,ATP-2025-580-130,2025-580,5,0.7767281106405378,0.7398898410999455,0.6965945284507508,0.73519342136822
atp:106421,atp:208937,2025-01-13,2025,2025,hard,Australian Open,R128,6-2 4-6 3-6 6-1 6-2,104,81,155,88,84,ATP-2025-580-131,2025-580,5,0.9825032828035074,0.9624905794548511,0.93615923250478,0.9607204867909492
atp:104925,atp:210460,2025-01-13,2025,2025,hard,Australian Open,R128,4-6 6-3 6-4 6-2,106,77,129,77,84,ATP-2025-580-132,2025-580,5,0.98051984565468,0.9585998678990519,0.9316590501471619,0.9599848810507076
atp:210262,atp:200303,2025-01-13,2025,2025,hard,Australian Open,R128,6-1 6-1 7-5,70,54,84,44,84,ATP-2025-580-133,2025-580,5,0.23251052554734106,0.2641496783977169,0.3108547757505769,0.2655823755013988
atp:124187,atp:206904,2025-01-13,2025,2025,hard,Australian Open,R128,3-6 7-6(4) 6-3 6-2,160,100,121,74,84,ATP-2025-580-134,2025-580,5,0.7294318489867201,0.7029063425586637,0.6595212072615964,0.7037136405682958
atp:207830,atp:111576,2025-01-13,2025,2025,hard,Australian Open,R128,6-3 6-1 7-5,82,56,85,41,84,ATP-2025-580-135,2025-580,5,0.9660877219029099,0.9293514593646377,0.9031727171489468,0.9277742716710942
atp:208103,atp:111454,2025-01-13,2025,2025,hard,Australian Open,R128,6-1 3-6 6-3 7-6(1),103,80,107,71,84,ATP-2025-580-136,2025-580,5,0.8951141261847361,0.8460770508860818,0.8068055652549769,0.851447706795028
atp:200384,atp:117357,2025-01-13,2025,2025,hard,Australian Open,R128,6-2 3-6 6-2 6-2,101,68,109,60,84,ATP-2025-580-137,2025-580,5,0.5422672926001372,0.5381308998856651,0.5282155976767388,0.5345070281318383
atp:126127,atp:105676,2025-01-13,2025,2025,hard,Australian Open,R128,6-1 6-2 7-6(7),105,66,85,43,84,ATP-2025-580-138,2025-580,5,0.625958512791876,0.6003304922824195,0.5849866287450332,0.6049628354217995
atp:208859,atp:105777,2025-01-13,2025,2025,hard,Australian Open,R128,7-5 2-1 RET,39,28,54,32,84,ATP-2025-580-139,2025-580,5,0.04746080392438349,0.08413626097958571,0.11925703464093967,0.0809478622194283
atp:207733,atp:208363,2025-01-13,2025,2025,hard,Australian Open,R128,4-6 6-3 3-6 6-3 6-2,160,94,160,91,84,ATP-2025-580-140,2025-580,5,0.9837358913673185,0.9551117662512516,0.9390566540915692,0.956799347906415
atp:106423,atp:126128,2025-01-13,2025,2025,hard,Australian Open,R128,3-6 6-3 6-3 7-6(5),158,94,130,77,84,ATP-2025-580-141,2025-580,5,0.5019990096350216,0.5007858948083561,0.5013326770347925,0.505186194902582
atp:126846,atp:106000,2025-01-13,2025,2025,hard,Australian Open,R128,6-7(3) 6-0 3-6 6-3 6-4,131,87,149,86,84,ATP-2025-580-142,2025-580,5,0.7275464148362866,0.6885977420534806,0.6580927442204041,0.6920720295904419
atp:200624,atp:127760,2025-01-13,2025,2025,hard,Australian Open,R128,6-3 0-6 6-3 7-6(6),113,69,108,69,84,ATP-2025-580-143,2025-580,5,0.6940094067807876,0.6617285361642724,0.6331964035665033,0.6618521431374234
atp:111442,atp:136440,2025-01-13,2025,2025,hard,Australian Open,R128,7-6(3) 6-4 4-6 6-3,128,88,116,75,84,ATP-2025-580-144,2025-580,5,0.7270393226764593,0.6862996430288003,0.6577091233149513,0.690971812067592
atp:132686,atp:124186,2025-01-13,2025,2025,hard,Australian Open,R128,6-7(2) 6-3 6-2 7-5,123,87,125,77,84,ATP-2025-580-145,2025-580,5,0.6543456541168704,0.6236482619073824,0.6047900681772072,0.6250816756061681
atp:106415,atp:144826,2025-01-13,2025,2025,hard,Australian Open,R128,3-6 6-4 7-6(3) 6-3,117,81,135,79,84,ATP-2025-580-146,2025-580,5,0.8220061099405502,0.793776933517727,0.7349724181646773,0.8043957924462349
atp:207989,atp:207686,2025-01-13,2025,2025,hard,Australian Open,R128,6-1 7-5 6-1,81,55,89,42,84,ATP-2025-580-147,2025-580,5,0.9928708535394442,0.9746014322625509,0.9641166671044683,0.9745573511597037
atp:134770,atp:144719,2025-01-13,2025,2025,hard,Australian Open,R128,6-3 1-6 7-5 2-6 6-1,123,80,138,84,84,ATP-2025-580-148,2025-580,5,0.7853341683738628,0.7388221040221465,0.7036384536219672,0.7344095192703399
atp:210150,atp:105932,2025-01-13,2025,2025,hard,Australian Open,R128,6-1 6-7(3) 6-3 6-3,125,85,116,69,84,ATP-2025-580-149,2025-580,5,0.9158959664812305,0.8707188102165078,0.830883088641815,0.8704349885745786
atp:200221,atp:209992,2025-01-13,2025,2025,hard,Australian Open,R128,7-6(1) 5-2 RET,58,36,89,43,84,ATP-2025-580-150,2025-580,5,0.572210777779442,0.5574358740895989,0.5483281189242348,0.5589942392340256
atp:200000,atp:105526,2025-01-13,2025,2025,hard,Australian Open,R128,6-3 6-0 4-6 6-1,93,66,114,57,84,ATP-2025-580-151,2025-580,5,0.5428072312121119,0.5316568960454823,0.5285770115555439,0.5353416073275905
atp:106148,atp:126214,2025-01-13,2025,2025,hard,Australian Open,R128,1-6 6-2 6-3 7-6(1),113,72,110,63,84,ATP-2025-580-152,2025-580,5,0.3763732920569056,0.4026968687931767,0.41662418748338775,0.4020205919967963
atp:105902,atp:208502,2025-01-13,2025,2025,hard,Australian Open,R128,6-2 6-4 6-2,69,53,78,45,84,ATP-2025-580-153,2025-580,5,0.19805831553994976,0.24548933476112533,0.282455032974043,0.2453225940021547
atp:105453,atp:106329,2025-01-13,2025,2025,hard,Australian Open,R128,4-6 6-7(4) 7-5 6-2 6-3,140,104,169,111,84,ATP-2025-580-154,2025-580,5,0.61658629678513,0.5946983970956471,0.578525288420305,0.5986065288207998
atp:126205,atp:106331,2025-01-13,2025,2025,hard,Australian Open,R128,6-2 3-6 6-1 6-7(5) 7-5,149,102,178,105,84,ATP-2025-580-155,2025-580,5,0.8920077695011429,0.8389700123062627,0.8033887629596295,0.8366517356073978
atp:200005,atp:209263,2025-01-13,2025,2025,hard,Australian Open,R128,7-6(5) 7-5 6-4,107,75,119,79,84,ATP-2025-580-156,2025-580,5,0.95333683376527,0.9284078126714663,0.8819827929120296,0.9287187492799132
atp:200273,atp:207352,2025-01-13,2025,2025,hard,Australian Open,R128,7-6(4) 6-4 7-6(6),89,75,112,74,84,ATP-2025-580-157,2025-580,5,0.10115088151076237,0.14024587102697106,0.18902857789651642,0.1426314423278921
atp:111460,atp:200443,2025-01-13,2025,2025,hard,Australian Open,R128,4-6 4-6 6-4 7-6(4) 7-5,164,115,157,113,84,ATP-2025-580-158,2025-580,5,0.6668666955187081,0.6377208058002451,0.6136540916639953,0.6413022642995508
atp:209950,atp:202261,2025-01-13,2025,2025,hard,Australian Open,R128,3-6 7-6(4) 6-4 6-4,116,83,146,91,84,ATP-2025-580-159,2025-580,5,0.7708256133342895,0.7287603806677551,0.6918223126277906,0.7267437970639543
atp:209070,atp:202104,2025-01-13,2025,2025,hard,Australian Open,R128,6-3 5-7 3-6 6-0 6-3,143,93,129,80,84,ATP-2025-580-160,2025-580,5,0.8096345385078896,0.7599744251892515,0.7241400496515813,0.7621579065023079
atp:207985,atp:106401,2025-01-13,2025,2025,hard,Australian Open,R128,7-6(3) 6-3 7-6(2),110,82,119,74,84,ATP-2025-580-161,2025-580,5,0.09828006472487867,0.1353316710563667,0.18578185151230908,0.1357787008305043
atp:124079,atp:209260,2025-01-13,2025,2025,hard,Australian Open,R128,6-3 4-1 RET,42,29,57,26,84,ATP-2025-580-162,2025-580,5,0.653205259095959,0.6250921016260997,0.6039869806896575,0.6227683371544604
atp:100644,atp:106298,2025-01-13,2025,2025,hard,Australian Open,R128,6-4 6-4 6-4,88,65,113,66,84,ATP-2025-580-163,2025-580,5,0.9847713814516603,0.960603572935168,0.9415573157030019,0.9604534020158082
atp:206173,atp:208029,2025-01-13,2025,2025,hard,Australian Open,R16,6-3 3-6 6-3 6-2,105,76,110,66,84,ATP-2025-580-212,2025-580,5,0.9582290257559364,0.9142533593839188,0.8897892383045892,0.9163524659055904
atp:200282,atp:210506,2025-01-13,2025,2025,hard,Australian Open,R16,6-0 7-6(5) 6-3,90,63,87,49,84,ATP-2025-580-213,2025-580,5,0.8678458045621681,0.8147742907461435,0.7781117792726271,0.8137063303138996
atp:210097,atp:104792,2025-01-13,2025,2025,hard,Australian Open,R16,7-6(3) 6-7(3) 7-6(2) 1-0 RET,120,87,124,84,84,ATP-2025-580-214,2025-580,5,0.5652465656058178,0.5510547750214014,0.5436358725658884,0.5509501591471584
atp:132283,atp:210530,2025-01-13,2025,2025,hard,Australian Open,R16,6-3 6-2 3-6 6-1,95,71,102,57,84,ATP-2025-580-215,2025-580,5,0.6331811651348324,0.6054676042335743,0.5899903929932244,0.609085529216067
atp:104925,atp:208103,2025-01-13,2025,2025,hard,Australian Open,R16,6-3 6-4 7-6(4),92,68,106,66,84,ATP-2025-580-216,2025-580,5,0.9414298930535554,0.8938916325200643,0.864297293837316,0.8952238177900151
atp:207989,atp:207733,2025-01-13,2025,2025,hard,Australian Open,R16,7-5 6-1 0-0 RET,59,40,68,34,84,ATP-2025-580-217,2025-580,5,0.7547019789642908,0.7125203517036895,0.6790114864945276,0.71214316092883
atp:126205,atp:200221,2025-01-13,2025,2025,hard,Australian Open,R16,6-1 6-1 6-1,67,50,61,26,84,ATP-2025-580-218,2025-580,5,0.8442330264181281,0.794423501307935,0.7552315288911026,0.7904759324682507
atp:100644,atp:200005,2025-01-13,2025,2025,hard,Australian Open,R16,6-1 2-6 6-3 6-2,86,63,104,58,84,ATP-2025-580-219,2025-580,5,0.8042071436858872,0.7557044262829802,0.719476511687981,0.7545642787510745
atp:206173,atp:106218,2025-01-13,2025,2025,hard,Australian Open,R32,6-3 6-4 6-2,83,58,82,44,84,ATP-2025-580-196,2025-580,5,0.9848729977939275,0.9598609725008698,0.9418062099596691,0.9589294691326062
atp:208029,atp:200175,2025-01-13,2025,2025,hard,Australian Open,R32,6-7(5) 6-3 4-6 6-4 6-4,158,101,149,93,84,ATP-2025-580-197,2025-580,5,0.7166691375044272,0.6774221488559671,0.649915081227206,0.6776366824211231
atp:210506,atp:111575,2025-01-13,2025,2025,hard,Australian Open,R32,6-3 7-6(5) 6-2,99,67,83,53,84,ATP-2025-580-198,2025-580,5,0.257231955718455,0.30113657596725313,0.33027599253217704,0.2996059333626985
atp:200282,atp:202103,2025-01-13,2025,2025,hard,Australian Open,R32,5-7 7-6(3) 6-3 6-3,137,86,152,84,84,ATP-2025-580-199,2025-580,5,0.9221148028206647,0.8722414111753614,0.8385694718129948,0.8722743341771366
atp:104792,atp:126203,2025-01-13,2025,2025,hard,Australian Open,R32,3-6 7-5 7-6(1) 6-4,121,93,130,90,84,ATP-2025-580-200,2025-580,5,0.18442408680348008,0.23134844865044313,0.2706939957403544,0.234229442907361
atp:210097,atp:207518,2025-01-13,2025,2025,hard,Australian Open,R32,6-3 3-6 6-4 7-6(5),119,84,116,79,84,ATP-2025-580-201,2025-580,5,0.633009193044335,0.6110575412887223,0.5898709934825348,0.6036774262065336
atp:132283,atp:206681,2025-01-13,2025,2025,hard,Australian Open,R32,6-7(3) 7-6(6) 6-1 6-2,130,95,134,86,84,ATP-2025-580-202,2025-580,5,0.45530480645691707,0.46224196685372554,0.47015896311776495,0.4607332948920429
atp:210530,atp:144895,2025-01-13,2025,2025,hard,Australian Open,R32,7-6(10) 6-3 6-3,107,69,107,60,84,ATP-2025-580-203,2025-580,5,0.5326850986063824,0.5272061440544882,0.5218073403822612,0.5242468123109967
atp:104925,atp:207830,2025-01-13,2025,2025,hard,Australian Open,R32,6-1 6-4 6-4,79,56,87,47,84,ATP-2025-580-204,2025-580,5,0.9084033619370466,0.8554070517344678,0.8219374340191705,0.8574028332264627
atp:208103,atp:126127,2025-01-13,2025,2025,hard,Australian Open,R32,6-2 6-3 6-3,76,56,85,48,84,ATP-2025-580-205,2025-580,5,0.46049634960770275,0.4657837256125178,0.4736337096110108,0.4685106184806366
atp:207733,atp:126846,2025-01-13,2025,2025,hard,Australian Open,R32,6-4 2-6 5-7 7-6(5) 7-6(8),164,111,188,121,84,ATP-2025-580-206,2025-580,5,0.9410594396266682,0.8943777515496782,0.8637726652683427,0.8974428586722261
atp:207989,atp:132686,2025-01-13,2025,2025,hard,Australian Open,R32,6-2 6-4 6-7(3) 6-2,109,80,137,83,84,ATP-2025-580-207,2025-580,5,0.9757771993309539,0.940360372628553,0.9215763395658624,0.9427762516509164
atp:200221,atp:210150,2025-01-13,2025,2025,hard,Australian Open,R32,3-6 4-6 7-6(7) 6-4 6-2,156,99,142,91,84,ATP-2025-580-208,2025-580,5,0.41630697117245224,0.4324287373408798,0.4439116719017877,0.4331470380362981
atp:126205,atp:106148,2025-01-13,2025,2025,hard,Australian Open,R32,7-6(0) 6-2 6-0,86,57,98,46,84,ATP-2025-580-209,2025-580,5,0.8866003549859313,0.8326349348930266,0.7975390937047073,0.8312039035839992
atp:200005,atp:209950,2025-01-13,2025,2025,hard,Australian Open,R32,4-6 7-5 6-4 1-0 RET,102,64,101,60,84,ATP-2025-580-210,2025-580,5,0.596647935102467,0.5788091674291707,0.5648849533475856,0.5723045766836306
atp:100644,atp:207985,2025-01-13,2025,2025,hard,Australian Open,R32,6-3 6-4 6-4,81,58,79,45,84,ATP-2025-580-211,2025-580,5,0.9768515437011568,0.9520968124364801,0.9237861731133729,0.9516125418611148
atp:206173,atp:209262,2025-01-13,2025,2025,hard,Australian Open,R64,4-6 6-4 6-1 6-3,100,69,138,78,84,ATP-2025-580-164,2025-580,5,0.9933187572230516,0.9795553200213518,0.9655935320006274,0.979139123631548
atp:106218,atp:144869,2025-01-13,2025,2025,hard,Australian Open,R64,7-5 3-6 7-5 3-6 6-4,163,98,153,90,84,ATP-2025-580-165,2025-580,5,0.5247079063692783,0.5155581033219598,0.5164793940098932,0.5190233118780294
atp:200175,atp:128034,2025-01-13,2025,2025,hard,Australian Open,R64,6-4 6-4 6-2,84,62,82,52,84,ATP-2025-580-166,2025-580,5,0.27343767577777883,0.31195533468473924,0.3426515132872074,0.3142813912861412
atp:208029,atp:126610,2025-01-13,2025,2025,hard,Australian Open,R64,7-6(3) 2-6 6-3 7-6(6),127,87,149,93,84,ATP-2025-580-167,2025-580,5,0.5363632000252945,0.5277940504246095,0.5242659309364888,0.5316278845944407
atp:210506,atp:210317,2025-01-13,2025,2025,hard,Australian Open,R64,7-5 6-3 7-6(4),96,75,110,67,84,ATP-2025-580-168,2025-580,5,0.9515571833549527,0.9161356255499207,0.8792284282987065,0.9142437876441124
atp:111575,atp:209113,2025-01-13,2025,2025,hard,Australian Open,R64,7-6(4) 4-6 6-3 6-3,122,88,135,88,84,ATP-2025-580-169,2025-580,5,0.796380586224285,0.748678544561639,0.7128397820525033,0.7419618654139027
atp:202103,atp:207680,2025-01-13,2025,2025,hard,Australian Open,R64,6-2 1-0 RET,26,17,27,10,84,ATP-2025-580-170,2025-580,5,0.7034831740985406,0.6698831799696243,0.6401372725794715,0.6683973302774486
atp:200282,atp:207729,2025-01-13,2025,2025,hard,Australian Open,R64,6-2 6-4 6-3,64,51,96,51,84,ATP-2025-580-171,2025-580,5,0.9819535572000356,0.961513855194464,0.9348928134064999,0.9592832625651336
atp:126203,atp:106426,2025-01-13,2025,2025,hard,Australian Open,R64,6-2 6-1 6-0,60,44,62,27,84,ATP-2025-580-172,2025-580,5,0.9615156243970704,0.9228542418598107,0.895248049999544,0.9256956182811692
atp:104792,atp:127157,2025-01-13,2025,2025,hard,Australian Open,R64,7-5 6-3 7-6(3),99,68,99,58,84,ATP-2025-580-173,2025-580,5,0.8650744510463771,0.8135106768506222,0.7753425773667318,0.815478605903591
atp:210097,atp:105807,2025-01-13,2025,2025,hard,Australian Open,R64,6-3 6-3 6-7(4) 6-4,111,88,109,78,84,ATP-2025-580-174,2025-580,5,0.6788559192782556,0.6462787377898754,0.6222272820488663,0.6451509942421876
atp:207518,atp:133430,2025-01-13,2025,2025,hard,Australian Open,R64,7-6(3) 7-6(6) 6-2,111,77,112,66,84,ATP-2025-580-175,2025-580,5,0.3314097963272732,0.363858697370228,0.38511882739878195,0.3615285077394342
atp:132283,atp:211663,2025-01-13,2025,2025,hard,Australian Open,R64,6-7(6) 6-3 6-1 3-6 6-3,140,99,146,91,84,ATP-2025-580-176,2025-580,5,0.20386321495819584,0.2451266029017406,0.2873653436535525,0.2529409326548869
atp:206681,atp:126207,2025-01-13,2025,2025,hard,Australian Open,R64,6-7(3) 6-4 3-6 6-4 6-1,172,113,150,95,84,ATP-2025-580-177,2025-580,5,0.30754354664142286,0.3444492222068878,0.36793503979954756,0.3430738572849704
atp:144895,atp:106283,2025-01-13,2025,2025,hard,Australian Open,R64,4-6 6-4 7-6(3) 6-4,147,90,137,85,84,ATP-2025-580-178,2025-580,5,0.41527504373820856,0.4345371251648016,0.44321265799183296,0.4306881090365263
atp:210530,atp:106421,2025-01-13,2025,2025,hard,Australian Open,R64,6-3 7-6(4) 6-7(8) 1-6 7-6(7),201,112,169,99,84,ATP-2025-580-179,2025-580,5,0.04211743761051603,0.08448563366641151,0.110775685286033,0.0839140398097265
atp:104925,atp:210262,2025-01-13,2025,2025,hard,Australian Open,R64,6-1 6-7(4) 6-3 6-2,113,78,107,57,84,ATP-2025-580-180,2025-580,5,0.996600191427759,0.9912357075539772,0.9778406465453868,0.9888610087210482
atp:207830,atp:124187,2025-01-13,2025,2025,hard,Australian Open,R64,3-6 7-6(1) 6-7(5) 7-6(4) 6-4,167,124,173,126,84,ATP-2025-580-181,2025-580,5,0.7970808904543342,0.749394885263786,0.713429524067515,0.7521570228421071
atp:208103,atp:200384,2025-01-13,2025,2025,hard,Australian Open,R64,6-3 3-1 RET,44,30,57,28,84,ATP-2025-580-182,2025-580,5,0.8751203860302862,0.8251555546263729,0.7854994604890885,0.8276132029759342
atp:126127,atp:208859,2025-01-13,2025,2025,hard,Australian Open,R64,6-2 6-4 3-6 6-4,104,73,100,68,84,ATP-2025-580-183,2025-580,5,0.8524490003923226,0.8115006674222828,0.7630171993087121,0.8116345653034127
atp:207733,atp:106423,2025-01-13,2025,2025,hard,Australian Open,R64,6-7(3) 6-3 3-6 7-5 6-3,157,109,164,105,84,ATP-2025-580-184,2025-580,5,0.8265187471252377,0.7791885771024418,0.738998301138632,0.7785057554796615
atp:126846,atp:200624,2025-01-13,2025,2025,hard,Australian Open,R64,6-4 3-6 2-6 6-3 7-5,150,99,131,90,84,ATP-2025-580-185,2025-580,5,0.12492784215393385,0.17309864796131236,0.21455010611585984,0.1760981063470418
atp:132686,atp:111442,2025-01-13,2025,2025,hard,Australian Open,R64,6-3 6-2 6-4,81,61,81,46,84,ATP-2025-580-186,2025-580,5,0.3831152610309325,0.4041758789133912,0.42126948359891486,0.4070406147313771
atp:207989,atp:106415,2025-01-13,2025,2025,hard,Australian Open,R64,6-0 6-1 6-4,60,49,61,30,84,ATP-2025-580-187,2025-580,5,0.9817390168290981,0.9499021602302342,0.9344026731071583,0.9535597228171364
atp:210150,atp:134770,2025-01-13,2025,2025,hard,Australian Open,R64,6-2 3-6 6-1 6-4,108,74,121,69,84,ATP-2025-580-188,2025-580,5,0.4609382745064678,0.4677135681351381,0.4739293409231938,0.4674739042233782
atp:200221,atp:200000,2025-01-13,2025,2025,hard,Australian Open,R64,6-7(7) 6-7(5) 6-4 6-1 6-3,176,114,152,91,84,ATP-2025-580-189,2025-580,5,0.3908243671041571,0.41224160070191074,0.4265603356688186,0.4118969042906255
atp:106148,atp:105902,2025-01-13,2025,2025,hard,Australian Open,R64,6-4 6-2 7-5,77,61,111,63,84,ATP-2025-580-190,2025-580,5,0.7514544191900518,0.7094318174680805,0.6764685290761465,0.7072811351379339
atp:126205,atp:105453,2025-01-13,2025,2025,hard,Australian Open,R64,6-7(3) 6-0 6-3 6-1,104,66,129,59,84,ATP-2025-580-191,2025-580,5,0.8969634007194904,0.8437059908693576,0.8088601281966884,0.842187823426473
atp:200005,atp:200273,2025-01-13,2025,2025,hard,Australian Open,R64,6-3 6-4 6-4,75,61,89,56,84,ATP-2025-580-192,2025-580,5,0.9568979586905944,0.9265875206940918,0.8876292960793257,0.9252665370532566
atp:209950,atp:111460,2025-01-13,2025,2025,hard,Australian Open,R64,6-2 4-6 7-6(2) 7-5,120,88,125,82,84,ATP-2025-580-193,2025-580,5,0.7924321126422089,0.7500000050547022,0.7095292674264201,0.7460570347727611
atp:207985,atp:209070,2025-01-13,2025,2025,hard,Australian Open,R64,3-6 7-5 6-2 6-3,111,72,106,62,84,ATP-2025-580-194,2025-580,5,0.2702623089164689,0.30115190514483803,0.34024676156720896,0.3010676431333156
atp:100644,atp:124079,2025-01-13,2025,2025,hard,Australian Open,R64,6-1 6-4 6-1,73,53,72,34,84,ATP-2025-580-195,2025-580,5,0.9959230882902365,0.9823832713346208,0.9750485057905419,0.9819494891549294
atp:206173,atp:210097,2025-01-13,2025,2025,hard,Australian Open,SF,7-6(2) 6-2 6-2,89,62,118,62,84,ATP-2025-580-224,2025-580,5,0.9447014589590933,0.9016610743071329,0.8689926938284275,0.9041541937456056
atp:100644,atp:104925,2025-01-13,2025,2025,hard,Australian Open,SF,7-6(5) 0-0 RET,38,31,54,36,84,ATP-2025-580-225,2025-580,5,0.45535637798792755,0.46757748713250513,0.4701934974498107,0.4629390476784295
atp:200000,atp:206499,2025-01-27,2025,2025,hard,Montpellier,F,6-2 6-7(7) 7-6(2),105,78,99,70,84,ATP-2025-0375-385,2025-0375,3,0.7592190088622228,0.6757797821241234,0.682568681017996,0.67926422256852
atp:200000,atp:207352,2025-01-27,2025,2025,hard,Montpellier,QF,6-3 6-4,51,41,53,35,84,ATP-2025-0375-379,2025-0375,3,0.5064829160361229,0.5031804265868745,0.5043220785843958,0.5042318697064077
atp:207411,atp:134868,2025-01-27,2025,2025,hard,Montpellier,QF,7-6(5) 6-4,80,58,68,49,84,ATP-2025-0375-380,2025-0375,3,0.19854373769684555,0.28088615020332053,0.2828677789771238,0.2863669639476453
atp:206499,atp:122330,2025-01-27,2025,2025,hard,Montpellier,QF,6-3 6-2,59,42,65,37,84,ATP-2025-0375-381,2025-0375,3,0.43662236057961057,0.4569593340890119,0.45762166596539355,0.4578157301220896
atp:126094,atp:105932,2025-01-27,2025,2025,hard,Montpellier,QF,5-2 RET,18,15,21,12,84,ATP-2025-0375-382,2025-0375,3,0.9458520194664818,0.8544792596569516,0.8706716380909073,0.8517034468297606
atp:200000,atp:209070,2025-01-27,2025,2025,hard,Montpellier,R16,6-4 7-6(5),55,43,72,44,84,ATP-2025-0375-371,2025-0375,3,0.5915372011535336,0.5627353384467699,0.5614090267684033,0.5574553958348398
atp:207352,atp:106005,2025-01-27,2025,2025,hard,Montpellier,R16,6-2 6-1,39,30,61,29,84,ATP-2025-0375-372,2025-0375,3,0.8893683437642583,0.7837900614152387,0.8005182870791276,0.7877674739996003
atp:207411,atp:207925,2025-01-27,2025,2025,hard,Montpellier,R16,6-3 7-6(2),64,47,72,42,84,ATP-2025-0375-373,2025-0375,3,0.2842620975647903,0.3488597640707687,0.3507801887759442,0.3493374544345197
atp:134868,atp:104755,2025-01-27,2025,2025,hard,Montpellier,R16,6-3 3-6 7-5,97,66,85,59,84,ATP-2025-0375-374,2025-0375,3,0.6752882535325994,0.6198382067174746,0.619666875694713,0.6201968174551051
atp:206499,atp:208233,2025-01-27,2025,2025,hard,Montpellier,R16,7-5 7-6(5),71,56,71,53,84,ATP-2025-0375-375,2025-0375,3,0.415839663934396,0.4447065271151992,0.4435951584667932,0.4434934095377231
atp:122330,atp:136440,2025-01-27,2025,2025,hard,Montpellier,R16,6-4 6-2,59,40,53,30,84,ATP-2025-0375-376,2025-0375,3,0.49534795280929544,0.49926079361551134,0.49689858548710586,0.4996379838426649
atp:105932,atp:126239,2025-01-27,2025,2025,hard,Montpellier,R16,6-0 7-6(4),66,43,72,36,84,ATP-2025-0375-377,2025-0375,3,0.21219950036270874,0.29519038185666713,0.29432323813850303,0.2996371547254791
atp:126094,atp:111153,2025-01-27,2025,2025,hard,Montpellier,R16,6-4 6-3,48,37,52,32,84,ATP-2025-0375-378,2025-0375,3,0.8855803656660918,0.7882433412096098,0.796449081418805,0.7913709064390323
atp:209070,atp:104527,2025-01-27,2025,2025,hard,Montpellier,R32,6-4 6-3,56,40,64,38,84,ATP-2025-0375-359,2025-0375,3,0.5991921832436347,0.5663492194826656,0.5666182677575918,0.5669552573926843
atp:106005,atp:106432,2025-01-27,2025,2025,hard,Montpellier,R32,6-3 7-5,62,43,61,37,84,ATP-2025-0375-360,2025-0375,3,0.21882759177572436,0.3054620107185,0.299780956860226,0.3047643459909863
atp:207352,atp:127157,2025-01-27,2025,2025,hard,Montpellier,R32,7-6(1) 6-3,61,47,79,47,84,ATP-2025-0375-361,2025-0375,3,0.7949959937132779,0.7075224094291137,0.7116760954395078,0.7083430363770932
atp:207411,atp:111460,2025-01-27,2025,2025,hard,Montpellier,R32,7-6(7) 2-0 RET,46,36,51,33,84,ATP-2025-0375-362,2025-0375,3,0.3223632747496545,0.37849930597415593,0.3786486045482255,0.3762626537370639
atp:104755,atp:105173,2025-01-27,2025,2025,hard,Montpellier,R32,6-3 6-2,48,37,56,31,84,ATP-2025-0375-363,2025-0375,3,0.5461185770441986,0.5295896516591149,0.5307943327013541,0.5265766695239336
atp:134868,atp:122298,2025-01-27,2025,2025,hard,Montpellier,R32,7-5 6-3,77,47,57,31,84,ATP-2025-0375-364,2025-0375,3,0.6149038591045046,0.577500754697202,0.5773689562094776,0.5745964246011435
atp:206499,atp:105676,2025-01-27,2025,2025,hard,Montpellier,R32,6-2 3-6 6-4,83,54,75,50,84,ATP-2025-0375-365,2025-0375,3,0.31584648503194673,0.37902485984889983,0.3739556454373659,0.3772413815309299
atp:208233,atp:106298,2025-01-27,2025,2025,hard,Montpellier,R32,6-4 6-4,70,48,69,42,84,ATP-2025-0375-366,2025-0375,3,0.5809488178786462,0.5512464565438394,0.5542307635209771,0.5557092664855803
atp:136440,atp:106296,2025-01-27,2025,2025,hard,Montpellier,R32,6-4 7-6(5),81,52,64,40,84,ATP-2025-0375-367,2025-0375,3,0.5882096741608546,0.5562195761710589,0.5591499232875609,0.5604490760699505
atp:126239,atp:208004,2025-01-27,2025,2025,hard,Montpellier,R32,7-6(2) 2-6 6-1,106,69,75,52,84,ATP-2025-0375-368,2025-0375,3,0.7406957599924792,0.6677387863129927,0.6681268598794383,0.6669796734554789
atp:105932,atp:105062,2025-01-27,2025,2025,hard,Montpellier,R32,6-3 3-6 5-0 RET,71,47,69,38,84,ATP-2025-0375-369,2025-0375,3,0.49126857988426126,0.49239962408921634,0.4941787244911931,0.5001381147642401
atp:111153,atp:208230,2025-01-27,2025,2025,hard,Montpellier,R32,7-5 6-4,62,44,61,37,84,ATP-2025-0375-370,2025-0375,3,0.3700334169554891,0.41203837463581594,0.4122393600747771,0.4069842748896476
atp:200000,atp:207411,2025-01-27,2025,2025,hard,Montpellier,SF,6-4 7-6(4),70,47,86,51,84,ATP-2025-0375-383,2025-0375,3,0.8323491797502157,0.738008584382279,0.7442631691361666,0.7405545803020696
atp:206499,atp:126094,2025-01-27,2025,2025,hard,Montpellier,SF,7-5 6-4,77,51,55,37,84,ATP-2025-0375-384,2025-0375,3,0.13198907011945862,0.22847546273748337,0.22172245709510646,0.2304253198443017
atp:207989,atp:200282,2025-02-03,2025,2025,hard,Rotterdam,F,6-4 3-6 6-2,76,50,78,49,84,ATP-2025-0407-385,2025-0407,3,0.7329647656010507,0.6571598316867018,0.6622069473844766,0.6547613699113826
atp:208233,atp:126774,2025-02-03,2025,2025,hard,Rotterdam,QF,6-4 6-2,57,41,58,34,84,ATP-2025-0407-379,2025-0407,3,0.31942444436184586,0.3780674251104316,0.3765356817455382,0.3721953359896844
atp:200282,atp:127157,2025-02-03,2025,2025,hard,Rotterdam,QF,6-1 6-4,54,38,60,31,84,ATP-2025-0407-380,2025-0407,3,0.9450069858016888,0.8423997394678264,0.8694370868018529,0.8452717535667716
atp:128034,atp:126094,2025-02-03,2025,2025,hard,Rotterdam,QF,6-7(5) 6-3 6-4,94,67,114,68,84,ATP-2025-0407-381,2025-0407,3,0.4133265866044767,0.444853711367542,0.44189203670233784,0.4398057582675868
atp:207989,atp:124079,2025-02-03,2025,2025,hard,Rotterdam,QF,6-2 6-1,36,29,57,26,84,ATP-2025-0407-382,2025-0407,3,0.9916362100123295,0.9301330271910899,0.9602135674642479,0.9302134288382208
atp:208233,atp:106421,2025-02-03,2025,2025,hard,Rotterdam,R16,6-3 6-7(6) 6-3,131,81,93,61,84,ATP-2025-0407-371,2025-0407,3,0.10903443558467907,0.21229872526868984,0.19774820061973097,0.212771198245725
atp:126774,atp:134868,2025-02-03,2025,2025,hard,Rotterdam,R16,6-7(5) 7-6(6) 7-5,116,83,131,86,84,ATP-2025-0407-372,2025-0407,3,0.5239221406148253,0.5125713846192833,0.5159548607275192,0.5196975402976495
atp:200282,atp:210150,2025-02-03,2025,2025,hard,Rotterdam,R16,6-4 6-4,52,42,76,44,84,ATP-2025-0407-373,2025-0407,3,0.7750559077836703,0.6869328974377613,0.6952378079279304,0.6898035578185027
atp:127157,atp:209950,2025-02-03,2025,2025,hard,Rotterdam,R16,6-4 3-6 7-5,86,55,116,69,84,ATP-2025-0407-374,2025-0407,3,0.1453232125035354,0.24597561296522513,0.23484092708334026,0.2459116278477199
atp:128034,atp:208103,2025-02-03,2025,2025,hard,Rotterdam,R16,7-5 2-0 RET,43,32,38,24,84,ATP-2025-0407-375,2025-0407,3,0.6189004174931304,0.5809027568088172,0.5801175052674173,0.5790367459469328
atp:126094,atp:206681,2025-02-03,2025,2025,hard,Rotterdam,R16,7-6(2) 7-6(7),78,54,79,51,84,ATP-2025-0407-376,2025-0407,3,0.7672657076427934,0.6798336472300022,0.688966171621934,0.6840720162562316
atp:124079,atp:208029,2025-02-03,2025,2025,hard,Rotterdam,R16,6-4 6-1,49,36,58,30,84,ATP-2025-0407-377,2025-0407,3,0.1086621585058738,0.21351630964658963,0.19734260859034686,0.21610697960034
atp:207989,atp:131934,2025-02-03,2025,2025,hard,Rotterdam,R16,6-2 6-1,36,29,59,27,84,ATP-2025-0407-378,2025-0407,3,0.9421320692944433,0.8542366174973894,0.8652955577666542,0.8511107701666065
atp:106421,atp:104527,2025-02-03,2025,2025,hard,Rotterdam,R32,6-7(8) 6-4 6-1,88,57,106,56,84,ATP-2025-0407-355,2025-0407,3,0.8819060018257917,0.7823780848311137,0.7925562149841874,0.7823754126068909
atp:208233,atp:212219,2025-02-03,2025,2025,hard,Rotterdam,R32,6-3 6-2,59,40,70,36,84,ATP-2025-0407-356,2025-0407,3,0.7430315236123426,0.6735450568931411,0.6699273965840267,0.673358589854657
atp:134868,atp:126610,2025-02-03,2025,2025,hard,Rotterdam,R32,6-3 6-7(2) 7-6(4),103,77,86,71,84,ATP-2025-0407-357,2025-0407,3,0.4387079482751658,0.4576054236340736,0.45902419755926005,0.4571135819553346
atp:126774,atp:208004,2025-02-03,2025,2025,hard,Rotterdam,R32,6-1 7-5,55,43,65,37,84,ATP-2025-0407-358,2025-0407,3,0.8365612276075202,0.7407249226228019,0.7481131357468741,0.7431809288778918
atp:200282,atp:105676,2025-02-03,2025,2025,hard,Rotterdam,R32,6-2 6-4,60,42,72,41,84,ATP-2025-0407-359,2025-0407,3,0.8532791548350652,0.7453304532185702,0.7638137566660305,0.749209182458166
atp:210150,atp:122330,2025-02-03,2025,2025,hard,Rotterdam,R32,6-4 6-4,50,39,58,37,84,ATP-2025-0407-360,2025-0407,3,0.7100271037104514,0.6424258191728943,0.6449720485307096,0.6405243394577698
atp:127157,atp:206499,2025-02-03,2025,2025,hard,Rotterdam,R32,1-6 6-4 6-3,72,49,75,48,84,ATP-2025-0407-361,2025-0407,3,0.45328452356093385,0.4680063142674977,0.46880581745816946,0.4725892836877626
atp:209950,atp:106005,2025-02-03,2025,2025,hard,Rotterdam,R32,6-7(4) 6-2 6-1,90,60,87,49,84,ATP-2025-0407-362,2025-0407,3,0.9295304454575894,0.82691047753502,0.8480857924421585,0.8262957515577924
atp:128034,atp:207925,2025-02-03,2025,2025,hard,Rotterdam,R32,6-3 6-2,48,37,55,31,84,ATP-2025-0407-363,2025-0407,3,0.7259471715853372,0.6554819776144568,0.6568837089474172,0.6567780274687329
atp:208103,atp:200615,2025-02-03,2025,2025,hard,Rotterdam,R32,7-5 6-2,66,45,54,33,84,ATP-2025-0407-364,2025-0407,3,0.44819742042504995,0.46354027261716335,0.4653959857485045,0.4682581513107274
atp:206681,atp:105526,2025-02-03,2025,2025,hard,Rotterdam,R32,6-3 4-6 7-6(3),102,72,93,66,84,ATP-2025-0407-365,2025-0407,3,0.4266280002187823,0.45071100956926297,0.4508884793042089,0.4541204401436689
atp:126094,atp:111190,2025-02-03,2025,2025,hard,Rotterdam,R32,6-3 6-4,61,44,70,43,84,ATP-2025-0407-366,2025-0407,3,0.7449373420223258,0.66738780436484,0.6714007441174217,0.6707966539545585
atp:208029,atp:132283,2025-02-03,2025,2025,hard,Rotterdam,R32,7-6(4) 6-4,72,50,98,56,84,ATP-2025-0407-367,2025-0407,3,0.6866978517789698,0.630272941757657,0.6278842537383038,0.6274460396169921
atp:124079,atp:105138,2025-02-03,2025,2025,hard,Rotterdam,R32,6-3 6-2,52,34,66,32,84,ATP-2025-0407-368,2025-0407,3,0.19475339098153385,0.28970199301899396,0.27963430025884883,0.291654930170995
atp:131934,atp:200000,2025-02-03,2025,2025,hard,Rotterdam,R32,6-7(3) 6-4 0-0 RET,70,49,64,45,84,ATP-2025-0407-369,2025-0407,3,0.33074202195636687,0.38265816386191853,0.38464292302088304,0.3827244700665211
atp:207989,atp:122298,2025-02-03,2025,2025,hard,Rotterdam,R32,7-6(3) 3-6 6-1,95,58,100,57,84,ATP-2025-0407-370,2025-0407,3,0.957111982838977,0.8581867512608068,0.8879747108082018,0.8575773895123446
atp:200282,atp:208233,2025-02-03,2025,2025,hard,Rotterdam,SF,6-1 6-2,44,32,45,22,84,ATP-2025-0407-383,2025-0407,3,0.8853317509334113,0.7833890979262723,0.7961840251714916,0.7839303877230259
atp:207989,atp:128034,2025-02-03,2025,2025,hard,Rotterdam,SF,6-4 6-7(5) 6-3,96,67,99,64,84,ATP-2025-0407-384,2025-0407,3,0.8357161092088337,0.7358470689468032,0.7473374463786491,0.7376960675294238
atp:133430,atp:134770,2025-02-03,2025,2025,hard,Dallas,F,7-6(5) 6-3,73,51,73,47,84,ATP-2025-0424-385,2025-0424,3,0.5785104192345154,0.5500882886529611,0.5525817795614869,0.5574178136513019
atp:134770,atp:106415,2025-02-03,2025,2025,hard,Dallas,QF,7-5 3-2 RET,49,35,60,35,84,ATP-2025-0424-379,2025-0424,3,0.6702025066081376,0.6158916103379413,0.6160306697168837,0.614272142057466
atp:144719,atp:208286,2025-02-03,2025,2025,hard,Dallas,QF,6-4 3-6 6-3,89,63,90,61,84,ATP-2025-0424-380,2025-0424,3,0.37847199687304545,0.42083502193362377,0.4180721154419528,0.4219920746796322
atp:126205,atp:124187,2025-02-03,2025,2025,hard,Dallas,QF,7-6(3) 6-2,65,49,78,48,84,ATP-2025-0424-381,2025-0424,3,0.844640896794936,0.7499829445830035,0.7556139690714917,0.7512951820256211
atp:133430,atp:207830,2025-02-03,2025,2025,hard,Dallas,QF,7-6(5) 6-0,54,38,56,30,84,ATP-2025-0424-382,2025-0424,3,0.5367290251589117,0.5253526114503744,0.5245105409538102,0.5279188203870673
atp:134770,atp:111581,2025-02-03,2025,2025,hard,Dallas,R16,6-1 6-4,49,35,43,22,84,ATP-2025-0424-371,2025-0424,3,0.6372382329033726,0.5905904316790284,0.5928109967471524,0.6004634733821868
atp:106415,atp:126207,2025-02-03,2025,2025,hard,Dallas,R16,3-6 6-4 6-3,92,61,83,54,84,ATP-2025-0424-372,2025-0424,3,0.29368469844532763,0.3575075918226028,0.3577744815717854,0.356389125227497
atp:144719,atp:210097,2025-02-03,2025,2025,hard,Dallas,R16,6-2 7-6(3),63,47,61,39,84,ATP-2025-0424-373,2025-0424,3,0.23513544983677928,0.3173693727670317,0.3129512077188687,0.3196734397039158
atp:208286,atp:200221,2025-02-03,2025,2025,hard,Dallas,R16,6-1 6-3,50,35,49,25,84,ATP-2025-0424-374,2025-0424,3,0.4667754168371549,0.47719301815309073,0.47783213257664237,0.4796580203553087
atp:124187,atp:111815,2025-02-03,2025,2025,hard,Dallas,R16,4-6 7-6(5) 6-4,103,72,100,71,84,ATP-2025-0424-375,2025-0424,3,0.29460824572681293,0.3543074795921217,0.3584561445691251,0.3527676983182357
atp:126205,atp:210319,2025-02-03,2025,2025,hard,Dallas,R16,6-4 5-7 6-4,89,61,94,62,84,ATP-2025-0424-376,2025-0424,3,0.9843016029285916,0.9202100019525472,0.94041491196459,0.9168435607076384
atp:207830,atp:208014,2025-02-03,2025,2025,hard,Dallas,R16,6-4 7-6(0),60,42,70,41,84,ATP-2025-0424-377,2025-0424,3,0.8610197214701302,0.7586300926545035,0.7713336211174622,0.7549307605094364
atp:133430,atp:126203,2025-02-03,2025,2025,hard,Dallas,R16,2-6 6-3 7-6(2),102,68,82,57,84,ATP-2025-0424-378,2025-0424,3,0.3045180944754475,0.3654265785163322,0.3657291613442922,0.366469713784849
atp:134770,atp:105902,2025-02-03,2025,2025,hard,Dallas,R32,7-5 4-6 6-2,91,65,92,59,84,ATP-2025-0424-355,2025-0424,3,0.8121453286928436,0.721864547166074,0.7263152211680738,0.7190612108498966
atp:111581,atp:106148,2025-02-03,2025,2025,hard,Dallas,R32,6-1 3-6 6-4,89,47,85,41,84,ATP-2025-0424-356,2025-0424,3,0.5104871053275638,0.5084782185166962,0.5069919732206498,0.5046897037047363
atp:106415,atp:206909,2025-02-03,2025,2025,hard,Dallas,R32,6-4 7-6(6),65,50,69,49,84,ATP-2025-0424-357,2025-0424,3,0.33583436656569704,0.38492969472624183,0.3882654979092246,0.3915389806937577
atp:126207,atp:106121,2025-02-03,2025,2025,hard,Dallas,R32,6-1 3-6 6-4,77,51,75,45,84,ATP-2025-0424-358,2025-0424,3,0.868704312789847,0.7649746769930316,0.7789745602141869,0.7648021660127922
atp:210097,atp:126846,2025-02-03,2025,2025,hard,Dallas,R32,6-3 6-3,49,37,50,30,84,ATP-2025-0424-359,2025-0424,3,0.7477233773727974,0.6807734982683333,0.6735615431984211,0.6741950175512976
atp:144719,atp:207352,2025-02-03,2025,2025,hard,Dallas,R32,7-5 6-2,58,39,69,38,84,ATP-2025-0424-360,2025-0424,3,0.28497638946310555,0.35364168878098823,0.35131298524516147,0.3575066710260975
atp:200221,atp:200587,2025-02-03,2025,2025,hard,Dallas,R32,6-1 7-5,61,44,58,32,84,ATP-2025-0424-361,2025-0424,3,0.8911404086691824,0.7924270856284575,0.8024422169119864,0.7917749006893104
atp:208286,atp:111153,2025-02-03,2025,2025,hard,Dallas,R32,6-3 6-4,62,44,55,36,84,ATP-2025-0424-362,2025-0424,3,0.7057358897223819,0.6418975451053166,0.6417977802591037,0.6400881711225582
atp:111815,atp:210506,2025-02-03,2025,2025,hard,Dallas,R32,2-6 7-6(1) 6-1,107,65,77,52,84,ATP-2025-0424-363,2025-0424,3,0.5878348101749121,0.5631728216269739,0.5588956149416722,0.5565741899175256
atp:124187,atp:207686,2025-02-03,2025,2025,hard,Dallas,R32,7-6(3) 6-4,63,49,61,43,84,ATP-2025-0424-364,2025-0424,3,0.5214891882778376,0.5157186557806643,0.5143310297835857,0.513242213312944
atp:210319,atp:212216,2025-02-03,2025,2025,hard,Dallas,R32,6-4 6-2,55,40,74,40,84,ATP-2025-0424-365,2025-0424,3,0.36155776837992276,0.3998664642937148,0.4063505192625618,0.4061410966504946
atp:126205,atp:202385,2025-02-03,2025,2025,hard,Dallas,R32,6-7(6) 6-3 6-4,98,63,108,61,84,ATP-2025-0424-366,2025-0424,3,0.760234673173626,0.6842217003341429,0.6833718341109852,0.6824136416906372
atp:207830,atp:105453,2025-02-03,2025,2025,hard,Dallas,R32,6-2 6-2,48,35,48,26,84,ATP-2025-0424-367,2025-0424,3,0.7168480595554434,0.647545177168628,0.6500487514667574,0.6431514432167399
atp:208014,atp:105173,2025-02-03,2025,2025,hard,Dallas,R32,7-5 6-3,61,45,61,39,84,ATP-2025-0424-368,2025-0424,3,0.41029926064424777,0.4409903382867256,0.4398381537635702,0.440479426594313
atp:133430,atp:200175,2025-02-03,2025,2025,hard,Dallas,R32,6-3 6-7(5) 6-3,98,71,93,61,84,ATP-2025-0424-369,2025-0424,3,0.6964801881583321,0.6347674056446222,0.6350001535476727,0.6390162043902925
atp:126203,atp:126239,2025-02-03,2025,2025,hard,Dallas,R32,6-4 6-2,43,36,58,33,84,ATP-2025-0424-370,2025-0424,3,0.8452180546718796,0.7550624908696597,0.7561558504673754,0.7551017677034334
atp:134770,atp:144719,2025-02-03,2025,2025,hard,Dallas,SF,6-2 2-6 7-6(4),90,54,91,56,84,ATP-2025-0424-383,2025-0424,3,0.7344222963489078,0.6592618042623392,0.6633184852206169,0.6596496074561612
atp:133430,atp:126205,2025-02-03,2025,2025,hard,Dallas,SF,7-5 6-3,78,52,57,36,84,ATP-2025-0424-384,2025-0424,3,0.3787227979261797,0.41955669954288843,0.4182450305962792,0.4239538092263882
atp:200005,atp:209098,2025-02-10,2025,2025,hard,Marseille,F,7-6(4) 6-4,66,49,72,46,84,ATP-2025-0496-385,2025-0496,3,0.5857938381032229,0.5575139468209127,0.5575116820296666,0.5605679546127497
atp:200005,atp:132283,2025-02-10,2025,2025,hard,Marseille,QF,6-4 6-4,63,46,64,41,84,ATP-2025-0496-379,2025-0496,3,0.749352018201793,0.6735316697661391,0.6748285865983223,0.6754728176258884
atp:200267,atp:111190,2025-02-10,2025,2025,hard,Marseille,QF,7-5 0-0 RET,28,22,37,21,84,ATP-2025-0496-380,2025-0496,3,0.41429511026297206,0.44060803727979236,0.44254860634716264,0.4426467407569981
atp:209098,atp:127157,2025-02-10,2025,2025,hard,Marseille,QF,7-5 6-7(7) 6-4,102,73,111,71,84,ATP-2025-0496-381,2025-0496,3,0.820676007692901,0.7305851811427582,0.7337936591231239,0.7308297220674507
atp:106421,atp:105526,2025-02-10,2025,2025,hard,Marseille,QF,6-3 6-2,54,37,65,34,84,ATP-2025-0496-382,2025-0496,3,0.7850625549127799,0.6976121441027128,0.7034145250877413,0.6985923229813137
atp:200005,atp:122330,2025-02-10,2025,2025,hard,Marseille,R16,7-6(7) 6-4,67,48,71,46,84,ATP-2025-0496-371,2025-0496,3,0.8292272776884068,0.7324805903242155,0.7414350174318373,0.7316558504601944
atp:111190,atp:128034,2025-02-10,2025,2025,hard,Marseille,R16,6-4 6-7(1) 6-3,95,69,95,65,84,ATP-2025-0496-373,2025-0496,3,0.3465917727601588,0.3977542324282942,0.39587013513114994,0.390368208271727
atp:200267,atp:132686,2025-02-10,2025,2025,hard,Marseille,R16,6-2 6-7(5) 6-2,87,65,94,59,84,ATP-2025-0496-374,2025-0496,3,0.4515954816956803,0.4700302706006628,0.46767409258500325,0.4667147611707225
atp:127157,atp:202261,2025-02-10,2025,2025,hard,Marseille,R16,6-4 6-3,73,46,62,34,84,ATP-2025-0496-375,2025-0496,3,0.3462748419149838,0.392377579639213,0.39564698120337916,0.3898641566065535
atp:209098,atp:111575,2025-02-10,2025,2025,hard,Marseille,R16,6-2 6-3,55,37,48,24,84,ATP-2025-0496-376,2025-0496,3,0.43191728766085385,0.45448473476725937,0.45445444993600487,0.4547940779964869
atp:105526,atp:126409,2025-02-10,2025,2025,hard,Marseille,R16,6-4 5-7 6-4,96,60,115,65,84,ATP-2025-0496-377,2025-0496,3,0.8341419683895744,0.7380810543809331,0.7458969603344544,0.7371196561836324
atp:106421,atp:105732,2025-02-10,2025,2025,hard,Marseille,R16,6-2 6-4,49,39,52,28,84,ATP-2025-0496-378,2025-0496,3,0.8917654238201841,0.7913053545710624,0.8031239679330364,0.7902079434600718
atp:122330,atp:104755,2025-02-10,2025,2025,hard,Marseille,R32,6-4 6-4,55,41,62,37,84,ATP-2025-0496-359,2025-0496,3,0.4933059863120826,0.4950356602295842,0.4955371760696619,0.4957135867919978
atp:209414,atp:126127,2025-02-10,2025,2025,hard,Marseille,R32,3-6 6-3 7-6(7),100,65,86,57,84,ATP-2025-0496-360,2025-0496,3,0.274069663658822,0.344770565732371,0.3431290059899216,0.3447649283222713
atp:132283,atp:122298,2025-02-10,2025,2025,hard,Marseille,R32,6-1 3-6 6-3,79,53,72,46,84,ATP-2025-0496-361,2025-0496,3,0.5060439145315134,0.5024116429538861,0.5040293853870279,0.5053870232239137
atp:111190,atp:111460,2025-02-10,2025,2025,hard,Marseille,R32,6-3 6-7(2) 7-6(3),102,76,110,74,84,ATP-2025-0496-362,2025-0496,3,0.5987014492186012,0.5689418140203473,0.5662837915449592,0.5651164248295757
atp:200267,atp:206889,2025-02-10,2025,2025,hard,Marseille,R32,6-4 6-4,58,41,55,33,84,ATP-2025-0496-363,2025-0496,3,0.5258981545635875,0.5224089491157882,0.5172740240159304,0.5195806533913006
atp:132686,atp:104527,2025-02-10,2025,2025,hard,Marseille,R32,6-7(4) 7-6(1) 6-3,99,72,116,72,84,ATP-2025-0496-364,2025-0496,3,0.5643957914901457,0.5419934404505962,0.5430633303120261,0.5443764514463885
atp:202261,atp:200624,2025-02-10,2025,2025,hard,Marseille,R32,6-7(3) 7-6(4) 6-4,120,78,105,70,84,ATP-2025-0496-365,2025-0496,3,0.23057349085511092,0.3106941302307291,0.30930214268218725,0.3124078360611916
atp:127157,atp:208134,2025-02-10,2025,2025,hard,Marseille,R32,6-2 6-2,53,37,67,33,84,ATP-2025-0496-366,2025-0496,3,0.5990094191305022,0.5640301901877718,0.5664936900248234,0.5661701488717938
atp:209098,atp:209920,2025-02-10,2025,2025,hard,Marseille,R32,6-3 6-4,59,45,76,44,84,ATP-2025-0496-367,2025-0496,3,0.9859621263603241,0.9486264705649652,0.9445157240454005,0.9509417903663406
atp:126409,atp:210338,2025-02-10,2025,2025,hard,Marseille,R32,7-5 6-4,62,48,71,45,84,ATP-2025-0496-368,2025-0496,3,0.559354700485148,0.5417310579020187,0.5396736815633169,0.5416367950244809
atp:105526,atp:131905,2025-02-10,2025,2025,hard,Marseille,R32,7-5 7-6(4),86,54,97,54,84,ATP-2025-0496-369,2025-0496,3,0.8419232192569095,0.7521334131072464,0.753073473450588,0.7514699405885372
atp:105732,atp:208004,2025-02-10,2025,2025,hard,Marseille,R32,2-6 7-5 6-3,119,70,99,59,84,ATP-2025-0496-370,2025-0496,3,0.6816533475855229,0.6245465395236128,0.6242406172961211,0.6231625761072341
atp:200005,atp:200267,2025-02-10,2025,2025,hard,Marseille,SF,6-4 6-4,60,45,58,37,84,ATP-2025-0496-383,2025-0496,3,0.7935267800285096,0.7042855139080602,0.7104446106770359,0.7050399299785839
atp:209098,atp:106421,2025-02-10,2025,2025,hard,Marseille,SF,6-3 6-2,60,37,46,21,84,ATP-2025-0496-384,2025-0496,3,0.2979318580966673,0.36274377463881274,0.3609037467387671,0.3602098544009471
atp:200175,atp:200221,2025-02-10,2025,2025,hard,Delray Beach,F,3-6 6-1 7-5,88,57,85,49,84,ATP-2025-0499-385,2025-0499,3,0.46410556689489135,0.4777195518331643,0.4760474901859514,0.474918740738671
atp:200175,atp:106218,2025-02-10,2025,2025,hard,Delray Beach,QF,2-6 6-4 6-2,68,49,77,51,84,ATP-2025-0499-379,2025-0499,3,0.4408551953841138,0.4597776129499147,0.4604673515486428,0.4595070417185135
atp:210506,atp:111815,2025-02-10,2025,2025,hard,Delray Beach,QF,7-6(3) 7-5,69,52,69,48,84,ATP-2025-0499-380,2025-0499,3,0.4061338496685683,0.4346964640469787,0.4370079510810503,0.4377143045952889
atp:208286,atp:206909,2025-02-10,2025,2025,hard,Delray Beach,QF,7-6(2) 6-4,60,48,68,44,84,ATP-2025-0499-381,2025-0499,3,0.36886962146639024,0.41496578418452257,0.41143262233207345,0.4120040425025253
atp:200221,atp:126203,2025-02-10,2025,2025,hard,Delray Beach,QF,7-6(4) 7-6(5),91,56,77,48,84,ATP-2025-0499-382,2025-0499,3,0.1465864195016059,0.24630205930832508,0.23605708191571356,0.2459894446407887
atp:106218,atp:210319,2025-02-10,2025,2025,hard,Delray Beach,R16,6-3 6-4,44,36,66,40,84,ATP-2025-0499-371,2025-0499,3,0.935067317292933,0.8382843452500673,0.8554717763552219,0.8392769739402732
atp:210506,atp:111581,2025-02-10,2025,2025,hard,Delray Beach,R16,6-7(8) 3-0 RET,61,39,69,39,84,ATP-2025-0499-373,2025-0499,3,0.5712270322683893,0.5462635008763368,0.5476646818540609,0.547928803412642
atp:111815,atp:126239,2025-02-10,2025,2025,hard,Delray Beach,R16,7-6(9) 6-2,62,44,95,53,84,ATP-2025-0499-374,2025-0499,3,0.6614042930298284,0.6100887806314843,0.6097763784027845,0.6102609993822921
atp:206909,atp:124187,2025-02-10,2025,2025,hard,Delray Beach,R16,3-6 7-5 6-2,66,54,105,63,84,ATP-2025-0499-375,2025-0499,3,0.7076583137434442,0.6498163402711729,0.6432179947366349,0.6471941062194995
atp:208286,atp:210530,2025-02-10,2025,2025,hard,Delray Beach,R16,7-6(4) 4-6 7-6(1),119,77,109,70,84,ATP-2025-0499-376,2025-0499,3,0.647823224185063,0.5998499703470326,0.600205892919945,0.598720101803105
atp:200221,atp:111456,2025-02-10,2025,2025,hard,Delray Beach,R16,6-2 5-7 6-0,102,58,89,44,84,ATP-2025-0499-377,2025-0499,3,0.5471939091795632,0.5337892035980208,0.531514710179946,0.529290257235641
atp:126203,atp:207352,2025-02-10,2025,2025,hard,Delray Beach,R16,7-6(4) 6-2,61,49,72,46,84,ATP-2025-0499-378,2025-0499,3,0.7815323737503967,0.697159229292043,0.7005138202885318,0.698472994197725
atp:210319,atp:207729,2025-02-10,2025,2025,hard,Delray Beach,R32,6-2 6-7(5) 7-6(2),128,84,120,73,84,ATP-2025-0499-359,2025-0499,3,0.35521896417080706,0.3980092379596788,0.4019249375224556,0.402690122961012
atp:106415,atp:126846,2025-02-10,2025,2025,hard,Delray Beach,R32,6-3 6-4,63,45,49,33,84,ATP-2025-0499-360,2025-0499,3,0.578274899069644,0.5503062014420542,0.5524225840472915,0.5479135773623243
atp:200175,atp:127339,2025-02-10,2025,2025,hard,Delray Beach,R32,6-4 6-4,51,37,58,36,84,ATP-2025-0499-361,2025-0499,3,0.49649589537794564,0.4965390676157351,0.49766390900410495,0.4925189820321861
atp:111581,atp:207686,2025-02-10,2025,2025,hard,Delray Beach,R32,7-5 7-6(5),80,50,79,46,84,ATP-2025-0499-362,2025-0499,3,0.634879710846383,0.5922796479163255,0.591170384609801,0.5847197758759513
atp:111815,atp:208260,2025-02-10,2025,2025,hard,Delray Beach,R32,7-5 6-4,59,38,65,37,84,ATP-2025-0499-363,2025-0499,3,0.8496533480641353,0.7479728443097606,0.7603482759478503,0.7484927568319959
atp:126239,atp:122078,2025-02-10,2025,2025,hard,Delray Beach,R32,6-2 6-4,54,39,64,36,84,ATP-2025-0499-364,2025-0499,3,0.7164989833221722,0.6599736295921206,0.6497879868502001,0.6551387029985811
atp:206909,atp:208389,2025-02-10,2025,2025,hard,Delray Beach,R32,7-6(2) 6-1,57,46,79,46,84,ATP-2025-0499-365,2025-0499,3,0.8716450383055044,0.7821606332815285,0.7819480792501847,0.7840511835982793
atp:124187,atp:111153,2025-02-10,2025,2025,hard,Delray Beach,R32,6-3 7-6(7),67,51,59,42,84,ATP-2025-0499-366,2025-0499,3,0.5887693329044266,0.5597645871113528,0.5595296682112998,0.559877454826073
atp:210530,atp:200443,2025-02-10,2025,2025,hard,Delray Beach,R32,6-4 6-3,65,39,56,31,84,ATP-2025-0499-367,2025-0499,3,0.6006712903737421,0.5680042445155253,0.5676268574680511,0.5698031772921437
atp:200221,atp:106121,2025-02-10,2025,2025,hard,Delray Beach,R32,6-2 7-6(2),66,44,58,32,84,ATP-2025-0499-368,2025-0499,3,0.8088332232494884,0.7180723943528491,0.7234482423417513,0.714914403712849
atp:111456,atp:105453,2025-02-10,2025,2025,hard,Delray Beach,R32,7-6(4) 4-6 7-5,111,69,102,60,84,ATP-2025-0499-369,2025-0499,3,0.5442049926673572,0.5307079281310543,0.5295127933732555,0.5260659997155899
atp:207352,atp:208014,2025-02-10,2025,2025,hard,Delray Beach,R32,6-2 6-0,36,28,48,20,84,ATP-2025-0499-370,2025-0499,3,0.8235389419116064,0.7279275423625777,0.7363352444230332,0.7208561952403698
atp:200175,atp:210506,2025-02-10,2025,2025,hard,Delray Beach,SF,7-6(3) 6-3,75,48,62,37,84,ATP-2025-0499-383,2025-0499,3,0.4465609096504462,0.4699847575411218,0.4642982120018169,0.466185327763393
atp:200221,atp:208286,2025-02-10,2025,2025,hard,Delray Beach,SF,6-4 6-4,66,40,63,35,84,ATP-2025-0499-384,2025-0499,3,0.5351659311711444,0.5249372530436132,0.5234654744948738,0.5230318384499975
atp:211663,atp:202103,2025-02-10,2025,2025,clay,Buenos Aires,F,6-4 7-6(1),75,47,68,39,84,ATP-2025-0506-385,2025-0506,3,0.39600470449438674,0.433202230184331,0.4301039925504141,0.4301111792427013
atp:211663,atp:208363,2025-02-10,2025,2025,clay,Buenos Aires,QF,3-6 6-4 7-5,110,62,102,59,84,ATP-2025-0506-379,2025-0506,3,0.5401163909210737,0.5233233770290446,0.5267762292121851,0.5219644989717934
atp:111513,atp:205734,2025-02-10,2025,2025,clay,Buenos Aires,QF,7-6(3) 6-3,63,50,68,44,84,ATP-2025-0506-380,2025-0506,3,0.7342906643803394,0.6567852467461661,0.663218015026809,0.6581241247731848
atp:202103,atp:100644,2025-02-10,2025,2025,clay,Buenos Aires,QF,3-6 6-3 6-2,87,55,82,48,84,ATP-2025-0506-382,2025-0506,3,0.14632883712520392,0.2501403111472831,0.23580944901803844,0.2457812118976579
atp:208363,atp:208029,2025-02-10,2025,2025,clay,Buenos Aires,R16,6-1 7-6(2),65,47,67,38,84,ATP-2025-0506-371,2025-0506,3,0.3415220434978935,0.3937240977330786,0.39229410509008045,0.3963449845803443
atp:211663,atp:105948,2025-02-10,2025,2025,clay,Buenos Aires,R16,2-6 6-4 6-2,80,48,87,51,84,ATP-2025-0506-372,2025-0506,3,0.7172992455542632,0.6475266444432897,0.6503859487437763,0.6496887403215661
atp:111513,atp:126214,2025-02-10,2025,2025,clay,Buenos Aires,R16,2-6 6-1 7-6(2),78,54,104,61,84,ATP-2025-0506-373,2025-0506,3,0.4946050018228405,0.49473918080156365,0.496403257000627,0.4949404516051082
atp:205734,atp:202104,2025-02-10,2025,2025,clay,Buenos Aires,R16,6-3 6-4,63,43,52,30,84,ATP-2025-0506-374,2025-0506,3,0.2879868990489265,0.35621499361967224,0.3535538221228598,0.3582098170125443
atp:124079,atp:106043,2025-02-10,2025,2025,clay,Buenos Aires,R16,6-2 6-2,49,32,42,17,84,ATP-2025-0506-375,2025-0506,3,0.7077797711367462,0.6410580271612935,0.6433078219805123,0.6418807738834693
atp:207518,atp:144895,2025-02-10,2025,2025,clay,Buenos Aires,R16,6-2 6-3,57,41,46,25,84,ATP-2025-0506-376,2025-0506,3,0.8632410741257253,0.75852014035856,0.7735237323522779,0.7588797048055562
atp:202103,atp:207678,2025-02-10,2025,2025,clay,Buenos Aires,R16,6-2 6-3,54,40,55,28,84,ATP-2025-0506-377,2025-0506,3,0.866775637969234,0.764529106747815,0.7770395790239552,0.768982913530134
atp:100644,atp:105583,2025-02-10,2025,2025,clay,Buenos Aires,R16,6-4 6-4,63,43,81,46,84,ATP-2025-0506-378,2025-0506,3,0.8988606199419529,0.7896957966966401,0.8109843506145363,0.7950240535656085
atp:208363,atp:207681,2025-02-10,2025,2025,clay,Buenos Aires,R32,6-4 6-4,61,40,57,32,84,ATP-2025-0506-359,2025-0506,3,0.699878765854184,0.6415628189966678,0.6374885865806761,0.6366623487695318
atp:105948,atp:200384,2025-02-10,2025,2025,clay,Buenos Aires,R32,6-3 6-2,42,29,61,27,84,ATP-2025-0506-360,2025-0506,3,0.43199040349033757,0.45351427406741474,0.4545037020062551,0.4527520412723021
atp:211663,atp:144869,2025-02-10,2025,2025,clay,Buenos Aires,R32,6-3 6-3,52,34,61,33,84,ATP-2025-0506-361,2025-0506,3,0.3557253522928077,0.40250411648817985,0.40227918630545617,0.4002166070125513
atp:111513,atp:124186,2025-02-10,2025,2025,clay,Buenos Aires,R32,6-3 6-3,46,37,53,31,84,ATP-2025-0506-362,2025-0506,3,0.7564905372788817,0.6738052320205821,0.6804171427578092,0.676539017516643
atp:205734,atp:207680,2025-02-10,2025,2025,clay,Buenos Aires,R32,3-6 6-2 6-3,77,51,80,48,84,ATP-2025-0506-363,2025-0506,3,0.39125367220020846,0.4271037967348311,0.42685435219299395,0.426673076007628
atp:202104,atp:200116,2025-02-10,2025,2025,clay,Buenos Aires,R32,6-4 6-4,77,47,64,37,84,ATP-2025-0506-364,2025-0506,3,0.8925703835887621,0.78529953418071,0.8040044705886513,0.7848540601161951
atp:106043,atp:111797,2025-02-10,2025,2025,clay,Buenos Aires,R32,7-6(10) 4-6 6-3,114,76,98,69,84,ATP-2025-0506-365,2025-0506,3,0.1770815465178992,0.2726573432925169,0.26421699800423126,0.2704821851123553
atp:124079,atp:106000,2025-02-10,2025,2025,clay,Buenos Aires,R32,0-6 6-2 7-6(3),112,59,104,55,84,ATP-2025-0506-366,2025-0506,3,0.6666968939939432,0.6139557097372829,0.6135332927666244,0.6104468496814296
atp:144895,atp:111576,2025-02-10,2025,2025,clay,Buenos Aires,R32,7-5 6-2,69,42,80,41,84,ATP-2025-0506-367,2025-0506,3,0.73341446341536,0.6579034477589464,0.662549673324092,0.6575997688429266
atp:202103,atp:209260,2025-02-10,2025,2025,clay,Buenos Aires,R32,6-4 6-4,69,45,71,42,84,ATP-2025-0506-368,2025-0506,3,0.6536882230515498,0.604338771275546,0.6043270097945804,0.606863602097875
atp:207678,atp:208882,2025-02-10,2025,2025,clay,Buenos Aires,R32,7-6(4) 5-7 7-5,113,71,124,74,84,ATP-2025-0506-369,2025-0506,3,0.6212832918141733,0.5845964826480082,0.5817591676923481,0.5805979914475985
atp:105583,atp:106148,2025-02-10,2025,2025,clay,Buenos Aires,R32,7-6(8) 7-5,81,49,86,44,84,ATP-2025-0506-370,2025-0506,3,0.4889244543608488,0.4889999140891824,0.49261563184877444,0.4931923493798988
atp:211663,atp:111513,2025-02-10,2025,2025,clay,Buenos Aires,SF,7-6(3) 5-7 6-1,93,66,107,67,84,ATP-2025-0506-383,2025-0506,3,0.4021488798555215,0.4306289104800952,0.43429560262803535,0.4302023928313193
atp:202103,atp:124079,2025-02-10,2025,2025,clay,Buenos Aires,SF,6-2 6-4,65,44,60,35,84,ATP-2025-0506-384,2025-0506,3,0.7636145520736555,0.6809986095735991,0.6860534837064178,0.678895784936039
atp:126094,atp:207733,2025-02-17,2025,2025,hard,Doha,F,7-5 5-7 6-1,85,64,90,58,84,ATP-2025-0451-385,2025-0451,3,0.4063988014570373,0.4360190528493609,0.4371881220088883,0.4402115325864083
atp:126094,atp:200282,2025-02-17,2025,2025,hard,Doha,QF,6-1 3-6 7-6(8),93,60,114,66,84,ATP-2025-0451-379,2025-0451,3,0.41433112175267445,0.4443794760426479,0.4425730140045923,0.446727438628701
atp:200000,atp:106421,2025-02-17,2025,2025,hard,Doha,QF,6-3 0-0 RET,18,16,27,15,84,ATP-2025-0451-380,2025-0451,3,0.23348529419677444,0.3158729492039716,0.3116342985896971,0.317394104444597
atp:207733,atp:126610,2025-02-17,2025,2025,hard,Doha,QF,4-6 6-4 6-3,82,60,111,70,84,ATP-2025-0451-381,2025-0451,3,0.7143159513563246,0.6481710974358675,0.6481595924394122,0.6450766981125958
atp:208103,atp:207989,2025-02-17,2025,2025,hard,Doha,QF,6-3 3-6 6-4,96,57,76,49,84,ATP-2025-0451-382,2025-0451,3,0.08798724763543313,0.19216268088210472,0.17379381705423533,0.1948371245541548
atp:200282,atp:122298,2025-02-17,2025,2025,hard,Doha,R16,6-4 6-4,70,49,75,43,84,ATP-2025-0451-371,2025-0451,3,0.8739369397907923,0.7681097576585942,0.7842854949288361,0.7639180643699105
atp:126094,atp:132686,2025-02-17,2025,2025,hard,Doha,R16,6-3 6-4,49,41,52,33,84,ATP-2025-0451-372,2025-0451,3,0.7882400462784935,0.6986210911892925,0.7060409750810468,0.7010609859869184
atp:106421,atp:200267,2025-02-17,2025,2025,hard,Doha,R16,6-2 6-1,36,28,44,20,84,ATP-2025-0451-373,2025-0451,3,0.890282486725945,0.7820805170889413,0.8015091218470592,0.7820941460736556
atp:207733,atp:106331,2025-02-17,2025,2025,hard,Doha,R16,6-2 6-1,33,28,55,25,84,ATP-2025-0451-375,2025-0451,3,0.8679569707021146,0.7676525775085183,0.7782233655538587,0.7655506521597999
atp:126610,atp:134868,2025-02-17,2025,2025,hard,Doha,R16,7-6(4) 6-7(6) 6-4,96,80,109,81,84,ATP-2025-0451-376,2025-0451,3,0.5626610437606486,0.5413396765950024,0.541896339649853,0.5458943760842163
atp:208103,atp:206681,2025-02-17,2025,2025,hard,Doha,R16,6-4 6-2,46,36,58,33,84,ATP-2025-0451-377,2025-0451,3,0.5575726886586019,0.5408400519887455,0.5384765615928129,0.5394183469523448
atp:207989,atp:208134,2025-02-17,2025,2025,hard,Doha,R16,6-1 4-6 6-3,73,51,85,49,84,ATP-2025-0451-378,2025-0451,3,0.9932870911593331,0.9411812324884246,0.9654879443952178,0.9392683881371064
atp:200282,atp:126128,2025-02-17,2025,2025,hard,Doha,R32,6-1 7-5,68,44,63,35,84,ATP-2025-0451-355,2025-0451,3,0.7971101885973617,0.705375356733835,0.7134542139027481,0.7099516996277113
atp:122298,atp:209406,2025-02-17,2025,2025,hard,Doha,R32,7-5 6-3,60,41,64,34,84,ATP-2025-0451-356,2025-0451,3,0.7782805882545786,0.6961131351404111,0.6978575268252648,0.6974712713242295
atp:132686,atp:202261,2025-02-17,2025,2025,hard,Doha,R32,7-6(6) 6-3,69,45,71,43,84,ATP-2025-0451-357,2025-0451,3,0.5463107620305095,0.5317302970970369,0.5309230678074667,0.5250566279708839
atp:126094,atp:122330,2025-02-17,2025,2025,hard,Doha,R32,6-3 6-4,62,42,55,32,84,ATP-2025-0451-358,2025-0451,3,0.8561290928405912,0.753651973945471,0.7665627345407519,0.7574906290837427
atp:106421,atp:111575,2025-02-17,2025,2025,hard,Doha,R32,4-6 7-5 6-3,103,71,92,60,84,ATP-2025-0451-359,2025-0451,3,0.650906023915992,0.5991942386897628,0.6023698710082851,0.599536114159551
atp:200267,atp:105138,2025-02-17,2025,2025,hard,Doha,R32,6-4 7-6(4),61,42,77,46,84,ATP-2025-0451-360,2025-0451,3,0.4033534568561735,0.43660196492488257,0.4351159944085837,0.4345506447987178
atp:200000,atp:111460,2025-02-17,2025,2025,hard,Doha,R32,4-6 6-4 7-6(2),94,68,128,79,84,ATP-2025-0451-361,2025-0451,3,0.6883847827690757,0.6275765842438603,0.6291065639757102,0.6324201055374986
atp:209098,atp:126774,2025-02-17,2025,2025,hard,Doha,R32,7-6(6) 5-7 7-6(5),112,79,106,80,84,ATP-2025-0451-362,2025-0451,3,0.5572887102376155,0.5391112455673888,0.5382858420076423,0.5381446143673201
atp:207733,atp:200615,2025-02-17,2025,2025,hard,Doha,R32,6-2 7-6(4),63,46,60,40,84,ATP-2025-0451-363,2025-0451,3,0.7440056695243861,0.6665557795287478,0.6706800083221378,0.6660559665631227
atp:106331,atp:200273,2025-02-17,2025,2025,hard,Doha,R32,7-6(7) 7-6(3),86,61,90,60,84,ATP-2025-0451-364,2025-0451,3,0.7787481735042335,0.7019618194344481,0.6982385756371776,0.6960017433554372
atp:134868,atp:105526,2025-02-17,2025,2025,hard,Doha,R32,7-6(5) 7-6(7),92,64,98,64,84,ATP-2025-0451-365,2025-0451,3,0.5000063011218219,0.49917922623988564,0.5000042007478813,0.5033399829922411
atp:126610,atp:104925,2025-02-17,2025,2025,hard,Doha,R32,7-6(4) 6-2,63,48,65,44,84,ATP-2025-0451-366,2025-0451,3,0.14587617215038265,0.24475682272456573,0.235373829093706,0.2444055863251559
atp:208103,atp:105777,2025-02-17,2025,2025,hard,Doha,R32,6-4 6-4,54,41,55,35,84,ATP-2025-0451-367,2025-0451,3,0.25926104264448063,0.33272786645498365,0.3318398925359345,0.331548400463432
atp:206681,atp:144826,2025-02-17,2025,2025,hard,Doha,R32,7-5 6-3,63,47,73,45,84,ATP-2025-0451-368,2025-0451,3,0.830702576439696,0.762879515256772,0.7427688571358604,0.7677848061353458
atp:208134,atp:111190,2025-02-17,2025,2025,hard,Doha,R32,6-4 6-3,59,40,53,31,84,ATP-2025-0451-369,2025-0451,3,0.17837728312045936,0.2725118029883652,0.26536771342045923,0.276279201161926
atp:207989,atp:105227,2025-02-17,2025,2025,hard,Doha,R32,6-4 6-4,59,41,75,43,84,ATP-2025-0451-370,2025-0451,3,0.9171950357788704,0.8152194281732313,0.8324681410757425,0.8136497882638476
atp:126094,atp:200000,2025-02-17,2025,2025,hard,Doha,SF,7-5 4-6 7-6(5),105,77,112,79,84,ATP-2025-0451-383,2025-0451,3,0.6723462699997108,0.6127828389974141,0.617561490086681,0.6211118702979862
atp:207733,atp:208103,2025-02-17,2025,2025,hard,Doha,SF,3-6 7-6(2) 6-3,82,58,124,74,84,ATP-2025-0451-384,2025-0451,3,0.7854404649363155,0.699143790600596,0.7037261179545652,0.6967657031549856
atp:202104,atp:124186,2025-02-17,2025,2025,clay,Rio de Janeiro,F,6-2 6-3,47,31,69,35,84,ATP-2025-6932-385,2025-6932,3,0.7357402031818387,0.6596461162384628,0.6643253400094806,0.6597802643438071
atp:200116,atp:210262,2025-02-17,2025,2025,clay,Rio de Janeiro,QF,7-6(5) 6-4,75,51,85,52,84,ATP-2025-6932-379,2025-6932,3,0.7185488304149492,0.6593201887808648,0.6513207543148215,0.6628891775983364
atp:202104,atp:202358,2025-02-17,2025,2025,clay,Rio de Janeiro,QF,6-4 6-1,57,36,60,28,84,ATP-2025-6932-380,2025-6932,3,0.9015069082217357,0.8045984342756527,0.8139758504302045,0.8010782268363295
atp:124186,atp:202103,2025-02-17,2025,2025,clay,Rio de Janeiro,QF,7-5 6-1,60,41,48,27,84,ATP-2025-6932-381,2025-6932,3,0.2333693289920999,0.3176764252528397,0.31154162402382757,0.3233210851319774
atp:207681,atp:100644,2025-02-17,2025,2025,clay,Rio de Janeiro,QF,4-6 6-3 6-4,94,61,76,48,84,ATP-2025-6932-382,2025-6932,3,0.03388520418348413,0.11720198567428708,0.09677909632276151,0.1172871386187793
atp:210262,atp:144719,2025-02-17,2025,2025,clay,Rio de Janeiro,R16,6-4 2-6 6-3,67,47,89,57,84,ATP-2025-6932-371,2025-6932,3,0.06641484669737023,0.1497621990581755,0.14653073017806814,0.1524888244966504
atp:200116,atp:106000,2025-02-17,2025,2025,clay,Rio de Janeiro,R16,6-4 6-4,54,35,76,43,84,ATP-2025-6932-372,2025-6932,3,0.4227564768564743,0.44755461926436774,0.4482743991645076,0.4482260697884863
atp:202358,atp:106329,2025-02-17,2025,2025,clay,Rio de Janeiro,R16,6-7(4) 6-3 7-6(4),131,82,98,61,84,ATP-2025-6932-373,2025-6932,3,0.20664439499052936,0.28792701897832845,0.2896986464330221,0.2899389176354875
atp:202104,atp:208363,2025-02-17,2025,2025,clay,Rio de Janeiro,R16,6-4 1-6 6-3,88,49,76,44,84,ATP-2025-6932-374,2025-6932,3,0.6129390645265812,0.5749620559129702,0.5760198765879506,0.5712219468578716
atp:124186,atp:144869,2025-02-17,2025,2025,clay,Rio de Janeiro,R16,7-5 7-6(5),78,54,74,45,84,ATP-2025-6932-375,2025-6932,3,0.20193168013984042,0.29228411898356077,0.285737594207094,0.2929445504943918
atp:202103,atp:209260,2025-02-17,2025,2025,clay,Rio de Janeiro,R16,6-7(1) 6-3 6-2,90,62,81,50,84,ATP-2025-6932-376,2025-6932,3,0.6555379479254666,0.6068199352077746,0.6056304357941678,0.603766334065147
atp:207681,atp:111797,2025-02-17,2025,2025,clay,Rio de Janeiro,R16,7-6(4) 6-7(1) 7-6(6),128,87,108,82,84,ATP-2025-6932-377,2025-6932,3,0.2792739610548945,0.34145266560526233,0.34704723393806275,0.3482906670037653
atp:100644,atp:207686,2025-02-17,2025,2025,clay,Rio de Janeiro,R16,7-6(1) 7-6(6),78,52,115,63,84,ATP-2025-6932-378,2025-6932,3,0.9567576772117017,0.8599931199607487,0.8874032809613936,0.8608884252657338
atp:210262,atp:144642,2025-02-17,2025,2025,clay,Rio de Janeiro,R32,6-2 7-5,59,40,61,35,84,ATP-2025-6932-355,2025-6932,3,0.2993722604773991,0.35531627976570596,0.361961850120241,0.3525316595492133
atp:144719,atp:205734,2025-02-17,2025,2025,clay,Rio de Janeiro,R32,6-4 3-6 6-0,71,45,70,41,84,ATP-2025-6932-356,2025-6932,3,0.6545162461353478,0.6024641041479302,0.6049102609604887,0.6090681235631004
atp:106000,atp:105583,2025-02-17,2025,2025,clay,Rio de Janeiro,R32,6-3 6-4,59,43,69,40,84,ATP-2025-6932-357,2025-6932,3,0.2049282649687302,0.29207353132476793,0.28826032633491694,0.2936246821763597
atp:200116,atp:124079,2025-02-17,2025,2025,clay,Rio de Janeiro,R32,4-6 6-3 6-3,96,56,76,42,84,ATP-2025-6932-358,2025-6932,3,0.2588437638082073,0.33361779279821413,0.3315186276338229,0.3374984034117129
atp:202358,atp:126214,2025-02-17,2025,2025,clay,Rio de Janeiro,R32,6-2 7-5,64,42,72,35,84,ATP-2025-6932-359,2025-6932,3,0.0909143070512425,0.1828846787010866,0.17726116659892402,0.187045533862013
atp:106329,atp:207680,2025-02-17,2025,2025,clay,Rio de Janeiro,R32,3-6 6-3 7-6(3),93,64,89,63,84,ATP-2025-6932-360,2025-6932,3,0.45622652925182045,0.4728340458282294,0.4707761317586806,0.4690467294936751
atp:208363,atp:106148,2025-02-17,2025,2025,clay,Rio de Janeiro,R32,6-4 6-3,61,37,55,28,84,ATP-2025-6932-361,2025-6932,3,0.4461419107220516,0.46297025349956716,0.4640170781739098,0.4654975305860805
atp:202104,atp:208882,2025-02-17,2025,2025,clay,Rio de Janeiro,R32,6-3 7-5,63,42,57,31,84,ATP-2025-6932-362,2025-6932,3,0.9061893945083856,0.8074279288684743,0.8193544982727082,0.8068635273390443
atp:144869,atp:144895,2025-02-17,2025,2025,clay,Rio de Janeiro,R32,6-3 7-6(1),65,46,67,40,84,ATP-2025-6932-363,2025-6932,3,0.7986859556057048,0.7065599445407225,0.714784177529311,0.7060184490448114
atp:124186,atp:211663,2025-02-17,2025,2025,clay,Rio de Janeiro,R32,6-1 7-6(4),66,49,71,42,84,ATP-2025-6932-364,2025-6932,3,0.3357031016595529,0.38663397377759456,0.3881723076456534,0.3927593710665509
atp:209260,atp:106198,2025-02-17,2025,2025,clay,Rio de Janeiro,R32,7-6(2) 2-2 RET,57,37,56,33,84,ATP-2025-6932-365,2025-6932,3,0.7802157902927224,0.6986675533703466,0.6994365544519996,0.6914390906144593
atp:202103,atp:200384,2025-02-17,2025,2025,clay,Rio de Janeiro,R32,7-6(9) 6-0,70,42,78,39,84,ATP-2025-6932-366,2025-6932,3,0.7631589362150157,0.6784210915435774,0.6856911794544882,0.6780790913463417
atp:111797,atp:207678,2025-02-17,2025,2025,clay,Rio de Janeiro,R32,4-6 6-3 6-4,92,62,100,62,84,ATP-2025-6932-367,2025-6932,3,0.7908086205959914,0.7077174015399854,0.7081751477380539,0.7039380812469602
atp:207681,atp:208361,2025-02-17,2025,2025,clay,Rio de Janeiro,R32,7-6(2) 6-7(7) 6-3,106,78,139,86,84,ATP-2025-6932-368,2025-6932,3,0.5112040712405373,0.5058766770606105,0.5074700755227836,0.5155177222686993
atp:207686,atp:200335,2025-02-17,2025,2025,clay,Rio de Janeiro,R32,6-4 6-2,60,35,58,25,84,ATP-2025-6932-369,2025-6932,3,0.7014562059368958,0.640184923230883,0.6386465381859874,0.6387630978415554
atp:100644,atp:207352,2025-02-17,2025,2025,clay,Rio de Janeiro,R32,7-6(4) 6-4,75,49,74,44,84,ATP-2025-6932-370,2025-6932,3,0.871361013790669,0.7780820937125454,0.7816596443932445,0.776262629933678
atp:202104,atp:200116,2025-02-17,2025,2025,clay,Rio de Janeiro,SF,3-6 6-1 6-1,65,42,70,36,84,ATP-2025-6932-383,2025-6932,3,0.8936602304320758,0.7866073504922051,0.8052010825462741,0.7855504795585906
atp:124186,atp:207681,2025-02-17,2025,2025,clay,Rio de Janeiro,SF,7-5 6-7(3) 6-3,112,71,105,61,84,ATP-2025-6932-384,2025-6932,3,0.5764437508816946,0.5479563887151836,0.5511853043124094,0.5472370382815355
atp:126774,atp:200000,2025-02-24,2025,2025,hard,Dubai,F,6-3 6-3,66,44,52,31,84,ATP-2025-0495-385,2025-0495,3,0.49165982902810046,0.49418206587199953,0.49443959950142846,0.499153501129556
atp:200000,atp:105227,2025-02-24,2025,2025,hard,Dubai,QF,6-4 3-6 6-2,79,54,85,56,84,ATP-2025-0495-379,2025-0495,3,0.560204107662141,0.5421862772061087,0.540244495763473,0.539085514792488
atp:111460,atp:208134,2025-02-24,2025,2025,hard,Dubai,QF,2-6 6-3 7-6(5),99,65,83,60,84,ATP-2025-0495-380,2025-0495,3,0.7334665500708295,0.6613167355175631,0.6625893825961471,0.6624051595687974
atp:126774,atp:126610,2025-02-24,2025,2025,hard,Dubai,QF,7-6(5) 1-6 6-4,84,60,80,63,84,ATP-2025-0495-381,2025-0495,3,0.46072541895031704,0.47432059778763946,0.4737869513392165,0.4767903021344768
atp:134868,atp:106421,2025-02-24,2025,2025,hard,Dubai,QF,2-6 7-6(7) 7-5,112,71,109,74,84,ATP-2025-0495-382,2025-0495,3,0.21472448706253913,0.2983753652889748,0.2964099132960002,0.3043531748608841
atp:105227,atp:200615,2025-02-24,2025,2025,hard,Dubai,R16,5-7 6-3 6-4,98,66,78,57,84,ATP-2025-0495-371,2025-0495,3,0.4357783834972799,0.4586429299238002,0.45705386607303083,0.4599703504967887
atp:200000,atp:132686,2025-02-24,2025,2025,hard,Dubai,R16,4-6 6-3 7-5,92,64,94,59,84,ATP-2025-0495-372,2025-0495,3,0.6349377918778218,0.5930715813218832,0.5912107564669998,0.5915207622117846
atp:111460,atp:105138,2025-02-24,2025,2025,hard,Dubai,R16,7-6(5) 6-4,73,52,69,47,84,ATP-2025-0495-373,2025-0495,3,0.3882472214426009,0.42459355274144084,0.4247939835554185,0.4255439020973516
atp:208134,atp:200267,2025-02-24,2025,2025,hard,Dubai,R16,6-4 7-6(3),73,48,64,38,84,ATP-2025-0495-374,2025-0495,3,0.23853961174026148,0.318278045113341,0.3156572649670162,0.3183108227651963
atp:126610,atp:106331,2025-02-24,2025,2025,hard,Dubai,R16,7-6(2) 6-2,52,45,74,43,84,ATP-2025-0495-375,2025-0495,3,0.6859830710330366,0.6265283069538086,0.6273669280510401,0.625117073959544
atp:126774,atp:111575,2025-02-24,2025,2025,hard,Dubai,R16,7-6(4) 2-6 6-4,99,66,108,71,84,ATP-2025-0495-376,2025-0495,3,0.367518315075554,0.4135577538148597,0.41049517270634567,0.4152300015202017
atp:134868,atp:200005,2025-02-24,2025,2025,hard,Dubai,R16,4-6 6-3 6-2,93,62,76,49,84,ATP-2025-0495-377,2025-0495,3,0.3277017454715542,0.38577641438972887,0.382472827342821,0.3849162709924077
atp:106421,atp:208659,2025-02-24,2025,2025,hard,Dubai,R16,6-4 6-4,48,40,74,45,84,ATP-2025-0495-378,2025-0495,3,0.8790177545337948,0.7805677725979929,0.7895321306610101,0.7812676475779506
atp:105227,atp:200282,2025-02-24,2025,2025,hard,Dubai,R32,6-2 3-6 6-3,90,57,74,42,84,ATP-2025-0495-355,2025-0495,3,0.2020890629610159,0.29526180337553387,0.28587045012399437,0.2922115911072802
atp:200615,atp:200273,2025-02-24,2025,2025,hard,Dubai,R32,6-2 6-4,45,37,52,32,84,ATP-2025-0495-356,2025-0495,3,0.8722362595224565,0.7817848981469468,0.7825493451499721,0.7796491753913346
atp:200000,atp:122330,2025-02-24,2025,2025,hard,Dubai,R32,7-6(7) 6-7(4) 6-3,113,79,126,79,84,ATP-2025-0495-357,2025-0495,3,0.7272104648241146,0.6527568955185572,0.6578385675140416,0.6520790884076979
atp:132686,atp:209950,2025-02-24,2025,2025,hard,Dubai,R32,6-2 6-1,44,32,57,27,84,ATP-2025-0495-358,2025-0495,3,0.29686914854807367,0.3644705828184372,0.3601220710348023,0.3616609090454489
atp:111460,atp:126094,2025-02-24,2025,2025,hard,Dubai,R32,3-6 6-4 7-6(5),98,68,91,65,84,ATP-2025-0495-359,2025-0495,3,0.17860129681171572,0.27649930571437176,0.26556631367985417,0.2699586491861242
atp:105138,atp:206681,2025-02-24,2025,2025,hard,Dubai,R32,3-6 6-3 7-6(4),116,72,97,63,84,ATP-2025-0495-360,2025-0495,3,0.5162624236025313,0.507063161755492,0.5108437405681625,0.5134825854228987
atp:200267,atp:144826,2025-02-24,2025,2025,hard,Dubai,R32,6-3 6-3,50,36,46,23,84,ATP-2025-0495-361,2025-0495,3,0.7903502753785239,0.7248516711039705,0.7077935845326554,0.733021907132569
atp:208134,atp:105916,2025-02-24,2025,2025,hard,Dubai,R32,1-6 6-2 6-3,111,63,69,40,84,ATP-2025-0495-362,2025-0495,3,0.16494659791654723,0.2628974674050237,0.25326967673759176,0.2636224464592068
atp:106331,atp:105777,2025-02-24,2025,2025,hard,Dubai,R32,6-0 0-0 RET,17,12,21,7,84,ATP-2025-0495-363,2025-0495,3,0.1679767384056844,0.26709792062182297,0.25603307793829855,0.2607809849550089
atp:126610,atp:104792,2025-02-24,2025,2025,hard,Dubai,R32,7-5 6-4,53,40,63,36,84,ATP-2025-0495-364,2025-0495,3,0.5211426124925412,0.5139280349615589,0.5140997456630244,0.5129986412157028
atp:111575,atp:105554,2025-02-24,2025,2025,hard,Dubai,R32,6-1 6-3,49,35,50,23,84,ATP-2025-0495-365,2025-0495,3,0.8034958513676247,0.7111009925132294,0.7188691201951368,0.7079225243737636
atp:126774,atp:132283,2025-02-24,2025,2025,hard,Dubai,R32,7-6(4) 6-3,60,47,67,42,84,ATP-2025-0495-366,2025-0495,3,0.6228327201016428,0.5821060152232351,0.5828278229797818,0.5868929820538916
atp:200005,atp:208103,2025-02-24,2025,2025,hard,Dubai,R32,6-3 6-0,48,35,55,25,84,ATP-2025-0495-367,2025-0495,3,0.6877501960208683,0.6254588636497385,0.6286465278570402,0.6290720864758412
atp:134868,atp:126128,2025-02-24,2025,2025,hard,Dubai,R32,5-7 7-6(4) 7-6(1),130,87,115,80,84,ATP-2025-0495-368,2025-0495,3,0.514581245901718,0.5086943458681614,0.5097223620936197,0.5136740842266614
atp:208659,atp:111190,2025-02-24,2025,2025,hard,Dubai,R32,6-3 7-6(3),71,54,70,48,84,ATP-2025-0495-369,2025-0495,3,0.3815340998784135,0.41849057755592933,0.42018161652247754,0.4174378617812648
atp:106421,atp:105526,2025-02-24,2025,2025,hard,Dubai,R32,6-4 7-6(4),71,51,94,58,84,ATP-2025-0495-370,2025-0495,3,0.7940074319965181,0.6988499167916677,0.7108471158494251,0.7047762735423628
atp:200000,atp:111460,2025-02-24,2025,2025,hard,Dubai,SF,5-7 6-4 6-3,101,64,89,56,84,ATP-2025-0495-383,2025-0495,3,0.688105695592658,0.6278947763895545,0.6289042088102795,0.628193362595856
atp:126774,atp:134868,2025-02-24,2025,2025,hard,Dubai,SF,6-4 6-4,50,40,65,42,84,ATP-2025-0495-384,2025-0495,3,0.5244159285446104,0.5162970701618383,0.516284480721684,0.5181111747075655
atp:207830,atp:200221,2025-02-24,2025,2025,hard,Acapulco,F,7-6(6) 6-2,61,49,71,44,84,ATP-2025-0807-385,2025-0807,3,0.6531850321476158,0.5959089640445128,0.6039727426329142,0.6022681111000358
atp:200221,atp:210202,2025-02-24,2025,2025,hard,Acapulco,QF,6-2 6-2,47,31,47,22,84,ATP-2025-0807-379,2025-0807,3,0.9501897638144573,0.8643686078761026,0.8771406845748524,0.8668221767361792
atp:133430,atp:106218,2025-02-24,2025,2025,hard,Acapulco,QF,4-6 6-3 6-2,80,51,83,47,84,ATP-2025-0807-380,2025-0807,3,0.6593919841978508,0.6060310546561424,0.6083520945311504,0.607705373770875
atp:206909,atp:105676,2025-02-24,2025,2025,hard,Acapulco,QF,7-6(4) 6-2,78,44,78,39,84,ATP-2025-0807-381,2025-0807,3,0.6348651746440704,0.5897700911364997,0.5911602807971551,0.5868847069622916
atp:207830,atp:210530,2025-02-24,2025,2025,hard,Acapulco,QF,6-3 7-5,56,34,83,40,84,ATP-2025-0807-382,2025-0807,3,0.8023159160534296,0.710175351984603,0.7178634399125999,0.7094761644675092
atp:200221,atp:126207,2025-02-24,2025,2025,hard,Acapulco,R16,6-3 6-7(6) 6-3,96,65,98,59,84,ATP-2025-0807-372,2025-0807,3,0.35429418060042905,0.40297864355013824,0.4012776746860327,0.4038416317009871
atp:133430,atp:210506,2025-02-24,2025,2025,hard,Acapulco,R16,6-4 6-3,53,37,56,27,84,ATP-2025-0807-374,2025-0807,3,0.6714414872132776,0.6139172648150611,0.6169150630209288,0.6182186097593865
atp:105676,atp:210097,2025-02-24,2025,2025,hard,Acapulco,R16,7-6(3) 6-3,61,45,72,44,84,ATP-2025-0807-375,2025-0807,3,0.31385222037227756,0.3726569615746038,0.3725138942114015,0.3772428338736049
atp:206909,atp:208029,2025-02-24,2025,2025,hard,Acapulco,R16,3-0 RET,10,8,6,2,84,ATP-2025-0807-376,2025-0807,3,0.44830788542833944,0.46280209651337634,0.465470070640242,0.4673830462747806
atp:207830,atp:127157,2025-02-24,2025,2025,hard,Acapulco,R16,7-6(3) 6-1,69,48,61,35,84,ATP-2025-0807-377,2025-0807,3,0.8604344563429894,0.7568727057424438,0.7707590315657458,0.7524020257966002
atp:210530,atp:100644,2025-02-24,2025,2025,hard,Acapulco,R16,6-3 6-4,58,39,59,35,84,ATP-2025-0807-378,2025-0807,3,0.03681444444378184,0.12943865340895225,0.10190478474482109,0.1269037462392075
atp:134770,atp:126239,2025-02-24,2025,2025,hard,Acapulco,R32,6-4 6-3,57,40,68,37,84,ATP-2025-0807-355,2025-0807,3,0.6554939186182444,0.6016407646188566,0.605599389108322,0.6060527893170264
atp:210202,atp:126846,2025-02-24,2025,2025,hard,Acapulco,R32,7-5 4-6 7-6(4),102,73,128,79,84,ATP-2025-0807-356,2025-0807,3,0.11286183917970431,0.20545441669085918,0.2018845037183651,0.206410962899486
atp:200221,atp:208233,2025-02-24,2025,2025,hard,Acapulco,R32,1-6 7-6(6) 6-2,74,52,92,57,84,ATP-2025-0807-357,2025-0807,3,0.6277253188654865,0.585589848935337,0.5862086215509646,0.5832860257434214
atp:126207,atp:124186,2025-02-24,2025,2025,hard,Acapulco,R32,6-4 6-2,57,35,55,27,84,ATP-2025-0807-358,2025-0807,3,0.7978130561950586,0.7062150419821799,0.7140469433052912,0.704574631196
atp:126205,atp:209113,2025-02-24,2025,2025,hard,Acapulco,R32,6-2 6-2,57,38,47,25,84,ATP-2025-0807-359,2025-0807,3,0.8319787945269893,0.733398613009604,0.7439265213590711,0.7276312285094777
atp:106218,atp:200443,2025-02-24,2025,2025,hard,Acapulco,R32,7-6(4) 6-2,55,42,69,39,84,ATP-2025-0807-360,2025-0807,3,0.7718087193843719,0.6914734777880053,0.692613954755842,0.6889120735984624
atp:210506,atp:207352,2025-02-24,2025,2025,hard,Acapulco,R32,2-6 7-6(5) 7-6(5),121,67,105,61,84,ATP-2025-0807-361,2025-0807,3,0.432533254758058,0.4560133469396027,0.4548693413791863,0.4574107533342126
atp:133430,atp:210460,2025-02-24,2025,2025,hard,Acapulco,R32,7-5 6-2,57,37,74,37,84,ATP-2025-0807-362,2025-0807,3,0.8135277065607355,0.7283537220627907,0.7275177410970557,0.7294864919222865
atp:210097,atp:207925,2025-02-24,2025,2025,hard,Acapulco,R32,7-6(4) 7-6(4),78,56,79,54,84,ATP-2025-0807-363,2025-0807,3,0.718877369870521,0.648742926619728,0.6515667576660878,0.6476961082140353
atp:105676,atp:208014,2025-02-24,2025,2025,hard,Acapulco,R32,6-2 6-3,35,29,79,38,84,ATP-2025-0807-364,2025-0807,3,0.7589150311776186,0.6722710645665328,0.6823285445780083,0.6716780861608955
atp:206909,atp:126127,2025-02-24,2025,2025,hard,Acapulco,R32,7-6(6) 7-5,83,54,95,56,84,ATP-2025-0807-365,2025-0807,3,0.5291905806116941,0.5199660562503085,0.5194726877482927,0.5192058767257514
atp:208029,atp:106148,2025-02-24,2025,2025,hard,Acapulco,R32,7-6(4) 6-3,69,44,66,38,84,ATP-2025-0807-366,2025-0807,3,0.7160544685634516,0.6448902187187109,0.6494560796292462,0.6503942263881319
atp:207830,atp:210150,2025-02-24,2025,2025,hard,Acapulco,R32,6-4 2-6 6-3,82,49,89,47,84,ATP-2025-0807-367,2025-0807,3,0.5832690495059532,0.5557938167883748,0.5558012100134218,0.5572299877202402
atp:127157,atp:200175,2025-02-24,2025,2025,hard,Acapulco,R32,4-6 6-4 6-3,90,54,79,46,84,ATP-2025-0807-368,2025-0807,3,0.26976455363985385,0.3470427894839489,0.3398689431619724,0.3498067468227668
atp:210530,atp:111815,2025-02-24,2025,2025,hard,Acapulco,R32,7-6(5) 6-3,61,37,77,38,84,ATP-2025-0807-369,2025-0807,3,0.23244432769059364,0.3148031830701976,0.3108017937075289,0.3123007544759021
atp:100644,atp:208286,2025-02-24,2025,2025,hard,Acapulco,R32,6-7(2) 6-3 6-4,98,70,86,62,84,ATP-2025-0807-370,2025-0807,3,0.9264923387011986,0.8226755254690004,0.844137882333817,0.8231972210967629
atp:200221,atp:133430,2025-02-24,2025,2025,hard,Acapulco,SF,7-6(3) 7-6(1),81,49,94,51,84,ATP-2025-0807-383,2025-0807,3,0.3138095071510106,0.37403932788127275,0.3724829853147126,0.3742343840239615
atp:207830,atp:206909,2025-02-24,2025,2025,hard,Acapulco,SF,6-4 1-6 6-4,79,51,83,55,84,ATP-2025-0807-384,2025-0807,3,0.5430172883507924,0.5300225288259912,0.5287176256919606,0.5260346447091855
atp:111513,atp:202104,2025-02-24,2025,2025,clay,Santiago,F,6-4 3-6 7-5,94,56,96,58,84,ATP-2025-8996-385,2025-8996,3,0.5389398306519454,0.522826644041261,0.5259891199865037,0.5302164796281525
atp:200116,atp:105948,2025-02-24,2025,2025,clay,Santiago,QF,6-4 6-3,56,33,63,28,84,ATP-2025-8996-379,2025-8996,3,0.31886507192045116,0.3766281416971801,0.37613287845353166,0.3807066058519793
atp:202104,atp:106000,2025-02-24,2025,2025,clay,Santiago,QF,6-4 6-4,66,34,65,29,84,ATP-2025-8996-380,2025-8996,3,0.8422608800852134,0.7466873518521886,0.7533881359377982,0.7461813266982229
atp:111513,atp:210262,2025-02-24,2025,2025,clay,Santiago,QF,7-6(5) 4-6 6-4,109,72,106,68,84,ATP-2025-8996-381,2025-8996,3,0.947548630827502,0.866557348675881,0.8731750078611048,0.8669086686794413
atp:202103,atp:144869,2025-02-24,2025,2025,clay,Santiago,QF,4-6 6-3 7-5,99,66,121,69,84,ATP-2025-8996-382,2025-8996,3,0.45383762756184276,0.4714870164052729,0.46917633140576737,0.4703092284417278
atp:105948,atp:126214,2025-02-24,2025,2025,clay,Santiago,R16,7-6(11) 4-6 6-3,101,66,115,71,84,ATP-2025-8996-371,2025-8996,3,0.19552644108390746,0.28950871947390366,0.2802957663249583,0.2901154064542073
atp:200116,atp:106329,2025-02-24,2025,2025,clay,Santiago,R16,4-6 7-6(2) 6-3,96,66,104,68,84,ATP-2025-8996-372,2025-8996,3,0.22752111878891604,0.30739803269320687,0.3068456737671678,0.3125463910976324
atp:202104,atp:207681,2025-02-24,2025,2025,clay,Santiago,R16,6-3 5-7 7-6(5),100,64,121,72,84,ATP-2025-8996-373,2025-8996,3,0.7810014547237992,0.6964055183292478,0.7000791128929554,0.6946338326472333
atp:106000,atp:208363,2025-02-24,2025,2025,clay,Santiago,R16,6-4 3-6 6-3,110,64,87,53,84,ATP-2025-8996-374,2025-8996,3,0.2302311089644129,0.31082809644131537,0.30902720554957946,0.3125682016689974
atp:210262,atp:208361,2025-02-24,2025,2025,clay,Santiago,R16,6-7(2) 7-6(5) 6-4,109,80,130,90,84,ATP-2025-8996-375,2025-8996,3,0.2011529661427932,0.2745008040967246,0.28507964296602367,0.2784932758433823
atp:111513,atp:124079,2025-02-24,2025,2025,clay,Santiago,R16,6-1 6-4,55,40,57,29,84,ATP-2025-8996-376,2025-8996,3,0.752952721133836,0.6719142610856852,0.6776402690852091,0.67287123743029
atp:144869,atp:106426,2025-02-24,2025,2025,clay,Santiago,R16,6-2 6-4,60,40,51,29,84,ATP-2025-8996-377,2025-8996,3,0.6800385034531389,0.6237086017418273,0.6230777793763657,0.6248637230473479
atp:202103,atp:105870,2025-02-24,2025,2025,clay,Santiago,R16,6-2 4-6 7-6(5),110,70,94,58,84,ATP-2025-8996-378,2025-8996,3,0.6216963530732825,0.5793101844707274,0.5820439675112449,0.5809159556991357
atp:105948,atp:144642,2025-02-24,2025,2025,clay,Santiago,R32,6-1 6-0,36,25,54,21,84,ATP-2025-8996-359,2025-8996,3,0.6774865274472777,0.6235006637846703,0.6212435567651052,0.6197524242044541
atp:106329,atp:207678,2025-02-24,2025,2025,clay,Santiago,R32,6-3 3-6 7-6(2),100,59,98,60,84,ATP-2025-8996-360,2025-8996,3,0.7097330519446584,0.6458491320144408,0.6447540601420094,0.6453502485561055
atp:200116,atp:111797,2025-02-24,2025,2025,clay,Santiago,R32,5-7 6-3 7-6(9),119,83,108,75,84,ATP-2025-8996-361,2025-8996,3,0.15992453524740563,0.2583723988412798,0.248643558073736,0.2594636184230389
atp:207681,atp:200335,2025-02-24,2025,2025,clay,Santiago,R32,7-6(3) 7-6(4),84,62,91,60,84,ATP-2025-8996-362,2025-8996,3,0.6101247267489953,0.5741652013360479,0.5740898936191751,0.5783626543333549
atp:106000,atp:144895,2025-02-24,2025,2025,clay,Santiago,R32,6-2 3-6 6-2,87,54,76,45,84,ATP-2025-8996-363,2025-8996,3,0.3348122431571235,0.3888739274986106,0.387539590476608,0.3878347849937166
atp:208363,atp:207686,2025-02-24,2025,2025,clay,Santiago,R32,6-2 6-2,48,33,45,21,84,ATP-2025-8996-364,2025-8996,3,0.6192011262392366,0.5794968096866003,0.5803245554351282,0.5811765053604633
atp:210262,atp:209260,2025-02-24,2025,2025,clay,Santiago,R32,6-3 6-4,59,44,60,37,84,ATP-2025-8996-365,2025-8996,3,0.09793673634498104,0.1867925976506718,0.18539087625393955,0.1869922683898579
atp:208361,atp:205734,2025-02-24,2025,2025,clay,Santiago,R32,7-5 6-2,62,46,77,45,84,ATP-2025-8996-366,2025-8996,3,0.3980634354646013,0.4308138355229628,0.4315098151077974,0.4270959817672738
atp:111513,atp:209860,2025-02-24,2025,2025,clay,Santiago,R32,6-3 6-4,66,42,87,46,84,ATP-2025-8996-367,2025-8996,3,0.8962278601580792,0.8071160661791312,0.8080410690831292,0.8085410330858784
atp:144869,atp:200384,2025-02-24,2025,2025,clay,Santiago,R32,6-2 6-3,49,33,65,31,84,ATP-2025-8996-368,2025-8996,3,0.7881462329328951,0.695278487232392,0.7059632160355924,0.6978769221270396
atp:106426,atp:126663,2025-02-24,2025,2025,clay,Santiago,R32,2-6 6-4 6-4,87,56,110,67,84,ATP-2025-8996-369,2025-8996,3,0.7774316240022964,0.7047823362611421,0.6971664527206757,0.7056545240611867
atp:105870,atp:207680,2025-02-24,2025,2025,clay,Santiago,R32,7-5 6-3,51,37,72,37,84,ATP-2025-8996-370,2025-8996,3,0.525487205388526,0.5176566329048214,0.5169996552560101,0.5196340537092579
atp:202104,atp:200116,2025-02-24,2025,2025,clay,Santiago,SF,6-1 3-6 6-2,75,47,77,43,84,ATP-2025-8996-383,2025-8996,3,0.8908704990507469,0.7886607606636096,0.8021483210991379,0.7854288633998145
atp:111513,atp:202103,2025-02-24,2025,2025,clay,Santiago,SF,6-1 4-6 6-3,83,55,87,51,84,ATP-2025-8996-384,2025-8996,3,0.49552693598300407,0.49931976948677215,0.4970179131237613,0.4936982570251184
atp:207733,atp:208029,2025-03-05,2025,2025,hard,Indian Wells Masters,F,6-2 6-2,46,34,52,27,85,ATP-2025-0404-369,2025-0404,3,0.6953717492709381,0.6297884074398634,0.6341904065639746,0.6296614865888455
atp:207989,atp:202103,2025-03-05,2025,2025,hard,Indian Wells Masters,QF,6-3 7-6(4),73,51,73,43,85,ATP-2025-0404-363,2025-0404,3,0.950783201633126,0.8458676459798221,0.8780437500525942,0.8486000750561655
atp:207733,atp:210097,2025-03-05,2025,2025,hard,Indian Wells Masters,QF,6-4 7-5,68,47,75,44,85,ATP-2025-0404-364,2025-0404,3,0.6786646578971802,0.6201837174136496,0.6220898142257295,0.6211430542747474
atp:106421,atp:209950,2025-03-05,2025,2025,hard,Indian Wells Masters,QF,6-4 2-6 7-6(7),88,59,106,66,85,ATP-2025-0404-365,2025-0404,3,0.7655921599884755,0.682841853567628,0.687629042804067,0.6796412794814171
atp:208029,atp:134868,2025-03-05,2025,2025,hard,Indian Wells Masters,QF,5-7 6-0 6-3,74,50,95,48,85,ATP-2025-0404-366,2025-0404,3,0.6263064625506144,0.5853686722273975,0.5852271828422465,0.5855950799154759
atp:111460,atp:105807,2025-03-05,2025,2025,hard,Indian Wells Masters,R128,6-3 6-4,59,40,60,33,85,ATP-2025-0404-275,2025-0404,3,0.33801924120418697,0.3879751378434728,0.3898151924530422,0.3936674166696276
atp:200443,atp:206748,2025-03-05,2025,2025,hard,Indian Wells Masters,R128,7-5 6-1,51,35,67,34,85,ATP-2025-0404-276,2025-0404,3,0.39007285992397944,0.4229735675878671,0.4260454999459964,0.4253185523419829
atp:104792,atp:105526,2025-03-05,2025,2025,hard,Indian Wells Masters,R128,6-4 6-4,62,43,68,41,85,ATP-2025-0404-277,2025-0404,3,0.635345286399761,0.5893388012712872,0.5914940462509497,0.5902929488911619
atp:132686,atp:126239,2025-03-05,2025,2025,hard,Indian Wells Masters,R128,6-1 5-7 6-2,108,68,104,55,85,ATP-2025-0404-278,2025-0404,3,0.7175826786011574,0.6469664995080856,0.6505978643819732,0.6494244649653724
atp:105676,atp:132283,2025-03-05,2025,2025,hard,Indian Wells Masters,R128,6-4 7-5,60,31,68,29,85,ATP-2025-0404-279,2025-0404,3,0.4556334751075599,0.4718051415818544,0.47037904653346935,0.472452582761208
atp:200384,atp:209260,2025-03-05,2025,2025,hard,Indian Wells Masters,R128,6-3 6-3,60,38,57,30,85,ATP-2025-0404-280,2025-0404,3,0.611266530198855,0.5719591729419664,0.5748725672568296,0.5757460370417082
atp:111456,atp:200221,2025-03-05,2025,2025,hard,Indian Wells Masters,R128,2-6 6-3 6-2,80,46,73,40,85,ATP-2025-0404-281,2025-0404,3,0.3878260045788011,0.42758709444686166,0.4245050623063964,0.4289192870936582
atp:122298,atp:106401,2025-03-05,2025,2025,hard,Indian Wells Masters,R128,7-6(7) 3-0 RET,59,38,59,32,85,ATP-2025-0404-282,2025-0404,3,0.39644614391263333,0.4282963096737411,0.43040554933469144,0.4312806761576206
atp:209263,atp:202104,2025-03-05,2025,2025,hard,Indian Wells Masters,R128,3-6 6-1 6-4,76,44,89,45,85,ATP-2025-0404-283,2025-0404,3,0.5799794832689574,0.5547288322661541,0.5535750696798851,0.5583527241082716
atp:105583,atp:111454,2025-03-05,2025,2025,hard,Indian Wells Masters,R128,6-2 6-0,45,32,46,20,85,ATP-2025-0404-284,2025-0404,3,0.7669466071230387,0.6837632028596579,0.6887109449622404,0.6796033541221043
atp:202385,atp:126127,2025-03-05,2025,2025,hard,Indian Wells Masters,R128,1-6 7-5 7-5,100,60,102,62,85,ATP-2025-0404-285,2025-0404,3,0.4098742575359606,0.4389163780813767,0.43954960928987896,0.4420451649718661
atp:211663,atp:207985,2025-03-05,2025,2025,hard,Indian Wells Masters,R128,6-2 1-6 6-3,84,51,90,50,85,ATP-2025-0404-286,2025-0404,3,0.6793373668587003,0.6261044478480258,0.6225734232956115,0.6211966985652704
atp:208363,atp:210530,2025-03-05,2025,2025,hard,Indian Wells Masters,R128,7-5 6-4,64,43,87,50,85,ATP-2025-0404-287,2025-0404,3,0.41635106616137024,0.4452368696690281,0.44394153511153234,0.4388437833499068
atp:210150,atp:144869,2025-03-05,2025,2025,hard,Indian Wells Masters,R128,6-4 7-6(6),79,49,63,35,85,ATP-2025-0404-288,2025-0404,3,0.6062992604783688,0.5718557638980186,0.5714709396124492,0.5680846761326133
atp:208014,atp:207686,2025-03-05,2025,2025,hard,Indian Wells Masters,R128,6-1 6-3,48,28,53,23,85,ATP-2025-0404-289,2025-0404,3,0.43783620827096387,0.45741367935672084,0.4584380631299247,0.456527475030508
atp:208286,atp:206499,2025-03-05,2025,2025,hard,Indian Wells Masters,R128,6-3 5-7 6-4,106,65,92,56,85,ATP-2025-0404-290,2025-0404,3,0.6849387321652232,0.6207574344378145,0.6266117063588197,0.6224017899848986
atp:207352,atp:210460,2025-03-05,2025,2025,hard,Indian Wells Masters,R128,7-5 6-4,62,44,68,41,85,ATP-2025-0404-291,2025-0404,3,0.5094470420192124,0.5091177840550747,0.5062984444293585,0.5066326384598899
atp:212256,atp:207925,2025-03-05,2025,2025,hard,Indian Wells Masters,R128,3-6 6-2 6-2,79,46,80,39,85,ATP-2025-0404-292,2025-0404,3,0.28764848896479034,0.34826428110125385,0.35330230863769074,0.3484114798662179
atp:111815,atp:208134,2025-03-05,2025,2025,hard,Indian Wells Masters,R128,6-0 6-3,43,33,48,22,85,ATP-2025-0404-293,2025-0404,3,0.767169206905221,0.6840270813287166,0.6888889737057166,0.6816944905747849
atp:207729,atp:126846,2025-03-05,2025,2025,hard,Indian Wells Masters,R128,4-6 6-2 7-6(4),93,60,101,62,85,ATP-2025-0404-294,2025-0404,3,0.3263088463954268,0.37876321172380434,0.38147672686364414,0.3755468758483976
atp:126128,atp:124187,2025-03-05,2025,2025,hard,Indian Wells Masters,R128,7-5 6-4,63,44,63,38,85,ATP-2025-0404-295,2025-0404,3,0.5794733456693061,0.5532856505581807,0.5532327914179915,0.5561919192188445
atp:209113,atp:111190,2025-03-05,2025,2025,hard,Indian Wells Masters,R128,2-6 6-2 7-6(7),100,65,96,65,85,ATP-2025-0404-296,2025-0404,3,0.5024817114191327,0.5017596228746564,0.5016544818274468,0.499431019961629
atp:200267,atp:210319,2025-03-05,2025,2025,hard,Indian Wells Masters,R128,7-6(2) 6-3,75,51,73,43,85,ATP-2025-0404-297,2025-0404,3,0.7820083825123664,0.6962986679116607,0.7009039080580908,0.6924591691104018
atp:106218,atp:105932,2025-03-05,2025,2025,hard,Indian Wells Masters,R128,7-5 7-6(3),72,49,93,56,85,ATP-2025-0404-298,2025-0404,3,0.808886772907561,0.7183432949066337,0.7234944380873348,0.7183393391687888
atp:205734,atp:124186,2025-03-05,2025,2025,hard,Indian Wells Masters,R128,4-6 7-5 7-6(6),118,74,118,70,85,ATP-2025-0404-299,2025-0404,3,0.39309484229084113,0.4271394260279351,0.4281145898544996,0.4254013655675149
atp:106331,atp:106148,2025-03-05,2025,2025,hard,Indian Wells Masters,R128,6-3 0-6 6-1,62,37,85,48,85,ATP-2025-0404-300,2025-0404,3,0.4311053489545419,0.459113858487036,0.4539074394716276,0.4527483624527951
atp:105453,atp:144719,2025-03-05,2025,2025,hard,Indian Wells Masters,R128,6-2 5-7 7-6(3),128,75,98,57,85,ATP-2025-0404-301,2025-0404,3,0.4250404287587386,0.4496425823988993,0.4498169568734805,0.4493660991164087
atp:144895,atp:111442,2025-03-05,2025,2025,hard,Indian Wells Masters,R128,6-4 4-6 6-3,87,55,106,62,85,ATP-2025-0404-302,2025-0404,3,0.33970442123268607,0.39482932382964786,0.3910086311166433,0.3956732266744909
atp:106000,atp:105138,2025-03-05,2025,2025,hard,Indian Wells Masters,R128,6-4 1-6 7-6(4),86,49,102,60,85,ATP-2025-0404-303,2025-0404,3,0.29535828766730254,0.3644780452678899,0.3590092496596363,0.3666390825683404
atp:133297,atp:122330,2025-03-05,2025,2025,hard,Indian Wells Masters,R128,6-3 3-6 6-3,76,55,81,52,85,ATP-2025-0404-304,2025-0404,3,0.6394733373778999,0.5935999582830909,0.5943680877320229,0.5951925834634004
atp:206681,atp:124079,2025-03-05,2025,2025,hard,Indian Wells Masters,R128,6-3 6-2,46,37,49,27,85,ATP-2025-0404-305,2025-0404,3,0.7297464885583018,0.6540249073856508,0.659759914065416,0.6541328883478356
atp:134868,atp:200175,2025-03-05,2025,2025,hard,Indian Wells Masters,R128,6-7(5) 6-4 6-3,99,69,93,62,85,ATP-2025-0404-306,2025-0404,3,0.42953466110454297,0.4530492957643557,0.45284885890450244,0.4512944149886212
atp:207989,atp:105777,2025-03-05,2025,2025,hard,Indian Wells Masters,R16,6-1 6-1,40,30,63,28,85,ATP-2025-0404-355,2025-0404,3,0.8291077614376716,0.729888027804585,0.7413271662861564,0.7271275799549659
atp:202103,atp:200282,2025-03-05,2025,2025,hard,Indian Wells Masters,R16,7-5 6-3,78,45,67,31,85,ATP-2025-0404-356,2025-0404,3,0.13519819687046905,0.24192012376327848,0.22492856267623268,0.2425150912922969
atp:207733,atp:126203,2025-03-05,2025,2025,hard,Indian Wells Masters,R16,7-5 6-4,57,42,57,38,85,ATP-2025-0404-357,2025-0404,3,0.3910659585505123,0.4297868700289943,0.4267258013081648,0.4238563282431971
atp:210097,atp:206909,2025-03-05,2025,2025,hard,Indian Wells Masters,R16,7-6(6) 6-1,61,43,62,35,85,ATP-2025-0404-358,2025-0404,3,0.522831760409701,0.5129416659845271,0.515227056294239,0.5167753672785621
atp:106421,atp:126205,2025-03-05,2025,2025,hard,Indian Wells Masters,R16,6-4 6-0,51,31,55,24,85,ATP-2025-0404-359,2025-0404,3,0.5177733531818486,0.5127011410401157,0.5118516761750773,0.5130239822466642
atp:209950,atp:106218,2025-03-05,2025,2025,hard,Indian Wells Masters,R16,6-2 2-6 6-3,81,53,88,51,85,ATP-2025-0404-360,2025-0404,3,0.510273347873059,0.5077915411931666,0.5068494341176799,0.5082836735938017
atp:208029,atp:126774,2025-03-05,2025,2025,hard,Indian Wells Masters,R16,6-4 6-4,58,41,61,35,85,ATP-2025-0404-361,2025-0404,3,0.48679172938916704,0.49202265749287466,0.49119334800111014,0.4910772729441098
atp:134868,atp:133297,2025-03-05,2025,2025,hard,Indian Wells Masters,R16,7-6(4) 6-1,61,47,54,32,85,ATP-2025-0404-362,2025-0404,3,0.5602648265026762,0.538524235039559,0.540285304731694,0.5387502725074327
atp:207989,atp:133430,2025-03-05,2025,2025,hard,Indian Wells Masters,R32,6-2 6-4,63,41,59,33,85,ATP-2025-0404-339,2025-0404,3,0.8734221618450534,0.7642820299612816,0.7837589436876264,0.7670037996799615
atp:105777,atp:104792,2025-03-05,2025,2025,hard,Indian Wells Masters,R32,7-6(4) 4-6 7-6(2),116,77,122,80,85,ATP-2025-0404-340,2025-0404,3,0.6201542866383716,0.5815296913814378,0.5809810746570303,0.580557594686846
atp:200282,atp:128034,2025-03-05,2025,2025,hard,Indian Wells Masters,R32,6-4 6-0,49,35,43,21,85,ATP-2025-0404-341,2025-0404,3,0.6574549349185427,0.6061000643466683,0.6069831783607025,0.6057235080275862
atp:202103,atp:122298,2025-03-05,2025,2025,hard,Indian Wells Masters,R32,6-3 6-4,71,45,57,33,85,ATP-2025-0404-342,2025-0404,3,0.5515269159559208,0.5352233298119549,0.53441914014841,0.5330168389837986
atp:126203,atp:126214,2025-03-05,2025,2025,hard,Indian Wells Masters,R32,4-6 6-3 6-1,80,53,89,48,85,ATP-2025-0404-343,2025-0404,3,0.898031374807199,0.7908069599089398,0.8100538153707377,0.795008459165828
atp:207733,atp:202385,2025-03-05,2025,2025,hard,Indian Wells Masters,R32,7-5 6-4,56,43,81,46,85,ATP-2025-0404-344,2025-0404,3,0.8775487403113346,0.7744624995423014,0.7880057583426683,0.7732372469362566
atp:210097,atp:111575,2025-03-05,2025,2025,hard,Indian Wells Masters,R32,6-3 7-5,77,49,61,36,85,ATP-2025-0404-345,2025-0404,3,0.43542870961176255,0.45755262151323556,0.456818576494811,0.456026384207138
atp:206909,atp:208286,2025-03-05,2025,2025,hard,Indian Wells Masters,R32,6-2 6-4,45,37,56,32,85,ATP-2025-0404-346,2025-0404,3,0.5560924683251877,0.5384215774643943,0.5374825995580669,0.537664645774496
atp:106421,atp:210506,2025-03-05,2025,2025,hard,Indian Wells Masters,R32,2-0 RET,5,4,7,2,85,ATP-2025-0404-347,2025-0404,3,0.8190744258800411,0.7236812471176219,0.7323789596614777,0.7204497037901378
atp:126205,atp:111815,2025-03-05,2025,2025,hard,Indian Wells Masters,R32,6-3 7-5,58,35,70,34,85,ATP-2025-0404-348,2025-0404,3,0.8325739959267241,0.7323230065077624,0.7444676551157026,0.7306784278966694
atp:209950,atp:207518,2025-03-05,2025,2025,hard,Indian Wells Masters,R32,3-6 7-6(4) 6-3,103,64,90,57,85,ATP-2025-0404-349,2025-0404,3,0.4637773173446143,0.47541932696647865,0.4758280225332868,0.4797827172699456
atp:106218,atp:200615,2025-03-05,2025,2025,hard,Indian Wells Masters,R32,5-7 6-3 6-3,111,71,86,55,85,ATP-2025-0404-350,2025-0404,3,0.5375899301634879,0.5225178823841548,0.5250862457059469,0.5245003976916767
atp:126774,atp:126610,2025-03-05,2025,2025,hard,Indian Wells Masters,R32,6-3 6-3,44,36,52,30,85,ATP-2025-0404-351,2025-0404,3,0.39146247334910594,0.42772696447436986,0.4269973300341038,0.4219311750634357
atp:208029,atp:200005,2025-03-05,2025,2025,hard,Indian Wells Masters,R32,5-7 6-4 7-5,110,70,104,63,85,ATP-2025-0404-352,2025-0404,3,0.37527985814552645,0.4146005637996476,0.4158691147368399,0.4222491046565371
atp:133297,atp:126207,2025-03-05,2025,2025,hard,Indian Wells Masters,R32,6-4 7-6(6),71,50,87,49,85,ATP-2025-0404-353,2025-0404,3,0.3686435822529627,0.4126861487706681,0.411275865715655,0.4180755485621922
atp:134868,atp:208659,2025-03-05,2025,2025,hard,Indian Wells Masters,R32,7-6(3) 6-3,60,47,55,39,85,ATP-2025-0404-354,2025-0404,3,0.5873581835428706,0.55884540242142,0.558572325816146,0.5617761877222427
atp:207989,atp:111460,2025-03-05,2025,2025,hard,Indian Wells Masters,R64,6-4 6-2,48,37,49,32,85,ATP-2025-0404-307,2025-0404,3,0.9749846418011068,0.8905591503177033,0.9199711048627391,0.8894335371558886
atp:133430,atp:200443,2025-03-05,2025,2025,hard,Indian Wells Masters,R64,6-3 6-2,69,40,47,21,85,ATP-2025-0404-308,2025-0404,3,0.8914019829083316,0.7872481382347578,0.8027273324691161,0.7870752934486684
atp:104792,atp:200624,2025-03-05,2025,2025,hard,Indian Wells Masters,R64,7-6(2) 7-6(4),80,56,89,56,85,ATP-2025-0404-309,2025-0404,3,0.47842225799163735,0.4848778973815373,0.48560987348462753,0.484571815777139
atp:105777,atp:132686,2025-03-05,2025,2025,hard,Indian Wells Masters,R64,6-3 6-4,76,50,60,35,85,ATP-2025-0404-310,2025-0404,3,0.7094974711309274,0.6415506885712616,0.6445794686620191,0.6427492728738202
atp:200282,atp:105676,2025-03-05,2025,2025,hard,Indian Wells Masters,R64,6-2 6-2,43,33,56,29,85,ATP-2025-0404-311,2025-0404,3,0.905557038847794,0.7952716533878885,0.8186215465527861,0.7991800005495986
atp:128034,atp:200384,2025-03-05,2025,2025,hard,Indian Wells Masters,R64,7-5 6-3,76,51,56,38,85,ATP-2025-0404-312,2025-0404,3,0.9453225153244567,0.8463719686784017,0.8698971200607252,0.844169947253832
atp:202103,atp:111456,2025-03-05,2025,2025,hard,Indian Wells Masters,R64,4-6 7-6(3) 6-1,80,51,121,66,85,ATP-2025-0404-313,2025-0404,3,0.550263034884446,0.534042106395534,0.5335716667369047,0.532277496227388
atp:122298,atp:104925,2025-03-05,2025,2025,hard,Indian Wells Masters,R64,6-2 3-6 6-1,82,52,73,38,85,ATP-2025-0404-314,2025-0404,3,0.05039806060893294,0.1524343064716926,0.12374941185102824,0.1541408002335043
atp:126203,atp:209263,2025-03-05,2025,2025,hard,Indian Wells Masters,R64,6-3 7-5,64,45,58,35,85,ATP-2025-0404-315,2025-0404,3,0.9176374239056933,0.824076569749612,0.8330103352071767,0.8258824733281176
atp:126214,atp:105583,2025-03-05,2025,2025,hard,Indian Wells Masters,R64,6-3 7-5,74,51,66,40,85,ATP-2025-0404-316,2025-0404,3,0.5068628780763401,0.50239390470799,0.5045754116859869,0.5081394562952455
atp:202385,atp:200000,2025-03-05,2025,2025,hard,Indian Wells Masters,R64,6-4 6-2,56,39,52,32,85,ATP-2025-0404-317,2025-0404,3,0.2007850979585704,0.29341970796616346,0.28476847880275574,0.2895969362582388
atp:207733,atp:211663,2025-03-05,2025,2025,hard,Indian Wells Masters,R64,6-4 6-0,60,37,46,22,85,ATP-2025-0404-318,2025-0404,3,0.6131451822882721,0.5754618190965315,0.5761613366972458,0.5754003145029498
atp:210097,atp:208363,2025-03-05,2025,2025,hard,Indian Wells Masters,R64,6-3 6-2,56,38,46,27,85,ATP-2025-0404-319,2025-0404,3,0.766661336598506,0.6827356118451792,0.6884828854715792,0.6809359913217946
atp:111575,atp:210150,2025-03-05,2025,2025,hard,Indian Wells Masters,R64,3-6 6-0 6-3,76,48,80,45,85,ATP-2025-0404-320,2025-0404,3,0.5905864679276419,0.5611614060724569,0.5607632450047271,0.5606180714538622
atp:206909,atp:208014,2025-03-05,2025,2025,hard,Indian Wells Masters,R64,7-5 6-1,71,48,63,35,85,ATP-2025-0404-321,2025-0404,3,0.8412883594866895,0.7429053942688253,0.7524826022116305,0.7443868987058938
atp:208286,atp:126094,2025-03-05,2025,2025,hard,Indian Wells Masters,R64,6-4 7-5,70,39,61,30,85,ATP-2025-0404-322,2025-0404,3,0.2682551062156226,0.3436026827996026,0.3387217596910151,0.3405072144831
atp:106421,atp:207352,2025-03-05,2025,2025,hard,Indian Wells Masters,R64,6-2 6-2,52,33,62,30,85,ATP-2025-0404-323,2025-0404,3,0.8330532950337484,0.7317692474558428,0.7449039849290724,0.731477958584855
atp:210506,atp:212256,2025-03-05,2025,2025,hard,Indian Wells Masters,R64,6-3 6-4,88,55,62,37,85,ATP-2025-0404-324,2025-0404,3,0.8597838080966435,0.7732089623333385,0.770121433094532,0.7629513760459615
atp:111815,atp:208103,2025-03-05,2025,2025,hard,Indian Wells Masters,R64,3-6 6-4 7-5,110,68,93,62,85,ATP-2025-0404-325,2025-0404,3,0.34455461871978643,0.39295170667451024,0.394434835162264,0.3949152556831397
atp:126205,atp:207729,2025-03-05,2025,2025,hard,Indian Wells Masters,R64,6-3 6-1,41,30,60,28,85,ATP-2025-0404-326,2025-0404,3,0.95192192949986,0.8619389934347026,0.8797894586676995,0.863271175827041
atp:207518,atp:126128,2025-03-05,2025,2025,hard,Indian Wells Masters,R64,7-5 5-7 6-2,107,63,100,54,85,ATP-2025-0404-327,2025-0404,3,0.6325022216437847,0.5852013702054748,0.5895190804510874,0.5870451228290172
atp:209950,atp:209113,2025-03-05,2025,2025,hard,Indian Wells Masters,R64,6-2 6-2,37,29,55,24,85,ATP-2025-0404-328,2025-0404,3,0.6516994014428603,0.598034625957927,0.6029275651990339,0.6036085886026058
atp:200615,atp:200267,2025-03-05,2025,2025,hard,Indian Wells Masters,R64,7-6(4) 7-5,83,57,85,54,85,ATP-2025-0404-329,2025-0404,3,0.5741012968781933,0.5501418904287213,0.5496036847315084,0.5486599812844777
atp:106218,atp:134770,2025-03-05,2025,2025,hard,Indian Wells Masters,R64,7-6(4) 3-6 6-2,115,71,101,61,85,ATP-2025-0404-330,2025-0404,3,0.4634876716191038,0.47612894414034224,0.4756343557262115,0.4762594768855316
atp:126774,atp:205734,2025-03-05,2025,2025,hard,Indian Wells Masters,R64,6-2 6-4,49,38,71,41,85,ATP-2025-0404-331,2025-0404,3,0.7837016522392353,0.6977251013713723,0.702294161947846,0.6962769329275713
atp:126610,atp:106331,2025-03-05,2025,2025,hard,Indian Wells Masters,R64,6-2 7-6(2),63,45,61,37,85,ATP-2025-0404-332,2025-0404,3,0.8181274540489856,0.7260762384678862,0.7315448482175707,0.7284068943252505
atp:200005,atp:105453,2025-03-05,2025,2025,hard,Indian Wells Masters,R64,6-4 6-3,70,44,47,25,85,ATP-2025-0404-333,2025-0404,3,0.7978195047786967,0.7045704176319483,0.7140523851109988,0.7054021522566447
atp:208029,atp:144895,2025-03-05,2025,2025,hard,Indian Wells Masters,R64,6-2 6-4,50,33,63,31,85,ATP-2025-0404-334,2025-0404,3,0.775590412848293,0.6860405527775184,0.695671059922301,0.6890436511766587
atp:126207,atp:106000,2025-03-05,2025,2025,hard,Indian Wells Masters,R64,7-6(4) 7-6(7),99,60,89,49,85,ATP-2025-0404-335,2025-0404,3,0.8165244707001569,0.7197819179866363,0.7301368596421588,0.7164639207613307
atp:133297,atp:207830,2025-03-05,2025,2025,hard,Indian Wells Masters,R64,4-6 4-2 RET,42,29,44,28,85,ATP-2025-0404-336,2025-0404,3,0.2583812154471622,0.3364991216082317,0.33116229901617317,0.3399533141499134
atp:208659,atp:206681,2025-03-05,2025,2025,hard,Indian Wells Masters,R64,6-4 0-0 RET,28,21,35,20,85,ATP-2025-0404-337,2025-0404,3,0.4054325792749695,0.43590213034544933,0.4365309781194924,0.4379946060684866
atp:134868,atp:100644,2025-03-05,2025,2025,hard,Indian Wells Masters,R64,4-6 7-6(5) 7-6(4),135,82,106,68,85,ATP-2025-0404-338,2025-0404,3,0.12460539796004991,0.22508878381371428,0.21421855969638504,0.22562033955329
atp:207733,atp:207989,2025-03-05,2025,2025,hard,Indian Wells Masters,SF,6-1 0-6 6-4,69,41,70,39,85,ATP-2025-0404-367,2025-0404,3,0.2200591157074154,0.3096786271243821,0.3007880734809345,0.3096789569035587
atp:208029,atp:106421,2025-03-05,2025,2025,hard,Indian Wells Masters,SF,7-5 6-4,70,48,60,36,85,ATP-2025-0404-368,2025-0404,3,0.2652004757751472,0.3400002989190048,0.33639349523113976,0.3429672751447071
atp:210150,atp:104925,2025-03-19,2025,2025,hard,Miami Masters,F,7-6(4) 7-6(4),78,54,74,52,85,ATP-2025-0403-369,2025-0403,3,0.12088804719958096,0.22811262292844472,0.21036972628919923,0.2276757182160633
atp:105777,atp:202103,2025-03-19,2025,2025,hard,Miami Masters,QF,6-7(6) 6-4 7-6(3),108,74,115,74,85,ATP-2025-0403-363,2025-0403,3,0.7372269861825409,0.6591688791150727,0.6654632832090291,0.6605186954672108
atp:104925,atp:200624,2025-03-19,2025,2025,hard,Miami Masters,QF,6-3 7-6(4),59,47,56,39,85,ATP-2025-0403-364,2025-0403,3,0.8559282688197091,0.7555350834486094,0.7663682864040812,0.755055003445448
atp:126203,atp:126610,2025-03-19,2025,2025,hard,Miami Masters,QF,7-5 6-7(7) 7-5,102,77,123,82,85,ATP-2025-0403-365,2025-0403,3,0.6477464329399842,0.6013678762197632,0.6001520500715939,0.6022474255442372
atp:210150,atp:209950,2025-03-19,2025,2025,hard,Miami Masters,QF,7-6(5) 6-1,53,39,69,40,85,ATP-2025-0403-366,2025-0403,3,0.5193310337188407,0.511771101235374,0.5128909253705511,0.5100791324551843
atp:105676,atp:126846,2025-03-19,2025,2025,hard,Miami Masters,R128,2-6 6-4 6-2,76,49,77,45,85,ATP-2025-0403-275,2025-0403,3,0.6003243030932561,0.5648096950315228,0.567390188316966,0.5671317118498271
atp:106148,atp:106331,2025-03-19,2025,2025,hard,Miami Masters,R128,6-3 3-6 7-6(5),93,60,113,69,85,ATP-2025-0403-276,2025-0403,3,0.5681816838214245,0.5480975553681429,0.5456122207070561,0.5424302170279858
atp:106401,atp:111456,2025-03-19,2025,2025,hard,Miami Masters,R128,3-6 6-3 6-4,75,52,84,52,85,ATP-2025-0403-277,2025-0403,3,0.6013249946687402,0.5705282281857587,0.5680728322078434,0.5650254604177327
atp:210748,atp:207681,2025-03-19,2025,2025,hard,Miami Masters,R128,7-6(4) 7-6(2),84,56,79,52,85,ATP-2025-0403-278,2025-0403,3,0.2862322373776408,0.3484411110598915,0.35224868515092694,0.3461011843653916
atp:122330,atp:202104,2025-03-19,2025,2025,hard,Miami Masters,R128,6-3 6-4,54,40,51,31,85,ATP-2025-0403-279,2025-0403,3,0.5549731842704922,0.5366718225288989,0.5367312514725233,0.5379866244968428
atp:124186,atp:210536,2025-03-19,2025,2025,hard,Miami Masters,R128,6-4 6-4,55,43,77,48,85,ATP-2025-0403-280,2025-0403,3,0.7856175577189777,0.707166423046245,0.7038722057252004,0.7097735538057499
atp:144895,atp:210696,2025-03-19,2025,2025,hard,Miami Masters,R128,7-6(5) 6-4,87,57,72,46,85,ATP-2025-0403-281,2025-0403,3,0.8188376423798602,0.7401634046504122,0.732170232426439,0.7393482650498004
atp:200175,atp:206499,2025-03-19,2025,2025,hard,Miami Masters,R128,6-4 6-4,81,53,57,38,85,ATP-2025-0403-282,2025-0403,3,0.6949184243423958,0.6330710522688482,0.6338594983478467,0.6311718492252385
atp:208014,atp:209098,2025-03-19,2025,2025,hard,Miami Masters,R128,7-5 3-6 7-5,95,57,107,62,85,ATP-2025-0403-283,2025-0403,3,0.12746220132233094,0.2339630200996763,0.2171435409840978,0.2310522740771634
atp:200116,atp:200587,2025-03-19,2025,2025,hard,Miami Masters,R128,2-6 7-6(5) 6-4,100,57,98,58,85,ATP-2025-0403-284,2025-0403,3,0.7902952323700906,0.7101766061148591,0.7077477839010915,0.7093625564851825
atp:209262,atp:210319,2025-03-19,2025,2025,hard,Miami Masters,R128,6-0 6-2,42,30,42,18,85,ATP-2025-0403-285,2025-0403,3,0.7258093394633798,0.6535210871866792,0.6567796179418967,0.6544949001481334
atp:111460,atp:205734,2025-03-19,2025,2025,hard,Miami Masters,R128,6-3 6-4,62,44,54,34,85,ATP-2025-0403-286,2025-0403,3,0.5085721045103297,0.5039503793836361,0.5057150474339414,0.5088644306819166
atp:202358,atp:208233,2025-03-19,2025,2025,hard,Miami Masters,R128,7-6(5) 6-2,56,45,67,41,85,ATP-2025-0403-287,2025-0403,3,0.203191794233453,0.29285314459917994,0.28680020365339287,0.29074414694312
atp:208118,atp:126129,2025-03-19,2025,2025,hard,Miami Masters,R128,7-6(2) 3-6 6-2,94,63,99,60,85,ATP-2025-0403-288,2025-0403,3,0.3595331639252265,0.40367564513014453,0.40493904907009615,0.4015429409083656
atp:104792,atp:206681,2025-03-19,2025,2025,hard,Miami Masters,R128,6-3 3-6 6-4,83,57,93,57,85,ATP-2025-0403-289,2025-0403,3,0.6291198770440967,0.5886673538409375,0.5871740691383825,0.5864955534040309
atp:144719,atp:126239,2025-03-19,2025,2025,hard,Miami Masters,R128,6-3 7-6(5),71,48,75,47,85,ATP-2025-0403-290,2025-0403,3,0.6977772517725144,0.6298010457825037,0.6359488456988541,0.6326332210744325
atp:200267,atp:132686,2025-03-19,2025,2025,hard,Miami Masters,R128,7-6(2) 7-5,98,61,82,48,85,ATP-2025-0403-291,2025-0403,3,0.43943264690115963,0.45818138295622524,0.45951135793337256,0.4627088841449905
atp:200384,atp:106415,2025-03-19,2025,2025,hard,Miami Masters,R128,6-4 3-1 RET,45,29,47,26,85,ATP-2025-0403-292,2025-0403,3,0.22716467498818724,0.3152759597095346,0.30655802130401766,0.316644739599062
atp:211663,atp:210530,2025-03-19,2025,2025,hard,Miami Masters,R128,6-7(1) 6-3 6-4,99,68,108,69,85,ATP-2025-0403-293,2025-0403,3,0.7748321301229214,0.6861191471487357,0.6950565355682448,0.6879380722745929
atp:207352,atp:111815,2025-03-19,2025,2025,hard,Miami Masters,R128,6-4 6-2,53,38,62,35,85,ATP-2025-0403-294,2025-0403,3,0.5049386672325056,0.5032627422216847,0.5032925043086826,0.5024267897540684
atp:209409,atp:127157,2025-03-19,2025,2025,hard,Miami Masters,R128,6-4 6-3,52,42,48,32,85,ATP-2025-0403-295,2025-0403,3,0.2211775159103866,0.3048060298502192,0.30170083860577507,0.3045180240762103
atp:209260,atp:124079,2025-03-19,2025,2025,hard,Miami Masters,R128,6-4 6-1,43,36,41,25,85,ATP-2025-0403-296,2025-0403,3,0.24462730829736504,0.3256551250061741,0.3204618227757374,0.3245249329301913
atp:202058,atp:207925,2025-03-19,2025,2025,hard,Miami Masters,R128,6-1 3-6 6-3,79,54,76,44,85,ATP-2025-0403-297,2025-0403,3,0.4142941695150106,0.4415230383736176,0.4425479687278947,0.4369176712106516
atp:132283,atp:208363,2025-03-19,2025,2025,hard,Miami Masters,R128,7-5 7-5,71,51,78,48,85,ATP-2025-0403-298,2025-0403,3,0.6364307971423881,0.5906444495324391,0.5922490545868151,0.5923469166789453
atp:210150,atp:105138,2025-03-19,2025,2025,hard,Miami Masters,R128,6-4 3-6 6-1,86,57,71,45,85,ATP-2025-0403-299,2025-0403,3,0.6916962102183173,0.6258755692531928,0.631511694896131,0.6238109708213537
atp:126128,atp:202385,2025-03-19,2025,2025,hard,Miami Masters,R128,6-3 3-6 6-3,102,64,78,51,85,ATP-2025-0403-300,2025-0403,3,0.6232621556488468,0.585189210262629,0.5831241768920394,0.5820146464517997
atp:208286,atp:200059,2025-03-19,2025,2025,hard,Miami Masters,R128,7-6(3) 4-6 6-3,91,65,114,71,85,ATP-2025-0403-301,2025-0403,3,0.57799340982945,0.5535832169684327,0.5522323340560068,0.551656400102885
atp:124187,atp:111153,2025-03-19,2025,2025,hard,Miami Masters,R128,6-3 7-6(4),66,52,65,46,85,ATP-2025-0403-302,2025-0403,3,0.6305329414321833,0.5941648533831652,0.5881531647245041,0.5906338697866569
atp:200221,atp:105526,2025-03-19,2025,2025,hard,Miami Masters,R128,7-6(3) 6-3,71,51,66,42,85,ATP-2025-0403-303,2025-0403,3,0.5721273731145986,0.5454625269601068,0.5482718626628948,0.5453645157731397
atp:209113,atp:144869,2025-03-19,2025,2025,hard,Miami Masters,R128,6-3 6-0,49,32,42,18,85,ATP-2025-0403-304,2025-0403,3,0.43332589035217417,0.4557688347091966,0.4554031154272951,0.4563283805185917
atp:111442,atp:106218,2025-03-19,2025,2025,hard,Miami Masters,R128,3-6 6-4 7-5,95,64,106,68,85,ATP-2025-0403-305,2025-0403,3,0.4123378466999397,0.44252839847966163,0.44122150290051276,0.4450289879765623
atp:207985,atp:126127,2025-03-19,2025,2025,hard,Miami Masters,R128,7-6(6) 2-6 6-4,100,63,98,66,85,ATP-2025-0403-306,2025-0403,3,0.5474897275598573,0.5327469998800202,0.5317129109028017,0.533606509645917
atp:105777,atp:206909,2025-03-19,2025,2025,hard,Miami Masters,R16,6-4 7-5,57,44,54,40,85,ATP-2025-0403-355,2025-0403,3,0.6321874527517618,0.5896823745296801,0.5893006406236803,0.5908881777484465
atp:202103,atp:134770,2025-03-19,2025,2025,hard,Miami Masters,R16,6-4 6-2,53,39,66,37,85,ATP-2025-0403-356,2025-0403,3,0.3786509920369218,0.4171405707819641,0.4181955264377506,0.4209445736871795
atp:104925,atp:207518,2025-03-19,2025,2025,hard,Miami Masters,R16,6-2 6-2,46,32,56,26,85,ATP-2025-0403-357,2025-0403,3,0.8743873462366116,0.7650392635974026,0.7847469472279421,0.7686226645219585
atp:200624,atp:104792,2025-03-19,2025,2025,hard,Miami Masters,R16,6-4 2-6 6-4,83,54,83,55,85,ATP-2025-0403-358,2025-0403,3,0.5213023333066321,0.5175172026618604,0.5142063329151807,0.5112982526929171
atp:126610,atp:200282,2025-03-19,2025,2025,hard,Miami Masters,R16,6-3 7-6(7),85,52,65,40,85,ATP-2025-0403-359,2025-0403,3,0.36647693307332857,0.41260984279543755,0.40977218754784334,0.4124175452863542
atp:126203,atp:200443,2025-03-19,2025,2025,hard,Miami Masters,R16,6-3 7-5,57,33,54,31,85,ATP-2025-0403-360,2025-0403,3,0.9575601850814112,0.8686641328214502,0.8887003909762919,0.8702914938449928
atp:209950,atp:100644,2025-03-19,2025,2025,hard,Miami Masters,R16,3-6 6-3 6-4,75,51,80,52,85,ATP-2025-0403-362,2025-0403,3,0.1636111821147045,0.2636334824214047,0.2520452429560807,0.2615793528270926
atp:206909,atp:105676,2025-03-19,2025,2025,hard,Miami Masters,R32,6-3 6-7(5) 6-3,94,68,100,61,85,ATP-2025-0403-339,2025-0403,3,0.6691974039987499,0.6144125561342544,0.6153138966096925,0.6143667751458852
atp:105777,atp:111575,2025-03-19,2025,2025,hard,Miami Masters,R32,6-7(3) 6-4 7-5,95,74,110,73,85,ATP-2025-0403-340,2025-0403,3,0.5477414716506764,0.5282955145864001,0.5318815913124143,0.5297493560334506
atp:202103,atp:126205,2025-03-19,2025,2025,hard,Miami Masters,R32,6-2 7-6(4),59,38,61,31,85,ATP-2025-0403-341,2025-0403,3,0.17458528692962647,0.27620018084656484,0.26199051422954,0.2741205066187063
atp:134770,atp:126214,2025-03-19,2025,2025,hard,Miami Masters,R32,6-4 7-6(4),62,51,74,50,85,ATP-2025-0403-342,2025-0403,3,0.7012885568630738,0.632685779804744,0.6385233820141851,0.6305144458583238
atp:104925,atp:200116,2025-03-19,2025,2025,hard,Miami Masters,R32,6-1 7-6(1),64,46,64,38,85,ATP-2025-0403-343,2025-0403,3,0.9743273133929654,0.8962725978011516,0.9186551363434635,0.8938141302935325
atp:207518,atp:200000,2025-03-19,2025,2025,hard,Miami Masters,R32,4-6 6-2 6-3,93,60,90,54,85,ATP-2025-0403-344,2025-0403,3,0.4207852843252903,0.44687418015471103,0.44694208433280297,0.4484411217151863
atp:200624,atp:126774,2025-03-19,2025,2025,hard,Miami Masters,R32,7-6(4) 6-3,74,48,58,35,85,ATP-2025-0403-345,2025-0403,3,0.5058050274043538,0.5023837465370868,0.5038701148774407,0.5081076328685538
atp:104792,atp:144719,2025-03-19,2025,2025,hard,Miami Masters,R32,7-5 5-7 7-6(1),110,74,104,69,85,ATP-2025-0403-346,2025-0403,3,0.6235041898285315,0.5815262786188736,0.5832912373190545,0.5828110738352792
atp:126610,atp:200267,2025-03-19,2025,2025,hard,Miami Masters,R32,6-4 6-4,56,40,69,39,85,ATP-2025-0403-347,2025-0403,3,0.7539515561998362,0.6744582315634519,0.6784228137602267,0.6742431043785326
atp:200282,atp:211663,2025-03-19,2025,2025,hard,Miami Masters,R32,5-7 7-5 6-3,99,66,92,56,85,ATP-2025-0403-348,2025-0403,3,0.6883862975876676,0.6245257700938033,0.6291076624581693,0.6242717450487139
atp:200443,atp:209409,2025-03-19,2025,2025,hard,Miami Masters,R32,7-6(6) 4-6 6-4,104,68,99,66,85,ATP-2025-0403-349,2025-0403,3,0.6778123643396897,0.6201847906532139,0.6214775186154148,0.6177515751804054
atp:126203,atp:133430,2025-03-19,2025,2025,hard,Miami Masters,R32,7-5 6-3,59,44,52,31,85,ATP-2025-0403-350,2025-0403,3,0.7297165619868513,0.6567868742189368,0.6597372057128029,0.656113968214245
atp:210150,atp:126128,2025-03-19,2025,2025,hard,Miami Masters,R32,6-4 6-4,55,42,50,37,85,ATP-2025-0403-351,2025-0403,3,0.6140839477894099,0.5759922332782874,0.5768058126955468,0.574185094312516
atp:207830,atp:124187,2025-03-19,2025,2025,hard,Miami Masters,R32,7-6(1) 6-3,58,48,59,40,85,ATP-2025-0403-352,2025-0403,3,0.7300907987683652,0.6582251369490285,0.6600212386090379,0.659434677282035
atp:209950,atp:126207,2025-03-19,2025,2025,hard,Miami Masters,R32,7-6(11) 5-7 6-2,100,68,142,82,85,ATP-2025-0403-353,2025-0403,3,0.5294533639315472,0.5212265293871956,0.519648212161726,0.5227785985208313
atp:100644,atp:111442,2025-03-19,2025,2025,hard,Miami Masters,R32,7-5 6-4,55,42,60,38,85,ATP-2025-0403-354,2025-0403,3,0.8863762028503485,0.7828432738389673,0.7972991976770532,0.7838060651753647
atp:105676,atp:207989,2025-03-19,2025,2025,hard,Miami Masters,R64,5-7 6-4 6-3,89,57,100,61,85,ATP-2025-0403-307,2025-0403,3,0.031099361574786745,0.12740503629548003,0.09173352942588278,0.1259966028646362
atp:206909,atp:106148,2025-03-19,2025,2025,hard,Miami Masters,R64,6-4 4-6 6-3,101,66,86,53,85,ATP-2025-0403-308,2025-0403,3,0.6635601052415433,0.6086949137742657,0.6113047403195384,0.6070760855629259
atp:111575,atp:106401,2025-03-19,2025,2025,hard,Miami Masters,R64,7-6(3) 6-0,53,42,64,35,85,ATP-2025-0403-309,2025-0403,3,0.6179095690424882,0.5785458739322908,0.5794355100071097,0.5825710982870779
atp:105777,atp:210748,2025-03-19,2025,2025,hard,Miami Masters,R64,6-1 6-4,54,40,49,26,85,ATP-2025-0403-310,2025-0403,3,0.9328496315873905,0.84602505991942,0.8524825678665396,0.8470762659316342
atp:126205,atp:122330,2025-03-19,2025,2025,hard,Miami Masters,R64,5-7 7-5 6-4,100,73,112,74,85,ATP-2025-0403-311,2025-0403,3,0.9321041741344375,0.8248711288737491,0.8514872040888865,0.8231127203277301
atp:202103,atp:124186,2025-03-19,2025,2025,hard,Miami Masters,R64,6-1 6-2,42,31,50,23,85,ATP-2025-0403-312,2025-0403,3,0.5877156236823569,0.5601226882525303,0.5588147666447779,0.555918626064949
atp:126214,atp:144895,2025-03-19,2025,2025,hard,Miami Masters,R64,5-7 6-3 7-5,115,68,107,60,85,ATP-2025-0403-313,2025-0403,3,0.5672271442633241,0.5417917839107282,0.5449692938017355,0.5430935023966585
atp:134770,atp:200175,2025-03-19,2025,2025,hard,Miami Masters,R64,3-6 6-4 6-4,99,66,81,56,85,ATP-2025-0403-314,2025-0403,3,0.5533085744780114,0.5333982603851759,0.5356142221317056,0.530714716453941
atp:104925,atp:208014,2025-03-19,2025,2025,hard,Miami Masters,R64,6-0 7-6(1),49,41,63,36,85,ATP-2025-0403-315,2025-0403,3,0.9870704045220446,0.916315183951593,0.9473572783918082,0.9165455117914356
atp:200116,atp:210506,2025-03-19,2025,2025,hard,Miami Masters,R64,6-7(3) 7-5 6-3,112,74,96,64,85,ATP-2025-0403-316,2025-0403,3,0.2645841650242294,0.338837703506927,0.33592263016423685,0.3441194367913324
atp:200000,atp:209262,2025-03-19,2025,2025,hard,Miami Masters,R64,6-4 6-4,50,41,71,43,85,ATP-2025-0403-317,2025-0403,3,0.7484692296490687,0.6708931439670427,0.6741414380634634,0.6728402099721348
atp:207518,atp:111460,2025-03-19,2025,2025,hard,Miami Masters,R64,3-6 7-6(4) 7-5,120,78,105,70,85,ATP-2025-0403-318,2025-0403,3,0.7749321803502115,0.6887935238034244,0.6951375734928984,0.69222386865993
atp:126774,atp:202358,2025-03-19,2025,2025,hard,Miami Masters,R64,4-6 7-5 6-3,86,61,82,54,85,ATP-2025-0403-319,2025-0403,3,0.9144851267633092,0.8082190662806475,0.829173442125872,0.814635926793725
atp:200624,atp:208118,2025-03-19,2025,2025,hard,Miami Masters,R64,6-4 6-2,57,37,57,32,85,ATP-2025-0403-320,2025-0403,3,0.961466437999709,0.8815113697474894,0.8951649685235847,0.8803610078114479
atp:104792,atp:208103,2025-03-19,2025,2025,hard,Miami Masters,R64,6-1 3-6 7-6(8),89,63,97,62,85,ATP-2025-0403-321,2025-0403,3,0.4790645484261341,0.4873656584059264,0.48603849763541884,0.487470787815538
atp:144719,atp:106421,2025-03-19,2025,2025,hard,Miami Masters,R64,6-2 6-3,53,39,53,29,85,ATP-2025-0403-322,2025-0403,3,0.16434546801407895,0.2667775554901033,0.2527190082353881,0.2676856197089911
atp:200267,atp:126094,2025-03-19,2025,2025,hard,Miami Masters,R64,7-5 6-4,74,42,68,47,85,ATP-2025-0403-323,2025-0403,3,0.2121402837605239,0.3027591867383639,0.2942741874430309,0.3017561925850663
atp:126610,atp:200384,2025-03-19,2025,2025,hard,Miami Masters,R64,4-6 6-3 6-3,71,54,96,58,85,ATP-2025-0403-324,2025-0403,3,0.9452363225629561,0.8436434893254207,0.8697713428467535,0.8447466422792551
atp:211663,atp:200005,2025-03-19,2025,2025,hard,Miami Masters,R64,6-4 6-3,40,36,53,32,85,ATP-2025-0403-325,2025-0403,3,0.4597990461506316,0.47193492130540426,0.4731671925415211,0.4769014185833868
atp:200282,atp:207352,2025-03-19,2025,2025,hard,Miami Masters,R64,6-4 6-4,48,40,65,41,85,ATP-2025-0403-326,2025-0403,3,0.8554356655424035,0.7486668715261605,0.7658918003102747,0.751861262846677
atp:209409,atp:210097,2025-03-19,2025,2025,hard,Miami Masters,R64,7-6(3) 2-6 7-6(5),108,70,99,71,85,ATP-2025-0403-327,2025-0403,3,0.07620497787482862,0.17025079531519885,0.159309381059775,0.1745311158921327
atp:200443,atp:209260,2025-03-19,2025,2025,hard,Miami Masters,R64,6-4 6-4,66,48,66,41,85,ATP-2025-0403-328,2025-0403,3,0.6685308874754913,0.6145675493221217,0.6148389123628822,0.611844460580067
atp:133430,atp:202058,2025-03-19,2025,2025,hard,Miami Masters,R64,6-3 6-7(1) 7-6(3),108,69,101,64,85,ATP-2025-0403-329,2025-0403,3,0.8518234020798926,0.7587618688763821,0.7624181493968772,0.7585498300312772
atp:126203,atp:132283,2025-03-19,2025,2025,hard,Miami Masters,R64,7-6(2) 6-3,62,48,87,53,85,ATP-2025-0403-330,2025-0403,3,0.8487773150747727,0.7547365366951526,0.7595161987783502,0.7545528957383677
atp:210150,atp:207733,2025-03-19,2025,2025,hard,Miami Masters,R64,7-6(2) 7-6(3),76,57,92,61,85,ATP-2025-0403-331,2025-0403,3,0.28962328204608323,0.3557210093477288,0.35476868124435507,0.3570653961883363
atp:126128,atp:200615,2025-03-19,2025,2025,hard,Miami Masters,R64,6-7(4) 6-3 7-5,93,67,113,73,85,ATP-2025-0403-332,2025-0403,3,0.45474977095045754,0.47084452233821317,0.46978726680880445,0.4702142678999462
atp:207830,atp:208286,2025-03-19,2025,2025,hard,Miami Masters,R64,6-2 1-6 6-3,77,49,74,44,85,ATP-2025-0403-333,2025-0403,3,0.6410987024061504,0.5938023264853456,0.5955018523498917,0.5920873970460463
atp:124187,atp:208029,2025-03-19,2025,2025,hard,Miami Masters,R64,4-6 6-3 7-6(5),93,68,93,65,85,ATP-2025-0403-334,2025-0403,3,0.32082092226325915,0.3768126582631523,0.3775403966079019,0.3725187945986961
atp:126207,atp:200221,2025-03-19,2025,2025,hard,Miami Masters,R64,7-5 7-6(5),74,52,95,57,85,ATP-2025-0403-335,2025-0403,3,0.5079371904955953,0.5059216010457837,0.5052917072875418,0.5055748697837728
atp:209950,atp:209113,2025-03-19,2025,2025,hard,Miami Masters,R64,6-4 2-3 RET,40,30,48,32,85,ATP-2025-0403-336,2025-0403,3,0.6500621822152036,0.5981314878119045,0.601777056822696,0.5999497296873038
atp:111442,atp:208659,2025-03-19,2025,2025,hard,Miami Masters,R64,7-6(4) 7-6(1),66,54,82,55,85,ATP-2025-0403-337,2025-0403,3,0.5970619433432905,0.5661385395691125,0.5651668691107644,0.5671741973581901
atp:100644,atp:207985,2025-03-19,2025,2025,hard,Miami Masters,R64,6-2 6-4,49,38,59,33,85,ATP-2025-0403-338,2025-0403,3,0.8681453465791138,0.7638712695666396,0.7784125436011365,0.7687806007749762
atp:104925,atp:105777,2025-03-19,2025,2025,hard,Miami Masters,SF,6-2 6-3,45,33,43,22,85,ATP-2025-0403-367,2025-0403,3,0.7863448363628073,0.6984363791212878,0.7044726371057533,0.696417063775969
atp:210150,atp:126203,2025-03-19,2025,2025,hard,Miami Masters,SF,7-6(4) 4-6 7-6(4),101,75,114,79,85,ATP-2025-0403-368,2025-0403,3,0.21395073414057247,0.30519019770806466,0.29577147576321383,0.2997437982042232
atp:209260,atp:134868,2025-03-31,2025,2025,clay,Marrakech,F,7-6(3) 7-6(4),83,58,81,57,85,ATP-2025-0360-385,2025-0360,3,0.476117067106127,0.48454922625980745,0.48407131099265777,0.487225215281011
atp:209260,atp:200240,2025-03-31,2025,2025,clay,Marrakech,QF,7-5 6-2,76,48,80,43,85,ATP-2025-0360-379,2025-0360,3,0.737312374897301,0.6674813323982995,0.6655287045467475,0.6641274457840276
atp:106148,atp:132686,2025-03-31,2025,2025,clay,Marrakech,QF,6-4 6-4,90,51,56,31,85,ATP-2025-0360-380,2025-0360,3,0.457831424743982,0.4708595634552989,0.47185047586678613,0.4739863331871902
atp:111794,atp:124186,2025-03-31,2025,2025,clay,Marrakech,QF,7-5 6-4,68,45,84,45,85,ATP-2025-0360-381,2025-0360,3,0.29360919932454943,0.3550285850147312,0.35771872638858393,0.3573149625295668
atp:134868,atp:208233,2025-03-31,2025,2025,clay,Marrakech,QF,6-3 6-4,62,45,59,35,85,ATP-2025-0360-382,2025-0360,3,0.5653618860341441,0.545558574997542,0.5437134903094248,0.5505187523787465
atp:200240,atp:132283,2025-03-31,2025,2025,clay,Marrakech,R16,6-2 5-7 6-4,104,60,88,48,85,ATP-2025-0360-371,2025-0360,3,0.20954749458599567,0.2955122276103613,0.2921213388124927,0.3029719595188093
atp:209260,atp:200384,2025-03-31,2025,2025,clay,Marrakech,R16,2-6 6-2 6-3,72,44,93,54,85,ATP-2025-0360-372,2025-0360,3,0.6408116596832848,0.5904241392709986,0.5953015375250632,0.5888182402488074
atp:132686,atp:209920,2025-03-31,2025,2025,clay,Marrakech,R16,6-2 3-6 7-6(0),89,62,108,66,85,ATP-2025-0360-373,2025-0360,3,0.9700910416036009,0.9085883953822094,0.9104782108430262,0.9089102029662908
atp:106148,atp:202261,2025-03-31,2025,2025,clay,Marrakech,R16,6-4 6-4,58,38,57,32,85,ATP-2025-0360-374,2025-0360,3,0.7794672466002981,0.6988120486892244,0.6988251614529074,0.7003354355526765
atp:111794,atp:207411,2025-03-31,2025,2025,clay,Marrakech,R16,7-6(3) 6-1,53,41,57,32,85,ATP-2025-0360-375,2025-0360,3,0.3423028804464676,0.3866991973181377,0.3928457808589476,0.3871330980844484
atp:124186,atp:106198,2025-03-31,2025,2025,clay,Marrakech,R16,6-7(5) 6-1 6-4,94,65,105,60,85,ATP-2025-0360-376,2025-0360,3,0.7882615362291312,0.7011036091276874,0.7060587893075935,0.7062731666743736
atp:208233,atp:105732,2025-03-31,2025,2025,clay,Marrakech,R16,6-2 7-5,50,37,63,35,85,ATP-2025-0360-377,2025-0360,3,0.625111720762231,0.5896233001125772,0.5844014081096788,0.5831142125981914
atp:134868,atp:105807,2025-03-31,2025,2025,clay,Marrakech,R16,7-6(1) 3-6 6-3,108,72,94,62,85,ATP-2025-0360-378,2025-0360,3,0.4290012057558093,0.45024976369572584,0.45248921150414667,0.4536791340554683
atp:200240,atp:127339,2025-03-31,2025,2025,clay,Marrakech,R32,2-6 6-2 6-4,84,50,73,42,85,ATP-2025-0360-359,2025-0360,3,0.4261351928832295,0.450373058754706,0.4505559228388911,0.4525783776266164
atp:200384,atp:207678,2025-03-31,2025,2025,clay,Marrakech,R32,5-7 6-3 6-4,95,55,108,58,85,ATP-2025-0360-360,2025-0360,3,0.5837610486676739,0.5538732005620945,0.5561343953317177,0.5535110437020645
atp:209260,atp:207729,2025-03-31,2025,2025,clay,Marrakech,R32,6-4 6-4,73,49,62,39,85,ATP-2025-0360-361,2025-0360,3,0.7293695455736537,0.6663783950022678,0.6594739508062216,0.6664844831990104
atp:209920,atp:104926,2025-03-31,2025,2025,clay,Marrakech,R32,6-3 6-3,55,37,55,30,85,ATP-2025-0360-362,2025-0360,3,0.09445548937304446,0.17427992656018715,0.1813929534910068,0.1767534425946652
atp:202261,atp:127157,2025-03-31,2025,2025,clay,Marrakech,R32,6-2 4-6 7-6(3),94,63,112,67,85,ATP-2025-0360-363,2025-0360,3,0.23288479935663212,0.3142300102977851,0.31115422466541987,0.3098197054087279
atp:106148,atp:207220,2025-03-31,2025,2025,clay,Marrakech,R32,7-6(3) 6-3,79,49,82,47,85,ATP-2025-0360-364,2025-0360,3,0.8606586825391035,0.7699234822521578,0.7709790484160554,0.7671584571792315
atp:111794,atp:144719,2025-03-31,2025,2025,clay,Marrakech,R32,6-4 6-3,55,40,54,30,85,ATP-2025-0360-365,2025-0360,3,0.16771228121726348,0.25942831027601043,0.2557927144519776,0.2620522320679512
atp:207411,atp:200611,2025-03-31,2025,2025,clay,Marrakech,R32,7-5 6-1,45,40,74,40,85,ATP-2025-0360-366,2025-0360,3,0.9193317288448529,0.8329798711358839,0.835098469037233,0.837991561004896
atp:106198,atp:126846,2025-03-31,2025,2025,clay,Marrakech,R32,7-5 4-6 7-5,110,74,116,72,85,ATP-2025-0360-367,2025-0360,3,0.43766656044128904,0.45943443981783705,0.4583239799467638,0.4548810897356637
atp:208233,atp:200303,2025-03-31,2025,2025,clay,Marrakech,R32,6-4 6-4,56,41,64,38,85,ATP-2025-0360-368,2025-0360,3,0.5494982911946681,0.5325916845048715,0.533058998775799,0.5252106749950821
atp:105732,atp:105948,2025-03-31,2025,2025,clay,Marrakech,R32,4-6 6-3 6-2,87,52,84,43,85,ATP-2025-0360-369,2025-0360,3,0.36755544113918587,0.41202001535140553,0.4105209389479628,0.4083377900064899
atp:105807,atp:207794,2025-03-31,2025,2025,clay,Marrakech,R32,6-1 6-3,44,35,58,29,85,ATP-2025-0360-370,2025-0360,3,0.9326732060195538,0.8604012963268353,0.8522465758664921,0.8613761534179651
atp:209260,atp:106148,2025-03-31,2025,2025,clay,Marrakech,SF,6-3 6-2,58,39,55,25,85,ATP-2025-0360-383,2025-0360,3,0.40137294429207854,0.43576428722080274,0.4337669073331572,0.4386024594692984
atp:134868,atp:111794,2025-03-31,2025,2025,clay,Marrakech,SF,7-5 7-6(3),75,54,71,47,85,ATP-2025-0360-384,2025-0360,3,0.6674694612860456,0.6147081819704564,0.6140830426761756,0.6131654636075065
atp:202385,atp:126207,2025-03-31,2025,2025,clay,Houston,F,6-4 6-2,58,38,55,26,85,ATP-2025-0717-385,2025-0717,3,0.2539199442922094,0.3277076071781462,0.3277139974003264,0.3289786546953934
atp:126207,atp:210506,2025-03-31,2025,2025,clay,Houston,QF,7-5 6-1,58,40,76,40,85,ATP-2025-0717-379,2025-0717,3,0.6278302733390215,0.5856118104565111,0.5862812528640233,0.5864942622043191
atp:206909,atp:111153,2025-03-31,2025,2025,clay,Houston,QF,6-4 6-4,53,40,65,43,85,ATP-2025-0717-380,2025-0717,3,0.7739572200141567,0.6937988724422324,0.6943484546838427,0.6966115635437207
atp:202385,atp:206499,2025-03-31,2025,2025,clay,Houston,QF,2-6 6-3 6-4,86,50,90,51,85,ATP-2025-0717-381,2025-0717,3,0.3821128590507191,0.4172541713624056,0.42057992280394263,0.420488814124851
atp:126205,atp:212256,2025-03-31,2025,2025,clay,Houston,QF,6-1 7-6(1),51,41,71,40,85,ATP-2025-0717-382,2025-0717,3,0.925334786479055,0.8375071857326615,0.8426520070207971,0.8352423238667933
atp:126207,atp:200443,2025-03-31,2025,2025,clay,Houston,R16,7-5 6-3,53,39,73,40,85,ATP-2025-0717-371,2025-0717,3,0.7443681812230691,0.6661572367818123,0.6709603355990714,0.6725460011437482
atp:210506,atp:105173,2025-03-31,2025,2025,clay,Houston,R16,6-7(0) 6-4 6-2,95,57,99,53,85,ATP-2025-0717-372,2025-0717,3,0.8497993048162442,0.7471608669336027,0.7604871042248257,0.7505059498102165
atp:206909,atp:111456,2025-03-31,2025,2025,clay,Houston,R16,6-1 7-5,49,40,61,35,85,ATP-2025-0717-373,2025-0717,3,0.7750957305945327,0.6935747191269888,0.6952700736861183,0.6927752207644521
atp:111153,atp:105453,2025-03-31,2025,2025,clay,Houston,R16,6-1 0-0 RET,22,16,20,9,85,ATP-2025-0717-374,2025-0717,3,0.3044629851579565,0.3643920052430002,0.36568891919701996,0.3627771075667221
atp:206499,atp:144656,2025-03-31,2025,2025,clay,Houston,R16,6-3 6-3,54,39,70,38,85,ATP-2025-0717-375,2025-0717,3,0.6739970871078844,0.625051640899075,0.61874221431203,0.6261914198620327
atp:202385,atp:126214,2025-03-31,2025,2025,clay,Houston,R16,3-6 6-4 7-6(6),99,64,115,71,85,ATP-2025-0717-376,2025-0717,3,0.21402311035759045,0.2981772555144681,0.2958312319617563,0.2960884413941337
atp:212256,atp:210319,2025-03-31,2025,2025,clay,Houston,R16,6-3 6-4,54,43,48,31,85,ATP-2025-0717-377,2025-0717,3,0.37468751779787784,0.41158849493799904,0.4154598714404326,0.4055256963524883
atp:126205,atp:106426,2025-03-31,2025,2025,clay,Houston,R16,2-6 6-2 7-6(5),96,57,113,66,85,ATP-2025-0717-378,2025-0717,3,0.6922513395074607,0.6292962526038981,0.6319156484956546,0.6281169415881505
atp:200443,atp:111581,2025-03-31,2025,2025,clay,Houston,R32,6-3 7-6(5),71,41,61,29,85,ATP-2025-0717-359,2025-0717,3,0.37906679570015966,0.4163414539989965,0.4184821603474981,0.4148810755609079
atp:105173,atp:105870,2025-03-31,2025,2025,clay,Houston,R32,7-6(5) 6-3,82,49,57,33,85,ATP-2025-0717-360,2025-0717,3,0.04316938297041737,0.14048917729540095,0.11247923975860966,0.1386124685953667
atp:210506,atp:210530,2025-03-31,2025,2025,clay,Houston,R32,6-4 6-2,45,34,57,31,85,ATP-2025-0717-361,2025-0717,3,0.4080274736437173,0.4346667731355602,0.4382951946518302,0.4292392939638934
atp:111456,atp:123755,2025-03-31,2025,2025,clay,Houston,R32,6-2 6-7(3) 6-4,84,63,90,59,85,ATP-2025-0717-362,2025-0717,3,0.5216612618226611,0.5142178753422124,0.5144458643010296,0.5154470089555235
atp:111153,atp:208014,2025-03-31,2025,2025,clay,Houston,R32,6-2 4-6 6-3,80,55,85,47,85,ATP-2025-0717-363,2025-0717,3,0.6447005978496079,0.600302694408478,0.5980187830028302,0.5968952094334784
atp:105453,atp:106283,2025-03-31,2025,2025,clay,Houston,R32,6-4 6-2,57,39,48,27,85,ATP-2025-0717-364,2025-0717,3,0.5046368694866585,0.5037526733762252,0.503091295558466,0.5005478219026885
atp:206499,atp:144869,2025-03-31,2025,2025,clay,Houston,R32,6-3 6-4,65,46,52,35,85,ATP-2025-0717-365,2025-0717,3,0.18947021627373012,0.27778362812465873,0.27508568504335024,0.2783412335274083
atp:144656,atp:200587,2025-03-31,2025,2025,clay,Houston,R32,7-6(7) 7-6(8),109,69,89,60,85,ATP-2025-0717-366,2025-0717,3,0.6116746067663915,0.5798531715553044,0.5751524037706209,0.5775907494357294
atp:202385,atp:106121,2025-03-31,2025,2025,clay,Houston,R32,6-4 6-4,53,41,66,40,85,ATP-2025-0717-367,2025-0717,3,0.4527699277922653,0.4680846892546923,0.46846106096323203,0.4704854085825306
atp:210319,atp:111442,2025-03-31,2025,2025,clay,Houston,R32,4-6 6-4 6-3,96,61,95,54,85,ATP-2025-0717-368,2025-0717,3,0.45476729117240894,0.4734166025590455,0.4697990003910851,0.4714893671067908
atp:212256,atp:105902,2025-03-31,2025,2025,clay,Houston,R32,6-2 6-2,44,33,58,30,85,ATP-2025-0717-369,2025-0717,3,0.5865763323116683,0.5615365640807655,0.5580421399946252,0.5623770960420652
atp:106426,atp:106310,2025-03-31,2025,2025,clay,Houston,R32,6-3 6-4,51,40,75,45,85,ATP-2025-0717-370,2025-0717,3,0.7450109628877865,0.67563334229223,0.6714577360546309,0.6784170246919394
atp:126207,atp:206909,2025-03-31,2025,2025,clay,Houston,SF,6-4 7-6(3),60,38,81,42,85,ATP-2025-0717-383,2025-0717,3,0.35296722102126216,0.4005147365405365,0.40034819448680053,0.3998876830081869
atp:202385,atp:126205,2025-03-31,2025,2025,clay,Houston,SF,7-6(5) 3-6 7-6(6),109,64,111,69,85,ATP-2025-0717-384,2025-0717,3,0.08894009237124681,0.18967907883743906,0.17492787107754704,0.1888794665164139
atp:207925,atp:202104,2025-03-31,2025,2025,clay,Bucharest,F,6-4 6-4,69,41,74,42,85,ATP-2025-4462-385,2025-4462,3,0.420579061192998,0.45012779730385327,0.4468026454232909,0.446493247604664
atp:106000,atp:124079,2025-03-31,2025,2025,clay,Bucharest,QF,6-1 2-0 RET,40,25,32,12,85,ATP-2025-4462-379,2025-4462,3,0.3853379419789488,0.4238102587526724,0.42279714674641794,0.4274450192759476
atp:207925,atp:209209,2025-03-31,2025,2025,clay,Bucharest,QF,7-6(5) 6-4,75,48,88,49,85,ATP-2025-4462-380,2025-4462,3,0.8201911549026386,0.7291221261238856,0.7333648487146386,0.7288922880940735
atp:105916,atp:106331,2025-03-31,2025,2025,clay,Bucharest,QF,6-0 6-4,43,30,57,26,85,ATP-2025-4462-381,2025-4462,3,0.7224483150525003,0.6500401477612212,0.6542467361227117,0.6526871086043501
atp:202104,atp:207681,2025-03-31,2025,2025,clay,Bucharest,QF,7-6(5) 2-6 6-1,90,56,101,57,85,ATP-2025-4462-382,2025-4462,3,0.7305517417945939,0.658577671324517,0.6603712616383427,0.6568324130532407
atp:124079,atp:104527,2025-03-31,2025,2025,clay,Bucharest,R16,4-6 7-5 6-2,100,61,97,52,85,ATP-2025-4462-371,2025-4462,3,0.6014273405013796,0.5700301182213947,0.5681426675969388,0.5693654160063758
atp:106000,atp:202262,2025-03-31,2025,2025,clay,Bucharest,R16,6-4 3-6 6-3,87,54,106,58,85,ATP-2025-4462-372,2025-4462,3,0.7261394113540901,0.6590263733609023,0.6570289179191081,0.665121557523086
atp:207925,atp:104755,2025-03-31,2025,2025,clay,Bucharest,R16,6-4 4-6 6-1,85,50,86,45,85,ATP-2025-4462-373,2025-4462,3,0.7079254460895937,0.640429003179066,0.6434155756246919,0.6404121552972204
atp:209209,atp:200116,2025-03-31,2025,2025,clay,Bucharest,R16,6-3 6-1,54,33,43,16,85,ATP-2025-4462-374,2025-4462,3,0.2878972455629682,0.35549882113363546,0.35348719902267,0.355027592767508
atp:105916,atp:208363,2025-03-31,2025,2025,clay,Bucharest,R16,4-6 6-4 6-4,74,44,109,54,85,ATP-2025-4462-375,2025-4462,3,0.3412612313603271,0.3931969873615795,0.39210976258946695,0.3913930735813188
atp:106331,atp:111797,2025-03-31,2025,2025,clay,Bucharest,R16,6-2 5-7 7-6(5),114,71,102,63,85,ATP-2025-4462-376,2025-4462,3,0.22443097597851075,0.30655482274665546,0.30434628455875623,0.3068346220857095
atp:207681,atp:105138,2025-03-31,2025,2025,clay,Bucharest,R16,6-4 3-6 6-3,78,53,81,52,85,ATP-2025-4462-377,2025-4462,3,0.5536453986427176,0.5374421683479075,0.5358402102016961,0.5358660428504343
atp:202104,atp:209113,2025-03-31,2025,2025,clay,Bucharest,R16,7-6(5) 2-6 6-2,92,58,82,50,85,ATP-2025-4462-378,2025-4462,3,0.6379025763700166,0.5937605649625487,0.5932735743564745,0.5911941727501442
atp:104527,atp:207608,2025-03-31,2025,2025,clay,Bucharest,R32,6-4 6-7(5) 7-6(1),130,77,120,71,85,ATP-2025-4462-359,2025-4462,3,0.6828694136386833,0.626131075449186,0.6251174265452254,0.6254731336509958
atp:202262,atp:210460,2025-03-31,2025,2025,clay,Bucharest,R32,6-3 6-4,52,34,58,29,85,ATP-2025-4462-360,2025-4462,3,0.21552243092611326,0.28794125818505845,0.2970673941238407,0.2919031613649751
atp:106000,atp:200473,2025-03-31,2025,2025,clay,Bucharest,R32,6-2 6-1,54,34,53,25,85,ATP-2025-4462-361,2025-4462,3,0.6595965853958261,0.6101614297134761,0.6084968062499473,0.6151499912857235
atp:104755,atp:122298,2025-03-31,2025,2025,clay,Bucharest,R32,4-6 7-5 6-1,98,59,93,51,85,ATP-2025-4462-362,2025-4462,3,0.36745924319651047,0.41044613060039137,0.4104541743879954,0.4083785018644348
atp:209209,atp:207686,2025-03-31,2025,2025,clay,Bucharest,R32,6-3 6-4,60,40,54,30,85,ATP-2025-4462-363,2025-4462,3,0.33766639573062945,0.3875240736663522,0.3895651076324349,0.390922610276989
atp:200116,atp:105430,2025-03-31,2025,2025,clay,Bucharest,R32,6-4 6-3,50,34,65,34,85,ATP-2025-4462-364,2025-4462,3,0.651115438202021,0.5992379144015902,0.6025170446475309,0.5991298761995603
atp:208363,atp:111513,2025-03-31,2025,2025,clay,Bucharest,R32,6-1 4-6 6-2,72,51,78,44,85,ATP-2025-4462-365,2025-4462,3,0.4299370698337689,0.45224348151438215,0.4531201162211914,0.4520908821243207
atp:105916,atp:208134,2025-03-31,2025,2025,clay,Bucharest,R32,6-3 6-1,46,33,48,23,85,ATP-2025-4462-366,2025-4462,3,0.8622174329967004,0.7652405443897142,0.7725126514944107,0.7669473668153908
atp:106331,atp:105583,2025-03-31,2025,2025,clay,Bucharest,R32,6-4 6-3,65,40,71,36,85,ATP-2025-4462-367,2025-4462,3,0.24680186986423366,0.3268949843675761,0.32216756845052885,0.3249739419114606
atp:105138,atp:207352,2025-03-31,2025,2025,clay,Bucharest,R32,3-6 6-2 7-5,113,62,94,51,85,ATP-2025-4462-368,2025-4462,3,0.3457454228015206,0.39522547307302147,0.395274094954633,0.3944562742201334
atp:207681,atp:105373,2025-03-31,2025,2025,clay,Bucharest,R32,4-6 7-5 7-5,89,63,107,66,85,ATP-2025-4462-369,2025-4462,3,0.6298897940391494,0.5896626266503345,0.5877074304398473,0.5908601662354863
atp:209113,atp:202358,2025-03-31,2025,2025,clay,Bucharest,R32,7-6(5) 7-6(2),82,57,81,49,85,ATP-2025-4462-370,2025-4462,3,0.7150259594414672,0.6516692201845724,0.6486887661124692,0.6517650590115813
atp:207925,atp:106000,2025-03-31,2025,2025,clay,Bucharest,SF,6-3 6-0,47,34,50,23,85,ATP-2025-4462-383,2025-4462,3,0.7210369522843061,0.6539423394317472,0.6531861642687095,0.6428467350706055
atp:202104,atp:105916,2025-03-31,2025,2025,clay,Bucharest,SF,6-2 6-2,62,40,53,27,85,ATP-2025-4462-384,2025-4462,3,0.6422893231756136,0.5954351712002572,0.5963331499092843,0.5925022965882194
atp:207989,atp:207518,2025-04-07,2025,2025,clay,Monte Carlo Masters,F,3-6 6-1 6-0,78,50,68,34,85,ATP-2025-0410-373,2025-0410,3,0.7413250321730708,0.6626826564588271,0.6686113803025783,0.6627016214520933
atp:207989,atp:209950,2025-04-07,2025,2025,clay,Monte Carlo Masters,QF,4-6 7-5 6-3,101,62,103,58,85,ATP-2025-0410-367,2025-0410,3,0.8929920916289052,0.7830386152377056,0.8044668750360283,0.7828323647604112
atp:200221,atp:200615,2025-04-07,2025,2025,clay,Monte Carlo Masters,QF,6-3 6-2,47,37,57,32,85,ATP-2025-0410-368,2025-0410,3,0.6664127316773304,0.6133864085606671,0.6133311737638949,0.608205745901121
atp:200282,atp:105777,2025-04-07,2025,2025,clay,Monte Carlo Masters,QF,6-0 6-0,31,24,32,8,85,ATP-2025-0410-369,2025-0410,3,0.4897535145375415,0.49673821591997613,0.4931684783464765,0.4964460587682447
atp:207518,atp:126774,2025-04-07,2025,2025,clay,Monte Carlo Masters,QF,1-6 6-3 6-4,102,62,85,51,85,ATP-2025-0410-370,2025-0410,3,0.5824371964061692,0.5527535386974392,0.5552380143259688,0.555177107711952
atp:207989,atp:127157,2025-04-07,2025,2025,clay,Monte Carlo Masters,R16,6-3 6-1,59,36,52,25,85,ATP-2025-0410-359,2025-0410,3,0.9380811827032719,0.8292328403598752,0.8596044135466571,0.8293616931027186
atp:209950,atp:126094,2025-04-07,2025,2025,clay,Monte Carlo Masters,R16,6-2 6-3,42,30,53,25,85,ATP-2025-0410-360,2025-0410,3,0.3664868157371398,0.41270633127412376,0.40977905087147753,0.4115444844272864
atp:200615,atp:134770,2025-04-07,2025,2025,clay,Monte Carlo Masters,R16,6-4 3-6 7-5,117,73,123,76,85,ATP-2025-0410-361,2025-0410,3,0.17057711726743924,0.2653160227777538,0.25838840297774296,0.2683656111674648
atp:200221,atp:207733,2025-04-07,2025,2025,clay,Monte Carlo Masters,R16,6-3 6-7(6) 6-4,118,70,98,55,85,ATP-2025-0410-362,2025-0410,3,0.545376318110399,0.5297372893573051,0.530297178348739,0.5310578436312307
atp:200282,atp:106421,2025-04-07,2025,2025,clay,Monte Carlo Masters,R16,6-2 6-2,46,26,52,19,85,ATP-2025-0410-363,2025-0410,3,0.6467014362368666,0.5930943861074476,0.5994196324531628,0.5990897352058462
atp:105777,atp:126214,2025-04-07,2025,2025,clay,Monte Carlo Masters,R16,6-3 3-6 6-2,68,47,106,55,85,ATP-2025-0410-364,2025-0410,3,0.7227163018796854,0.6502351726060007,0.6544483167818048,0.6481448599671549
atp:126774,atp:132686,2025-04-07,2025,2025,clay,Monte Carlo Masters,R16,6-1 6-1,56,34,46,18,85,ATP-2025-0410-365,2025-0410,3,0.7033990821626623,0.634748061069125,0.6400753640124737,0.6381319344911305
atp:207518,atp:126610,2025-04-07,2025,2025,clay,Monte Carlo Masters,R16,6-3 6-3,50,37,68,38,85,ATP-2025-0410-366,2025-0410,3,0.4443125053862359,0.46410010377642585,0.46278927365833517,0.4617000197528703
atp:207989,atp:202103,2025-04-07,2025,2025,clay,Monte Carlo Masters,R32,3-6 6-0 6-1,76,47,55,26,85,ATP-2025-0410-343,2025-0410,3,0.8510023724681607,0.7461145521175103,0.7616335529766721,0.7452227771181087
atp:127157,atp:104755,2025-04-07,2025,2025,clay,Monte Carlo Masters,R32,7-5 5-7 6-2,104,61,89,49,85,ATP-2025-0410-344,2025-0410,3,0.6875184143220051,0.6266246328552351,0.6284785696550207,0.6287069276879074
atp:209950,atp:207925,2025-04-07,2025,2025,clay,Monte Carlo Masters,R32,6-2 6-4,53,38,54,30,85,ATP-2025-0410-345,2025-0410,3,0.5793248201337992,0.5519297277354989,0.5531323621161036,0.5533005941833804
atp:126094,atp:104792,2025-04-07,2025,2025,clay,Monte Carlo Masters,R32,6-4 7-6(2),66,45,77,45,85,ATP-2025-0410-346,2025-0410,3,0.7716878506554535,0.6849437117177176,0.6925165575212932,0.6858911929144202
atp:134770,atp:105138,2025-04-07,2025,2025,clay,Monte Carlo Masters,R32,6-2 6-1,39,32,51,24,85,ATP-2025-0410-347,2025-0410,3,0.9105324957343311,0.8018484877206902,0.8244466439148852,0.7980723574280347
atp:200615,atp:126207,2025-04-07,2025,2025,clay,Monte Carlo Masters,R32,3-6 6-3 6-3,79,44,99,55,85,ATP-2025-0410-348,2025-0410,3,0.5413256972629636,0.5277730103647744,0.5275854183824447,0.5254166264720259
atp:200221,atp:144869,2025-04-07,2025,2025,clay,Monte Carlo Masters,R32,7-6(2) 6-3,70,48,82,45,85,ATP-2025-0410-349,2025-0410,3,0.46066133558860745,0.47483783898746823,0.47374408177633726,0.4753525211367632
atp:207733,atp:106218,2025-04-07,2025,2025,clay,Monte Carlo Masters,R32,6-1 6-1,43,31,46,20,85,ATP-2025-0410-350,2025-0410,3,0.6409132246886583,0.5911157518011494,0.5953724109748927,0.591452878956502
atp:200282,atp:207830,2025-04-07,2025,2025,clay,Monte Carlo Masters,R32,3-6 6-0 6-3,80,53,75,43,85,ATP-2025-0410-351,2025-0410,3,0.5437200213860486,0.5328151525911018,0.5291880829709054,0.5337512923909378
atp:106421,atp:124186,2025-04-07,2025,2025,clay,Monte Carlo Masters,R32,7-6(6) 5-7 6-2,103,61,122,68,85,ATP-2025-0410-352,2025-0410,3,0.5791618317016229,0.5499257434370184,0.5530221595445628,0.5496906944062867
atp:105777,atp:200473,2025-04-07,2025,2025,clay,Monte Carlo Masters,R32,4-6 6-3 6-1,79,47,75,35,85,ATP-2025-0410-353,2025-0410,3,0.898512968909339,0.8016977417021519,0.8105938406092225,0.8029776472025002
atp:126214,atp:104925,2025-04-07,2025,2025,clay,Monte Carlo Masters,R32,6-3 6-4,59,41,56,31,85,ATP-2025-0410-354,2025-0410,3,0.0983064645818267,0.20513431254724535,0.18581189099199705,0.209235156636148
atp:126774,atp:111442,2025-04-07,2025,2025,clay,Monte Carlo Masters,R32,4-6 6-4 6-2,82,57,78,49,85,ATP-2025-0410-355,2025-0410,3,0.9016050396430714,0.7952791752991066,0.8140874378225781,0.794845651238383
atp:132686,atp:124079,2025-04-07,2025,2025,clay,Monte Carlo Masters,R32,7-5 6-7(4) 6-4,113,71,132,77,85,ATP-2025-0410-356,2025-0410,3,0.6413898750788803,0.5913235612806669,0.5957050888327301,0.5937968613620136
atp:207518,atp:208103,2025-04-07,2025,2025,clay,Monte Carlo Masters,R32,1-6 7-5 6-2,76,48,105,57,85,ATP-2025-0410-357,2025-0410,3,0.6292675278478971,0.5862083748485747,0.5872763350631901,0.5865925509517081
atp:126610,atp:100644,2025-04-07,2025,2025,clay,Monte Carlo Masters,R32,2-6 6-3 7-5,87,56,85,54,85,ATP-2025-0410-358,2025-0410,3,0.422751828415358,0.44608754069532014,0.4482712584087586,0.4464289799420686
atp:202103,atp:104926,2025-04-07,2025,2025,clay,Monte Carlo Masters,R64,6-0 6-3,37,30,59,28,85,ATP-2025-0410-319,2025-0410,3,0.8808613589870826,0.7727315644492936,0.7914588636417239,0.7738698122243123
atp:104755,atp:208286,2025-04-07,2025,2025,clay,Monte Carlo Masters,R64,6-3 4-6 6-4,99,63,95,55,85,ATP-2025-0410-320,2025-0410,3,0.28823877314542573,0.36015539511711325,0.3537409586021074,0.3524689397504318
atp:127157,atp:200000,2025-04-07,2025,2025,clay,Monte Carlo Masters,R64,7-6(5) 6-3,79,48,70,40,85,ATP-2025-0410-321,2025-0410,3,0.38411296241072224,0.41974949310649023,0.42195543686425835,0.4294176155875993
atp:209950,atp:134868,2025-04-07,2025,2025,clay,Monte Carlo Masters,R64,6-7(3) 6-4 6-2,111,77,120,73,85,ATP-2025-0410-322,2025-0410,3,0.666043656361143,0.6120727894256127,0.6130687278970698,0.6139770997064466
atp:207925,atp:105583,2025-04-07,2025,2025,clay,Monte Carlo Masters,R64,6-4 6-2,54,33,57,27,85,ATP-2025-0410-323,2025-0410,3,0.5253421762020478,0.5159057539539382,0.5169028301002697,0.5144287522669195
atp:104792,atp:206681,2025-04-07,2025,2025,clay,Monte Carlo Masters,R64,4-6 6-1 6-1,72,50,81,43,85,ATP-2025-0410-324,2025-0410,3,0.5070907344550121,0.5075429259702586,0.5047273323734036,0.5090004216571333
atp:105138,atp:206909,2025-04-07,2025,2025,clay,Monte Carlo Masters,R64,6-2 6-4,58,39,53,26,85,ATP-2025-0410-325,2025-0410,3,0.26806647798312266,0.3433863058209785,0.33857824811535236,0.3416927391003782
atp:200615,atp:200005,2025-04-07,2025,2025,clay,Monte Carlo Masters,R64,3-6 7-6(2) 6-4,107,71,116,75,85,ATP-2025-0410-326,2025-0410,3,0.3945739291570094,0.4322427167908941,0.4291261583265601,0.4327289398946063
atp:126207,atp:200175,2025-04-07,2025,2025,clay,Monte Carlo Masters,R64,6-2 5-7 7-6(5),109,67,112,67,85,ATP-2025-0410-327,2025-0410,3,0.3004392685168551,0.36500449846349314,0.3627446444045113,0.3654706947953631
atp:200221,atp:210097,2025-04-07,2025,2025,clay,Monte Carlo Masters,R64,6-7(2) 6-2 6-1,90,53,74,34,85,ATP-2025-0410-328,2025-0410,3,0.6769426149719325,0.6181936144740652,0.6208531594660484,0.6232383531333205
atp:144869,atp:144895,2025-04-07,2025,2025,clay,Monte Carlo Masters,R64,4-6 6-1 6-4,80,54,84,49,85,ATP-2025-0410-329,2025-0410,3,0.7647445455228401,0.6766200603720396,0.6869531548850019,0.680025474331997
atp:106218,atp:133430,2025-04-07,2025,2025,clay,Monte Carlo Masters,R64,6-3 7-6(5),95,58,60,39,85,ATP-2025-0410-330,2025-0410,3,0.4173496228980757,0.4459802737621291,0.4446176711833663,0.4448616906222291
atp:207830,atp:202104,2025-04-07,2025,2025,clay,Monte Carlo Masters,R64,3-6 6-3 6-2,85,46,78,39,85,ATP-2025-0410-331,2025-0410,3,0.531351394521738,0.5198258345815892,0.5209161725773304,0.5180235005614219
atp:124186,atp:200116,2025-04-07,2025,2025,clay,Monte Carlo Masters,R64,6-4 6-4,63,45,63,39,85,ATP-2025-0410-332,2025-0410,3,0.5991554992748565,0.5668496446633666,0.5665932619851959,0.5625083655487243
atp:106421,atp:111575,2025-04-07,2025,2025,clay,Monte Carlo Masters,R64,7-5 4-6 6-4,96,51,119,57,85,ATP-2025-0410-333,2025-0410,3,0.4244701263196341,0.4515545627020813,0.44943189402326805,0.4493628291129556
atp:105777,atp:111797,2025-04-07,2025,2025,clay,Monte Carlo Masters,R64,6-3 6-4,75,45,63,34,85,ATP-2025-0410-334,2025-0410,3,0.607194912297316,0.571998432651557,0.5720836637426183,0.5711680156185961
atp:200473,atp:105526,2025-04-07,2025,2025,clay,Monte Carlo Masters,R64,6-2 6-1,41,32,48,23,85,ATP-2025-0410-335,2025-0410,3,0.16817568724944576,0.26017878045719156,0.2562137997584496,0.2617023624196731
atp:126214,atp:104527,2025-04-07,2025,2025,clay,Monte Carlo Masters,R64,1-6 7-5 7-5,101,57,115,66,85,ATP-2025-0410-336,2025-0410,3,0.6386086709351965,0.5909094621078179,0.5937654439080059,0.5951892258753433
atp:111442,atp:208659,2025-04-07,2025,2025,clay,Monte Carlo Masters,R64,6-4 6-3,49,37,81,47,85,ATP-2025-0410-337,2025-0410,3,0.3253852336023185,0.3808647254371068,0.3808155673935258,0.3804552967631672
atp:124079,atp:132283,2025-04-07,2025,2025,clay,Monte Carlo Masters,R64,6-4 1-6 6-2,66,43,87,53,85,ATP-2025-0410-338,2025-0410,3,0.4227643095414895,0.4528987858357432,0.4482796913680825,0.4522993768136364
atp:132686,atp:208029,2025-04-07,2025,2025,clay,Monte Carlo Masters,R64,6-2 3-0 RET,37,26,30,14,85,ATP-2025-0410-339,2025-0410,3,0.4566342738665875,0.46827746650302216,0.4710491143791187,0.4692907102936028
atp:207518,atp:207352,2025-04-07,2025,2025,clay,Monte Carlo Masters,R64,4-6 7-5 6-3,90,60,101,61,85,ATP-2025-0410-340,2025-0410,3,0.8039587052647708,0.7138652238560657,0.7192642652276015,0.7194855998902148
atp:208103,atp:200624,2025-04-07,2025,2025,clay,Monte Carlo Masters,R64,6-3 7-6(7),65,49,68,45,85,ATP-2025-0410-341,2025-0410,3,0.6921453372274003,0.6327830744727176,0.6318384963689532,0.6262829344180317
atp:126610,atp:208363,2025-04-07,2025,2025,clay,Monte Carlo Masters,R64,6-4 6-4,69,38,66,33,85,ATP-2025-0410-342,2025-0410,3,0.7591040323937414,0.6733420680735872,0.6824778389493458,0.6800019034529287
atp:207989,atp:200221,2025-04-07,2025,2025,clay,Monte Carlo Masters,SF,7-6(2) 6-4,73,47,109,59,85,ATP-2025-0410-371,2025-0410,3,0.9021223324913425,0.7911435586777738,0.8146764490027474,0.7945097640695986
atp:207518,atp:200282,2025-04-07,2025,2025,clay,Monte Carlo Masters,SF,1-6 6-4 7-6(4),93,49,94,54,85,ATP-2025-0410-372,2025-0410,3,0.6716311518002354,0.6128524999159859,0.6170505287600944,0.6096578640330631
atp:100644,atp:210097,2025-04-14,2025,2025,clay,Munich,F,6-2 6-4,48,37,50,30,85,ATP-2025-0308-385,2025-0308,3,0.8883208757547354,0.7901323634190216,0.7993872105674108,0.787138338679263
atp:210097,atp:209260,2025-04-14,2025,2025,clay,Munich,QF,6-4 6-3,55,38,55,32,85,ATP-2025-0308-379,2025-0308,3,0.511820548609432,0.5089313301484756,0.5078811815521626,0.5070801729572405
atp:202103,atp:105676,2025-04-14,2025,2025,clay,Munich,QF,6-2 6-4,54,35,55,25,85,ATP-2025-0308-380,2025-0308,3,0.7569710957180998,0.6742896369649394,0.6807954536239076,0.6752195896939347
atp:206681,atp:200267,2025-04-14,2025,2025,clay,Munich,QF,6-3 7-6(4),80,53,72,43,85,ATP-2025-0308-381,2025-0308,3,0.3602709881349324,0.4066383930604476,0.4054536494352101,0.4058188408876766
atp:100644,atp:134868,2025-04-14,2025,2025,clay,Munich,QF,6-7(6) 7-6(3) 6-4,116,80,121,77,85,ATP-2025-0308-382,2025-0308,3,0.8902945764924455,0.7894408494302325,0.8015222493482073,0.7906972933225129
atp:210097,atp:122298,2025-04-14,2025,2025,clay,Munich,R16,7-6(1) 6-3,59,44,68,41,85,ATP-2025-0308-371,2025-0308,3,0.4824234041884598,0.48889250770912157,0.48827958654983267,0.4894086303953935
atp:209260,atp:200175,2025-04-14,2025,2025,clay,Munich,R16,2-6 7-6(4) 6-4,98,63,107,67,85,ATP-2025-0308-372,2025-0308,3,0.31760615052752267,0.37966056687193955,0.37522558140356843,0.3777627692283878
atp:105676,atp:208363,2025-04-14,2025,2025,clay,Munich,R16,0-6 7-5 6-1,85,50,81,46,85,ATP-2025-0308-373,2025-0308,3,0.3067776100571539,0.3718355551048662,0.3673772138457794,0.3675331998432284
atp:202103,atp:207686,2025-04-14,2025,2025,clay,Munich,R16,6-3 6-2,63,40,54,23,85,ATP-2025-0308-374,2025-0308,3,0.8412231081290488,0.7361287954438347,0.7524219271644266,0.7395108699995528
atp:200267,atp:212309,2025-04-14,2025,2025,clay,Munich,R16,6-1 6-1,56,38,45,20,85,ATP-2025-0308-375,2025-0308,3,0.8832259942939659,0.7907280413947706,0.7939487099556789,0.7941053571245003
atp:206681,atp:200005,2025-04-14,2025,2025,clay,Munich,R16,6-4 6-4,59,41,59,36,85,ATP-2025-0308-376,2025-0308,3,0.395595160729748,0.430891873926058,0.4298241672429961,0.4296496949470874
atp:134868,atp:105870,2025-04-14,2025,2025,clay,Munich,R16,7-6(3) 6-3,65,48,61,40,85,ATP-2025-0308-377,2025-0308,3,0.40828644582229606,0.43504038494959785,0.43847115795039565,0.439505682016005
atp:100644,atp:127157,2025-04-14,2025,2025,clay,Munich,R16,6-3 6-2,56,37,51,26,85,ATP-2025-0308-378,2025-0308,3,0.8781051888769984,0.7720858565684962,0.7885830173752719,0.7750654648256501
atp:210097,atp:127339,2025-04-14,2025,2025,clay,Munich,R32,4-6 7-6(6) 7-6(3),114,84,97,77,85,ATP-2025-0308-355,2025-0308,3,0.6502393359349006,0.6069780750470963,0.6019014804784586,0.6073756618219643
atp:122298,atp:105138,2025-04-14,2025,2025,clay,Munich,R32,6-4 3-6 6-4,83,56,97,61,85,ATP-2025-0308-356,2025-0308,3,0.6290647751505732,0.5824145969130956,0.5871359068108414,0.585401677984083
atp:200175,atp:106218,2025-04-14,2025,2025,clay,Munich,R32,6-2 6-7(2) 7-6(9),121,81,126,80,85,ATP-2025-0308-357,2025-0308,3,0.6721878764181374,0.6144430379954586,0.6174482889740195,0.6153249141700343
atp:209260,atp:106331,2025-04-14,2025,2025,clay,Munich,R32,7-6(3) 7-6(3),82,61,87,59,85,ATP-2025-0308-358,2025-0308,3,0.6650870700002587,0.6147070992357107,0.6123888755623913,0.6105631186508044
atp:208363,atp:200000,2025-04-14,2025,2025,clay,Munich,R32,2-6 6-4 7-6(3),121,69,104,63,85,ATP-2025-0308-359,2025-0308,3,0.5114164200711988,0.5053420214484771,0.5076116816685563,0.5086456530529027
atp:105676,atp:126129,2025-04-14,2025,2025,clay,Munich,R32,6-2 6-7(2) 6-4,99,65,102,59,85,ATP-2025-0308-360,2025-0308,3,0.7977714025951209,0.711015698245989,0.7140117944529368,0.714875751388826
atp:207686,atp:207925,2025-04-14,2025,2025,clay,Munich,R32,6-7(2) 6-3 6-4,138,75,106,58,85,ATP-2025-0308-361,2025-0308,3,0.2938399198938471,0.35908047261094556,0.3578890965129155,0.3636285492442285
atp:202103,atp:105526,2025-04-14,2025,2025,clay,Munich,R32,6-0 6-2,38,29,43,19,85,ATP-2025-0308-362,2025-0308,3,0.6558802228994757,0.6017118538970982,0.6058718216565709,0.6026469925173429
atp:212309,atp:133430,2025-04-14,2025,2025,clay,Munich,R32,7-6(2) 3-0 RET,53,40,41,27,85,ATP-2025-0308-363,2025-0308,3,0.15327089408397104,0.2412524748112867,0.2424214893767778,0.2448062953863495
atp:200267,atp:122330,2025-04-14,2025,2025,clay,Munich,R32,6-7(5) 6-4 7-5,103,69,114,72,85,ATP-2025-0308-364,2025-0308,3,0.8256575439159912,0.7289563276491766,0.7382267570679149,0.7307613017806155
atp:206681,atp:211514,2025-04-14,2025,2025,clay,Munich,R32,6-4 6-1,51,38,54,31,85,ATP-2025-0308-365,2025-0308,3,0.7338675148172353,0.6733878312566495,0.6628951545327936,0.6677756659003341
atp:200005,atp:111797,2025-04-14,2025,2025,clay,Munich,R32,4-6 6-3 6-2,74,52,104,61,85,ATP-2025-0308-366,2025-0308,3,0.480400161578471,0.4894371878993972,0.48692972044047317,0.4843711639940848
atp:105870,atp:210150,2025-04-14,2025,2025,clay,Munich,R32,7-6(4) 4-6 6-3,109,71,94,61,85,ATP-2025-0308-367,2025-0308,3,0.5418722669499677,0.5267646351533481,0.5279512062798045,0.529231158309758
atp:134868,atp:210530,2025-04-14,2025,2025,clay,Munich,R32,6-4 6-2,52,38,63,37,85,ATP-2025-0308-368,2025-0308,3,0.559330834053693,0.5397966346038987,0.5396576448466578,0.5310190592007347
atp:127157,atp:202358,2025-04-14,2025,2025,clay,Munich,R32,7-6(5) 7-6(5),89,56,78,48,85,ATP-2025-0308-369,2025-0308,3,0.7499871997241184,0.6722014118852512,0.6753235324060978,0.6756887443668538
atp:100644,atp:124186,2025-04-14,2025,2025,clay,Munich,R32,6-4 6-1,42,28,72,34,85,ATP-2025-0308-370,2025-0308,3,0.8959231043372065,0.7899359189675046,0.8077024339831741,0.7905040962144965
atp:210097,atp:202103,2025-04-14,2025,2025,clay,Munich,SF,2-6 7-6(7) 6-4,94,59,90,58,85,ATP-2025-0308-383,2025-0308,3,0.2589831655128195,0.33371800936611373,0.33162597365526125,0.3329915473987357
atp:100644,atp:206681,2025-04-14,2025,2025,clay,Munich,SF,7-6(3) 6-3,69,48,62,40,85,ATP-2025-0308-384,2025-0308,3,0.9020515687585716,0.7972418356456881,0.8145957962344876,0.7965067170874798
atp:208029,atp:207989,2025-04-14,2025,2025,clay,Barcelona,F,7-6(6) 6-2,72,47,57,35,85,ATP-2025-0425-385,2025-0425,3,0.10132838461587203,0.21027664271989815,0.18922802555994847,0.2136470869911707
atp:208029,atp:134770,2025-04-14,2025,2025,clay,Barcelona,QF,6-4 6-2,55,36,58,31,85,ATP-2025-0425-379,2025-0425,3,0.27842299044701235,0.35076169357565756,0.34640821833463353,0.3519372453633436
atp:111575,atp:200221,2025-04-14,2025,2025,clay,Barcelona,QF,6-4 7-5,71,42,68,39,85,ATP-2025-0425-380,2025-0425,3,0.5074640173674299,0.5033047886654055,0.5049762169467542,0.5062640490334002
atp:209950,atp:126774,2025-04-14,2025,2025,clay,Barcelona,QF,2-0 RET,6,4,10,3,85,ATP-2025-0425-381,2025-0425,3,0.35618062289329183,0.4035251603938537,0.40259756958288495,0.4048105263233258
atp:207989,atp:200282,2025-04-14,2025,2025,clay,Barcelona,QF,7-5 6-3,62,40,77,42,85,ATP-2025-0425-382,2025-0425,3,0.8608006533900705,0.7540957798534118,0.771118430654544,0.7532589551367745
atp:134770,atp:209098,2025-04-14,2025,2025,clay,Barcelona,R16,7-5 7-5,93,55,89,50,85,ATP-2025-0425-371,2025-0425,3,0.8234689609918726,0.7263362504074407,0.7362729214259541,0.7278275909172922
atp:208029,atp:202104,2025-04-14,2025,2025,clay,Barcelona,R16,4-6 6-1 6-2,80,47,73,39,85,ATP-2025-0425-372,2025-0425,3,0.4789034512054426,0.48881089557525714,0.48593099394591194,0.4854566909145549
atp:200221,atp:126094,2025-04-14,2025,2025,clay,Barcelona,R16,7-5 6-4,86,49,73,39,85,ATP-2025-0425-373,2025-0425,3,0.3605825041200302,0.4078316853831765,0.40567084236776596,0.4083542525594673
atp:111575,atp:144719,2025-04-14,2025,2025,clay,Barcelona,R16,7-5 6-4,71,44,84,47,85,ATP-2025-0425-374,2025-0425,3,0.4697218448028152,0.481778835126461,0.47980083427819564,0.4782870278123883
atp:209950,atp:124079,2025-04-14,2025,2025,clay,Barcelona,R16,6-3 6-2,51,38,48,28,85,ATP-2025-0425-375,2025-0425,3,0.7010305222842731,0.6313971653227897,0.6383338699726409,0.6362229015662475
atp:126774,atp:200624,2025-04-14,2025,2025,clay,Barcelona,R16,7-6(4) 6-4,67,50,77,53,85,ATP-2025-0425-376,2025-0425,3,0.7286391903827648,0.6554547798114618,0.658920257673855,0.6545975560738206
atp:200282,atp:207985,2025-04-14,2025,2025,clay,Barcelona,R16,6-1 6-2,45,33,42,21,85,ATP-2025-0425-377,2025-0425,3,0.7100275929762024,0.6471865154383606,0.6449724112952094,0.6477722512321076
atp:207989,atp:111513,2025-04-14,2025,2025,clay,Barcelona,R16,6-2 6-4,49,35,50,25,85,ATP-2025-0425-378,2025-0425,3,0.843808501846653,0.7398322338345258,0.7548339112362562,0.7399883691619478
atp:134770,atp:123755,2025-04-14,2025,2025,clay,Barcelona,R32,6-4 6-3,52,40,62,38,85,ATP-2025-0425-355,2025-0425,3,0.9340104204777547,0.8300659365129085,0.854041879977438,0.8306449367599906
atp:209098,atp:208659,2025-04-14,2025,2025,clay,Barcelona,R32,7-5 7-6(6),67,54,91,59,85,ATP-2025-0425-356,2025-0425,3,0.4906825024109552,0.4929610253891822,0.4937879354224771,0.4888631843052655
atp:202104,atp:106000,2025-04-14,2025,2025,clay,Barcelona,R32,6-1 7-5,61,36,69,33,85,ATP-2025-0425-357,2025-0425,3,0.7971360437520931,0.7048084857149236,0.7134760034479701,0.7023037330692625
atp:208029,atp:105077,2025-04-14,2025,2025,clay,Barcelona,R32,7-5 6-4,71,48,68,40,85,ATP-2025-0425-358,2025-0425,3,0.833511394332621,0.737399578765334,0.7453214929921664,0.7354569335954182
atp:126094,atp:207411,2025-04-14,2025,2025,clay,Barcelona,R32,6-1 6-3,42,29,48,22,85,ATP-2025-0425-359,2025-0425,3,0.7797104466677135,0.6972552843652879,0.6990237156181417,0.6934060158517024
atp:200221,atp:104527,2025-04-14,2025,2025,clay,Barcelona,R32,6-1 6-4,48,32,57,28,85,ATP-2025-0425-360,2025-0425,3,0.7724225934197111,0.6891560632646312,0.6931089169569705,0.6854900554090149
atp:111575,atp:111815,2025-04-14,2025,2025,clay,Barcelona,R32,6-7(3) 6-4 6-3,87,61,105,59,85,ATP-2025-0425-361,2025-0425,3,0.7112014534885857,0.6448439369975733,0.6458433308860054,0.644622054336721
atp:144719,atp:126207,2025-04-14,2025,2025,clay,Barcelona,R32,2-6 7-5 6-1,93,55,94,50,85,ATP-2025-0425-362,2025-0425,3,0.7379126692551621,0.6611900850090275,0.6659888325115828,0.6560223290084464
atp:209950,atp:105807,2025-04-14,2025,2025,clay,Barcelona,R32,7-6(6) 6-3,71,51,64,39,85,ATP-2025-0425-363,2025-0425,3,0.597352627697796,0.5661923345995845,0.5653648394867089,0.5681815778508574
atp:124079,atp:206909,2025-04-14,2025,2025,clay,Barcelona,R32,7-5 5-7 6-4,117,72,114,70,85,ATP-2025-0425-364,2025-0425,3,0.35247744905213496,0.40332142211532596,0.4000049099879662,0.4043077030558763
atp:200624,atp:208286,2025-04-14,2025,2025,clay,Barcelona,R32,3-6 6-3 6-2,75,51,74,45,85,ATP-2025-0425-365,2025-0425,3,0.48387804966728987,0.4882466232468277,0.4892499628823688,0.4899532222231728
atp:126774,atp:124187,2025-04-14,2025,2025,clay,Barcelona,R32,6-2 6-2,48,36,54,26,85,ATP-2025-0425-366,2025-0425,3,0.8597249617915758,0.7669848489153179,0.7700638281036357,0.7671139272802943
atp:200282,atp:144869,2025-04-14,2025,2025,clay,Barcelona,R32,6-4 6-4,52,40,50,36,85,ATP-2025-0425-367,2025-0425,3,0.5376905647085192,0.524155016867534,0.5251535474753178,0.5256255281963726
atp:207985,atp:106148,2025-04-14,2025,2025,clay,Barcelona,R32,6-1 7-5,69,41,71,33,85,ATP-2025-0425-368,2025-0425,3,0.44430902498871533,0.46122988631187367,0.46278693726165543,0.4622355303663955
atp:111513,atp:126239,2025-04-14,2025,2025,clay,Barcelona,R32,6-7(2) 6-1 6-2,77,56,88,51,85,ATP-2025-0425-369,2025-0425,3,0.8194313578863127,0.7227306316437971,0.7326938061725391,0.7241124690124341
atp:207989,atp:210319,2025-04-14,2025,2025,clay,Barcelona,R32,6-2 7-6(6),66,39,83,38,85,ATP-2025-0425-370,2025-0425,3,0.9811062885110209,0.9161710874962794,0.9329701046919716,0.9123368152536409
atp:208029,atp:111575,2025-04-14,2025,2025,clay,Barcelona,SF,6-3 6-2,43,33,47,24,85,ATP-2025-0425-383,2025-0425,3,0.47485500006308723,0.48428438132540996,0.48322880722437983,0.4851183541936789
atp:207989,atp:209950,2025-04-14,2025,2025,clay,Barcelona,SF,6-2 6-4,53,39,56,31,85,ATP-2025-0425-384,2025-0425,3,0.8891394447494649,0.7830652975959714,0.8002707301408236,0.7817707367504507
atp:134770,atp:207733,2025-04-23,2025,2025,clay,Madrid Masters,F,7-5 3-6 6-4,96,61,102,64,85,ATP-2025-1536-369,2025-1536,3,0.7314420719727555,0.6572834406247665,0.6610479199377975,0.6555175122392587
atp:207518,atp:209113,2025-04-23,2025,2025,clay,Madrid Masters,QF,6-4 6-3,57,39,62,32,85,ATP-2025-1536-363,2025-1536,3,0.8119906802591437,0.7215125815088822,0.7261809127173888,0.716876403279858
atp:207733,atp:208286,2025-04-23,2025,2025,clay,Madrid Masters,QF,6-0 6-4,43,33,57,29,85,ATP-2025-1536-364,2025-1536,3,0.535975653781717,0.5229924042481975,0.5240068128803909,0.5259333522320895
atp:134770,atp:106421,2025-04-23,2025,2025,clay,Madrid Masters,QF,6-3 7-5,62,45,78,47,85,ATP-2025-1536-365,2025-1536,3,0.7590137469638129,0.6775080941105301,0.6824065160956945,0.6784776452660942
atp:202103,atp:210150,2025-04-23,2025,2025,clay,Madrid Masters,QF,3-6 7-6(5) 6-2,90,63,95,64,85,ATP-2025-1536-366,2025-1536,3,0.6942728334604837,0.6325041311031439,0.6333885019924544,0.6337916589183841
atp:209113,atp:200267,2025-04-23,2025,2025,clay,Madrid Masters,R128,6-1 6-2,37,32,38,19,85,ATP-2025-1536-275,2025-1536,3,0.3925485799438951,0.426347527689372,0.4277408067726858,0.4284380278485471
atp:111815,atp:212021,2025-04-23,2025,2025,clay,Madrid Masters,R128,6-7(4) 7-5 6-4,114,71,109,64,85,ATP-2025-1536-276,2025-1536,3,0.9235464529253025,0.8313338001581043,0.8403755733391246,0.8306261514800019
atp:207985,atp:207352,2025-04-23,2025,2025,clay,Madrid Masters,R128,6-3 7-6(2),60,44,75,43,85,ATP-2025-1536-277,2025-1536,3,0.4695101705819206,0.47605810634680407,0.4796594278717211,0.4810658196267927
atp:111797,atp:127157,2025-04-23,2025,2025,clay,Madrid Masters,R128,6-3 6-2,47,36,52,29,85,ATP-2025-1536-278,2025-1536,3,0.561972662687859,0.5412090960677622,0.5414334146933435,0.5427336149391488
atp:144869,atp:209098,2025-04-23,2025,2025,clay,Madrid Masters,R128,6-4 6-7(4) 6-4,135,83,109,67,85,ATP-2025-1536-279,2025-1536,3,0.6816302039621717,0.6226124776295447,0.6242239396976187,0.6230215935588432
atp:105526,atp:122298,2025-04-23,2025,2025,clay,Madrid Masters,R128,7-5 2-6 4-1 RET,66,43,77,45,85,ATP-2025-1536-280,2025-1536,3,0.6021054018826434,0.5696672874533755,0.5686054253912532,0.5711560353117479
atp:105453,atp:126846,2025-04-23,2025,2025,clay,Madrid Masters,R128,6-4 3-6 6-3,81,55,101,62,85,ATP-2025-1536-281,2025-1536,3,0.6931330014246102,0.6347111452042185,0.6325576634904252,0.6332303422565646
atp:132283,atp:200175,2025-04-23,2025,2025,clay,Madrid Masters,R128,6-4 7-6(5),88,58,78,51,85,ATP-2025-1536-282,2025-1536,3,0.39716262657573803,0.42990569534462825,0.4308948588580697,0.4271271692509304
atp:208286,atp:106432,2025-04-23,2025,2025,clay,Madrid Masters,R128,4-6 6-4 7-5,97,63,106,66,85,ATP-2025-1536-283,2025-1536,3,0.7506275084365637,0.6725825976726608,0.6758229253868483,0.670580498113569
atp:106000,atp:208233,2025-04-23,2025,2025,clay,Madrid Masters,R128,4-6 6-4 6-2,92,58,95,54,85,ATP-2025-1536-284,2025-1536,3,0.4509084536426658,0.46816097079447905,0.4672136388250061,0.4744823303496769
atp:124186,atp:105676,2025-04-23,2025,2025,clay,Madrid Masters,R128,6-3 3-6 1-0 RET,73,39,50,26,85,ATP-2025-1536-285,2025-1536,3,0.5282029522866817,0.5140404447121538,0.5188130610311249,0.5174561383160132
atp:209260,atp:111460,2025-04-23,2025,2025,clay,Madrid Masters,R128,6-4 6-4,48,38,59,37,85,ATP-2025-1536-286,2025-1536,3,0.518233562591287,0.5141823900841695,0.5121587036473533,0.5104328171954129
atp:211663,atp:209284,2025-04-23,2025,2025,clay,Madrid Masters,R128,6-2 6-3,53,35,63,33,85,ATP-2025-1536-287,2025-1536,3,0.8649344391527968,0.7766692336136276,0.7752033111187313,0.7738348948006252
atp:124187,atp:208014,2025-04-23,2025,2025,clay,Madrid Masters,R128,7-5 7-5,80,56,88,53,85,ATP-2025-1536-288,2025-1536,3,0.6657833155841503,0.6178321521466678,0.6128836496052739,0.6121738692154388
atp:106218,atp:210530,2025-04-23,2025,2025,clay,Madrid Masters,R128,6-1 1-6 7-6(4),104,63,96,60,85,ATP-2025-1536-289,2025-1536,3,0.5517303932179114,0.5371865270941556,0.5345556012515252,0.5323548047644426
atp:134868,atp:200240,2025-04-23,2025,2025,clay,Madrid Masters,R128,6-1 6-4,48,37,56,31,85,ATP-2025-1536-290,2025-1536,3,0.7439267182384109,0.6706664412064804,0.6706189743865295,0.6708009603257181
atp:207925,atp:206681,2025-04-23,2025,2025,clay,Madrid Masters,R128,7-6(4) 7-5,84,51,95,53,85,ATP-2025-1536-291,2025-1536,3,0.5855876430637711,0.557136207860845,0.5573719281468672,0.557721506116628
atp:124116,atp:200384,2025-04-23,2025,2025,clay,Madrid Masters,R128,6-4 6-3,70,48,57,35,85,ATP-2025-1536-292,2025-1536,3,0.5354952045260889,0.5244305439780277,0.5236856011285289,0.5208568233956747
atp:207678,atp:206499,2025-04-23,2025,2025,clay,Madrid Masters,R128,3-6 7-5 6-2,105,68,88,57,85,ATP-2025-1536-293,2025-1536,3,0.4364593075018281,0.4555046003484118,0.45751197996661463,0.4528504991914267
atp:111513,atp:104926,2025-04-23,2025,2025,clay,Madrid Masters,R128,6-2 6-3,46,37,58,29,85,ATP-2025-1536-294,2025-1536,3,0.8563027255094035,0.7529148659588518,0.7667309458222329,0.7531092539672861
atp:126239,atp:126128,2025-04-23,2025,2025,clay,Madrid Masters,R128,7-6(4) 6-1,57,43,65,39,85,ATP-2025-1536-295,2025-1536,3,0.39727495261710927,0.4318843484477063,0.4309715548928076,0.4327482479652623
atp:210748,atp:209409,2025-04-23,2025,2025,clay,Madrid Masters,R128,7-6(5) 6-1,63,47,58,38,85,ATP-2025-1536-296,2025-1536,3,0.596854431967683,0.5716191598349247,0.5650255593294136,0.5656016717224155
atp:126127,atp:105227,2025-04-23,2025,2025,clay,Madrid Masters,R128,6-3 6-2,66,46,55,31,85,ATP-2025-1536-297,2025-1536,3,0.2114790360813763,0.29357900537666615,0.29372610186407344,0.2992424236879365
atp:106331,atp:200116,2025-04-23,2025,2025,clay,Madrid Masters,R128,6-3 6-4,60,42,48,28,85,ATP-2025-1536-298,2025-1536,3,0.362399810827386,0.4084656972965126,0.4069370006051867,0.4038648107378654
atp:104792,atp:127339,2025-04-23,2025,2025,clay,Madrid Masters,R128,1-6 6-2 6-4,83,50,72,45,85,ATP-2025-1536-299,2025-1536,3,0.674690492535753,0.6224078034848433,0.6192386638856748,0.6222249048011681
atp:122330,atp:210506,2025-04-23,2025,2025,clay,Madrid Masters,R128,7-6(2) 7-6(4),93,63,86,56,85,ATP-2025-1536-300,2025-1536,3,0.44036255453126294,0.45800550674381274,0.4601363240890004,0.460662443306354
atp:210319,atp:105583,2025-04-23,2025,2025,clay,Madrid Masters,R128,6-3 6-4,64,40,66,35,85,ATP-2025-1536-301,2025-1536,3,0.23965437262589045,0.312884861015417,0.3165403523370004,0.3186963295384703
atp:208363,atp:208659,2025-04-23,2025,2025,clay,Madrid Masters,R128,6-4 6-4,53,42,69,42,85,ATP-2025-1536-302,2025-1536,3,0.6509306497375139,0.6063777447650035,0.6023871765516206,0.6052736199064733
atp:207681,atp:124079,2025-04-23,2025,2025,clay,Madrid Masters,R128,6-4 6-4,66,45,84,48,85,ATP-2025-1536-303,2025-1536,3,0.4585367063745826,0.4737755243804558,0.4723224997233417,0.4709841711642312
atp:208004,atp:144895,2025-04-23,2025,2025,clay,Madrid Masters,R128,6-3 4-2 RET,50,33,43,23,85,ATP-2025-1536-304,2025-1536,3,0.3385795999962307,0.38935388300086177,0.3902122122407898,0.3884000985914237
atp:132686,atp:105807,2025-04-23,2025,2025,clay,Madrid Masters,R128,6-7(7) 7-6(3) 6-3,106,78,99,71,85,ATP-2025-1536-305,2025-1536,3,0.5324950852794496,0.5210995414190962,0.521680364946841,0.5217575675659866
atp:105138,atp:144719,2025-04-23,2025,2025,clay,Madrid Masters,R128,6-4 2-6 6-3,85,48,73,41,85,ATP-2025-1536-306,2025-1536,3,0.19965068408775546,0.294866538259929,0.28380752356282485,0.2939704012713592
atp:209113,atp:105777,2025-04-23,2025,2025,clay,Madrid Masters,R16,5-7 7-6(7) 6-4,97,72,94,71,85,ATP-2025-1536-355,2025-1536,3,0.30777911410861586,0.37126825708482364,0.3681065175193467,0.3697891450182555
atp:207518,atp:200282,2025-04-23,2025,2025,clay,Madrid Masters,R16,6-4 6-2,48,37,58,34,85,ATP-2025-1536-356,2025-1536,3,0.6629309727266752,0.6077395174893675,0.6108584464357888,0.6075138200717519
atp:208286,atp:126207,2025-04-23,2025,2025,clay,Madrid Masters,R16,6-3 7-5,76,49,51,33,85,ATP-2025-1536-357,2025-1536,3,0.6210296208229743,0.5786106297584508,0.5815842982879367,0.5794977364942995
atp:207733,atp:126205,2025-04-23,2025,2025,clay,Madrid Masters,R16,6-2 6-2,41,32,54,26,85,ATP-2025-1536-358,2025-1536,3,0.3975487500805622,0.43254001434452277,0.43115848626230335,0.433638619221512
atp:106421,atp:206909,2025-04-23,2025,2025,clay,Madrid Masters,R16,3-6 6-1 6-4,81,52,80,48,85,ATP-2025-1536-359,2025-1536,3,0.48246638812287473,0.4887614210983614,0.48830826214813866,0.4858589503998023
atp:134770,atp:126203,2025-04-23,2025,2025,clay,Madrid Masters,R16,7-5 6-4,72,48,62,39,85,ATP-2025-1536-360,2025-1536,3,0.4947289533580009,0.4977611809817163,0.4964858965807524,0.4948474602171567
atp:210150,atp:122330,2025-04-23,2025,2025,clay,Madrid Masters,R16,6-3 6-2,49,38,49,27,85,ATP-2025-1536-361,2025-1536,3,0.7482526820602005,0.6667873114298561,0.6739730113066076,0.6680903945974688
atp:202103,atp:100644,2025-04-23,2025,2025,clay,Madrid Masters,R16,7-5 6-3,70,50,47,35,85,ATP-2025-1536-362,2025-1536,3,0.24686212622078227,0.32915275978417813,0.3222147572731475,0.3279717501604847
atp:209113,atp:111815,2025-04-23,2025,2025,clay,Madrid Masters,R32,2-6 6-4 6-4,104,65,108,66,85,ATP-2025-1536-339,2025-1536,3,0.5664097672911107,0.5473946913965471,0.5444189003970513,0.5513908508724725
atp:105777,atp:207985,2025-04-23,2025,2025,clay,Madrid Masters,R32,6-4 7-6(3),77,49,75,42,85,ATP-2025-1536-340,2025-1536,3,0.7009780204567944,0.6375045732433499,0.6382953165203441,0.6420097892278223
atp:207518,atp:126774,2025-04-23,2025,2025,clay,Madrid Masters,R32,7-5 7-6(3),80,55,79,50,85,ATP-2025-1536-341,2025-1536,3,0.5762663496833383,0.5517126682807902,0.5510654789872453,0.553517401946402
atp:200282,atp:133430,2025-04-23,2025,2025,clay,Madrid Masters,R32,6-3 7-6(3),62,48,65,43,85,ATP-2025-1536-342,2025-1536,3,0.6703482350986986,0.6137063116293004,0.6161346438421785,0.6150997141689141
atp:208286,atp:106000,2025-04-23,2025,2025,clay,Madrid Masters,R32,6-3 6-4,77,52,64,38,85,ATP-2025-1536-343,2025-1536,3,0.7129320279939794,0.6411013511956469,0.6471293655900234,0.6474056467014817
atp:126207,atp:124186,2025-04-23,2025,2025,clay,Madrid Masters,R32,6-3 6-3,55,40,65,36,85,ATP-2025-1536-344,2025-1536,3,0.4328953759485156,0.4565911118375474,0.45511321573141245,0.4533285869306755
atp:126205,atp:111575,2025-04-23,2025,2025,clay,Madrid Masters,R32,6-3 3-6 6-2,70,51,71,46,85,ATP-2025-1536-345,2025-1536,3,0.5531214645197715,0.5346168811765779,0.5354886908600569,0.5374397000308258
atp:207733,atp:126610,2025-04-23,2025,2025,clay,Madrid Masters,R32,7-6(2) 0-0 RET,41,28,43,25,85,ATP-2025-1536-346,2025-1536,3,0.23145897636890922,0.31144203014356353,0.3100125000405215,0.3115227590006754
atp:206909,atp:207925,2025-04-23,2025,2025,clay,Madrid Masters,R32,7-5 6-3,66,46,69,40,85,ATP-2025-1536-347,2025-1536,3,0.5258412956045518,0.5204275138382845,0.5172360615628089,0.5238229748049337
atp:106421,atp:207678,2025-04-23,2025,2025,clay,Madrid Masters,R32,6-2 6-2,45,33,42,20,85,ATP-2025-1536-348,2025-1536,3,0.8175376824677005,0.7208683224666852,0.7310262444436048,0.725120237560563
atp:134770,atp:200624,2025-04-23,2025,2025,clay,Madrid Masters,R32,6-3 6-3,58,39,52,29,85,ATP-2025-1536-349,2025-1536,3,0.771284165027607,0.6860845603899097,0.6921914023013077,0.6875247209969829
atp:126203,atp:126127,2025-04-23,2025,2025,clay,Madrid Masters,R32,4-6 7-5 0-0 RET,69,46,66,47,85,ATP-2025-1536-350,2025-1536,3,0.9345443766683591,0.8349102719472403,0.8547630567915351,0.8400236020898106
atp:122330,atp:126094,2025-04-23,2025,2025,clay,Madrid Masters,R32,6-4 0-6 6-4,71,47,67,49,85,ATP-2025-1536-351,2025-1536,3,0.1012018060474309,0.20560548038105447,0.1890858134377032,0.2080440267816727
atp:210150,atp:210097,2025-04-23,2025,2025,clay,Madrid Masters,R32,6-1 6-4,43,32,59,32,85,ATP-2025-1536-352,2025-1536,3,0.5577079861691252,0.5389546949460213,0.5385674321730113,0.5392414430960688
atp:202103,atp:207681,2025-04-23,2025,2025,clay,Madrid Masters,R32,6-4 6-4,71,49,64,41,85,ATP-2025-1536-353,2025-1536,3,0.7834267636446159,0.6955736198448896,0.7020681855142357,0.6946117303772829
atp:100644,atp:200221,2025-04-23,2025,2025,clay,Madrid Masters,R32,2-6 7-6(3) 7-6(0),92,62,106,70,85,ATP-2025-1536-354,2025-1536,3,0.8205748846593424,0.7216240306726678,0.7337041861490006,0.7205338445694678
atp:209113,atp:111794,2025-04-23,2025,2025,clay,Madrid Masters,R64,7-5 4-6 6-4,94,66,98,63,85,ATP-2025-1536-307,2025-1536,3,0.6916378191631071,0.6375644085135035,0.631469217924768,0.6324187673690574
atp:111815,atp:208103,2025-04-23,2025,2025,clay,Madrid Masters,R64,2-6 6-4 6-0,73,48,66,39,85,ATP-2025-1536-308,2025-1536,3,0.22816509656766867,0.31077159314193625,0.30736494334968917,0.3092683122093349
atp:207985,atp:207830,2025-04-23,2025,2025,clay,Madrid Masters,R64,1-6 6-3 6-2,78,50,86,52,85,ATP-2025-1536-309,2025-1536,3,0.3355343796671483,0.38780075712072704,0.3880525106193252,0.3842944526896749
atp:105777,atp:111797,2025-04-23,2025,2025,clay,Madrid Masters,R64,6-3 6-4,64,45,68,41,85,ATP-2025-1536-310,2025-1536,3,0.5973790773955127,0.5635506921918058,0.5653828543108533,0.5668370287610809
atp:207518,atp:144869,2025-04-23,2025,2025,clay,Madrid Masters,R64,7-6(3) 6-2,58,41,69,40,85,ATP-2025-1536-311,2025-1536,3,0.6896368210909666,0.6262190818912263,0.6300150325757448,0.6248033223059942
atp:126774,atp:105526,2025-04-23,2025,2025,clay,Madrid Masters,R64,3-6 6-4 6-3,96,59,89,54,85,ATP-2025-1536-312,2025-1536,3,0.6937209467216551,0.6308244648164272,0.6329861075744657,0.6284299162969325
atp:133430,atp:105453,2025-04-23,2025,2025,clay,Madrid Masters,R64,6-1 6-4,50,38,41,24,85,ATP-2025-1536-313,2025-1536,3,0.5778786889852128,0.5503827378401804,0.5521548031779261,0.5538778907746974
atp:200282,atp:132283,2025-04-23,2025,2025,clay,Madrid Masters,R64,6-2 6-3,40,34,52,27,85,ATP-2025-1536-314,2025-1536,3,0.6768071096371209,0.6199568047422712,0.620755928630491,0.6228963772493983
atp:208286,atp:104925,2025-04-23,2025,2025,clay,Madrid Masters,R64,6-3 6-4,74,46,53,32,85,ATP-2025-1536-315,2025-1536,3,0.14742310571509926,0.2518165269191914,0.23686020438762972,0.2487363767423426
atp:106000,atp:202104,2025-04-23,2025,2025,clay,Madrid Masters,R64,1-6 6-1 6-2,72,43,72,38,85,ATP-2025-1536-316,2025-1536,3,0.2099021026740998,0.29929038609444997,0.29241637829820616,0.3056694782165932
atp:124186,atp:200005,2025-04-23,2025,2025,clay,Madrid Masters,R64,6-2 6-7(3) 7-6(5),110,72,107,67,85,ATP-2025-1536-317,2025-1536,3,0.4228105407382817,0.451121474214121,0.4483109274751608,0.448264622464089
atp:126207,atp:209260,2025-04-23,2025,2025,clay,Madrid Masters,R64,7-5 3-1 RET,38,32,61,36,85,ATP-2025-1536-318,2025-1536,3,0.49140214276769767,0.49960708297982076,0.4942677812722699,0.4941674498223984
atp:126205,atp:211663,2025-04-23,2025,2025,clay,Madrid Masters,R64,7-6(7) 7-6(3),102,67,89,59,85,ATP-2025-1536-319,2025-1536,3,0.6025997470575787,0.5676257813713282,0.5689428950671251,0.5692373113022827
atp:111575,atp:124187,2025-04-23,2025,2025,clay,Madrid Masters,R64,7-6(3) 7-6(4),66,55,89,57,85,ATP-2025-1536-320,2025-1536,3,0.7730794106693945,0.6967472122007332,0.6936390543481922,0.6957521651043025
atp:126610,atp:106218,2025-04-23,2025,2025,clay,Madrid Masters,R64,6-7(3) 7-6(6) 6-1,97,72,105,68,85,ATP-2025-1536-321,2025-1536,3,0.8545375374756317,0.7578912893359239,0.7650247945526558,0.7548650107154147
atp:207733,atp:134868,2025-04-23,2025,2025,clay,Madrid Masters,R64,6-3 6-4,53,41,50,33,85,ATP-2025-1536-322,2025-1536,3,0.6135722843255259,0.5775673444819573,0.576454508757278,0.575742457373804
atp:207925,atp:208029,2025-04-23,2025,2025,clay,Madrid Masters,R64,6-2 0-0 RET,28,19,24,13,85,ATP-2025-1536-323,2025-1536,3,0.44674817222961805,0.464860201464214,0.46442384958479677,0.4641298538664801
atp:206909,atp:124116,2025-04-23,2025,2025,clay,Madrid Masters,R64,6-3 7-6(3),73,51,62,41,85,ATP-2025-1536-324,2025-1536,3,0.7131574109466509,0.6513147445334414,0.647297036808131,0.6467641246280307
atp:207678,atp:200000,2025-04-23,2025,2025,clay,Madrid Masters,R64,7-6(5) 6-4,77,56,67,49,85,ATP-2025-1536-325,2025-1536,3,0.1487115430289211,0.24577780386111908,0.2380932617377461,0.2478569654987743
atp:134770,atp:126239,2025-04-23,2025,2025,clay,Madrid Masters,R64,6-3 6-4,54,39,48,31,85,ATP-2025-1536-327,2025-1536,3,0.8785279808296366,0.7768440941682513,0.7890223667381623,0.7764692833097095
atp:200624,atp:210748,2025-04-23,2025,2025,clay,Madrid Masters,R64,6-3 3-6 6-1,78,54,79,47,85,ATP-2025-1536-328,2025-1536,3,0.8411974708023715,0.7527165260633768,0.7523980906805007,0.755381158689271
atp:126127,atp:128034,2025-04-23,2025,2025,clay,Madrid Masters,R64,6-4 7-5,60,43,62,39,85,ATP-2025-1536-329,2025-1536,3,0.13460310907482978,0.232834053774522,0.22433646907721191,0.2315297841776694
atp:126203,atp:106331,2025-04-23,2025,2025,clay,Madrid Masters,R64,6-1 6-4,54,36,50,26,85,ATP-2025-1536-330,2025-1536,3,0.9048368115417836,0.809101347485875,0.8177892896948225,0.807116532692343
atp:122330,atp:200615,2025-04-23,2025,2025,clay,Madrid Masters,R64,6-4 7-6(4),77,52,84,53,85,ATP-2025-1536-332,2025-1536,3,0.29301150498143247,0.3598563780628859,0.3572771763652714,0.361365683499965
atp:210150,atp:210319,2025-04-23,2025,2025,clay,Madrid Masters,R64,7-6(4) 6-1,66,41,57,32,85,ATP-2025-1536-333,2025-1536,3,0.7432498163240766,0.6740203918361305,0.6700959597027732,0.669214229388906
atp:210097,atp:208363,2025-04-23,2025,2025,clay,Madrid Masters,R64,4-6 7-6(5) 6-3,97,68,97,63,85,ATP-2025-1536-334,2025-1536,3,0.31525253765345135,0.37109895726126946,0.37352653212670783,0.3779434984810999
atp:207681,atp:209950,2025-04-23,2025,2025,clay,Madrid Masters,R64,7-6(4) 6-4,81,49,71,41,85,ATP-2025-1536-335,2025-1536,3,0.29013819500469584,0.35521557293719686,0.3551505004794511,0.3546605948098735
atp:202103,atp:208004,2025-04-23,2025,2025,clay,Madrid Masters,R64,6-3 6-4,58,41,67,39,85,ATP-2025-1536-336,2025-1536,3,0.8810421281800438,0.7768500235041201,0.7916484611749862,0.78060475576436
atp:200221,atp:132686,2025-04-23,2025,2025,clay,Madrid Masters,R64,6-2 6-3,51,35,58,28,85,ATP-2025-1536-337,2025-1536,3,0.5602236415078728,0.5389308625604667,0.5402576243349894,0.5419770236500159
atp:100644,atp:105138,2025-04-23,2025,2025,clay,Madrid Masters,R64,6-2 6-2,42,32,51,26,85,ATP-2025-1536-338,2025-1536,3,0.9453399729399683,0.8455567731651321,0.8699226053220902,0.847819267415087
atp:207733,atp:207518,2025-04-23,2025,2025,clay,Madrid Masters,SF,6-3 7-6(4),73,52,73,47,85,ATP-2025-1536-367,2025-1536,3,0.24766261693008726,0.3280577350747476,0.32284125911600714,0.3283632888148897
atp:134770,atp:202103,2025-04-23,2025,2025,clay,Madrid Masters,SF,6-4 7-5,85,48,65,38,85,ATP-2025-1536-368,2025-1536,3,0.620605795626011,0.581206162994574,0.5812921882177776,0.5793196863781769
atp:207989,atp:206173,2025-05-07,2025,2025,clay,Rome Masters,F,7-6(5) 6-1,75,51,58,35,86,ATP-2025-0416-369,2025-0416,3,0.3538964778283404,0.40165071068713326,0.4009991911834345,0.4036019792266696
atp:207518,atp:100644,2025-05-07,2025,2025,clay,Rome Masters,QF,7-6(1) 6-4,74,48,73,41,86,ATP-2025-0416-363,2025-0416,3,0.4011595289039237,0.4323313665270305,0.4336214610162401,0.4368864767344855
atp:207989,atp:207733,2025-05-07,2025,2025,clay,Rome Masters,QF,6-4 6-4,80,48,47,25,86,ATP-2025-0416-364,2025-0416,3,0.7669614186212489,0.6834349357372341,0.6887227888173646,0.6771296728936862
atp:126205,atp:128034,2025-05-07,2025,2025,clay,Rome Masters,QF,7-6(4) 6-3,91,56,71,39,86,ATP-2025-0416-365,2025-0416,3,0.5646607507525114,0.5441094415953586,0.5432416236971739,0.5401767716515224
atp:206173,atp:134770,2025-05-07,2025,2025,clay,Rome Masters,QF,6-0 6-1,33,25,44,14,86,ATP-2025-0416-366,2025-0416,3,0.8688280801225707,0.7676303964848434,0.7790991389774956,0.7614154489336253
atp:200116,atp:105807,2025-05-07,2025,2025,clay,Rome Masters,R128,6-2 1-6 6-3,78,46,75,44,86,ATP-2025-0416-275,2025-0416,3,0.31757409417405263,0.37546388565889083,0.37520246496619836,0.3737190049475979
atp:209147,atp:106000,2025-05-07,2025,2025,clay,Rome Masters,R128,7-6(3) 2-6 6-4,103,58,85,48,86,ATP-2025-0416-276,2025-0416,3,0.22141332972816252,0.30309299382349536,0.30189307227071704,0.2994541785080115
atp:124186,atp:208103,2025-05-07,2025,2025,clay,Rome Masters,R128,2-6 6-3 7-6(5),111,58,96,52,86,ATP-2025-0416-277,2025-0416,3,0.2715331349234236,0.34795759584132735,0.34121031145626,0.3456526282256947
atp:134868,atp:200175,2025-05-07,2025,2025,clay,Rome Masters,R128,4-6 6-3 6-0,73,51,71,36,86,ATP-2025-0416-278,2025-0416,3,0.48816561017748006,0.49301475504296643,0.49210958810282057,0.4947935292795508
atp:111815,atp:106331,2025-05-07,2025,2025,clay,Rome Masters,R128,6-3 6-2,55,41,48,28,86,ATP-2025-0416-279,2025-0416,3,0.5932520170230872,0.5612735519964382,0.5625744609217418,0.5674290360230324
atp:126535,atp:206499,2025-05-07,2025,2025,clay,Rome Masters,R128,6-3 1-6 7-5,80,49,88,54,86,ATP-2025-0416-280,2025-0416,3,0.29271774330256656,0.3491205439124978,0.35706005388951445,0.3520984706919264
atp:111442,atp:208659,2025-05-07,2025,2025,clay,Rome Masters,R128,3-6 6-3 7-6(5),80,59,92,62,86,ATP-2025-0416-281,2025-0416,3,0.552284974301074,0.5308113916363473,0.534927561326939,0.5294925115843063
atp:202261,atp:209098,2025-05-07,2025,2025,clay,Rome Masters,R128,6-4 6-4,79,51,55,33,86,ATP-2025-0416-282,2025-0416,3,0.32863528747367265,0.3836188338497445,0.38313976621837603,0.3850078936893449
atp:105583,atp:106415,2025-05-07,2025,2025,clay,Rome Masters,R128,7-5 6-1,60,40,55,31,86,ATP-2025-0416-283,2025-0416,3,0.6684852456844651,0.6107912954086042,0.6148063959671508,0.612155565181454
atp:111513,atp:144869,2025-05-07,2025,2025,clay,Rome Masters,R128,6-3 6-2,41,33,51,28,86,ATP-2025-0416-284,2025-0416,3,0.6151778584897956,0.5748913399864297,0.5775572034497365,0.578970070717519
atp:208882,atp:132283,2025-05-07,2025,2025,clay,Rome Masters,R128,6-2 6-3,58,35,57,27,86,ATP-2025-0416-285,2025-0416,3,0.20268675261578586,0.29043400798320573,0.2863746283673075,0.2898396171174947
atp:208859,atp:202358,2025-05-07,2025,2025,clay,Rome Masters,R128,6-0 2-6 6-3,84,53,77,41,86,ATP-2025-0416-286,2025-0416,3,0.5131625868495695,0.5109755564702532,0.5087761843857935,0.5119197163049656
atp:207681,atp:127157,2025-05-07,2025,2025,clay,Rome Masters,R128,6-1 7-5,60,41,58,26,86,ATP-2025-0416-287,2025-0416,3,0.5144838648874911,0.5097137054068215,0.5096574109304891,0.513510964260337
atp:144895,atp:208014,2025-05-07,2025,2025,clay,Rome Masters,R128,3-6 6-1 7-5,101,61,87,51,86,ATP-2025-0416-288,2025-0416,3,0.8244284639493358,0.7263582661522694,0.7371282976150084,0.7270028859100026
atp:200240,atp:111460,2025-05-07,2025,2025,clay,Rome Masters,R128,6-4 6-3,56,37,72,39,86,ATP-2025-0416-289,2025-0416,3,0.27070393611674864,0.344216783438295,0.3405817795322898,0.3446967878389549
atp:209260,atp:207352,2025-05-07,2025,2025,clay,Rome Masters,R128,7-6(4) 6-3,65,46,70,45,86,ATP-2025-0416-290,2025-0416,3,0.5608284076253656,0.5417050185822891,0.5406641182367301,0.5448176932245437
atp:208134,atp:207925,2025-05-07,2025,2025,clay,Rome Masters,R128,6-3 6-4,56,39,64,37,86,ATP-2025-0416-291,2025-0416,3,0.07219792286378873,0.17831745395554405,0.15416883520139613,0.1741775514502918
atp:205734,atp:132686,2025-05-07,2025,2025,clay,Rome Masters,R128,6-1 4-6 6-4,99,62,88,51,86,ATP-2025-0416-292,2025-0416,3,0.3424979811636796,0.39442567657512634,0.3929835715171581,0.3985449074779182
atp:210530,atp:124187,2025-05-07,2025,2025,clay,Rome Masters,R128,6-4 7-6(11),73,51,80,49,86,ATP-2025-0416-293,2025-0416,3,0.5187522810097078,0.5116953348899622,0.5125047790051215,0.5089855452771208
atp:105138,atp:208286,2025-05-07,2025,2025,clay,Rome Masters,R128,6-4 6-3,76,46,55,27,86,ATP-2025-0416-294,2025-0416,3,0.34715165949279797,0.40041440161090924,0.39626422844645626,0.4007682901064759
atp:206681,atp:211663,2025-05-07,2025,2025,clay,Rome Masters,R128,6-3 7-6(4),67,49,68,41,86,ATP-2025-0416-295,2025-0416,3,0.37525489871527884,0.4117501225343254,0.41585187333177087,0.4219526319748502
atp:209263,atp:126239,2025-05-07,2025,2025,clay,Rome Masters,R128,7-6(4) 7-6(4),106,66,84,53,86,ATP-2025-0416-296,2025-0416,3,0.42280413880754475,0.4469376202124388,0.44830660204097383,0.4505301139624457
atp:124079,atp:208233,2025-05-07,2025,2025,clay,Rome Masters,R128,6-4 6-2,54,37,63,34,86,ATP-2025-0416-297,2025-0416,3,0.47689474265253046,0.4845108440146998,0.4845903983394011,0.4838591582350895
atp:106218,atp:209113,2025-05-07,2025,2025,clay,Rome Masters,R128,3-6 6-3 6-4,85,58,79,54,86,ATP-2025-0416-298,2025-0416,3,0.29690225009356347,0.36433455501321443,0.3601464320338054,0.3628254805954638
atp:122330,atp:126128,2025-05-07,2025,2025,clay,Rome Masters,R128,6-3 7-6(4),71,50,76,46,86,ATP-2025-0416-299,2025-0416,3,0.3758966577867968,0.41890652236303527,0.41629510596286456,0.4203389968185585
atp:207985,atp:104926,2025-05-07,2025,2025,clay,Rome Masters,R128,6-2 6-3,53,32,55,26,86,ATP-2025-0416-300,2025-0416,3,0.8510943495409853,0.7516228537451646,0.7617213591467564,0.7470951955901216
atp:126846,atp:134457,2025-05-07,2025,2025,clay,Rome Masters,R128,7-6(2) 6-2,64,46,60,38,86,ATP-2025-0416-301,2025-0416,3,0.38363430519430886,0.4217988431677983,0.4216263902464354,0.418190866047789
atp:144719,atp:144642,2025-05-07,2025,2025,clay,Rome Masters,R128,4-6 6-2 7-5,94,59,109,61,86,ATP-2025-0416-302,2025-0416,3,0.9510029448898445,0.8577260681116906,0.8783792988077183,0.8567323890614567
atp:124116,atp:106148,2025-05-07,2025,2025,clay,Rome Masters,R128,6-3 0-0 RET,25,20,41,22,86,ATP-2025-0416-303,2025-0416,3,0.39557470189062643,0.43024081447903306,0.42981018706817165,0.4327802986715167
atp:111797,atp:200384,2025-05-07,2025,2025,clay,Rome Masters,R128,7-6(4) 6-4,70,52,80,52,86,ATP-2025-0416-304,2025-0416,3,0.6850125047796937,0.6247613637722087,0.6266650314128699,0.6213923301600071
atp:207411,atp:207686,2025-05-07,2025,2025,clay,Rome Masters,R128,6-2 6-4,54,40,65,35,86,ATP-2025-0416-305,2025-0416,3,0.5986552537996221,0.5680642762742389,0.5662523093515178,0.5618519728875158
atp:208363,atp:210748,2025-05-07,2025,2025,clay,Rome Masters,R128,6-3 6-3,60,39,51,29,86,ATP-2025-0416-306,2025-0416,3,0.8491466642468973,0.7558366827490208,0.7598667713314647,0.7572457073491954
atp:100644,atp:209950,2025-05-07,2025,2025,clay,Rome Masters,R16,7-6(3) 6-1,64,41,75,39,86,ATP-2025-0416-355,2025-0416,3,0.6791987082785954,0.621244151209789,0.6224737181184418,0.6221737747819954
atp:207518,atp:106421,2025-05-07,2025,2025,clay,Rome Masters,R16,7-5 6-4,58,43,58,37,86,ATP-2025-0416-356,2025-0416,3,0.8107644559470261,0.7108903146381453,0.7251175140636457,0.7129457440313158
atp:207989,atp:111575,2025-05-07,2025,2025,clay,Rome Masters,R16,6-3 3-6 7-5,105,60,88,53,86,ATP-2025-0416-357,2025-0416,3,0.8917857909535067,0.7836866092393411,0.8031462120318562,0.7855467160873844
atp:207733,atp:144895,2025-05-07,2025,2025,clay,Rome Masters,R16,1-6 6-4 6-3,72,47,79,50,86,ATP-2025-0416-358,2025-0416,3,0.89391529199441,0.7842631083102962,0.8054818833818109,0.7867986180686848
atp:126205,atp:200282,2025-05-07,2025,2025,clay,Rome Masters,R16,7-5 6-3,74,46,72,38,86,ATP-2025-0416-359,2025-0416,3,0.29503120182637804,0.3644365652098018,0.35876810038817714,0.3641675242875095
atp:128034,atp:210150,2025-05-07,2025,2025,clay,Rome Masters,R16,7-6(5) 4-6 7-6(5),130,87,115,81,86,ATP-2025-0416-360,2025-0416,3,0.41372634315696866,0.4424292381027443,0.44216306504788194,0.441269987823228
atp:134770,atp:144719,2025-05-07,2025,2025,clay,Rome Masters,R16,6-3 6-4,54,42,61,39,86,ATP-2025-0416-361,2025-0416,3,0.6746534384797385,0.616926963365594,0.6192121271758193,0.6163231735328936
atp:206173,atp:202103,2025-05-07,2025,2025,clay,Rome Masters,R16,7-6(2) 6-3,91,55,86,47,86,ATP-2025-0416-362,2025-0416,3,0.8417158294801139,0.742051079219764,0.7528803462442353,0.7407289040216245
atp:100644,atp:209147,2025-05-07,2025,2025,clay,Rome Masters,R32,6-4 6-0,45,30,66,27,86,ATP-2025-0416-339,2025-0416,3,0.9779944171985644,0.9136081332254646,0.9261822526823543,0.909002876240999
atp:209950,atp:126774,2025-05-07,2025,2025,clay,Rome Masters,R32,2-6 6-4 6-2,73,48,76,46,86,ATP-2025-0416-340,2025-0416,3,0.5022232732753887,0.49741923505087715,0.5014821876105591,0.4987530334252533
atp:106421,atp:200615,2025-05-07,2025,2025,clay,Rome Masters,R32,6-4 6-1,62,39,57,31,86,ATP-2025-0416-341,2025-0416,3,0.6138122884785716,0.5772906422557643,0.576619281792535,0.5749074978509792
atp:207518,atp:206909,2025-05-07,2025,2025,clay,Rome Masters,R32,6-4 6-3,52,38,49,32,86,ATP-2025-0416-342,2025-0416,3,0.7961671102793075,0.7088708606019669,0.7126601657468188,0.7068654375866184
atp:207989,atp:111513,2025-05-07,2025,2025,clay,Rome Masters,R32,7-6(2) 6-2,66,44,72,40,86,ATP-2025-0416-343,2025-0416,3,0.8531998028477842,0.7493798831144627,0.7637375352796436,0.7510371867784513
atp:111575,atp:208859,2025-05-07,2025,2025,clay,Rome Masters,R32,6-3 6-0,40,27,41,14,86,ATP-2025-0416-344,2025-0416,3,0.7486415898015778,0.6716506697863549,0.6742755333004639,0.6737810114554312
atp:144895,atp:208029,2025-05-07,2025,2025,clay,Rome Masters,R32,7-5 5-7 7-6(4),113,73,135,81,86,ATP-2025-0416-345,2025-0416,3,0.17597788833537464,0.27524863290738827,0.2632341862498715,0.272078808214995
atp:207733,atp:200240,2025-05-07,2025,2025,clay,Rome Masters,R32,6-4 6-3,49,38,79,46,86,ATP-2025-0416-346,2025-0416,3,0.952196736081016,0.8552408764323298,0.8802133241826733,0.8548949946712259
atp:200282,atp:106198,2025-05-07,2025,2025,clay,Rome Masters,R32,6-4 6-4,62,42,57,35,86,ATP-2025-0416-347,2025-0416,3,0.9580955749673354,0.861608056021965,0.8895714120645243,0.8653971141636261
atp:126205,atp:207830,2025-05-07,2025,2025,clay,Rome Masters,R32,6-3 6-7(5) 6-4,99,66,86,55,86,ATP-2025-0416-348,2025-0416,3,0.5256035510043544,0.5167688185293362,0.5170773316859872,0.5131308514342595
atp:210150,atp:206681,2025-05-07,2025,2025,clay,Rome Masters,R32,6-4 7-6(2),64,46,72,43,86,ATP-2025-0416-349,2025-0416,3,0.7001859980131522,0.6310969660496033,0.6377139683396026,0.6378537164128928
atp:128034,atp:106218,2025-05-07,2025,2025,clay,Rome Masters,R32,6-3 1-6 6-1,70,45,64,37,86,ATP-2025-0416-350,2025-0416,3,0.6947954372429072,0.6293476728478802,0.6337697487210938,0.6310461042796081
atp:134770,atp:126610,2025-05-07,2025,2025,clay,Rome Masters,R32,7-5 2-0 RET,35,28,44,27,86,ATP-2025-0416-351,2025-0416,3,0.4523750246633492,0.4681923948461696,0.4681964678361945,0.4727469774612865
atp:144719,atp:200624,2025-05-07,2025,2025,clay,Rome Masters,R32,6-4 6-2,52,35,54,29,86,ATP-2025-0416-352,2025-0416,3,0.609433525011187,0.5700356517335459,0.5736163165919921,0.5686183083138697
atp:202103,atp:124116,2025-05-07,2025,2025,clay,Rome Masters,R32,6-2 6-4,53,39,51,30,86,ATP-2025-0416-353,2025-0416,3,0.8995208463252427,0.7942065629245987,0.8117275490914219,0.7901297004741366
atp:206173,atp:207411,2025-05-07,2025,2025,clay,Rome Masters,R32,6-4 6-2,52,34,58,26,86,ATP-2025-0416-354,2025-0416,3,0.9798584163107916,0.9109392783415418,0.9301988381840531,0.9081504138890716
atp:100644,atp:200116,2025-05-07,2025,2025,clay,Rome Masters,R64,6-2 6-1,45,29,44,17,86,ATP-2025-0416-307,2025-0416,3,0.9516197598493285,0.8512599867296688,0.8793245539629077,0.8531935169844084
atp:209147,atp:133430,2025-05-07,2025,2025,clay,Rome Masters,R64,6-3 6-4,73,47,66,36,86,ATP-2025-0416-308,2025-0416,3,0.17249935838142733,0.2579158372621204,0.2601201355086188,0.2623093595837358
atp:126774,atp:124186,2025-05-07,2025,2025,clay,Rome Masters,R64,6-2 7-6(3),57,41,73,40,86,ATP-2025-0416-309,2025-0416,3,0.8217878553293287,0.7223830945856287,0.7347787549767443,0.7273029969586875
atp:209950,atp:134868,2025-05-07,2025,2025,clay,Rome Masters,R64,6-2 6-2,45,34,53,28,86,ATP-2025-0416-310,2025-0416,3,0.7108502588244685,0.6422881138492194,0.6455826512848845,0.6398801140301132
atp:106421,atp:111815,2025-05-07,2025,2025,clay,Rome Masters,R64,6-4 6-2,50,35,77,41,86,ATP-2025-0416-311,2025-0416,3,0.6948650273739411,0.630755675115106,0.6338205306497451,0.6284596199585246
atp:200615,atp:126535,2025-05-07,2025,2025,clay,Rome Masters,R64,6-1 7-6(4),68,47,59,36,86,ATP-2025-0416-312,2025-0416,3,0.7880854399822963,0.7076374712880661,0.7059128336348621,0.7044238574389031
atp:207518,atp:202261,2025-05-07,2025,2025,clay,Rome Masters,R64,6-3 6-2,53,39,65,35,86,ATP-2025-0416-314,2025-0416,3,0.9208854663209995,0.8214894222053579,0.8370298552770702,0.8143014649002229
atp:207989,atp:105583,2025-05-07,2025,2025,clay,Rome Masters,R64,6-3 6-3,51,35,67,36,86,ATP-2025-0416-315,2025-0416,3,0.9623708087176178,0.8678347787866392,0.8966996138360726,0.8636763117121762
atp:111513,atp:210506,2025-05-07,2025,2025,clay,Rome Masters,R64,6-0 6-3,55,36,49,22,86,ATP-2025-0416-316,2025-0416,3,0.8571330406643581,0.7542760107197286,0.7675365102057229,0.7565934160336709
atp:111575,atp:208882,2025-05-07,2025,2025,clay,Rome Masters,R64,6-4 5-7 6-1,103,63,96,54,86,ATP-2025-0416-317,2025-0416,3,0.919569816330405,0.816193208439844,0.835393390352531,0.8196029755152257
atp:208859,atp:105777,2025-05-07,2025,2025,clay,Rome Masters,R64,7-5 6-3,58,41,77,43,86,ATP-2025-0416-318,2025-0416,3,0.2024817273946956,0.28889725673976463,0.2862017455258538,0.2916766988856532
atp:208029,atp:207681,2025-05-07,2025,2025,clay,Rome Masters,R64,3-6 6-3 6-4,136,80,96,59,86,ATP-2025-0416-319,2025-0416,3,0.7301674140327102,0.6568597216638986,0.6600794033796751,0.6532903388346567
atp:144895,atp:200005,2025-05-07,2025,2025,clay,Rome Masters,R64,6-3 4-0 RET,39,25,51,22,86,ATP-2025-0416-320,2025-0416,3,0.33267331601490296,0.3915578969455046,0.38601858228911157,0.3907280595937152
atp:200240,atp:202104,2025-05-07,2025,2025,clay,Rome Masters,R64,3-6 6-4 6-4,95,57,91,54,86,ATP-2025-0416-321,2025-0416,3,0.13592602100707518,0.23914091712544788,0.22565124034528372,0.2407549371003148
atp:207733,atp:209260,2025-05-07,2025,2025,clay,Rome Masters,R64,6-1 6-4,65,43,53,27,86,ATP-2025-0416-322,2025-0416,3,0.7986406933072775,0.7090701177857718,0.7147459193093647,0.7068288830434455
atp:200282,atp:208134,2025-05-07,2025,2025,clay,Rome Masters,R64,6-4 7-5,58,38,90,49,86,ATP-2025-0416-323,2025-0416,3,0.987000081730562,0.9193010783996112,0.9471742692149778,0.9175433774983306
atp:106198,atp:205734,2025-05-07,2025,2025,clay,Rome Masters,R64,4-6 6-3 6-4,88,57,88,51,86,ATP-2025-0416-324,2025-0416,3,0.3185163712796101,0.3754772884777666,0.37588167618391893,0.3750967305461292
atp:207830,atp:210530,2025-05-07,2025,2025,clay,Rome Masters,R64,6-4 6-4,54,36,64,35,86,ATP-2025-0416-325,2025-0416,3,0.8436064927430198,0.7482451139333042,0.7546448621913178,0.7468865436594061
atp:126205,atp:105138,2025-05-07,2025,2025,clay,Rome Masters,R64,6-1 6-4,45,33,53,29,86,ATP-2025-0416-326,2025-0416,3,0.8064496572629615,0.7094958081859513,0.7213971548715523,0.7066917080365271
atp:206681,atp:126094,2025-05-07,2025,2025,clay,Rome Masters,R64,7-5 4-6 6-3,104,63,108,63,86,ATP-2025-0416-327,2025-0416,3,0.25518225153509055,0.3361812997071242,0.3286918242455419,0.3322783389604128
atp:210150,atp:209263,2025-05-07,2025,2025,clay,Rome Masters,R64,7-6(4) 7-5,73,53,71,50,86,ATP-2025-0416-328,2025-0416,3,0.8399603201225723,0.7501754606410848,0.7512497140007081,0.7452284396703241
atp:128034,atp:124079,2025-05-07,2025,2025,clay,Rome Masters,R64,6-1 7-5,50,38,60,33,86,ATP-2025-0416-329,2025-0416,3,0.7107733834880848,0.6413952361444086,0.6455256029229047,0.6457672240757751
atp:106218,atp:126203,2025-05-07,2025,2025,clay,Rome Masters,R64,7-6(4) 7-6(3),77,50,71,43,86,ATP-2025-0416-330,2025-0416,3,0.15101763969816331,0.2521795552778275,0.24028922374008177,0.2510977183335784
atp:134770,atp:122330,2025-05-07,2025,2025,clay,Rome Masters,R64,6-4 4-6 6-3,78,56,95,58,86,ATP-2025-0416-331,2025-0416,3,0.9003607788288376,0.7919106304885719,0.8126760529888054,0.7937464769681977
atp:126610,atp:207985,2025-05-07,2025,2025,clay,Rome Masters,R64,6-4 7-6(0),66,49,81,48,86,ATP-2025-0416-332,2025-0416,3,0.7520018966220597,0.6737275274993119,0.6768963883535064,0.6744110253134729
atp:200624,atp:126846,2025-05-07,2025,2025,clay,Rome Masters,R64,6-3 6-4,65,47,65,39,86,ATP-2025-0416-333,2025-0416,3,0.8027332501306855,0.7100178304361087,0.718218871770738,0.7130687355917134
atp:144719,atp:210097,2025-05-07,2025,2025,clay,Rome Masters,R64,6-2 6-1,47,34,56,26,86,ATP-2025-0416-334,2025-0416,3,0.6550804580567192,0.604821278768976,0.6053078930488703,0.6093477084366987
atp:124116,atp:126207,2025-05-07,2025,2025,clay,Rome Masters,R64,6-2 6-7(2) 6-3,88,62,80,55,86,ATP-2025-0416-335,2025-0416,3,0.36807550979549297,0.4144771812022933,0.41088181426708936,0.4117382895111217
atp:202103,atp:111797,2025-05-07,2025,2025,clay,Rome Masters,R64,7-6(4) 6-3,77,53,78,48,86,ATP-2025-0416-336,2025-0416,3,0.8003729192687875,0.7068541434915803,0.7162124932905519,0.7074162173010771
atp:207411,atp:200221,2025-05-07,2025,2025,clay,Rome Masters,R64,6-0 6-2,45,28,47,18,86,ATP-2025-0416-337,2025-0416,3,0.1813734923972933,0.2766342591678258,0.26801579299987405,0.2745193186166327
atp:206173,atp:208363,2025-05-07,2025,2025,clay,Rome Masters,R64,6-3 6-4,63,41,60,34,86,ATP-2025-0416-338,2025-0416,3,0.9530883359361169,0.8516586019015342,0.8815955931300178,0.8527443596552735
atp:207989,atp:207518,2025-05-07,2025,2025,clay,Rome Masters,SF,6-3 7-6(4),72,43,93,48,86,ATP-2025-0416-367,2025-0416,3,0.7277349199463304,0.654911097446464,0.6582354115480658,0.6536831203806108
atp:206173,atp:126205,2025-05-07,2025,2025,clay,Rome Masters,SF,1-6 6-0 6-3,61,39,74,40,86,ATP-2025-0416-368,2025-0416,3,0.9379045125869602,0.8305787439346153,0.8593598458387725,0.8320855707791526
atp:104925,atp:128034,2025-05-18,2025,2025,clay,Geneva,F,5-7 7-6(2) 7-6(2),110,79,123,81,86,ATP-2025-0322-385,2025-0322,3,0.7609853317866548,0.6784633708063577,0.6839662234132067,0.6829752584883506
atp:104925,atp:208286,2025-05-18,2025,2025,clay,Geneva,QF,6-4 6-4,57,39,68,40,86,ATP-2025-0322-379,2025-0322,3,0.8514750328876476,0.7484564667032074,0.7620850192228893,0.7460471125389185
atp:111815,atp:200615,2025-05-18,2025,2025,clay,Geneva,QF,7-6(6) 6-4,66,48,79,49,86,ATP-2025-0322-380,2025-0322,3,0.42559556639348134,0.45095768554645077,0.4501917089489284,0.4516658334149489
atp:124116,atp:111575,2025-05-18,2025,2025,clay,Geneva,QF,4-6 6-4 6-4,84,58,84,56,86,ATP-2025-0322-381,2025-0322,3,0.2512254670535499,0.32932039297138893,0.32562101544691974,0.3301359026689808
atp:128034,atp:126203,2025-05-18,2025,2025,clay,Geneva,QF,6-3 7-6(5),71,52,69,48,86,ATP-2025-0322-382,2025-0322,3,0.3210823322761918,0.3801780291225329,0.37772833165988656,0.3775488930402214
atp:104925,atp:105916,2025-05-18,2025,2025,clay,Geneva,R16,6-2 6-3,48,38,53,27,86,ATP-2025-0322-371,2025-0322,3,0.7872697080837506,0.6978307649359858,0.705237326528932,0.6980526879152542
atp:208286,atp:206681,2025-05-18,2025,2025,clay,Geneva,R16,6-3 7-6(3),75,53,76,47,86,ATP-2025-0322-372,2025-0322,3,0.5137170629355496,0.5112833102288368,0.5091459835832647,0.5073360376068836
atp:111815,atp:207830,2025-05-18,2025,2025,clay,Geneva,R16,3-6 6-2 4-3 RET,63,38,97,52,86,ATP-2025-0322-373,2025-0322,3,0.25838936450800043,0.33442812747829076,0.3311685786438273,0.3354483226529579
atp:200615,atp:207985,2025-05-18,2025,2025,clay,Geneva,R16,6-4 6-3,63,43,43,29,86,ATP-2025-0322-374,2025-0322,3,0.3933400594433673,0.4260414059804569,0.42828234820638666,0.4292182140791821
atp:124116,atp:132686,2025-05-18,2025,2025,clay,Geneva,R16,7-6(2) 7-6(4),88,59,87,54,86,ATP-2025-0322-375,2025-0322,3,0.33977453516026157,0.393735299316475,0.3910582513766001,0.3901515218150518
atp:111575,atp:105453,2025-05-18,2025,2025,clay,Geneva,R16,7-5 2-5 RET,55,34,56,35,86,ATP-2025-0322-376,2025-0322,3,0.7105735187197011,0.6411732408978426,0.6453773081283167,0.6412348836478157
atp:128034,atp:126239,2025-05-18,2025,2025,clay,Geneva,R16,6-4 6-1,50,39,47,27,86,ATP-2025-0322-377,2025-0322,3,0.7084258605880697,0.6422049962079805,0.6437858549845134,0.640900338021759
atp:126203,atp:111460,2025-05-18,2025,2025,clay,Geneva,R16,6-4 7-6(5),74,52,71,48,86,ATP-2025-0322-378,2025-0322,3,0.7834134605941212,0.7018837214475031,0.702057252298917,0.6990724835702607
atp:105916,atp:200267,2025-05-18,2025,2025,clay,Geneva,R32,6-2 6-3,51,32,59,30,86,ATP-2025-0322-359,2025-0322,3,0.566660507705006,0.5441023014570193,0.5445877259126803,0.544803769580744
atp:206681,atp:106264,2025-05-18,2025,2025,clay,Geneva,R32,6-1 6-1,33,29,38,15,86,ATP-2025-0322-360,2025-0322,3,0.8081689559762271,0.7281766354492061,0.7228756226422963,0.7280478096387317
atp:208286,atp:200384,2025-05-18,2025,2025,clay,Geneva,R32,6-7(6) 6-4 6-4,95,61,95,58,86,ATP-2025-0322-361,2025-0322,3,0.6617065833532295,0.6074019642429864,0.6099905295656847,0.6084811250041094
atp:111815,atp:208502,2025-05-18,2025,2025,clay,Geneva,R32,7-6(2) 6-3,72,41,72,38,86,ATP-2025-0322-362,2025-0322,3,0.6506294221165202,0.6023211193585347,0.602175513216983,0.6014971184770104
atp:207985,atp:105583,2025-05-18,2025,2025,clay,Geneva,R32,6-4 6-1,55,32,55,24,86,ATP-2025-0322-363,2025-0322,3,0.6276045398517861,0.5893134081620848,0.5861250449029323,0.5876200140553418
atp:200615,atp:111797,2025-05-18,2025,2025,clay,Geneva,R32,6-4 3-6 7-5,94,59,100,62,86,ATP-2025-0322-364,2025-0322,3,0.4425832935229995,0.462625183532937,0.4616281975938598,0.4597768137563565
atp:132686,atp:210506,2025-05-18,2025,2025,clay,Geneva,R32,4-6 6-3 6-3,86,60,74,48,86,ATP-2025-0322-365,2025-0322,3,0.7378644763619124,0.6617457871586798,0.665951879068414,0.6604741943481153
atp:124116,atp:123809,2025-05-18,2025,2025,clay,Geneva,R32,6-1 6-2,39,30,51,25,86,ATP-2025-0322-366,2025-0322,3,0.6171901778240841,0.5832212713960213,0.578940590306345,0.581261263762651
atp:105453,atp:210530,2025-05-18,2025,2025,clay,Geneva,R32,4-6 6-4 6-4,98,64,96,57,86,ATP-2025-0322-367,2025-0322,3,0.686327174968584,0.6256628245914022,0.6276159313577939,0.6346661855651119
atp:128034,atp:209070,2025-05-18,2025,2025,clay,Geneva,R32,6-3 6-4,61,40,49,30,86,ATP-2025-0322-368,2025-0322,3,0.8491167761471302,0.7542044057726802,0.7598383894416377,0.7555088724939484
atp:126239,atp:200175,2025-05-18,2025,2025,clay,Geneva,R32,6-4 6-2,52,38,56,33,86,ATP-2025-0322-369,2025-0322,3,0.2924721960578318,0.35955620788549203,0.3568785142845159,0.3597281967868994
atp:111460,atp:144719,2025-05-18,2025,2025,clay,Geneva,R32,4-6 6-3 7-6(5),91,68,99,65,86,ATP-2025-0322-370,2025-0322,3,0.31979174289946355,0.377823854360931,0.37680006207867933,0.3781671910286096
atp:104925,atp:111815,2025-05-18,2025,2025,clay,Geneva,SF,6-4 6-7(6) 6-1,82,63,91,56,86,ATP-2025-0322-383,2025-0322,3,0.9056692686187564,0.7987150127042515,0.8187514768404563,0.7963335335437811
atp:128034,atp:124116,2025-05-18,2025,2025,clay,Geneva,SF,6-3 6-4,47,40,59,36,86,ATP-2025-0322-384,2025-0322,3,0.7003328325883085,0.6358392878229916,0.6378217096345427,0.6391960462130472
atp:207925,atp:126094,2025-05-18,2025,2025,clay,Hamburg,F,6-2 6-4,72,44,46,23,86,ATP-2025-0414-385,2025-0414,3,0.3212659923478859,0.3796595448465093,0.37786034381932937,0.3817475400286099
atp:207925,atp:105138,2025-05-18,2025,2025,clay,Hamburg,QF,7-6(4) 6-0,53,38,49,26,86,ATP-2025-0414-379,2025-0414,3,0.7227906279096384,0.6464578711717859,0.6545042365224617,0.6476123550303998
atp:144869,atp:208103,2025-05-18,2025,2025,clay,Hamburg,QF,7-5 6-3,64,42,74,40,86,ATP-2025-0414-380,2025-0414,3,0.416319527664405,0.44488542754901667,0.44392017580245535,0.4414378884360144
atp:126094,atp:209260,2025-05-18,2025,2025,clay,Hamburg,QF,6-1 3-6 6-3,80,55,77,47,86,ATP-2025-0414-381,2025-0414,3,0.7261467910394399,0.6539949701306446,0.6570344928692229,0.6506659569498499
atp:200000,atp:124186,2025-05-18,2025,2025,clay,Hamburg,QF,7-6(4) 6-7(6) 6-3,114,73,109,68,86,ATP-2025-0414-382,2025-0414,3,0.683180403898973,0.6180168116534841,0.6253418140509114,0.6237753971064375
atp:105138,atp:126207,2025-05-18,2025,2025,clay,Hamburg,R16,6-2 6-3,62,42,47,26,86,ATP-2025-0414-371,2025-0414,3,0.33780574814968045,0.39439875445323513,0.38966388422149933,0.3929446622316159
atp:207925,atp:200221,2025-05-18,2025,2025,clay,Hamburg,R16,6-4 7-5,75,43,69,34,86,ATP-2025-0414-372,2025-0414,3,0.30324480098355877,0.36964193054975925,0.3647988032095051,0.3709807853688673
atp:208103,atp:202103,2025-05-18,2025,2025,clay,Hamburg,R16,7-5 6-2,64,39,75,36,86,ATP-2025-0414-373,2025-0414,3,0.3113945043501004,0.37502895800355185,0.3707333676228113,0.3773735708172167
atp:144869,atp:200116,2025-05-18,2025,2025,clay,Hamburg,R16,6-4 6-4,68,46,80,48,86,ATP-2025-0414-374,2025-0414,3,0.7518731806841906,0.66997076794356,0.6767957652738756,0.6723023821615891
atp:209260,atp:206909,2025-05-18,2025,2025,clay,Hamburg,R16,7-5 6-7(7) 6-2,104,60,116,60,86,ATP-2025-0414-375,2025-0414,3,0.441205993581761,0.4615398292596019,0.46070304210723845,0.4615347556159201
atp:126094,atp:211514,2025-05-18,2025,2025,clay,Hamburg,R16,6-3 7-5,79,49,65,35,86,ATP-2025-0414-376,2025-0414,3,0.9294226780276071,0.8424196087727294,0.8479445294883291,0.8429110458620246
atp:200000,atp:208659,2025-05-18,2025,2025,clay,Hamburg,R16,6-2 6-4,48,36,52,27,86,ATP-2025-0414-377,2025-0414,3,0.7797121620042269,0.7003992607396783,0.6990251163520508,0.6971177944605531
atp:124186,atp:100644,2025-05-18,2025,2025,clay,Hamburg,R16,6-3 4-6 7-6(5),96,63,99,61,86,ATP-2025-0414-378,2025-0414,3,0.07654345782728655,0.1826263215288401,0.15973827535860585,0.1851529423735123
atp:126207,atp:207352,2025-05-18,2025,2025,clay,Hamburg,R32,7-5 6-2,63,43,62,34,86,ATP-2025-0414-355,2025-0414,3,0.5624299600858405,0.540918977601663,0.5417409296973692,0.5476916488241128
atp:105138,atp:106218,2025-05-18,2025,2025,clay,Hamburg,R32,7-6(5) 6-0,65,39,58,27,86,ATP-2025-0414-356,2025-0414,3,0.4550228420121284,0.4683872220435985,0.4699701422909551,0.4707344110802115
atp:207925,atp:126964,2025-05-18,2025,2025,clay,Hamburg,R32,5-7 6-2 6-2,106,57,106,50,86,ATP-2025-0414-357,2025-0414,3,0.8606007643003781,0.7708099946006011,0.7709222032861954,0.77635627114883
atp:200221,atp:104792,2025-05-18,2025,2025,clay,Hamburg,R32,6-3 6-3,65,40,59,31,86,ATP-2025-0414-358,2025-0414,3,0.7272933642299919,0.6523100937719993,0.6579012786782216,0.6574576246625886
atp:202103,atp:124079,2025-05-18,2025,2025,clay,Hamburg,R32,6-2 6-3,53,27,57,20,86,ATP-2025-0414-359,2025-0414,3,0.9118829994038374,0.8025847709866303,0.8260514468635616,0.7989625399431839
atp:208103,atp:127339,2025-05-18,2025,2025,clay,Hamburg,R32,6-4 3-6 6-2,74,51,88,51,86,ATP-2025-0414-360,2025-0414,3,0.7518468540011449,0.6736805219044479,0.6767751868055747,0.6757349797625833
atp:144869,atp:207681,2025-05-18,2025,2025,clay,Hamburg,R32,7-6(4) 6-3,75,49,65,38,86,ATP-2025-0414-361,2025-0414,3,0.6243072823833334,0.5848573335932535,0.583845727866251,0.5812495560321036
atp:200116,atp:202104,2025-05-18,2025,2025,clay,Hamburg,R32,6-3 2-6 6-4,116,63,73,39,86,ATP-2025-0414-362,2025-0414,3,0.2252411124699317,0.31028610399206075,0.3050027803799567,0.3113222267295555
atp:206909,atp:209920,2025-05-18,2025,2025,clay,Hamburg,R32,6-5 RET,39,19,34,15,86,ATP-2025-0414-363,2025-0414,3,0.8540283056122598,0.7644111622660017,0.7645341987836876,0.7621781305825921
atp:209260,atp:212309,2025-05-18,2025,2025,clay,Hamburg,R32,6-1 6-4,57,40,45,25,86,ATP-2025-0414-364,2025-0414,3,0.7424193597060391,0.6778163322790189,0.6694549571143209,0.6728605899001157
atp:211514,atp:105526,2025-05-18,2025,2025,clay,Hamburg,R32,7-6(4) 7-6(4),87,60,70,52,86,ATP-2025-0414-365,2025-0414,3,0.17259169907955724,0.2578399447488113,0.2602031271169897,0.2526836549583851
atp:126094,atp:106000,2025-05-18,2025,2025,clay,Hamburg,R32,6-4 6-3,67,40,65,35,86,ATP-2025-0414-366,2025-0414,3,0.8180070458776834,0.7169528668509564,0.7314389151006151,0.7201711039373101
atp:200000,atp:127157,2025-05-18,2025,2025,clay,Hamburg,R32,6-3 6-3,48,37,59,34,86,ATP-2025-0414-367,2025-0414,3,0.6661231274018983,0.612326134955145,0.6131252323030507,0.6107028911389041
atp:208659,atp:122330,2025-05-18,2025,2025,clay,Hamburg,R32,7-6(6) 6-4,79,55,65,43,86,ATP-2025-0414-368,2025-0414,3,0.4592716629492884,0.4724036068789774,0.4728143184906467,0.4687665000692314
atp:124186,atp:111200,2025-05-18,2025,2025,clay,Hamburg,R32,6-3 7-5,86,49,67,34,86,ATP-2025-0414-369,2025-0414,3,0.7461455964846867,0.6743086847238813,0.6723368193467159,0.6714886463277557
atp:100644,atp:206499,2025-05-18,2025,2025,clay,Hamburg,R32,6-1 7-6(5),49,39,74,41,86,ATP-2025-0414-370,2025-0414,3,0.929025269574439,0.8295568825748301,0.8474243917125277,0.8282946711440369
atp:207925,atp:144869,2025-05-18,2025,2025,clay,Hamburg,SF,2-6 7-5 6-4,106,64,101,63,86,ATP-2025-0414-383,2025-0414,3,0.4696502110142232,0.4804308424616432,0.4797529806447268,0.4812768534144791
atp:126094,atp:200000,2025-05-18,2025,2025,clay,Hamburg,SF,6-1 6-4,55,40,51,29,86,ATP-2025-0414-384,2025-0414,3,0.6216374480875501,0.5778770090605587,0.5820033492758431,0.5812158129738423
atp:207989,atp:206173,2025-05-26,2025,2025,clay,Roland Garros,F,4-6 6-7(4) 6-4 7-6(3) 7-6(2),194,117,191,116,86,ATP-2025-520-401,2025-520,5,0.3234385843891558,0.3549905769062044,0.37942033769614497,0.3584278457668101
atp:207518,atp:126207,2025-05-26,2025,2025,clay,Roland Garros,QF,6-2 4-6 7-5 6-2,108,77,114,68,86,ATP-2025-520-395,2025-520,5,0.9012468386778919,0.8476786527841702,0.8136803487026016,0.8452879086658741
atp:104925,atp:100644,2025-05-26,2025,2025,clay,Roland Garros,QF,4-6 6-3 6-2 6-4,119,84,103,66,86,ATP-2025-520-396,2025-520,5,0.4019893871177841,0.4235915809559015,0.4341869449774647,0.4186248699728496
atp:207989,atp:126205,2025-05-26,2025,2025,clay,Roland Garros,QF,6-0 6-1 6-4,55,48,87,44,86,ATP-2025-520-397,2025-520,5,0.9324394614366257,0.8785938533914895,0.8519343159495036,0.8845307115012977
atp:206173,atp:122330,2025-05-26,2025,2025,clay,Roland Garros,QF,6-1 7-5 6-0,77,57,89,45,86,ATP-2025-520-398,2025-520,5,0.9977341688138395,0.987866168935452,0.9830161636958514,0.987754731908456
atp:200443,atp:109739,2025-05-26,2025,2025,clay,Roland Garros,R128,7-6(3) 4-6 6-3 2-6 6-2,152,96,153,94,86,ATP-2025-520-275,2025-520,5,0.5804636051465406,0.5647054064792819,0.5539025185988953,0.5643566375546166
atp:126214,atp:209070,2025-05-26,2025,2025,clay,Roland Garros,R128,5-7 6-3 6-2 1-6 6-3,154,96,120,76,86,ATP-2025-520-276,2025-520,5,0.8203189188520748,0.7754173172228027,0.7334777997934644,0.7763689370232751
atp:207686,atp:105583,2025-05-26,2025,2025,clay,Roland Garros,R128,6-2 6-4 7-6(4),100,66,100,59,86,ATP-2025-520-277,2025-520,5,0.30944388694875635,0.34674208384666994,0.36931724028846263,0.3401656392883178
atp:210012,atp:105932,2025-05-26,2025,2025,clay,Roland Garros,R128,7-6(0) 2-6 7-6(9) 2-6 6-2,159,102,182,115,86,ATP-2025-520-278,2025-520,5,0.5006975443053915,0.4990365963821739,0.5004650297045341,0.5055551097588953
atp:124187,atp:208014,2025-05-26,2025,2025,clay,Roland Garros,R128,1-6 6-3 7-5 7-6(3),113,78,125,83,86,ATP-2025-520-279,2025-520,5,0.7111565473592297,0.6755202938199871,0.6458099929653794,0.6804785207561712
atp:124116,atp:105526,2025-05-26,2025,2025,clay,Roland Garros,R128,7-6(5) 6-3 6-7(5) 6-2,145,100,133,87,86,ATP-2025-520-280,2025-520,5,0.34654518931181394,0.3752103425960962,0.39583733858758485,0.3719270681230453
atp:207182,atp:122298,2025-05-26,2025,2025,clay,Roland Garros,R128,6-2 7-5 7-5,122,78,125,68,86,ATP-2025-520-281,2025-520,5,0.05413531003381389,0.08622236969496615,0.1293097895721812,0.0847701527210839
atp:144719,atp:200116,2025-05-26,2025,2025,clay,Roland Garros,R128,6-4 6-1 7-5,88,61,107,57,86,ATP-2025-520-282,2025-520,5,0.8431559813058045,0.7893686528439307,0.754223615781879,0.7945464175504988
atp:144895,atp:202127,2025-05-26,2025,2025,clay,Roland Garros,R128,6-3 7-6(6) 6-3,109,71,111,64,86,ATP-2025-520-283,2025-520,5,0.7799899221812575,0.7423751869069242,0.6992519880141241,0.7451215995137211
atp:104792,atp:106198,2025-05-26,2025,2025,clay,Roland Garros,R128,4-6 3-6 6-1 7-6(4) 6-1,147,93,155,87,86,ATP-2025-520-284,2025-520,5,0.8461984281197829,0.7977864279750577,0.7570782182387127,0.795255309916689
atp:209209,atp:207352,2025-05-26,2025,2025,clay,Roland Garros,R128,5-7 7-6(3) 7-6(4) 6-1,166,111,129,89,86,ATP-2025-520-285,2025-520,5,0.385277664295818,0.40458573480277626,0.4227557415722593,0.4071076026041713
atp:209098,atp:111794,2025-05-26,2025,2025,clay,Roland Garros,R128,6-3 6-3 7-6(2),99,63,90,49,86,ATP-2025-520-286,2025-520,5,0.44431779575720465,0.45299502848586504,0.46279282508932373,0.4543447640746787
atp:206681,atp:208134,2025-05-26,2025,2025,clay,Roland Garros,R128,6-2 6-3 7-6(3),88,65,106,63,86,ATP-2025-520-287,2025-520,5,0.9240228087396687,0.8790849472444148,0.8409797083616207,0.8824171981429919
atp:208103,atp:111442,2025-05-26,2025,2025,clay,Roland Garros,R128,6-4 6-2 6-1,78,52,78,40,86,ATP-2025-520-288,2025-520,5,0.8560946271595622,0.8051147533112428,0.7665293550599094,0.8083166768797986
atp:200240,atp:106329,2025-05-26,2025,2025,clay,Roland Garros,R128,6-4 6-3 4-6 6-7(6) 6-1,131,94,166,101,86,ATP-2025-520-289,2025-520,5,0.3366553551232504,0.36187360371359345,0.38884812816159514,0.3732073976116045
atp:200175,atp:202104,2025-05-26,2025,2025,clay,Roland Garros,R128,6-7(3) 6-7(4) 6-4 6-2 6-2,163,99,189,101,86,ATP-2025-520-290,2025-520,5,0.46670040339352,0.47205938692715366,0.47778200027827594,0.4725444832766921
atp:105732,atp:126127,2025-05-26,2025,2025,clay,Roland Garros,R128,7-5 3-6 4-6 7-5 6-2,146,92,155,97,86,ATP-2025-520-291,2025-520,5,0.3335001182327405,0.3605706267086803,0.3866068431066305,0.3600431017188763
atp:134868,atp:106218,2025-05-26,2025,2025,clay,Roland Garros,R128,4-6 6-3 6-4 7-5,108,82,136,83,86,ATP-2025-520-292,2025-520,5,0.705022281748935,0.6675096150886879,0.6412713392249241,0.6673373257149794
atp:144870,atp:206499,2025-05-26,2025,2025,clay,Roland Garros,R128,4-6 6-4 6-4 6-1,111,75,116,67,86,ATP-2025-520-293,2025-520,5,0.1436654662553658,0.18030084420488768,0.2332382299207017,0.1791493863451524
atp:209263,atp:133975,2025-05-26,2025,2025,clay,Roland Garros,R128,6-4 6-2 6-0,68,49,90,40,86,ATP-2025-520-294,2025-520,5,0.8093630787926894,0.7779650303942086,0.7239055589084309,0.7721685268413596
atp:200384,atp:200259,2025-05-26,2025,2025,clay,Roland Garros,R128,2-6 6-0 2-6 6-3 6-4,145,83,124,68,86,ATP-2025-520-295,2025-520,5,0.4200694621725871,0.4326926499144901,0.44645803268011125,0.4328516177807766
atp:104755,atp:209279,2025-05-26,2025,2025,clay,Roland Garros,R128,6-2 2-6 6-3 6-0,95,58,114,58,86,ATP-2025-520-296,2025-520,5,0.5255860539475761,0.5196590629823324,0.5170656499690309,0.5218641531430237
atp:123755,atp:208316,2025-05-26,2025,2025,clay,Roland Garros,R128,7-6(6) 6-3 3-6 6-7(4) 7-5,200,122,155,99,86,ATP-2025-520-297,2025-520,5,0.6598771812051124,0.6379184502302645,0.6086953053873422,0.6376039876205759
atp:105916,atp:209262,2025-05-26,2025,2025,clay,Roland Garros,R128,6-4 6-2 6-2,74,52,101,53,86,ATP-2025-520-298,2025-520,5,0.6977694516558857,0.6713290346469847,0.6359431368472428,0.671560804593385
atp:207985,atp:104527,2025-05-26,2025,2025,clay,Roland Garros,R128,7-6(6) 6-3 6-2,81,64,86,52,86,ATP-2025-520-299,2025-520,5,0.8051423339197531,0.7594677186840144,0.7202764158368069,0.7565097863047987
atp:106000,atp:202058,2025-05-26,2025,2025,clay,Roland Garros,R128,3-6 6-4 6-3 7-5,137,89,148,88,86,ATP-2025-520-300,2025-520,5,0.4680551923513624,0.47691743444238854,0.47868733561563176,0.4738599231997796
atp:207411,atp:208859,2025-05-26,2025,2025,clay,Roland Garros,R128,3-6 6-7(7) 6-4 7-6(1) 6-1,147,103,178,105,86,ATP-2025-520-301,2025-520,5,0.5383476564893768,0.5317157873536296,0.5255930215534608,0.5318812236711772
atp:207925,atp:105227,2025-05-26,2025,2025,clay,Roland Garros,R128,6-2 6-1 6-3,70,50,74,37,86,ATP-2025-520-302,2025-520,5,0.5984802493652392,0.5790844945330926,0.5661330497508786,0.5791189635979623
atp:105807,atp:207681,2025-05-26,2025,2025,clay,Roland Garros,R128,6-2 7-6(3) 7-5,118,76,106,58,86,ATP-2025-520-303,2025-520,5,0.5638932940314862,0.5526057864725633,0.5427252330333011,0.5531969416063863
atp:122330,atp:105902,2025-05-26,2025,2025,clay,Roland Garros,R128,6-2 6-4 6-4,101,71,92,52,86,ATP-2025-520-304,2025-520,5,0.8659183263374232,0.8178691418077106,0.7761832464927066,0.8152109045189693
atp:202385,atp:210262,2025-05-26,2025,2025,clay,Roland Garros,R128,6-1 3-6 6-3 6-2,105,73,95,58,86,ATP-2025-520-305,2025-520,5,0.5136323366678739,0.514750254388255,0.5090894759203872,0.5154840320958207
atp:132686,atp:208021,2025-05-26,2025,2025,clay,Roland Garros,R128,3-6 6-7(3) 6-4 6-3 6-3,161,101,185,108,86,ATP-2025-520-306,2025-520,5,0.8783378780669139,0.8501393387893312,0.7888247392458835,0.8508037366273613
atp:207678,atp:210506,2025-05-26,2025,2025,clay,Roland Garros,R128,6-3 6-2 6-4,79,54,89,44,86,ATP-2025-520-307,2025-520,5,0.4247821260764758,0.4397789177834317,0.4496425626052616,0.4402119411288633
atp:208659,atp:200267,2025-05-26,2025,2025,clay,Roland Garros,R128,4-6 6-3 7-6(5) 6-4,127,86,138,88,86,ATP-2025-520-308,2025-520,5,0.2417249746733901,0.28337393073004263,0.31817668963128476,0.2848721581257355
atp:211663,atp:128034,2025-05-26,2025,2025,clay,Roland Garros,R128,6-2 6-4 6-2,71,54,79,43,86,ATP-2025-520-309,2025-520,5,0.509614535189798,0.5081029648790003,0.5064101290892771,0.5063657109016176
atp:208286,atp:200000,2025-05-26,2025,2025,clay,Roland Garros,R128,5-7 2-6 6-3 6-4 6-2,172,105,137,89,86,ATP-2025-520-310,2025-520,5,0.347003490539131,0.37781971902605005,0.3961599511039764,0.3721425204756475
atp:208363,atp:206909,2025-05-26,2025,2025,clay,Roland Garros,R128,7-6(2) 4-6 6-1 6-2,138,82,124,62,86,ATP-2025-520-311,2025-520,5,0.5798544439119323,0.5640956687060424,0.5534905053058583,0.5639360431791589
atp:133430,atp:124079,2025-05-26,2025,2025,clay,Roland Garros,R128,6-2 6-0 6-3,71,44,67,28,86,ATP-2025-520-312,2025-520,5,0.6501634247371233,0.62174024151107,0.601848162407617,0.6226131553832503
atp:200221,atp:208010,2025-05-26,2025,2025,clay,Roland Garros,R128,6-3 6-2 6-7(4) 6-3,129,84,128,71,86,ATP-2025-520-313,2025-520,5,0.878441807429803,0.8351470556831652,0.7889327661844288,0.8311948884546377
atp:200615,atp:106415,2025-05-26,2025,2025,clay,Roland Garros,R128,7-5 6-4 1-2 RET,63,51,83,53,86,ATP-2025-520-314,2025-520,3,0.6774481398133279,0.6205214455551229,0.6212159975963633,0.618010656832837
atp:111575,atp:126846,2025-05-26,2025,2025,clay,Roland Garros,R128,6-4 6-4 6-4,87,59,102,58,86,ATP-2025-520-315,2025-520,5,0.9174334669015679,0.8662693730601828,0.832760210127722,0.8694777076733584
atp:200624,atp:209260,2025-05-26,2025,2025,clay,Roland Garros,R128,6-2 4-6 6-3 6-2,107,72,96,53,86,ATP-2025-520-316,2025-520,5,0.5416723034738209,0.5355142109373987,0.5278173778217595,0.5313174546580008
atp:200005,atp:106331,2025-05-26,2025,2025,clay,Roland Garros,R128,7-5 6-3 7-6(3),116,76,118,64,86,ATP-2025-520-317,2025-520,5,0.7629434195505308,0.7158781791069713,0.6855198900107826,0.7235422507413266
atp:111460,atp:207830,2025-05-26,2025,2025,clay,Roland Garros,R128,7-6(4) 4-1 RET,46,35,57,34,86,ATP-2025-520-318,2025-520,3,0.32277431998302814,0.38135969584747986,0.3789436918540721,0.3807396204204581
atp:126774,atp:144869,2025-05-26,2025,2025,clay,Roland Garros,R128,7-5 6-3 6-4,93,66,108,62,86,ATP-2025-520-319,2025-520,5,0.736214691954916,0.6950374649887487,0.6646882612272869,0.6979359165510262
atp:210150,atp:124186,2025-05-26,2025,2025,clay,Roland Garros,R128,7-5 6-7(5) 7-5 6-3,135,97,139,90,86,ATP-2025-520-320,2025-520,5,0.786811841306903,0.7404458962408791,0.7048586012166886,0.7376018989882073
atp:209113,atp:202103,2025-05-26,2025,2025,clay,Roland Garros,R128,7-5 6-3 6-4,94,67,88,55,86,ATP-2025-520-321,2025-520,5,0.19950896490812423,0.247618382362515,0.2836873245664144,0.2508239019495788
atp:126094,atp:144750,2025-05-26,2025,2025,clay,Roland Garros,R128,6-4 4-6 6-3 6-1,103,72,114,64,86,ATP-2025-520-322,2025-520,5,0.8840505237068632,0.8388363695739076,0.7948219157178261,0.8417559025121983
atp:210319,atp:105777,2025-05-26,2025,2025,clay,Roland Garros,R128,2-6 3-6 6-2 RET,86,49,84,49,86,ATP-2025-520-323,2025-520,3,0.17128426738043562,0.26417432777016897,0.25902638482834967,0.2646208074820991
atp:126207,atp:126128,2025-05-26,2025,2025,clay,Roland Garros,R128,6-4 7-5 6-4,99,70,93,69,86,ATP-2025-520-324,2025-520,5,0.5880334141052931,0.5731897311600619,0.5590303434036384,0.574000935850847
atp:209950,atp:111797,2025-05-26,2025,2025,clay,Roland Garros,R128,6-3 6-4 6-7(6) 6-3,126,92,162,96,86,ATP-2025-520-325,2025-520,5,0.7872868858676378,0.74071393423684,0.705251541221695,0.7387623229491984
atp:210097,atp:132283,2025-05-26,2025,2025,clay,Roland Garros,R128,6-4 4-6 3-6 6-2 6-3,140,92,126,77,86,ATP-2025-520-326,2025-520,5,0.560357765313751,0.547511809114001,0.5403477699565891,0.5486730474729901
atp:126205,atp:209284,2025-05-26,2025,2025,clay,Roland Garros,R128,6-7(5) 6-2 6-3 6-1,126,77,121,63,86,ATP-2025-520-327,2025-520,5,0.9475331202056801,0.9218135543048541,0.8731519691162047,0.923070721517435
atp:111815,atp:106421,2025-05-26,2025,2025,clay,Roland Garros,R128,7-5 6-3 4-6 1-6 7-5,171,102,154,97,86,ATP-2025-520-328,2025-520,5,0.26691021336562154,0.3081423205979771,0.33769779071507783,0.3059537117962546
atp:208029,atp:105138,2025-05-26,2025,2025,clay,Roland Garros,R128,6-7(4) 6-4 6-3 6-2,135,90,117,73,86,ATP-2025-520-329,2025-520,5,0.8831617137369927,0.8308545828373703,0.7938807446207641,0.8267377760239261
atp:200282,atp:111513,2025-05-26,2025,2025,clay,Roland Garros,R128,6-3 6-4 7-6(6),99,66,108,63,86,ATP-2025-520-330,2025-520,5,0.6863129643712025,0.6558662777303068,0.6276056465747433,0.6527872649995528
atp:207518,atp:105870,2025-05-26,2025,2025,clay,Roland Garros,R128,7-5 6-2 6-0,70,53,99,51,86,ATP-2025-520-331,2025-520,5,0.8849730305424537,0.8295020782861795,0.7958020111539434,0.828972330207183
atp:134770,atp:105077,2025-05-26,2025,2025,clay,Roland Garros,R128,6-3 6-4 6-2,80,55,90,51,86,ATP-2025-520-332,2025-520,5,0.9591184719612746,0.9202824584402041,0.8912484703937253,0.9189748434788276
atp:104925,atp:111456,2025-05-26,2025,2025,clay,Roland Garros,R128,6-3 6-3 6-3,71,55,79,44,86,ATP-2025-520-333,2025-520,5,0.9775120623989845,0.9426315270798706,0.9251650903742465,0.944720648543154
atp:207733,atp:208233,2025-05-26,2025,2025,clay,Roland Garros,R128,3-6 6-1 6-4 6-2,101,70,111,63,86,ATP-2025-520-334,2025-520,5,0.8944420111331346,0.8458935719382488,0.8060626669673896,0.8505184400763101
atp:127157,atp:126203,2025-05-26,2025,2025,clay,Roland Garros,R128,7-5 3-6 6-3 6-1,112,77,110,71,86,ATP-2025-520-335,2025-520,5,0.1388222536212893,0.1897193355381393,0.2285110629734332,0.1894756429646662
atp:100644,atp:210530,2025-05-26,2025,2025,clay,Roland Garros,R128,6-3 6-3 6-4,74,60,90,52,86,ATP-2025-520-336,2025-520,5,0.9865247806087326,0.9640435926235607,0.9459471296601378,0.9637360962798616
atp:207989,atp:206748,2025-05-26,2025,2025,clay,Roland Garros,R128,6-3 6-4 6-2,86,61,85,48,86,ATP-2025-520-337,2025-520,5,0.9941845617145981,0.9791948136616933,0.9685561936058751,0.9779744191112348
atp:206173,atp:126239,2025-05-26,2025,2025,clay,Roland Garros,R128,6-4 6-3 7-5,89,65,88,52,86,ATP-2025-520-338,2025-520,5,0.9956648159147885,0.9821320722845227,0.9740282541962897,0.9811408057774212
atp:126207,atp:127157,2025-05-26,2025,2025,clay,Roland Garros,R16,6-3 6-4 7-6(4),96,65,99,55,86,ATP-2025-520-387,2025-520,5,0.5633390983514641,0.5516573428894946,0.542352408158676,0.5532901085818966
atp:126205,atp:200615,2025-05-26,2025,2025,clay,Roland Garros,R16,6-3 6-3 6-3,88,62,72,41,86,ATP-2025-520-388,2025-520,5,0.7373567059969277,0.6953338305694129,0.665562672108454,0.6949576037608342
atp:207518,atp:208029,2025-05-26,2025,2025,clay,Roland Garros,R16,7-5 3-6 6-3 6-2,124,78,120,69,86,ATP-2025-520-389,2025-520,5,0.7183943843609312,0.6786814765869349,0.6512051409036974,0.6770440888442506
atp:104925,atp:111815,2025-05-26,2025,2025,clay,Roland Garros,R16,6-2 6-3 6-2,90,56,69,30,86,ATP-2025-520-390,2025-520,5,0.9497543716055298,0.9019598833920234,0.8764809851327148,0.902582298760348
atp:122330,atp:207733,2025-05-26,2025,2025,clay,Roland Garros,R16,5-7 6-3 6-2 6-4,129,85,106,66,86,ATP-2025-520-391,2025-520,5,0.051816394741246656,0.09574341250641827,0.12587936405923317,0.0977871645815916
atp:100644,atp:134868,2025-05-26,2025,2025,clay,Roland Garros,R16,6-4 3-0 RET,34,24,38,18,86,ATP-2025-520-392,2025-520,5,0.8877864174347597,0.8363710848235746,0.7988118292353449,0.8339496484409681
atp:207989,atp:210097,2025-05-26,2025,2025,clay,Roland Garros,R16,7-6(8) 6-3 4-6 6-4,142,96,129,85,86,ATP-2025-520-393,2025-520,5,0.971577682005073,0.9345987280943888,0.9132910650996529,0.9363226762547988
atp:206173,atp:126094,2025-05-26,2025,2025,clay,Roland Garros,R16,6-1 6-3 6-4,68,54,89,49,86,ATP-2025-520-394,2025-520,5,0.943064370862822,0.8960515629108129,0.8666289109485332,0.8961135136772962
atp:111815,atp:207985,2025-05-26,2025,2025,clay,Roland Garros,R32,6-3 7-6(1) 6-2,106,67,106,53,86,ATP-2025-520-371,2025-520,5,0.28157648703680377,0.3196866261854754,0.34877305593860963,0.3173486539251957
atp:134868,atp:210319,2025-05-26,2025,2025,clay,Roland Garros,R32,4-6 6-1 6-7(2) 6-1 6-4,139,98,153,94,86,ATP-2025-520-372,2025-520,5,0.744615442033749,0.7016790972756477,0.6711516202164189,0.707894960476412
atp:122330,atp:210012,2025-05-26,2025,2025,clay,Roland Garros,R32,7-5 6-1 6-2,68,58,68,46,86,ATP-2025-520-373,2025-520,5,0.5637321417071904,0.5512130345398937,0.5426168146811794,0.5525478221227722
atp:127157,atp:209098,2025-05-26,2025,2025,clay,Roland Garros,R32,4-6 6-3 6-3 6-2,104,73,128,68,86,ATP-2025-520-374,2025-520,5,0.4209193560462298,0.436657419860161,0.4470327321162755,0.432467156586586
atp:200615,atp:132686,2025-05-26,2025,2025,clay,Roland Garros,R32,6-4 7-6(11) 7-6(5),118,83,134,84,86,ATP-2025-520-375,2025-520,5,0.4113757216122728,0.4315194140560601,0.44056876379554233,0.4294947563036271
atp:126207,atp:200624,2025-05-26,2025,2025,clay,Roland Garros,R32,7-6(6) 6-3 6-4,100,75,107,69,86,ATP-2025-520-376,2025-520,5,0.4558860467614093,0.4637532156297129,0.4705481640426687,0.465270994427362
atp:210097,atp:209263,2025-05-26,2025,2025,clay,Roland Garros,R32,6-3 6-3 6-4,82,57,101,57,86,ATP-2025-520-378,2025-520,5,0.7174778733157965,0.6874389671736139,0.650519496064163,0.6831551488536443
atp:126205,atp:111575,2025-05-26,2025,2025,clay,Roland Garros,R32,6-3 3-6 7-6(7) 3-6 6-3,159,94,166,99,86,ATP-2025-520-379,2025-520,5,0.5251354368536706,0.5230651245910098,0.5167648084165175,0.5208781658005742
atp:208029,atp:111460,2025-05-26,2025,2025,clay,Roland Garros,R32,4-6 6-2 5-7 7-5 6-2,136,94,143,88,86,ATP-2025-520-380,2025-520,5,0.7796518379928336,0.7341194801804265,0.6989758585830228,0.7299587664436852
atp:207518,atp:208363,2025-05-26,2025,2025,clay,Roland Garros,R32,4-6 6-4 6-3 6-2,115,70,132,68,86,ATP-2025-520-381,2025-520,5,0.8163075943240872,0.7609002115654613,0.7299467435013033,0.7657231461379882
atp:104925,atp:209209,2025-05-26,2025,2025,clay,Roland Garros,R32,6-3 6-4 6-2,75,57,90,52,86,ATP-2025-520-382,2025-520,5,0.957105542332674,0.9158887491950218,0.887964306021598,0.9165457446475928
atp:207733,atp:211663,2025-05-26,2025,2025,clay,Roland Garros,R32,6-2 6-4 6-2,68,54,84,46,86,ATP-2025-520-383,2025-520,5,0.7568909978289267,0.7133097039800721,0.6807323793141129,0.7173279674648052
atp:100644,atp:207925,2025-05-26,2025,2025,clay,Roland Garros,R32,6-2 7-6(4) 6-1,92,61,101,52,86,ATP-2025-520-384,2025-520,5,0.9099514849230237,0.8615518791719177,0.8237594114450048,0.8588618003251789
atp:207989,atp:106000,2025-05-26,2025,2025,clay,Roland Garros,R32,6-1 6-3 4-6 6-4,131,81,126,68,86,ATP-2025-520-385,2025-520,5,0.9909951985546815,0.9689947002843594,0.9582723416442646,0.9686594710737976
atp:206173,atp:208103,2025-05-26,2025,2025,clay,Roland Garros,R32,6-0 6-1 6-2,55,46,81,36,86,ATP-2025-520-386,2025-520,5,0.9548794834640871,0.914409531173606,0.8844059870406792,0.9151851508629264
atp:210319,atp:207686,2025-05-26,2025,2025,clay,Roland Garros,R64,6-4 4-6 6-7(5) 7-6(3) 7-5,195,126,179,115,86,ATP-2025-520-339,2025-520,5,0.5582807672814911,0.5488230201985729,0.5389521675978252,0.5407441722994331
atp:111815,atp:144870,2025-05-26,2025,2025,clay,Roland Garros,R64,7-6(7) 6-2 6-1,94,62,104,54,86,ATP-2025-520-340,2025-520,5,0.8841908714629351,0.8466575352127004,0.7949708109142862,0.8489963552333097
atp:208363,atp:124187,2025-05-26,2025,2025,clay,Roland Garros,R64,6-1 7-6(1) 6-3,99,66,99,54,86,ATP-2025-520-341,2025-520,5,0.885586368257689,0.8324025829692473,0.7964554839974242,0.8380065629682908
atp:209098,atp:207678,2025-05-26,2025,2025,clay,Roland Garros,R64,6-3 6-4 7-5,95,57,105,55,86,ATP-2025-520-342,2025-520,5,0.8137756301765782,0.7654016997388842,0.7277337823766783,0.7632902078224737
atp:111460,atp:200175,2025-05-26,2025,2025,clay,Roland Garros,R64,4-6 6-3 7-6(2) 7-5,150,102,126,85,86,ATP-2025-520-343,2025-520,5,0.3508104436966129,0.374199851082362,0.39883559866153007,0.3769067079572946
atp:134868,atp:209113,2025-05-26,2025,2025,clay,Roland Garros,R64,7-5 7-6(3) 1-6 6-3,133,81,113,69,86,ATP-2025-520-344,2025-520,5,0.4633440274642362,0.46919108605436405,0.47553830705861866,0.4694459583763842
atp:211663,atp:105732,2025-05-26,2025,2025,clay,Roland Garros,R64,7-6(4) 7-6(4) 6-4,108,69,127,75,86,ATP-2025-520-345,2025-520,5,0.8575034999866527,0.8079247741007416,0.767896556344991,0.8084753062826879
atp:207925,atp:208286,2025-05-26,2025,2025,clay,Roland Garros,R64,6-3 6-3 6-7(6) 6-1,122,75,121,61,86,ATP-2025-520-346,2025-520,5,0.5915172533758133,0.5754809336760055,0.5613954746884106,0.5746022392660131
atp:127157,atp:200240,2025-05-26,2025,2025,clay,Roland Garros,R64,6-2 4-6 6-3 7-5,155,98,112,68,86,ATP-2025-520-347,2025-520,5,0.7841696424188452,0.7410778025948361,0.7026791316694582,0.7353378105644869
atp:106000,atp:208659,2025-05-26,2025,2025,clay,Roland Garros,R64,7-6(4) 6-3 4-6 6-4,133,92,108,75,86,ATP-2025-520-348,2025-520,5,0.6635313389544644,0.6361446746649038,0.6112843292010859,0.6276532688564298
atp:209209,atp:133430,2025-05-26,2025,2025,clay,Roland Garros,R64,7-6(5) 7-6(6) 4-6 4-6 6-3,170,111,182,111,86,ATP-2025-520-349,2025-520,5,0.31247263720295465,0.3467917046252796,0.371514946610913,0.342384709317026
atp:208103,atp:200221,2025-05-26,2025,2025,clay,Roland Garros,R64,6-3 3-6 6-1 6-2,101,72,98,59,86,ATP-2025-520-350,2025-520,5,0.40750824262981644,0.42641204014310474,0.43794233596623183,0.4235772002199309
atp:200615,atp:126214,2025-05-26,2025,2025,clay,Roland Garros,R64,7-5 6-3 6-4,86,60,104,59,86,ATP-2025-520-351,2025-520,5,0.5103169824539133,0.508393157079871,0.5068785306919309,0.5092441869617423
atp:111575,atp:124116,2025-05-26,2025,2025,clay,Roland Garros,R64,7-5 3-6 7-5 4-6 6-2,173,108,183,107,86,ATP-2025-520-352,2025-520,5,0.7977570794320603,0.7532117713303115,0.713999708687205,0.7511815852593418
atp:200624,atp:202385,2025-05-26,2025,2025,clay,Roland Garros,R64,6-1 6-2 7-6(2),98,62,87,42,86,ATP-2025-520-353,2025-520,5,0.5829092051528166,0.5718787710231583,0.5555575602301848,0.5643950378692411
atp:207985,atp:200005,2025-05-26,2025,2025,clay,Roland Garros,R64,6-3 4-4 RET,50,32,77,40,86,ATP-2025-520-354,2025-520,3,0.5456764055706816,0.5325116846284901,0.530498163516196,0.5303628254069035
atp:209263,atp:126774,2025-05-26,2025,2025,clay,Roland Garros,R64,6-4 5-7 6-2 6-4,123,84,119,75,86,ATP-2025-520-355,2025-520,5,0.07039318050146379,0.11174526281710358,0.15181403988631656,0.1122333339843703
atp:210012,atp:210150,2025-05-26,2025,2025,clay,Roland Garros,R64,2-6 1-6 6-4 6-3 6-3,133,79,122,77,86,ATP-2025-520-356,2025-520,5,0.10992477125488921,0.1529025748248813,0.19871583071758242,0.1536665522768684
atp:126094,atp:200443,2025-05-26,2025,2025,clay,Roland Garros,R64,7-6(1) 6-1 7-6(5),101,75,115,68,86,ATP-2025-520-357,2025-520,5,0.9439135418284768,0.9019384614848822,0.8678513997338418,0.9045852598293214
atp:126207,atp:105807,2025-05-26,2025,2025,clay,Roland Garros,R64,6-4 6-3 6-1,66,52,85,48,86,ATP-2025-520-358,2025-520,5,0.4759485600919557,0.4858686956700242,0.4839588293506076,0.4815865917093649
atp:209950,atp:144719,2025-05-26,2025,2025,clay,Roland Garros,R64,7-6(3) 7-6(4) 2-6 0-6 6-4,173,95,158,95,86,ATP-2025-520-359,2025-520,5,0.6947711048920787,0.6599732851283708,0.6337519935325546,0.6580601159014037
atp:126205,atp:105916,2025-05-26,2025,2025,clay,Roland Garros,R64,4-6 2-6 6-3 7-5 6-4,138,92,141,92,86,ATP-2025-520-361,2025-520,5,0.5958184785111232,0.5767771062070417,0.564320296741511,0.5768199014039805
atp:208029,atp:207182,2025-05-26,2025,2025,clay,Roland Garros,R64,6-3 7-6(5) 6-3,97,68,102,59,86,ATP-2025-520-362,2025-520,5,0.9863870777494369,0.967728174211917,0.9455947221225812,0.9683234520770232
atp:122330,atp:200282,2025-05-26,2025,2025,clay,Roland Garros,R64,2-6 2-6 6-4 6-3 6-2,130,80,128,80,86,ATP-2025-520-363,2025-520,5,0.03863450897972226,0.07987569208522274,0.10500540581318199,0.0810806861474834
atp:207518,atp:123755,2025-05-26,2025,2025,clay,Roland Garros,R64,6-4 6-0 6-4,81,59,77,42,86,ATP-2025-520-364,2025-520,5,0.9787905763923523,0.9481838142871131,0.9278806953929908,0.9472428669948508
atp:132686,atp:134770,2025-05-26,2025,2025,clay,Roland Garros,R64,2-6 6-4 6-1 6-0,95,61,99,49,86,ATP-2025-520-365,2025-520,5,0.18994391332425464,0.24164574366243247,0.2754955485786011,0.2388767955361802
atp:104925,atp:144895,2025-05-26,2025,2025,clay,Roland Garros,R64,6-3 6-2 7-6(1),107,69,106,55,86,ATP-2025-520-366,2025-520,5,0.959019842455435,0.9169069306875893,0.8910860150645613,0.9200695550607642
atp:207733,atp:104792,2025-05-26,2025,2025,clay,Roland Garros,R64,6-3 4-6 6-3 7-5,116,78,153,83,86,ATP-2025-520-367,2025-520,5,0.8315377749430741,0.7789211608923488,0.7435260669140945,0.7842169517616574
atp:100644,atp:207411,2025-05-26,2025,2025,clay,Roland Garros,R64,3-6 6-1 6-2 6-3,101,68,122,63,86,ATP-2025-520-368,2025-520,5,0.9566328232551751,0.914370729601344,0.8872023777106466,0.9184600853577822
atp:207989,atp:206681,2025-05-26,2025,2025,clay,Roland Garros,R64,6-1 4-6 6-1 6-2,92,63,113,55,86,ATP-2025-520-369,2025-520,5,0.9777293317706859,0.9445711047013332,0.9256221730811511,0.945589782998738
atp:206173,atp:104755,2025-05-26,2025,2025,clay,Roland Garros,R64,6-3 6-0 6-4,72,54,81,44,86,ATP-2025-520-370,2025-520,5,0.9956901635708068,0.9821447461125319,0.9741273961880972,0.9821646684573324
atp:207989,atp:207518,2025-05-26,2025,2025,clay,Roland Garros,SF,4-6 7-6(3) 6-0 2-0 RET,81,56,102,54,86,ATP-2025-520-399,2025-520,5,0.771344932069556,0.7232525697882111,0.6922403344801988,0.7232829825044454
atp:206173,atp:104925,2025-05-26,2025,2025,clay,Roland Garros,SF,6-4 7-5 7-6(3),111,79,114,73,86,ATP-2025-520-400,2025-520,5,0.8569735649298846,0.8042420464258822,0.7673816370873068,0.80518340506918
atp:126203,atp:100644,2025-06-09,2025,2025,grass,Stuttgart,F,6-3 7-6(0),59,49,64,41,86,ATP-2025-0321-385,2025-0321,3,0.41805428413353385,0.4497503645263336,0.44509465370345813,0.4480983211184511
atp:126203,atp:105916,2025-06-09,2025,2025,grass,Stuttgart,QF,6-3 6-4,55,41,58,36,86,ATP-2025-0321-379,2025-0321,3,0.7231131709012996,0.6554076687585533,0.6547469617537571,0.6558788447417436
atp:200000,atp:211514,2025-06-09,2025,2025,grass,Stuttgart,QF,7-6(3) 6-3,60,49,77,47,86,ATP-2025-0321-380,2025-0321,3,0.8962672940931457,0.8098821975500821,0.8080849177661886,0.8090024972057804
atp:210097,atp:208103,2025-06-09,2025,2025,grass,Stuttgart,QF,6-4 6-4,44,40,48,35,86,ATP-2025-0321-381,2025-0321,3,0.2979786666889154,0.3588001359077778,0.3609381567763228,0.3578788176219715
atp:100644,atp:206909,2025-06-09,2025,2025,grass,Stuttgart,QF,7-5 6-4,66,49,64,41,86,ATP-2025-0321-382,2025-0321,3,0.7990467707693872,0.7137284509934821,0.7150892785196584,0.7174596533427499
atp:126203,atp:111460,2025-06-09,2025,2025,grass,Stuttgart,R16,6-3 7-6(6),69,54,64,46,86,ATP-2025-0321-371,2025-0321,3,0.696141488005321,0.6358491999074515,0.6347526275611177,0.6384334831985454
atp:105916,atp:126239,2025-06-09,2025,2025,grass,Stuttgart,R16,7-6(4) 6-3,59,49,64,43,86,ATP-2025-0321-372,2025-0321,3,0.802277845326917,0.7145200639512217,0.7178310307639163,0.7158230428293382
atp:200000,atp:208659,2025-06-09,2025,2025,grass,Stuttgart,R16,6-4 6-4,50,39,60,38,86,ATP-2025-0321-373,2025-0321,3,0.7238012657575916,0.6623736264704956,0.6552650918092048,0.6634019106631683
atp:211514,atp:210506,2025-06-09,2025,2025,grass,Stuttgart,R16,6-4 6-4,47,40,69,40,86,ATP-2025-0321-374,2025-0321,3,0.1917298772181321,0.2671649080933505,0.27703721895329325,0.26946639856845
atp:208103,atp:105526,2025-06-09,2025,2025,grass,Stuttgart,R16,6-4 7-5,65,47,75,48,86,ATP-2025-0321-375,2025-0321,3,0.751905160896295,0.6744725682418613,0.6768207639166638,0.6719689425992703
atp:210097,atp:105732,2025-06-09,2025,2025,grass,Stuttgart,R16,7-6(4) 7-5,77,58,77,53,86,ATP-2025-0321-376,2025-0321,3,0.7946189432192503,0.7096225628516148,0.7113597296446531,0.7138533906585482
atp:206909,atp:210530,2025-06-09,2025,2025,grass,Stuttgart,R16,7-6(5) 6-3,55,45,81,51,86,ATP-2025-0321-377,2025-0321,3,0.7247995041776646,0.6580207469011606,0.6560175211761878,0.662332609099477
atp:100644,atp:144895,2025-06-09,2025,2025,grass,Stuttgart,R16,6-2 7-6(7),78,48,69,38,86,ATP-2025-0321-378,2025-0321,3,0.9307398849073103,0.8279119015625962,0.8496774850932599,0.8294401686883589
atp:111460,atp:132283,2025-06-09,2025,2025,grass,Stuttgart,R32,6-7(6) 7-5 6-4,108,74,101,67,86,ATP-2025-0321-359,2025-0321,3,0.6091260360560864,0.5728724473841615,0.5734056938779535,0.5705991372635191
atp:105916,atp:105870,2025-06-09,2025,2025,grass,Stuttgart,R32,7-5 6-4,69,47,71,44,86,ATP-2025-0321-360,2025-0321,3,0.5801185355073099,0.5565682698897549,0.5536691155073458,0.5539691819985644
atp:126239,atp:133430,2025-06-09,2025,2025,grass,Stuttgart,R32,6-4 2-6 6-0,66,46,73,41,86,ATP-2025-0321-361,2025-0321,3,0.21800681095660054,0.3028850045017974,0.2991085479238697,0.3002276789302629
atp:208659,atp:126128,2025-06-09,2025,2025,grass,Stuttgart,R32,7-6(10) 3-6 7-5,119,82,97,75,86,ATP-2025-0321-362,2025-0321,3,0.3311082479665429,0.3837567483348125,0.3849039549536522,0.3787600516858896
atp:211514,atp:105902,2025-06-09,2025,2025,grass,Stuttgart,R32,4-6 6-4 7-6(5),105,70,104,68,86,ATP-2025-0321-363,2025-0321,3,0.43814725492009005,0.45753868696569044,0.4586472188027228,0.4585642599175942
atp:210506,atp:104792,2025-06-09,2025,2025,grass,Stuttgart,R32,6-4 4-6 6-3,82,58,93,58,86,ATP-2025-0321-364,2025-0321,3,0.5203535613773006,0.5145710437341187,0.5135732076949904,0.5176246110063154
atp:208103,atp:126127,2025-06-09,2025,2025,grass,Stuttgart,R32,6-4 6-4,56,43,69,42,86,ATP-2025-0321-365,2025-0321,3,0.7169246951623327,0.65335096521925,0.6501060133094102,0.650186767984622
atp:105526,atp:208286,2025-06-09,2025,2025,grass,Stuttgart,R32,6-4 6-4,54,41,65,40,86,ATP-2025-0321-366,2025-0321,3,0.6207964048952499,0.5830713791336182,0.5814235518507288,0.5799131028266848
atp:105732,atp:106000,2025-06-09,2025,2025,grass,Stuttgart,R32,6-4 3-0 RET,44,31,34,21,86,ATP-2025-0321-367,2025-0321,3,0.3762147444617364,0.41580038413199727,0.416514731939068,0.4199903671711059
atp:206909,atp:207985,2025-06-09,2025,2025,grass,Stuttgart,R32,4-6 7-6(4) 6-1,85,58,86,53,86,ATP-2025-0321-368,2025-0321,3,0.5880688764511883,0.560360346068133,0.559054401396315,0.5612259485725034
atp:210530,atp:106415,2025-06-09,2025,2025,grass,Stuttgart,R32,6-7(3) 7-6(3) 0-0 RET,80,53,77,54,86,ATP-2025-0321-369,2025-0321,3,0.6842481090259621,0.6308484976011715,0.6261126807556587,0.6239469940586193
atp:144895,atp:104926,2025-06-09,2025,2025,grass,Stuttgart,R32,6-4 6-7(3) 6-3,101,68,87,58,86,ATP-2025-0321-370,2025-0321,3,0.754946955387484,0.6748948997260886,0.6792037991848744,0.6734133749826101
atp:126203,atp:200000,2025-06-09,2025,2025,grass,Stuttgart,SF,6-4 7-6(5),57,49,67,48,86,ATP-2025-0321-383,2025-0321,3,0.6241271637384188,0.5872390472338722,0.5837213434721131,0.5836223895235165
atp:100644,atp:210097,2025-06-09,2025,2025,grass,Stuttgart,SF,7-6(8) 7-6(1),75,60,97,65,86,ATP-2025-0321-384,2025-0321,3,0.8124202626109592,0.7233447056112471,0.7265541031535897,0.7254658781106438
atp:209113,atp:200267,2025-06-09,2025,2025,grass,s Hertogenbosch,F,7-5 7-6(8),77,58,81,55,86,ATP-2025-0440-385,2025-0440,3,0.32958996164004634,0.3825703851532548,0.38382125702043995,0.3860054485772685
atp:200005,atp:132686,2025-06-09,2025,2025,grass,s Hertogenbosch,QF,6-1 6-4,48,37,49,28,86,ATP-2025-0440-379,2025-0440,3,0.8065989862728099,0.7187251873689346,0.7215253606843974,0.717780708165259
atp:209113,atp:111575,2025-06-09,2025,2025,grass,s Hertogenbosch,QF,7-6(6) 6-4,74,50,79,49,86,ATP-2025-0440-380,2025-0440,3,0.24196793571391645,0.3170016669720025,0.31836836153209147,0.3198588889975933
atp:200267,atp:210136,2025-06-09,2025,2025,grass,s Hertogenbosch,QF,7-6(2) 7-6(4),91,60,99,60,86,ATP-2025-0440-381,2025-0440,3,0.5617940593373691,0.5460938560342629,0.5413133214471275,0.539118663497731
atp:124187,atp:106421,2025-06-09,2025,2025,grass,s Hertogenbosch,QF,7-6(5) 7-6(5),78,60,77,57,86,ATP-2025-0440-382,2025-0440,3,0.11008952854674206,0.2064179714750799,0.19889452548242392,0.2073593962937152
atp:200005,atp:105554,2025-06-09,2025,2025,grass,s Hertogenbosch,R16,7-5 6-3,70,49,57,33,86,ATP-2025-0440-371,2025-0440,3,0.8578327166665731,0.7588065017571499,0.7682168470333637,0.7569069047114634
atp:111575,atp:111456,2025-06-09,2025,2025,grass,s Hertogenbosch,R16,6-3 5-7 7-6(4),103,72,108,70,86,ATP-2025-0440-373,2025-0440,3,0.7349537982682193,0.661663655313542,0.6637243358613955,0.6594841234743984
atp:209113,atp:111442,2025-06-09,2025,2025,grass,s Hertogenbosch,R16,4-6 6-1 7-5,88,62,82,53,86,ATP-2025-0440-374,2025-0440,3,0.2606005921409606,0.3323601068730436,0.33287000746229284,0.3335173068013703
atp:200267,atp:200615,2025-06-09,2025,2025,grass,s Hertogenbosch,R16,6-7(3) 6-2 7-6(3),128,72,127,66,86,ATP-2025-0440-376,2025-0440,3,0.5486324253299176,0.5312737958202838,0.5324786455582202,0.5315521318217589
atp:124187,atp:111797,2025-06-09,2025,2025,grass,s Hertogenbosch,R16,7-6(5) 6-3,62,46,57,39,86,ATP-2025-0440-377,2025-0440,3,0.30489196266330704,0.3580150994274729,0.36600211032596586,0.358085744197537
atp:106421,atp:105173,2025-06-09,2025,2025,grass,s Hertogenbosch,R16,7-6(6) 6-4,63,48,98,58,86,ATP-2025-0440-378,2025-0440,3,0.8542404840740254,0.7501443494523317,0.7647385255622648,0.752616511956445
atp:105554,atp:208014,2025-06-09,2025,2025,grass,s Hertogenbosch,R32,3-6 6-4 6-3,96,55,88,51,86,ATP-2025-0440-359,2025-0440,3,0.47303370494228625,0.4806273193615917,0.48201277440529555,0.4837184419354152
atp:202261,atp:144869,2025-06-09,2025,2025,grass,s Hertogenbosch,R32,7-6(6) 7-5,77,49,103,57,86,ATP-2025-0440-360,2025-0440,3,0.6554084777335845,0.6072129358457363,0.6055391445332087,0.6100864930238566
atp:132686,atp:210460,2025-06-09,2025,2025,grass,s Hertogenbosch,R32,7-6(2) 6-2,54,43,69,39,86,ATP-2025-0440-361,2025-0440,3,0.5524592492585343,0.5369711565181899,0.5350444583074062,0.5326320633759225
atp:111456,atp:208233,2025-06-09,2025,2025,grass,s Hertogenbosch,R32,6-1 6-7(4) 6-3,103,69,78,46,86,ATP-2025-0440-362,2025-0440,3,0.44155554338474473,0.45963953550073366,0.4609378721625589,0.4596979998878484
atp:209113,atp:126846,2025-06-09,2025,2025,grass,s Hertogenbosch,R32,7-5 7-6(2),77,56,64,45,86,ATP-2025-0440-363,2025-0440,3,0.4476906401439621,0.4645685425315477,0.4650560820627498,0.464868170904952
atp:111442,atp:206499,2025-06-09,2025,2025,grass,s Hertogenbosch,R32,6-4 6-4,46,40,63,41,86,ATP-2025-0440-364,2025-0440,3,0.7164922870486786,0.6514563968047787,0.6497829856669003,0.6459802754081095
atp:128034,atp:105138,2025-06-09,2025,2025,grass,s Hertogenbosch,R32,7-6(2) 6-4,66,52,76,51,86,ATP-2025-0440-365,2025-0440,3,0.7257523911325482,0.653065393002954,0.6567366155912874,0.6531636324450579
atp:210136,atp:111513,2025-06-09,2025,2025,grass,s Hertogenbosch,R32,6-2 6-4,52,38,60,33,86,ATP-2025-0440-366,2025-0440,3,0.5075711738262167,0.5087901642704474,0.5050476635591785,0.5107709821924282
atp:200267,atp:210696,2025-06-09,2025,2025,grass,s Hertogenbosch,R32,6-3 1-6 7-6(3),125,74,98,63,86,ATP-2025-0440-367,2025-0440,3,0.8072274661113411,0.7314593235347673,0.7220653676866764,0.738378409053706
atp:111797,atp:209260,2025-06-09,2025,2025,grass,s Hertogenbosch,R32,5-7 6-4 7-6(3),111,77,113,76,86,ATP-2025-0440-368,2025-0440,3,0.6398934941363955,0.5958545896071052,0.5946610478694888,0.5949535688881236
atp:124187,atp:207411,2025-06-09,2025,2025,grass,s Hertogenbosch,R32,6-7(5) 7-6(5) 6-2,107,76,120,77,86,ATP-2025-0440-369,2025-0440,3,0.35651838719977336,0.3985063708961943,0.4028337130204901,0.4004065772830457
atp:105173,atp:106331,2025-06-09,2025,2025,grass,s Hertogenbosch,R32,6-1 6-3,56,39,65,34,86,ATP-2025-0440-370,2025-0440,3,0.5306183311712587,0.5202527115117813,0.5204264181554152,0.5230612951868325
atp:209113,atp:200005,2025-06-09,2025,2025,grass,s Hertogenbosch,SF,6-3 7-6(4),64,50,68,44,86,ATP-2025-0440-383,2025-0440,3,0.159060978371265,0.25324120020180585,0.24784211594628563,0.2490719158857793
atp:200267,atp:124187,2025-06-09,2025,2025,grass,s Hertogenbosch,SF,6-1 6-4,47,36,52,28,86,ATP-2025-0440-384,2025-0440,3,0.7619308908387986,0.687358487836244,0.6847159064911854,0.6894320694511493
atp:207989,atp:208103,2025-06-16,2025,2025,grass,Queen's Club,F,7-5 6-7(5) 6-2,83,68,100,64,86,ATP-2025-0311-385,2025-0311,3,0.7156885925461739,0.6473926636823026,0.6491830165991775,0.6491298920896116
atp:207733,atp:206909,2025-06-16,2025,2025,grass,Queen's Club,QF,6-4 5-7 6-4,102,71,105,69,86,ATP-2025-0311-379,2025-0311,3,0.7856781016553087,0.7034127462808127,0.7039221603109806,0.7007350821522855
atp:208103,atp:207985,2025-06-16,2025,2025,grass,Queen's Club,QF,7-5 6-2,54,39,58,32,86,ATP-2025-0311-380,2025-0311,3,0.7623031716791104,0.6853780124492592,0.6850113653951804,0.6883510935352101
atp:105138,atp:208029,2025-06-16,2025,2025,grass,Queen's Club,QF,7-6(5) 6-7(4) 6-2,88,71,129,82,86,ATP-2025-0311-381,2025-0311,3,0.3092816935666746,0.36985293100671235,0.36919936964924693,0.370148478815545
atp:207989,atp:126239,2025-06-16,2025,2025,grass,Queen's Club,QF,7-5 6-4,60,45,54,38,86,ATP-2025-0311-382,2025-0311,3,0.9679193219685005,0.8823881016311834,0.9064689417997072,0.8825147170268861
atp:207733,atp:200615,2025-06-16,2025,2025,grass,Queen's Club,R16,3-6 6-2 7-6(5),83,59,95,63,86,ATP-2025-0311-371,2025-0311,3,0.8690973498922655,0.7719762001215982,0.7793703450674024,0.7725887148058816
atp:206909,atp:105554,2025-06-16,2025,2025,grass,Queen's Club,R16,7-5 7-6(4),77,55,72,48,86,ATP-2025-0311-372,2025-0311,3,0.7410048728187392,0.6663675569464462,0.6683648162200695,0.6652211789330087
atp:207985,atp:144895,2025-06-16,2025,2025,grass,Queen's Club,R16,6-3 2-6 6-2,81,51,78,45,86,ATP-2025-0311-373,2025-0311,3,0.6184617230633257,0.5827889939698685,0.5798155083396082,0.5766655150889064
atp:208103,atp:209113,2025-06-16,2025,2025,grass,Queen's Club,R16,6-4 6-2,45,36,50,31,86,ATP-2025-0311-374,2025-0311,3,0.8598056791292704,0.7663538618411077,0.7701428453516739,0.7660080655446455
atp:105138,atp:210150,2025-06-16,2025,2025,grass,Queen's Club,R16,3-6 6-3 7-5,91,62,100,64,86,ATP-2025-0311-375,2025-0311,3,0.40549805444568937,0.4328832963714562,0.4365755175416555,0.4421530773024111
atp:208029,atp:111456,2025-06-16,2025,2025,grass,Queen's Club,R16,2-6 6-1 6-1,62,43,66,34,86,ATP-2025-0311-376,2025-0311,3,0.7608514158517178,0.6803189029212815,0.6838601359430423,0.6803297099333964
atp:126239,atp:124187,2025-06-16,2025,2025,grass,Queen's Club,R16,7-5 7-6(3),67,52,82,55,86,ATP-2025-0311-377,2025-0311,3,0.5811891932675224,0.5602162017604014,0.5543933984217403,0.5587311822137138
atp:207989,atp:144719,2025-06-16,2025,2025,grass,Queen's Club,R16,6-4 6-7(7) 7-5,126,81,130,77,86,ATP-2025-0311-378,2025-0311,3,0.9270457138629249,0.8247526402698817,0.8448517294902761,0.8278552262094911
atp:207733,atp:202385,2025-06-16,2025,2025,grass,Queen's Club,R32,6-3 6-1,45,33,62,33,86,ATP-2025-0311-355,2025-0311,3,0.8456357892604005,0.7523723651825347,0.7565485731218631,0.748961073792847
atp:200615,atp:126846,2025-06-16,2025,2025,grass,Queen's Club,R32,6-2 6-7(9) 7-6(3),113,81,113,71,86,ATP-2025-0311-356,2025-0311,3,0.572159569353956,0.5482860709143902,0.5482935787733235,0.5481832486977236
atp:206909,atp:208659,2025-06-16,2025,2025,grass,Queen's Club,R32,6-7(10) 7-6(5) 6-4,108,84,127,90,86,ATP-2025-0311-357,2025-0311,3,0.6130314403967009,0.5822099527281033,0.5760832729209616,0.5858173973830658
atp:105554,atp:126207,2025-06-16,2025,2025,grass,Queen's Club,R32,7-5 6-2,62,42,65,35,86,ATP-2025-0311-358,2025-0311,3,0.2240669117260448,0.3091192050238402,0.3040509756286659,0.3096572364364401
atp:144895,atp:126203,2025-06-16,2025,2025,grass,Queen's Club,R32,6-7(5) 7-6(7) 7-5,121,84,113,80,86,ATP-2025-0311-359,2025-0311,3,0.11293473888442086,0.21388268833143836,0.20196270345612397,0.2144482793827143
atp:207985,atp:106109,2025-06-16,2025,2025,grass,Queen's Club,R32,6-2 6-4,49,36,50,31,86,ATP-2025-0311-360,2025-0311,3,0.6174839147974541,0.5809268826352239,0.5791426490030461,0.5781445153461622
atp:209113,atp:126129,2025-06-16,2025,2025,grass,Queen's Club,R32,6-1 3-6 6-4,78,54,80,50,86,ATP-2025-0311-361,2025-0311,3,0.6121144044728251,0.576441700252891,0.5754540592006915,0.5772494880302066
atp:208103,atp:200282,2025-06-16,2025,2025,grass,Queen's Club,R32,6-4 6-2,47,36,63,36,86,ATP-2025-0311-362,2025-0311,3,0.3152005844105616,0.37372784789646174,0.37348898583788676,0.3761609921838522
atp:210150,atp:111815,2025-06-16,2025,2025,grass,Queen's Club,R32,7-6(6) 1-6 6-1,98,63,85,59,86,ATP-2025-0311-363,2025-0311,3,0.6410016529456807,0.5979954862226114,0.5954341213614108,0.5913228608535854
atp:105138,atp:132686,2025-06-16,2025,2025,grass,Queen's Club,R32,6-7(6) 7-5 6-4,95,71,119,77,86,ATP-2025-0311-364,2025-0311,3,0.5677079893314008,0.5410862192613671,0.5452931419289604,0.5442297201797643
atp:111456,atp:104792,2025-06-16,2025,2025,grass,Queen's Club,R32,6-4 6-4,55,39,60,34,86,ATP-2025-0311-365,2025-0311,3,0.3544824228310772,0.4034389532525847,0.4014094606014662,0.4071617496580054
atp:208029,atp:106331,2025-06-16,2025,2025,grass,Queen's Club,R32,6-3 6-4,63,48,54,36,86,ATP-2025-0311-366,2025-0311,3,0.8064333942229658,0.719466315665038,0.7213831946584033,0.7153970666032956
atp:126239,atp:210097,2025-06-16,2025,2025,grass,Queen's Club,R32,7-6(5) 7-6(4),74,57,85,57,86,ATP-2025-0311-367,2025-0311,3,0.2729782895371451,0.33891514415825824,0.34230419622389535,0.3384969286056313
atp:124187,atp:200116,2025-06-16,2025,2025,grass,Queen's Club,R32,7-6(6) 6-4,65,50,74,46,86,ATP-2025-0311-368,2025-0311,3,0.3849365478889753,0.4169266199927025,0.4225214011262305,0.421733145921516
atp:144719,atp:111442,2025-06-16,2025,2025,grass,Queen's Club,R32,7-5 0-0 RET,33,26,36,23,86,ATP-2025-0311-369,2025-0311,3,0.3916770475109377,0.425148868583055,0.42714424534786083,0.4264946611314824
atp:207989,atp:200443,2025-06-16,2025,2025,grass,Queen's Club,R32,6-4 7-6(4),62,51,85,56,86,ATP-2025-0311-370,2025-0311,3,0.9556278433211185,0.8723973821427076,0.8855939162010918,0.8692011053713169
atp:208103,atp:207733,2025-06-16,2025,2025,grass,Queen's Club,SF,6-4 4-6 7-5,95,66,88,62,86,ATP-2025-0311-383,2025-0311,3,0.38024503410084304,0.4218436034098967,0.41929401268051597,0.4220617672101913
atp:207989,atp:105138,2025-06-16,2025,2025,grass,Queen's Club,SF,6-4 6-4,58,43,72,42,86,ATP-2025-0311-384,2025-0311,3,0.9379444526021932,0.8374647499507761,0.859415109770001,0.8346915726205415
atp:122330,atp:106421,2025-06-16,2025,2025,grass,Halle,F,6-3 7-6(4),69,52,68,44,86,ATP-2025-0500-385,2025-0500,3,0.3892117255593289,0.4280663449279708,0.4254553192682971,0.4242970010497801
atp:100644,atp:207925,2025-06-16,2025,2025,grass,Halle,QF,6-4 7-6(6),71,53,69,48,86,ATP-2025-0500-379,2025-0500,3,0.9286572327564611,0.8321803100004459,0.8469437990287062,0.8331943390311332
atp:106421,atp:210506,2025-06-16,2025,2025,grass,Halle,QF,6-4 6-3,65,44,56,36,86,ATP-2025-0500-380,2025-0500,3,0.6664139835948617,0.6114950601526338,0.6133320641248995,0.6127304402640079
atp:111575,atp:144869,2025-06-16,2025,2025,grass,Halle,QF,6-3 6-2,44,36,49,28,86,ATP-2025-0500-381,2025-0500,3,0.7592819330474049,0.6799613815374346,0.6826184036100093,0.6848959944227387
atp:122330,atp:207830,2025-06-16,2025,2025,grass,Halle,QF,7-6(2) 6-3,69,49,72,42,86,ATP-2025-0500-382,2025-0500,3,0.6299400202417017,0.5897182554672042,0.5877422334513231,0.5897444120751179
atp:100644,atp:132283,2025-06-16,2025,2025,grass,Halle,R16,3-6 6-4 7-6(2),82,65,104,69,86,ATP-2025-0500-371,2025-0500,3,0.8505564800342584,0.7533374405053807,0.7612081989338209,0.7517323273404495
atp:207925,atp:133430,2025-06-16,2025,2025,grass,Halle,R16,7-6(2) 4-6 7-6(5),114,69,111,64,86,ATP-2025-0500-372,2025-0500,3,0.2679005650600832,0.33912269632314507,0.33845199037632967,0.3365221608164278
atp:106421,atp:111460,2025-06-16,2025,2025,grass,Halle,R16,6-2 7-5,49,41,60,36,86,ATP-2025-0500-373,2025-0500,3,0.5689320116443659,0.5461840406100987,0.5461177340163864,0.5423853221088157
atp:210506,atp:126774,2025-06-16,2025,2025,grass,Halle,R16,7-6(5) 7-5,71,53,79,53,86,ATP-2025-0500-374,2025-0500,3,0.5259503717408561,0.5143483930721369,0.5173088875563371,0.5169701458585243
atp:111575,atp:200000,2025-06-16,2025,2025,grass,Halle,R16,6-3 1-6 6-3,68,44,63,42,86,ATP-2025-0500-375,2025-0500,3,0.38467855527020617,0.4217716853250634,0.4223441366988319,0.4251184366503829
atp:144869,atp:126094,2025-06-16,2025,2025,grass,Halle,R16,6-3 6-7(4) 7-6(6),100,66,123,75,86,ATP-2025-0500-376,2025-0500,3,0.24869154614838213,0.3239338109136784,0.32364548763744744,0.3271182274330959
atp:207830,atp:206681,2025-06-16,2025,2025,grass,Halle,R16,6-2 6-3,39,30,52,25,86,ATP-2025-0500-377,2025-0500,3,0.6109180007401039,0.5785899127899482,0.5746336115757933,0.5749197233931582
atp:122330,atp:206173,2025-06-16,2025,2025,grass,Halle,R16,3-6 6-3 6-4,92,63,90,60,86,ATP-2025-0500-378,2025-0500,3,0.07624632752718102,0.1718888030678322,0.1593618194121291,0.1757087865629356
atp:100644,atp:106218,2025-06-16,2025,2025,grass,Halle,R32,6-2 6-1,44,34,65,31,86,ATP-2025-0500-355,2025-0500,3,0.8698490640050589,0.7684765612976164,0.7801287100082154,0.7691837245044746
atp:132283,atp:105526,2025-06-16,2025,2025,grass,Halle,R32,6-3 6-2,48,38,43,26,86,ATP-2025-0500-356,2025-0500,3,0.48487049176715663,0.48907851716828993,0.4899119503067454,0.4916459555290717
atp:207925,atp:211663,2025-06-16,2025,2025,grass,Halle,R32,5-7 7-6(3) 7-6(8),138,93,120,86,86,ATP-2025-0500-357,2025-0500,3,0.34274793728536584,0.39265868026917056,0.39316007397062575,0.392576841719941
atp:133430,atp:200005,2025-06-16,2025,2025,grass,Halle,R32,6-4 4-6 7-6(4),106,65,95,63,86,ATP-2025-0500-358,2025-0500,3,0.3679371664682949,0.41318738091495305,0.41078582936294483,0.4097988390679792
atp:106421,atp:127157,2025-06-16,2025,2025,grass,Halle,R32,6-3 6-3,57,38,47,29,86,ATP-2025-0500-359,2025-0500,3,0.8944580982197841,0.7892644473399806,0.8060804246856562,0.7925647818834385
atp:111460,atp:126127,2025-06-16,2025,2025,grass,Halle,R32,6-4 6-4,50,37,83,45,86,ATP-2025-0500-360,2025-0500,3,0.5634194575449801,0.5427259021017546,0.5424064646490689,0.5445361654204418
atp:126774,atp:209260,2025-06-16,2025,2025,grass,Halle,R32,6-4 3-6 7-6(5),95,66,86,66,86,ATP-2025-0500-361,2025-0500,3,0.7070150793788637,0.6439713785664535,0.6427424695906354,0.6448114122583524
atp:210506,atp:202103,2025-06-16,2025,2025,grass,Halle,R32,2-6 7-5 6-4,82,55,96,62,86,ATP-2025-0500-362,2025-0500,3,0.36297116506362465,0.4077443558000454,0.40733476398117824,0.4095375763260793
atp:111575,atp:200267,2025-06-16,2025,2025,grass,Halle,R32,7-5 6-3,55,41,78,47,86,ATP-2025-0500-363,2025-0500,3,0.5990121988794198,0.5658930387134359,0.5664955847108963,0.5702011352564862
atp:200000,atp:111513,2025-06-16,2025,2025,grass,Halle,R32,6-3 6-7(6) 6-1,92,68,79,52,86,ATP-2025-0500-364,2025-0500,3,0.7680209377031374,0.6864974996724414,0.6895707426330082,0.6851302231594631
atp:144869,atp:124079,2025-06-16,2025,2025,grass,Halle,R32,6-1 6-3,40,32,62,31,86,ATP-2025-0500-365,2025-0500,3,0.6127491425089782,0.57764402502318,0.575889545281748,0.5815858425966727
atp:126094,atp:124116,2025-06-16,2025,2025,grass,Halle,R32,6-3 6-4,47,40,53,34,86,ATP-2025-0500-366,2025-0500,3,0.6595273205137414,0.6151313746297727,0.6084478135406498,0.6105658424486999
atp:207830,atp:207411,2025-06-16,2025,2025,grass,Halle,R32,7-5 3-6 6-3,93,60,89,55,86,ATP-2025-0500-367,2025-0500,3,0.5904567607532739,0.562134086815453,0.5606751616983137,0.5590453450896616
atp:206681,atp:200175,2025-06-16,2025,2025,grass,Halle,R32,6-7(3) 6-4 6-4,109,77,121,78,86,ATP-2025-0500-368,2025-0500,3,0.35901977690096304,0.40479215881972164,0.40458083397015526,0.4023861823398122
atp:122330,atp:124186,2025-06-16,2025,2025,grass,Halle,R32,6-4 6-4,49,40,59,38,86,ATP-2025-0500-369,2025-0500,3,0.6734277133594717,0.6226308539333214,0.6183347884716602,0.6184782867360037
atp:206173,atp:105870,2025-06-16,2025,2025,grass,Halle,R32,7-5 6-3,62,46,66,42,86,ATP-2025-0500-370,2025-0500,3,0.9426260706138255,0.8503334808363605,0.8660009284354155,0.8533710386562938
atp:106421,atp:100644,2025-06-16,2025,2025,grass,Halle,SF,7-6(3) 6-7(1) 6-4,118,78,112,76,86,ATP-2025-0500-383,2025-0500,3,0.25423441517141565,0.3336933442961137,0.32795775684806955,0.3362279356043518
atp:122330,atp:111575,2025-06-16,2025,2025,grass,Halle,SF,4-6 7-6(5) 6-4,100,72,96,72,86,ATP-2025-0500-384,2025-0500,3,0.48250639529867434,0.4864011988699658,0.4883349517940352,0.4910588364399348
atp:134868,atp:144895,2025-06-22,2025,2025,grass,Mallorca,F,7-5 7-6(3),81,58,73,51,86,ATP-2025-8994-385,2025-8994,3,0.670754760097803,0.615191234183781,0.6164247580425238,0.6123208121514483
atp:200000,atp:209098,2025-06-22,2025,2025,grass,Mallorca,QF,3-6 6-1 6-4,77,55,78,49,86,ATP-2025-8994-379,2025-8994,3,0.6714532025794689,0.6192328570114312,0.6169234299544716,0.6224210063152092
atp:134868,atp:209113,2025-06-22,2025,2025,grass,Mallorca,QF,6-4 6-4,54,41,61,40,86,ATP-2025-8994-380,2025-8994,3,0.699835786235041,0.6409310148752256,0.637457062948964,0.6417620996824969
atp:210506,atp:105138,2025-06-22,2025,2025,grass,Mallorca,QF,6-4 7-6(4),72,49,71,45,86,ATP-2025-8994-381,2025-8994,3,0.58738695933383,0.5589818531792738,0.558591842283666,0.5551177347756577
atp:144895,atp:210530,2025-06-22,2025,2025,grass,Mallorca,QF,6-2 7-5,65,44,74,39,86,ATP-2025-8994-382,2025-8994,3,0.544680437938069,0.5324409208304932,0.5298311559105384,0.5363265738866926
atp:200000,atp:126239,2025-06-22,2025,2025,grass,Mallorca,R16,7-5 6-3,57,42,83,47,86,ATP-2025-8994-371,2025-8994,3,0.8548718527797318,0.7580584469879739,0.7653472638744602,0.7588110036368964
atp:209098,atp:126128,2025-06-22,2025,2025,grass,Mallorca,R16,6-4 3-6 7-6(4),104,71,102,72,86,ATP-2025-8994-372,2025-8994,3,0.39992943503434686,0.43223508675733213,0.4327828544983747,0.4311343153554874
atp:134868,atp:210319,2025-06-22,2025,2025,grass,Mallorca,R16,7-5 6-4,63,45,75,48,86,ATP-2025-8994-373,2025-8994,3,0.6945494033128627,0.6373723519463307,0.633590238865402,0.6347889966623312
atp:209113,atp:111513,2025-06-22,2025,2025,grass,Mallorca,R16,6-3 3-6 6-3,78,57,76,51,86,ATP-2025-8994-374,2025-8994,3,0.4065424389509039,0.4375861416603772,0.43728578895597603,0.4384332086791895
atp:105138,atp:106071,2025-06-22,2025,2025,grass,Mallorca,R16,6-3 6-3,50,35,55,29,86,ATP-2025-8994-375,2025-8994,3,0.7474455924250721,0.6803904800697225,0.6733457221970613,0.6829625543666092
atp:210506,atp:200587,2025-06-22,2025,2025,grass,Mallorca,R16,6-4 6-4,53,34,62,33,86,ATP-2025-8994-376,2025-8994,3,0.8645147712774799,0.7742012367220479,0.7747862406687993,0.7739067442753369
atp:144895,atp:127157,2025-06-22,2025,2025,grass,Mallorca,R16,7-6(3) 7-6(3),78,55,84,53,86,ATP-2025-8994-377,2025-8994,3,0.6538242096593219,0.605841003212328,0.6044227727029632,0.604946964439815
atp:210530,atp:210097,2025-06-22,2025,2025,grass,Mallorca,R16,6-4 7-6(2),70,46,78,43,86,ATP-2025-8994-378,2025-8994,3,0.30656034516891806,0.36263323941387615,0.3672189048411484,0.3607944589223139
atp:126239,atp:106000,2025-06-22,2025,2025,grass,Mallorca,R32,6-4 4-6 7-5,94,64,100,66,86,ATP-2025-8994-359,2025-8994,3,0.4557418689410162,0.46996736413178364,0.4704516261617182,0.4711613683593584
atp:209098,atp:210460,2025-06-22,2025,2025,grass,Mallorca,R32,6-0 6-4,42,32,52,28,86,ATP-2025-8994-360,2025-8994,3,0.675440893354577,0.6222947524447587,0.61977625639883,0.6249008597644019
atp:126128,atp:124186,2025-06-22,2025,2025,grass,Mallorca,R32,7-6(5) 7-5,85,55,80,49,86,ATP-2025-8994-361,2025-8994,3,0.7244697280925341,0.6540413944094041,0.6557688497440116,0.6545282775847315
atp:210319,atp:200116,2025-06-22,2025,2025,grass,Mallorca,R32,6-3 6-2,54,39,51,29,86,ATP-2025-8994-362,2025-8994,3,0.5238645448747081,0.5157467368865454,0.5159164147764984,0.5164972917833549
atp:111513,atp:207352,2025-06-22,2025,2025,grass,Mallorca,R32,6-4 6-4,62,41,65,37,86,ATP-2025-8994-363,2025-8994,3,0.4567906697180784,0.4690575258874188,0.4711538147412822,0.4699319934984155
atp:209113,atp:144719,2025-06-22,2025,2025,grass,Mallorca,R32,7-5 6-3,68,46,61,39,86,ATP-2025-8994-364,2025-8994,3,0.3482626309636325,0.3977962529245993,0.3970457378795059,0.4021280800134327
atp:105138,atp:144869,2025-06-22,2025,2025,grass,Mallorca,R32,5-7 6-3 6-2,87,55,82,46,86,ATP-2025-8994-365,2025-8994,3,0.6346220668481015,0.588946675779864,0.5909913155174127,0.5897467489973138
atp:106071,atp:208014,2025-06-22,2025,2025,grass,Mallorca,R32,3-6 7-5 6-2,86,58,82,51,86,ATP-2025-8994-366,2025-8994,3,0.33786818939761065,0.3826814245736909,0.3897081406490879,0.3866691680333387
atp:200587,atp:126127,2025-06-22,2025,2025,grass,Mallorca,R32,2-6 6-4 6-4,81,55,83,56,86,ATP-2025-8994-367,2025-8994,3,0.12942061729107587,0.22050829460830879,0.21913274176628555,0.2194387672181337
atp:127157,atp:104926,2025-06-22,2025,2025,grass,Mallorca,R32,6-3 3-6 6-3,91,57,76,50,86,ATP-2025-8994-368,2025-8994,3,0.605392060714346,0.5693576110712408,0.5708505902767377,0.5636312472467406
atp:144895,atp:124079,2025-06-22,2025,2025,grass,Mallorca,R32,4-6 6-3 6-0,94,60,81,44,86,ATP-2025-8994-369,2025-8994,3,0.6741733915458883,0.6163207513115465,0.618868412760514,0.6214541944403609
atp:210530,atp:211514,2025-06-22,2025,2025,grass,Mallorca,R32,6-4 6-4,58,43,52,36,86,ATP-2025-8994-370,2025-8994,3,0.6526765200868329,0.6130791816180274,0.6036148632289656,0.6144058102303067
atp:134868,atp:200000,2025-06-22,2025,2025,grass,Mallorca,SF,6-4 6-4,75,49,53,38,86,ATP-2025-8994-383,2025-8994,3,0.3468480493611259,0.39599039636197886,0.3960505434849355,0.3923831387476751
atp:144895,atp:210506,2025-06-22,2025,2025,grass,Mallorca,SF,6-4 7-6(3),76,49,72,41,86,ATP-2025-8994-384,2025-8994,3,0.3342161264482038,0.39129176783197495,0.38711595377311675,0.3919789610178418
atp:126203,atp:202385,2025-06-23,2025,2025,grass,Eastbourne,F,7-5 6-1,66,43,51,27,86,ATP-2025-0741-385,2025-0741,3,0.8014638456023404,0.7119159325661992,0.7171386659330866,0.7102958434392466
atp:202385,atp:105554,2025-06-23,2025,2025,grass,Eastbourne,QF,6-2 6-3,38,32,63,32,86,ATP-2025-0741-379,2025-0741,3,0.704300100446152,0.6406303675865181,0.6407389810295057,0.6406977983499695
atp:200005,atp:126129,2025-06-23,2025,2025,grass,Eastbourne,QF,7-6(4) 6-1,53,36,67,33,86,ATP-2025-0741-380,2025-0741,3,0.8981489358743907,0.8003866437077172,0.8101855395060448,0.7995032737860017
atp:200221,atp:210150,2025-06-23,2025,2025,grass,Eastbourne,QF,6-4 7-5,76,50,85,49,86,ATP-2025-0741-381,2025-0741,3,0.5543379649490853,0.5362321500058213,0.5363049368490649,0.5400821668833469
atp:126203,atp:106218,2025-06-23,2025,2025,grass,Eastbourne,QF,7-5 4-6 7-5,99,68,102,64,86,ATP-2025-0741-382,2025-0741,3,0.8195629093892564,0.7238339417254491,0.7328099094947935,0.7298098128547322
atp:105554,atp:126205,2025-06-23,2025,2025,grass,Eastbourne,R16,6-4 3-6 6-3,76,49,97,57,86,ATP-2025-0741-371,2025-0741,3,0.10830931480842403,0.21276008920158768,0.19695764310058794,0.2098497894294448
atp:202385,atp:132686,2025-06-23,2025,2025,grass,Eastbourne,R16,6-4 6-4,58,41,57,34,86,ATP-2025-0741-372,2025-0741,3,0.6350981567482991,0.5928466066011864,0.5913222331392138,0.5952124646399415
atp:200005,atp:132283,2025-06-23,2025,2025,grass,Eastbourne,R16,7-5 6-4,65,49,65,43,86,ATP-2025-0741-373,2025-0741,3,0.7163324002403709,0.6512849062538443,0.6496635839158706,0.6523857087045558
atp:126129,atp:208233,2025-06-23,2025,2025,grass,Eastbourne,R16,6-3 6-4,66,45,53,34,86,ATP-2025-0741-374,2025-0741,3,0.29856708455298825,0.3561648361428353,0.3613705724546841,0.3577374582165767
atp:200221,atp:105902,2025-06-23,2025,2025,grass,Eastbourne,R16,6-7(3) 6-3 6-4,114,76,86,55,86,ATP-2025-0741-375,2025-0741,3,0.8387488956428666,0.7451144539245764,0.7501287446701186,0.740827540337996
atp:210150,atp:124187,2025-06-23,2025,2025,grass,Eastbourne,R16,7-5 6-3,64,47,72,42,86,ATP-2025-0741-376,2025-0741,3,0.7873541652326371,0.7082178210966359,0.7053072194212368,0.7072642489466108
atp:106218,atp:207985,2025-06-23,2025,2025,grass,Eastbourne,R16,6-3 6-1,42,31,51,23,86,ATP-2025-0741-377,2025-0741,3,0.4989558209046322,0.5001187404797802,0.49930388004087534,0.4985334009214371
atp:126203,atp:211663,2025-06-23,2025,2025,grass,Eastbourne,R16,6-3 6-7(5) 7-5,106,73,90,62,86,ATP-2025-0741-378,2025-0741,3,0.7823079112691157,0.7013919782161874,0.7011495363289405,0.7069021072792072
atp:105554,atp:200175,2025-06-23,2025,2025,grass,Eastbourne,R32,3-6 6-4 6-4,95,59,78,48,86,ATP-2025-0741-359,2025-0741,3,0.3317261726455607,0.3830892077753284,0.38534420787779844,0.3875184782643095
atp:202385,atp:207681,2025-06-23,2025,2025,grass,Eastbourne,R32,7-6(6) 6-4,68,47,74,45,86,ATP-2025-0741-360,2025-0741,3,0.554830639575515,0.5411473918048464,0.5366355796884117,0.5416430353739979
atp:132686,atp:209957,2025-06-23,2025,2025,grass,Eastbourne,R32,4-6 6-3 6-3,86,56,105,59,86,ATP-2025-0741-361,2025-0741,3,0.73140152884148,0.668431920966361,0.66101709031298,0.6650818971238452
atp:132283,atp:206681,2025-06-23,2025,2025,grass,Eastbourne,R32,6-2 6-4,54,39,52,29,86,ATP-2025-0741-362,2025-0741,3,0.6515955386901742,0.6047266677277542,0.6028545378728128,0.6027822785124495
atp:208233,atp:111460,2025-06-23,2025,2025,grass,Eastbourne,R32,6-4 6-2,49,39,49,29,86,ATP-2025-0741-363,2025-0741,3,0.3345829515452316,0.3823204657024296,0.38737666620540867,0.3874438338370261
atp:126129,atp:111815,2025-06-23,2025,2025,grass,Eastbourne,R32,6-4 6-4,68,45,53,32,86,ATP-2025-0741-364,2025-0741,3,0.3025539917764152,0.36310183568070076,0.3642935493663552,0.366629482824354
atp:200221,atp:202358,2025-06-23,2025,2025,grass,Eastbourne,R32,7-6(6) 6-2,60,48,79,48,86,ATP-2025-0741-365,2025-0741,3,0.8058038085732473,0.7163135612899804,0.7208431121249173,0.7184945620085383
atp:105902,atp:126846,2025-06-23,2025,2025,grass,Eastbourne,R32,6-3 6-7(5) 6-1,96,69,91,55,86,ATP-2025-0741-366,2025-0741,3,0.35370031920325756,0.40176624138374656,0.40086180642119595,0.3987167127306685
atp:124187,atp:207785,2025-06-23,2025,2025,grass,Eastbourne,R32,7-6(6) 3-6 7-6(1),103,75,115,82,86,ATP-2025-0741-367,2025-0741,3,0.5903830824585076,0.563378907722998,0.5606251293478681,0.5604679093648618
atp:207985,atp:207925,2025-06-23,2025,2025,grass,Eastbourne,R32,6-2 6-2,44,31,63,29,86,ATP-2025-0741-368,2025-0741,3,0.6377486151702728,0.5948431815552311,0.5931663543766178,0.595339144871242
atp:106218,atp:209260,2025-06-23,2025,2025,grass,Eastbourne,R32,6-4 7-5,74,48,66,40,86,ATP-2025-0741-369,2025-0741,3,0.7061964848872064,0.6406020569080524,0.6421377829264908,0.6440853865974323
atp:211663,atp:200267,2025-06-23,2025,2025,grass,Eastbourne,R32,6-7(8) 6-0 6-3,90,64,102,57,86,ATP-2025-0741-370,2025-0741,3,0.5187163032205752,0.5139049932337236,0.5124807750868103,0.5123405947718555
atp:202385,atp:200005,2025-06-23,2025,2025,grass,Eastbourne,SF,6-7(7) 6-4 6-4,104,65,103,60,86,ATP-2025-0741-383,2025-0741,3,0.291202762485011,0.35727364245703097,0.35593921585096844,0.3574528594883366
atp:126203,atp:200221,2025-06-23,2025,2025,grass,Eastbourne,SF,6-3 3-6 6-1,77,54,65,41,86,ATP-2025-0741-384,2025-0741,3,0.7470588120172649,0.6732089909949004,0.673045358202299,0.6686923134175327
atp:206173,atp:207989,2025-06-30,2025,2025,grass,Wimbledon,F,4-6 6-4 6-4 6-4,117,81,121,77,86,ATP-2025-540-226,2025-540,5,0.6884858368978227,0.6553353810671598,0.629179847641511,0.6510852610833258
atp:206173,atp:210097,2025-06-30,2025,2025,grass,Wimbledon,QF,7-6(2) 6-4 6-4,86,70,101,65,86,ATP-2025-540-220,2025-540,5,0.9592353417613022,0.9240027792114415,0.8914411797344033,0.922006123594976
atp:104925,atp:207925,2025-06-30,2025,2025,grass,Wimbledon,QF,6-7(6) 6-2 7-5 6-4,116,85,142,85,86,ATP-2025-540-221,2025-540,5,0.9746259851450707,0.9406086898566366,0.9192513827424895,0.9451304548815948
atp:126203,atp:111575,2025-06-30,2025,2025,grass,Wimbledon,QF,6-3 6-4 1-6 7-6(4),105,76,119,76,86,ATP-2025-540-222,2025-540,5,0.7715402124238169,0.7265238443870686,0.6923976151377401,0.7275965850444355
atp:207989,atp:111815,2025-06-30,2025,2025,grass,Wimbledon,QF,6-2 6-3 6-3,76,56,83,45,86,ATP-2025-540-223,2025-540,5,0.9778619247694869,0.9451561683658236,0.9259019866192013,0.9468814955955788
atp:206173,atp:208134,2025-06-30,2025,2025,grass,Wimbledon,R128,6-4 6-3 6-0,65,53,88,45,86,ATP-2025-540-100,2025-540,5,0.99936401566472,0.9959133169565589,0.9926557552914443,0.9952040104176147
atp:126846,atp:202358,2025-06-30,2025,2025,grass,Wimbledon,R128,6-3 6-4 4-6 7-6(5),126,84,144,84,86,ATP-2025-540-101,2025-540,5,0.620900260722136,0.6032636793387915,0.5814951329108354,0.6021263368591767
atp:124079,atp:207785,2025-06-30,2025,2025,grass,Wimbledon,R128,2-6 6-2 6-4 6-2,99,58,95,47,86,ATP-2025-540-102,2025-540,5,0.6473501184734497,0.6245447571311404,0.5998742173555341,0.6205161382912621
atp:208363,atp:133430,2025-06-30,2025,2025,grass,Wimbledon,R128,3-6 6-4 6-1 6-4,104,70,111,64,86,ATP-2025-540-103,2025-540,5,0.13544251675135335,0.18424551836957354,0.22517133651182544,0.1845371420176578
atp:105777,atp:106415,2025-06-30,2025,2025,grass,Wimbledon,R128,6-2 6-3 6-4,67,56,87,51,86,ATP-2025-540-104,2025-540,5,0.9813653969037728,0.9524617646709892,0.9335544466062674,0.9540283686565874
atp:144895,atp:207681,2025-06-30,2025,2025,grass,Wimbledon,R128,6-4 6-4 6-2,87,60,98,54,86,ATP-2025-540-105,2025-540,5,0.3944780854873918,0.4089113039582214,0.4290606316801618,0.416699575125818
atp:124116,atp:209098,2025-06-30,2025,2025,grass,Wimbledon,R128,7-6(8) 3-1 RET,50,41,65,42,86,ATP-2025-540-106,2025-540,5,0.38082013688754324,0.40012932386031114,0.41969008622806026,0.399828949727433
atp:126205,atp:208902,2025-06-30,2025,2025,grass,Wimbledon,R128,6-4 6-4 6-2,72,57,82,52,86,ATP-2025-540-107,2025-540,5,0.9624184697996457,0.9316364549181323,0.8967809095050748,0.9333275178343508
atp:210097,atp:106109,2025-06-30,2025,2025,grass,Wimbledon,R128,6-4 7-6(1) 7-6(4),108,78,115,75,86,ATP-2025-540-108,2025-540,5,0.6926245631792379,0.663599434473354,0.6321873573811959,0.6651986461636645
atp:208014,atp:105676,2025-06-30,2025,2025,grass,Wimbledon,R128,6-3 6-1 6-1,65,51,63,31,86,ATP-2025-540-109,2025-540,5,0.24924324688730065,0.29344981996485875,0.3240762181768255,0.2895953746660406
atp:105916,atp:206499,2025-06-30,2025,2025,grass,Wimbledon,R128,6-3 6-7(5) 6-1 5-7 6-4,161,116,146,95,86,ATP-2025-540-110,2025-540,5,0.7869178447395707,0.7443743938375913,0.7049462544786868,0.7382063335009554
atp:104792,atp:200005,2025-06-30,2025,2025,grass,Wimbledon,R128,6-4 3-6 6-7(5) 7-5 6-2,161,105,170,107,86,ATP-2025-540-111,2025-540,5,0.2578470581443114,0.29924699565744717,0.33075052938243393,0.2941983018519761
atp:206909,atp:207352,2025-06-30,2025,2025,grass,Wimbledon,R128,6-4 4-6 7-6(1) 6-4,131,90,148,89,86,ATP-2025-540-112,2025-540,5,0.6215564622442296,0.601333617145917,0.5819475072958036,0.6064466028207884
atp:124187,atp:207686,2025-06-30,2025,2025,grass,Wimbledon,R128,6-3 7-5 7-6(4),106,74,93,59,86,ATP-2025-540-113,2025-540,5,0.527034786458888,0.5237706736688703,0.5180329606546847,0.52136131230394
atp:132283,atp:210262,2025-06-30,2025,2025,grass,Wimbledon,R128,6-3 6-4 6-2,74,58,85,49,86,ATP-2025-540-114,2025-540,5,0.5013148745380829,0.5012982672965056,0.5008765841479993,0.5052662349013177
atp:105932,atp:207518,2025-06-30,2025,2025,grass,Wimbledon,R128,6-2 4-6 7-5 6-1,111,78,107,66,86,ATP-2025-540-115,2025-540,5,0.04942881266848518,0.08914833980998259,0.12227940337036149,0.0898539860353913
atp:207733,atp:202104,2025-06-30,2025,2025,grass,Wimbledon,R128,6-2 6-2 2-1 RET,41,36,63,34,86,ATP-2025-540-116,2025-540,5,0.990262871145954,0.9703679323688268,0.9561168379106197,0.969473714045714
atp:105227,atp:209920,2025-06-30,2025,2025,grass,Wimbledon,R128,6-3 6-4 6-3,75,55,85,50,86,ATP-2025-540-117,2025-540,5,0.9414514386759335,0.908549948816148,0.8643278493197973,0.9095308469433516
atp:206681,atp:210317,2025-06-30,2025,2025,grass,Wimbledon,R128,6-1 6-4 6-3,83,58,93,51,86,ATP-2025-540-118,2025-540,5,0.7080287272406327,0.6789304454024341,0.6434919815210087,0.6845000881861852
atp:144719,atp:122330,2025-06-30,2025,2025,grass,Wimbledon,R128,6-4 3-6 4-6 7-6(5) 6-2,151,97,148,93,86,ATP-2025-540-119,2025-540,5,0.36557823244651455,0.38661883853024537,0.40914787721961005,0.3840378685733149
atp:207925,atp:202320,2025-06-30,2025,2025,grass,Wimbledon,R128,6-3 7-6(7) 6-1,85,67,89,57,86,ATP-2025-540-120,2025-540,5,0.5743742707646472,0.5623626007469864,0.5497879312894147,0.5667408396441316
atp:209957,atp:144869,2025-06-30,2025,2025,grass,Wimbledon,R128,7-6(4) 6-3 7-5,108,75,104,69,86,ATP-2025-540-121,2025-540,5,0.29903371861837785,0.3258824375819994,0.36171330349930914,0.3262649628093343
atp:106218,atp:200116,2025-06-30,2025,2025,grass,Wimbledon,R128,7-6(6) 7-6(4) 6-3,108,73,124,70,86,ATP-2025-540-122,2025-540,5,0.6986007680895037,0.6674724926806994,0.6365518267226198,0.6650252712499611
atp:210150,atp:200384,2025-06-30,2025,2025,grass,Wimbledon,R128,6-1 4-6 6-2 6-2,91,68,102,58,86,ATP-2025-540-123,2025-540,5,0.778550091334828,0.7389088570802916,0.6980771157583815,0.7291041978762269
atp:200282,atp:106148,2025-06-30,2025,2025,grass,Wimbledon,R128,6-2 6-2 7-6(2),88,61,95,51,86,ATP-2025-540-124,2025-540,5,0.994782770305837,0.9799211379756222,0.9706983489042187,0.9787929557963442
atp:209070,atp:200443,2025-06-30,2025,2025,grass,Wimbledon,R128,6-3 7-6(6) 4-6 6-7(5) 6-1,163,115,176,113,86,ATP-2025-540-125,2025-540,5,0.3556183988846344,0.37593248293331505,0.40220437633339173,0.378133487708366
atp:200416,atp:111460,2025-06-30,2025,2025,grass,Wimbledon,R128,7-6(4) 6-3 6-4,106,79,80,60,86,ATP-2025-540-126,2025-540,5,0.01908518191730895,0.03155967975938685,0.06745968204271935,0.0323076456500392
atp:207830,atp:106000,2025-06-30,2025,2025,grass,Wimbledon,R128,6-3 6-2 6-4,73,55,83,45,86,ATP-2025-540-127,2025-540,5,0.6615889992799718,0.6373401206347982,0.6099072235565696,0.635618004341495
atp:200175,atp:210506,2025-06-30,2025,2025,grass,Wimbledon,R128,6-2 3-6 6-3 3-6 7-6(6),147,102,151,99,86,ATP-2025-540-128,2025-540,5,0.43581026871727346,0.444285970489244,0.4570753199053598,0.4460278010381331
atp:207411,atp:111153,2025-06-30,2025,2025,grass,Wimbledon,R128,6-3 6-7(5) 6-7(7) 6-3 7-6(3),188,132,193,125,86,ATP-2025-540-129,2025-540,5,0.4528395600849086,0.46079573365856663,0.4685077137178992,0.4562144043245191
atp:105554,atp:126652,2025-06-30,2025,2025,grass,Wimbledon,R128,6-1 7-5 6-2,82,59,82,45,86,ATP-2025-540-130,2025-540,5,0.8669231750259381,0.8299370223619162,0.777187180773217,0.833727608837395
atp:104925,atp:124186,2025-06-30,2025,2025,grass,Wimbledon,R128,6-1 6-7(7) 6-2 6-2,103,78,172,92,86,ATP-2025-540-131,2025-540,5,0.9622094648566404,0.9265273750892906,0.8964247229000426,0.9247742621774174
atp:126203,atp:208659,2025-06-30,2025,2025,grass,Wimbledon,R128,6-7(6) 6-7(8) 6-4 7-6(6) 6-4,160,129,185,132,86,ATP-2025-540-132,2025-540,5,0.8458365768822724,0.8033119411722928,0.7567374946928438,0.8061731399508232
atp:209113,atp:127157,2025-06-30,2025,2025,grass,Wimbledon,R128,6-1 6-2 6-4,74,54,71,37,86,ATP-2025-540-133,2025-540,5,0.6059311370261332,0.5909271187114188,0.5712191811059265,0.5925177042248468
atp:122298,atp:208286,2025-06-30,2025,2025,grass,Wimbledon,R128,7-6(4) 7-6(5) 6-4,121,87,136,88,86,ATP-2025-540-134,2025-540,5,0.5860422305558509,0.5709735107615996,0.5576800512428471,0.574782851107297
atp:200221,atp:200587,2025-06-30,2025,2025,grass,Wimbledon,R128,6-2 6-4 7-5,84,61,87,50,86,ATP-2025-540-135,2025-540,5,0.931194698406692,0.8968912155445117,0.8502790959449964,0.8946472371739185
atp:209259,atp:200615,2025-06-30,2025,2025,grass,Wimbledon,R128,6-4 6-1 4-6 6-4,114,77,124,75,86,ATP-2025-540-136,2025-540,5,0.20019790359310694,0.2374959612564253,0.2842713350918885,0.238468073243885
atp:209260,atp:126128,2025-06-30,2025,2025,grass,Wimbledon,R128,7-6(3) 1-6 6-7(2) 6-3 6-1,148,94,166,101,86,ATP-2025-540-137,2025-540,5,0.13963646772072447,0.18957715970717334,0.22931053027444548,0.1848908436993508
atp:111442,atp:200240,2025-06-30,2025,2025,grass,Wimbledon,R128,3-6 4-6 6-3 7-6(1) 6-1,158,107,149,97,86,ATP-2025-540-138,2025-540,5,0.9353408645032534,0.8972859342351482,0.8558434667370713,0.8956580083428902
atp:126127,atp:106421,2025-06-30,2025,2025,grass,Wimbledon,R128,7-6(2) 3-6 7-6(3) 6-2,119,89,146,91,86,ATP-2025-540-139,2025-540,5,0.3264411825802779,0.35710219031363605,0.38157141531368577,0.3561663626100233
atp:132686,atp:202103,2025-06-30,2025,2025,grass,Wimbledon,R128,4-6 6-3 7-6(5) 6-0,113,81,116,68,86,ATP-2025-540-140,2025-540,5,0.1906954628169689,0.2379324125192565,0.27614499284152316,0.2404861319407905
atp:126129,atp:105583,2025-06-30,2025,2025,grass,Wimbledon,R128,6-3 6-2 6-4,93,62,75,43,86,ATP-2025-540-141,2025-540,5,0.4963723392472882,0.49736224530261874,0.49758153592249055,0.500713816312387
atp:208278,atp:206748,2025-06-30,2025,2025,grass,Wimbledon,R128,2-6 3-6 6-3 7-6(6) 7-5,170,111,140,97,86,ATP-2025-540-142,2025-540,5,0.33599886761009945,0.35812759981054254,0.3883822699658273,0.3597257055437513
atp:111575,atp:111456,2025-06-30,2025,2025,grass,Wimbledon,R128,7-5 6-4 6-4,106,75,92,57,86,ATP-2025-540-143,2025-540,5,0.7739965631573698,0.7321462827993135,0.6943802738190071,0.7273452570369392
atp:111794,atp:126610,2025-06-30,2025,2025,grass,Wimbledon,R128,4-6 6-2 6-4 5-7 6-3,134,92,136,87,86,ATP-2025-540-144,2025-540,5,0.24225316175511205,0.2811357355922341,0.31859328757107114,0.2803829962858958
atp:210319,atp:211902,2025-06-30,2025,2025,grass,Wimbledon,R128,4-6 6-2 7-6(11) 6-2,124,83,120,68,86,ATP-2025-540-145,2025-540,5,0.8492177655314449,0.8161712874041112,0.759934298833818,0.8199581698179457
atp:106426,atp:208210,2025-06-30,2025,2025,grass,Wimbledon,R128,7-6(8) 6-4 6-4,96,75,104,71,86,ATP-2025-540-146,2025-540,5,0.8108717964717242,0.7755457548119988,0.7252104918798554,0.7742807808246435
atp:126239,atp:100644,2025-06-30,2025,2025,grass,Wimbledon,R128,7-6(3) 6-7(8) 6-3 6-7(5) 6-4,174,130,189,134,86,ATP-2025-540-147,2025-540,5,0.027383861125521748,0.060304686131878976,0.08470872241205472,0.0595322001092611
atp:111797,atp:208029,2025-06-30,2025,2025,grass,Wimbledon,R128,4-6 4-6 7-5 6-3 6-4,139,101,150,98,86,ATP-2025-540-148,2025-540,5,0.2753675856336417,0.3119132709980842,0.34410848720835063,0.3124125882034779
atp:210530,atp:210460,2025-06-30,2025,2025,grass,Wimbledon,R128,7-6(5) 6-3 6-2,95,70,93,55,86,ATP-2025-540-149,2025-540,5,0.49665709240089717,0.49628399325568207,0.4977713764856343,0.4889626719211826
atp:211663,atp:207985,2025-06-30,2025,2025,grass,Wimbledon,R128,6-4 6-1 7-6(5),90,67,96,58,86,ATP-2025-540-150,2025-540,5,0.5348519042981396,0.5293575969461403,0.5232555510765403,0.5287286032379519
atp:202385,atp:134868,2025-06-30,2025,2025,grass,Wimbledon,R128,6-2 7-5 6-3,100,65,109,59,86,ATP-2025-540-151,2025-540,5,0.46256985179545224,0.4720996955040734,0.47502060998276474,0.4701768531558025
atp:208103,atp:106198,2025-06-30,2025,2025,grass,Wimbledon,R128,4-6 6-2 6-2 7-6(0),102,79,114,70,86,ATP-2025-540-152,2025-540,5,0.9836535347097193,0.9613263096191258,0.9388604579558292,0.9619812319271548
atp:208233,atp:200610,2025-06-30,2025,2025,grass,Wimbledon,R128,6-7(2) 6-3 6-4 6-4,110,87,131,85,86,ATP-2025-540-153,2025-540,5,0.7849652936162492,0.7524612858072092,0.7033343653558288,0.7538824343803481
atp:111815,atp:105138,2025-06-30,2025,2025,grass,Wimbledon,R128,6-3 3-6 6-4 7-6(3),143,90,113,76,86,ATP-2025-540-154,2025-540,5,0.4328708619858316,0.4462950587011856,0.45509670738930263,0.4454472693831107
atp:126207,atp:209284,2025-06-30,2025,2025,grass,Wimbledon,R128,6-3 6-4 6-2,78,56,82,48,86,ATP-2025-540-155,2025-540,5,0.9112398979298184,0.8851439038016502,0.8252859506743192,0.8874805336323572
atp:126094,atp:111513,2025-06-30,2025,2025,grass,Wimbledon,R128,6-0 7-6(5) 6-7(9) 7-6(6),142,105,163,105,86,ATP-2025-540-156,2025-540,5,0.6992070027190082,0.6684469557385093,0.636996037642758,0.6661565873919328
atp:144750,atp:200267,2025-06-30,2025,2025,grass,Wimbledon,R128,7-6(7) 7-6(2) 6-7(5) 6-2,173,114,163,101,86,ATP-2025-540-157,2025-540,5,0.43169738968739313,0.443389128166858,0.45430631623181134,0.4452067093845439
atp:105173,atp:106331,2025-06-30,2025,2025,grass,Wimbledon,R128,6-2 6-4 6-3,72,52,103,54,86,ATP-2025-540-158,2025-540,5,0.5363553001069339,0.5303534205752857,0.5242606487943559,0.5330769958495422
atp:208316,atp:126774,2025-06-30,2025,2025,grass,Wimbledon,R128,6-3 6-2 RET,50,37,60,34,86,ATP-2025-540-159,2025-540,5,0.1552983244785249,0.19511940941655875,0.24432900623824313,0.1941328354508652
atp:200000,atp:105902,2025-06-30,2025,2025,grass,Wimbledon,R128,6-2 3-6 6-7(2) 6-4 6-4,136,94,171,105,86,ATP-2025-540-160,2025-540,5,0.9293303164989825,0.8845156312430829,0.8478235337108144,0.8851694293221348
atp:105526,atp:209209,2025-06-30,2025,2025,grass,Wimbledon,R128,6-2 5-7 6-3 6-3,103,76,127,75,86,ATP-2025-540-161,2025-540,5,0.6810111301324842,0.6563889950326748,0.6237779572291737,0.6547543721563245
atp:210472,atp:209857,2025-06-30,2025,2025,grass,Wimbledon,R128,6-4 6-4 6-4,78,62,95,57,86,ATP-2025-540-162,2025-540,5,0.39683104295396365,0.40593764537078714,0.4306684302622177,0.4115307316981873
atp:207989,atp:104926,2025-06-30,2025,2025,grass,Wimbledon,R128,7-5 6-7(5) 7-5 2-6 6-1,189,118,168,102,86,ATP-2025-540-163,2025-540,5,0.9981353791753181,0.9893484341711196,0.985058436371147,0.9892543262044622
atp:206173,atp:105777,2025-06-30,2025,2025,grass,Wimbledon,R16,3-6 5-7 2-2 RET,59,39,85,59,86,ATP-2025-540-212,2025-540,5,0.8547125093471716,0.8047288515609827,0.7651935280182841,0.8019354035414661
atp:210097,atp:132283,2025-06-30,2025,2025,grass,Wimbledon,R16,3-6 6-1 7-6(1) 7-5,126,87,118,76,86,ATP-2025-540-213,2025-540,5,0.5584769836913488,0.5469070911743287,0.5390839788472273,0.54739991050111
atp:207925,atp:105227,2025-06-30,2025,2025,grass,Wimbledon,R16,6-4 6-4 6-7(4) 7-6(3),150,105,143,96,86,ATP-2025-540-214,2025-540,5,0.16925753911757255,0.21653295021182256,0.25719501732009414,0.2141095191816399
atp:104925,atp:200282,2025-06-30,2025,2025,grass,Wimbledon,R16,1-6 6-4 6-4 6-4,129,77,113,64,86,ATP-2025-540-215,2025-540,5,0.5088862585790496,0.505541695050892,0.5059245189550525,0.5072730392672185
atp:126203,atp:111442,2025-06-30,2025,2025,grass,Wimbledon,R16,6-1 3-0 RET,24,23,28,11,86,ATP-2025-540-216,2025-540,5,0.7893929057511742,0.7435063399674393,0.7069976254856254,0.7462332774714598
atp:111575,atp:111794,2025-06-30,2025,2025,grass,Wimbledon,R16,6-4 6-2 6-3,70,53,90,51,86,ATP-2025-540-217,2025-540,5,0.4794007315437731,0.48597744846947577,0.48626283477990107,0.4816326439527308
atp:111815,atp:111797,2025-06-30,2025,2025,grass,Wimbledon,R16,6-3 7-6(4) 6-7(7) 6-7(5) 6-3,196,138,178,122,86,ATP-2025-540-218,2025-540,5,0.46625082447357724,0.472048207476337,0.4774815300552338,0.4704041725278552
atp:207989,atp:126094,2025-06-30,2025,2025,grass,Wimbledon,R16,6-7(5) 6-3 6-4 6-4,116,88,123,82,86,ATP-2025-540-219,2025-540,5,0.9119201447121829,0.8632685862407421,0.8260957343323098,0.8630579269437615
atp:206173,atp:124079,2025-06-30,2025,2025,grass,Wimbledon,R32,6-1 6-3 6-1,74,53,79,39,86,ATP-2025-540-196,2025-540,5,0.99865193892047,0.9916512669884621,0.9879332252674462,0.9917212080272652
atp:105777,atp:124116,2025-06-30,2025,2025,grass,Wimbledon,R32,6-3 6-4 7-6(0),97,70,91,57,86,ATP-2025-540-197,2025-540,5,0.8808961402695136,0.8340855434335057,0.7914953340872671,0.8333743256970888
atp:210097,atp:105916,2025-06-30,2025,2025,grass,Wimbledon,R32,6-3 7-6(4) 6-2,91,66,86,53,86,ATP-2025-540-198,2025-540,5,0.42490296854544024,0.4437148348982923,0.449724151873508,0.4389130489814496
atp:132283,atp:206909,2025-06-30,2025,2025,grass,Wimbledon,R32,6-7(5) 7-6(8) 7-6(2) 3-6 7-6(3),188,131,199,138,86,ATP-2025-540-199,2025-540,5,0.4049786244495868,0.4206919365763344,0.43622214096057566,0.4238561305205073
atp:105227,atp:144719,2025-06-30,2025,2025,grass,Wimbledon,R32,6-3 3-6 6-2 6-4,134,83,102,65,86,ATP-2025-540-200,2025-540,5,0.7259578036720552,0.685972493535753,0.6568917390407242,0.6924076072978392
atp:207925,atp:210150,2025-06-30,2025,2025,grass,Wimbledon,R32,6-2 6-4 6-2,79,57,93,50,86,ATP-2025-540-201,2025-540,5,0.28483061624908906,0.31475281193900895,0.3512042869743199,0.3200231829191033
atp:200282,atp:200416,2025-06-30,2025,2025,grass,Wimbledon,R32,6-4 7-6(5) 6-3,93,70,111,70,86,ATP-2025-540-202,2025-540,5,0.9985533033709407,0.9956300236720435,0.987358105157279,0.995532653414353
atp:104925,atp:200175,2025-06-30,2025,2025,grass,Wimbledon,R32,6-3 6-0 6-4,69,52,89,45,86,ATP-2025-540-203,2025-540,5,0.9407520926871864,0.8945597509514662,0.863338461968957,0.8956905145295625
atp:126203,atp:200221,2025-06-30,2025,2025,grass,Wimbledon,R32,6-4 6-3 6-7(5) 6-1,120,84,130,76,86,ATP-2025-540-204,2025-540,5,0.7864222533962966,0.740434196579137,0.7045365974350581,0.742575881672463
atp:111442,atp:209260,2025-06-30,2025,2025,grass,Wimbledon,R32,6-4 6-4 3-6 6-3,126,87,117,77,86,ATP-2025-540-205,2025-540,5,0.8167484713159103,0.7724114648309792,0.7303333152413254,0.7715974055745167
atp:111575,atp:132686,2025-06-30,2025,2025,grass,Wimbledon,R32,7-6(6) 4-6 4-6 6-3 7-6(8),171,117,169,113,86,ATP-2025-540-206,2025-540,5,0.7460372662368088,0.7063265366887431,0.6722528284650148,0.702603436836974
atp:111794,atp:126239,2025-06-30,2025,2025,grass,Wimbledon,R32,6-3 7-6(4) 7-6(6),119,81,113,72,86,ATP-2025-540-207,2025-540,5,0.8283860626118362,0.7824414292308495,0.7406765563253968,0.7832007247731769
atp:111797,atp:211663,2025-06-30,2025,2025,grass,Wimbledon,R32,6-3 6-4 3-6 7-6(4),133,94,132,87,86,ATP-2025-540-208,2025-540,5,0.4045553459054557,0.4174592414605094,0.4359341186272053,0.4281164241402785
atp:111815,atp:208233,2025-06-30,2025,2025,grass,Wimbledon,R32,7-6(5) 6-4 6-3,103,66,108,61,86,ATP-2025-540-209,2025-540,5,0.4677564280403353,0.4741131850302378,0.47848770217021225,0.4735369980466085
atp:126094,atp:105173,2025-06-30,2025,2025,grass,Wimbledon,R32,7-5 6-2 6-3,99,68,79,48,86,ATP-2025-540-210,2025-540,5,0.8100865849657782,0.764869352904006,0.7245308276812031,0.761741140380361
atp:207989,atp:105526,2025-06-30,2025,2025,grass,Wimbledon,R32,6-1 3-6 6-3 6-4,108,74,122,71,86,ATP-2025-540-211,2025-540,5,0.9484894050691263,0.9048977388482646,0.8745777774321307,0.9028707301063756
atp:206173,atp:126846,2025-06-30,2025,2025,grass,Wimbledon,R64,6-1 6-1 6-3,80,57,65,30,86,ATP-2025-540-164,2025-540,5,0.9900413351494046,0.9697689129210556,0.9554769010078091,0.9692372966242232
atp:124079,atp:208363,2025-06-30,2025,2025,grass,Wimbledon,R64,7-5 7-5 7-6(6),129,79,109,66,86,ATP-2025-540-165,2025-540,5,0.4598989246595432,0.4665225474686181,0.47323401784225355,0.4614847767279664
atp:105777,atp:144895,2025-06-30,2025,2025,grass,Wimbledon,R64,7-5 4-6 7-5 7-5,138,91,149,88,86,ATP-2025-540-166,2025-540,5,0.9253184972376693,0.8765896727872815,0.8426311677889106,0.874969893933166
atp:124116,atp:126205,2025-06-30,2025,2025,grass,Wimbledon,R64,1-6 7-5 6-4 7-5,142,88,113,73,86,ATP-2025-540-167,2025-540,5,0.14274758345083507,0.19146839044375746,0.23234751200752216,0.1887775476808595
atp:210097,atp:208014,2025-06-30,2025,2025,grass,Wimbledon,R64,6-2 7-5 6-4,93,68,98,58,86,ATP-2025-540-168,2025-540,5,0.7310031465546379,0.6934387109031963,0.6607142381410096,0.6978452188280844
atp:105916,atp:104792,2025-06-30,2025,2025,grass,Wimbledon,R64,6-4 1-6 4-6 7-6(5) 6-4,175,100,161,96,86,ATP-2025-540-169,2025-540,5,0.6238637425535613,0.5997103271815716,0.5835394563947773,0.5990699006492152
atp:206909,atp:124187,2025-06-30,2025,2025,grass,Wimbledon,R64,7-5 6-2 6-7(6) 6-3,112,89,130,83,86,ATP-2025-540-170,2025-540,5,0.8443164471281386,0.7993477261579052,0.7553097147947171,0.8007937825363157
atp:132283,atp:105932,2025-06-30,2025,2025,grass,Wimbledon,R64,6-1 6-3 6-7(3) 7-6(4),120,86,131,79,86,ATP-2025-540-171,2025-540,5,0.8082157045287104,0.7627743154929179,0.7229158957427663,0.7610069207221526
atp:105227,atp:207733,2025-06-30,2025,2025,grass,Wimbledon,R64,6-4 6-3 1-6 6-4,104,73,109,69,86,ATP-2025-540-172,2025-540,5,0.23396045636152757,0.27430399992321114,0.31201385183357483,0.2740930990953269
atp:144719,atp:206681,2025-06-30,2025,2025,grass,Wimbledon,R64,6-2 6-3 7-6(9),104,71,101,59,86,ATP-2025-540-173,2025-540,5,0.6656728920278973,0.6402975384765669,0.6128051604813198,0.636303258859487
atp:207925,atp:209957,2025-06-30,2025,2025,grass,Wimbledon,R64,6-1 7-6(6) 6-2,96,64,90,46,86,ATP-2025-540-174,2025-540,5,0.7341135292453767,0.7018294225415165,0.663082840659763,0.7022306089249974
atp:210150,atp:106218,2025-06-30,2025,2025,grass,Wimbledon,R64,6-4 3-6 6-4 7-6(4),129,84,129,81,86,ATP-2025-540-175,2025-540,5,0.5673397321405396,0.5506060882246793,0.5450451172469516,0.5511475646322754
atp:200282,atp:209070,2025-06-30,2025,2025,grass,Wimbledon,R64,4-6 6-2 6-4 6-0,97,67,120,64,86,ATP-2025-540-176,2025-540,5,0.9898563416098942,0.9707139504814806,0.9549466185680355,0.9705159550443956
atp:200416,atp:207830,2025-06-30,2025,2025,grass,Wimbledon,R64,7-6(5) 6-7(8) 6-7(5) 7-5 7-6(5),204,145,205,141,86,ATP-2025-540-177,2025-540,5,0.04004872117805777,0.057970652929584275,0.10737327349858788,0.0550817194186689
atp:200175,atp:207411,2025-06-30,2025,2025,grass,Wimbledon,R64,1-6 6-3 6-2 6-4,88,65,112,67,86,ATP-2025-540-178,2025-540,5,0.6411546179508284,0.6204705039708369,0.5955408779150847,0.6206082716505792
atp:104925,atp:105554,2025-06-30,2025,2025,grass,Wimbledon,R64,6-3 6-2 6-0,58,49,91,43,86,ATP-2025-540-179,2025-540,5,0.9813182845221691,0.9543606985625799,0.9334479628193254,0.9516173969655188
atp:126203,atp:209113,2025-06-30,2025,2025,grass,Wimbledon,R64,3-6 6-3 7-6(0) 4-6 6-3,133,100,162,105,86,ATP-2025-540-180,2025-540,5,0.9311086004789133,0.8908976020398839,0.8501650794532684,0.8891368872314813
atp:200221,atp:122298,2025-06-30,2025,2025,grass,Wimbledon,R64,6-1 4-6 6-3 7-6(5),125,83,137,76,86,ATP-2025-540-181,2025-540,5,0.6750270744004373,0.6447915353692757,0.6194797501499318,0.644447555984225
atp:209260,atp:209259,2025-06-30,2025,2025,grass,Wimbledon,R64,6-4 6-3 6-3,102,62,106,56,86,ATP-2025-540-182,2025-540,5,0.6304434423127542,0.6111478731246407,0.588091126665665,0.6079620766888054
atp:111442,atp:126127,2025-06-30,2025,2025,grass,Wimbledon,R64,7-5 6-7(2) 4-6 6-2 6-4,170,109,173,107,86,ATP-2025-540-183,2025-540,5,0.534645805230413,0.5274846359078522,0.5231177817559849,0.5251351598621453
atp:132686,atp:126129,2025-06-30,2025,2025,grass,Wimbledon,R64,6-3 6-4 7-6(7),114,80,112,67,86,ATP-2025-540-184,2025-540,5,0.7070760474445767,0.674700672486402,0.6427875273821174,0.6700899929556734
atp:111575,atp:208278,2025-06-30,2025,2025,grass,Wimbledon,R64,1-6 7-6(7) 4-6 6-3 6-4,176,103,149,93,86,ATP-2025-540-185,2025-540,5,0.9364440694005364,0.8975628952434479,0.8573492860523111,0.8983828603720432
atp:111794,atp:210319,2025-06-30,2025,2025,grass,Wimbledon,R64,6-1 6-4 6-3,80,55,77,40,86,ATP-2025-540-186,2025-540,5,0.7872781985391694,0.7504135881313485,0.705244352363818,0.7482099829634863
atp:126239,atp:106426,2025-06-30,2025,2025,grass,Wimbledon,R64,3-6 6-3 7-6(3) 4-6 6-3,159,105,154,102,86,ATP-2025-540-187,2025-540,5,0.30182097517591344,0.3362782019608588,0.3637570381204495,0.3347717614008869
atp:111797,atp:210530,2025-06-30,2025,2025,grass,Wimbledon,R64,6-2 6-2 6-3,63,52,86,45,86,ATP-2025-540-188,2025-540,5,0.6069330596206524,0.5919468471737683,0.5719044997339473,0.5942712635422802
atp:211663,atp:202385,2025-06-30,2025,2025,grass,Wimbledon,R64,6-4 5-7 6-2 6-4,128,81,144,83,86,ATP-2025-540-189,2025-540,5,0.5017993061767279,0.5019066717029504,0.5011995403278386,0.4964524211918899
atp:208233,atp:208103,2025-06-30,2025,2025,grass,Wimbledon,R64,7-6(4) 6-1 7-5,101,72,86,54,86,ATP-2025-540-190,2025-540,5,0.1663721920576646,0.20941435358147192,0.25457233395104956,0.2100165621314818
atp:111815,atp:126207,2025-06-30,2025,2025,grass,Wimbledon,R64,4-6 6-4 6-3 7-5,120,83,138,82,86,ATP-2025-540-191,2025-540,5,0.2520712074506663,0.2966947431821534,0.3262788084777869,0.2957970576337932
atp:126094,atp:144750,2025-06-30,2025,2025,grass,Wimbledon,R64,6-7(1) 6-4 7-6(5) 6-3,119,93,130,87,86,ATP-2025-540-192,2025-540,5,0.66476860893853,0.6366717625101561,0.6121626601199804,0.6390041709421218
atp:105173,atp:208316,2025-06-30,2025,2025,grass,Wimbledon,R64,6-4 6-4 5-7 7-6(1),129,96,146,94,86,ATP-2025-540-193,2025-540,5,0.7053620275470278,0.6756135740420521,0.6415219255623108,0.6746785352569677
atp:105526,atp:200000,2025-06-30,2025,2025,grass,Wimbledon,R64,3-6 7-6(9) 6-3 6-4,133,84,148,89,86,ATP-2025-540-194,2025-540,5,0.25902843483282734,0.29709126959828736,0.3316608288902435,0.2993925088520281
atp:207989,atp:210472,2025-06-30,2025,2025,grass,Wimbledon,R64,6-1 6-4 6-4,96,61,77,38,86,ATP-2025-540-195,2025-540,5,0.9927161023340157,0.9801999797602334,0.9636144333710601,0.9794535433441564
atp:206173,atp:104925,2025-06-30,2025,2025,grass,Wimbledon,SF,6-3 6-3 6-4,73,56,92,53,86,ATP-2025-540-224,2025-540,5,0.7127081439660854,0.6771810478756274,0.6469628514658362,0.6765451045704793
atp:207989,atp:126203,2025-06-30,2025,2025,grass,Wimbledon,SF,6-4 5-7 6-3 7-6(6),113,87,121,86,86,ATP-2025-540-225,2025-540,5,0.6913156158905462,0.6533019947014526,0.6312348724227084,0.6554121242827422
atp:122330,atp:207678,2025-07-14,2025,2025,clay,Gstaad,F,6-4 4-6 6-3,94,61,100,57,87,ATP-2025-0314-385,2025-0314,3,0.6788138049544513,0.6213263409880587,0.6221970106483655,0.6233504414264037
atp:122330,atp:207681,2025-07-14,2025,2025,clay,Gstaad,QF,6-4 6-3,62,43,53,34,87,ATP-2025-0314-379,2025-0314,3,0.5026452573589154,0.5028178987435408,0.5017635140467371,0.5033940006156508
atp:209070,atp:208843,2025-07-14,2025,2025,clay,Gstaad,QF,7-6(3) 3-6 7-5,87,63,100,70,87,ATP-2025-0314-380,2025-0314,3,0.5420751003269958,0.5279646176032293,0.5280869605793536,0.5283424173091131
atp:209860,atp:208882,2025-07-14,2025,2025,clay,Gstaad,QF,6-3 3-6 6-1,95,59,94,52,87,ATP-2025-0314-381,2025-0314,3,0.3813916662496207,0.4120110604668915,0.4200835731360446,0.4095533456892093
atp:207678,atp:134770,2025-07-14,2025,2025,clay,Gstaad,QF,6-2 1-6 6-3,87,46,79,42,87,ATP-2025-0314-382,2025-0314,3,0.10335761581217824,0.2126034340885731,0.19149764413143744,0.206593690623836
atp:122330,atp:207686,2025-07-14,2025,2025,clay,Gstaad,R16,6-2 6-3,52,35,49,26,87,ATP-2025-0314-371,2025-0314,3,0.6509583760825092,0.5999222762316727,0.6024066613271511,0.6027286385464454
atp:207681,atp:106148,2025-07-14,2025,2025,clay,Gstaad,R16,6-1 6-4,47,37,50,29,87,ATP-2025-0314-372,2025-0314,3,0.5165605080704926,0.5093788197966134,0.5110425825809904,0.5140315782736204
atp:209070,atp:144869,2025-07-14,2025,2025,clay,Gstaad,R16,6-3 4-6 6-4,112,73,71,52,87,ATP-2025-0314-373,2025-0314,3,0.20766631475012493,0.29728753638025013,0.2905529446270375,0.30019549849932
atp:208843,atp:208859,2025-07-14,2025,2025,clay,Gstaad,R16,7-6(3) 7-6(3),87,66,78,55,87,ATP-2025-0314-374,2025-0314,3,0.3977016929078461,0.42547580830927856,0.43126289530130063,0.4223281503145922
atp:209860,atp:111794,2025-07-14,2025,2025,clay,Gstaad,R16,1-6 7-5 6-1,79,51,84,49,87,ATP-2025-0314-375,2025-0314,3,0.1923219950328172,0.26620982266135823,0.2775470897019671,0.262886702749286
atp:208882,atp:200452,2025-07-14,2025,2025,clay,Gstaad,R16,4-6 6-4 6-1,92,59,81,44,87,ATP-2025-0314-376,2025-0314,3,0.6493441441798745,0.6077511077933245,0.6012729067535069,0.6078034104801617
atp:207678,atp:105676,2025-07-14,2025,2025,clay,Gstaad,R16,5-7 6-4 6-1,87,57,94,56,87,ATP-2025-0314-377,2025-0314,3,0.32950868504120306,0.3857644127067474,0.38376325937453726,0.3863275289508128
atp:134770,atp:208502,2025-07-14,2025,2025,clay,Gstaad,R16,7-5 7-6(6),74,54,78,51,87,ATP-2025-0314-378,2025-0314,3,0.9006430837051589,0.7981854417610323,0.8129956138205038,0.7992927399580265
atp:207686,atp:104527,2025-07-14,2025,2025,clay,Gstaad,R32,6-3 6-2,64,46,54,30,87,ATP-2025-0314-359,2025-0314,3,0.551556061647263,0.5334679911532012,0.5344386861798054,0.5359221551466566
atp:106148,atp:126535,2025-07-14,2025,2025,clay,Gstaad,R32,1-6 6-2 7-6(5),95,57,98,59,87,ATP-2025-0314-360,2025-0314,3,0.7760213803788818,0.6928779468266091,0.6960206691417159,0.6951180050726804
atp:207681,atp:105477,2025-07-14,2025,2025,clay,Gstaad,R32,6-3 6-4,53,42,57,36,87,ATP-2025-0314-361,2025-0314,3,0.7659583732972044,0.6895248076434145,0.6879213387127242,0.6867238663836452
atp:209070,atp:105932,2025-07-14,2025,2025,clay,Gstaad,R32,4-6 7-5 7-6(5),115,79,123,81,87,ATP-2025-0314-362,2025-0314,3,0.418734294996303,0.4456350754810627,0.4455548316945247,0.4463299455261781
atp:208843,atp:123921,2025-07-14,2025,2025,clay,Gstaad,R32,7-5 4-6 7-5,90,65,103,65,87,ATP-2025-0314-363,2025-0314,3,0.7468361472553398,0.696686306767737,0.6728725157716176,0.6966023333926916
atp:208859,atp:126239,2025-07-14,2025,2025,clay,Gstaad,R32,6-1 7-5,51,42,49,30,87,ATP-2025-0314-364,2025-0314,3,0.3713226367932599,0.4121642173896113,0.4131323698795483,0.4125797993555885
atp:209860,atp:111513,2025-07-14,2025,2025,clay,Gstaad,R32,7-6(4) 1-6 6-4,94,61,83,57,87,ATP-2025-0314-365,2025-0314,3,0.11191480852946643,0.1925915208347668,0.2008666637363668,0.1921087214459605
atp:111794,atp:209279,2025-07-14,2025,2025,clay,Gstaad,R32,6-4 3-6 6-2,73,51,94,56,87,ATP-2025-0314-366,2025-0314,3,0.740779567089866,0.666621092669132,0.6681913651908611,0.666654195614498
atp:208882,atp:207494,2025-07-14,2025,2025,clay,Gstaad,R32,6-3 6-1,46,33,45,21,87,ATP-2025-0314-367,2025-0314,3,0.6248732516342789,0.5926471842547347,0.5842366539765175,0.5889088577712992
atp:105676,atp:212021,2025-07-14,2025,2025,clay,Gstaad,R32,7-6(2) 6-3,72,55,96,57,87,ATP-2025-0314-368,2025-0314,3,0.8932022417609695,0.7973334980547295,0.8046975949313686,0.7906127000112667
atp:207678,atp:105526,2025-07-14,2025,2025,clay,Gstaad,R32,6-3 3-6 6-3,90,61,116,69,87,ATP-2025-0314-369,2025-0314,3,0.2647276969571087,0.3448295182985116,0.3360323229407193,0.3408006116057137
atp:208502,atp:105732,2025-07-14,2025,2025,clay,Gstaad,R32,4-6 6-4 6-2,77,57,78,52,87,ATP-2025-0314-370,2025-0314,3,0.42538483797947263,0.45131005707334937,0.4500494625840685,0.450337934577226
atp:122330,atp:209070,2025-07-14,2025,2025,clay,Gstaad,SF,6-1 7-5,53,40,58,32,87,ATP-2025-0314-383,2025-0314,3,0.6919740340973634,0.6323312343205767,0.6317138329369247,0.630841526319394
atp:207678,atp:209860,2025-07-14,2025,2025,clay,Gstaad,SF,6-3 6-3,54,39,54,32,87,ATP-2025-0314-384,2025-0314,3,0.6321354188223242,0.5916398790785408,0.5892645348353993,0.5967032448993382
atp:209260,atp:207411,2025-07-14,2025,2025,clay,Bastad,F,6-4 3-6 6-3,72,51,85,56,87,ATP-2025-0316-385,2025-0316,3,0.4979972453195834,0.4979610883296116,0.498664826246065,0.4990067866791329
atp:207411,atp:134868,2025-07-14,2025,2025,clay,Bastad,QF,4-6 7-6(3) 6-3,98,64,109,66,87,ATP-2025-0316-379,2025-0316,3,0.42921628744634155,0.4536835175406868,0.4526342236598649,0.4502956754017553
atp:200116,atp:209209,2025-07-14,2025,2025,clay,Bastad,QF,6-3 7-5,57,38,77,41,87,ATP-2025-0316-380,2025-0316,3,0.4240708467684953,0.45202626866956963,0.44916225950830796,0.4529497800303951
atp:209260,atp:202104,2025-07-14,2025,2025,clay,Bastad,QF,6-0 6-2,38,29,51,22,87,ATP-2025-0316-381,2025-0316,3,0.4939640165273584,0.4960970525114668,0.49597590241423856,0.4957592265737737
atp:202103,atp:106000,2025-07-14,2025,2025,clay,Bastad,QF,6-0 3-6 6-3,77,46,69,34,87,ATP-2025-0316-382,2025-0316,3,0.8683378344601212,0.7633877149108663,0.7786059686035477,0.7581431808102446
atp:134868,atp:126504,2025-07-14,2025,2025,clay,Bastad,R16,4-6 7-6(6) 6-3,103,66,93,58,87,ATP-2025-0316-371,2025-0316,3,0.8669994930470014,0.7815772564411083,0.7772635592402884,0.7797504465609837
atp:207411,atp:200240,2025-07-14,2025,2025,clay,Bastad,R16,7-6(3) 7-5,76,50,112,66,87,ATP-2025-0316-372,2025-0316,3,0.6338072659109394,0.5897904196506176,0.5904252016450652,0.5871081728383152
atp:209209,atp:132686,2025-07-14,2025,2025,clay,Bastad,R16,3-6 7-6(1) 6-3,87,62,81,56,87,ATP-2025-0316-373,2025-0316,3,0.29751042197107136,0.3658897852913031,0.36059386376331387,0.3638092663259725
atp:200116,atp:122298,2025-07-14,2025,2025,clay,Bastad,R16,7-6(3) 5-7 6-3,124,77,94,62,87,ATP-2025-0316-374,2025-0316,3,0.3662412849331871,0.4134990373399533,0.4096085216516557,0.4109427524344435
atp:209260,atp:111200,2025-07-14,2025,2025,clay,Bastad,R16,6-2 6-2,50,36,49,26,87,ATP-2025-0316-375,2025-0316,3,0.8154706123842761,0.7209638689019335,0.7292138750416989,0.7201997485934819
atp:202104,atp:149282,2025-07-14,2025,2025,clay,Bastad,R16,3-6 6-2 7-5,81,48,101,55,87,ATP-2025-0316-376,2025-0316,3,0.85042125213772,0.7615395854829583,0.7610793039025078,0.7641398376751092
atp:106000,atp:200384,2025-07-14,2025,2025,clay,Bastad,R16,4-6 6-2 6-2,77,53,80,45,87,ATP-2025-0316-377,2025-0316,3,0.5915717782339052,0.5625390169778008,0.5614325179420278,0.5603880473061336
atp:202103,atp:208363,2025-07-14,2025,2025,clay,Bastad,R16,6-3 6-3,59,38,69,37,87,ATP-2025-0316-378,2025-0316,3,0.6488524374655709,0.6011885013083118,0.6009278189627191,0.5965658921310619
atp:126504,atp:210262,2025-07-14,2025,2025,clay,Bastad,R32,2-6 6-3 6-3,87,54,81,47,87,ATP-2025-0316-359,2025-0316,3,0.29877620658395615,0.35276008986506324,0.36152418791176294,0.3528128185269422
atp:207411,atp:212478,2025-07-14,2025,2025,clay,Bastad,R32,6-3 6-2,49,38,66,35,87,ATP-2025-0316-360,2025-0316,3,0.8460099773089332,0.7582048665916042,0.7569007293800728,0.7569250915833856
atp:200240,atp:106198,2025-07-14,2025,2025,clay,Bastad,R32,6-1 3-0 RET,32,22,31,10,87,ATP-2025-0316-361,2025-0316,3,0.655862408538741,0.6056089583127029,0.6058592567248905,0.6042259875715065
atp:209209,atp:209284,2025-07-14,2025,2025,clay,Bastad,R32,6-3 3-6 7-5,116,63,116,62,87,ATP-2025-0316-362,2025-0316,3,0.7061260108551065,0.6463648058547733,0.6420857494361979,0.6474983140510201
atp:122298,atp:144707,2025-07-14,2025,2025,clay,Bastad,R32,6-4 6-1,45,32,49,23,87,ATP-2025-0316-363,2025-0316,3,0.5077923726375836,0.5079242607771379,0.5051951487755468,0.505997326849239
atp:200116,atp:106426,2025-07-14,2025,2025,clay,Bastad,R32,6-4 6-4,71,39,83,42,87,ATP-2025-0316-364,2025-0316,3,0.22221357660351332,0.31157978189345636,0.30254485409977794,0.3088672772070069
atp:209260,atp:209920,2025-07-14,2025,2025,clay,Bastad,R32,6-2 2-6 6-2,91,57,81,47,87,ATP-2025-0316-365,2025-0316,3,0.8315920741633231,0.7380877673227357,0.7435753486201906,0.7417940666643126
atp:111200,atp:207729,2025-07-14,2025,2025,clay,Bastad,R32,6-3 3-6 6-2,73,51,77,45,87,ATP-2025-0316-366,2025-0316,3,0.5042608588198227,0.5046632338041744,0.5028406107479875,0.5012262957174973
atp:149282,atp:106329,2025-07-14,2025,2025,clay,Bastad,R32,5-7 6-3 7-6(2),106,69,104,62,87,ATP-2025-0316-367,2025-0316,3,0.3385561457656797,0.38702296150047794,0.39019559820466027,0.3885185981052863
atp:106000,atp:124116,2025-07-14,2025,2025,clay,Bastad,R32,6-4 6-4,56,38,64,37,87,ATP-2025-0316-368,2025-0316,3,0.40018145071190486,0.4363586533388636,0.43295470263366403,0.4351892587457626
atp:200384,atp:202358,2025-07-14,2025,2025,clay,Bastad,R32,6-4 6-3,64,41,55,33,87,ATP-2025-0316-369,2025-0316,3,0.5712393291293596,0.5463306807380091,0.5476729735419988,0.5529087483999331
atp:208363,atp:144642,2025-07-14,2025,2025,clay,Bastad,R32,7-5 7-5,75,46,82,44,87,ATP-2025-0316-370,2025-0316,3,0.9439320308615945,0.8453410535754418,0.8678781033933997,0.8443533258823119
atp:207411,atp:200116,2025-07-14,2025,2025,clay,Bastad,SF,6-3 7-6(3),70,47,64,39,87,ATP-2025-0316-383,2025-0316,3,0.761765368402323,0.6795857662884365,0.6845845944719107,0.6786435698420057
atp:209260,atp:202103,2025-07-14,2025,2025,clay,Bastad,SF,6-2 3-6 7-6(3),96,57,96,53,87,ATP-2025-0316-384,2025-0316,3,0.2292402666807859,0.3168630384365174,0.3082306918822377,0.3177125774117015
atp:133430,atp:206499,2025-07-14,2025,2025,hard,Los Cabos,F,6-4 6-2,51,38,50,30,87,ATP-2025-7480-385,2025-7480,3,0.7097532686906032,0.6419227130758478,0.6447690450959328,0.6422270439034506
atp:200443,atp:105902,2025-07-14,2025,2025,hard,Los Cabos,QF,3-6 6-3 6-4,81,51,85,52,87,ATP-2025-7480-379,2025-7480,3,0.5221323290460509,0.5159181633023968,0.5147602441929271,0.5191981341546468
atp:133430,atp:209262,2025-07-14,2025,2025,hard,Los Cabos,QF,6-3 6-2,55,37,53,27,87,ATP-2025-7480-380,2025-7480,3,0.6691709567176356,0.6160166654201544,0.6152950442790748,0.6142649457306069
atp:206499,atp:126663,2025-07-14,2025,2025,hard,Los Cabos,QF,6-3 6-1,51,34,66,31,87,ATP-2025-7480-381,2025-7480,3,0.5761817749374741,0.5559425810909525,0.5510083557137757,0.5504009852089069
atp:126094,atp:207182,2025-07-14,2025,2025,hard,Los Cabos,QF,5-7 6-4 6-3,83,55,91,58,87,ATP-2025-7480-382,2025-7480,3,0.9504837385677086,0.854781081978392,0.8775874756101529,0.8545904335549019
atp:105902,atp:200221,2025-07-14,2025,2025,hard,Los Cabos,R16,6-3 6-4,65,42,63,35,87,ATP-2025-7480-371,2025-7480,3,0.1634861663458064,0.2684840047475141,0.25193040800950994,0.2623121434853752
atp:200443,atp:210460,2025-07-14,2025,2025,hard,Los Cabos,R16,6-1 6-0,40,30,42,15,87,ATP-2025-7480-372,2025-7480,3,0.4883525605222262,0.49152141300447594,0.49223425986077307,0.4927625038686832
atp:133430,atp:207181,2025-07-14,2025,2025,hard,Los Cabos,R16,6-1 6-2,47,33,40,17,87,ATP-2025-7480-373,2025-7480,3,0.8574022462076034,0.7670136040314794,0.7677981099490123,0.7675450295042454
atp:209262,atp:127157,2025-07-14,2025,2025,hard,Los Cabos,R16,6-3 6-4,61,45,49,31,87,ATP-2025-7480-374,2025-7480,3,0.6289794185072406,0.5843249243894153,0.587076793251875,0.5885948171189737
atp:206499,atp:210545,2025-07-14,2025,2025,hard,Los Cabos,R16,7-5 6-4,65,41,64,36,87,ATP-2025-7480-375,2025-7480,3,0.700638151373846,0.6416983860317507,0.6380457926287909,0.6407121657085378
atp:126663,atp:111460,2025-07-14,2025,2025,hard,Los Cabos,R16,6-4 6-7(5) 6-3,103,68,109,63,87,ATP-2025-7480-376,2025-7480,3,0.37040819214527493,0.4079840777632081,0.41249902974704206,0.410372974389997
atp:207182,atp:207352,2025-07-14,2025,2025,hard,Los Cabos,R16,3-6 7-5 7-6(6),113,76,123,80,87,ATP-2025-7480-377,2025-7480,3,0.1943233537881498,0.2838110513219052,0.2792658888682676,0.2838308445873924
atp:126094,atp:207834,2025-07-14,2025,2025,hard,Los Cabos,R16,6-3 6-2,46,34,69,36,87,ATP-2025-7480-378,2025-7480,3,0.9827370741899619,0.9281552322429822,0.9367025230618131,0.9301955335634898
atp:105902,atp:105173,2025-07-14,2025,2025,hard,Los Cabos,R32,6-3 6-4,67,45,60,34,87,ATP-2025-7480-359,2025-7480,3,0.3877026391222106,0.42233774006766617,0.424420431427474,0.4260861673082231
atp:210460,atp:200711,2025-07-14,2025,2025,hard,Los Cabos,R32,6-4 6-1,44,33,54,29,87,ATP-2025-7480-360,2025-7480,3,0.8783194203452375,0.7967276076398143,0.7888055578830355,0.7973452610114917
atp:200443,atp:210202,2025-07-14,2025,2025,hard,Los Cabos,R32,7-6(5) 6-2,67,44,67,37,87,ATP-2025-7480-361,2025-7480,3,0.6573960882366574,0.6067419867487833,0.6069416231931589,0.6110866742799208
atp:207181,atp:212256,2025-07-14,2025,2025,hard,Los Cabos,R32,6-4 6-2,56,39,67,35,87,ATP-2025-7480-362,2025-7480,3,0.19039252028082757,0.26594694674401465,0.2758833300474777,0.27021025761153
atp:209262,atp:200059,2025-07-14,2025,2025,hard,Los Cabos,R32,4-6 6-4 6-1,81,59,85,52,87,ATP-2025-7480-363,2025-7480,3,0.44762032623791254,0.4644113227161488,0.4650089184880019,0.4614191280526276
atp:127157,atp:106283,2025-07-14,2025,2025,hard,Los Cabos,R32,6-4 6-3,58,40,59,34,87,ATP-2025-7480-364,2025-7480,3,0.3265033469299268,0.380050574899202,0.3816158910801085,0.3821518688904256
atp:206499,atp:200273,2025-07-14,2025,2025,hard,Los Cabos,R32,6-1 3-6 6-3,71,51,81,47,87,ATP-2025-7480-365,2025-7480,3,0.513011641380291,0.5080926379010091,0.5086755157535722,0.5071078162624831
atp:210545,atp:210317,2025-07-14,2025,2025,hard,Los Cabos,R32,6-1 6-2,52,35,44,19,87,ATP-2025-7480-366,2025-7480,3,0.6158475214149793,0.5825499431914689,0.5780174020652723,0.5825310069337335
atp:126663,atp:208230,2025-07-14,2025,2025,hard,Los Cabos,R32,6-3 6-2,49,38,42,25,87,ATP-2025-7480-367,2025-7480,3,0.4343584690988434,0.4474965979915944,0.4560982805222135,0.4522999467866146
atp:207352,atp:209246,2025-07-14,2025,2025,hard,Los Cabos,R32,7-6(5) 6-2,85,53,69,40,87,ATP-2025-7480-368,2025-7480,3,0.7979908049172318,0.7172285425257505,0.7141969659273446,0.7164434771138851
atp:207182,atp:126846,2025-07-14,2025,2025,hard,Los Cabos,R32,7-6(4) 6-3,79,49,60,35,87,ATP-2025-7480-369,2025-7480,3,0.3295149289949447,0.38421123318834816,0.3837677150980647,0.3866424631203693
atp:207834,atp:106121,2025-07-14,2025,2025,hard,Los Cabos,R32,3-6 7-5 6-4,82,57,90,57,87,ATP-2025-7480-370,2025-7480,3,0.22052060723800934,0.291905100689496,0.30116492409868945,0.2923845745920039
atp:133430,atp:200443,2025-07-14,2025,2025,hard,Los Cabos,SF,6-2 6-2,52,36,37,20,87,ATP-2025-7480-383,2025-7480,3,0.7752318430941707,0.6882720094323462,0.695380372668441,0.6873842378305945
atp:206499,atp:126094,2025-07-14,2025,2025,hard,Los Cabos,SF,3-6 6-4 6-4,95,58,98,61,87,ATP-2025-7480-384,2025-7480,3,0.13675887416957255,0.23815362078939414,0.22647621649751684,0.2391824441522498
atp:209260,atp:126535,2025-07-20,2025,2025,clay,Umag,F,6-3 6-3,43,36,53,32,87,ATP-2025-0439-386,2025-0439,3,0.8345142106039751,0.7372296411579533,0.7462370909044097,0.7410791146213052
atp:209260,atp:209976,2025-07-20,2025,2025,clay,Umag,QF,1-6 6-2 6-3,74,42,73,42,87,ATP-2025-0439-380,2025-0439,3,0.6545368641905063,0.6071433176613197,0.6049247887128661,0.6079764951977458
atp:200116,atp:208010,2025-07-20,2025,2025,clay,Umag,QF,6-4 5-2 RET,43,30,64,33,87,ATP-2025-0439-381,2025-0439,3,0.43602181202289836,0.46175518431477536,0.45721765089539645,0.4538683976230054
atp:106000,atp:208169,2025-07-20,2025,2025,clay,Umag,QF,3-6 7-5 6-2,81,55,115,64,87,ATP-2025-0439-382,2025-0439,3,0.6605963154377253,0.6120345019361346,0.6092042337995619,0.6105248302783008
atp:126535,atp:207411,2025-07-20,2025,2025,clay,Umag,QF,7-5 6-3,47,40,72,43,87,ATP-2025-0439-383,2025-0439,3,0.16593934282363182,0.26220372695041827,0.25417729505217973,0.259947766053276
atp:209260,atp:202358,2025-07-20,2025,2025,clay,Umag,R16,7-5 6-0,59,41,63,33,87,ATP-2025-0439-372,2025-0439,3,0.7650037186022277,0.6821814442873818,0.6871597246241639,0.68207635299278
atp:209976,atp:105932,2025-07-20,2025,2025,clay,Umag,R16,2-6 6-3 6-2,77,52,73,45,87,ATP-2025-0439-373,2025-0439,3,0.5254312026153614,0.5181473986833292,0.5169622661987086,0.5187172662467282
atp:200116,atp:208859,2025-07-20,2025,2025,clay,Umag,R16,6-7(5) 6-2 6-3,101,65,91,52,87,ATP-2025-0439-374,2025-0439,3,0.420315761696535,0.44816520462000997,0.44662459893305584,0.4514566858916517
atp:208010,atp:209279,2025-07-20,2025,2025,clay,Umag,R16,6-3 6-3,49,33,58,26,87,ATP-2025-0439-375,2025-0439,3,0.558891521296553,0.5413163740141599,0.539362472951422,0.5456203472042402
atp:208169,atp:200240,2025-07-20,2025,2025,clay,Umag,R16,6-2 6-3,48,29,56,23,87,ATP-2025-0439-376,2025-0439,3,0.3405864095037401,0.38840428195663046,0.39163262470582627,0.3943150515878609
atp:106000,atp:104527,2025-07-20,2025,2025,clay,Umag,R16,6-4 7-5,86,46,68,35,87,ATP-2025-0439-377,2025-0439,3,0.6492639252986416,0.5973966864820948,0.6012165995210776,0.6042517169312589
atp:207411,atp:208363,2025-07-20,2025,2025,clay,Umag,R16,6-3 6-4,62,44,61,35,87,ATP-2025-0439-378,2025-0439,3,0.35286315813170815,0.40183591229746835,0.4002752660445361,0.4005204848569685
atp:126535,atp:202103,2025-07-20,2025,2025,clay,Umag,R16,6-7(2) 6-4 7-5,124,64,112,55,87,ATP-2025-0439-379,2025-0439,3,0.04478246887586751,0.13812208582639882,0.11505842648308498,0.1373008682289675
atp:202358,atp:206748,2025-07-20,2025,2025,clay,Umag,R32,7-5 6-4,69,46,69,38,87,ATP-2025-0439-360,2025-0439,3,0.4079035303510434,0.43918215882825284,0.4382109723715897,0.4349438174121481
atp:209976,atp:209284,2025-07-20,2025,2025,clay,Umag,R32,6-4 6-2,64,35,69,31,87,ATP-2025-0439-361,2025-0439,3,0.7163281879704707,0.6588506975860897,0.6496604385341408,0.6599744288052931
atp:105932,atp:106148,2025-07-20,2025,2025,clay,Umag,R32,6-3 6-4,57,31,71,35,87,ATP-2025-0439-362,2025-0439,3,0.3840835678530351,0.42342719741446383,0.4219352324158916,0.4259527955777134
atp:208859,atp:212063,2025-07-20,2025,2025,clay,Umag,R32,4-6 6-1 6-2,81,56,63,38,87,ATP-2025-0439-363,2025-0439,3,0.727610282795758,0.6612875948614128,0.6581410780342296,0.6653501371915767
atp:209279,atp:105583,2025-07-20,2025,2025,clay,Umag,R32,6-3 6-4,66,45,51,30,87,ATP-2025-0439-364,2025-0439,3,0.377742310371028,0.41909697148090613,0.41756889147924886,0.4153426000542356
atp:208010,atp:111794,2025-07-20,2025,2025,clay,Umag,R32,6-2 6-4,54,35,48,23,87,ATP-2025-0439-365,2025-0439,3,0.30540280679748016,0.368828959089921,0.3663748963904783,0.369931411899426
atp:200240,atp:209920,2025-07-20,2025,2025,clay,Umag,R32,3-6 6-4 6-3,104,59,82,45,87,ATP-2025-0439-366,2025-0439,3,0.7436384545873802,0.6704917936653716,0.6703961857079305,0.6741029605042176
atp:208169,atp:106426,2025-07-20,2025,2025,clay,Umag,R32,6-3 6-3,56,41,46,29,87,ATP-2025-0439-367,2025-0439,3,0.22846723475315894,0.3023477461528993,0.30760838380495475,0.3054050388685601
atp:104527,atp:208223,2025-07-20,2025,2025,clay,Umag,R32,6-4 6-1,50,32,43,20,87,ATP-2025-0439-368,2025-0439,3,0.6452772515499252,0.6010792727081332,0.5984223157241512,0.6014643210390734
atp:208363,atp:144642,2025-07-20,2025,2025,clay,Umag,R32,6-1 6-2,39,29,46,20,87,ATP-2025-0439-369,2025-0439,3,0.9440542576265297,0.8453411355267223,0.8680547285118205,0.8447831426425705
atp:207411,atp:209890,2025-07-20,2025,2025,clay,Umag,R32,6-3 6-3,49,37,52,32,87,ATP-2025-0439-370,2025-0439,3,0.8449371286499718,0.7558985307576988,0.755891990965941,0.7579945943369224
atp:126535,atp:105732,2025-07-20,2025,2025,clay,Umag,R32,6-4 7-6(1),57,45,85,50,87,ATP-2025-0439-371,2025-0439,3,0.3371281885538398,0.3861564043165903,0.389183509856803,0.3912838571859496
atp:209260,atp:200116,2025-07-20,2025,2025,clay,Umag,SF,7-6(6) 6-3,69,52,70,46,87,ATP-2025-0439-384,2025-0439,3,0.7615960180918531,0.6782804625094603,0.6844502801113077,0.6822719442513631
atp:126535,atp:106000,2025-07-20,2025,2025,clay,Umag,SF,6-2 6-1,48,32,76,34,87,ATP-2025-0439-385,2025-0439,3,0.2522832118158394,0.32893379388472777,0.3264435771476082,0.3314655797976463
atp:122330,atp:209070,2025-07-21,2025,2025,clay,Kitzbuhel,F,6-4 6-3,61,42,61,36,87,ATP-2025-0319-386,2025-0319,3,0.6980882564177887,0.636120722655034,0.6361765047537923,0.6338474022015608
atp:126239,atp:105870,2025-07-21,2025,2025,clay,Kitzbuhel,QF,6-4 3-6 6-1,80,54,91,55,87,ATP-2025-0319-380,2025-0319,3,0.5054886147634469,0.5036597788495294,0.5036591581644412,0.4994321825882313
atp:209070,atp:105526,2025-07-21,2025,2025,clay,Kitzbuhel,QF,6-3 6-4,63,45,56,37,87,ATP-2025-0319-381,2025-0319,3,0.2480715396043592,0.33009313934749546,0.3231610223519062,0.3333213169249245
atp:122298,atp:205734,2025-07-21,2025,2025,clay,Kitzbuhel,QF,7-6(2) 6-2,63,42,81,43,87,ATP-2025-0319-382,2025-0319,3,0.5193132052659357,0.5142339599719974,0.5128790298639405,0.5123026781859282
atp:122330,atp:207686,2025-07-21,2025,2025,clay,Kitzbuhel,QF,6-4 6-2,56,41,64,33,87,ATP-2025-0319-383,2025-0319,3,0.6556517817721171,0.606205506388042,0.6057107090086951,0.6073971664760454
atp:105870,atp:202104,2025-07-21,2025,2025,clay,Kitzbuhel,R16,5-7 6-3 7-5,105,68,117,70,87,ATP-2025-0319-372,2025-0319,3,0.44506512672390175,0.4675279860046119,0.46329446206448666,0.4651183248361144
atp:126239,atp:105613,2025-07-21,2025,2025,clay,Kitzbuhel,R16,6-7(3) 6-4 6-4,99,71,102,70,87,ATP-2025-0319-373,2025-0319,3,0.676704858589394,0.6254900551720238,0.6206825668391615,0.6247084376956358
atp:105526,atp:124079,2025-07-21,2025,2025,clay,Kitzbuhel,R16,6-2 6-2,43,30,66,32,87,ATP-2025-0319-374,2025-0319,3,0.7115272407257215,0.6394834860937122,0.6460852422896654,0.6394944117905339
atp:209070,atp:207681,2025-07-21,2025,2025,clay,Kitzbuhel,R16,6-4 7-6(7),69,51,73,49,87,ATP-2025-0319-375,2025-0319,3,0.30196357118506006,0.3665295426874339,0.36386143866278353,0.3638967295405154
atp:122298,atp:209209,2025-07-21,2025,2025,clay,Kitzbuhel,R16,6-3 7-6(4),72,51,70,44,87,ATP-2025-0319-376,2025-0319,3,0.552838773784545,0.5368862773408536,0.535299045466956,0.5332057252560392
atp:205734,atp:105138,2025-07-21,2025,2025,clay,Kitzbuhel,R16,7-5 7-5,64,42,90,50,87,ATP-2025-0319-377,2025-0319,3,0.4216780152496628,0.44985335001116034,0.44754559032155555,0.450226066933447
atp:207686,atp:105916,2025-07-21,2025,2025,clay,Kitzbuhel,R16,7-5 6-4,60,41,62,35,87,ATP-2025-0319-378,2025-0319,3,0.24251216626875588,0.32313279964338004,0.3187974527769634,0.3237296330859855
atp:122330,atp:202058,2025-07-21,2025,2025,clay,Kitzbuhel,R16,6-3 6-4,65,47,53,34,87,ATP-2025-0319-379,2025-0319,3,0.5838660001885659,0.5564584807168036,0.5562054773237012,0.5558807433492307
atp:105870,atp:209903,2025-07-21,2025,2025,clay,Kitzbuhel,R32,7-5 6-2,64,43,75,40,87,ATP-2025-0319-360,2025-0319,3,0.7862068350104253,0.7046841315729575,0.7043586452104041,0.7114524362574981
atp:105613,atp:200384,2025-07-21,2025,2025,clay,Kitzbuhel,R32,6-3 6-4,64,44,59,34,87,ATP-2025-0319-361,2025-0319,3,0.46093607334389375,0.475646553608169,0.4739278684840566,0.4718659984325649
atp:126239,atp:105487,2025-07-21,2025,2025,clay,Kitzbuhel,R32,7-6(4) 4-6 6-3,115,73,110,67,87,ATP-2025-0319-362,2025-0319,3,0.6042763767912247,0.5698373034398602,0.5700880534125226,0.5696766539550713
atp:105526,atp:124116,2025-07-21,2025,2025,clay,Kitzbuhel,R32,6-4 6-2,51,36,59,30,87,ATP-2025-0319-363,2025-0319,3,0.5280477903052697,0.5176247495926715,0.518709437468584,0.5159022279243672
atp:209070,atp:209860,2025-07-21,2025,2025,clay,Kitzbuhel,R32,6-3 3-6 7-5,92,63,82,58,87,ATP-2025-0319-364,2025-0319,3,0.6100336433213881,0.5835490157406452,0.5740274782506888,0.5850174956965686
atp:207681,atp:207729,2025-07-21,2025,2025,clay,Kitzbuhel,R32,6-3 7-6(1),67,48,61,38,87,ATP-2025-0319-365,2025-0319,3,0.7359348293605578,0.670759602657087,0.6644741762432113,0.6675594243966061
atp:209209,atp:144869,2025-07-21,2025,2025,clay,Kitzbuhel,R32,7-5 5-7 6-3,103,65,98,60,87,ATP-2025-0319-366,2025-0319,3,0.2655100038575586,0.3439695274094018,0.3366298352058876,0.3377680471654704
atp:122298,atp:111797,2025-07-21,2025,2025,clay,Kitzbuhel,R32,6-4 4-6 6-3,83,56,86,55,87,ATP-2025-0319-367,2025-0319,3,0.32810936793115075,0.3884214828670096,0.3827641051207095,0.3838198382611654
atp:205734,atp:211514,2025-07-21,2025,2025,clay,Kitzbuhel,R32,7-5 6-3,61,45,70,41,87,ATP-2025-0319-368,2025-0319,3,0.5815798486497442,0.5559257192592633,0.554657741642658,0.5573380380734105
atp:105916,atp:212082,2025-07-21,2025,2025,clay,Kitzbuhel,R32,6-2 2-6 6-3,70,48,81,48,87,ATP-2025-0319-369,2025-0319,3,0.878549469425936,0.7935164191804688,0.789044714134076,0.7859361842166444
atp:207686,atp:123755,2025-07-21,2025,2025,clay,Kitzbuhel,R32,2-6 6-3 6-4,106,61,93,54,87,ATP-2025-0319-370,2025-0319,3,0.5915980824375695,0.5620334019145431,0.5614503888695194,0.5566773115840177
atp:202058,atp:210262,2025-07-21,2025,2025,clay,Kitzbuhel,R32,6-2 6-2,43,30,57,27,87,ATP-2025-0319-371,2025-0319,3,0.5271204082437714,0.5180460143141348,0.5180901350408831,0.5173535403772072
atp:209070,atp:126239,2025-07-21,2025,2025,clay,Kitzbuhel,SF,7-5 6-3,61,45,58,37,87,ATP-2025-0319-384,2025-0319,3,0.28635906058828087,0.35573674726087834,0.35234310398379837,0.3578859745172411
atp:122330,atp:122298,2025-07-21,2025,2025,clay,Kitzbuhel,SF,6-3 6-4,57,41,63,36,87,ATP-2025-0319-385,2025-0319,3,0.578885354967731,0.5544258938402891,0.5528352380497238,0.5545191826807612
atp:200282,atp:200221,2025-07-21,2025,2025,hard,Washington,F,5-7 6-1 7-6(3),113,71,108,63,87,ATP-2025-0418-385,2025-0418,3,0.8296114159834473,0.7271798306649004,0.7417818704656443,0.7298360658281743
atp:200282,atp:206909,2025-07-21,2025,2025,hard,Washington,QF,6-4 6-4,66,42,56,28,87,ATP-2025-0418-379,2025-0418,3,0.810453530239801,0.7119859961238676,0.7248483096943372,0.7138635414704741
atp:144895,atp:106421,2025-07-21,2025,2025,hard,Washington,QF,1-6 6-4 6-4,83,51,81,53,87,ATP-2025-0418-380,2025-0418,3,0.12135785279669542,0.23051414153414265,0.21085888501476155,0.2267678160528681
atp:210097,atp:126207,2025-07-21,2025,2025,hard,Washington,QF,7-6(2) 6-4,57,45,89,55,87,ATP-2025-0418-381,2025-0418,3,0.5707535210069726,0.5486510967866722,0.5473454214263541,0.5447647503799706
atp:200221,atp:126203,2025-07-21,2025,2025,hard,Washington,QF,7-6(3) 3-6 7-5,131,77,120,70,87,ATP-2025-0418-382,2025-0418,3,0.21284488252853154,0.3009143545996335,0.29485748649266885,0.3005064339726212
atp:206909,atp:111815,2025-07-21,2025,2025,hard,Washington,R16,7-6(3) 6-3,60,45,75,45,87,ATP-2025-0418-371,2025-0418,3,0.5461362764471964,0.5338401858281145,0.5308061884319228,0.5306517134016053
atp:200282,atp:208103,2025-07-21,2025,2025,hard,Washington,R16,7-6(4) 6-7(6) 6-4,98,71,121,74,87,ATP-2025-0418-372,2025-0418,3,0.7992064999447482,0.7037381294352976,0.7152244117409945,0.7059081918938852
atp:144895,atp:105554,2025-07-21,2025,2025,hard,Washington,R16,6-2 7-6(4),56,38,62,33,87,ATP-2025-0418-373,2025-0418,3,0.5652895462370345,0.5424098021084471,0.5436648008669971,0.539875648727304
atp:106421,atp:200059,2025-07-21,2025,2025,hard,Washington,R16,6-3 6-2,38,32,65,33,87,ATP-2025-0418-374,2025-0418,3,0.8595195402012443,0.7582461906071831,0.7698628188396295,0.7557331482773526
atp:126207,atp:207925,2025-07-21,2025,2025,hard,Washington,R16,6-1 6-4,63,40,52,27,87,ATP-2025-0418-375,2025-0418,3,0.7401894915890197,0.6616266347173051,0.6677373449940057,0.6613228742838774
atp:210097,atp:209113,2025-07-21,2025,2025,hard,Washington,R16,6-3 6-2,42,36,44,26,87,ATP-2025-0418-376,2025-0418,3,0.6483471416694392,0.5980368604288606,0.6005733206798831,0.5999137752566593
atp:200221,atp:210530,2025-07-21,2025,2025,hard,Washington,R16,6-2 6-2,48,34,55,27,87,ATP-2025-0418-377,2025-0418,3,0.7317338942099779,0.6568495531471006,0.6612698727028338,0.6530918044529357
atp:126203,atp:208286,2025-07-21,2025,2025,hard,Washington,R16,6-3 6-4,61,44,76,43,87,ATP-2025-0418-378,2025-0418,3,0.851998320614366,0.7510678206672685,0.7625855389607334,0.7511232503401494
atp:111815,atp:207518,2025-07-21,2025,2025,hard,Washington,R32,3-6 6-2 6-3,91,58,73,46,87,ATP-2025-0418-355,2025-0418,3,0.40560784719844223,0.4373629715088946,0.4366502011215706,0.4362767804856706
atp:206909,atp:210319,2025-07-21,2025,2025,hard,Washington,R32,6-3 6-4,57,42,56,35,87,ATP-2025-0418-356,2025-0418,3,0.8795708666166253,0.7777622413644616,0.7901088693550807,0.7773839555303039
atp:208103,atp:208260,2025-07-21,2025,2025,hard,Washington,R32,6-4 6-7(5) 6-3,87,66,91,59,87,ATP-2025-0418-357,2025-0418,3,0.8421439099056653,0.7443401880928998,0.7532791013362193,0.7464425728176389
atp:200282,atp:207352,2025-07-21,2025,2025,hard,Washington,R32,7-6(5) 6-2,67,47,64,38,87,ATP-2025-0418-358,2025-0418,3,0.898778029588675,0.7917295701803613,0.8108915266502407,0.7910774150426193
atp:144895,atp:124186,2025-07-21,2025,2025,hard,Washington,R32,6-0 6-1,42,28,36,11,87,ATP-2025-0418-359,2025-0418,3,0.5832193278141546,0.556257207391972,0.5557675415948945,0.5510253296703809
atp:105554,atp:210506,2025-07-21,2025,2025,hard,Washington,R32,6-4 6-4,79,48,61,36,87,ATP-2025-0418-360,2025-0418,3,0.40110649940391735,0.4352648761895998,0.43358531829827146,0.4367464077632788
atp:200059,atp:200615,2025-07-21,2025,2025,hard,Washington,R32,7-5 5-7 6-3,113,73,90,56,87,ATP-2025-0418-361,2025-0418,3,0.3848557759716731,0.42115843421714566,0.4224659060992191,0.4234035455919923
atp:106421,atp:124187,2025-07-21,2025,2025,hard,Washington,R32,3-6 7-5 6-1,76,56,99,62,87,ATP-2025-0418-362,2025-0418,3,0.8623555536343638,0.7656452775800748,0.7726488932690352,0.7636535084138306
atp:126207,atp:206499,2025-07-21,2025,2025,hard,Washington,R32,7-5 3-6 6-3,80,61,84,58,87,ATP-2025-0418-363,2025-0418,3,0.7500081460285616,0.6705945521110156,0.675339861767854,0.6717052807506183
atp:207925,atp:106415,2025-07-21,2025,2025,hard,Washington,R32,6-2 7-6(3),71,45,64,34,87,ATP-2025-0418-364,2025-0418,3,0.5245634299448787,0.517438870907746,0.5163829462670916,0.5182696805227857
atp:209113,atp:206681,2025-07-21,2025,2025,hard,Washington,R32,6-3 6-4,53,41,69,41,87,ATP-2025-0418-365,2025-0418,3,0.5174137548144634,0.5152982719754343,0.5116117788804028,0.5085771512346547
atp:210097,atp:111456,2025-07-21,2025,2025,hard,Washington,R32,6-3 6-4,47,40,60,36,87,ATP-2025-0418-366,2025-0418,3,0.7202642146084334,0.6440655830442228,0.6526062390958561,0.6489846336101284
atp:210530,atp:126094,2025-07-21,2025,2025,hard,Washington,R32,7-5 6-2,77,48,62,35,87,ATP-2025-0418-367,2025-0418,3,0.15034038143783843,0.2522681461659744,0.23964576095178217,0.252471321506272
atp:200221,atp:144719,2025-07-21,2025,2025,hard,Washington,R32,6-4 6-2,57,37,54,29,87,ATP-2025-0418-368,2025-0418,3,0.5254283179610593,0.5160403719802245,0.516960340327204,0.5164587154334733
atp:208286,atp:132283,2025-07-21,2025,2025,hard,Washington,R32,7-5 7-5,70,47,77,45,87,ATP-2025-0418-369,2025-0418,3,0.548632988324766,0.5348749317577446,0.5324790228740343,0.5344075189290627
atp:126203,atp:126846,2025-07-21,2025,2025,hard,Washington,R32,6-3 6-2,48,38,52,29,87,ATP-2025-0418-370,2025-0418,3,0.9315946106825882,0.8323673389085813,0.8508094818620656,0.83267167066183
atp:111815,atp:126129,2025-07-21,2025,2025,hard,Washington,R64,6-3 7-6(4),76,52,60,41,87,ATP-2025-0418-339,2025-0418,3,0.9070033636391909,0.8018843488931383,0.8203010647225495,0.804027748383463
atp:210319,atp:106331,2025-07-21,2025,2025,hard,Washington,R64,6-3 6-2,51,38,52,30,87,ATP-2025-0418-340,2025-0418,3,0.3333288153350733,0.3894443893581073,0.3864849957018962,0.3913460957807197
atp:208260,atp:200175,2025-07-21,2025,2025,hard,Washington,R64,1-6 6-2 6-2,83,51,68,39,87,ATP-2025-0418-341,2025-0418,3,0.23917093484979068,0.3203941338881239,0.3161575680571889,0.3193196625057029
atp:207352,atp:105676,2025-07-21,2025,2025,hard,Washington,R64,6-4 7-5,68,46,74,45,87,ATP-2025-0418-342,2025-0418,3,0.5394807590712823,0.5245313468838255,0.5263509763829883,0.5261238493737452
atp:124186,atp:202320,2025-07-21,2025,2025,hard,Washington,R64,6-4 6-4,59,42,62,37,87,ATP-2025-0418-343,2025-0418,3,0.6536010674674354,0.602983017712967,0.6042656391926682,0.6038930010793868
atp:105554,atp:200267,2025-07-21,2025,2025,hard,Washington,R64,3-6 6-4 6-3,84,54,98,56,87,ATP-2025-0418-344,2025-0418,3,0.5047823215936199,0.5032456008334288,0.5031882684099631,0.5056203455909731
atp:200059,atp:104792,2025-07-21,2025,2025,hard,Washington,R64,6-3 6-1,50,35,49,25,87,ATP-2025-0418-345,2025-0418,3,0.29809333279188377,0.3631601848579498,0.36102244326835703,0.3653384281090941
atp:124187,atp:209326,2025-07-21,2025,2025,hard,Washington,R64,7-6(4) 6-7(5) 6-3,108,80,100,70,87,ATP-2025-0418-346,2025-0418,3,0.7247838740586581,0.6632311192081511,0.6560057328654224,0.6634280553681098
atp:206499,atp:111460,2025-07-21,2025,2025,hard,Washington,R64,6-2 3-6 6-3,83,54,87,53,87,ATP-2025-0418-347,2025-0418,3,0.4416040485264367,0.46192195102550093,0.46097045655587865,0.459457113447994
atp:106415,atp:202385,2025-07-21,2025,2025,hard,Washington,R64,6-4 5-7 6-1,91,53,104,54,87,ATP-2025-0418-348,2025-0418,3,0.24169032032387325,0.32452230389095704,0.3181493451508835,0.3207066066500367
atp:206681,atp:126127,2025-07-21,2025,2025,hard,Washington,R64,7-5 6-1,60,39,58,29,87,ATP-2025-0418-349,2025-0418,3,0.46631751021152773,0.47757437915214773,0.47752609987898753,0.4785911990523819
atp:111456,atp:212256,2025-07-21,2025,2025,hard,Washington,R64,6-4 6-1,49,34,48,26,87,ATP-2025-0418-350,2025-0418,3,0.45300100675082217,0.4650571100278371,0.46861587830271384,0.4719451434600676
atp:210530,atp:207182,2025-07-21,2025,2025,hard,Washington,R64,6-1 6-4,53,36,60,30,87,ATP-2025-0418-351,2025-0418,3,0.7500284121082713,0.6749684324807453,0.6753556613009316,0.6709034879526146
atp:144719,atp:106218,2025-07-21,2025,2025,hard,Washington,R64,7-5 6-3,67,48,67,41,87,ATP-2025-0418-352,2025-0418,3,0.551786022703739,0.532881110222788,0.5345929100343569,0.5309005949914186
atp:208286,atp:127157,2025-07-21,2025,2025,hard,Washington,R64,4-6 6-2 7-6(2),95,63,113,67,87,ATP-2025-0418-353,2025-0418,3,0.7327780933895701,0.6544116283243242,0.6620647375895117,0.6605736800360444
atp:126846,atp:208659,2025-07-21,2025,2025,hard,Washington,R64,6-4 3-6 6-3,86,59,84,56,87,ATP-2025-0418-354,2025-0418,3,0.4885223549398935,0.49087393303906485,0.49234748978244064,0.4895819660686619
atp:200282,atp:144895,2025-07-21,2025,2025,hard,Washington,SF,6-4 6-3,58,36,66,31,87,ATP-2025-0418-383,2025-0418,3,0.9224912606841387,0.8131070889932748,0.8390430130434177,0.8109352930375051
atp:200221,atp:210097,2025-07-21,2025,2025,hard,Washington,SF,6-2 7-5,52,38,55,32,87,ATP-2025-0418-384,2025-0418,3,0.40975741938775967,0.44038374478695275,0.4394702763158701,0.4399253774212317
atp:210097,atp:111575,2025-07-27,2025,2025,hard,Canada Masters,F,6-7(5) 6-4 7-6(3),108,78,101,72,87,ATP-2025-0421-369,2025-0421,3,0.45474833492814126,0.4674870756117667,0.46978630507907343,0.4673151353882635
atp:126203,atp:126094,2025-07-27,2025,2025,hard,Canada Masters,QF,6-3 7-6(4),73,54,57,39,87,ATP-2025-0421-363,2025-0421,3,0.6345501267240636,0.5874154356537621,0.5909413205713315,0.5870839139955895
atp:210097,atp:200282,2025-07-27,2025,2025,hard,Canada Masters,QF,6-3 6-4,60,41,66,38,87,ATP-2025-0421-364,2025-0421,3,0.26175483786496356,0.3412375043764855,0.33375615402262077,0.3370146323843594
atp:111575,atp:210506,2025-07-27,2025,2025,hard,Canada Masters,QF,6-4 7-6(3),73,53,88,54,87,ATP-2025-0421-365,2025-0421,3,0.7677409621592315,0.6793083815983829,0.6893465342443663,0.6789684964203395
atp:100644,atp:200615,2025-07-27,2025,2025,hard,Canada Masters,QF,6-7(8) 6-4 6-3,100,72,103,65,87,ATP-2025-0421-366,2025-0421,3,0.8408944067917695,0.7391685949125159,0.7521164345835135,0.7401318302779115
atp:106148,atp:200116,2025-07-27,2025,2025,hard,Canada Masters,R128,6-4 4-1 RET,36,26,60,31,87,ATP-2025-0421-275,2025-0421,3,0.7002576598948451,0.6351303557332022,0.6377665488993107,0.6325327210024644
atp:209263,atp:106432,2025-07-27,2025,2025,hard,Canada Masters,R128,4-6 6-2 7-6(2),94,62,90,52,87,ATP-2025-0421-276,2025-0421,3,0.6851356705930116,0.6256163552842995,0.6267540675229408,0.6259666787647531
atp:111456,atp:105676,2025-07-27,2025,2025,hard,Canada Masters,R128,6-4 6-4,49,39,74,42,87,ATP-2025-0421-277,2025-0421,3,0.5416207547647837,0.5311857206841923,0.5277828789095154,0.5285888748895976
atp:105807,atp:208119,2025-07-27,2025,2025,hard,Canada Masters,R128,2-6 6-4 6-4,84,53,85,55,87,ATP-2025-0421-278,2025-0421,3,0.7837811026298701,0.7021896053277517,0.702359495688605,0.7009234925096346
atp:207729,atp:206499,2025-07-27,2025,2025,hard,Canada Masters,R128,7-5 7-6(3),79,55,97,59,87,ATP-2025-0421-279,2025-0421,3,0.3401800749972462,0.3903066990793371,0.3913452023259152,0.396832220859601
atp:144895,atp:202385,2025-07-27,2025,2025,hard,Canada Masters,R128,6-2 6-1,37,26,53,21,87,ATP-2025-0421-280,2025-0421,3,0.30398442096974826,0.3672653261394362,0.3653393666798303,0.3682024159914603
atp:207352,atp:200240,2025-07-27,2025,2025,hard,Canada Masters,R128,7-6(4) 6-2,68,45,75,40,87,ATP-2025-0421-281,2025-0421,3,0.6819039574157503,0.625678863053313,0.6244212325548367,0.62600920170904
atp:200384,atp:208233,2025-07-27,2025,2025,hard,Canada Masters,R128,3-6 6-4 2-0 RET,81,46,67,38,87,ATP-2025-0421-282,2025-0421,3,0.28749321393004884,0.35843992402330943,0.35318687312721686,0.3527730975239688
atp:105173,atp:106218,2025-07-27,2025,2025,hard,Canada Masters,R128,6-4 6-4,49,37,68,40,87,ATP-2025-0421-283,2025-0421,3,0.3105687014538477,0.3746770879866126,0.37013416770921914,0.375408288948167
atp:210319,atp:106415,2025-07-27,2025,2025,hard,Canada Masters,R128,7-6(1) 6-2,63,47,78,46,87,ATP-2025-0421-284,2025-0421,3,0.29061689198098295,0.3592388701589382,0.3555052707929296,0.3604766606126541
atp:206681,atp:106198,2025-07-27,2025,2025,hard,Canada Masters,R128,6-2 6-2,40,33,53,28,87,ATP-2025-0421-285,2025-0421,3,0.9176046996776838,0.8156683858473863,0.8329701856912425,0.8198684717921854
atp:200008,atp:126239,2025-07-27,2025,2025,hard,Canada Masters,R128,7-6(2) 6-3,69,50,67,40,87,ATP-2025-0421-286,2025-0421,3,0.42192811393869656,0.4425630804664493,0.4477146281614847,0.4376353629272715
atp:207681,atp:106000,2025-07-27,2025,2025,hard,Canada Masters,R128,6-3 7-5,55,38,62,34,87,ATP-2025-0421-287,2025-0421,3,0.5178485017934998,0.5092904394838723,0.5119018105986569,0.5137540515141538
atp:106331,atp:202358,2025-07-27,2025,2025,hard,Canada Masters,R128,6-1 6-2,51,33,63,28,87,ATP-2025-0421-288,2025-0421,3,0.6358394917291194,0.5908675639908947,0.5918377167581198,0.5916589287335526
atp:126846,atp:124079,2025-07-27,2025,2025,hard,Canada Masters,R128,7-5 6-3,66,40,76,39,87,ATP-2025-0421-289,2025-0421,3,0.6317922983084608,0.5856093014276512,0.589026476529357,0.5832011648164842
atp:133297,atp:127157,2025-07-27,2025,2025,hard,Canada Masters,R128,3-6 6-1 6-4,69,48,77,46,87,ATP-2025-0421-290,2025-0421,3,0.7669866736150347,0.686438103362293,0.6887429843403299,0.6850122592897996
atp:126128,atp:200259,2025-07-27,2025,2025,hard,Canada Masters,R128,4-6 6-2 7-6(9),95,66,102,64,87,ATP-2025-0421-291,2025-0421,3,0.7459475207698556,0.6743011940132464,0.6721832563265179,0.6775423204345166
atp:105487,atp:105577,2025-07-27,2025,2025,hard,Canada Masters,R128,6-2 3-6 6-3,68,46,79,44,87,ATP-2025-0421-292,2025-0421,3,0.30662096577425546,0.3661118255786139,0.36726307916337964,0.3642125239540377
atp:207182,atp:200267,2025-07-27,2025,2025,hard,Canada Masters,R128,6-1 7-6(4),58,45,70,41,87,ATP-2025-0421-293,2025-0421,3,0.24973632324817124,0.32253370938118053,0.3244608919556116,0.3287259850188854
atp:126663,atp:207985,2025-07-27,2025,2025,hard,Canada Masters,R128,6-2 6-3,38,32,64,35,87,ATP-2025-0421-294,2025-0421,3,0.30414821754207494,0.3575821954356697,0.3654590257402659,0.3573564947891061
atp:124187,atp:124116,2025-07-27,2025,2025,hard,Canada Masters,R128,7-6(6) 7-5,89,62,80,55,87,ATP-2025-0421-295,2025-0421,3,0.3933430949236419,0.429308105289102,0.4282844247167841,0.425980451196438
atp:210530,atp:212256,2025-07-27,2025,2025,hard,Canada Masters,R128,6-4 7-5,68,47,69,40,87,ATP-2025-0421-296,2025-0421,3,0.3780663645544089,0.4133999811786387,0.41779239939653234,0.4172095205926854
atp:144642,atp:104792,2025-07-27,2025,2025,hard,Canada Masters,R128,6-4 4-6 7-6(3),122,76,97,62,87,ATP-2025-0421-297,2025-0421,3,0.035621969223837445,0.11681922385512898,0.09983907885936592,0.1172499275673371
atp:105902,atp:209992,2025-07-27,2025,2025,hard,Canada Masters,R128,6-3 7-6(3),66,46,61,35,87,ATP-2025-0421-298,2025-0421,3,0.3035273193649156,0.36398520377766685,0.36500533395171747,0.359757075810709
atp:208659,atp:208278,2025-07-27,2025,2025,hard,Canada Masters,R128,6-4 6-2,50,37,55,31,87,ATP-2025-0421-299,2025-0421,3,0.556963888364259,0.5414816390249736,0.5380677091005786,0.540787069880863
atp:200175,atp:111460,2025-07-27,2025,2025,hard,Canada Masters,R128,4-6 6-4 7-5,117,75,95,62,87,ATP-2025-0421-300,2025-0421,3,0.5934969463007825,0.5605415765986672,0.5627409906214366,0.564719650277905
atp:212531,atp:208316,2025-07-27,2025,2025,hard,Canada Masters,R128,6-3 7-6(4),87,51,64,35,87,ATP-2025-0421-301,2025-0421,3,0.32781322670012925,0.37539578027102893,0.3825524993516472,0.3762907715560516
atp:207494,atp:210696,2025-07-27,2025,2025,hard,Canada Masters,R128,6-4 6-2,60,40,50,31,87,ATP-2025-0421-302,2025-0421,3,0.4173123104998135,0.4418419959578713,0.44459241104805625,0.440062348450742
atp:144719,atp:202297,2025-07-27,2025,2025,hard,Canada Masters,R128,6-3 6-0,34,28,53,24,87,ATP-2025-0421-303,2025-0421,3,0.8728178369452141,0.7812822782528939,0.78314194899145,0.7831899221865031
atp:144869,atp:105732,2025-07-27,2025,2025,hard,Canada Masters,R128,6-4 4-6 7-5,86,60,94,59,87,ATP-2025-0421-304,2025-0421,3,0.6139145264683145,0.5766093840763911,0.5766894788655572,0.5714522859351381
atp:209262,atp:211663,2025-07-27,2025,2025,hard,Canada Masters,R128,7-6(5) 6-4,64,50,76,51,87,ATP-2025-0421-305,2025-0421,3,0.17182230322856928,0.26245982418065633,0.25951107850623967,0.2623464089619671
atp:200443,atp:126127,2025-07-27,2025,2025,hard,Canada Masters,R128,4-6 6-0 6-3,94,62,81,45,87,ATP-2025-0421-306,2025-0421,3,0.2385106286400083,0.3225052380307152,0.3156342852429584,0.3205778518941828
atp:126203,atp:208103,2025-07-27,2025,2025,hard,Canada Masters,R16,7-6(4) 6-7(5) 7-6(5),133,96,125,91,87,ATP-2025-0421-355,2025-0421,3,0.7566450351481041,0.6772392096704818,0.6805387390258029,0.6705539328330513
atp:126094,atp:200221,2025-07-27,2025,2025,hard,Canada Masters,R16,6-7(3) 7-6(2) 3-0 RET,90,69,107,69,87,ATP-2025-0421-356,2025-0421,3,0.6794618744089639,0.6180190055596848,0.6226629634555928,0.6180550879170115
atp:210097,atp:207925,2025-07-27,2025,2025,hard,Canada Masters,R16,6-4 4-6 7-6(1),112,70,101,63,87,ATP-2025-0421-357,2025-0421,3,0.7906889047097189,0.6991741746618476,0.7080754556854973,0.6988477600187953
atp:200282,atp:126207,2025-07-27,2025,2025,hard,Canada Masters,R16,6-2 4-6 6-4,92,56,90,52,87,ATP-2025-0421-358,2025-0421,3,0.8098636798374276,0.7141018124545697,0.7243380881871965,0.7129781618270385
atp:111575,atp:134770,2025-07-27,2025,2025,hard,Canada Masters,R16,6-4 7-5,54,42,72,43,87,ATP-2025-0421-359,2025-0421,3,0.6812802927865925,0.6212779248492011,0.6239718319108949,0.62018332487664
atp:210506,atp:210530,2025-07-27,2025,2025,hard,Canada Masters,R16,6-3 6-3,65,42,66,35,87,ATP-2025-0421-360,2025-0421,3,0.595465668789877,0.5616174849899949,0.564080182332539,0.5623162818743076
atp:200615,atp:208029,2025-07-27,2025,2025,hard,Canada Masters,R16,4-6 6-2 6-3,77,57,97,58,87,ATP-2025-0421-361,2025-0421,3,0.39917027082652773,0.4316113789286743,0.4322650637416063,0.4395686100697702
atp:100644,atp:202103,2025-07-27,2025,2025,hard,Canada Masters,R16,6-4 1-0 RET,29,19,35,17,87,ATP-2025-0421-362,2025-0421,3,0.8205026393087517,0.7197569650617606,0.7336402763549013,0.722771736006056
atp:126203,atp:209113,2025-07-27,2025,2025,hard,Canada Masters,R32,6-4 6-2,48,38,63,35,87,ATP-2025-0421-339,2025-0421,3,0.8203467751794228,0.7268197104459824,0.7335024307568258,0.7217158655937472
atp:208103,atp:209950,2025-07-27,2025,2025,hard,Canada Masters,R32,3-6 6-3 6-4,88,59,76,54,87,ATP-2025-0421-340,2025-0421,3,0.396230510042639,0.42843261846349223,0.4302582531525349,0.4310917009926075
atp:200221,atp:210150,2025-07-27,2025,2025,hard,Canada Masters,R32,6-2 6-4,48,34,57,29,87,ATP-2025-0421-341,2025-0421,3,0.37121306782767177,0.416290085943131,0.4130565014903341,0.4157936187949095
atp:126094,atp:132283,2025-07-27,2025,2025,hard,Canada Masters,R32,5-7 6-4 6-3,86,60,110,67,87,ATP-2025-0421-342,2025-0421,3,0.8011024498000658,0.7097211974358889,0.7168316290218129,0.7109384784613397
atp:210097,atp:206909,2025-07-27,2025,2025,hard,Canada Masters,R32,6-7(8) 6-2 7-6(5),111,76,104,70,87,ATP-2025-0421-343,2025-0421,3,0.5808692752967748,0.5548685711241275,0.5541769492018437,0.5548114677752184
atp:207925,atp:206681,2025-07-27,2025,2025,hard,Canada Masters,R32,6-2 4-6 6-3,84,55,99,55,87,ATP-2025-0421-344,2025-0421,3,0.356677567865035,0.4059707644024595,0.4029449830917442,0.4050862337866224
atp:126207,atp:126846,2025-07-27,2025,2025,hard,Canada Masters,R32,6-3 4-6 6-3,83,56,100,61,87,ATP-2025-0421-346,2025-0421,3,0.8024383477860766,0.7122506050800996,0.7179676811361205,0.7097947122496381
atp:134770,atp:132686,2025-07-27,2025,2025,hard,Canada Masters,R32,7-5 6-4,80,51,69,40,87,ATP-2025-0421-347,2025-0421,3,0.5224647244139587,0.5118731922344435,0.5149820863045952,0.5185035202925066
atp:111575,atp:207182,2025-07-27,2025,2025,hard,Canada Masters,R32,6-7(6) 6-4 6-1,82,58,103,60,87,ATP-2025-0421-348,2025-0421,3,0.9396626860383703,0.843633601182139,0.8618070091500812,0.8400889291489604
atp:210530,atp:124187,2025-07-27,2025,2025,hard,Canada Masters,R32,7-6(3) 6-3,82,58,57,42,87,ATP-2025-0421-349,2025-0421,3,0.49008565615791644,0.4953174695193,0.49338995611295783,0.49299042714905
atp:210506,atp:207518,2025-07-27,2025,2025,hard,Canada Masters,R32,3-6 7-6(4) 6-4,109,71,99,67,87,ATP-2025-0421-350,2025-0421,3,0.3097576463603217,0.3676191344404599,0.3695452058547599,0.3751398827021611
atp:208029,atp:124186,2025-07-27,2025,2025,hard,Canada Masters,R32,6-2 6-4,49,37,46,29,87,ATP-2025-0421-351,2025-0421,3,0.785052033686182,0.6948604690859961,0.7034058531543673,0.6936339577684064
atp:200615,atp:106421,2025-07-27,2025,2025,hard,Canada Masters,R32,5-7 6-4 6-4,103,69,110,69,87,ATP-2025-0421-352,2025-0421,3,0.21433795053568883,0.304987101602907,0.2960910848184203,0.3051242660011849
atp:202103,atp:144869,2025-07-27,2025,2025,hard,Canada Masters,R32,6-3 6-4,71,45,64,37,87,ATP-2025-0421-353,2025-0421,3,0.666911558175594,0.6069223643792221,0.6136860103196505,0.6121018520659245
atp:100644,atp:208286,2025-07-27,2025,2025,hard,Canada Masters,R32,6-7(5) 6-3 6-2,106,74,104,62,87,ATP-2025-0421-354,2025-0421,3,0.8873224355777166,0.7805089443680466,0.7983132640947844,0.7803608709518983
atp:126203,atp:106148,2025-07-27,2025,2025,hard,Canada Masters,R64,7-5 7-6(1),78,53,88,51,87,ATP-2025-0421-307,2025-0421,3,0.9174181169341815,0.8115165043016956,0.8327413961798175,0.812098138760178
atp:209113,atp:209263,2025-07-27,2025,2025,hard,Canada Masters,R64,6-3 7-6(5),65,47,91,54,87,ATP-2025-0421-308,2025-0421,3,0.5381180426039284,0.5251621644206703,0.5254394463310588,0.5243488420070445
atp:208103,atp:111456,2025-07-27,2025,2025,hard,Canada Masters,R64,7-6(2) 6-4,66,48,71,44,87,ATP-2025-0421-309,2025-0421,3,0.6680464697933559,0.6142032776186798,0.6144938634016479,0.6146387599732202
atp:209950,atp:105807,2025-07-27,2025,2025,hard,Canada Masters,R64,6-3 6-4,68,45,63,37,87,ATP-2025-0421-310,2025-0421,3,0.7654841138677696,0.6793395546452061,0.6875428370134324,0.6811176019983918
atp:210150,atp:207729,2025-07-27,2025,2025,hard,Canada Masters,R64,6-4 6-4,63,46,64,40,87,ATP-2025-0421-311,2025-0421,3,0.910880928923411,0.8128252676353399,0.8248596918893,0.8131105578432966
atp:200221,atp:144895,2025-07-27,2025,2025,hard,Canada Masters,R64,6-4 6-3,63,37,53,26,87,ATP-2025-0421-312,2025-0421,3,0.6849128882804255,0.6222397825594987,0.6265930264922731,0.6270716048932616
atp:132283,atp:207352,2025-07-27,2025,2025,hard,Canada Masters,R64,6-1 6-4,53,37,42,22,87,ATP-2025-0421-313,2025-0421,3,0.48192091036781204,0.49077736089034485,0.48794435383642587,0.4872432809125802
atp:126094,atp:200384,2025-07-27,2025,2025,hard,Canada Masters,R64,6-2 6-3,64,40,54,27,87,ATP-2025-0421-314,2025-0421,3,0.9494250929581562,0.8458904531009884,0.8759836550069872,0.8482062725206185
atp:210097,atp:105173,2025-07-27,2025,2025,hard,Canada Masters,R64,6-2 6-3,50,40,48,29,87,ATP-2025-0421-315,2025-0421,3,0.8031091927042795,0.7100227074293446,0.7185393039373973,0.7106039419647312
atp:206909,atp:210319,2025-07-27,2025,2025,hard,Canada Masters,R64,7-6(6) 6-4,70,52,92,60,87,ATP-2025-0421-316,2025-0421,3,0.8829126544910249,0.7765646580358694,0.7936175580541907,0.7821168961803406
atp:206681,atp:200000,2025-07-27,2025,2025,hard,Canada Masters,R64,6-4 6-4,64,41,59,33,87,ATP-2025-0421-317,2025-0421,3,0.29992934761321555,0.3678011095710264,0.3623706561776276,0.3660568198867506
atp:207925,atp:200008,2025-07-27,2025,2025,hard,Canada Masters,R64,6-4 5-7 6-4,110,65,88,55,87,ATP-2025-0421-318,2025-0421,3,0.5349182590882183,0.5267664228001361,0.5232999076468443,0.5273503008112077
atp:200282,atp:207681,2025-07-27,2025,2025,hard,Canada Masters,R64,6-4 6-2,53,39,58,31,87,ATP-2025-0421-319,2025-0421,3,0.9505211019897901,0.8522974750107633,0.8776443409533871,0.8556930128557865
atp:106331,atp:126774,2025-07-27,2025,2025,hard,Canada Masters,R64,6-4 4-6 6-2,93,58,76,45,87,ATP-2025-0421-320,2025-0421,3,0.22685914461489107,0.313200704440494,0.30631132252629456,0.3154620956197039
atp:126846,atp:111815,2025-07-27,2025,2025,hard,Canada Masters,R64,6-3 6-7(2) 6-3,87,68,94,64,87,ATP-2025-0421-321,2025-0421,3,0.2289247061534346,0.3128907937236505,0.30797675277461517,0.3111813965126744
atp:126207,atp:133297,2025-07-27,2025,2025,hard,Canada Masters,R64,1-6 7-5 7-6(5),94,65,95,70,87,ATP-2025-0421-322,2025-0421,3,0.5744688687656884,0.5505698020972171,0.5498517851424665,0.5518242624162688
atp:134770,atp:126128,2025-07-27,2025,2025,hard,Canada Masters,R64,6-3 6-3,61,39,49,27,87,ATP-2025-0421-323,2025-0421,3,0.5566633344578428,0.5404158906039596,0.5378658894140924,0.541380216504423
atp:132686,atp:105487,2025-07-27,2025,2025,hard,Canada Masters,R64,5-7 7-6(3) 6-2,111,77,134,83,87,ATP-2025-0421-324,2025-0421,3,0.8114535017349616,0.7225866837329065,0.7257147264462276,0.7202887395125733
atp:207182,atp:209279,2025-07-27,2025,2025,hard,Canada Masters,R64,6-2 7-5,62,43,66,39,87,ATP-2025-0421-325,2025-0421,3,0.36040597355838994,0.4035322513504491,0.4055477685225014,0.4070449347096173
atp:111575,atp:126663,2025-07-27,2025,2025,hard,Canada Masters,R64,6-4 6-2,65,43,59,30,87,ATP-2025-0421-326,2025-0421,3,0.8587016765841106,0.7742852295035292,0.7690637375260758,0.7737332732291939
atp:124187,atp:207830,2025-07-27,2025,2025,hard,Canada Masters,R64,7-6(5) 6-7(5) 6-3,107,80,106,75,87,ATP-2025-0421-327,2025-0421,3,0.257919603873588,0.3351087186288904,0.33080647064886354,0.3316667379641704
atp:210530,atp:133430,2025-07-27,2025,2025,hard,Canada Masters,R64,7-6(4) 7-5,72,47,75,45,87,ATP-2025-0421-328,2025-0421,3,0.3204156232445946,0.38076014607454023,0.3772489286747259,0.3809739218715826
atp:210506,atp:144642,2025-07-27,2025,2025,hard,Canada Masters,R64,7-6(7) 6-3,70,44,89,49,87,ATP-2025-0421-329,2025-0421,3,0.9182722407838997,0.8236616010144704,0.8337905456966759,0.8237696365640926
atp:207518,atp:105902,2025-07-27,2025,2025,hard,Canada Masters,R64,7-5 6-1,55,41,61,35,87,ATP-2025-0421-330,2025-0421,3,0.8549208008046014,0.7526816393403538,0.7653945034405149,0.7533047974604361
atp:208029,atp:208659,2025-07-27,2025,2025,hard,Canada Masters,R64,7-6(7) 6-3,59,51,58,44,87,ATP-2025-0421-331,2025-0421,3,0.7849006911543323,0.7035428081954145,0.7032811296468279,0.7007387400938891
atp:124186,atp:200175,2025-07-27,2025,2025,hard,Canada Masters,R64,2-6 6-3 7-5,100,60,72,47,87,ATP-2025-0421-332,2025-0421,3,0.3539531750173119,0.4044559894006303,0.401038897006223,0.4035294198081575
atp:200615,atp:212531,2025-07-27,2025,2025,hard,Canada Masters,R64,7-6(7) 6-3,72,55,67,47,87,ATP-2025-0421-333,2025-0421,3,0.8499612626978308,0.760638245019956,0.7606412176161098,0.7584442164159926
atp:106421,atp:207494,2025-07-27,2025,2025,hard,Canada Masters,R64,7-6(3) 6-4,67,41,82,43,87,ATP-2025-0421-334,2025-0421,3,0.9656587557995918,0.882631025748438,0.9024113227860715,0.8851926285316527
atp:202103,atp:144719,2025-07-27,2025,2025,hard,Canada Masters,R64,7-6(4) 4-6 6-4,118,76,105,65,87,ATP-2025-0421-335,2025-0421,3,0.5327777767285584,0.5219732643178954,0.5218692733391637,0.5236159925472919
atp:144869,atp:134868,2025-07-27,2025,2025,hard,Canada Masters,R64,6-4 7-6(4),78,51,82,47,87,ATP-2025-0421-336,2025-0421,3,0.3771969137931406,0.41864117889840124,0.41719262469615637,0.416481150315852
atp:208286,atp:209262,2025-07-27,2025,2025,hard,Canada Masters,R64,6-3 3-6 6-3,96,62,84,53,87,ATP-2025-0421-337,2025-0421,3,0.6063467871354764,0.5722152000981013,0.5715034462644448,0.569680454550493
atp:100644,atp:200443,2025-07-27,2025,2025,hard,Canada Masters,R64,7-6(6) 6-4,61,48,81,52,87,ATP-2025-0421-338,2025-0421,3,0.9568162065705054,0.8634096290710324,0.8874975437559485,0.8619048818840878
atp:210097,atp:126203,2025-07-27,2025,2025,hard,Canada Masters,SF,6-4 6-3,51,38,61,35,87,ATP-2025-0421-367,2025-0421,3,0.307635795377937,0.36939617049946594,0.3680021955656511,0.3705434791692006
atp:111575,atp:100644,2025-07-27,2025,2025,hard,Canada Masters,SF,6-3 4-6 7-6(4),105,68,102,65,87,ATP-2025-0421-368,2025-0421,3,0.2870855263352081,0.35436058434551065,0.352883691982916,0.3582861803501821
atp:207989,atp:206173,2025-08-07,2025,2025,hard,Cincinnati Masters,F,5-0 RET,13,9,16,4,87,ATP-2025-0422-369,2025-0422,3,0.28304762411169576,0.3572241477287194,0.34987330251207766,0.3578332593303829
atp:207989,atp:126094,2025-08-07,2025,2025,hard,Cincinnati Masters,QF,6-3 4-6 7-5,86,57,95,60,87,ATP-2025-0422-363,2025-0422,3,0.8115248254423921,0.715390120990955,0.725776593803448,0.7119510773751945
atp:100644,atp:210097,2025-08-07,2025,2025,hard,Cincinnati Masters,QF,6-2 6-2,49,35,58,30,87,ATP-2025-0422-364,2025-0422,3,0.7309645672604148,0.6612558570205034,0.660684918049541,0.6545867622246024
atp:209279,atp:208029,2025-08-07,2025,2025,hard,Cincinnati Masters,QF,6-2 6-3,53,36,57,30,87,ATP-2025-0422-365,2025-0422,3,0.14889234002958168,0.24547149805873347,0.2382659321503448,0.2485522953620448
atp:206173,atp:200000,2025-08-07,2025,2025,hard,Cincinnati Masters,QF,6-0 6-2,39,28,45,16,87,ATP-2025-0422-366,2025-0422,3,0.9409435616162715,0.8425041274666649,0.8636088470661862,0.8406292469114626
atp:106000,atp:208233,2025-08-07,2025,2025,hard,Cincinnati Masters,R128,7-6(7) 7-6(5),102,63,100,57,87,ATP-2025-0422-275,2025-0422,3,0.4089809738570173,0.43846973624190505,0.4389429732486089,0.4409724922364716
atp:209098,atp:206499,2025-08-07,2025,2025,hard,Cincinnati Masters,R128,6-2 6-3,35,32,54,29,87,ATP-2025-0422-276,2025-0422,3,0.7445415187756534,0.6700278542917022,0.6710944252924177,0.6701830734085099
atp:208134,atp:202058,2025-08-07,2025,2025,hard,Cincinnati Masters,R128,6-4 7-6(5),72,47,75,43,87,ATP-2025-0422-277,2025-0422,3,0.36272323538775253,0.41042783679671424,0.4071621793834385,0.4090530568359742
atp:210319,atp:200175,2025-08-07,2025,2025,hard,Cincinnati Masters,R128,7-6(5) 6-4,65,45,75,46,87,ATP-2025-0422-278,2025-0422,3,0.17457559336710834,0.26853588945132956,0.26198184331926766,0.2675508246415354
atp:210530,atp:209857,2025-08-07,2025,2025,hard,Cincinnati Masters,R128,6-3 6-4,67,47,52,35,87,ATP-2025-0422-279,2025-0422,3,0.7572954635113849,0.6845525227230407,0.6810509586872668,0.6852359258447709
atp:212021,atp:200516,2025-08-07,2025,2025,hard,Cincinnati Masters,R128,3-6 6-3 6-2,82,57,90,53,87,ATP-2025-0422-280,2025-0422,3,0.24739390730043523,0.31391666680249103,0.32263103500996465,0.3140264202611207
atp:207681,atp:144719,2025-08-07,2025,2025,hard,Cincinnati Masters,R128,6-4 6-4,68,44,56,35,87,ATP-2025-0422-281,2025-0422,3,0.23947331290614415,0.32219317155835125,0.3163970227906487,0.3228175456527261
atp:124187,atp:106198,2025-08-07,2025,2025,hard,Cincinnati Masters,R128,7-5 7-6(3),72,56,74,50,87,ATP-2025-0422-282,2025-0422,3,0.8306194825411909,0.7372963143557343,0.7426936055106426,0.7419888948403583
atp:210460,atp:126846,2025-08-07,2025,2025,hard,Cincinnati Masters,R128,7-6(5) 7-5,74,49,82,50,87,ATP-2025-0422-283,2025-0422,3,0.4942792867976167,0.49762789484830483,0.4961860987393445,0.4972442398981147
atp:210696,atp:106218,2025-08-07,2025,2025,hard,Cincinnati Masters,R128,6-2 3-6 6-3,72,52,82,50,87,ATP-2025-0422-284,2025-0422,3,0.23617210704802796,0.3121812625566658,0.3137767805892372,0.3150537738151722
atp:202385,atp:124186,2025-08-07,2025,2025,hard,Cincinnati Masters,R128,7-6(2) 5-7 6-1,111,71,95,57,87,ATP-2025-0422-285,2025-0422,3,0.7602371090149707,0.6765024422096519,0.6833737617739681,0.6747094521951557
atp:208316,atp:124116,2025-08-07,2025,2025,hard,Cincinnati Masters,R128,5-7 6-3 6-3,81,60,90,59,87,ATP-2025-0422-286,2025-0422,3,0.33187092244039457,0.38438221129648653,0.3854473051769117,0.3750000653214553
atp:200443,atp:208363,2025-08-07,2025,2025,hard,Cincinnati Masters,R128,4-6 7-6(3) 6-1,96,62,106,59,87,ATP-2025-0422-287,2025-0422,3,0.3734721546897389,0.4162295164660168,0.41461973893955545,0.415284268338668
atp:207729,atp:200587,2025-08-07,2025,2025,hard,Cincinnati Masters,R128,6-3 7-6(3),70,48,80,48,87,ATP-2025-0422-288,2025-0422,3,0.5820125258421677,0.5577288750663387,0.5549505643223211,0.5565970434485872
atp:105138,atp:127157,2025-08-07,2025,2025,hard,Cincinnati Masters,R128,7-6(5) 7-6(1),76,53,87,55,87,ATP-2025-0422-289,2025-0422,3,0.76792768998024,0.6842842600038521,0.6894960574564347,0.6847805984227124
atp:200116,atp:105453,2025-08-07,2025,2025,hard,Cincinnati Masters,R128,7-5 6-3,67,45,73,41,87,ATP-2025-0422-290,2025-0422,3,0.25152216797651783,0.3312996863684847,0.3258518701081171,0.3311985922564374
atp:126128,atp:126214,2025-08-07,2025,2025,hard,Cincinnati Masters,R128,6-3 6-3,47,37,50,32,87,ATP-2025-0422-291,2025-0422,3,0.6502538926445429,0.599081783063193,0.601911705071213,0.6015746723980848
atp:144895,atp:111456,2025-08-07,2025,2025,hard,Cincinnati Masters,R128,7-5 6-3,70,45,52,31,87,ATP-2025-0422-292,2025-0422,3,0.4735507574267507,0.4843341214658929,0.48235802357258717,0.4787904030324584
atp:209409,atp:208659,2025-08-07,2025,2025,hard,Cincinnati Masters,R128,6-3 6-2,46,36,42,26,87,ATP-2025-0422-293,2025-0422,3,0.4003187647750537,0.4280660042978106,0.4330483279804598,0.4289863111758429
atp:106148,atp:200384,2025-08-07,2025,2025,hard,Cincinnati Masters,R128,6-4 5-7 6-3,100,65,79,50,87,ATP-2025-0422-294,2025-0422,3,0.7272309703981222,0.6513634253882585,0.6578540788323293,0.6526064686965289
atp:209279,atp:106415,2025-08-07,2025,2025,hard,Cincinnati Masters,R128,6-2 6-2,44,31,81,38,87,ATP-2025-0422-295,2025-0422,3,0.39869821886722573,0.4327790758663257,0.4319430070184636,0.4346525451434641
atp:211663,atp:207352,2025-08-07,2025,2025,hard,Cincinnati Masters,R128,4-6 6-2 7-5,86,59,93,54,87,ATP-2025-0422-296,2025-0422,3,0.7811321396082987,0.6935718677901122,0.7001860784252794,0.698143711696321
atp:200267,atp:207985,2025-08-07,2025,2025,hard,Cincinnati Masters,R128,6-1 6-4,56,37,51,26,87,ATP-2025-0422-297,2025-0422,3,0.3842902420835718,0.42298125164904865,0.42207728385079724,0.4241920338476637
atp:207182,atp:106432,2025-08-07,2025,2025,hard,Cincinnati Masters,R128,6-3 7-5,54,44,72,43,87,ATP-2025-0422-298,2025-0422,3,0.326138065917796,0.3797458715307625,0.38135451501278517,0.38583748814676
atp:126127,atp:208286,2025-08-07,2025,2025,hard,Cincinnati Masters,R128,6-7(1) 6-3 6-4,128,84,95,63,87,ATP-2025-0422-299,2025-0422,3,0.5576180440812611,0.5383909567369992,0.538507023539499,0.5403526022221972
atp:206681,atp:212256,2025-08-07,2025,2025,hard,Cincinnati Masters,R128,6-1 4-6 6-4,94,62,95,57,87,ATP-2025-0422-300,2025-0422,3,0.5027817710965956,0.5014214012638913,0.50185452469468,0.503606119974618
atp:144869,atp:209992,2025-08-07,2025,2025,hard,Cincinnati Masters,R128,6-7(5) 7-6(4) 6-4,120,79,114,74,87,ATP-2025-0422-301,2025-0422,3,0.5033532703744382,0.5010052894441615,0.5022355322033558,0.5020969625547194
atp:126239,atp:132686,2025-08-07,2025,2025,hard,Cincinnati Masters,R128,6-3 6-3,55,40,58,36,87,ATP-2025-0422-302,2025-0422,3,0.3906123855294279,0.4252573676197643,0.42641513313377427,0.4274714101825763
atp:124079,atp:111797,2025-08-07,2025,2025,hard,Cincinnati Masters,R128,1-6 6-4 6-3,94,55,73,48,87,ATP-2025-0422-303,2025-0422,3,0.2641053891617667,0.33841522128213447,0.33555658310157754,0.3406911975661811
atp:105173,atp:111442,2025-08-07,2025,2025,hard,Cincinnati Masters,R128,6-2 6-2,45,34,68,34,87,ATP-2025-0422-304,2025-0422,3,0.3596454675348968,0.4066307899163651,0.40501739233025785,0.4038608160830752
atp:202104,atp:105676,2025-08-07,2025,2025,hard,Cincinnati Masters,R128,6-1 6-3,59,41,61,31,87,ATP-2025-0422-305,2025-0422,3,0.21926818763350125,0.3096188359589539,0.30014151306588366,0.3124795123293112
atp:123755,atp:200240,2025-08-07,2025,2025,hard,Cincinnati Masters,R128,6-2 6-4,64,39,67,32,87,ATP-2025-0422-306,2025-0422,3,0.3605339200129367,0.4053356203665538,0.4056369718655445,0.4048975051107729
atp:207989,atp:208134,2025-08-07,2025,2025,hard,Cincinnati Masters,R16,6-1 6-4,46,34,66,35,87,ATP-2025-0422-355,2025-0422,3,0.9908419582694741,0.9280575369620181,0.9578160171826945,0.9285163153644048
atp:126094,atp:207681,2025-08-07,2025,2025,hard,Cincinnati Masters,R16,6-2 6-3,47,32,52,25,87,ATP-2025-0422-356,2025-0422,3,0.87534727807685,0.7763523085532251,0.7857327577713408,0.773445159329232
atp:100644,atp:111575,2025-08-07,2025,2025,hard,Cincinnati Masters,R16,7-5 3-0 RET,34,24,54,27,87,ATP-2025-0422-357,2025-0422,3,0.7107006132384681,0.6429456682304638,0.6454716053733847,0.642892050102511
atp:210097,atp:208103,2025-08-07,2025,2025,hard,Cincinnati Masters,R16,6-4 6-4,51,38,63,37,87,ATP-2025-0422-358,2025-0422,3,0.5647158636263084,0.5423060550966452,0.5432787113562632,0.5398331329248645
atp:208029,atp:126207,2025-08-07,2025,2025,hard,Cincinnati Masters,R16,6-4 3-1 RET,40,28,48,24,87,ATP-2025-0422-359,2025-0422,3,0.5372342281697897,0.5256357286714068,0.5248483705440491,0.5232277083687824
atp:209279,atp:126203,2025-08-07,2025,2025,hard,Cincinnati Masters,R16,3-6 7-5 6-3,83,57,92,60,87,ATP-2025-0422-360,2025-0422,3,0.052302712899508115,0.1446591379572304,0.12660403998605457,0.1472680908459097
atp:200000,atp:126127,2025-08-07,2025,2025,hard,Cincinnati Masters,R16,6-4 6-3,51,38,48,27,87,ATP-2025-0422-361,2025-0422,3,0.6690823522161474,0.6138972945090502,0.6152318876456807,0.6132933801337783
atp:206173,atp:105173,2025-08-07,2025,2025,hard,Cincinnati Masters,R16,6-4 7-6(4),62,48,83,52,87,ATP-2025-0422-362,2025-0422,3,0.9942720567246853,0.9435962053534931,0.9688643021433128,0.942846361763184
atp:207989,atp:209098,2025-08-07,2025,2025,hard,Cincinnati Masters,R32,6-4 6-4,57,41,79,46,87,ATP-2025-0422-339,2025-0422,3,0.9009631785618608,0.7943784461622243,0.8133584204472554,0.7964624083893281
atp:208134,atp:210150,2025-08-07,2025,2025,hard,Cincinnati Masters,R32,6-2 2-1 RET,31,23,32,16,87,ATP-2025-0422-340,2025-0422,3,0.09623439942123377,0.19988711121504166,0.18344359238919028,0.2013299708944649
atp:126094,atp:200615,2025-08-07,2025,2025,hard,Cincinnati Masters,R32,6-7(5) 7-6(5) 7-5,124,87,127,82,87,ATP-2025-0422-341,2025-0422,3,0.709009040551586,0.6427101961988935,0.6442176312105921,0.6455523284200266
atp:207681,atp:124187,2025-08-07,2025,2025,hard,Cincinnati Masters,R32,6-7(4) 6-4 7-5,103,70,123,76,87,ATP-2025-0422-342,2025-0422,3,0.4283067349003423,0.4519470812127589,0.4520209175458403,0.4516125703732219
atp:100644,atp:206909,2025-08-07,2025,2025,hard,Cincinnati Masters,R32,6-4 6-4,61,43,59,37,87,ATP-2025-0422-343,2025-0422,3,0.803820657617482,0.7131553700049571,0.7191463736911248,0.7111073513015083
atp:111575,atp:202385,2025-08-07,2025,2025,hard,Cincinnati Masters,R32,6-3 6-3,58,39,52,28,87,ATP-2025-0422-344,2025-0422,3,0.632804503253104,0.5888618183033906,0.5897288950479188,0.5874310595314682
atp:208103,atp:200443,2025-08-07,2025,2025,hard,Cincinnati Masters,R32,7-6(5) 7-6(3),71,55,81,55,87,ATP-2025-0422-345,2025-0422,3,0.8108561112911002,0.7163679396858309,0.725196904151413,0.7203184560657361
atp:210097,atp:105138,2025-08-07,2025,2025,hard,Cincinnati Masters,R32,7-6(3) 6-3,78,52,60,40,87,ATP-2025-0422-346,2025-0422,3,0.6598568524678596,0.6109934247081441,0.6086809229716951,0.6073158385893138
atp:208029,atp:210506,2025-08-07,2025,2025,hard,Cincinnati Masters,R32,7-6(4) 6-3,67,46,62,40,87,ATP-2025-0422-347,2025-0422,3,0.6890662585173982,0.6267577249254674,0.6296009019566989,0.6253014631807143
atp:126207,atp:200005,2025-08-07,2025,2025,hard,Cincinnati Masters,R32,6-4 6-4,59,39,66,38,87,ATP-2025-0422-348,2025-0422,3,0.45793482042144035,0.47353561283507173,0.47191967939614304,0.474696421711592
atp:209279,atp:211663,2025-08-07,2025,2025,hard,Cincinnati Masters,R32,6-3 6-4,60,42,64,37,87,ATP-2025-0422-349,2025-0422,3,0.09405922186643362,0.19290998932809017,0.18093391901953765,0.1935158750982444
atp:126203,atp:132283,2025-08-07,2025,2025,hard,Cincinnati Masters,R32,7-6(4) 7-5,66,53,83,56,87,ATP-2025-0422-350,2025-0422,3,0.8678172286803743,0.7669418764701841,0.7780831017681494,0.7672427155776564
atp:126127,atp:126774,2025-08-07,2025,2025,hard,Cincinnati Masters,R32,6-7(4) 6-3 6-4,103,70,108,68,87,ATP-2025-0422-351,2025-0422,3,0.4413246866538891,0.45784574277766166,0.4607827833883979,0.4615400670865814
atp:200000,atp:126239,2025-08-07,2025,2025,hard,Cincinnati Masters,R32,7-6(4) 4-2 RET,50,39,81,48,87,ATP-2025-0422-352,2025-0422,3,0.7571793561678528,0.6756143958135572,0.6809594865923734,0.6752048091107206
atp:105173,atp:126205,2025-08-07,2025,2025,hard,Cincinnati Masters,R32,5-7 6-3 6-4,108,70,95,62,87,ATP-2025-0422-353,2025-0422,3,0.1059130349777682,0.21522383515748345,0.1943289575505303,0.2106184201934259
atp:206173,atp:209113,2025-08-07,2025,2025,hard,Cincinnati Masters,R32,6-2 7-6(6),62,45,84,45,87,ATP-2025-0422-354,2025-0422,3,0.9757633940263475,0.8927794693659354,0.9215482005597596,0.8949714588021946
atp:207989,atp:106000,2025-08-07,2025,2025,hard,Cincinnati Masters,R64,6-1 2-6 6-3,73,45,83,45,87,ATP-2025-0422-307,2025-0422,3,0.987916691916044,0.9164636862082509,0.9495903910757331,0.9171350778434162
atp:209098,atp:134868,2025-08-07,2025,2025,hard,Cincinnati Masters,R64,6-4 7-6(3),72,53,72,47,87,ATP-2025-0422-308,2025-0422,3,0.5334309674863562,0.5248936955222443,0.5223057976529911,0.526209179249373
atp:208134,atp:133430,2025-08-07,2025,2025,hard,Cincinnati Masters,R64,6-7(5) 6-3 6-4,101,69,103,64,87,ATP-2025-0422-309,2025-0422,3,0.1882596399865227,0.2842579859987542,0.27403639148073144,0.2827745411726141
atp:210150,atp:210319,2025-08-07,2025,2025,hard,Cincinnati Masters,R64,6-4 6-2,58,40,50,29,87,ATP-2025-0422-310,2025-0422,3,0.9314116699861333,0.8286139826891301,0.8505666928358633,0.8329935442051781
atp:126094,atp:210530,2025-08-07,2025,2025,hard,Cincinnati Masters,R64,7-6(4) 6-3,67,49,74,44,87,ATP-2025-0422-311,2025-0422,3,0.8506226936264191,0.7432698454400024,0.7612713293178834,0.746640823566286
atp:200615,atp:212021,2025-08-07,2025,2025,hard,Cincinnati Masters,R64,7-6(3) 6-3,99,62,67,40,87,ATP-2025-0422-312,2025-0422,3,0.939031480412148,0.8498483615060435,0.8609250231877199,0.8449561332842099
atp:207681,atp:209260,2025-08-07,2025,2025,hard,Cincinnati Masters,R64,6-4 3-1 RET,33,28,43,24,87,ATP-2025-0422-313,2025-0422,3,0.6966396212209607,0.6325889592220153,0.6351166982990782,0.6286976699483289
atp:124187,atp:200282,2025-08-07,2025,2025,hard,Cincinnati Masters,R64,7-6(6) 6-4,76,55,69,49,87,ATP-2025-0422-314,2025-0422,3,0.0933059531342993,0.19399810931051248,0.18005905516800483,0.1955513123159896
atp:100644,atp:210460,2025-08-07,2025,2025,hard,Cincinnati Masters,R64,6-3 6-3,50,36,51,30,87,ATP-2025-0422-315,2025-0422,3,0.9535852641028614,0.8582238191127673,0.8823707475976073,0.861567452274997
atp:206909,atp:210696,2025-08-07,2025,2025,hard,Cincinnati Masters,R64,4-6 6-3 7-6(5),107,70,100,63,87,ATP-2025-0422-316,2025-0422,3,0.8067091032311876,0.716216925738267,0.7216199261382371,0.7205918378236578
atp:202385,atp:209070,2025-08-07,2025,2025,hard,Cincinnati Masters,R64,7-5 6-1,65,47,81,46,87,ATP-2025-0422-317,2025-0422,3,0.629861940016691,0.584857732290921,0.5876881301418955,0.5873183020312267
atp:111575,atp:208316,2025-08-07,2025,2025,hard,Cincinnati Masters,R64,6-4 7-6(6),63,43,92,53,87,ATP-2025-0422-318,2025-0422,3,0.8336874449704316,0.744658797248719,0.7454820687254505,0.7496975302523974
atp:200443,atp:106421,2025-08-07,2025,2025,hard,Cincinnati Masters,R64,6-7(0) 6-4 6-1,106,68,81,51,87,ATP-2025-0422-319,2025-0422,3,0.06294398946647788,0.16554279119341594,0.14181067324844002,0.1658139843160293
atp:208103,atp:207729,2025-08-07,2025,2025,hard,Cincinnati Masters,R64,4-6 6-1 6-4,71,54,77,49,87,ATP-2025-0422-320,2025-0422,3,0.8616990911928318,0.7678193350379783,0.7720018699943318,0.7649709063410461
atp:105138,atp:111815,2025-08-07,2025,2025,hard,Cincinnati Masters,R64,6-4 6-3,74,48,64,38,87,ATP-2025-0422-321,2025-0422,3,0.46133002043811866,0.4727309241647414,0.47419138530248583,0.4735237932971795
atp:210097,atp:200116,2025-08-07,2025,2025,hard,Cincinnati Masters,R64,6-3 3-1 RET,44,32,38,23,87,ATP-2025-0422-322,2025-0422,3,0.8921290671362596,0.794874420659982,0.8035213917549503,0.7892825002745316
atp:208029,atp:126128,2025-08-07,2025,2025,hard,Cincinnati Masters,R64,7-5 7-6(5),84,55,70,45,87,ATP-2025-0422-323,2025-0422,3,0.648869802006267,0.5995493349366092,0.6009400036084528,0.5955719019837151
atp:210506,atp:144895,2025-08-07,2025,2025,hard,Cincinnati Masters,R64,3-6 6-3 6-4,87,55,92,53,87,ATP-2025-0422-324,2025-0422,3,0.536483695063247,0.5209882619350412,0.524346498675054,0.5262069881958218
atp:200005,atp:209409,2025-08-07,2025,2025,hard,Cincinnati Masters,R64,6-3 6-4,57,42,45,32,87,ATP-2025-0422-325,2025-0422,3,0.8816525087209605,0.7787115152698485,0.7922895549666078,0.7796618967867868
atp:126207,atp:106148,2025-08-07,2025,2025,hard,Cincinnati Masters,R64,6-4 6-3,54,32,74,37,87,ATP-2025-0422-326,2025-0422,3,0.7395072930503197,0.66305544695238,0.6672128883017484,0.6595569635882793
atp:209279,atp:207925,2025-08-07,2025,2025,hard,Cincinnati Masters,R64,6-4 3-6 7-6(5),106,68,94,67,87,ATP-2025-0422-327,2025-0422,3,0.37030770327544693,0.4133961464195361,0.4124294100851618,0.4110023810077297
atp:211663,atp:200221,2025-08-07,2025,2025,hard,Cincinnati Masters,R64,6-7(4) 5-4 RET,65,39,68,41,87,ATP-2025-0422-328,2025-0422,3,0.6732571004570845,0.6174189072624148,0.6182127421431696,0.6197434145247448
atp:132283,atp:200267,2025-08-07,2025,2025,hard,Cincinnati Masters,R64,6-3 7-6(4),66,49,64,42,87,ATP-2025-0422-329,2025-0422,3,0.5716695331948276,0.5456608270185307,0.5479630778771061,0.5435572591773288
atp:126203,atp:207182,2025-08-07,2025,2025,hard,Cincinnati Masters,R64,6-4 6-4,53,42,50,34,87,ATP-2025-0422-330,2025-0422,3,0.9655514349273587,0.8859035783120163,0.9022214424160537,0.8855655826084208
atp:126127,atp:207518,2025-08-07,2025,2025,hard,Cincinnati Masters,R64,5-7 6-4 7-6(4),110,65,110,67,87,ATP-2025-0422-331,2025-0422,3,0.38824983773189425,0.42435073516133925,0.42479577792409895,0.4266333808436716
atp:126774,atp:206681,2025-08-07,2025,2025,hard,Cincinnati Masters,R64,7-6(3) 6-2,63,45,65,40,87,ATP-2025-0422-332,2025-0422,3,0.5898623634716578,0.5604331652573424,0.5602715706623647,0.5601527136032196
atp:200000,atp:144869,2025-08-07,2025,2025,hard,Cincinnati Masters,R64,6-2 7-6(3),67,49,66,39,87,ATP-2025-0422-333,2025-0422,3,0.7498716569981947,0.6697939304215874,0.6752334661026408,0.6683868959429261
atp:126239,atp:134770,2025-08-07,2025,2025,hard,Cincinnati Masters,R64,6-7(5) 6-4 6-2,95,67,88,55,87,ATP-2025-0422-334,2025-0422,3,0.3700453932829053,0.4183611159273849,0.4122476590086351,0.4095516788250756
atp:126205,atp:124079,2025-08-07,2025,2025,hard,Cincinnati Masters,R64,6-2 6-2,56,38,65,32,87,ATP-2025-0422-335,2025-0422,3,0.9655287920629908,0.8731366877617365,0.9021814118271909,0.8711436767911094
atp:105173,atp:207830,2025-08-07,2025,2025,hard,Cincinnati Masters,R64,6-3 6-3,59,40,75,37,87,ATP-2025-0422-336,2025-0422,3,0.2005290578359282,0.2935358136295906,0.2845517741411406,0.2917538918135356
atp:209113,atp:202104,2025-08-07,2025,2025,hard,Cincinnati Masters,R64,7-5 6-4,56,39,67,39,87,ATP-2025-0422-337,2025-0422,3,0.8415965216303141,0.7421440038728317,0.752769290579265,0.7391249034451581
atp:206173,atp:123755,2025-08-07,2025,2025,hard,Cincinnati Masters,R64,6-1 6-1,36,30,48,21,87,ATP-2025-0422-338,2025-0422,3,0.9984577679654049,0.971169683494451,0.986813932766753,0.9701958358082888
atp:207989,atp:100644,2025-08-07,2025,2025,hard,Cincinnati Masters,SF,6-4 6-3,51,37,61,32,87,ATP-2025-0422-367,2025-0422,3,0.6538486118011192,0.6012453312286035,0.6044399579207956,0.6015754098770215
atp:206173,atp:209279,2025-08-07,2025,2025,hard,Cincinnati Masters,SF,7-6(4) 6-2,60,49,58,39,87,ATP-2025-0422-368,2025-0422,3,0.996863423171709,0.9595394320618996,0.9789789913422748,0.9609068171546826
atp:105916,atp:122298,2025-08-17,2025,2025,hard,Winston-Salem,F,6-3 7-6(3),72,46,72,39,87,ATP-2025-6242-385,2025-6242,3,0.6335765400162872,0.5862572965568161,0.5902649492480462,0.5884965729144308
atp:105916,atp:144719,2025-08-17,2025,2025,hard,Winston-Salem,QF,7-5 6-3,52,32,63,31,87,ATP-2025-6242-379,2025-6242,3,0.478789262946738,0.48866225429912424,0.48585479264581327,0.487804363861814
atp:200624,atp:200175,2025-08-17,2025,2025,hard,Winston-Salem,QF,6-1 6-4,60,39,51,27,87,ATP-2025-6242-380,2025-6242,3,0.6643070787493411,0.6101669662895317,0.6118349202494788,0.6089331131176764
atp:208659,atp:209098,2025-08-17,2025,2025,hard,Winston-Salem,QF,7-6(8) 6-2,63,48,64,42,87,ATP-2025-6242-381,2025-6242,3,0.24904785899810206,0.32389835732938366,0.3239237113875565,0.3242345718543327
atp:122298,atp:207352,2025-08-17,2025,2025,hard,Winston-Salem,QF,6-3 5-7 6-3,88,58,106,60,87,ATP-2025-6242-382,2025-6242,3,0.47802604303558127,0.4860835128208117,0.48534545145970315,0.4788063784802492
atp:105916,atp:105138,2025-08-17,2025,2025,hard,Winston-Salem,R16,6-4 6-3,50,38,59,36,87,ATP-2025-6242-371,2025-6242,3,0.5372820572617049,0.523676121703785,0.5248803553541392,0.5269017586506077
atp:144719,atp:132283,2025-08-17,2025,2025,hard,Winston-Salem,R16,4-6 6-4 6-1,78,53,81,47,87,ATP-2025-6242-372,2025-6242,3,0.6449924441149506,0.5935215501014179,0.5982229919947178,0.5955265137238874
atp:200175,atp:209260,2025-08-17,2025,2025,hard,Winston-Salem,R16,6-3 6-1,41,29,50,24,87,ATP-2025-6242-373,2025-6242,3,0.8491909646468985,0.7457886468031563,0.7599088435001421,0.7456918919204873
atp:200624,atp:111794,2025-08-17,2025,2025,hard,Winston-Salem,R16,6-7(3) 6-3 6-4,102,73,85,59,87,ATP-2025-6242-374,2025-6242,3,0.666061268563689,0.6100370425821191,0.6130812499671876,0.6113622939567565
atp:208659,atp:124186,2025-08-17,2025,2025,hard,Winston-Salem,R16,6-3 6-2,49,36,53,31,87,ATP-2025-6242-375,2025-6242,3,0.44448119821096554,0.4648252802162548,0.4629025149977561,0.4625989301205599
atp:209098,atp:209113,2025-08-17,2025,2025,hard,Winston-Salem,R16,6-4 6-2,51,38,59,33,87,ATP-2025-6242-376,2025-6242,3,0.58159703899992,0.5529437743061851,0.5546693746470847,0.5523427900327047
atp:122298,atp:202104,2025-08-17,2025,2025,hard,Winston-Salem,R16,0-6 6-1 6-4,65,38,69,40,87,ATP-2025-6242-377,2025-6242,3,0.7905697198242192,0.6987178779163818,0.7079762275882139,0.6987849444968411
atp:207352,atp:208363,2025-08-17,2025,2025,hard,Winston-Salem,R16,6-4 6-4,65,41,60,36,87,ATP-2025-6242-378,2025-6242,3,0.576024855656716,0.5496999469006802,0.5509023740858742,0.55382851956732
atp:105916,atp:134868,2025-08-17,2025,2025,hard,Winston-Salem,R32,6-3 4-6 6-3,84,54,103,55,87,ATP-2025-6242-355,2025-6242,3,0.48448699583784866,0.49053461784568664,0.48965615289250886,0.4879089198017647
atp:105138,atp:106331,2025-08-17,2025,2025,hard,Winston-Salem,R32,6-4 0-0 RET,37,21,26,10,87,ATP-2025-6242-356,2025-6242,3,0.7238795510052873,0.649687715691841,0.6553240671426394,0.6514209365803152
atp:144719,atp:208233,2025-08-17,2025,2025,hard,Winston-Salem,R32,6-3 6-1,48,32,55,25,87,ATP-2025-6242-357,2025-6242,3,0.703429092668644,0.6382723736153717,0.6400974571466476,0.6375049995778077
atp:132283,atp:207969,2025-08-17,2025,2025,hard,Winston-Salem,R32,6-3 6-7(2) 7-6(3),110,73,112,68,87,ATP-2025-6242-358,2025-6242,3,0.7803718891759889,0.7031398658574481,0.6995641513271347,0.700760760402209
atp:209260,atp:111456,2025-08-17,2025,2025,hard,Winston-Salem,R32,7-6(5) 6-7(6) 6-4,120,82,104,70,87,ATP-2025-6242-359,2025-6242,3,0.1701123640196663,0.2694168777681487,0.2579685237642072,0.2756150282313113
atp:200175,atp:206499,2025-08-17,2025,2025,hard,Winston-Salem,R32,6-4 7-6(5),71,48,70,43,87,ATP-2025-6242-360,2025-6242,3,0.6552418715279554,0.6063362241374901,0.6054216812405131,0.606686466086902
atp:200624,atp:200240,2025-08-17,2025,2025,hard,Winston-Salem,R32,6-3 6-4,60,41,59,34,87,ATP-2025-6242-361,2025-6242,3,0.8399922225712058,0.740731540031407,0.7512792813232972,0.7472237376243105
atp:111794,atp:132686,2025-08-17,2025,2025,hard,Winston-Salem,R32,6-1 6-3,48,34,60,31,87,ATP-2025-6242-362,2025-6242,3,0.452980967023253,0.47090610755801043,0.4686024524663715,0.4683109029033792
atp:124186,atp:210464,2025-08-17,2025,2025,hard,Winston-Salem,R32,6-7(3) 6-3 7-5,97,69,107,65,87,ATP-2025-6242-363,2025-6242,3,0.8782558522147237,0.7949564277857262,0.7887395069599847,0.7969988147837909
atp:208659,atp:124079,2025-08-17,2025,2025,hard,Winston-Salem,R32,2-6 6-3 7-6(3),93,63,71,52,87,ATP-2025-6242-364,2025-6242,3,0.6280827585360318,0.5875995117062216,0.5864559982000692,0.5871136459921186
atp:209098,atp:207985,2025-08-17,2025,2025,hard,Winston-Salem,R32,6-4 7-6(2),65,46,71,46,87,ATP-2025-6242-365,2025-6242,3,0.6330406581429064,0.590200524372033,0.5898928386038849,0.5914890471026648
atp:122298,atp:208286,2025-08-17,2025,2025,hard,Winston-Salem,R32,6-3 6-3,47,36,74,39,87,ATP-2025-6242-367,2025-6242,3,0.4446799914414205,0.46098814951991685,0.46303595624189847,0.4637907142255551
atp:202104,atp:105807,2025-08-17,2025,2025,hard,Winston-Salem,R32,7-5 6-2,84,49,57,28,87,ATP-2025-6242-368,2025-6242,3,0.2125428062834775,0.3042421080547689,0.2946075045255691,0.3027635799523647
atp:208363,atp:106218,2025-08-17,2025,2025,hard,Winston-Salem,R32,6-2 6-2,54,35,56,26,87,ATP-2025-6242-369,2025-6242,3,0.3412488553965067,0.3951743208932488,0.392101014313095,0.3954709622383843
atp:207352,atp:126774,2025-08-17,2025,2025,hard,Winston-Salem,R32,6-3 6-2,61,37,56,27,87,ATP-2025-6242-370,2025-6242,3,0.36259663159898514,0.40966267344367935,0.4070740393414872,0.4083346268588326
atp:105916,atp:200384,2025-08-17,2025,2025,hard,Winston-Salem,R64,6-3 6-3,56,38,67,34,87,ATP-2025-6242-339,2025-6242,3,0.8612550611028335,0.7575881652783011,0.7715649533068494,0.7565228186591391
atp:106331,atp:126128,2025-08-17,2025,2025,hard,Winston-Salem,R64,6-3 6-3,64,41,56,33,87,ATP-2025-6242-340,2025-6242,3,0.2979639257174595,0.3615696955410611,0.36092732054186294,0.3620846653513004
atp:208233,atp:207681,2025-08-17,2025,2025,hard,Winston-Salem,R64,6-4 6-3,52,32,57,27,87,ATP-2025-6242-341,2025-6242,3,0.5671022404436206,0.543773884945643,0.5448851790913966,0.5432206155431094
atp:207969,atp:126846,2025-08-17,2025,2025,hard,Winston-Salem,R64,6-4 6-2,44,33,52,28,87,ATP-2025-6242-342,2025-6242,3,0.3382162908513237,0.3863037511626164,0.3899548241210096,0.38623491022307
atp:111456,atp:200587,2025-08-17,2025,2025,hard,Winston-Salem,R64,6-4 6-7(2) 7-6(2),112,77,107,71,87,ATP-2025-6242-343,2025-6242,3,0.8479616940741196,0.7459063886910116,0.7587432952005307,0.7491026867213895
atp:206499,atp:209209,2025-08-17,2025,2025,hard,Winston-Salem,R64,7-6(2) 7-6(8),86,62,98,66,87,ATP-2025-6242-344,2025-6242,3,0.5315110484696202,0.5221943402250451,0.5210228428624517,0.5170324042307213
atp:200240,atp:124116,2025-08-17,2025,2025,hard,Winston-Salem,R64,3-6 6-4 6-3,84,57,88,57,87,ATP-2025-6242-345,2025-6242,3,0.2740024649260066,0.34705616075107165,0.3430782521118744,0.3430645198134902
atp:111794,atp:111797,2025-08-17,2025,2025,hard,Winston-Salem,R64,7-6(6) 6-4,63,49,67,48,87,ATP-2025-6242-346,2025-6242,3,0.5850743186002804,0.556269231317229,0.5570240583277614,0.5547556595993546
atp:210464,atp:106432,2025-08-17,2025,2025,hard,Winston-Salem,R64,6-4 7-6(5),77,54,65,47,87,ATP-2025-6242-347,2025-6242,3,0.1582157609358888,0.23981889664127365,0.24705596033527455,0.2372748428066577
atp:124079,atp:105676,2025-08-17,2025,2025,hard,Winston-Salem,R64,6-3 6-3,62,38,57,29,87,ATP-2025-6242-348,2025-6242,3,0.2261433772916314,0.31314797793479954,0.3057328949333573,0.314495769230892
atp:209098,atp:126239,2025-08-17,2025,2025,hard,Winston-Salem,R64,6-3 7-6(9),72,49,68,42,87,ATP-2025-6242-349,2025-6242,3,0.672634171345324,0.6159478455139803,0.6177672873127538,0.6133920783051507
atp:210460,atp:209920,2025-08-17,2025,2025,hard,Winston-Salem,R64,6-2 7-6(2),74,52,66,40,87,ATP-2025-6242-350,2025-6242,3,0.7671911783840735,0.6925214360031444,0.6889065492439195,0.6944358801232161
atp:122298,atp:200443,2025-08-17,2025,2025,hard,Winston-Salem,R64,2-6 7-5 6-3,92,62,92,62,87,ATP-2025-6242-351,2025-6242,3,0.6751383733117534,0.6156436450019249,0.6195594866545344,0.613127210367763
atp:105807,atp:106415,2025-08-17,2025,2025,hard,Winston-Salem,R64,6-0 6-3,41,33,41,18,87,ATP-2025-6242-352,2025-6242,3,0.5943682357618238,0.5623809442464902,0.5633335304233934,0.566114634960557
atp:208363,atp:202290,2025-08-17,2025,2025,hard,Winston-Salem,R64,6-3 6-3,52,37,65,36,87,ATP-2025-6242-353,2025-6242,3,0.7497796040900655,0.6781397257557438,0.6751617208307908,0.6809705368214491
atp:207352,atp:202358,2025-08-17,2025,2025,hard,Winston-Salem,R64,6-7(2) 6-3 7-6(4),103,72,135,83,87,ATP-2025-6242-354,2025-6242,3,0.7677182310358517,0.6856748005957409,0.6893283352131239,0.6853483500008399
atp:122298,atp:208659,2025-08-17,2025,2025,hard,Winston-Salem,SF,6-4 7-5,62,44,64,39,87,ATP-2025-6242-384,2025-6242,3,0.6286390736988071,0.5913869765808653,0.5868411186621666,0.5851391854130327
atp:207989,atp:206173,2025-08-25,2025,2025,hard,Us Open,F,6-2 3-6 6-1 6-4,89,65,112,65,87,ATP-2025-560-226,2025-560,5,0.23772333402609747,0.2879339892590054,0.3150096763048175,0.2827846402237389
atp:206173,atp:207518,2025-08-25,2025,2025,hard,Us Open,QF,6-1 6-4 6-2,75,57,66,38,87,ATP-2025-560-220,2025-560,5,0.9862259659420163,0.9597135322538888,0.9451841391955303,0.9574446253888984
atp:200000,atp:200282,2025-08-25,2025,2025,hard,Us Open,QF,4-6 7-6(7) 7-5 7-6(4),148,95,163,100,87,ATP-2025-560-221,2025-560,5,0.22172199991233607,0.27206026757899376,0.3021445815052731,0.2675821837369693
atp:104925,atp:126203,2025-08-25,2025,2025,hard,Us Open,QF,6-3 7-5 3-6 6-4,139,91,117,78,87,ATP-2025-560-222,2025-560,5,0.715101099117491,0.6717250994519405,0.6487447931847107,0.6797360287754641
atp:207989,atp:208103,2025-08-25,2025,2025,hard,Us Open,QF,6-4 6-2 6-4,71,57,86,51,87,ATP-2025-560-223,2025-560,5,0.9406635121647962,0.8925319391766917,0.8632134967332528,0.8923008351971835
atp:206173,atp:200240,2025-08-25,2025,2025,hard,Us Open,R128,6-1 6-1 6-2,68,48,63,27,87,ATP-2025-560-100,2025-560,5,0.9993359558032613,0.9951363941359914,0.9924427732167119,0.9954584919306072
atp:200615,atp:200325,2025-08-25,2025,2025,hard,Us Open,R128,6-3 6-4 7-6(3),85,63,110,62,87,ATP-2025-560-101,2025-560,5,0.5128506238375069,0.5123148450283048,0.5085681308177217,0.5108801723594192
atp:208316,atp:207352,2025-08-25,2025,2025,hard,Us Open,R128,6-1 6-4 7-6(1),95,69,90,57,87,ATP-2025-560-102,2025-560,5,0.351997306643234,0.3704600509413912,0.3996682592566993,0.372371562210775
atp:133430,atp:105916,2025-08-25,2025,2025,hard,Us Open,R128,6-4 6-4 6-0,79,49,86,39,87,ATP-2025-560-103,2025-560,5,0.4861271645742037,0.4891270549755364,0.49075012414945035,0.4890058746404514
atp:122330,atp:105227,2025-08-25,2025,2025,hard,Us Open,R128,6-4 6-1 6-4,79,58,78,46,87,ATP-2025-560-104,2025-560,5,0.49968796403581867,0.4984402591006069,0.4997919760088758,0.5014278616900916
atp:209262,atp:132283,2025-08-25,2025,2025,hard,Us Open,R128,6-3 7-6(8) 1-6 1-6 7-6(6),159,103,177,116,87,ATP-2025-560-105,2025-560,5,0.4310151457251928,0.4445432762498408,0.45384666023723924,0.4396132063342199
atp:132686,atp:200587,2025-08-25,2025,2025,hard,Us Open,R128,6-4 6-2 6-3,83,57,87,46,87,ATP-2025-560-106,2025-560,5,0.9276518953836485,0.8810825848599658,0.8456363444912884,0.8813741094925803
atp:126205,atp:209284,2025-08-25,2025,2025,hard,Us Open,R128,6-3 6-3 6-1,73,54,83,44,87,ATP-2025-560-107,2025-560,5,0.9741599588505497,0.9498355485433707,0.9183222571098061,0.9522952630233954
atp:207518,atp:208659,2025-08-25,2025,2025,hard,Us Open,R128,6-7(3) 6-3 6-4 6-4,100,87,125,89,87,ATP-2025-560-108,2025-560,5,0.8393529859585193,0.7904271795828605,0.7506872948892903,0.7877621065606544
atp:105676,atp:111460,2025-08-25,2025,2025,hard,Us Open,R128,6-7(2) 6-4 6-3 7-5,149,87,159,88,87,ATP-2025-560-109,2025-560,5,0.5260104115008003,0.5224345618688011,0.5173489742153519,0.5253218629814268
atp:202385,atp:126846,2025-08-25,2025,2025,hard,Us Open,R128,6-3 6-7(4) 6-4 3-6 6-4,168,101,169,99,87,ATP-2025-560-110,2025-560,5,0.8614864060340706,0.8082683784824,0.7717925189235564,0.8097526393695724
atp:207925,atp:208859,2025-08-25,2025,2025,hard,Us Open,R128,7-5 4-6 6-4 3-6 6-3,161,98,163,96,87,ATP-2025-560-111,2025-560,5,0.5719366146878977,0.5580311697180715,0.5481432022805883,0.5582835888731597
atp:209113,atp:106000,2025-08-25,2025,2025,hard,Us Open,R128,7-6(4) 4-6 7-5 7-5,136,94,149,97,87,ATP-2025-560-112,2025-560,5,0.7795357463370003,0.7325051328572398,0.6988810778682405,0.7334651027436818
atp:144719,atp:210262,2025-08-25,2025,2025,hard,Us Open,R128,6-0 6-3 5-7 6-2,117,74,95,48,87,ATP-2025-560-113,2025-560,5,0.6754984851777297,0.6510998681610345,0.6198175301074325,0.6491591879915912
atp:200267,atp:202358,2025-08-25,2025,2025,hard,Us Open,R128,6-3 6-4 6-3,68,43,78,35,87,ATP-2025-560-114,2025-560,5,0.7410466991028198,0.6999862729569638,0.6683970218452667,0.700729851439601
atp:207733,atp:144870,2025-08-25,2025,2025,hard,Us Open,R128,6-4 7-5 6-7(7) 6-2,133,93,129,80,87,ATP-2025-560-115,2025-560,5,0.9887731215071845,0.9700807932833451,0.9519118243140281,0.9702833690736116
atp:100644,atp:126214,2025-08-25,2025,2025,hard,Us Open,R128,6-2 7-6(4) 6-4,100,73,86,58,87,ATP-2025-560-116,2025-560,5,0.9684707461979329,0.9305124557965557,0.9074762181002594,0.9290642702062696
atp:207985,atp:105138,2025-08-25,2025,2025,hard,Us Open,R128,7-5 6-2 5-7 6-4,148,93,131,74,87,ATP-2025-560-117,2025-560,5,0.43949444111195657,0.4524753255300399,0.4595528930636219,0.4458532736651992
atp:126128,atp:104792,2025-08-25,2025,2025,hard,Us Open,R128,6-4 2-6 6-1 3-6 6-4,119,74,117,70,87,ATP-2025-560-118,2025-560,5,0.3282410330132485,0.3605654356399779,0.38285816842098763,0.3585954802130435
atp:200000,atp:126129,2025-08-25,2025,2025,hard,Us Open,R128,6-4 7-6(8) 6-4,107,70,110,65,87,ATP-2025-560-119,2025-560,5,0.9773584342925639,0.9449654545585493,0.9248429512407852,0.9451443679380294
atp:200443,atp:200005,2025-08-25,2025,2025,hard,Us Open,R128,6-4 7-6(4) 5-7 6-1,118,91,132,87,87,ATP-2025-560-120,2025-560,5,0.11027028808497505,0.162840362229854,0.19909044543861842,0.1621633044825221
atp:209409,atp:206499,2025-08-25,2025,2025,hard,Us Open,R128,6-4 7-5 7-6(4),103,74,100,66,87,ATP-2025-560-121,2025-560,5,0.3271443036117237,0.35739271939817185,0.3820743279951149,0.3539681026839479
atp:207729,atp:105902,2025-08-25,2025,2025,hard,Us Open,R128,6-3 7-5 6-4,87,59,91,50,87,ATP-2025-560-122,2025-560,5,0.39620728925921145,0.41133220733940123,0.4302423904858295,0.4226898925995687
atp:126094,atp:209976,2025-08-25,2025,2025,hard,Us Open,R128,6-4 6-4 6-4,87,64,78,50,87,ATP-2025-560-123,2025-560,5,0.8551828251856879,0.8131117055437136,0.765647495188938,0.8129551776453312
atp:111575,atp:210460,2025-08-25,2025,2025,hard,Us Open,R128,6-7(5) 6-3 7-5 6-1,125,86,129,75,87,ATP-2025-560-124,2025-560,5,0.9265165249614183,0.8766088880528788,0.844169034437896,0.8797737601523413
atp:111794,atp:106198,2025-08-25,2025,2025,hard,Us Open,R128,6-1 6-4 6-7(5) 6-4,141,83,148,77,87,ATP-2025-560-125,2025-560,5,0.9443704072705025,0.90653064153577,0.8685123389458106,0.9035904457449218
atp:209857,atp:124079,2025-08-25,2025,2025,hard,Us Open,R128,6-4 6-2 6-3,83,59,101,55,87,ATP-2025-560-126,2025-560,5,0.40713278386065693,0.4201516833554124,0.4376871336210724,0.4203787124105012
atp:202103,atp:208286,2025-08-25,2025,2025,hard,Us Open,R128,3-6 2-6 7-5 6-4 6-3,146,93,138,85,87,ATP-2025-560-127,2025-560,5,0.6579951257200464,0.6292264307269746,0.6073647269621709,0.6289207613789799
atp:126774,atp:124186,2025-08-25,2025,2025,hard,Us Open,R128,4-6 6-0 6-1 7-6(5),105,77,111,63,87,ATP-2025-560-128,2025-560,5,0.7785577193694067,0.7340301566026161,0.6980833324822342,0.7287256042911013
atp:127157,atp:209098,2025-08-25,2025,2025,hard,Us Open,R128,7-5 6-7(3) 7-6(7) 6-7(5) 6-4,181,125,197,132,87,ATP-2025-560-129,2025-560,5,0.12930713912586553,0.1803539052358043,0.21901782751106172,0.1801294943974117
atp:208278,atp:200384,2025-08-25,2025,2025,hard,Us Open,R128,6-4 6-3 6-4,85,50,96,45,87,ATP-2025-560-130,2025-560,5,0.5901067382901591,0.5756606318853908,0.5604374872581961,0.5719260917412659
atp:200282,atp:106331,2025-08-25,2025,2025,hard,Us Open,R128,6-3 6-4 6-4,78,61,93,59,87,ATP-2025-560-131,2025-560,5,0.9823622688552394,0.9519226663165425,0.9358329100974581,0.9508710498575152
atp:104925,atp:210530,2025-08-25,2025,2025,hard,Us Open,R128,6-1 7-6(3) 6-2,94,61,89,42,87,ATP-2025-560-132,2025-560,5,0.9900828244465609,0.9680807774963961,0.9555963375104115,0.9686460092197292
atp:208260,atp:200436,2025-08-25,2025,2025,hard,Us Open,R128,6-4 6-2 7-5,85,51,88,39,87,ATP-2025-560-133,2025-560,5,0.7724517718080851,0.741077884683414,0.6931324556336498,0.7441896487131459
atp:111815,atp:200624,2025-08-25,2025,2025,hard,Us Open,R128,7-5 6-4 RET,78,53,76,46,87,ATP-2025-560-134,2025-560,5,0.3697506093104105,0.39465559150293184,0.41204337226258286,0.3940506133639206
atp:207681,atp:210506,2025-08-25,2025,2025,hard,Us Open,R128,1-6 6-3 6-4 6-4,110,69,106,66,87,ATP-2025-560-135,2025-560,5,0.30966035404729564,0.3462094873684754,0.369474524385743,0.342022608727806
atp:126207,atp:106415,2025-08-25,2025,2025,hard,Us Open,R128,6-3 7-6(6) 6-3,108,70,101,55,87,ATP-2025-560-136,2025-560,5,0.7967610147280514,0.7512489846298176,0.7131600516303561,0.7490569725706508
atp:102093,atp:210464,2025-08-25,2025,2025,hard,Us Open,R128,6-3 6-4 6-4,85,64,78,51,87,ATP-2025-560-137,2025-560,5,0.9297466333313049,0.9046200362262262,0.8483694513751722,0.8995614746985853
atp:105526,atp:111456,2025-08-25,2025,2025,hard,Us Open,R128,3-6 7-6(4) 6-3 6-3,130,84,132,76,87,ATP-2025-560-138,2025-560,5,0.5005187729896868,0.4989472107243216,0.500345848728737,0.4971085147193659
atp:208029,atp:122298,2025-08-25,2025,2025,hard,Us Open,R128,6-3 7-6(4) 7-6(2),121,78,110,63,87,ATP-2025-560-139,2025-560,5,0.7647376335373495,0.7182705561644636,0.6869476469401252,0.7183199604787129
atp:210150,atp:111797,2025-08-25,2025,2025,hard,Us Open,R128,7-6(5) 6-3 6-4,106,70,97,58,87,ATP-2025-560-140,2025-560,5,0.8256622597474914,0.7732980203223268,0.7382309777371228,0.7768524757830088
atp:200259,atp:206681,2025-08-25,2025,2025,hard,Us Open,R128,6-4 3-6 7-6(7) 6-2,130,84,126,79,87,ATP-2025-560-141,2025-560,5,0.2171224011302315,0.25648613190475567,0.29838293815564076,0.2546993940443177
atp:211663,atp:200175,2025-08-25,2025,2025,hard,Us Open,R128,7-6(3) 7-6(5) 6-3,101,71,123,75,87,ATP-2025-560-142,2025-560,5,0.8036684211943971,0.7560758950646993,0.7190164027986519,0.7570362194727234
atp:207830,atp:208134,2025-08-25,2025,2025,hard,Us Open,R128,6-3 6-1 6-1,58,45,72,36,87,ATP-2025-560-143,2025-560,5,0.9268878783843265,0.87685559619552,0.8446478895941785,0.8782117819166638
atp:206909,atp:207411,2025-08-25,2025,2025,hard,Us Open,R128,6-2 6-7(5) 2-6 6-2 7-6(7),149,105,147,95,87,ATP-2025-560-144,2025-560,5,0.7500087298312922,0.709410834247352,0.6753403168969067,0.7095912639395989
atp:208843,atp:210319,2025-08-25,2025,2025,hard,Us Open,R128,6-3 6-2 3-6 7-6(5),129,85,124,75,87,ATP-2025-560-145,2025-560,5,0.5557975533066808,0.5476119289267611,0.5372846099119462,0.551787123158543
atp:144750,atp:202104,2025-08-25,2025,2025,hard,Us Open,R128,6-3 7-5 6-4,84,59,94,50,87,ATP-2025-560-146,2025-560,5,0.7966855730515361,0.7525844709932688,0.7130965214138052,0.750246987348844
atp:126203,atp:207182,2025-08-25,2025,2025,hard,Us Open,R128,7-5 6-2 6-3,88,65,100,60,87,ATP-2025-560-147,2025-560,5,0.9869184534058578,0.9651253847743357,0.9469623128451948,0.9644521962493228
atp:210097,atp:209860,2025-08-25,2025,2025,hard,Us Open,R128,6-3 6-2 6-4,88,62,91,53,87,ATP-2025-560-148,2025-560,5,0.9061067168617789,0.8757417929746796,0.819258548640695,0.8743898552699907
atp:105807,atp:208010,2025-08-25,2025,2025,hard,Us Open,R128,7-6(7) 6-4 6-2,98,72,118,72,87,ATP-2025-560-149,2025-560,5,0.6485167080430042,0.62497547333795,0.6006922683931883,0.6269159424444157
atp:111442,atp:144895,2025-08-25,2025,2025,hard,Us Open,R128,6-2 6-4 1-6 6-3,100,67,113,66,87,ATP-2025-560-150,2025-560,5,0.5715654790513551,0.558577979074045,0.5478929061784998,0.5593890422002576
atp:105173,atp:134868,2025-08-25,2025,2025,hard,Us Open,R128,7-5 6-4 6-0,86,62,99,51,87,ATP-2025-560-151,2025-560,5,0.24290564804703435,0.2880838890219914,0.3191074717247377,0.2855031261288639
atp:208103,atp:106432,2025-08-25,2025,2025,hard,Us Open,R128,3-6 6-4 7-6(5) 6-1,118,81,122,74,87,ATP-2025-560-152,2025-560,5,0.8424651579700084,0.7922884227445404,0.7535786348947222,0.7884816826488232
atp:144869,atp:200116,2025-08-25,2025,2025,hard,Us Open,R128,6-3 6-2 6-0,67,49,65,28,87,ATP-2025-560-153,2025-560,5,0.7985126498975783,0.7540167765813799,0.7146377080048392,0.750698766370817
atp:209920,atp:123755,2025-08-25,2025,2025,hard,Us Open,R128,6-4 6-4 6-4,95,65,106,63,87,ATP-2025-560-154,2025-560,5,0.33225949413478684,0.3566546173756021,0.3857240023349522,0.3489613611598582
atp:134770,atp:124116,2025-08-25,2025,2025,hard,Us Open,R128,6-1 6-2 7-6(5),90,65,89,53,87,ATP-2025-560-155,2025-560,5,0.5585353327253035,0.5470888442692736,0.5391231769769635,0.5462739253869056
atp:126127,atp:106421,2025-08-25,2025,2025,hard,Us Open,R128,6-3 7-5 6-7(5) 0-6 6-4,157,99,149,92,87,ATP-2025-560-156,2025-560,5,0.15106892668083438,0.20627904680089934,0.24033790273271685,0.2035781103351914
atp:106218,atp:208363,2025-08-25,2025,2025,hard,Us Open,R128,6-0 7-5 4-6 5-7 6-4,171,103,155,85,87,ATP-2025-560-157,2025-560,5,0.6906833145684632,0.6563120570401059,0.6307751991799768,0.65687742451193
atp:126239,atp:106148,2025-08-25,2025,2025,hard,Us Open,R128,7-6(2) 7-5 4-6 6-2,122,89,146,93,87,ATP-2025-560-158,2025-560,5,0.5604625079447828,0.5469538661176463,0.5404181705524702,0.5516646658432889
atp:200221,atp:207686,2025-08-25,2025,2025,hard,Us Open,R128,6-1 6-1 6-2,66,47,62,27,87,ATP-2025-560-159,2025-560,5,0.8957823048040291,0.8435426629299364,0.8075461246118124,0.8438352543030139
atp:209260,atp:208014,2025-08-25,2025,2025,hard,Us Open,R128,6-2 6-1 6-2,62,48,68,34,87,ATP-2025-560-160,2025-560,5,0.2886221416156947,0.32903795515328527,0.35402569156222646,0.3255662166085433
atp:208118,atp:207969,2025-08-25,2025,2025,hard,Us Open,R128,7-5 6-4 7-6(4),119,78,123,72,87,ATP-2025-560-161,2025-560,5,0.47998590204651886,0.4863310651520357,0.4866533063728111,0.4869787014202363
atp:208233,atp:209992,2025-08-25,2025,2025,hard,Us Open,R128,7-6(0) 1-6 6-3 3-0 RET,106,65,123,66,87,ATP-2025-560-162,2025-560,5,0.4147925091602397,0.4323733677934247,0.4428857001519489,0.4276689146571791
atp:207989,atp:124187,2025-08-25,2025,2025,hard,Us Open,R128,6-4 7-5 6-4,84,67,105,65,87,ATP-2025-560-163,2025-560,5,0.9817460503906513,0.952102808533745,0.9344187061806188,0.9533556691624038
atp:206173,atp:122330,2025-08-25,2025,2025,hard,Us Open,R16,6-1 6-1 6-1,53,41,79,34,87,ATP-2025-560-212,2025-560,5,0.9948146008739326,0.9770685759938781,0.9708147734061409,0.9799635524465328
atp:207518,atp:144719,2025-08-25,2025,2025,hard,Us Open,R16,6-3 6-0 6-1,65,48,56,25,87,ATP-2025-560-213,2025-560,5,0.5928833734920804,0.5724105607161348,0.5623238495748257,0.572748795677251
atp:200000,atp:126094,2025-08-25,2025,2025,hard,Us Open,R16,7-5 6-3 6-4,91,67,93,56,87,ATP-2025-560-214,2025-560,5,0.42251760350896667,0.4373649964447488,0.44811299587981684,0.4361561187557365
atp:200282,atp:209857,2025-08-25,2025,2025,hard,Us Open,R16,6-3 6-2 6-1,77,49,70,29,87,ATP-2025-560-215,2025-560,5,0.9918390958577434,0.9753672134766288,0.9608394431610096,0.9761585071585356
atp:104925,atp:105526,2025-08-25,2025,2025,hard,Us Open,R16,6-3 6-3 6-2,74,53,78,41,87,ATP-2025-560-216,2025-560,5,0.9795421197025922,0.9466981272910275,0.9295072489406813,0.9486567051681912
atp:126203,atp:207830,2025-08-25,2025,2025,hard,Us Open,R16,6-4 6-3 6-3,69,56,81,50,87,ATP-2025-560-217,2025-560,5,0.7789676872978197,0.7320074933284948,0.6984175683533425,0.7269297353048867
atp:208103,atp:105173,2025-08-25,2025,2025,hard,Us Open,R16,7-6(4) 6-4 2-6 6-2,117,70,137,75,87,ATP-2025-560-218,2025-560,5,0.8064704949054072,0.7570802276174885,0.7214150426043514,0.7619492701977544
atp:207989,atp:126239,2025-08-25,2025,2025,hard,Us Open,R16,7-6(3) 6-3 6-4,86,70,89,59,87,ATP-2025-560-219,2025-560,5,0.9836815601580197,0.9566103864262787,0.9389271790638334,0.955036660935457
atp:206173,atp:133430,2025-08-25,2025,2025,hard,Us Open,R32,5-7 6-4 6-3 6-3,110,77,126,75,87,ATP-2025-560-196,2025-560,5,0.9939052099608019,0.9750270633264492,0.9675836310059124,0.9749601915967088
atp:122330,atp:126205,2025-08-25,2025,2025,hard,Us Open,R32,7-6(5) 6-7(4) 6-3 6-7(5) 6-1,179,127,160,108,87,ATP-2025-560-197,2025-560,5,0.1502658494621341,0.20334470379728614,0.23957487484872592,0.2031760544402118
atp:207518,atp:207925,2025-08-25,2025,2025,hard,Us Open,R32,6-3 6-2 2-0 RET,62,41,54,25,87,ATP-2025-560-198,2025-560,5,0.8224985942115065,0.770892263233309,0.7354097641062196,0.7715833876074503
atp:144719,atp:200267,2025-08-25,2025,2025,hard,Us Open,R32,6-1 6-4 6-4,81,51,82,37,87,ATP-2025-560-199,2025-560,5,0.7623402046512647,0.7154239930793705,0.6850407656566305,0.7161239013053191
atp:200000,atp:100644,2025-08-25,2025,2025,hard,Us Open,R32,4-6 7-6(7) 6-4 6-4,129,94,133,86,87,ATP-2025-560-200,2025-560,5,0.22322046617866106,0.27076494776738974,0.30336368977915784,0.2735308001195156
atp:126094,atp:209409,2025-08-25,2025,2025,hard,Us Open,R32,2-6 6-4 6-3 4-6 6-3,139,93,142,90,87,ATP-2025-560-201,2025-560,5,0.9605422543595972,0.9227947768593836,0.8936119539053445,0.9255534247070224
atp:209857,atp:111794,2025-08-25,2025,2025,hard,Us Open,R32,5-3 RET,25,13,23,9,87,ATP-2025-560-202,2025-560,5,0.13280362541098018,0.17395445231488893,0.22253931819690884,0.1753010165038972
atp:200282,atp:127157,2025-08-25,2025,2025,hard,Us Open,R32,6-7(7) 6-3 6-4 2-0 RET,111,80,110,68,87,ATP-2025-560-203,2025-560,5,0.9889382707675977,0.9654944634277415,0.9523671082786825,0.9651082665756552
atp:104925,atp:111815,2025-08-25,2025,2025,hard,Us Open,R32,6-4 6-7(4) 6-2 6-3,104,81,126,78,87,ATP-2025-560-204,2025-560,5,0.9631171085349469,0.9198405194795577,0.8979774854741539,0.9210431076815916
atp:105526,atp:126207,2025-08-25,2025,2025,hard,Us Open,R32,6-4 6-3 7-6(7),84,62,112,67,87,ATP-2025-560-205,2025-560,5,0.3059910039438878,0.33998054927130306,0.36680389590674944,0.340315738200479
atp:207830,atp:200259,2025-08-25,2025,2025,hard,Us Open,R32,7-5 6-3 6-1,77,53,85,40,87,ATP-2025-560-206,2025-560,5,0.888675771041521,0.8468554320572268,0.7997699264504796,0.8494563079466132
atp:126203,atp:208843,2025-08-25,2025,2025,hard,Us Open,R32,7-6(3) 6-7(9) 6-4 6-4,127,96,129,89,87,ATP-2025-560-207,2025-560,5,0.9381820962928411,0.9078612648080013,0.859744242514724,0.905555953828176
atp:105173,atp:210097,2025-08-25,2025,2025,hard,Us Open,R32,3-6 6-3 4-6 6-4 RET,130,83,107,72,87,ATP-2025-560-208,2025-560,5,0.148201400666431,0.20154958650959634,0.23760557912683147,0.1993946406021658
atp:208103,atp:209920,2025-08-25,2025,2025,hard,Us Open,R32,6-4 6-4 6-4,83,56,114,61,87,ATP-2025-560-209,2025-560,5,0.9667480727102937,0.9354491050155069,0.9043525414470767,0.9400008715361484
atp:126239,atp:126127,2025-08-25,2025,2025,hard,Us Open,R32,4-6 6-3 6-3 6-2,112,79,101,64,87,ATP-2025-560-210,2025-560,5,0.3614810652760593,0.3886593608345509,0.40629707953223715,0.382028483388898
atp:207989,atp:209260,2025-08-25,2025,2025,hard,Us Open,R32,6-2 6-4 6-0,70,50,77,36,87,ATP-2025-560-211,2025-560,5,0.9993541424278977,0.9948403302923743,0.9925804549132379,0.9934379615485902
atp:206173,atp:200615,2025-08-25,2025,2025,hard,Us Open,R64,6-3 6-2 6-2,81,57,75,37,87,ATP-2025-560-164,2025-560,5,0.9916298018894223,0.969617159107665,0.9601938920034239,0.9698963679752132
atp:133430,atp:208316,2025-08-25,2025,2025,hard,Us Open,R64,7-6(6) 3-6 7-6(4) 6-3,133,85,167,97,87,ATP-2025-560-165,2025-560,5,0.7377121724957618,0.7050629827996051,0.6658351106024456,0.713328536914636
atp:122330,atp:209262,2025-08-25,2025,2025,hard,Us Open,R64,6-3 6-3 6-3,89,62,79,47,87,ATP-2025-560-166,2025-560,5,0.6231956379037908,0.6016649535262012,0.5830782681212427,0.6027566857058342
atp:126205,atp:132686,2025-08-25,2025,2025,hard,Us Open,R64,7-6(6) 6-3 5-7 5-7 7-5,176,112,185,110,87,ATP-2025-560-167,2025-560,5,0.814567917992421,0.7640889635735679,0.7284249529566356,0.7648478146384361
atp:207518,atp:105676,2025-08-25,2025,2025,hard,Us Open,R64,6-4 6-0 6-2,85,53,71,30,87,ATP-2025-560-168,2025-560,5,0.7836098973013372,0.7354881955228078,0.7022187212581039,0.732112796002027
atp:207925,atp:202385,2025-08-25,2025,2025,hard,Us Open,R64,5-7 6-3 6-4 2-6 7-6(3),203,122,154,98,87,ATP-2025-560-169,2025-560,5,0.2074774358763171,0.25852968528634285,0.29039516919373354,0.2507696327035337
atp:144719,atp:209113,2025-08-25,2025,2025,hard,Us Open,R64,7-5 6-3 7-5,108,66,104,55,87,ATP-2025-560-170,2025-560,5,0.5669368629372263,0.5544937595125559,0.5447738128442053,0.5533397571893935
atp:100644,atp:207985,2025-08-25,2025,2025,hard,Us Open,R64,6-4 6-4 6-4,102,63,96,54,87,ATP-2025-560-172,2025-560,5,0.9329490155382846,0.8839447549464385,0.8526156225636271,0.8867143448754279
atp:200000,atp:126128,2025-08-25,2025,2025,hard,Us Open,R64,6-1 7-6(4) 7-6(5),106,77,129,76,87,ATP-2025-560-173,2025-560,5,0.7436045932178302,0.7016619243171849,0.6703700212179894,0.696908379302704
atp:209409,atp:200443,2025-08-25,2025,2025,hard,Us Open,R64,7-6(5) 6-2 4-6 6-4,130,84,135,75,87,ATP-2025-560-174,2025-560,5,0.3943547919481707,0.4132744359496728,0.4289763335328551,0.4086255952383949
atp:126094,atp:207729,2025-08-25,2025,2025,hard,Us Open,R64,6-3 6-3 5-7 7-6(4),132,89,133,83,87,ATP-2025-560-175,2025-560,5,0.9625807629330687,0.925858584090886,0.8970580519745759,0.9276246405968868
atp:111794,atp:111575,2025-08-25,2025,2025,hard,Us Open,R64,2-6 6-7(4) 6-4 7-5 7-6(5),217,138,172,114,87,ATP-2025-560-176,2025-560,5,0.21851337659238865,0.2646884856718428,0.2995236550288889,0.2622466016298417
atp:209857,atp:202103,2025-08-25,2025,2025,hard,Us Open,R64,3-6 4-6 6-4 6-4 6-2,139,88,178,104,87,ATP-2025-560-177,2025-560,5,0.07024434284921853,0.10819205241331845,0.1516187004634114,0.1095888088076403
atp:127157,atp:126774,2025-08-25,2025,2025,hard,Us Open,R64,7-6(5) 1-6 4-6 6-3 7-5,174,107,163,106,87,ATP-2025-560-178,2025-560,5,0.13919564805994514,0.19173697569307907,0.2288779374380459,0.1892192444698517
atp:200282,atp:208278,2025-08-25,2025,2025,hard,Us Open,R64,6-2 6-4 6-2,92,57,84,40,87,ATP-2025-560-179,2025-560,5,0.9886387154551763,0.9670535658447685,0.9515431651563097,0.9672199835523124
atp:104925,atp:208260,2025-08-25,2025,2025,hard,Us Open,R64,6-7(5) 6-3 6-3 6-1,104,80,115,70,87,ATP-2025-560-180,2025-560,5,0.9965470016563943,0.9850144224028081,0.9776145055074216,0.9852789897736496
atp:111815,atp:207681,2025-08-25,2025,2025,hard,Us Open,R64,7-6(5) 6-3 6-7(0) 7-6(4),165,98,167,95,87,ATP-2025-560-181,2025-560,5,0.7888968499163311,0.744417909242572,0.7065857497340698,0.7361798322860366
atp:126207,atp:102093,2025-08-25,2025,2025,hard,Us Open,R64,6-4 7-5 6-7(8) 7-5,123,100,142,100,87,ATP-2025-560-182,2025-560,5,0.6040119471206267,0.5859394493003194,0.5699073837754902,0.5932566702592718
atp:105526,atp:208029,2025-08-25,2025,2025,hard,Us Open,R64,7-6(5) 2-6 6-3 4-6 7-5,159,107,159,107,87,ATP-2025-560-183,2025-560,5,0.26546150412605335,0.3081503431524377,0.3365928094950016,0.3124343899377986
atp:200259,atp:210150,2025-08-25,2025,2025,hard,Us Open,R64,6-7(2) 7-6(5) 3-6 6-4 7-6(7),184,120,184,122,87,ATP-2025-560-184,2025-560,5,0.08694174916057162,0.12874704180640728,0.17254344320908113,0.1276922530219059
atp:207830,atp:211663,2025-08-25,2025,2025,hard,Us Open,R64,7-6(4) 6-2 6-3,93,69,79,54,87,ATP-2025-560-185,2025-560,5,0.36706061794381817,0.3914186214528368,0.41017747230928603,0.3871971583248479
atp:208843,atp:206909,2025-08-25,2025,2025,hard,Us Open,R64,4-6 7-6(2) 7-5 3-6 7-6(8),170,112,198,129,87,ATP-2025-560-186,2025-560,5,0.18284263009393634,0.21810730833351072,0.26930782013705057,0.2157695731088013
atp:126203,atp:144750,2025-08-25,2025,2025,hard,Us Open,R64,4-6 7-6(3) 6-2 6-4,135,89,147,84,87,ATP-2025-560-187,2025-560,5,0.9106753720381306,0.863225998499993,0.8246159325881683,0.8616920958538432
atp:210097,atp:105807,2025-08-25,2025,2025,hard,Us Open,R64,6-4 6-2 6-4,78,53,85,44,87,ATP-2025-560-188,2025-560,5,0.7663740212395077,0.720431441501658,0.688253294880863,0.7214621436628601
atp:105173,atp:111442,2025-08-25,2025,2025,hard,Us Open,R64,6-4 6-7(5) 6-3 6-3,127,88,134,84,87,ATP-2025-560-189,2025-560,5,0.3292173492077609,0.361908033773853,0.3835553342821034,0.3548467897595221
atp:208103,atp:144869,2025-08-25,2025,2025,hard,Us Open,R64,3-6 6-0 6-2 6-4,88,63,114,63,87,ATP-2025-560-190,2025-560,5,0.7063131020042811,0.6681245095007673,0.6422238941548293,0.6699977914173737
atp:209920,atp:134770,2025-08-25,2025,2025,hard,Us Open,R64,6-4 3-6 3-6 6-4 7-5,161,95,140,90,87,ATP-2025-560-191,2025-560,5,0.04557532510848026,0.08154567292958344,0.11631196334377825,0.0768460263470864
atp:126127,atp:106218,2025-08-25,2025,2025,hard,Us Open,R64,2-6 4-6 7-5 6-3 6-4,163,101,153,96,87,ATP-2025-560-192,2025-560,5,0.5130230224957767,0.5096241142384285,0.5086831060223569,0.5073274751181669
atp:126239,atp:200221,2025-08-25,2025,2025,hard,Us Open,R64,6-4 3-6 2-6 6-2 6-3,132,83,130,83,87,ATP-2025-560-193,2025-560,5,0.2854211639572992,0.3216699960769102,0.3516445275868749,0.3255055963208746
atp:209260,atp:208118,2025-08-25,2025,2025,hard,Us Open,R64,6-0 7-6(3) 2-6 6-4,111,74,103,63,87,ATP-2025-560-194,2025-560,5,0.5192453913455028,0.5147493358924646,0.5128337832025032,0.5168065591774882
atp:207989,atp:208233,2025-08-25,2025,2025,hard,Us Open,R64,6-1 6-0 6-3,58,45,83,39,87,ATP-2025-560-195,2025-560,5,0.9892320307252476,0.9668009405991206,0.9531833631785388,0.966478035576019
atp:206173,atp:200000,2025-08-25,2025,2025,hard,Us Open,SF,6-1 3-6 6-3 6-4,109,78,111,69,87,ATP-2025-560-224,2025-560,5,0.9740021684069423,0.9373062413594064,0.9180091922669772,0.9376178532920564
atp:207989,atp:104925,2025-08-25,2025,2025,hard,Us Open,SF,6-4 7-6(4) 6-2,89,63,93,55,87,ATP-2025-560-225,2025-560,5,0.5045011741343415,0.5024031656451384,0.5030008277930019,0.4978483736206913
atp:122330,atp:208316,2025-09-17,2025,2025,hard,Hangzhou,F,7-6(4) 7-6(4),85,62,73,54,88,ATP-2025-4713-385,2025-4713,3,0.6659668861796617,0.6125226557843686,0.6130141472950165,0.615010278808839
atp:200059,atp:106421,2025-09-17,2025,2025,hard,Hangzhou,QF,5-7 7-6(5) 6-4,114,75,111,75,88,ATP-2025-4713-379,2025-4713,3,0.15409844692786834,0.2586329891032384,0.2432013472878606,0.2566767623436391
atp:122330,atp:207494,2025-09-17,2025,2025,hard,Hangzhou,QF,6-1 6-1,38,29,49,20,88,ATP-2025-4713-380,2025-4713,3,0.8595724531179837,0.7619650486523699,0.7699145834669188,0.7580913242685756
atp:144895,atp:144869,2025-09-17,2025,2025,hard,Hangzhou,QF,3-6 3-0 RET,32,23,36,23,88,ATP-2025-4713-381,2025-4713,3,0.5289333289504111,0.5162670916952239,0.5193008639838959,0.5187661071945562
atp:208316,atp:210530,2025-09-17,2025,2025,hard,Hangzhou,QF,7-6(0) 4-6 6-2,107,68,96,56,88,ATP-2025-4713-382,2025-4713,3,0.5341402694278602,0.5221357435024562,0.5227798690014631,0.5289817928435153
atp:106421,atp:210460,2025-09-17,2025,2025,hard,Hangzhou,R16,6-2 6-3,48,34,52,27,88,ATP-2025-4713-371,2025-4713,3,0.919873204817023,0.8161312926739982,0.8357697404006034,0.8147371413915947
atp:200059,atp:200624,2025-09-17,2025,2025,hard,Hangzhou,R16,4-6 6-1 6-4,89,61,65,44,88,ATP-2025-4713-372,2025-4713,3,0.2761629459747595,0.3439252325235409,0.34470794818114386,0.345677930949091
atp:122330,atp:126846,2025-09-17,2025,2025,hard,Hangzhou,R16,6-7(6) 6-4 6-4,91,70,109,73,88,ATP-2025-4713-373,2025-4713,3,0.7899860205692574,0.6956185824542961,0.7074905782221108,0.702718679679664
atp:207494,atp:111190,2025-09-17,2025,2025,hard,Hangzhou,R16,6-4 6-3,49,32,76,39,88,ATP-2025-4713-374,2025-4713,3,0.25863513202246075,0.3322928482815996,0.3313579335582543,0.3305064156993173
atp:144869,atp:208014,2025-09-17,2025,2025,hard,Hangzhou,R16,6-1 6-4,51,39,63,36,88,ATP-2025-4713-375,2025-4713,3,0.7531665906221433,0.66961045429795,0.6778077313593165,0.6702641923445278
atp:144895,atp:209070,2025-09-17,2025,2025,hard,Hangzhou,R16,6-7(1) 6-3 7-6(3),135,86,111,71,88,ATP-2025-4713-376,2025-4713,3,0.4668919771997867,0.47709871975643897,0.4779100300262946,0.4724642017881266
atp:210530,atp:206748,2025-09-17,2025,2025,hard,Hangzhou,R16,6-4 6-3,53,42,57,33,88,ATP-2025-4713-377,2025-4713,3,0.6755984942648713,0.6182539312947792,0.6198892074656416,0.6143832184592064
atp:208316,atp:126094,2025-09-17,2025,2025,hard,Hangzhou,R16,6-4 7-6(2),74,51,76,46,88,ATP-2025-4713-378,2025-4713,3,0.21744677965440876,0.3008655930618702,0.2986492028029529,0.2989091156507218
atp:210460,atp:105227,2025-09-17,2025,2025,hard,Hangzhou,R32,4-6 6-4 6-3,93,59,89,55,88,ATP-2025-4713-359,2025-4713,3,0.31585892165317553,0.3736603122150528,0.3739646280822924,0.3799908727923403
atp:200624,atp:200443,2025-09-17,2025,2025,hard,Hangzhou,R32,7-5 6-3,62,43,64,38,88,ATP-2025-4713-360,2025-4713,3,0.6846130978266421,0.6245311445800894,0.6263763718772266,0.627547801657889
atp:200059,atp:105173,2025-09-17,2025,2025,hard,Hangzhou,R32,4-6 7-6(5) 7-5,103,63,109,70,88,ATP-2025-4713-361,2025-4713,3,0.36849569856389586,0.41212395547663816,0.41117329751461634,0.4117866679797072
atp:126846,atp:105676,2025-09-17,2025,2025,hard,Hangzhou,R32,6-4 1-6 6-1,83,50,73,48,88,ATP-2025-4713-362,2025-4713,3,0.48729179306372694,0.4914182492935357,0.4915268482564866,0.4924520223504052
atp:111190,atp:207352,2025-09-17,2025,2025,hard,Hangzhou,R32,6-7(2) 6-4 7-6(3),115,82,106,76,88,ATP-2025-4713-363,2025-4713,3,0.550761762615642,0.5375566518296397,0.5339060507482637,0.537450592974233
atp:207494,atp:126610,2025-09-17,2025,2025,hard,Hangzhou,R32,6-3 6-3,51,38,63,35,88,ATP-2025-4713-364,2025-4713,3,0.11980139323271721,0.2211304799547779,0.20923521591342675,0.2180631339917411
atp:208014,atp:200116,2025-09-17,2025,2025,hard,Hangzhou,R32,7-6(2) 6-4,82,50,114,62,88,ATP-2025-4713-365,2025-4713,3,0.5220585618134009,0.5126466138331576,0.5147110126105593,0.5163999238086676
atp:144869,atp:106000,2025-09-17,2025,2025,hard,Hangzhou,R32,6-2 6-4,46,34,52,27,88,ATP-2025-4713-366,2025-4713,3,0.6304368115001575,0.5886544753259103,0.5880865305247245,0.5842555824107731
atp:209070,atp:208286,2025-09-17,2025,2025,hard,Hangzhou,R32,6-4 3-6 7-5,90,62,98,64,88,ATP-2025-4713-367,2025-4713,3,0.5409533795913501,0.5292652158866119,0.5273362685928693,0.5288535343990437
atp:210530,atp:208363,2025-09-17,2025,2025,hard,Hangzhou,R32,5-7 6-3 6-4,102,64,84,50,88,ATP-2025-4713-368,2025-4713,3,0.5318062754454919,0.517398407786829,0.5212201004567347,0.5183174290548305
atp:206748,atp:111806,2025-09-17,2025,2025,hard,Hangzhou,R32,6-3 6-2,59,42,57,29,88,ATP-2025-4713-369,2025-4713,3,0.5099763962992327,0.5077956439842213,0.5066514212871591,0.5160973403925984
atp:208316,atp:206499,2025-09-17,2025,2025,hard,Hangzhou,R32,4-6 7-6(6) 6-3,90,65,124,75,88,ATP-2025-4713-370,2025-4713,3,0.576850864446216,0.5533476171483445,0.5514603163391346,0.5574838125067354
atp:122330,atp:200059,2025-09-17,2025,2025,hard,Hangzhou,SF,6-3 6-3,45,37,55,32,88,ATP-2025-4713-383,2025-4713,3,0.6942179680378797,0.6347958927769503,0.6333484883857835,0.6345639461407916
atp:208316,atp:144895,2025-09-17,2025,2025,hard,Hangzhou,SF,6-3 6-2,52,37,52,29,88,ATP-2025-4713-384,2025-4713,3,0.4584152141973237,0.47493540691556757,0.4722411930795813,0.4748641950900967
atp:126214,atp:207518,2025-09-17,2025,2025,hard,Chengdu,F,6-3 2-6 7-6(5),123,76,81,59,88,ATP-2025-7581-385,2025-7581,3,0.18165791212834392,0.275738934703171,0.26826625083619116,0.2776857919067544
atp:126214,atp:106331,2025-09-17,2025,2025,hard,Chengdu,QF,4-6 7-5 6-2,97,63,94,55,88,ATP-2025-7581-379,2025-7581,3,0.5386403034902476,0.5265828920563841,0.5257887646794454,0.5255011633636657
atp:206909,atp:106218,2025-09-17,2025,2025,hard,Chengdu,QF,6-3 2-6 7-6(3),94,61,84,57,88,ATP-2025-7581-380,2025-7581,3,0.641819127305242,0.5932470674670856,0.5960047767224169,0.5981017666025645
atp:207686,atp:106121,2025-09-17,2025,2025,hard,Chengdu,QF,7-6(2) 3-6 6-2,76,60,106,69,88,ATP-2025-7581-381,2025-7581,3,0.5474023913982478,0.5347173690283884,0.5316543936696888,0.5295704944828872
atp:207518,atp:105932,2025-09-17,2025,2025,hard,Chengdu,QF,6-3 6-3,53,36,57,32,88,ATP-2025-7581-382,2025-7581,3,0.8261397656690599,0.7281904199111244,0.7386585847575636,0.7321514595610721
atp:126214,atp:209260,2025-09-17,2025,2025,hard,Chengdu,R16,6-4 6-3,69,48,56,36,88,ATP-2025-7581-371,2025-7581,3,0.6366180537017363,0.5896089963351525,0.5923793512241807,0.5953576240417804
atp:106331,atp:212044,2025-09-17,2025,2025,hard,Chengdu,R16,6-2 6-4,64,43,68,38,88,ATP-2025-7581-372,2025-7581,3,0.6426212432466296,0.5971269170154417,0.5965650178544396,0.5999533488558356
atp:206909,atp:209992,2025-09-17,2025,2025,hard,Chengdu,R16,7-5 6-3,72,49,67,41,88,ATP-2025-7581-373,2025-7581,3,0.7316691202387219,0.6582208890787751,0.6612206001514537,0.6585236610546468
atp:106218,atp:132283,2025-09-17,2025,2025,hard,Chengdu,R16,6-4 6-4,62,45,67,42,88,ATP-2025-7581-374,2025-7581,3,0.5258162792663748,0.5158071326145728,0.5172193592329687,0.5147118432075697
atp:207686,atp:208659,2025-09-17,2025,2025,hard,Chengdu,R16,6-7(2) 7-6(5) 6-4,90,75,108,80,88,ATP-2025-7581-375,2025-7581,3,0.40839969894940337,0.4367753758707957,0.43854810380830467,0.4369579616496323
atp:106121,atp:134868,2025-09-17,2025,2025,hard,Chengdu,R16,3-6 6-4 6-3,74,55,80,56,88,ATP-2025-7581-376,2025-7581,3,0.24232377780143025,0.31513503507099283,0.3186489598152747,0.3220175513329529
atp:105932,atp:111456,2025-09-17,2025,2025,hard,Chengdu,R16,6-2 7-6(4),60,44,87,50,88,ATP-2025-7581-377,2025-7581,3,0.4575497680164369,0.47108492367864874,0.4716619539796755,0.4724905122029352
atp:207518,atp:209976,2025-09-17,2025,2025,hard,Chengdu,R16,7-5 3-6 6-2,72,54,90,55,88,ATP-2025-7581-378,2025-7581,3,0.7467461569945358,0.6722287391625106,0.6728026764754725,0.6745040508466504
atp:126214,atp:111442,2025-09-17,2025,2025,hard,Chengdu,R32,6-4 6-3,58,43,50,32,88,ATP-2025-7581-359,2025-7581,3,0.41138577308826657,0.4429373174260375,0.4405755843751704,0.4418228274963783
atp:106331,atp:111460,2025-09-17,2025,2025,hard,Chengdu,R32,6-7(3) 6-3 6-4,88,65,93,63,88,ATP-2025-7581-360,2025-7581,3,0.47687156907138606,0.4843161629305664,0.48457493091144593,0.4855900083256709
atp:212044,atp:111815,2025-09-17,2025,2025,hard,Chengdu,R32,6-7(3) 6-4 7-6(2),120,81,115,78,88,ATP-2025-7581-361,2025-7581,3,0.20084160639561843,0.2867345047541107,0.28481629133387315,0.2874368241052488
atp:209992,atp:200267,2025-09-17,2025,2025,hard,Chengdu,R32,6-1 5-7 6-4,88,63,74,51,88,ATP-2025-7581-362,2025-7581,3,0.5250281914545116,0.5159928873049183,0.5166932113539474,0.5171634487329054
atp:106218,atp:210319,2025-09-17,2025,2025,hard,Chengdu,R32,7-5 6-4,68,50,62,40,88,ATP-2025-7581-363,2025-7581,3,0.677867852496446,0.6181069503556383,0.6215173677111155,0.6196053972347502
atp:132283,atp:207678,2025-09-17,2025,2025,hard,Chengdu,R32,4-6 6-3 6-1,86,58,79,48,88,ATP-2025-7581-364,2025-7581,3,0.6597057425860113,0.6094836311343239,0.6085740210986474,0.6074191932406292
atp:208659,atp:209209,2025-09-17,2025,2025,hard,Chengdu,R32,3-6 6-1 6-4,71,52,95,56,88,ATP-2025-7581-365,2025-7581,3,0.5229940685946884,0.5138772601136397,0.5153353881783892,0.5156983445758794
atp:207686,atp:104792,2025-09-17,2025,2025,hard,Chengdu,R32,6-7(3) 6-3 1-0 RET,86,55,64,42,88,ATP-2025-7581-366,2025-7581,3,0.16369381356374024,0.2628203581093037,0.2521211255007352,0.2643370600823689
atp:106121,atp:209409,2025-09-17,2025,2025,hard,Chengdu,R32,6-3 6-2,50,35,67,34,88,ATP-2025-7581-367,2025-7581,3,0.24718092872530215,0.3249484137065632,0.32246435399230794,0.32677386252266
atp:105932,atp:126129,2025-09-17,2025,2025,hard,Chengdu,R32,7-6(5) 6-3,73,44,71,39,88,ATP-2025-7581-368,2025-7581,3,0.6987176837583587,0.6354284177107326,0.6366374737837152,0.6326938474484147
atp:111456,atp:122298,2025-09-17,2025,2025,hard,Chengdu,R32,6-4 3-6 6-3,88,57,78,51,88,ATP-2025-7581-369,2025-7581,3,0.3745930390505994,0.41932276304071014,0.4153945836402365,0.4212252964918834
atp:209976,atp:209279,2025-09-17,2025,2025,hard,Chengdu,R32,6-4 6-3,53,37,61,36,88,ATP-2025-7581-370,2025-7581,3,0.48208641072312625,0.48997515531578956,0.48805476688752547,0.4831279783503842
atp:126214,atp:206909,2025-09-17,2025,2025,hard,Chengdu,SF,6-4 7-6(0),59,48,65,45,88,ATP-2025-7581-383,2025-7581,3,0.2799553700232043,0.34823218607965223,0.34755845877327374,0.349764718861435
atp:207518,atp:207686,2025-09-17,2025,2025,hard,Chengdu,SF,6-3 6-1,40,32,55,27,88,ATP-2025-7581-384,2025-7581,3,0.9205569034102012,0.8159238590899038,0.8366200942085881,0.8145820613210932
atp:126203,atp:100644,2025-09-19,2025,2025,hard,Laver Cup,RR,6-3 7-6(4),64,49,65,40,88,ATP-2025-9210-389,2025-9210,3,0.4953890299262719,0.49876256500890953,0.4969259715372367,0.4944244498163764
atp:207989,atp:202103,2025-09-19,2025,2025,hard,Laver Cup,RR,6-2 6-1,53,35,46,18,88,ATP-2025-9210-390,2025-9210,3,0.9643954631297978,0.8698236088917222,0.9001913274571538,0.8707373171701281
atp:200282,atp:210150,2025-09-19,2025,2025,hard,Laver Cup,RR,6-3 6-4,64,46,60,36,88,ATP-2025-9210-391,2025-9210,3,0.770125634388116,0.6802260762724834,0.6912594250591088,0.6827972226261586
atp:126203,atp:207989,2025-09-19,2025,2025,hard,Laver Cup,RR,6-3 6-2,51,38,43,24,88,ATP-2025-9210-392,2025-9210,3,0.2293723250270545,0.3150370932428529,0.30833692390922407,0.3162750600948552
atp:202103,atp:208029,2025-09-19,2025,2025,hard,Laver Cup,RR,6-3 7-6(5),84,53,66,40,88,ATP-2025-9210-393,2025-9210,3,0.4156354233063373,0.4451536896818534,0.44345680577468743,0.4416194217333526
atp:200282,atp:100644,2025-09-19,2025,2025,hard,Laver Cup,RR,6-1 6-4,60,40,50,24,88,ATP-2025-9210-394,2025-9210,3,0.4951530404793381,0.5009027332393639,0.49676863741871,0.4967367024637983
atp:211663,atp:207925,2025-09-19,2025,2025,hard,Laver Cup,RR,6-4 6-3,50,35,60,32,88,ATP-2025-9210-395,2025-9210,3,0.7481873062573868,0.6685855664640612,0.6739221732703824,0.6652871942585998
atp:210150,atp:210506,2025-09-19,2025,2025,hard,Laver Cup,RR,6-1 6-7(3) [10-8],58,41,72,40,88,ATP-2025-9210-396,2025-9210,3,0.661473983478895,0.606644834278355,0.609825744594298,0.6022032148252283
atp:134770,atp:124187,2025-09-19,2025,2025,hard,Laver Cup,RR,6-4 7-6(4),64,54,65,47,88,ATP-2025-9210-397,2025-9210,3,0.601074782696018,0.5662835005942708,0.5679021148150841,0.5666052982892963
atp:207989,atp:126203,2025-09-24,2025,2025,hard,Tokyo,F,6-4 6-4,63,41,66,38,88,ATP-2025-0329-385,2025-0329,3,0.7710940363289972,0.6903227276548862,0.6920383338337537,0.6852791981270393
atp:126203,atp:200624,2025-09-24,2025,2025,hard,Tokyo,QF,6-3 6-7(5) 6-3,120,80,81,57,88,ATP-2025-0329-379,2025-0329,3,0.7312239837690945,0.660622672385005,0.6608821008769437,0.6592277849936452
atp:202385,atp:208029,2025-09-24,2025,2025,hard,Tokyo,QF,6-3 6-3,62,39,58,32,88,ATP-2025-0329-380,2025-0329,3,0.3543951406058926,0.4059891479654425,0.40134835761373533,0.4012933742801672
atp:134770,atp:126846,2025-09-24,2025,2025,hard,Tokyo,QF,6-3 6-2,48,38,39,23,88,ATP-2025-0329-381,2025-0329,3,0.728302210745756,0.6535163784885325,0.658664957689895,0.6543271585049595
atp:207989,atp:206909,2025-09-24,2025,2025,hard,Tokyo,QF,6-2 6-4,45,37,64,37,88,ATP-2025-0329-382,2025-0329,3,0.9389654497035351,0.8367851355932995,0.860832981647407,0.8376962248241178
atp:126203,atp:132686,2025-09-24,2025,2025,hard,Tokyo,R16,7-5 7-6(4),66,43,96,52,88,ATP-2025-0329-371,2025-0329,3,0.8465768149295829,0.7477467535130062,0.7574348663322754,0.7499790857757046
atp:200624,atp:200647,2025-09-24,2025,2025,hard,Tokyo,R16,6-1 6-4,71,48,47,27,88,ATP-2025-0329-372,2025-0329,3,0.9114420376323726,0.819392059402088,0.8255263057416479,0.8188053834540752
atp:208029,atp:210319,2025-09-24,2025,2025,hard,Tokyo,R16,6-4 6-2,53,36,49,26,88,ATP-2025-0329-373,2025-0329,3,0.8139242474829104,0.7200075921576896,0.7278633427612703,0.718241821374752
atp:202385,atp:209260,2025-09-24,2025,2025,hard,Tokyo,R16,7-6(7) 6-1,60,42,68,37,88,ATP-2025-0329-374,2025-0329,3,0.769314457874613,0.6812852423642213,0.6906079114903999,0.6829565175374894
atp:126846,atp:127157,2025-09-24,2025,2025,hard,Tokyo,R16,6-4 6-2,50,37,57,33,88,ATP-2025-0329-375,2025-0329,3,0.468819465444485,0.48041217397949,0.47919798219628884,0.481823269737568
atp:134770,atp:126610,2025-09-24,2025,2025,hard,Tokyo,R16,7-6(4) 6-2,57,44,64,42,88,ATP-2025-0329-376,2025-0329,3,0.36221920007706393,0.40730734187557804,0.406811232762969,0.4067664243367985
atp:206909,atp:105916,2025-09-24,2025,2025,hard,Tokyo,R16,7-5 6-3,72,47,69,38,88,ATP-2025-0329-377,2025-0329,3,0.5214462846050515,0.5111503623208351,0.51430239800404,0.5114855127869208
atp:207989,atp:200267,2025-09-24,2025,2025,hard,Tokyo,R16,6-4 6-3,60,34,52,26,88,ATP-2025-0329-378,2025-0329,3,0.9911580161817406,0.9276662830374678,0.9587603827902904,0.9260843363217932
atp:126203,atp:209113,2025-09-24,2025,2025,hard,Tokyo,R32,4-6 6-3 7-6(3),105,72,82,59,88,ATP-2025-0329-355,2025-0329,3,0.8456905245384421,0.7462660739872558,0.7566000636135991,0.7488948490533285
atp:132686,atp:133297,2025-09-24,2025,2025,hard,Tokyo,R32,2-6 6-4 6-1,82,51,84,46,88,ATP-2025-0329-356,2025-0329,3,0.39368194192475586,0.42737194441370535,0.4285162035475636,0.4317141058678938
atp:200624,atp:106218,2025-09-24,2025,2025,hard,Tokyo,R32,4-6 6-3 7-6(4),108,71,97,64,88,ATP-2025-0329-357,2025-0329,3,0.6856570483370447,0.6239240383583301,0.6271310830098594,0.627553188330869
atp:200647,atp:207830,2025-09-24,2025,2025,hard,Tokyo,R32,6-3 7-6(4),64,47,83,50,88,ATP-2025-0329-358,2025-0329,3,0.07996047373150629,0.17392897046355602,0.16402368194573547,0.175037947849962
atp:208029,atp:209098,2025-09-24,2025,2025,hard,Tokyo,R32,7-6(7) 6-1,63,44,64,37,88,ATP-2025-0329-359,2025-0329,3,0.5047877099751065,0.5038891250516362,0.5031918608470761,0.5065621270794042
atp:210319,atp:210506,2025-09-24,2025,2025,hard,Tokyo,R32,7-5 6-2,55,41,66,38,88,ATP-2025-0329-360,2025-0329,3,0.30683926878482226,0.37070678727614625,0.3674221350003814,0.3711339623402952
atp:209260,atp:106415,2025-09-24,2025,2025,hard,Tokyo,R32,7-6(9) 6-3,73,52,80,49,88,ATP-2025-0329-361,2025-0329,3,0.5039582952174074,0.5061292849294239,0.5026388941057336,0.5011492152010099
atp:202385,atp:200005,2025-09-24,2025,2025,hard,Tokyo,R32,7-6(4) 6-3,69,47,68,41,88,ATP-2025-0329-362,2025-0329,3,0.39126266879824817,0.4288171751070887,0.42686051297732197,0.4278718844790649
atp:127157,atp:133430,2025-09-24,2025,2025,hard,Tokyo,R32,7-5 6-3,62,42,69,41,88,ATP-2025-0329-363,2025-0329,3,0.2143102864502353,0.307780715394785,0.29606825814167725,0.3047751241438559
atp:126846,atp:106000,2025-09-24,2025,2025,hard,Tokyo,R32,6-4 3-6 6-3,80,56,74,51,88,ATP-2025-0329-364,2025-0329,3,0.45608204513235606,0.471022407979666,0.47067939527098934,0.4716912850495778
atp:126610,atp:144719,2025-09-24,2025,2025,hard,Tokyo,R32,6-4 6-2,57,40,63,36,88,ATP-2025-0329-365,2025-0329,3,0.5779430167647384,0.5516660460692779,0.5521982769233781,0.5547776522756321
atp:134770,atp:208278,2025-09-24,2025,2025,hard,Tokyo,R32,4-6 6-1 6-1,63,43,79,38,88,ATP-2025-0329-366,2025-0329,3,0.7872520633027446,0.6998970112058429,0.7052227258507059,0.7006834201735058
atp:105916,atp:126207,2025-09-24,2025,2025,hard,Tokyo,R32,3-6 6-1 7-5,82,57,103,58,88,ATP-2025-0329-367,2025-0329,3,0.49437108761649806,0.4930048907719353,0.4962473036654731,0.496198786068269
atp:206909,atp:111442,2025-09-24,2025,2025,hard,Tokyo,R32,6-7(6) 7-6(4) 6-2,116,78,119,74,88,ATP-2025-0329-368,2025-0329,3,0.646066491323897,0.5982392267422049,0.5989748754249253,0.6007167808805638
atp:200267,atp:126214,2025-09-24,2025,2025,hard,Tokyo,R32,1-6 7-6(2) 7-6(4),102,66,115,73,88,ATP-2025-0329-369,2025-0329,3,0.46646261640749453,0.47746383795657,0.47762308095676254,0.4795484199045148
atp:207989,atp:202104,2025-09-24,2025,2025,hard,Tokyo,R32,6-4 6-2,56,36,54,30,88,ATP-2025-0329-370,2025-0329,3,0.9978979393888253,0.9625894945647209,0.9838330725244759,0.9593406804289688
atp:126203,atp:202385,2025-09-24,2025,2025,hard,Tokyo,SF,6-4 6-3,62,46,58,37,88,ATP-2025-0329-383,2025-0329,3,0.8633649716543955,0.7565375361781285,0.773646324435957,0.7585498514797194
atp:207989,atp:134770,2025-09-24,2025,2025,hard,Tokyo,SF,3-6 6-3 6-4,80,56,90,59,88,ATP-2025-0329-384,2025-0329,3,0.9648083900627612,0.8695418209087074,0.9009133665828943,0.8704178075943452
atp:206173,atp:210530,2025-09-25,2025,2025,hard,Beijing,F,6-2 6-2,53,37,43,22,88,ATP-2025-0747-385,2025-0747,3,0.9940636519595735,0.9396470228061523,0.968133192925525,0.9402490945359488
atp:106421,atp:100644,2025-09-25,2025,2025,hard,Beijing,QF,6-3 6-3,52,39,57,33,88,ATP-2025-0747-379,2025-0747,3,0.37515919187785013,0.420612858068922,0.41578575889518493,0.411414062312171
atp:210530,atp:207518,2025-09-25,2025,2025,hard,Beijing,QF,4-6 6-3 3-0 RET,78,51,59,38,88,ATP-2025-0747-380,2025-0747,3,0.18633165456323011,0.2866507220023963,0.2723597198629558,0.2850780521540195
atp:200282,atp:210150,2025-09-25,2025,2025,hard,Beijing,QF,4-1 RET,9,8,26,12,88,ATP-2025-0747-381,2025-0747,3,0.7761454334461855,0.68817952172767,0.6961213500794315,0.6858424704210353
atp:206173,atp:206681,2025-09-25,2025,2025,hard,Beijing,QF,6-1 7-5,53,35,53,25,88,ATP-2025-0747-382,2025-0747,3,0.9889841223257414,0.9250230346141981,0.9524939679290229,0.9211466571764236
atp:100644,atp:144895,2025-09-25,2025,2025,hard,Beijing,R16,7-5 3-6 6-3,95,57,88,56,88,ATP-2025-0747-371,2025-0747,3,0.8872241535293359,0.7793307218668957,0.7982077685095292,0.7805972322559473
atp:106421,atp:200221,2025-09-25,2025,2025,hard,Beijing,R16,6-3 6-3,56,32,60,27,88,ATP-2025-0747-372,2025-0747,3,0.6429550427777262,0.5921061451300899,0.596798251619743,0.5925961149757821
atp:207518,atp:105173,2025-09-25,2025,2025,hard,Beijing,R16,6-3 6-3,52,37,51,26,88,ATP-2025-0747-373,2025-0747,3,0.6974439940570025,0.6321061898878237,0.6357049769702262,0.6272759319682146
atp:210530,atp:207925,2025-09-25,2025,2025,hard,Beijing,R16,6-3 6-2,59,36,49,22,88,ATP-2025-0747-374,2025-0747,3,0.48372654144283955,0.4888116991620667,0.4891488984657396,0.4886615491747038
atp:210150,atp:209070,2025-09-25,2025,2025,hard,Beijing,R16,6-3 2-6 6-4,81,51,88,52,88,ATP-2025-0747-375,2025-0747,3,0.6248347824999996,0.5831070464224135,0.5842100784860152,0.5824332683704514
atp:200282,atp:126239,2025-09-25,2025,2025,hard,Beijing,R16,6-3 3-6 7-6(2),83,65,97,67,88,ATP-2025-0747-376,2025-0747,3,0.8796386000107409,0.7758125865479399,0.7901795730184817,0.7736426731196455
atp:206681,atp:124186,2025-09-25,2025,2025,hard,Beijing,R16,6-3 7-6(5),74,50,67,40,88,ATP-2025-0747-377,2025-0747,3,0.7098309089721886,0.6401305902810287,0.6448265963279127,0.638934949828587
atp:206173,atp:209279,2025-09-25,2025,2025,hard,Beijing,R16,6-4 5-7 6-0,92,56,83,44,88,ATP-2025-0747-378,2025-0747,3,0.9878905535821184,0.9204786914996341,0.949520543508386,0.918373065491268
atp:100644,atp:132283,2025-09-25,2025,2025,hard,Beijing,R32,6-4 6-3,50,38,59,33,88,ATP-2025-0747-355,2025-0747,3,0.8890403416927664,0.7815509917191327,0.8001636164380824,0.7838180795922236
atp:144895,atp:134868,2025-09-25,2025,2025,hard,Beijing,R32,6-4 7-5,80,54,54,38,88,ATP-2025-0747-356,2025-0747,3,0.5364357815034018,0.5219102923385182,0.524314461588606,0.5234611145550124
atp:200221,atp:200116,2025-09-25,2025,2025,hard,Beijing,R32,6-1 6-3,44,35,46,23,88,ATP-2025-0747-357,2025-0747,3,0.916940120545012,0.8070053059240165,0.8321562759865475,0.8105701011544044
atp:106421,atp:111815,2025-09-25,2025,2025,hard,Beijing,R32,6-3 6-4,43,30,61,30,88,ATP-2025-0747-358,2025-0747,3,0.7847803952123006,0.6920392668768247,0.7031820158960579,0.6971608645318663
atp:207518,atp:208659,2025-09-25,2025,2025,hard,Beijing,R32,7-6(3) 6-7(4) 6-4,111,81,98,72,88,ATP-2025-0747-359,2025-0747,3,0.8357842645126861,0.7428692454696479,0.7473999419302132,0.7407137943696975
atp:105173,atp:122330,2025-09-25,2025,2025,hard,Beijing,R32,6-3 6-2,45,35,44,23,88,ATP-2025-0747-360,2025-0747,3,0.4195451753187341,0.4447283398717564,0.44610342082125193,0.4462080929063321
atp:210530,atp:202103,2025-09-25,2025,2025,hard,Beijing,R32,4-6 6-3 6-4,93,55,89,50,88,ATP-2025-0747-361,2025-0747,3,0.33867807805156064,0.39251572501906684,0.39028196679470095,0.3923851027825771
atp:207925,atp:126094,2025-09-25,2025,2025,hard,Beijing,R32,7-6(3) 6-3,79,51,75,45,88,ATP-2025-0747-362,2025-0747,3,0.17785635680350048,0.27807984150825005,0.264905495806147,0.2793288506841839
atp:210150,atp:200175,2025-09-25,2025,2025,hard,Beijing,R32,7-5 6-4,88,51,75,42,88,ATP-2025-0747-363,2025-0747,3,0.6902315372159453,0.6292018229259464,0.6304469365790434,0.6284249216378598
atp:209070,atp:209992,2025-09-25,2025,2025,hard,Beijing,R32,0-6 7-6(5) 7-5,110,65,84,58,88,ATP-2025-0747-364,2025-0747,3,0.6529353657274773,0.6033215125860456,0.6037970161898422,0.6060412350476855
atp:126239,atp:105676,2025-09-25,2025,2025,hard,Beijing,R32,6-4 3-6 6-4,100,64,75,53,88,ATP-2025-0747-365,2025-0747,3,0.6741018102317318,0.6168037278195583,0.6188171726472699,0.6177491998135176
atp:200282,atp:207352,2025-09-25,2025,2025,hard,Beijing,R32,6-4 6-0,51,35,57,29,88,ATP-2025-0747-366,2025-0747,3,0.919736024987835,0.81438433840176,0.8355994952571997,0.8092910056839133
atp:124186,atp:111575,2025-09-25,2025,2025,hard,Beijing,R32,4-6 7-6(5) 6-4,108,72,106,69,88,ATP-2025-0747-367,2025-0747,3,0.08762799018591659,0.19894063531267145,0.17336487812382304,0.1983361222297306
atp:206681,atp:126127,2025-09-25,2025,2025,hard,Beijing,R32,7-6(1) 6-3,59,45,78,47,88,ATP-2025-0747-368,2025-0747,3,0.487567232556787,0.4896029632420798,0.4917105390967162,0.4884222577792113
atp:209279,atp:111190,2025-09-25,2025,2025,hard,Beijing,R32,6-4 6-2,48,39,63,37,88,ATP-2025-0747-369,2025-0747,3,0.5289404775669372,0.5214278219387936,0.5193056386171345,0.5237730941083635
atp:206173,atp:105227,2025-09-25,2025,2025,hard,Beijing,R32,6-2 6-2,47,34,53,25,88,ATP-2025-0747-370,2025-0747,3,0.9870826818919699,0.9183048441501351,0.9473892682313938,0.9231286979752557
atp:210530,atp:106421,2025-09-25,2025,2025,hard,Beijing,SF,5-7 7-5 4-0 RET,103,56,80,42,88,ATP-2025-0747-383,2025-0747,3,0.13425497680328854,0.24318790951851949,0.22398957903358482,0.2405139504443858
atp:206173,atp:200282,2025-09-25,2025,2025,hard,Beijing,SF,6-3 4-6 6-2,96,66,77,46,88,ATP-2025-0747-384,2025-0747,3,0.8792885464209987,0.7719451581662515,0.789814349876668,0.7700409291336454
atp:200473,atp:126239,2025-10-01,2025,2025,hard,Shanghai Masters,F,4-6 6-3 6-3,72,55,89,57,88,ATP-2025-5014-369,2025-5014,3,0.34486371282083805,0.38837631780803883,0.3946527518543029,0.3865965843230513
atp:200473,atp:208029,2025-10-01,2025,2025,hard,Shanghai Masters,QF,2-6 7-6(4) 6-4,121,73,98,62,88,ATP-2025-5014-363,2025-5014,3,0.219519640572488,0.29137410164114175,0.3003471637794397,0.2866532966016326
atp:104925,atp:200267,2025-10-01,2025,2025,hard,Shanghai Masters,QF,6-3 7-5,67,47,64,39,88,ATP-2025-5014-364,2025-5014,3,0.9743142041812534,0.8904985729481183,0.9186290299224003,0.891275692311057
atp:126239,atp:200000,2025-10-01,2025,2025,hard,Shanghai Masters,QF,6-3 6-4,54,42,57,36,88,ATP-2025-5014-365,2025-5014,3,0.21538388660290445,0.3008716808662981,0.2969533044720885,0.3017047325763184
atp:106421,atp:200282,2025-10-01,2025,2025,hard,Shanghai Masters,QF,6-4 6-4,69,47,71,42,88,ATP-2025-5014-366,2025-5014,3,0.37771154022102077,0.4210956236350755,0.4175476664168046,0.4192892179743447
atp:127157,atp:209262,2025-10-01,2025,2025,hard,Shanghai Masters,R128,6-3 6-4,48,40,59,36,88,ATP-2025-5014-275,2025-5014,3,0.3727030905448368,0.4136478528708316,0.4140878017730179,0.4161525722495076
atp:202385,atp:208389,2025-10-01,2025,2025,hard,Shanghai Masters,R128,7-6(2) 6-1,54,44,68,41,88,ATP-2025-5014-276,2025-5014,3,0.9105142736372386,0.832843343715171,0.8244250615441698,0.8312728804258434
atp:208233,atp:200443,2025-10-01,2025,2025,hard,Shanghai Masters,R128,7-6(6) 6-1,58,45,54,37,88,ATP-2025-5014-277,2025-5014,3,0.37807308030700665,0.41779760210040595,0.41779703097383036,0.4143337790467402
atp:200473,atp:111513,2025-10-01,2025,2025,hard,Shanghai Masters,R128,6-3 6-4,55,40,61,37,88,ATP-2025-5014-278,2025-5014,3,0.3923294858536856,0.4224235161950759,0.4275908619150787,0.4245265182019723
atp:202104,atp:111190,2025-10-01,2025,2025,hard,Shanghai Masters,R128,2-6 6-3 6-4,88,52,84,51,88,ATP-2025-5014-279,2025-5014,3,0.22711644384416854,0.3142448255229387,0.30651908555600094,0.3111775552508399
atp:111442,atp:200416,2025-10-01,2025,2025,hard,Shanghai Masters,R128,4-6 6-3 6-4,89,63,78,53,88,ATP-2025-5014-280,2025-5014,3,0.6923084846891773,0.6350312640107467,0.6319572440580414,0.6390188319622729
atp:208134,atp:124116,2025-10-01,2025,2025,hard,Shanghai Masters,R128,3-6 6-3 6-2,81,56,78,52,88,ATP-2025-5014-281,2025-5014,3,0.43433129779279805,0.454684721218645,0.4560799906662075,0.4566538022737844
atp:206681,atp:104527,2025-10-01,2025,2025,hard,Shanghai Masters,R128,6-1 4-6 6-4,80,55,75,47,88,ATP-2025-5014-282,2025-5014,3,0.7195020797950108,0.652106853141326,0.6520347873937273,0.6455488255631019
atp:105227,atp:105932,2025-10-01,2025,2025,hard,Shanghai Masters,R128,6-3 7-6(5),63,49,63,43,88,ATP-2025-5014-283,2025-5014,3,0.5956677943311898,0.5615659691826838,0.5642177399091265,0.5665321749795701
atp:105870,atp:132283,2025-10-01,2025,2025,hard,Shanghai Masters,R128,2-6 6-3 6-1,71,47,66,39,88,ATP-2025-5014-284,2025-5014,3,0.3498240895487039,0.39546437922659483,0.39814306814943495,0.4017201234902365
atp:144719,atp:105916,2025-10-01,2025,2025,hard,Shanghai Masters,R128,4-6 7-5 6-1,93,66,85,54,88,ATP-2025-5014-285,2025-5014,3,0.5080417740879997,0.5092695901260871,0.5053614395744143,0.5090421588424348
atp:106415,atp:207686,2025-10-01,2025,2025,hard,Shanghai Masters,R128,6-1 6-2,65,42,46,23,88,ATP-2025-5014-286,2025-5014,3,0.5234909296530438,0.513240734890605,0.5156670271511256,0.5135643654293127
atp:200267,atp:200624,2025-10-01,2025,2025,hard,Shanghai Masters,R128,6-4 7-5,63,42,68,38,88,ATP-2025-5014-287,2025-5014,3,0.20644338211838534,0.295852145743355,0.2895304132019179,0.2981907628235823
atp:105173,atp:126610,2025-10-01,2025,2025,hard,Shanghai Masters,R128,7-5 7-6(5),62,53,77,53,88,ATP-2025-5014-288,2025-5014,3,0.37549348671694294,0.4151040823880717,0.4160166741800398,0.4131080120774276
atp:126127,atp:124187,2025-10-01,2025,2025,hard,Shanghai Masters,R128,7-6(2) 6-4,65,49,71,45,88,ATP-2025-5014-289,2025-5014,3,0.5628424237617005,0.5439021395586043,0.5420183296516115,0.5420144868072863
atp:105676,atp:124186,2025-10-01,2025,2025,hard,Shanghai Masters,R128,6-7(6) 6-1 6-1,84,58,82,46,88,ATP-2025-5014-290,2025-5014,3,0.5363195421411551,0.521577531217053,0.5242367399411286,0.5251096151762813
atp:207681,atp:200259,2025-10-01,2025,2025,hard,Shanghai Masters,R128,6-4 6-2,56,39,55,30,88,ATP-2025-5014-291,2025-5014,3,0.5873753608358736,0.5587319282055474,0.558583975862752,0.5576844568336876
atp:207352,atp:207678,2025-10-01,2025,2025,hard,Shanghai Masters,R128,6-3 6-7(5) 6-3,117,79,97,65,88,ATP-2025-5014-292,2025-5014,3,0.6292165953115949,0.5838331984797218,0.5872410571222274,0.5833508731654848
atp:207411,atp:212044,2025-10-01,2025,2025,hard,Shanghai Masters,R128,6-7(1) 6-2 7-6(3),104,72,97,66,88,ATP-2025-5014-293,2025-5014,3,0.7019357359557264,0.6451851398728892,0.6389989230566232,0.6394388443505162
atp:126214,atp:106218,2025-10-01,2025,2025,hard,Shanghai Masters,R128,6-4 6-3,58,43,50,32,88,ATP-2025-5014-294,2025-5014,3,0.4021668108365198,0.4384804148781317,0.4343078179837085,0.4387477952853089
atp:111460,atp:111456,2025-10-01,2025,2025,hard,Shanghai Masters,R128,6-3 6-2,51,38,46,28,88,ATP-2025-5014-295,2025-5014,3,0.44934341771592234,0.4671343271063591,0.4661644730823549,0.467140013990411
atp:106331,atp:106000,2025-10-01,2025,2025,hard,Shanghai Masters,R128,6-2 6-4,70,47,62,35,88,ATP-2025-5014-296,2025-5014,3,0.49476822286636457,0.4958888413690993,0.49651207785749446,0.4968302998882761
atp:126239,atp:209098,2025-10-01,2025,2025,hard,Shanghai Masters,R128,6-7(3) 1-0 RET,46,30,68,40,88,ATP-2025-5014-297,2025-5014,3,0.35683778680084366,0.4033044594669461,0.40305696667667773,0.4025291352147568
atp:208316,atp:208363,2025-10-01,2025,2025,hard,Shanghai Masters,R128,3-6 6-4 6-4,91,58,82,48,88,ATP-2025-5014-298,2025-5014,3,0.563981097340461,0.5382157546513108,0.5427843065293256,0.5418776786818562
atp:200116,atp:209279,2025-10-01,2025,2025,hard,Shanghai Masters,R128,4-4 RET,26,16,27,15,88,ATP-2025-5014-299,2025-5014,3,0.2148786835019735,0.30431148090264987,0.29653703875117926,0.3020978578588656
atp:111794,atp:210319,2025-10-01,2025,2025,hard,Shanghai Masters,R128,6-3 6-4,47,40,51,33,88,ATP-2025-5014-300,2025-5014,3,0.7098207982401316,0.6432686536211338,0.6448191014208686,0.6460937740349019
atp:132686,atp:122298,2025-10-01,2025,2025,hard,Shanghai Masters,R128,7-6(5) 7-6(5),90,58,80,56,88,ATP-2025-5014-301,2025-5014,3,0.46880909360071443,0.4792473908650505,0.47919105264884715,0.476919823453551
atp:209992,atp:206499,2025-10-01,2025,2025,hard,Shanghai Masters,R128,6-4 3-6 6-3,77,54,84,56,88,ATP-2025-5014-302,2025-5014,3,0.49918956247976715,0.501517271322276,0.49945970805697903,0.4975698345215499
atp:207494,atp:200059,2025-10-01,2025,2025,hard,Shanghai Masters,R128,7-5 0-0 RET,31,20,40,20,88,ATP-2025-5014-303,2025-5014,3,0.2932842577161442,0.36023688015499,0.35747870924864233,0.3587915023121442
atp:208286,atp:210536,2025-10-01,2025,2025,hard,Shanghai Masters,R128,7-6(3) 6-4,66,44,72,45,88,ATP-2025-5014-304,2025-5014,3,0.8708813066404832,0.7933137079433725,0.7811730969610206,0.7927506128933894
atp:209070,atp:124079,2025-10-01,2025,2025,hard,Shanghai Masters,R128,6-3 3-6 7-5,78,57,114,68,88,ATP-2025-5014-305,2025-5014,3,0.8425680434100098,0.7438809091020144,0.7536746190230927,0.7415783101889399
atp:210530,atp:200175,2025-10-01,2025,2025,hard,Shanghai Masters,R128,4-6 6-3 6-4,84,59,95,58,88,ATP-2025-5014-306,2025-5014,3,0.4532748585712405,0.4680625132038381,0.46879934268410717,0.4669023827486966
atp:200473,atp:134868,2025-10-01,2025,2025,hard,Shanghai Masters,R16,4-6 7-6(1) 6-4,103,72,81,62,88,ATP-2025-5014-355,2025-5014,3,0.36183709501823286,0.4014098505301723,0.40654510579948966,0.3960827801146763
atp:208029,atp:208659,2025-10-01,2025,2025,hard,Shanghai Masters,R16,6-4 6-7(7) 6-3,93,72,96,66,88,ATP-2025-5014-356,2025-5014,3,0.754777026872221,0.6797229656790156,0.6790703936762822,0.6822846909543137
atp:104925,atp:144719,2025-10-01,2025,2025,hard,Shanghai Masters,R16,6-3 5-7 6-2,84,60,86,55,88,ATP-2025-5014-357,2025-5014,3,0.9021012988461948,0.7928724376440313,0.8146524733678475,0.7943756429114412
atp:200267,atp:209113,2025-10-01,2025,2025,hard,Shanghai Masters,R16,3-6 7-5 7-6(8),101,68,100,67,88,ATP-2025-5014-358,2025-5014,3,0.35087725178447954,0.39916459476620986,0.3988824876109332,0.4005094317734657
atp:200000,atp:207518,2025-10-01,2025,2025,hard,Shanghai Masters,R16,6-4 6-2,53,38,58,34,88,ATP-2025-5014-359,2025-5014,3,0.5762450632164325,0.5520987293500533,0.5510511015751923,0.5514455878562979
atp:126239,atp:208103,2025-10-01,2025,2025,hard,Shanghai Masters,R16,6-3 7-6(5),56,49,65,45,88,ATP-2025-5014-360,2025-5014,3,0.32403978024724756,0.38046664019991305,0.37985148852564304,0.3809338235013079
atp:200282,atp:132686,2025-10-01,2025,2025,hard,Shanghai Masters,R16,7-5 6-2,54,43,86,47,88,ATP-2025-5014-361,2025-5014,3,0.8675788194050378,0.7592547743653202,0.7778439461545031,0.758795500385997
atp:106421,atp:210530,2025-10-01,2025,2025,hard,Shanghai Masters,R16,7-6(6) 6-7(1) 6-4,111,69,114,71,88,ATP-2025-5014-362,2025-5014,3,0.8568659353703181,0.7532880180360897,0.7672771545219723,0.7529702485069787
atp:134868,atp:206173,2025-10-01,2025,2025,hard,Shanghai Masters,R32,6-7(3) 7-5 3-2 RET,99,68,79,59,88,ATP-2025-5014-339,2025-5014,3,0.01572601599683538,0.08535766774818881,0.059651836483306915,0.0847939064169392
atp:200473,atp:207830,2025-10-01,2025,2025,hard,Shanghai Masters,R32,6-0 3-1 RET,26,22,52,23,88,ATP-2025-5014-340,2025-5014,3,0.19958589264376467,0.27978989475032295,0.2837525748919262,0.2721652186811767
atp:208029,atp:200005,2025-10-01,2025,2025,hard,Shanghai Masters,R32,6-4 6-4,52,39,54,34,88,ATP-2025-5014-341,2025-5014,3,0.5357773728046488,0.5212148994020191,0.5238742460937649,0.5217197089691314
atp:208659,atp:126203,2025-10-01,2025,2025,hard,Shanghai Masters,R32,6-4 7-5,57,45,61,44,88,ATP-2025-5014-342,2025-5014,3,0.11613990463503407,0.20172268347406264,0.20537998788600526,0.200158112101859
atp:104925,atp:105870,2025-10-01,2025,2025,hard,Shanghai Masters,R32,4-6 7-5 6-3,89,66,87,58,88,ATP-2025-5014-343,2025-5014,3,0.9766144195399183,0.8970804780030992,0.9232949743451514,0.8977340937960595
atp:144719,atp:106415,2025-10-01,2025,2025,hard,Shanghai Masters,R32,6-4 5-7 6-1,98,65,74,43,88,ATP-2025-5014-344,2025-5014,3,0.8457999581400301,0.7436964392470062,0.7567030324543309,0.7451593300382138
atp:200267,atp:202103,2025-10-01,2025,2025,hard,Shanghai Masters,R32,7-6(1) 6-3,76,49,80,44,88,ATP-2025-5014-345,2025-5014,3,0.2732032616669572,0.34735842058019817,0.3424743099230448,0.3482913031728565
atp:209113,atp:105676,2025-10-01,2025,2025,hard,Shanghai Masters,R32,3-0 RET,10,8,8,3,88,ATP-2025-5014-346,2025-5014,3,0.6840187508803731,0.6255156311618832,0.6259470235160091,0.6232000779001
atp:207518,atp:209260,2025-10-01,2025,2025,hard,Shanghai Masters,R32,7-5 7-6(1),87,56,77,46,88,ATP-2025-5014-347,2025-5014,3,0.8990627509218994,0.7952591752778554,0.8112116636328125,0.7949934905221716
atp:200000,atp:207411,2025-10-01,2025,2025,hard,Shanghai Masters,R32,6-4 7-5,63,45,57,38,88,ATP-2025-5014-348,2025-5014,3,0.8329638904364404,0.734898179578916,0.7448225567851399,0.7370825944300675
atp:208103,atp:133430,2025-10-01,2025,2025,hard,Shanghai Masters,R32,6-4 6-4,56,38,75,41,88,ATP-2025-5014-349,2025-5014,3,0.5450870067695489,0.524649087760728,0.5301034221425658,0.5277857148622283
atp:126239,atp:100644,2025-10-01,2025,2025,hard,Shanghai Masters,R32,4-6 6-3 6-2,78,58,71,46,88,ATP-2025-5014-350,2025-5014,3,0.1473456712689973,0.2464985908984596,0.23678595593079305,0.2459466064138417
atp:200282,atp:111794,2025-10-01,2025,2025,hard,Shanghai Masters,R32,6-1 7-5,45,34,75,38,88,ATP-2025-5014-351,2025-5014,3,0.8682016154333125,0.7624956810764365,0.7784690741084136,0.7609545279923524
atp:132686,atp:209992,2025-10-01,2025,2025,hard,Shanghai Masters,R32,7-6(5) 4-6 6-3,101,68,93,62,88,ATP-2025-5014-352,2025-5014,3,0.6362316783919209,0.590575405872799,0.5921105213477891,0.5901622971531244
atp:106421,atp:200221,2025-10-01,2025,2025,hard,Shanghai Masters,R32,6-3 7-6(5),61,48,80,49,88,ATP-2025-5014-353,2025-5014,3,0.6382565864282884,0.5881090683133203,0.5935201512610595,0.5893307570639588
atp:210530,atp:111815,2025-10-01,2025,2025,hard,Shanghai Masters,R32,7-6(4) 6-3,74,47,69,38,88,ATP-2025-5014-354,2025-5014,3,0.38132680920224515,0.4218657237955077,0.42003892659064573,0.4181581289325518
atp:206173,atp:127157,2025-10-01,2025,2025,hard,Shanghai Masters,R64,6-3 6-3,54,39,61,35,88,ATP-2025-5014-307,2025-5014,3,0.9943560879572793,0.945530195336589,0.969161836676612,0.944697221107048
atp:134868,atp:202385,2025-10-01,2025,2025,hard,Shanghai Masters,R64,6-1 1-6 6-1,67,42,60,31,88,ATP-2025-5014-308,2025-5014,3,0.44867227134674675,0.4650593581329401,0.465714437697497,0.4675676464042666
atp:207830,atp:208233,2025-10-01,2025,2025,hard,Shanghai Masters,R64,6-3 6-4,70,47,88,51,88,ATP-2025-5014-309,2025-5014,3,0.7980180529323477,0.7079653889928752,0.714219968203671,0.7089025708166986
atp:200473,atp:122330,2025-10-01,2025,2025,hard,Shanghai Masters,R64,3-6 6-3 6-4,83,59,80,56,88,ATP-2025-5014-310,2025-5014,3,0.23357445254579798,0.30728158086551416,0.31170553872277723,0.3021664413841247
atp:208029,atp:202104,2025-10-01,2025,2025,hard,Shanghai Masters,R64,7-5 6-4,68,41,71,38,88,ATP-2025-5014-311,2025-5014,3,0.8937093620328506,0.7897750349987261,0.80525514989948,0.78674163916648
atp:200005,atp:111442,2025-10-01,2025,2025,hard,Shanghai Masters,R64,6-3 7-6(4),71,51,75,47,88,ATP-2025-5014-312,2025-5014,3,0.635039790041935,0.5880569716154136,0.5912816585509143,0.5889688473115171
atp:208659,atp:208134,2025-10-01,2025,2025,hard,Shanghai Masters,R64,6-3 7-6(4),76,54,65,41,88,ATP-2025-5014-313,2025-5014,3,0.49691542500705793,0.4991900896777737,0.4979436021780496,0.4989575430459431
atp:126203,atp:206681,2025-10-01,2025,2025,hard,Shanghai Masters,R64,2-6 7-6(4) 7-6(1),93,70,109,76,88,ATP-2025-5014-314,2025-5014,3,0.8562007029353863,0.7574412120108729,0.766632098472277,0.755544277825015
atp:104925,atp:105227,2025-10-01,2025,2025,hard,Shanghai Masters,R64,7-6(2) 6-4,73,55,56,41,88,ATP-2025-5014-315,2025-5014,3,0.9333447838796642,0.8345851169932346,0.8531463069280332,0.8358290547217067
atp:105870,atp:126207,2025-10-01,2025,2025,hard,Shanghai Masters,R64,6-7(9) 6-2 6-1,96,65,98,58,88,ATP-2025-5014-316,2025-5014,3,0.21583639256891576,0.3076282969863193,0.2973258347422517,0.3061042844605793
atp:144719,atp:207925,2025-10-01,2025,2025,hard,Shanghai Masters,R64,7-5 6-1,53,41,61,36,88,ATP-2025-5014-317,2025-5014,3,0.6860879439308709,0.6266112591183193,0.6274428085088959,0.6226163287694563
atp:106415,atp:126094,2025-10-01,2025,2025,hard,Shanghai Masters,R64,2-6 6-1 6-4,74,52,65,43,88,ATP-2025-5014-318,2025-5014,3,0.08574569781536329,0.19040107594460565,0.1711051209162464,0.1865062379214047
atp:200267,atp:134770,2025-10-01,2025,2025,hard,Shanghai Masters,R64,3-6 7-5 4-1 RET,67,51,84,54,88,ATP-2025-5014-319,2025-5014,3,0.303968521707984,0.37122441953571306,0.36532775067155254,0.3704340914228882
atp:202103,atp:105173,2025-10-01,2025,2025,hard,Shanghai Masters,R64,7-6(3) 7-6(4),82,56,89,56,88,ATP-2025-5014-320,2025-5014,3,0.5131457906988214,0.5090446683124867,0.5087649826442582,0.5090124543176078
atp:209113,atp:126127,2025-10-01,2025,2025,hard,Shanghai Masters,R64,6-4 6-4,49,40,61,38,88,ATP-2025-5014-321,2025-5014,3,0.49887675325214126,0.5021237595983014,0.49925116813491655,0.5005747073939473
atp:105676,atp:210097,2025-10-01,2025,2025,hard,Shanghai Masters,R64,6-2 6-4,52,39,43,27,88,ATP-2025-5014-322,2025-5014,3,0.1040299471073425,0.20872843098424798,0.1922454258023165,0.217028690655634
atp:207518,atp:207681,2025-10-01,2025,2025,hard,Shanghai Masters,R64,6-4 6-0,43,32,48,24,88,ATP-2025-5014-323,2025-5014,3,0.8001623253300211,0.7090070094761183,0.7160339314947828,0.7059273659320664
atp:209260,atp:207352,2025-10-01,2025,2025,hard,Shanghai Masters,R64,6-4 6-4,52,39,55,34,88,ATP-2025-5014-324,2025-5014,3,0.3281254711420997,0.38525590005075694,0.3827756100356315,0.3807434717158908
atp:207411,atp:210150,2025-10-01,2025,2025,hard,Shanghai Masters,R64,4-6 7-6(2) 6-4,101,72,102,68,88,ATP-2025-5014-325,2025-5014,3,0.28627018671597143,0.35438013455420175,0.3522769395360616,0.3544580232287302
atp:200000,atp:126214,2025-10-01,2025,2025,hard,Shanghai Masters,R64,6-3 6-3,67,44,54,31,88,ATP-2025-5014-326,2025-5014,3,0.8589010938942446,0.7621481362055904,0.7692583966729974,0.7575767614347284
atp:208103,atp:111460,2025-10-01,2025,2025,hard,Shanghai Masters,R64,6-4 7-5,58,45,60,39,88,ATP-2025-5014-327,2025-5014,3,0.7680177195445521,0.6871367206206129,0.6895681649192136,0.6895806061330436
atp:133430,atp:106331,2025-10-01,2025,2025,hard,Shanghai Masters,R64,6-3 6-2,54,37,49,24,88,ATP-2025-5014-328,2025-5014,3,0.7797504155753598,0.6909890314068439,0.6990563550665942,0.6915808435257526
atp:126239,atp:210506,2025-10-01,2025,2025,hard,Shanghai Masters,R64,6-3 6-4,64,41,60,35,88,ATP-2025-5014-329,2025-5014,3,0.4929295606891589,0.49475590027134175,0.4952861992303186,0.4944835280830748
atp:100644,atp:208316,2025-10-01,2025,2025,hard,Shanghai Masters,R64,6-4 6-4,61,44,62,40,88,ATP-2025-5014-330,2025-5014,3,0.8749701426298923,0.7768045708572104,0.7853450741749485,0.7763931309797778
atp:200282,atp:200116,2025-10-01,2025,2025,hard,Shanghai Masters,R64,6-4 6-2,45,37,63,36,88,ATP-2025-5014-331,2025-5014,3,0.9753785419500687,0.8867585416494317,0.920766323612738,0.89192361202187
atp:111794,atp:206909,2025-10-01,2025,2025,hard,Shanghai Masters,R64,6-4 6-0,49,33,54,26,88,ATP-2025-5014-332,2025-5014,3,0.39140668823810126,0.42989620344160173,0.42695913231446986,0.4302555231545908
atp:132686,atp:126846,2025-10-01,2025,2025,hard,Shanghai Masters,R64,7-6(7) 6-4,73,50,75,47,88,ATP-2025-5014-333,2025-5014,3,0.6955887144048518,0.6352066245200945,0.6343488350838266,0.6301837805729854
atp:209992,atp:111575,2025-10-01,2025,2025,hard,Shanghai Masters,R64,7-6(3) 6-3,65,45,62,38,88,ATP-2025-5014-334,2025-5014,3,0.14762981907455777,0.24804438771854226,0.23705833332691686,0.2476644501483695
atp:106421,atp:207494,2025-10-01,2025,2025,hard,Shanghai Masters,R64,6-1 6-1,35,28,43,16,88,ATP-2025-5014-335,2025-5014,3,0.9455204522875513,0.8476305343525032,0.8701862764817507,0.8473500191346232
atp:200221,atp:208286,2025-10-01,2025,2025,hard,Shanghai Masters,R64,6-4 6-4,64,45,58,39,88,ATP-2025-5014-336,2025-5014,3,0.7097048095620332,0.6397013519888286,0.6447331270239006,0.6394591928365118
atp:111815,atp:209070,2025-10-01,2025,2025,hard,Shanghai Masters,R64,6-3 0-6 7-6(5),68,49,84,58,88,ATP-2025-5014-337,2025-5014,3,0.5074975879980409,0.5101265785580684,0.5049986001508541,0.5026446588422055
atp:210530,atp:144895,2025-10-01,2025,2025,hard,Shanghai Masters,R64,4-6 6-4 6-4,81,47,101,57,88,ATP-2025-5014-338,2025-5014,3,0.419841401068311,0.44942329436998096,0.4463037873330749,0.4455111188097189
atp:200473,atp:104925,2025-10-01,2025,2025,hard,Shanghai Masters,SF,6-3 6-4,57,40,61,34,88,ATP-2025-5014-367,2025-5014,3,0.038905814850330116,0.11251058212763683,0.10546239861703298,0.1103170939368298
atp:126239,atp:106421,2025-10-01,2025,2025,hard,Shanghai Masters,SF,4-6 6-2 6-4,111,69,78,51,88,ATP-2025-5014-368,2025-5014,3,0.20621028925742252,0.29500322213862884,0.2893352521025922,0.2979824052458931
atp:134770,atp:200005,2025-10-13,2025,2025,hard,Stockholm,F,6-2 6-3,39,36,49,27,88,ATP-2025-0429-385,2025-0429,3,0.42815371608913133,0.45232830754105635,0.4519177201155692,0.4549264868553609
atp:134770,atp:200624,2025-10-13,2025,2025,hard,Stockholm,QF,6-7(5) 6-4 6-4,100,70,109,70,88,ATP-2025-0429-379,2025-0429,3,0.37432957458298755,0.4176042135960406,0.41521250216130223,0.4196859057071079
atp:133430,atp:111200,2025-10-13,2025,2025,hard,Stockholm,QF,6-4 6-7(3) 6-1,91,58,107,58,88,ATP-2025-0429-380,2025-0429,3,0.8331303228645011,0.7374531687560223,0.7449741547857519,0.7371064803192051
atp:200005,atp:132283,2025-10-13,2025,2025,hard,Stockholm,QF,6-7(3) 6-0 6-3,110,72,90,55,88,ATP-2025-0429-381,2025-0429,3,0.6542140065459764,0.599810695674575,0.604697324673559,0.6027226503457856
atp:208029,atp:144869,2025-10-13,2025,2025,hard,Stockholm,QF,6-7(4) 6-3 6-4,81,57,120,68,88,ATP-2025-0429-382,2025-0429,3,0.678916466839287,0.6176242389124723,0.6222708050916298,0.617185276190783
atp:134770,atp:105227,2025-10-13,2025,2025,hard,Stockholm,R16,7-6(2) 6-4,51,43,96,55,88,ATP-2025-0429-371,2025-0429,3,0.566450318538125,0.543203798268147,0.5444462030131441,0.5432572791874954
atp:200624,atp:111794,2025-10-13,2025,2025,hard,Stockholm,R16,6-4 4-6 7-5,101,68,124,76,88,ATP-2025-0429-372,2025-0429,3,0.6532698829607709,0.6041601169457501,0.6040324718409562,0.6027483633315835
atp:133430,atp:209863,2025-10-13,2025,2025,hard,Stockholm,R16,6-2 5-7 6-1,78,51,104,51,88,ATP-2025-0429-373,2025-0429,3,0.9318164546847479,0.8424874156243392,0.851104271332039,0.8421615375345406
atp:111200,atp:207985,2025-10-13,2025,2025,hard,Stockholm,R16,6-2 6-2,46,34,51,26,88,ATP-2025-0429-374,2025-0429,3,0.32320832272468586,0.3764805727141891,0.37925514400880717,0.3794185381628059
atp:132283,atp:206499,2025-10-13,2025,2025,hard,Stockholm,R16,7-6(3) 6-1,62,47,52,31,88,ATP-2025-0429-375,2025-0429,3,0.5751124506186652,0.5468024871341723,0.5502862585041152,0.5530254016541869
atp:200005,atp:126610,2025-10-13,2025,2025,hard,Stockholm,R16,7-6(5) 6-3,59,45,65,43,88,ATP-2025-0429-376,2025-0429,3,0.4280119583838559,0.454576623073527,0.45182211270881584,0.4520484632213335
atp:144869,atp:200175,2025-10-13,2025,2025,hard,Stockholm,R16,6-4 4-6 6-3,117,74,74,49,88,ATP-2025-0429-377,2025-0429,3,0.5027775129372665,0.5037689822849286,0.5018516858730516,0.5026803960103687
atp:208029,atp:105916,2025-10-13,2025,2025,hard,Stockholm,R16,6-4 6-4,70,45,68,39,88,ATP-2025-0429-378,2025-0429,3,0.5471707836059324,0.5328316536278059,0.5314992163806198,0.5342170363162868
atp:105227,atp:149282,2025-10-13,2025,2025,hard,Stockholm,R32,7-5 6-3,59,45,71,46,88,ATP-2025-0429-359,2025-0429,3,0.6123027820302025,0.58276109501266,0.5755832877035558,0.5831599660815523
atp:111794,atp:209209,2025-10-13,2025,2025,hard,Stockholm,R32,6-2 6-2,59,38,60,29,88,ATP-2025-0429-360,2025-0429,3,0.7128154152334824,0.6455898864388345,0.6470426294352989,0.6466593471589754
atp:200624,atp:200615,2025-10-13,2025,2025,hard,Stockholm,R32,6-7(4) 6-1 6-3,92,58,112,58,88,ATP-2025-0429-361,2025-0429,3,0.5564588954486663,0.5371095209620507,0.5377286189886328,0.5415753165921878
atp:209863,atp:124116,2025-10-13,2025,2025,hard,Stockholm,R32,6-3 6-4,65,46,52,35,88,ATP-2025-0429-362,2025-0429,3,0.1918943656171586,0.27255688680613804,0.277178921677141,0.2750667251610739
atp:111200,atp:144707,2025-10-13,2025,2025,hard,Stockholm,R32,6-2 7-6(4),63,45,69,43,88,ATP-2025-0429-363,2025-0429,3,0.35710887074205244,0.40401980003382754,0.40324641040766573,0.4030277825617864
atp:207985,atp:134868,2025-10-13,2025,2025,hard,Stockholm,R32,6-3 6-7(6) 7-6(5),101,71,113,71,88,ATP-2025-0429-364,2025-0429,3,0.4818759310736932,0.488313613995803,0.4879143457857495,0.4867240001992364
atp:206499,atp:200116,2025-10-13,2025,2025,hard,Stockholm,R32,4-6 7-5 4-0 RET,89,54,77,44,88,ATP-2025-0429-365,2025-0429,3,0.6761854745913927,0.6180896857241369,0.6203100275587126,0.6215994630028924
atp:132283,atp:209259,2025-10-13,2025,2025,hard,Stockholm,R32,6-4 6-2,60,40,60,32,88,ATP-2025-0429-366,2025-0429,3,0.6710121402871247,0.6163879743242154,0.6166084873344209,0.6142916299631329
atp:126610,atp:206748,2025-10-13,2025,2025,hard,Stockholm,R32,6-4 6-2,61,39,50,28,88,ATP-2025-0429-367,2025-0429,3,0.8400574959203387,0.7487287784758849,0.7513397844806585,0.75246067541536
atp:200175,atp:124186,2025-10-13,2025,2025,hard,Stockholm,R32,6-4 6-1,46,29,64,29,88,ATP-2025-0429-368,2025-0429,3,0.6869599189318947,0.6217985435367438,0.6280740132730911,0.627241373620629
atp:144869,atp:210136,2025-10-13,2025,2025,hard,Stockholm,R32,7-6(5) 6-7(5) 6-3,104,68,100,65,88,ATP-2025-0429-369,2025-0429,3,0.43652308667183454,0.45568906851138263,0.4575548848989813,0.4540875850945888
atp:105916,atp:207411,2025-10-13,2025,2025,hard,Stockholm,R32,6-1 6-2,51,33,41,16,88,ATP-2025-0429-370,2025-0429,3,0.6835822814087341,0.623130780618923,0.6256318742280723,0.6244707282445283
atp:134770,atp:133430,2025-10-13,2025,2025,hard,Stockholm,SF,6-3 6-4,63,43,54,32,88,ATP-2025-0429-383,2025-0429,3,0.39845154774959507,0.430794281656305,0.43177468782970246,0.4319752022008462
atp:200005,atp:208029,2025-10-13,2025,2025,hard,Stockholm,SF,4-6 2-2 RET,47,29,52,32,88,ATP-2025-0429-384,2025-0429,3,0.4634586173278294,0.47489378837096385,0.4756149285531308,0.4775003386706344
atp:200000,atp:208103,2025-10-13,2025,2025,hard,Brussels,F,7-6(2) 6-7(6) 6-2,101,78,113,75,88,ATP-2025-7485-385,2025-7485,3,0.6317340231110842,0.5888148296818771,0.5889860500353227,0.5884521556275988
atp:200000,atp:208118,2025-10-13,2025,2025,hard,Brussels,QF,6-2 7-6(6),73,50,65,40,88,ATP-2025-7485-379,2025-7485,3,0.9437799049086858,0.8480114050024051,0.8676584983797144,0.8462603838785439
atp:209920,atp:200221,2025-10-13,2025,2025,hard,Brussels,QF,7-6(5) 6-1,75,52,73,45,88,ATP-2025-7485-380,2025-7485,3,0.06887738191204523,0.1711033232416497,0.1498163616393856,0.1694266223758126
atp:208103,atp:126127,2025-10-13,2025,2025,hard,Brussels,QF,6-7(8) 6-1 4-1 RET,67,53,88,51,88,ATP-2025-7485-381,2025-7485,3,0.6818463588087872,0.6203403292365572,0.6243797174127922,0.6228098288914363
atp:208659,atp:207518,2025-10-13,2025,2025,hard,Brussels,QF,6-4 7-6(8),62,51,69,49,88,ATP-2025-7485-382,2025-7485,3,0.17136095360891612,0.260978005031495,0.25909550588755026,0.2638983009322306
atp:200000,atp:106000,2025-10-13,2025,2025,hard,Brussels,R16,7-6(3) 4-6 7-6(5),105,74,139,91,88,ATP-2025-7485-371,2025-7485,3,0.899194946386899,0.7952032101479811,0.8113604333170263,0.7931387016537201
atp:208118,atp:122298,2025-10-13,2025,2025,hard,Brussels,R16,7-5 6-0,46,36,58,29,88,ATP-2025-7485-372,2025-7485,3,0.17977582841266831,0.27318055991887613,0.2666059656219556,0.2725745193197678
atp:200221,atp:106218,2025-10-13,2025,2025,hard,Brussels,R16,6-7(5) 6-1 6-4,99,69,90,58,88,ATP-2025-7485-373,2025-7485,3,0.7197744281641314,0.6478182485648243,0.6522389366015819,0.6489366576035867
atp:209920,atp:207681,2025-10-13,2025,2025,hard,Brussels,R16,7-5 3-6 7-6(10),98,68,113,78,88,ATP-2025-7485-374,2025-7485,3,0.23926515155485603,0.3209600094057466,0.31623219054081814,0.3266982271551519
atp:126127,atp:208316,2025-10-13,2025,2025,hard,Brussels,R16,7-6(3) 4-6 6-1,80,62,96,59,88,ATP-2025-7485-375,2025-7485,3,0.5447350408156381,0.5309424364896012,0.529867720432134,0.5295723169456077
atp:208103,atp:211451,2025-10-13,2025,2025,hard,Brussels,R16,6-3 6-2,46,37,57,30,88,ATP-2025-7485-376,2025-7485,3,0.9042943491889511,0.8228368297668893,0.8171642212861759,0.8164226834378114
atp:208659,atp:105932,2025-10-13,2025,2025,hard,Brussels,R16,7-5 0-0 RET,28,24,33,23,88,ATP-2025-7485-377,2025-7485,3,0.4464473263649564,0.46043757834878885,0.46422200433593214,0.4634345038986366
atp:207518,atp:105870,2025-10-13,2025,2025,hard,Brussels,R16,7-6(3) 7-5,67,53,68,50,88,ATP-2025-7485-378,2025-7485,3,0.8794554129204591,0.7739510814983742,0.7899883915299792,0.7720809266831081
atp:106000,atp:210748,2025-10-13,2025,2025,hard,Brussels,R32,6-7(5) 6-2 7-6(3),93,71,139,82,88,ATP-2025-7485-359,2025-7485,3,0.5935888712859516,0.5628762177607665,0.5628034957825074,0.5653489129462324
atp:208118,atp:124079,2025-10-13,2025,2025,hard,Brussels,R32,6-4 6-1,47,37,49,26,88,ATP-2025-7485-360,2025-7485,3,0.5513386999196476,0.5348850960690701,0.5342929196306108,0.5332510405099202
atp:122298,atp:211663,2025-10-13,2025,2025,hard,Brussels,R32,7-5 7-6(2),72,51,96,55,88,ATP-2025-7485-361,2025-7485,3,0.3451686731104663,0.3966154625851386,0.3948677045290538,0.3959684704546391
atp:106218,atp:208233,2025-10-13,2025,2025,hard,Brussels,R32,6-3 6-4,55,42,63,37,88,ATP-2025-7485-362,2025-7485,3,0.6355442942891462,0.5884923180325804,0.5916324232507336,0.5882214504951512
atp:207681,atp:105676,2025-10-13,2025,2025,hard,Brussels,R32,7-6(5) 6-4,70,46,63,37,88,ATP-2025-7485-363,2025-7485,3,0.6045527771379181,0.5694262207325234,0.5702769265100198,0.5679533873149623
atp:209920,atp:200267,2025-10-13,2025,2025,hard,Brussels,R32,6-4 7-6(5),74,51,82,53,88,ATP-2025-7485-364,2025-7485,3,0.28643165501104145,0.35574252875666507,0.352397143855828,0.3539800661332837
atp:208316,atp:202104,2025-10-13,2025,2025,hard,Brussels,R32,6-2 6-3,45,37,58,32,88,ATP-2025-7485-365,2025-7485,3,0.7658306977349324,0.6849141282388425,0.6878194144452736,0.6824241133794209
atp:126127,atp:124187,2025-10-13,2025,2025,hard,Brussels,R32,6-4 6-4,52,42,54,34,88,ATP-2025-7485-366,2025-7485,3,0.5646754595784248,0.541400897320491,0.5432515217966448,0.5427351652431437
atp:211451,atp:127157,2025-10-13,2025,2025,hard,Brussels,R32,6-4 6-7(10) 6-3,110,75,92,61,88,ATP-2025-7485-367,2025-7485,3,0.2789987422255352,0.34073525759430556,0.3468406354471823,0.3382250978793034
atp:208659,atp:200325,2025-10-13,2025,2025,hard,Brussels,R32,7-6(4) 6-7(5) 6-4,109,83,97,74,88,ATP-2025-7485-368,2025-7485,3,0.38954924405383884,0.423474652542635,0.4256866694517919,0.4287756473777517
atp:105932,atp:111460,2025-10-13,2025,2025,hard,Brussels,R32,6-4 6-4,66,48,66,40,88,ATP-2025-7485-369,2025-7485,3,0.5103074642871059,0.5054283735838947,0.506872183747417,0.5019624177667688
atp:105870,atp:208286,2025-10-13,2025,2025,hard,Brussels,R32,6-7(4) 6-4 6-4,95,70,102,67,88,ATP-2025-7485-370,2025-7485,3,0.3093259351538241,0.3742998305613491,0.3692315231317956,0.3762251118104657
atp:200000,atp:209920,2025-10-13,2025,2025,hard,Brussels,SF,7-6(2) 6-4,69,51,74,48,88,ATP-2025-7485-383,2025-7485,3,0.9597011090548578,0.8667440546800075,0.8922114734008844,0.868573200506283
atp:208103,atp:208659,2025-10-13,2025,2025,hard,Brussels,SF,7-6(3) 7-6(7),67,60,81,61,88,ATP-2025-7485-384,2025-7485,3,0.7775867797549989,0.7006792611011796,0.6972926785695139,0.7005595946878989
atp:106421,atp:144895,2025-10-13,2025,2025,hard,Almaty,F,7-5 4-6 6-3,94,59,96,57,88,ATP-2025-9410-386,2025-9410,3,0.809918582801717,0.7134274024780634,0.7243855528543358,0.7129056016609243
atp:106421,atp:206681,2025-10-13,2025,2025,hard,Almaty,QF,7-5 6-2,59,45,53,32,88,ATP-2025-9410-380,2025-9410,3,0.8032517787138386,0.7058523159666232,0.7186608988970695,0.7070691331537118
atp:105902,atp:207925,2025-10-13,2025,2025,hard,Almaty,QF,6-3 6-2,55,42,85,45,88,ATP-2025-9410-381,2025-9410,3,0.3879666048302577,0.4278404888661511,0.424601509926998,0.4253490567954315
atp:210506,atp:208278,2025-10-13,2025,2025,hard,Almaty,QF,6-3 3-6 6-2,101,60,92,49,88,ATP-2025-9410-382,2025-9410,3,0.74172069210509,0.6640095679017973,0.668916236282987,0.6626924433110202
atp:144895,atp:105526,2025-10-13,2025,2025,hard,Almaty,QF,6-4 7-5,80,47,64,36,88,ATP-2025-9410-383,2025-9410,3,0.46432889852249387,0.4741388160601484,0.4761968031094893,0.4705959294364674
atp:106421,atp:200443,2025-10-13,2025,2025,hard,Almaty,R16,7-5 7-6(0),90,61,69,45,88,ATP-2025-9410-372,2025-9410,3,0.8081392893169065,0.7147348872583923,0.7228500673190212,0.7161141718497731
atp:206681,atp:206909,2025-10-13,2025,2025,hard,Almaty,R16,7-6(5) 6-1,59,44,61,38,88,ATP-2025-9410-373,2025-9410,3,0.369440217746887,0.4134201393891591,0.4118282293707018,0.4139470112495518
atp:207925,atp:208014,2025-10-13,2025,2025,hard,Almaty,R16,6-4 7-5,58,41,66,39,88,ATP-2025-9410-374,2025-9410,3,0.7256409788394154,0.6520026682418011,0.6566524954936176,0.6470153554304294
atp:105902,atp:209113,2025-10-13,2025,2025,hard,Almaty,R16,7-6(3) 6-7(3) 6-4,95,75,115,80,88,ATP-2025-9410-375,2025-9410,3,0.340866878641753,0.3939763139012854,0.3918309628063897,0.3912711238249294
atp:210506,atp:126846,2025-10-13,2025,2025,hard,Almaty,R16,6-3 6-2,47,36,51,29,88,ATP-2025-9410-376,2025-9410,3,0.6796226135970879,0.6210593995663194,0.6227785745512815,0.6226841217332959
atp:208278,atp:209260,2025-10-13,2025,2025,hard,Almaty,R16,6-3 6-3,45,33,61,34,88,ATP-2025-9410-377,2025-9410,3,0.5115458026152029,0.5062611527570979,0.5076979619737296,0.5110450951200433
atp:144895,atp:207686,2025-10-13,2025,2025,hard,Almaty,R16,7-5 6-3,69,43,73,39,88,ATP-2025-9410-378,2025-9410,3,0.7820097045366224,0.6929120844929069,0.7009049919018492,0.6867112339557122
atp:105526,atp:111575,2025-10-13,2025,2025,hard,Almaty,R16,4-6 7-6(5) 6-3,108,73,107,73,88,ATP-2025-9410-379,2025-9410,3,0.2614702634156073,0.3371892055558354,0.33353780394375754,0.3367902470596228
atp:200443,atp:209262,2025-10-13,2025,2025,hard,Almaty,R32,7-6(4) 6-7(3) 6-2,110,76,96,66,88,ATP-2025-9410-360,2025-9410,3,0.5008559179728403,0.5019537447660967,0.5005706122915441,0.504394823419552
atp:206681,atp:208134,2025-10-13,2025,2025,hard,Almaty,R32,7-6(3) 6-3,60,43,69,41,88,ATP-2025-9410-361,2025-9410,3,0.6665033789182497,0.6097393305943095,0.6133956442390178,0.6119966427877244
atp:206909,atp:209098,2025-10-13,2025,2025,hard,Almaty,R32,7-6(5) 6-2,59,46,71,47,88,ATP-2025-9410-362,2025-9410,3,0.4821033106537308,0.48513160650172044,0.4880660415418711,0.488720198578858
atp:208014,atp:207608,2025-10-13,2025,2025,hard,Almaty,R32,7-6(3) 2-6 6-3,101,62,79,53,88,ATP-2025-9410-363,2025-9410,3,0.5445066883923516,0.5286616444708172,0.5297148081208016,0.5321691883452959
atp:105902,atp:200259,2025-10-13,2025,2025,hard,Almaty,R32,6-3 6-4,57,43,55,35,88,ATP-2025-9410-364,2025-9410,3,0.5006958024635748,0.5009887312592516,0.5004638684754039,0.5000818382545067
atp:209113,atp:212788,2025-10-13,2025,2025,hard,Almaty,R32,6-3 6-1,37,32,59,31,88,ATP-2025-9410-365,2025-9410,3,0.7914801995073691,0.7106775425367178,0.7087348048311135,0.7120232370508155
atp:210506,atp:202320,2025-10-13,2025,2025,hard,Almaty,R32,6-2 6-3,63,40,47,23,88,ATP-2025-9410-366,2025-9410,3,0.7867986602295484,0.7048274656045515,0.7048477030689361,0.7084082497427275
atp:126846,atp:209916,2025-10-13,2025,2025,hard,Almaty,R32,6-4 3-6 6-1,79,51,100,56,88,ATP-2025-9410-367,2025-9410,3,0.8488210246025166,0.7670257091276239,0.7595576677258983,0.7634208305179763
atp:208278,atp:209070,2025-10-13,2025,2025,hard,Almaty,R32,6-4 6-4,64,45,56,36,88,ATP-2025-9410-368,2025-9410,3,0.2392211014221029,0.31675733130305633,0.316197302831206,0.3214744107934028
atp:144895,atp:106071,2025-10-13,2025,2025,hard,Almaty,R32,6-1 7-6(9),84,57,80,47,88,ATP-2025-9410-369,2025-9410,3,0.8442141267658526,0.7509901881922031,0.7552138176270599,0.7495256431942801
atp:207686,atp:111513,2025-10-13,2025,2025,hard,Almaty,R32,7-6(1) 7-6(12),91,66,97,66,88,ATP-2025-9410-370,2025-9410,3,0.29557879115544267,0.36370334125974757,0.35917177205275075,0.364025439125606
atp:105526,atp:111456,2025-10-13,2025,2025,hard,Almaty,R32,2-6 6-3 6-4,74,54,65,47,88,ATP-2025-9410-371,2025-9410,3,0.6097039776110735,0.5748397825192993,0.5738015974197389,0.5738113319226559
atp:106421,atp:105902,2025-10-13,2025,2025,hard,Almaty,SF,6-7(8) 6-3 6-2,94,69,100,61,88,ATP-2025-9410-384,2025-9410,3,0.8926639292896216,0.7857430113338557,0.8041069770378811,0.7864642888481297
atp:144895,atp:210506,2025-10-13,2025,2025,hard,Almaty,SF,7-5 6-4,98,56,69,38,88,ATP-2025-9410-385,2025-9410,3,0.503292975472229,0.5006089534059344,0.5021953346153876,0.4992644155830542
atp:211663,atp:200221,2025-10-20,2025,2025,hard,Basel,F,6-3 6-4,61,42,69,37,88,ATP-2025-0328-385,2025-0328,3,0.503317456430125,0.5039168911689837,0.502211655650208,0.4975130529632522
atp:144719,atp:200000,2025-10-20,2025,2025,hard,Basel,QF,6-3 0-0 RET,29,23,34,20,88,ATP-2025-0328-379,2025-0328,3,0.28842759911414223,0.35750339369805373,0.35388121738470424,0.3558650707548313
atp:211663,atp:133430,2025-10-20,2025,2025,hard,Basel,QF,3-6 6-3 4-1 RET,63,37,71,38,88,ATP-2025-0328-380,2025-0328,3,0.553775123207183,0.5399788035932162,0.5359272522004014,0.5347689977968891
atp:200221,atp:134770,2025-10-20,2025,2025,hard,Basel,QF,7-6(1) 0-0 RET,34,27,51,32,88,ATP-2025-0328-381,2025-0328,3,0.6550186456087221,0.6015557066920633,0.6052643221082176,0.6027578221884784
atp:200005,atp:124187,2025-10-20,2025,2025,hard,Basel,QF,7-6(0) 6-4,58,48,62,44,88,ATP-2025-0328-382,2025-0328,3,0.6560151829907915,0.6087979485292683,0.6059670180149794,0.6079464037479654
atp:144719,atp:210097,2025-10-20,2025,2025,hard,Basel,R16,6-3 6-4,53,41,60,38,88,ATP-2025-0328-371,2025-0328,3,0.3090440203676308,0.36903223294853926,0.36902661215885707,0.3749836737214446
atp:200000,atp:105227,2025-10-20,2025,2025,hard,Basel,R16,7-6(2) 7-6(2),68,56,75,52,88,ATP-2025-0328-372,2025-0328,3,0.7994684832006668,0.7057000639988686,0.7154461441534035,0.708142571865688
atp:133430,atp:208316,2025-10-20,2025,2025,hard,Basel,R16,7-6(3) 6-2,62,44,61,38,88,ATP-2025-0328-373,2025-0328,3,0.6784414719231094,0.6225744131052837,0.6219294304663295,0.6224312987165493
atp:200221,atp:202385,2025-10-20,2025,2025,hard,Basel,R16,6-7(6) 6-4 7-5,120,78,97,64,88,ATP-2025-0328-375,2025-0328,3,0.6936570550891408,0.6277714631564104,0.6329395367865827,0.633499710041119
atp:134770,atp:104527,2025-10-20,2025,2025,hard,Basel,R16,6-4 7-6(5),64,45,72,46,88,ATP-2025-0328-376,2025-0328,3,0.7646713923220135,0.6792078353126698,0.6868948643956856,0.6772082635590642
atp:124187,atp:122298,2025-10-20,2025,2025,hard,Basel,R16,7-6(5) 6-7(7) 6-3,114,88,112,83,88,ATP-2025-0328-377,2025-0328,3,0.3981789150735319,0.4299866195752158,0.43158863083890997,0.4323815784551122
atp:200005,atp:126203,2025-10-20,2025,2025,hard,Basel,R16,6-3 6-4,65,46,58,38,88,ATP-2025-0328-378,2025-0328,3,0.2238346499554444,0.31004060846872006,0.3038624837475473,0.3057403541961235
atp:210097,atp:111794,2025-10-20,2025,2025,hard,Basel,R32,6-7(2) 6-3 7-6(7),114,77,113,77,88,ATP-2025-0328-355,2025-0328,3,0.7618677606346669,0.6806134653036013,0.684665820207456,0.6781868624198311
atp:144719,atp:200329,2025-10-20,2025,2025,hard,Basel,R32,6-2 6-4,56,40,54,32,88,ATP-2025-0328-356,2025-0328,3,0.8760718062011922,0.7862049601649843,0.786478943228337,0.7834960383435845
atp:105227,atp:105676,2025-10-20,2025,2025,hard,Basel,R32,7-6(9) 7-5,72,57,72,52,88,ATP-2025-0328-357,2025-0328,3,0.6622545607613008,0.6077675000938028,0.6103788629506467,0.6074048891117819
atp:200000,atp:209113,2025-10-20,2025,2025,hard,Basel,R32,6-2 7-5,64,44,89,47,88,ATP-2025-0328-358,2025-0328,3,0.7841150861566089,0.6962229382568214,0.7026342372480784,0.6949377636149088
atp:133430,atp:106218,2025-10-20,2025,2025,hard,Basel,R32,6-7(3) 6-0 7-6(4),102,67,94,57,88,ATP-2025-0328-359,2025-0328,3,0.6645044612892825,0.6110285504493407,0.6119750697811484,0.6129248651850356
atp:208316,atp:209920,2025-10-20,2025,2025,hard,Basel,R32,6-4 7-6(5),78,52,58,43,88,ATP-2025-0328-360,2025-0328,3,0.7830537515398899,0.6975842453152608,0.7017617191746847,0.6974740283901497
atp:211663,atp:208659,2025-10-20,2025,2025,hard,Basel,R32,7-6(6) 6-3,68,52,66,45,88,ATP-2025-0328-361,2025-0328,3,0.7798630984805142,0.7023972190602144,0.6991483863207456,0.702118308448773
atp:210150,atp:148679,2025-10-20,2025,2025,hard,Basel,R32,7-6(1) 6-7(7) 6-3,109,82,105,72,88,ATP-2025-0328-362,2025-0328,3,0.8862185313640176,0.7969542458467938,0.7971305721049518,0.7956020944023858
atp:200221,atp:132283,2025-10-20,2025,2025,hard,Basel,R32,7-6(2) 6-4,72,50,82,50,88,ATP-2025-0328-363,2025-0328,3,0.7327355446202484,0.6580217240952935,0.6620323280092117,0.6543941045294006
atp:202385,atp:124186,2025-10-20,2025,2025,hard,Basel,R32,6-4 6-3,45,36,56,34,88,ATP-2025-0328-364,2025-0328,3,0.7344240607947357,0.6572791649716736,0.6633198320775665,0.6549836481904526
atp:104527,atp:200175,2025-10-20,2025,2025,hard,Basel,R32,6-1 7-6(3),59,42,60,35,88,ATP-2025-0328-365,2025-0328,3,0.29628290226138304,0.36320095677609887,0.3596904836952097,0.3638630089319511
atp:134770,atp:111460,2025-10-20,2025,2025,hard,Basel,R32,6-1 7-6(3),57,42,58,35,88,ATP-2025-0328-366,2025-0328,3,0.6658564816946472,0.6128946735601707,0.6129356600006816,0.6122800953450139
atp:122298,atp:208103,2025-10-20,2025,2025,hard,Basel,R32,6-2 6-2,58,40,62,32,88,ATP-2025-0328-367,2025-0328,3,0.35538568349991506,0.4048060550548095,0.402041581374854,0.4056226698352633
atp:124187,atp:202104,2025-10-20,2025,2025,hard,Basel,R32,6-3 6-4,51,42,66,41,88,ATP-2025-0328-368,2025-0328,3,0.7251284069193041,0.6509529736763137,0.6562656329978119,0.652592942660603
atp:200005,atp:200624,2025-10-20,2025,2025,hard,Basel,R32,6-3 6-4,54,41,48,29,88,ATP-2025-0328-369,2025-0328,3,0.4449243346270801,0.4627886854703908,0.4631999641621582,0.4612250947045965
atp:126203,atp:200473,2025-10-20,2025,2025,hard,Basel,R32,4-6 7-6(4) 7-5,116,73,111,69,88,ATP-2025-0328-370,2025-0328,3,0.911561482356437,0.8257380191763876,0.825668442016843,0.8304558642016899
atp:211663,atp:144719,2025-10-20,2025,2025,hard,Basel,SF,7-6(4) 7-5,75,55,80,52,88,ATP-2025-0328-383,2025-0328,3,0.5843732916922736,0.556345937881535,0.5565490980106131,0.5539347324309485
atp:200221,atp:200005,2025-10-20,2025,2025,hard,Basel,SF,7-6(4) 3-1 RET,58,43,48,33,88,ATP-2025-0328-384,2025-0328,3,0.5819147144192776,0.5517294048141551,0.5548843644197324,0.5555977097297391
atp:206173,atp:100644,2025-10-20,2025,2025,hard,Vienna,F,3-6 6-3 7-5,84,63,102,66,88,ATP-2025-0337-385,2025-0337,3,0.8521465239034745,0.7524540980823444,0.7627274274904169,0.7494436244175666
atp:207518,atp:144895,2025-10-20,2025,2025,hard,Vienna,QF,6-3 6-4,65,44,53,32,88,ATP-2025-0337-380,2025-0337,3,0.7529286678730518,0.6677826128501665,0.6776214383465725,0.6729889352461285
atp:200282,atp:126610,2025-10-20,2025,2025,hard,Vienna,QF,6-1 7-6(4),72,43,65,33,88,ATP-2025-0337-381,2025-0337,3,0.7251214224394639,0.6517734057574188,0.6562603631410918,0.6538412069539256
atp:206173,atp:122330,2025-10-20,2025,2025,hard,Vienna,QF,6-4 6-4,45,40,69,42,88,ATP-2025-0337-382,2025-0337,3,0.9615285998514636,0.8668949071884721,0.8952699743222144,0.869025508276009
atp:100644,atp:208286,2025-10-20,2025,2025,hard,Vienna,R16,6-4 6-4,53,41,59,38,88,ATP-2025-0337-371,2025-0337,3,0.8735323063809843,0.7679074409536902,0.7838715312014499,0.7702768380202939
atp:134868,atp:206909,2025-10-20,2025,2025,hard,Vienna,R16,7-6(4) 7-6(2),82,63,92,63,88,ATP-2025-0337-372,2025-0337,3,0.3494257729590944,0.3954788309409448,0.39786326563512,0.3968256795991016
atp:207518,atp:144869,2025-10-20,2025,2025,hard,Vienna,R16,6-3 6-4,63,45,55,33,88,ATP-2025-0337-373,2025-0337,3,0.7652186378874094,0.6836010797004944,0.6873310859411635,0.6794220057161205
atp:144895,atp:106421,2025-10-20,2025,2025,hard,Vienna,R16,7-6(3) 6-4,89,50,71,38,88,ATP-2025-0337-374,2025-0337,3,0.18578514449671574,0.2831428011162248,0.27188319424070423,0.2846361658515319
atp:126610,atp:111815,2025-10-20,2025,2025,hard,Vienna,R16,7-6(6) 6-7(9) 6-4,124,86,117,78,88,ATP-2025-0337-375,2025-0337,3,0.6450898860038918,0.5977509240822023,0.5982911826856958,0.5960414135142387
atp:200282,atp:209209,2025-10-20,2025,2025,hard,Vienna,R16,6-4 6-4,57,43,69,44,88,ATP-2025-0337-376,2025-0337,3,0.9457668050174268,0.8512019865795099,0.8705467787121417,0.8501483476957358
atp:122330,atp:202103,2025-10-20,2025,2025,hard,Vienna,R16,6-4 6-2,66,46,50,31,88,ATP-2025-0337-377,2025-0337,3,0.5666191233508321,0.5442341878579,0.5445598606216062,0.5414902100012298
atp:206173,atp:207925,2025-10-20,2025,2025,hard,Vienna,R16,6-2 7-6(4),65,47,79,49,88,ATP-2025-0337-378,2025-0337,3,0.9921870586180778,0.9321173315672018,0.9619265203334542,0.9297681451834092
atp:100644,atp:207985,2025-10-20,2025,2025,hard,Vienna,R32,6-4 1-6 7-6(5),80,58,103,69,88,ATP-2025-0337-355,2025-0337,3,0.8980434426776697,0.7894092709268727,0.8100673341259599,0.7943511126807332
atp:208286,atp:206499,2025-10-20,2025,2025,hard,Vienna,R32,7-5 6-4,71,49,76,48,88,ATP-2025-0337-356,2025-0337,3,0.6091460629520293,0.5738894794467195,0.5734194108334802,0.5745494312510455
atp:206909,atp:209260,2025-10-20,2025,2025,hard,Vienna,R32,6-2 7-5,54,40,81,47,88,ATP-2025-0337-357,2025-0337,3,0.8263045168643498,0.7287000155270789,0.7388062297621902,0.7281845975568737
atp:134868,atp:111575,2025-10-20,2025,2025,hard,Vienna,R32,6-3 5-7 6-4,82,63,87,61,88,ATP-2025-0337-358,2025-0337,3,0.21410408499258796,0.30029281149232695,0.2958980781655961,0.2989395005216012
atp:207518,atp:209098,2025-10-20,2025,2025,hard,Vienna,R32,6-4 6-3,49,39,59,34,88,ATP-2025-0337-359,2025-0337,3,0.600939639376119,0.5624319802007236,0.5678099160085139,0.5664176172331248
atp:144869,atp:149282,2025-10-20,2025,2025,hard,Vienna,R32,6-3 6-3,44,36,50,28,88,ATP-2025-0337-360,2025-0337,3,0.6078939064227523,0.5757046584295635,0.5725620414154595,0.576692631446577
atp:144895,atp:106000,2025-10-20,2025,2025,hard,Vienna,R32,6-3 6-0,37,30,48,22,88,ATP-2025-0337-361,2025-0337,3,0.6620205687490414,0.6068876111978347,0.6102130199845522,0.6038766465840864
atp:106421,atp:132686,2025-10-20,2025,2025,hard,Vienna,R32,6-4 6-7(7) 6-2,98,69,102,65,88,ATP-2025-0337-362,2025-0337,3,0.7899855200124498,0.6981511365701554,0.7074901619715573,0.6991469243062174
atp:111815,atp:126094,2025-10-20,2025,2025,hard,Vienna,R32,6-2 6-7(5) 6-2,82,61,96,56,88,ATP-2025-0337-363,2025-0337,3,0.2679226645660068,0.34511482633243884,0.33846880936802987,0.3456904329430573
atp:126610,atp:200615,2025-10-20,2025,2025,hard,Vienna,R32,7-6(5) 6-3,59,46,66,44,88,ATP-2025-0337-364,2025-0337,3,0.5709946299076776,0.5479782426315929,0.5475079807262138,0.5508958095550442
atp:209209,atp:200116,2025-10-20,2025,2025,hard,Vienna,R32,7-5 7-6(6),92,55,89,50,88,ATP-2025-0337-365,2025-0337,3,0.5897183921783342,0.5577978595008242,0.5601738301449879,0.5630095706654359
atp:200282,atp:200514,2025-10-20,2025,2025,hard,Vienna,R32,6-4 6-1,49,39,58,33,88,ATP-2025-0337-366,2025-0337,3,0.9199052567953291,0.8206331288554003,0.8358095359668826,0.8212400399785966
atp:122330,atp:126214,2025-10-20,2025,2025,hard,Vienna,R32,6-4 6-4,54,42,56,38,88,ATP-2025-0337-367,2025-0337,3,0.7286330079471764,0.6573436629604665,0.6589155728225801,0.6556350159130118
atp:202103,atp:210506,2025-10-20,2025,2025,hard,Vienna,R32,6-3 6-1,50,35,51,25,88,ATP-2025-0337-368,2025-0337,3,0.5826186090612615,0.5514100063920895,0.5553608224375699,0.5503276923668912
atp:207925,atp:207830,2025-10-20,2025,2025,hard,Vienna,R32,7-6(6) 6-2,60,48,81,52,88,ATP-2025-0337-369,2025-0337,3,0.2621552955212227,0.34555735480974165,0.3340632809779097,0.3384054684275935
atp:206173,atp:127157,2025-10-20,2025,2025,hard,Vienna,R32,6-0 6-2,32,28,45,18,88,ATP-2025-0337-370,2025-0337,3,0.9945930672463901,0.9424445348438237,0.970009769611497,0.9468308642160996
atp:100644,atp:207518,2025-10-20,2025,2025,hard,Vienna,SF,6-4 7-5,58,44,64,43,88,ATP-2025-0337-383,2025-0337,3,0.6866739621997175,0.6290708840598832,0.6278669579274041,0.6297374674034969
atp:206173,atp:200282,2025-10-20,2025,2025,hard,Vienna,SF,6-3 6-4,57,38,50,27,88,ATP-2025-0337-384,2025-0337,3,0.8708292145716456,0.7619785377099912,0.7811203079715159,0.7635227906329478
atp:206173,atp:200000,2025-10-27,2025,2025,hard,Paris Masters,F,6-4 7-6(4),61,51,73,50,88,ATP-2025-0352-373,2025-0352,3,0.9118540835477619,0.8054387903243845,0.826016976688345,0.8079056012535082
atp:206173,atp:210097,2025-10-27,2025,2025,hard,Paris Masters,QF,6-3 6-3,40,32,51,28,88,ATP-2025-0352-367,2025-0352,3,0.9055941965229592,0.8038346325916597,0.8186645573194342,0.8022159398453911
atp:100644,atp:106421,2025-10-27,2025,2025,hard,Paris Masters,QF,2-6 6-3 7-6(5),93,59,97,59,88,ATP-2025-0352-368,2025-0352,3,0.6207265358906561,0.5773605215309245,0.5813753980585328,0.583747898740508
atp:122330,atp:200282,2025-10-27,2025,2025,hard,Paris Masters,QF,6-7(5) 6-4 7-5,111,75,106,72,88,ATP-2025-0352-369,2025-0352,3,0.21896798218526706,0.30791243173956667,0.299895873390123,0.3080481977643162
atp:200000,atp:200473,2025-10-27,2025,2025,hard,Paris Masters,QF,6-2 6-2,39,33,61,31,88,ATP-2025-0352-370,2025-0352,3,0.876700977129857,0.786366967051349,0.7871284177512267,0.7931044854920275
atp:206173,atp:202103,2025-10-27,2025,2025,hard,Paris Masters,R16,7-5 6-1,49,35,64,31,88,ATP-2025-0352-359,2025-0352,3,0.9819082338416435,0.9013752337960125,0.9347890782645849,0.9053408981443748
atp:210097,atp:126094,2025-10-27,2025,2025,hard,Paris Masters,R16,7-6(6) 6-3,58,47,72,48,88,ATP-2025-0352-360,2025-0352,3,0.5311809992018971,0.5223955041783059,0.5208023282390591,0.5178765262283611
atp:100644,atp:200221,2025-10-27,2025,2025,hard,Paris Masters,R16,6-2 6-4,57,39,62,33,88,ATP-2025-0352-361,2025-0352,3,0.7447766575823463,0.6681008707502821,0.6712763739103749,0.6657477199938179
atp:106421,atp:132283,2025-10-27,2025,2025,hard,Paris Masters,R16,3-6 7-6(5) 6-4,96,64,111,73,88,ATP-2025-0352-362,2025-0352,3,0.8251488784479359,0.7287935420619296,0.7377717719393702,0.7266603296845306
atp:200282,atp:111575,2025-10-27,2025,2025,hard,Paris Masters,R16,6-2 6-2,52,37,45,24,88,ATP-2025-0352-363,2025-0352,3,0.6540814090800701,0.6026739056386008,0.6046039211953951,0.5993895766466537
atp:122330,atp:126203,2025-10-27,2025,2025,hard,Paris Masters,R16,7-6(5) 6-2,70,49,80,48,88,ATP-2025-0352-364,2025-0352,3,0.24477091366593853,0.32737477633251155,0.3205746353684262,0.3235367284357942
atp:200000,atp:127157,2025-10-27,2025,2025,hard,Paris Masters,R16,3-6 6-3 6-2,74,55,94,57,88,ATP-2025-0352-365,2025-0352,3,0.8880259326463238,0.7814404914986273,0.7990695396159128,0.7815932071177119
atp:200473,atp:111815,2025-10-27,2025,2025,hard,Paris Masters,R16,7-6(4) 6-4,77,54,57,46,88,ATP-2025-0352-366,2025-0352,3,0.2945259416655146,0.3532898246624796,0.3583954239473497,0.3483211671775441
atp:206173,atp:200267,2025-10-27,2025,2025,hard,Paris Masters,R32,6-4 6-2,48,36,70,40,88,ATP-2025-0352-343,2025-0352,3,0.9959140602366648,0.94759084153121,0.975012456592637,0.9494787165758688
atp:202103,atp:200175,2025-10-27,2025,2025,hard,Paris Masters,R32,7-5 1-6 7-6(4),102,62,117,68,88,ATP-2025-0352-344,2025-0352,3,0.6102362278341313,0.5739157947226805,0.574166304240574,0.5744290916040604
atp:126094,atp:210530,2025-10-27,2025,2025,hard,Paris Masters,R32,6-4 6-4,66,44,62,38,88,ATP-2025-0352-345,2025-0352,3,0.8221018888365106,0.7218992813117555,0.7350574355148375,0.7255010011557814
atp:210097,atp:207925,2025-10-27,2025,2025,hard,Paris Masters,R32,7-6(4) 6-3,64,52,64,46,88,ATP-2025-0352-346,2025-0352,3,0.8254672881385294,0.7300818283841869,0.7380565166036621,0.7250510895894837
atp:100644,atp:200116,2025-10-27,2025,2025,hard,Paris Masters,R32,6-7(5) 6-1 7-5,92,69,109,68,88,ATP-2025-0352-347,2025-0352,3,0.9705725783438698,0.8838978241124292,0.9113829981374398,0.8843818770093418
atp:200221,atp:209070,2025-10-27,2025,2025,hard,Paris Masters,R32,7-6(5) 6-4,76,54,84,55,88,ATP-2025-0352-348,2025-0352,3,0.6639817864119134,0.6107366972950625,0.6116039981894107,0.6092101238797014
atp:132283,atp:207518,2025-10-27,2025,2025,hard,Paris Masters,R32,3-6 6-3 6-1,70,50,70,45,88,ATP-2025-0352-350,2025-0352,3,0.2303055206836184,0.31626658396097307,0.30908697199257007,0.3150286366633281
atp:200282,atp:209113,2025-10-27,2025,2025,hard,Paris Masters,R32,7-6(8) 4-6 6-3,95,60,107,62,88,ATP-2025-0352-351,2025-0352,3,0.8702238404210798,0.7636898878638814,0.7805074909509419,0.7627105350477736
atp:111575,atp:211663,2025-10-27,2025,2025,hard,Paris Masters,R32,6-1 3-6 6-3,68,49,79,48,88,ATP-2025-0352-352,2025-0352,3,0.5910752181277403,0.55789647387925,0.561095194692568,0.5608793338469545
atp:122330,atp:144895,2025-10-27,2025,2025,hard,Paris Masters,R32,6-3 7-5,70,49,65,41,88,ATP-2025-0352-353,2025-0352,3,0.6423305294557151,0.6000331316793376,0.5963619323530572,0.5981282105919874
atp:126203,atp:126846,2025-10-27,2025,2025,hard,Paris Masters,R32,7-6(4) 6-2,72,50,69,40,88,ATP-2025-0352-354,2025-0352,3,0.9315564400547324,0.8307004049526027,0.8507588011301902,0.8316529518639122
atp:127157,atp:134770,2025-10-27,2025,2025,hard,Paris Masters,R32,6-3 7-5,63,46,56,36,88,ATP-2025-0352-355,2025-0352,3,0.2987528421236853,0.3634289080926635,0.36150702666150447,0.3622267922620069
atp:200000,atp:124186,2025-10-27,2025,2025,hard,Paris Masters,R32,5-7 7-6(5) 7-6(4),119,81,116,82,88,ATP-2025-0352-356,2025-0352,3,0.9173733800577146,0.8125011544780487,0.8326865721723156,0.8120583833162075
atp:200473,atp:126239,2025-10-27,2025,2025,hard,Paris Masters,R32,6-7(9) 6-3 6-4,108,72,109,68,88,ATP-2025-0352-357,2025-0352,3,0.3435026927129853,0.39093047360702665,0.393692828074193,0.3835730173223522
atp:111815,atp:207989,2025-10-27,2025,2025,hard,Paris Masters,R32,4-6 6-3 6-4,92,65,95,59,88,ATP-2025-0352-358,2025-0352,3,0.03232178568309119,0.1237745638821315,0.09396926933193718,0.1275793739319507
atp:200267,atp:210506,2025-10-27,2025,2025,hard,Paris Masters,R64,6-3 2-6 6-2,78,46,81,45,88,ATP-2025-0352-319,2025-0352,3,0.34960858622887897,0.4031381350430327,0.3979916951496275,0.3976230677667594
atp:200175,atp:206499,2025-10-27,2025,2025,hard,Paris Masters,R64,6-4 1-6 7-6(2),96,62,105,65,88,ATP-2025-0352-320,2025-0352,3,0.5905792840371792,0.5620427698794379,0.5607583663472687,0.5622394745685895
atp:202103,atp:106000,2025-10-27,2025,2025,hard,Paris Masters,R64,6-3 6-3,55,34,55,27,88,ATP-2025-0352-321,2025-0352,3,0.7334078889430838,0.6546654946698941,0.6625446613356986,0.6592509897746577
atp:126094,atp:207985,2025-10-27,2025,2025,hard,Paris Masters,R64,6-1 6-4,48,33,69,33,88,ATP-2025-0352-322,2025-0352,3,0.8055037879679116,0.7095111249879229,0.7205859855549354,0.711557875039487
atp:210530,atp:132686,2025-10-27,2025,2025,hard,Paris Masters,R64,6-2 7-6(7),63,45,69,41,88,ATP-2025-0352-323,2025-0352,3,0.4071741541494282,0.43649827634233695,0.4377152553335659,0.4393286409704381
atp:207925,atp:207830,2025-10-27,2025,2025,hard,Paris Masters,R64,6-1 6-4,44,38,44,24,88,ATP-2025-0352-324,2025-0352,3,0.2612659253198709,0.34181697242496445,0.3333809674869796,0.3387861252287198
atp:200116,atp:144869,2025-10-27,2025,2025,hard,Paris Masters,R64,7-5 6-3,69,44,63,36,88,ATP-2025-0352-325,2025-0352,3,0.2338892895654928,0.3185162041358132,0.31195702279012116,0.3183239510205686
atp:209070,atp:209260,2025-10-27,2025,2025,hard,Paris Masters,R64,7-6(5) 7-6(4),87,59,83,56,88,ATP-2025-0352-326,2025-0352,3,0.7578905370526949,0.6761530805495395,0.6815200197245582,0.679345270911775
atp:200221,atp:208316,2025-10-27,2025,2025,hard,Paris Masters,R64,4-6 6-1 6-4,80,58,81,52,88,ATP-2025-0352-327,2025-0352,3,0.7282447936821995,0.6521144627550455,0.6586214684334238,0.6544242236688345
atp:106421,atp:144719,2025-10-27,2025,2025,hard,Paris Masters,R64,6-1 6-3,53,36,45,23,88,ATP-2025-0352-328,2025-0352,3,0.7164819064129127,0.6441274347444483,0.6497752328543493,0.6419838405399597
atp:105777,atp:208659,2025-10-27,2025,2025,hard,Paris Masters,R64,7-6(5) 6-1,65,46,76,44,88,ATP-2025-0352-329,2025-0352,3,0.8208042159657785,0.7297338138113909,0.7339071260732168,0.7333041796157851
atp:132283,atp:200624,2025-10-27,2025,2025,hard,Paris Masters,R64,6-2 6-3,48,33,68,34,88,ATP-2025-0352-330,2025-0352,3,0.30196955116809354,0.3679667713118466,0.3638658165289895,0.3646301554547793
atp:209113,atp:134868,2025-10-27,2025,2025,hard,Paris Masters,R64,6-3 6-4,57,45,50,32,88,ATP-2025-0352-331,2025-0352,3,0.5351753738245961,0.5243621757740619,0.5234717869618444,0.5251554363312838
atp:211663,atp:133430,2025-10-27,2025,2025,hard,Paris Masters,R64,5-7 6-4 6-3,96,65,86,52,88,ATP-2025-0352-332,2025-0352,3,0.554030537984409,0.5388553666424944,0.5360986372194388,0.5306788701220351
atp:111575,atp:210319,2025-10-27,2025,2025,hard,Paris Masters,R64,6-1 6-1,39,29,43,18,88,ATP-2025-0352-333,2025-0352,3,0.8935563851240108,0.7865859435537661,0.8050868399311941,0.7862876746347269
atp:122330,atp:200615,2025-10-27,2025,2025,hard,Paris Masters,R64,6-4 6-3,58,39,57,35,88,ATP-2025-0352-334,2025-0352,3,0.5220639975847671,0.5129850045903694,0.5147146403829074,0.5187183869132859
atp:144895,atp:124187,2025-10-27,2025,2025,hard,Paris Masters,R64,3-6 7-5 6-1,72,53,89,57,88,ATP-2025-0352-335,2025-0352,3,0.563098506894127,0.5387509623271367,0.5421905731017468,0.5431889319886438
atp:126846,atp:209279,2025-10-27,2025,2025,hard,Paris Masters,R64,6-4 2-6 6-4,95,61,80,53,88,ATP-2025-0352-336,2025-0352,3,0.31197784711810744,0.37397793790144007,0.3711563542717709,0.3718315553782482
atp:127157,atp:106218,2025-10-27,2025,2025,hard,Paris Masters,R64,6-2 7-6(5),69,46,69,42,88,ATP-2025-0352-337,2025-0352,3,0.35567312319134453,0.403729146276783,0.4022426546620659,0.4062524697024198
atp:124186,atp:206909,2025-10-27,2025,2025,hard,Paris Masters,R64,6-2 7-5,62,44,59,34,88,ATP-2025-0352-338,2025-0352,3,0.19200695699311673,0.28616216021764473,0.27727588873525244,0.2871094543928741
atp:200000,atp:207681,2025-10-27,2025,2025,hard,Paris Masters,R64,6-7(2) 6-3 6-3,80,58,100,58,88,ATP-2025-0352-339,2025-0352,3,0.8456651352538067,0.7434764492259269,0.7565761785046928,0.7473229616413841
atp:200473,atp:208103,2025-10-27,2025,2025,hard,Paris Masters,R64,6-1 6-3,39,32,45,24,88,ATP-2025-0352-340,2025-0352,3,0.19898638214423825,0.2780864165832574,0.2832438079802768,0.2731413180889058
atp:126239,atp:206681,2025-10-27,2025,2025,hard,Paris Masters,R64,7-6(5) 7-6(4),94,64,84,57,88,ATP-2025-0352-341,2025-0352,3,0.4968918718194076,0.4955164272127248,0.49792789971839996,0.4974368439445453
atp:111815,atp:202104,2025-10-27,2025,2025,hard,Paris Masters,R64,6-3 6-4,73,43,48,27,88,ATP-2025-0352-342,2025-0352,3,0.8372549664026715,0.7399121948278233,0.7487511090843416,0.7339407604858528
atp:206173,atp:100644,2025-10-27,2025,2025,hard,Paris Masters,SF,6-0 6-1,31,24,49,19,88,ATP-2025-0352-371,2025-0352,3,0.8534682654365242,0.7532675474268371,0.7639954755984907,0.7527882973783926
atp:200000,atp:122330,2025-10-27,2025,2025,hard,Paris Masters,SF,7-6(3) 6-4,61,43,69,43,88,ATP-2025-0352-372,2025-0352,3,0.6763654193135707,0.6194002867089672,0.6204390775237212,0.6177090119233941
atp:210530,atp:111815,2025-11-02,2025,2025,hard,Metz,F,6-3 3-6 7-6(6),113,70,84,58,89,ATP-2025-0341-385,2025-0341,3,0.4893368353465242,0.49735380064549284,0.4928906247161749,0.4927696850049462
atp:210530,atp:126610,2025-11-02,2025,2025,hard,Metz,QF,5-7 6-2 6-3,80,59,73,48,89,ATP-2025-0341-379,2025-0341,3,0.46020796595225794,0.47192577119706275,0.4734407792586067,0.4746220290838969
atp:126964,atp:202127,2025-11-02,2025,2025,hard,Metz,QF,6-4 3-6 6-4,84,58,86,60,89,ATP-2025-0341-380,2025-0341,3,0.511401111447652,0.5084164544116503,0.5076014729664878,0.5105941318340064
atp:132283,atp:127157,2025-11-02,2025,2025,hard,Metz,QF,6-4 7-6(6),77,59,84,56,89,ATP-2025-0341-381,2025-0341,3,0.6374283974175503,0.5915704696883296,0.5929433864225163,0.5918658012325217
atp:111815,atp:208021,2025-11-02,2025,2025,hard,Metz,QF,4-6 7-6(2) 6-4,106,72,103,67,89,ATP-2025-0341-382,2025-0341,3,0.80246410573341,0.7224557330620056,0.7179896152719585,0.7230531807851432
atp:210530,atp:121411,2025-11-02,2025,2025,hard,Metz,R16,7-6(3) 6-3,68,49,77,47,89,ATP-2025-0341-371,2025-0341,3,0.8434243441682524,0.7560881257002385,0.7544744857751513,0.7603334761418213
atp:126610,atp:126846,2025-11-02,2025,2025,hard,Metz,R16,7-6(5) 6-3,59,47,63,40,89,ATP-2025-0341-372,2025-0341,3,0.75574760863761,0.6784688607728788,0.6798328143008239,0.6791569182051024
atp:126964,atp:122330,2025-11-02,2025,2025,hard,Metz,R16,7-5 3-6 7-5,109,73,84,64,89,ATP-2025-0341-373,2025-0341,3,0.13117303020670687,0.22147604821290484,0.22090197885097976,0.22530698128422
atp:202127,atp:210696,2025-11-02,2025,2025,hard,Metz,R16,6-7(4) 7-6(6) 7-6(6),125,87,119,81,89,ATP-2025-0341-374,2025-0341,3,0.3484712982327096,0.39146177056890286,0.3971924531505811,0.3868773357422438
atp:127157,atp:200384,2025-11-02,2025,2025,hard,Metz,R16,4-6 6-0 0-0 RET,42,30,55,32,89,ATP-2025-0341-375,2025-0341,3,0.7171149138841018,0.6482889186448277,0.6502481658824532,0.6468594678839024
atp:132283,atp:207925,2025-11-02,2025,2025,hard,Metz,R16,2-6 6-3 7-5,78,56,97,63,89,ATP-2025-0341-376,2025-0341,3,0.5418993024244438,0.5279987815143274,0.5279693005473515,0.5305657925078526
atp:111815,atp:209070,2025-11-02,2025,2025,hard,Metz,R16,6-7(1) 7-6(7) 6-2,108,74,109,69,89,ATP-2025-0341-377,2025-0341,3,0.5927904838351707,0.559883188209926,0.5622607075073551,0.565745972221511
atp:208021,atp:200385,2025-11-02,2025,2025,hard,Metz,R16,6-0 6-2,41,30,45,19,89,ATP-2025-0341-378,2025-0341,3,0.5678127280714164,0.5492862846948476,0.5453636895490457,0.5446328272456702
atp:210530,atp:200259,2025-11-02,2025,2025,hard,Metz,R32,6-3 6-3,41,36,67,36,89,ATP-2025-0341-359,2025-0341,3,0.7965304800125507,0.7053601438817712,0.7129659446937554,0.7106035169908309
atp:126610,atp:111460,2025-11-02,2025,2025,hard,Metz,R32,6-2 6-4,44,37,46,29,89,ATP-2025-0341-360,2025-0341,3,0.7245989077907561,0.6543195942676698,0.655866247355158,0.655466282109181
atp:126846,atp:144895,2025-11-02,2025,2025,hard,Metz,R32,3-6 7-6(6) 7-6(8),112,79,114,82,89,ATP-2025-0341-361,2025-0341,3,0.25405029753298136,0.3321365311284071,0.32781505248904463,0.3333099769767652
atp:126964,atp:208659,2025-11-02,2025,2025,hard,Metz,R32,7-6(10) 6-3,69,55,75,52,89,ATP-2025-0341-362,2025-0341,3,0.35592085609483065,0.39634614669251755,0.40241591974276764,0.3942937733503402
atp:210696,atp:208859,2025-11-02,2025,2025,hard,Metz,R32,3-6 6-3 6-4,96,64,100,63,89,ATP-2025-0341-363,2025-0341,3,0.5579418555976755,0.5413603083298112,0.5387245146563756,0.5393207717090823
atp:202127,atp:206499,2025-11-02,2025,2025,hard,Metz,R32,6-3 6-2,43,37,52,27,89,ATP-2025-0341-364,2025-0341,3,0.42692188363089345,0.44240509805591055,0.4510867719020349,0.4460960888323653
atp:127157,atp:126239,2025-11-02,2025,2025,hard,Metz,R32,6-4 6-4,68,47,64,41,89,ATP-2025-0341-365,2025-0341,3,0.3176494440713093,0.3744640262773391,0.37525680011272755,0.3773779037264924
atp:200384,atp:209279,2025-11-02,2025,2025,hard,Metz,R32,6-4 6-1,39,33,48,27,89,ATP-2025-0341-366,2025-0341,3,0.1477922391340979,0.246843937693384,0.23721392753068574,0.2496389085041853
atp:132283,atp:123828,2025-11-02,2025,2025,hard,Metz,R32,4-6 6-4 6-4,86,59,94,58,89,ATP-2025-0341-367,2025-0341,3,0.7429247106097024,0.672515147492828,0.6698449350369914,0.6743395369380358
atp:111815,atp:208316,2025-11-02,2025,2025,hard,Metz,R32,6-3 6-7(2) 6-3,84,66,89,62,89,ATP-2025-0341-368,2025-0341,3,0.5302363410711748,0.5203363579020812,0.5201712327788119,0.5222600953690651
atp:209070,atp:105173,2025-11-02,2025,2025,hard,Metz,R32,6-3 7-6(4),66,50,69,47,89,ATP-2025-0341-369,2025-0341,3,0.39086294173315944,0.4265727586297777,0.42658675673291746,0.4216498168151271
atp:208021,atp:209414,2025-11-02,2025,2025,hard,Metz,R32,4-6 6-3 6-4,103,69,98,63,89,ATP-2025-0341-370,2025-0341,3,0.3670328533409003,0.40281761678335826,0.4101581971822058,0.4069113273824152
atp:210530,atp:126964,2025-11-02,2025,2025,hard,Metz,SF,6-1 6-4,45,36,45,27,89,ATP-2025-0341-383,2025-0341,3,0.8013043153476974,0.7192514863281056,0.7170031043049512,0.7212277567900272
atp:111815,atp:132283,2025-11-02,2025,2025,hard,Metz,SF,4-6 6-2 6-4,69,55,86,53,89,ATP-2025-0341-384,2025-0341,3,0.5680384719559455,0.5454931450411402,0.5455157488548311,0.5427274841140128
atp:104925,atp:207518,2025-11-02,2025,2025,hard,Athens,F,4-6 6-3 7-5,97,64,96,60,89,ATP-2025-5100-385,2025-5100,3,0.7558192948226438,0.6732254850677148,0.6798891690424402,0.6747329464207874
atp:207518,atp:124186,2025-11-02,2025,2025,hard,Athens,QF,6-2 6-4,53,38,72,36,89,ATP-2025-5100-379,2025-5100,3,0.8714783447372024,0.7647138443246586,0.7817787646920039,0.7659317095867906
atp:200624,atp:200175,2025-11-02,2025,2025,hard,Athens,QF,6-3 6-2,45,38,49,27,89,ATP-2025-5100-380,2025-5100,3,0.6707056163179498,0.6110165249731342,0.6163896815894956,0.6109702215212579
atp:105870,atp:106218,2025-11-02,2025,2025,hard,Athens,QF,7-6(3) 6-4,58,48,67,45,89,ATP-2025-5100-381,2025-5100,3,0.4473980109069755,0.4623471592526943,0.46485979369608327,0.4638881319799579
atp:104925,atp:132686,2025-11-02,2025,2025,hard,Athens,QF,7-6(1) 6-4,61,49,80,51,89,ATP-2025-5100-382,2025-5100,3,0.9201184165553316,0.8145450184699148,0.8360743668588344,0.8121377051444632
atp:207518,atp:104527,2025-11-02,2025,2025,hard,Athens,R16,4-6 7-6(5) 6-4,100,69,108,72,89,ATP-2025-5100-371,2025-5100,3,0.878965698497723,0.7763305758280498,0.7894779085243702,0.774811671424397
atp:124186,atp:144869,2025-11-02,2025,2025,hard,Athens,R16,6-7(2) 7-6(4) 7-6(3),130,90,119,87,89,ATP-2025-5100-372,2025-5100,3,0.357419748843191,0.40768454637765283,0.4034636206451436,0.4053635094766533
atp:200175,atp:209260,2025-11-02,2025,2025,hard,Athens,R16,4-6 6-2 6-3,84,54,92,49,89,ATP-2025-5100-373,2025-5100,3,0.6899031159584303,0.6224462177289862,0.6302083947683341,0.6281722222704346
atp:200624,atp:106000,2025-11-02,2025,2025,hard,Athens,R16,4-6 6-3 6-3,84,60,80,49,89,ATP-2025-5100-374,2025-5100,3,0.7989787214060708,0.7060044659822542,0.7150317204749553,0.7093992750683482
atp:105870,atp:200240,2025-11-02,2025,2025,hard,Athens,R16,6-2 5-7 7-5,91,63,115,67,89,ATP-2025-5100-375,2025-5100,3,0.7643565284459335,0.6848178736218071,0.6866440478963117,0.6824996907491421
atp:106218,atp:206909,2025-11-02,2025,2025,hard,Athens,R16,7-6(7) 6-1,77,50,61,36,89,ATP-2025-5100-376,2025-5100,3,0.4518657523394723,0.4711419088215518,0.46785521208758774,0.4687237581764717
atp:132686,atp:208118,2025-11-02,2025,2025,hard,Athens,R16,5-7 6-3 6-4,91,65,99,63,89,ATP-2025-5100-377,2025-5100,3,0.528149836063169,0.5175537096092471,0.5187775876022024,0.5185533212462309
atp:104925,atp:126214,2025-11-02,2025,2025,hard,Athens,R16,7-6(3) 6-1,59,47,62,36,89,ATP-2025-5100-378,2025-5100,3,0.9244398815720897,0.8211000140237623,0.8415099835343369,0.8211964403973219
atp:104527,atp:122298,2025-11-02,2025,2025,hard,Athens,R32,2-6 7-6(5) 7-5,111,72,86,65,89,ATP-2025-5100-359,2025-5100,3,0.2533914424391243,0.3366285866452564,0.32730409426282886,0.333717695652418
atp:144869,atp:111456,2025-11-02,2025,2025,hard,Athens,R32,6-7(5) 7-6(3) 6-3,114,80,106,70,89,ATP-2025-5100-360,2025-5100,3,0.5972802427555973,0.5656068592478017,0.5653155393696173,0.5643351947335575
atp:124186,atp:105526,2025-11-02,2025,2025,hard,Athens,R32,6-3 2-6 7-6(6),114,70,80,55,89,ATP-2025-5100-361,2025-5100,3,0.3022879147280363,0.3707503046328616,0.3640988478239689,0.3671450051425945
atp:200175,atp:111794,2025-11-02,2025,2025,hard,Athens,R32,7-6(4) 7-6(4),89,57,93,55,89,ATP-2025-5100-362,2025-5100,3,0.3881859216533062,0.42465444999357405,0.4247519407100363,0.423828803082963
atp:106000,atp:207985,2025-11-02,2025,2025,hard,Athens,R32,6-4 6-2,47,34,56,29,89,ATP-2025-5100-363,2025-5100,3,0.39180562013995346,0.4274102864202971,0.4272322692835557,0.4280805669751735
atp:200624,atp:200615,2025-11-02,2025,2025,hard,Athens,R32,4-6 6-3 6-4,82,60,86,57,89,ATP-2025-5100-364,2025-5100,3,0.572575900029541,0.5471515447660674,0.5485744111433312,0.5476397162784086
atp:200240,atp:124187,2025-11-02,2025,2025,hard,Athens,R32,6-4 6-3,54,41,60,37,89,ATP-2025-5100-365,2025-5100,3,0.3101070295704258,0.36919754896281437,0.3697989730181408,0.3701394212887512
atp:105870,atp:129814,2025-11-02,2025,2025,hard,Athens,R32,6-4 6-2,56,40,59,33,89,ATP-2025-5100-366,2025-5100,3,0.776339206303135,0.696912355669114,0.6962786571401038,0.6986512260700017
atp:106218,atp:124079,2025-11-02,2025,2025,hard,Athens,R32,6-4 6-1,48,36,64,34,89,ATP-2025-5100-367,2025-5100,3,0.8640873655993523,0.759034833242154,0.7743620369314089,0.7565287537291832
atp:132686,atp:208852,2025-11-02,2025,2025,hard,Athens,R32,7-6(4) 6-3,64,52,61,44,89,ATP-2025-5100-368,2025-5100,3,0.905865106365077,0.816420499474879,0.8189783595176758,0.8173613986327362
atp:208118,atp:111513,2025-11-02,2025,2025,hard,Athens,R32,1-6 7-6(6) 6-2,90,57,85,56,89,ATP-2025-5100-369,2025-5100,3,0.573088507510611,0.5506425143595166,0.5489202390063699,0.546763615213098
atp:126214,atp:200443,2025-11-02,2025,2025,hard,Athens,R32,7-6(7) 6-7(6) 7-5,126,87,115,81,89,ATP-2025-5100-370,2025-5100,3,0.5132214847915123,0.5093571567991739,0.5088154648730717,0.5065945974124988
atp:207518,atp:200624,2025-11-02,2025,2025,hard,Athens,SF,6-0 5-7 7-5,103,65,84,50,89,ATP-2025-5100-383,2025-5100,3,0.6503617378797,0.5996849885614551,0.6019874586240752,0.6019593643378238
atp:104925,atp:105870,2025-11-02,2025,2025,hard,Athens,SF,6-3 6-4,51,37,48,30,89,ATP-2025-5100-384,2025-5100,3,0.9277485897511613,0.8272401783055471,0.8457617596075949,0.8287821353627081
atp:206173,atp:207989,2025-11-09,2025,2025,hard,Tour Finals,F,7-6(4) 7-5,78,55,72,49,89,ATP-2025-0605-385,2025-0605,3,0.734901207018464,0.6586468195604984,0.6636841651946241,0.6556341641523618
atp:200000,atp:210097,2025-11-09,2025,2025,hard,Tour Finals,RR,4-6 7-6(7) 7-5,93,71,104,72,89,ATP-2025-0605-371,2025-0605,3,0.5696481374229307,0.5471524178112518,0.5466003147723906,0.5485913548949681
atp:200000,atp:100644,2025-11-09,2025,2025,hard,Tour Finals,RR,6-4 7-6(4),73,52,78,51,89,ATP-2025-0605-372,2025-0605,3,0.4984638008637427,0.49614981315692475,0.4989758654522221,0.4986082285881645
atp:100644,atp:210097,2025-11-09,2025,2025,hard,Tour Finals,RR,6-3 7-6(6),54,44,71,44,89,ATP-2025-0605-373,2025-0605,3,0.570861459346967,0.547362374470554,0.5474181935492902,0.5496840682887127
atp:206173,atp:200000,2025-11-09,2025,2025,hard,Tour Finals,RR,7-5 6-1,51,41,71,39,89,ATP-2025-0605-374,2025-0605,3,0.9089938507903769,0.8022082467256737,0.82263081548066,0.8056509138232141
atp:206173,atp:210097,2025-11-09,2025,2025,hard,Tour Finals,RR,6-3 7-6(3),63,47,66,44,89,ATP-2025-0605-375,2025-0605,3,0.9241330613018415,0.8258901498147901,0.8411197650319354,0.8234248782581604
atp:206173,atp:100644,2025-11-09,2025,2025,hard,Tour Finals,RR,6-4 6-3,68,47,52,34,89,ATP-2025-0605-376,2025-0605,3,0.9074637389835569,0.8044642466660232,0.8208380011637214,0.8041382394507841
atp:200282,atp:126203,2025-11-09,2025,2025,hard,Tour Finals,RR,7-6(3) 6-3,66,46,69,42,89,ATP-2025-0605-377,2025-0605,3,0.6175312986731444,0.5775328144265935,0.5791752469369762,0.5788477118456727
atp:207518,atp:200282,2025-11-09,2025,2025,hard,Tour Finals,RR,7-5 3-6 7-5,90,60,110,70,89,ATP-2025-0605-378,2025-0605,3,0.28377282295065415,0.35578631992818033,0.35041498368291696,0.3567331057876292
atp:126203,atp:207518,2025-11-09,2025,2025,hard,Tour Finals,RR,6-3 6-4,56,43,86,49,89,ATP-2025-0605-379,2025-0605,3,0.593633311231644,0.5592670675779825,0.5628337139778407,0.5646950792857003
atp:207989,atp:200282,2025-11-09,2025,2025,hard,Tour Finals,RR,7-6(5) 6-2,72,44,58,31,89,ATP-2025-0605-380,2025-0605,3,0.6601045179080749,0.6082182644468663,0.6088561597721815,0.606228748978628
atp:207989,atp:126203,2025-11-09,2025,2025,hard,Tour Finals,RR,6-7(2) 7-5 6-3,128,85,114,72,89,ATP-2025-0605-381,2025-0605,3,0.7499598478260517,0.6708755601656959,0.675302210089946,0.6689854563956911
atp:207989,atp:207518,2025-11-09,2025,2025,hard,Tour Finals,RR,6-4 6-1,52,39,56,31,89,ATP-2025-0605-382,2025-0605,3,0.8315895324326005,0.7290538446416893,0.7435730416136045,0.7313922929477368
atp:206173,atp:200282,2025-11-09,2025,2025,hard,Tour Finals,SF,7-5 6-2,59,44,88,48,89,ATP-2025-0605-383,2025-0605,3,0.850796252227267,0.7457063348411281,0.7614368613564185,0.7478331986447537
atp:207989,atp:200000,2025-11-09,2025,2025,hard,Tour Finals,SF,6-2 6-4,51,38,57,33,89,ATP-2025-0605-384,2025-0605,3,0.7757321646161154,0.6874236044319515,0.6957860239393031,0.689668512265099
atp:210530,atp:210696,2025-12-17,2025,2025,hard,Next Gen Finals,F,4-3(4) 4-2 4-1,52,41,48,31,89,ATP-2025-7696-400,2025-7696,5,0.6781890037734222,0.6498207759178372,0.6217480426558654,0.6502739431676483
atp:210460,atp:211514,2025-12-17,2025,2025,hard,Next Gen Finals,RR,4-3(3) 4-2 4-3(5),55,44,61,38,89,ATP-2025-7696-386,2025-7696,5,0.4717787633206549,0.4744459883127534,0.4811747277654083,0.4751844502338354
atp:209976,atp:211514,2025-12-17,2025,2025,hard,Next Gen Finals,RR,4-1 2-4 4-3(3) 4-1,71,50,66,40,89,ATP-2025-7696-387,2025-7696,5,0.6698730672049493,0.6463951848078454,0.61579566872049,0.6455320670851807
atp:210460,atp:209976,2025-12-17,2025,2025,hard,Next Gen Finals,RR,4-2 4-3(7) 3-4(3) 4-2,73,51,80,51,89,ATP-2025-7696-388,2025-7696,5,0.28200202674944597,0.3182820631153394,0.3490915049172146,0.317111836828652
atp:210696,atp:211514,2025-12-17,2025,2025,hard,Next Gen Finals,RR,3-4(7) 4-2 4-2 4-2,67,54,76,47,89,ATP-2025-7696-389,2025-7696,5,0.5878709368440066,0.573993448281631,0.5589201216665344,0.5735863121383993
atp:210696,atp:210460,2025-12-17,2025,2025,hard,Next Gen Finals,RR,4-3(2) 4-3(8) 4-1,68,46,58,35,89,ATP-2025-7696-390,2025-7696,5,0.6271752672898295,0.6058213840263612,0.5858280459441275,0.6093989709254769
atp:210696,atp:209976,2025-12-17,2025,2025,hard,Next Gen Finals,RR,4-3(4) 2-4 4-2 4-0,71,45,71,38,89,ATP-2025-7696-391,2025-7696,5,0.4105803498214368,0.42410311357413005,0.44002896409642167,0.4295194835623138
atp:149282,atp:212588,2025-12-17,2025,2025,hard,Next Gen Finals,RR,4-1 4-2 1-4 4-2,61,34,59,30,89,ATP-2025-7696-392,2025-7696,5,0.453262273516106,0.4563076701727615,0.468790911678921,0.4561817030833027
atp:212588,atp:212021,2025-12-17,2025,2025,hard,Next Gen Finals,RR,4-3(7) 4-1 4-3(2),57,45,61,38,89,ATP-2025-7696-393,2025-7696,5,0.5342046894739142,0.5310175110476071,0.5228229275140188,0.5279893478794677
atp:149282,atp:212021,2025-12-17,2025,2025,hard,Next Gen Finals,RR,4-1 3-4(7) 4-2 4-3(4),74,51,78,46,89,ATP-2025-7696-394,2025-7696,5,0.4825042528382761,0.4846607318509354,0.4883335225148144,0.4840909635746339
atp:212588,atp:210530,2025-12-17,2025,2025,hard,Next Gen Finals,RR,1-4 4-3(3) 1-4 4-2 4-3(4),95,51,80,50,89,ATP-2025-7696-395,2025-7696,5,0.12026488797553193,0.1605138904326851,0.20971965358282907,0.1562681994277189
atp:210530,atp:149282,2025-12-17,2025,2025,hard,Next Gen Finals,RR,3-4(2) 4-1 4-2 4-2,69,50,65,42,89,ATP-2025-7696-396,2025-7696,5,0.9118077652967631,0.8719704069083755,0.8259617714201555,0.8723925487192992
atp:210530,atp:212021,2025-12-17,2025,2025,hard,Next Gen Finals,RR,1-4 4-1 4-3(4) 4-3(2),69,50,65,44,89,ATP-2025-7696-397,2025-7696,5,0.9168995943544906,0.8723802213456922,0.832106733582261,0.8748756530000119
atp:210696,atp:149282,2025-12-17,2025,2025,hard,Next Gen Finals,SF,4-3(4) 4-3(8) 4-2,63,43,66,36,89,ATP-2025-7696-398,2025-7696,5,0.7981530792480955,0.762259328760453,0.7143339727681283,0.7655215861385751
atp:210530,atp:210460,2025-12-17,2025,2025,hard,Next Gen Finals,SF,4-2 4-1 4-3(3),50,31,50,22,89,ATP-2025-7696-399,2025-7696,5,0.8061785831371358,0.7630374148520589,0.7211645248076086,0.7588137501541152
