p1,p2,date,source_year,year,surface,tournament,round,score,n1,k1,n2,k2,period,match_id,tourney_id,best_of,iid,conditional_burst,ordinary_iid,ordinary_burst,ordinary_temperature,ordinary_burst_seed2,stratum
atp:126203,atp:128034,2024-12-27,2025,2024,hard,United Cup,F,6-4 5-7 7-6(4),96,71,96,71,83,ATP-2025-9900-400,2025-9900,3,0.7013144379412799,0.573664937442783,0.7013144379412799,0.6374896876920315,0.6385423930313853,0.6396257877835786,both_later
atp:128034,atp:126129,2024-12-27,2025,2024,hard,United Cup,QF,7-6(3) 7-5,67,54,79,54,83,ATP-2025-9900-394,2025-9900,3,0.8995201744007257,0.7137320720170888,0.8995201744007257,0.8066261232089073,0.8117267916684534,0.8088232547316414,both_first
atp:207830,atp:207925,2024-12-27,2025,2024,hard,United Cup,QF,6-1 6-2,43,34,35,16,83,ATP-2025-9900-396,2025-9900,3,0.7198004582735195,0.5795239548367409,0.7198004582735195,0.6496622065551302,0.6522584518850109,0.6510964451880261,both_first
atp:126203,atp:111190,2024-12-27,2025,2024,hard,United Cup,QF,6-4 6-4,44,40,72,45,83,ATP-2025-9900-397,2025-9900,3,0.8322566031467911,0.6385413487946292,0.8322566031467911,0.7353989759707101,0.7441789967332848,0.7399153018785527,both_first
atp:200282,atp:144869,2024-12-27,2025,2024,hard,United Cup,RR,6-1 6-4,51,38,47,27,83,ATP-2025-9900-376,2025-9900,3,0.8190084552989765,0.6237717424473604,0.8190084552989765,0.7213900988731685,0.7323207948792214,0.7238618718362444,unknown
atp:144869,atp:126129,2024-12-27,2025,2024,hard,United Cup,RR,3-6 6-3 6-2,93,62,90,55,83,ATP-2025-9900-377,2025-9900,3,0.841089460747182,0.6537992065913946,0.841089460747182,0.7474443336692883,0.7522976849449583,0.7493973394672743,unknown
atp:200282,atp:126129,2024-12-27,2025,2024,hard,United Cup,RR,6-2 6-1,40,30,56,26,83,ATP-2025-9900-378,2025-9900,3,0.9680407311565759,0.8097345132743363,0.9680407311565759,0.888887622215456,0.9066901092581018,0.8880026664632437,unknown
atp:100644,atp:106329,2024-12-27,2025,2024,hard,United Cup,RR,6-4 6-4,51,40,53,35,83,ATP-2025-9900-379,2025-9900,3,0.9364823785041749,0.7628013426914861,0.9364823785041749,0.8496418605978305,0.857401774045233,0.8456748175706715,unknown
atp:111190,atp:106329,2024-12-27,2025,2024,hard,United Cup,RR,6-3 6-0,39,33,35,16,83,ATP-2025-9900-380,2025-9900,3,0.6506281291932337,0.5489472078120232,0.6506281291932337,0.5997876685026284,0.6021746048196084,0.6029613029243557,unknown
atp:100644,atp:111190,2024-12-27,2025,2024,hard,United Cup,RR,2-6 6-0 6-2,66,44,78,42,83,ATP-2025-9900-381,2025-9900,3,0.8946217128579621,0.6946292340555386,0.8946217128579621,0.7946254734567504,0.8062610960851706,0.7950832091906533,unknown
atp:200005,atp:208502,2024-12-27,2025,2024,hard,United Cup,RR,6-3 7-5,51,40,56,37,83,ATP-2025-9900-382,2025-9900,3,0.71941214082928,0.5781202319194385,0.71941214082928,0.6487661863743592,0.6519673844809879,0.6487661863743592,unknown
atp:207925,atp:208502,2024-12-27,2025,2024,hard,United Cup,RR,6-3 7-6(2),67,49,62,40,83,ATP-2025-9900-383,2025-9900,3,0.4139322765007431,0.4699725358559658,0.4139322765007431,0.44195240617835446,0.4423026678084798,0.44384438054515335,unknown
atp:207925,atp:200005,2024-12-27,2025,2024,hard,United Cup,RR,3-6 7-6(8) 6-2,89,62,83,60,83,ATP-2025-9900-384,2025-9900,3,0.20902964079147257,0.38416234360695756,0.20902964079147257,0.29659599219921506,0.29169013141448236,0.29568052073140916,unknown
atp:105807,atp:207686,2024-12-27,2025,2024,hard,United Cup,RR,6-2 6-1,40,30,42,18,83,ATP-2025-9900-385,2025-9900,3,0.6799078898741165,0.565608788526091,0.6799078898741165,0.6227583392001037,0.6229837996197636,0.6191269690444736,unknown
atp:126774,atp:105807,2024-12-27,2025,2024,hard,United Cup,RR,6-4 4-6 6-3,84,59,92,57,83,ATP-2025-9900-386,2025-9900,3,0.5829040593051266,0.5286847726579188,0.5829040593051266,0.5557944159815227,0.5555540762288469,0.554085535908285,unknown
atp:207686,atp:126774,2024-12-27,2025,2024,hard,United Cup,RR,6-4 7-6(0),70,50,77,46,83,ATP-2025-9900-387,2025-9900,3,0.2558379148926324,0.412419896246567,0.2558379148926324,0.33412890556959973,0.32919905387238335,0.33052805112956307,unknown
atp:134770,atp:207830,2024-12-27,2025,2024,hard,United Cup,RR,7-6(6) 5-7 6-4,116,75,111,67,83,ATP-2025-9900-388,2025-9900,3,0.45434248551512557,0.49133353677143726,0.45434248551512557,0.4728380111432814,0.4695144892515362,0.4706713953361408,unknown
atp:134770,atp:128034,2024-12-27,2025,2024,hard,United Cup,RR,7-5 6-3,61,46,58,36,83,ATP-2025-9900-389,2025-9900,3,0.43104766717326687,0.47119316447970705,0.43104766717326687,0.451120415826487,0.45386857349340093,0.4537142516519371,unknown
atp:207830,atp:128034,2024-12-27,2025,2024,hard,United Cup,RR,7-5 3-6 6-4,83,57,85,61,83,ATP-2025-9900-390,2025-9900,3,0.4719281478523818,0.48992981385413487,0.4719281478523818,0.4809289808532583,0.4812744931738951,0.48202754661462544,unknown
atp:106432,atp:200000,2024-12-27,2025,2024,hard,United Cup,RR,0-6 6-4 6-4,81,43,90,54,83,ATP-2025-9900-391,2025-9900,3,0.3243764682795512,0.439334757400061,0.3243764682795512,0.38185561283980607,0.3800928469989027,0.3849377001147527,unknown
atp:126203,atp:106432,2024-12-27,2025,2024,hard,United Cup,RR,6-3 6-2,56,39,54,30,83,ATP-2025-9900-392,2025-9900,3,0.8808799516250513,0.6791882819652121,0.8808799516250513,0.7800341167951317,0.7914783586754407,0.7825058897582077,unknown
atp:200000,atp:126203,2024-12-27,2025,2024,hard,United Cup,RR,4-6 7-5 6-3,89,62,92,58,83,ATP-2025-9900-393,2025-9900,3,0.22472664579709037,0.39752822703692403,0.22472664579709037,0.3111274364170072,0.30458598376736623,0.30856411630715064,unknown
atp:128034,atp:207686,2024-12-27,2025,2024,hard,United Cup,SF,6-3 6-2,46,36,49,27,83,ATP-2025-9900-398,2025-9900,3,0.8056154439782441,0.6198046994202014,0.8056154439782441,0.7127100716992227,0.7206816598263647,0.7114284116442945,mixed_first_later
atp:126203,atp:207830,2024-12-27,2025,2024,hard,United Cup,SF,6-7(4) 6-5 RET,79,52,79,49,83,ATP-2025-9900-399,2025-9900,3,0.7425815877648718,0.5969179127250535,0.7425815877648718,0.6697497502449626,0.6695801189503958,0.6688342787771566,both_later
atp:124186,atp:105453,2024-12-30,2025,2024,hard,Hong Kong,F,2-6 6-1 6-3,77,51,75,42,83,ATP-2025-0336-386,2025-0336,3,0.404218689129726,0.46374732987488554,0.404218689129726,0.4339830095023058,0.43570500047660377,0.4343491980894282,both_later
atp:144719,atp:207518,2024-12-30,2025,2024,hard,Hong Kong,QF,2-6 7-6(4) 7-5,102,64,102,65,83,ATP-2025-0336-380,2025-0336,3,0.30181202675015084,0.43201098565761364,0.30181202675015084,0.36691150620388224,0.36375048609552013,0.36685047477269517,both_later
atp:124186,atp:209950,2024-12-30,2025,2024,hard,Hong Kong,QF,3-6 6-3 6-1,89,55,69,40,83,ATP-2025-0336-381,2025-0336,3,0.19272738526455482,0.3795239548367409,0.19272738526455482,0.2861256700506479,0.27789581268117136,0.2869190786560797,both_later
atp:105453,atp:111815,2024-12-30,2025,2024,hard,Hong Kong,QF,6-3 3-6 6-2,75,52,79,49,83,ATP-2025-0336-382,2025-0336,3,0.317145152248443,0.4437290204455294,0.317145152248443,0.3804370863469862,0.374893081546215,0.3793080048700256,both_later
atp:209992,atp:206681,2024-12-30,2025,2024,hard,Hong Kong,QF,1-6 6-3 6-4,77,50,81,54,83,ATP-2025-0336-383,2025-0336,3,0.4604952517384979,0.483094293561184,0.4604952517384979,0.47179477264984093,0.47363297514875896,0.474327577044104,both_later
atp:207518,atp:209113,2024-12-30,2025,2024,hard,Hong Kong,R16,6-4 6-3,49,37,70,41,83,ATP-2025-0336-372,2025-0336,3,0.5899465207677084,0.5283185840707965,0.5899465207677084,0.5591325524192524,0.5603287067951183,0.5594377095751877,mixed_first_later
atp:144719,atp:132686,2024-12-30,2025,2024,hard,Hong Kong,R16,6-3 7-5,57,41,59,36,83,ATP-2025-0336-373,2025-0336,3,0.3978764994140512,0.4690570643881599,0.3978764994140512,0.43346678190110555,0.4313822207348889,0.4332836876075443,both_later
atp:209950,atp:200267,2024-12-30,2025,2024,hard,Hong Kong,R16,7-6(7) 6-4,67,47,71,45,83,ATP-2025-0336-374,2025-0336,3,0.7459108000436782,0.5892279523954836,0.7459108000436782,0.6675693762195809,0.6721547923170238,0.6657079175683756,mixed_first_later
atp:124186,atp:200175,2024-12-30,2025,2024,hard,Hong Kong,R16,5-7 7-6(6) 7-6(10),122,77,139,83,83,ATP-2025-0336-375,2025-0336,3,0.35845393271982867,0.45422642660970397,0.35845393271982867,0.4063401796647663,0.40418587365961994,0.40447872101356097,both_later
atp:111815,atp:132283,2024-12-30,2025,2024,hard,Hong Kong,R16,6-2 4-6 6-1,70,50,75,45,83,ATP-2025-0336-376,2025-0336,3,0.6508487474446278,0.5496795849862679,0.6508487474446278,0.6002641662154479,0.6023296217549706,0.6067334979212764,both_later
atp:105453,atp:111575,2024-12-30,2025,2024,hard,Hong Kong,R16,4-6 6-3 7-5,90,60,90,55,83,ATP-2025-0336-377,2025-0336,3,0.2206491446418672,0.4003967043027159,0.2206491446418672,0.3105229244722916,0.3012698338435548,0.30765444720649965,mixed_first_later
atp:209992,atp:124079,2024-12-30,2025,2024,hard,Hong Kong,R16,6-3 6-1,54,37,49,25,83,ATP-2025-0336-378,2025-0336,3,0.7604789419099232,0.5850778150747635,0.7604789419099232,0.6727783784923433,0.6835651775974574,0.67897306875783,both_later
atp:206681,atp:126094,2024-12-30,2025,2024,hard,Hong Kong,R16,7-5 3-6 6-3,103,60,85,54,83,ATP-2025-0336-379,2025-0336,3,0.22759716604182903,0.3991150442477876,0.22759716604182903,0.31335610514480833,0.30690702268184017,0.31366126230074365,mixed_first_later
atp:209113,atp:106148,2024-12-30,2025,2024,hard,Hong Kong,R32,4-6 7-6(4) 7-5,117,76,104,68,83,ATP-2025-0336-360,2025-0336,3,0.5232031047235955,0.5044552944766555,0.5232031047235955,0.5138291996001255,0.5154749110771681,0.5155075639577698,both_first
atp:144719,atp:200221,2024-12-30,2025,2024,hard,Hong Kong,R32,4-6 6-3 6-3,78,55,76,46,83,ATP-2025-0336-361,2025-0336,3,0.3441841609062719,0.4510527921879768,0.3441841609062719,0.39761847654712434,0.39417358911610817,0.39648939507016373,both_first
atp:132686,atp:207352,2024-12-30,2025,2024,hard,Hong Kong,R32,3-6 6-3 7-6(6),81,60,107,71,83,ATP-2025-0336-362,2025-0336,3,0.3741804119431784,0.452273420811718,0.3741804119431784,0.41322691637744824,0.4151094026352362,0.41572920505611777,both_first
atp:200267,atp:208279,2024-12-30,2025,2024,hard,Hong Kong,R32,6-4 6-4,54,42,78,43,83,ATP-2025-0336-363,2025-0336,3,0.830196342957326,0.6642355813243821,0.830196342957326,0.7472159621408541,0.7423106336943652,0.7493825779479948,both_first
atp:124186,atp:144817,2024-12-30,2025,2024,hard,Hong Kong,R32,2-6 6-4 6-3,93,58,81,49,83,ATP-2025-0336-364,2025-0336,3,0.5670395351644417,0.5214830637778456,0.5670395351644417,0.5442612994711437,0.5448429523083885,0.542033652232816,both_first
atp:200175,atp:209260,2024-12-30,2025,2024,hard,Hong Kong,R32,6-3 6-3,57,40,53,32,83,ATP-2025-0336-365,2025-0336,3,0.8505863193141083,0.6519072322245957,0.8505863193141083,0.751246775769352,0.7612366473235271,0.751704511503255,both_first
atp:132283,atp:206909,2024-12-30,2025,2024,hard,Hong Kong,R32,7-6(4) 6-3,61,51,56,43,83,ATP-2025-0336-366,2025-0336,3,0.3615442167251921,0.44891669209642965,0.3615442167251921,0.40523045441081085,0.4063410779013294,0.4071834602087968,both_first
atp:111815,atp:210530,2024-12-30,2025,2024,hard,Hong Kong,R32,6-3 7-5,78,46,69,38,83,ATP-2025-0336-367,2025-0336,3,0.7619413048336996,0.5901434238632896,0.7619413048336996,0.6760423643484945,0.6847241692183279,0.680955394559053,both_first
atp:105453,atp:133430,2024-12-30,2025,2024,hard,Hong Kong,R32,6-2 6-3,50,38,52,30,83,ATP-2025-0336-368,2025-0336,3,0.2486999513790148,0.4115654562099481,0.2486999513790148,0.33013270379448145,0.3236520524210204,0.32863743373039844,both_first
atp:124079,atp:208859,2024-12-30,2025,2024,hard,Hong Kong,R32,6-4 6-4,63,45,55,38,83,ATP-2025-0336-369,2025-0336,3,0.496821956310738,0.4934086054317974,0.496821956310738,0.49511528087126766,0.4978812883559651,0.4976480852655307,both_first
atp:209992,atp:209409,2024-12-30,2025,2024,hard,Hong Kong,R32,7-6(3) 6-4,59,49,76,50,83,ATP-2025-0336-370,2025-0336,3,0.8412603907880001,0.6531888922795239,0.8412603907880001,0.747224641533762,0.7524565938017594,0.7471941258181685,both_first
atp:206681,atp:126128,2024-12-30,2025,2024,hard,Hong Kong,R32,6-1 7-6(9),70,44,72,37,83,ATP-2025-0336-371,2025-0336,3,0.4404210602633606,0.4796155019835215,0.4404210602633606,0.460018281123441,0.46017563899392766,0.46090323687565343,both_first
atp:124186,atp:144719,2024-12-30,2025,2024,hard,Hong Kong,SF,4-6 7-6(5) 6-4,94,67,99,70,83,ATP-2025-0336-384,2025-0336,3,0.4697021772684296,0.4960939884040281,0.4697021772684296,0.4828980828362288,0.47978769579011954,0.47981599556128224,both_later
atp:105453,atp:209992,2024-12-30,2025,2024,hard,Hong Kong,SF,4-3 RET,22,17,15,12,83,ATP-2025-0336-385,2025-0336,3,0.47672848707259435,0.4909673481843149,0.47672848707259435,0.48384791762845464,0.48447942864649013,0.48421410621557703,both_later
atp:208103,atp:124187,2024-12-30,2025,2024,hard,Brisbane,F,4-1 RET,15,12,9,4,83,ATP-2025-0339-378,2025-0339,3,0.6560946321332076,0.559688739700946,0.6560946321332076,0.6078916859170769,0.6060230633420823,0.6119807918066099,both_later
atp:105777,atp:111442,2024-12-30,2025,2024,hard,Brisbane,QF,6-1 2-1 RET,31,24,26,13,83,ATP-2025-0339-372,2025-0339,3,0.7376341338615305,0.589472078120232,0.7376341338615305,0.6635531059908812,0.6657752889291759,0.6641329045871582,both_later
atp:208103,atp:111797,2024-12-30,2025,2024,hard,Brisbane,QF,6-4 6-4,66,45,62,39,83,ATP-2025-0339-373,2025-0339,3,0.6651067296951724,0.5610924626182484,0.6651067296951724,0.6130995961567104,0.6124028425284351,0.6130995961567104,both_later
atp:208659,atp:210150,2024-12-30,2025,2024,hard,Brisbane,QF,7-5 7-6(5),72,55,78,54,83,ATP-2025-0339-374,2025-0339,3,0.3223463398207604,0.42969179127250534,0.3223463398207604,0.3760190655466329,0.3786364447457517,0.3780025870602124,both_later
atp:124187,atp:104925,2024-12-30,2025,2024,hard,Brisbane,QF,7-6(6) 6-3,64,51,73,50,83,ATP-2025-0339-375,2025-0339,3,0.061513807744707334,0.23030210558437594,0.061513807744707334,0.14590795666454165,0.13983380803560974,0.14996654683848124,both_later
atp:105777,atp:126846,2024-12-30,2025,2024,hard,Brisbane,R16,6-2 7-6(5),53,44,74,46,83,ATP-2025-0339-364,2025-0339,3,0.8656821621735464,0.663198046994202,0.8656821621735464,0.7644401045838742,0.7759477563367615,0.7658743432167702,both_later
atp:111442,atp:210506,2024-12-30,2025,2024,hard,Brisbane,R16,7-5 6-3,60,43,65,38,83,ATP-2025-0339-365,2025-0339,3,0.5354056319502432,0.5175160207506866,0.5354056319502432,0.5264608263504649,0.5236257187171058,0.5235008019378924,both_later
atp:208103,atp:106415,2024-12-30,2025,2024,hard,Brisbane,R16,6-2 6-7(5) 6-4,81,62,107,65,83,ATP-2025-0339-366,2025-0339,3,0.6165014017977757,0.5440036618858712,0.6165014017977757,0.5802525318418235,0.5784669152683881,0.5788793246401146,both_later
atp:111797,atp:126127,2024-12-30,2025,2024,hard,Brisbane,R16,6-2 6-3,43,33,51,27,83,ATP-2025-0339-367,2025-0339,3,0.30103171375869503,0.4249923710711016,0.30103171375869503,0.3630120424148983,0.36317891181363354,0.36176089807556355,both_later
atp:210150,atp:105583,2024-12-30,2025,2024,hard,Brisbane,R16,6-3 6-2,51,36,55,27,83,ATP-2025-0339-368,2025-0339,3,0.6564462641956049,0.5512053707659444,0.6564462641956049,0.6038258174807747,0.6062711535265205,0.6039478803431488,both_later
atp:208659,atp:126207,2024-12-30,2025,2024,hard,Brisbane,R16,6-4 7-6(4),75,51,72,47,83,ATP-2025-0339-369,2025-0339,3,0.2725523069936572,0.40643881599023496,0.2725523069936572,0.33949556149194604,0.341981958722474,0.34108237870280966,both_later
atp:124187,atp:208286,2024-12-30,2025,2024,hard,Brisbane,R16,7-6(9) 7-6(4),86,62,75,55,83,ATP-2025-0339-370,2025-0339,3,0.3873184341886927,0.45904790967348186,0.3873184341886927,0.4231831719310873,0.4241568251449718,0.42583803918772445,both_later
atp:104925,atp:104792,2024-12-30,2025,2024,hard,Brisbane,R16,6-3 6-3,52,38,48,27,83,ATP-2025-0339-371,2025-0339,3,0.8704803329330059,0.6623436069575832,0.8704803329330059,0.7664119699452945,0.780766989644364,0.7746206974399543,both_later
atp:105777,atp:105870,2024-12-30,2025,2024,hard,Brisbane,R32,7-6(5) 6-3,63,43,95,54,83,ATP-2025-0339-348,2025-0339,3,0.8930587799322746,0.6901129081476961,0.8930587799322746,0.7915858440399853,0.8045400699717433,0.7898159325355605,both_first
atp:126846,atp:105676,2024-12-30,2025,2024,hard,Brisbane,R32,6-2 6-3,57,40,61,33,83,ATP-2025-0339-349,2025-0339,3,0.36269943212415306,0.45740006103143116,0.36269943212415306,0.41004974657779214,0.40714560839210673,0.40840189793574144,both_first
atp:210506,atp:106331,2024-12-30,2025,2024,hard,Brisbane,R32,6-4 4-6 7-6(10),92,63,101,68,83,ATP-2025-0339-350,2025-0339,3,0.5974561583593666,0.535825450106805,0.5974561583593666,0.5666408042330858,0.565435355181819,0.5626737612059268,both_first
atp:111442,atp:126610,2024-12-30,2025,2024,hard,Brisbane,R32,3-6 6-3 6-4,93,57,76,54,83,ATP-2025-0339-351,2025-0339,3,0.4302781531271249,0.4790051876716509,0.4302781531271249,0.4546416703993879,0.453350007963006,0.45418393466548496,both_first
atp:208103,atp:208029,2024-12-30,2025,2024,hard,Brisbane,R32,7-5 6-3,68,43,62,32,83,ATP-2025-0339-352,2025-0339,3,0.39215518964906676,0.4630149527006408,0.39215518964906676,0.4275850711748538,0.4274715643986893,0.42566258109246136,both_first
atp:106415,atp:126239,2024-12-30,2025,2024,hard,Brisbane,R32,6-3 6-4,50,41,51,34,83,ATP-2025-0339-353,2025-0339,3,0.4776907248241852,0.49041806530363136,0.4776907248241852,0.48405439506390824,0.485121662103198,0.4832609864584765,both_first
atp:111797,atp:208363,2024-12-30,2025,2024,hard,Brisbane,R32,7-5 7-6(7),75,56,77,52,83,ATP-2025-0339-354,2025-0339,3,0.6342950104878923,0.5526090936832468,0.6342950104878923,0.5934520520855695,0.5907640454601529,0.5928112220581054,both_first
atp:126127,atp:126214,2024-12-30,2025,2024,hard,Brisbane,R32,6-7(8) 7-6(5) 6-4,110,80,125,82,83,ATP-2025-0339-355,2025-0339,3,0.5356743607210763,0.5115349404943546,0.5356743607210763,0.5236046506077154,0.523805375886144,0.5244285749287407,both_first
atp:105583,atp:209070,2024-12-30,2025,2024,hard,Brisbane,R32,6-4 6-4,61,42,81,46,83,ATP-2025-0339-356,2025-0339,3,0.4145382218592327,0.4664937442783033,0.4145382218592327,0.44051598306876805,0.4427133744480853,0.4425910517291281,both_first
atp:210150,atp:105062,2024-12-30,2025,2024,hard,Brisbane,R32,7-6(3) 6-4,68,48,76,47,83,ATP-2025-0339-357,2025-0339,3,0.8780262053902428,0.6758315532499237,0.8780262053902428,0.7769288793200833,0.7885010122362638,0.7769899107512703,both_first
atp:208659,atp:106401,2024-12-30,2025,2024,hard,Brisbane,R32,7-6(2) 6-7(4) 7-6(3),111,89,107,85,83,ATP-2025-0339-358,2025-0339,3,0.20406896539953107,0.3459566676838572,0.20406896539953107,0.2750128165416941,0.28753838079530425,0.2780033566698601,both_first
atp:126207,atp:200443,2024-12-30,2025,2024,hard,Brisbane,R32,7-6(5) 6-3,66,48,66,41,83,ATP-2025-0339-359,2025-0339,3,0.8343550578815468,0.6563014952700641,0.8343550578815468,0.7453282765758055,0.7460916293855556,0.7397439006221893,both_first
atp:208286,atp:200615,2024-12-30,2025,2024,hard,Brisbane,R32,6-3 6-2,54,38,41,24,83,ATP-2025-0339-360,2025-0339,3,0.3797696845177675,0.4606347268843454,0.3797696845177675,0.4202022057010565,0.418966542984438,0.42059891000377236,both_first
atp:124187,atp:144870,2024-12-30,2025,2024,hard,Brisbane,R32,7-5 6-4,49,44,62,42,83,ATP-2025-0339-361,2025-0339,3,0.6350542150703816,0.5540738480317363,0.6350542150703816,0.594564031551059,0.5912916862086832,0.5963949744866708,both_first
atp:104792,atp:210460,2024-12-30,2025,2024,hard,Brisbane,R32,6-4 4-6 6-1,77,53,74,43,83,ATP-2025-0339-362,2025-0339,3,0.7479994922136957,0.6014342386328959,0.7479994922136957,0.6747168654232958,0.6737761498100638,0.6738319096710834,both_first
atp:104925,atp:208014,2024-12-30,2025,2024,hard,Brisbane,R32,6-3 6-3,47,37,54,30,83,ATP-2025-0339-363,2025-0339,3,0.9841245915183819,0.8384803173634422,0.9841245915183819,0.9113024544409121,0.9399879014830141,0.9118212216060021,both_first
atp:208103,atp:105777,2024-12-30,2025,2024,hard,Brisbane,SF,6-4 4-4 RET,52,39,49,36,83,ATP-2025-0339-376,2025-0339,3,0.26414681041831145,0.416447970704913,0.26414681041831145,0.34029739056161223,0.33558826062386476,0.338100259038878,both_later
atp:124187,atp:208659,2024-12-30,2025,2024,hard,Brisbane,SF,6-3 7-6(4),64,51,69,47,83,ATP-2025-0339-377,2025-0339,3,0.4950485009879949,0.4982911199267623,0.4950485009879949,0.49666981045737857,0.4966989407067502,0.49251967313665845,both_later
atp:104792,atp:200267,2025-01-06,2025,2025,hard,Auckland,F,6-3 6-4,60,44,64,40,84,ATP-2025-0301-386,2025-0301,3,0.688267926857309,0.5591394568202624,0.688267926857309,0.6237036918387857,0.6290218297871081,0.6271824834164482,both_later
atp:210460,atp:210506,2025-01-06,2025,2025,hard,Auckland,QF,2-6 6-2 6-4,79,54,73,45,84,ATP-2025-0301-380,2025-0301,3,0.3079764785857784,0.4216966737870003,0.3079764785857784,0.36483657618638937,0.3682501555125786,0.36758299058980715,both_later
atp:104792,atp:207680,2025-01-06,2025,2025,hard,Auckland,QF,6-3 6-1,52,35,60,32,84,ATP-2025-0301-381,2025-0301,3,0.8091118932939978,0.6231003967043027,0.8091118932939978,0.7161061449991503,0.7236886989580718,0.7169300693201757,both_later
atp:200267,atp:106148,2025-01-06,2025,2025,hard,Auckland,QF,1-6 6-2 6-3,65,39,74,40,84,ATP-2025-0301-382,2025-0301,3,0.4643715635335958,0.4826060421116875,0.4643715635335958,0.47348880282264166,0.476225327069451,0.4758690286389371,both_later
atp:132686,atp:210150,2025-01-06,2025,2025,hard,Auckland,QF,6-7(4) 6-2 7-6(4),104,69,118,73,84,ATP-2025-0301-383,2025-0301,3,0.38723744064838955,0.46313701556301495,0.38723744064838955,0.42518722810570225,0.42410124802516663,0.4239360837663675,both_later
atp:210460,atp:126214,2025-01-06,2025,2025,hard,Auckland,R16,6-4 5-7 6-4,99,67,108,71,84,ATP-2025-0301-372,2025-0301,3,0.3009661144969273,0.42163564235581324,0.3009661144969273,0.36130087842637026,0.36313083998728973,0.36249099133451795,mixed_first_later
atp:210506,atp:132283,2025-01-06,2025,2025,hard,Auckland,R16,7-6(3) 6-2,70,50,89,53,84,ATP-2025-0301-373,2025-0301,3,0.5728025586226281,0.5274641440341776,0.5728025586226281,0.5501333513284028,0.5487273179301532,0.5480887983836362,both_later
atp:207680,atp:202104,2025-01-06,2025,2025,hard,Auckland,R16,6-4 7-6(1),79,50,75,43,84,ATP-2025-0301-374,2025-0301,3,0.5386471775862076,0.505981080256332,0.5386471775862076,0.5223141289212698,0.5257933626822432,0.5245112604440041,mixed_first_later
atp:104792,atp:105526,2025-01-06,2025,2025,hard,Auckland,R16,6-1 7-6(5),62,47,56,36,84,ATP-2025-0301-375,2025-0301,3,0.5476618437962737,0.5172108635947513,0.5476618437962737,0.5324363536955126,0.5318282359162296,0.5310021150626165,both_later
atp:200267,atp:208134,2025-01-06,2025,2025,hard,Auckland,R16,6-1 6-4,47,33,69,32,84,ATP-2025-0301-376,2025-0301,3,0.7581039066308476,0.5947207812023192,0.7581039066308476,0.6764123439165834,0.681688307629161,0.6805929969528971,both_later
atp:106148,atp:202103,2025-01-06,2025,2025,hard,Auckland,R16,6-2 7-5,69,48,59,36,84,ATP-2025-0301-377,2025-0301,3,0.5188921742248284,0.5015257857796765,0.5188921742248284,0.5102089800022525,0.5125981146456486,0.512833331543296,mixed_first_later
atp:132686,atp:208363,2025-01-06,2025,2025,hard,Auckland,R16,4-6 7-5 6-4,111,66,102,61,84,ATP-2025-0301-378,2025-0301,3,0.746530345031312,0.5915471467805921,0.746530345031312,0.669038745905952,0.6726352255675687,0.665529438612696,both_later
atp:210150,atp:210097,2025-01-06,2025,2025,hard,Auckland,R16,7-6(2) 4-6 7-5,119,82,127,81,84,ATP-2025-0301-379,2025-0301,3,0.4158822428410308,0.4630759841318279,0.4158822428410308,0.4394791134864293,0.44362400007173747,0.4439344079630848,mixed_first_later
atp:210460,atp:207681,2025-01-06,2025,2025,hard,Auckland,R32,6-2 6-2,51,36,52,26,84,ATP-2025-0301-360,2025-0301,3,0.3986311134176662,0.46411351846200793,0.3986311134176662,0.43137231593983705,0.4318972186779404,0.4279240400777681,both_first
atp:132283,atp:209113,2025-01-06,2025,2025,hard,Auckland,R32,7-6(5) 2-6 7-6(7),116,80,108,78,84,ATP-2025-0301-361,2025-0301,3,0.48194341837197374,0.4915776624961855,0.48194341837197374,0.4867605404340796,0.4879593700679751,0.4838310317371007,both_first
atp:210506,atp:111576,2025-01-06,2025,2025,hard,Auckland,R32,6-7(8) 6-4 6-2,104,66,111,59,84,ATP-2025-0301-362,2025-0301,3,0.8808052938819496,0.6756484589563625,0.8808052938819496,0.778226876419156,0.7914000852108811,0.7766400592082925,both_first
atp:207680,atp:111815,2025-01-06,2025,2025,hard,Auckland,R32,6-2 6-3,54,33,50,23,84,ATP-2025-0301-363,2025-0301,3,0.1879634656618601,0.3816600549282881,0.1879634656618601,0.2848117602950741,0.2737792686931122,0.2775185042682202,both_first
atp:104792,atp:124079,2025-01-06,2025,2025,hard,Auckland,R32,1-6 7-6(5) 6-3,86,55,83,56,84,ATP-2025-0301-364,2025-0301,3,0.864526068213723,0.6569728410131218,0.864526068213723,0.7607494546134224,0.7747974605812121,0.7622447246775054,both_first
atp:105526,atp:207352,2025-01-06,2025,2025,hard,Auckland,R32,6-3 6-4,50,38,73,40,84,ATP-2025-0301-365,2025-0301,3,0.4720921854399163,0.49389685688129387,0.4720921854399163,0.4829945211606051,0.4813840423753038,0.48174337682127033,both_first
atp:208134,atp:207925,2025-01-06,2025,2025,hard,Auckland,R32,6-2 1-1 RET,36,24,29,15,84,ATP-2025-0301-366,2025-0301,3,0.232811591324464,0.4025938358254501,0.232811591324464,0.31770271357495705,0.3110956663492016,0.31437650057526223,both_first
atp:200267,atp:208653,2025-01-06,2025,2025,hard,Auckland,R32,6-3 7-5,70,48,53,32,84,ATP-2025-0301-367,2025-0301,3,0.7668901579198879,0.6210253280439426,0.7668901579198879,0.6939577429819153,0.6886658085041846,0.6923098943398647,both_first
atp:106148,atp:127157,2025-01-06,2025,2025,hard,Auckland,R32,6-3 3-6 7-5,86,58,111,62,84,ATP-2025-0301-368,2025-0301,3,0.6962512717232695,0.5667683857186451,0.6962512717232695,0.6315098287209573,0.6348328495318579,0.629709401500939,both_first
atp:132686,atp:209260,2025-01-06,2025,2025,hard,Auckland,R32,5-7 6-3 7-5,86,59,97,60,84,ATP-2025-0301-369,2025-0301,3,0.8368754335371481,0.6440952090326518,0.8368754335371481,0.7404853212849,0.7484019469595592,0.7410956355967706,both_first
atp:208363,atp:105173,2025-01-06,2025,2025,hard,Auckland,R32,7-6(6) 6-7(5) 6-1,116,72,112,64,84,ATP-2025-0301-370,2025-0301,3,0.38089161257869125,0.45965822398535244,0.38089161257869125,0.42027491828202185,0.4197393026953326,0.41859655392437767,both_first
atp:210150,atp:105807,2025-01-06,2025,2025,hard,Auckland,R32,6-2 4-6 7-5,88,63,100,62,84,ATP-2025-0301-371,2025-0301,3,0.5685311842717488,0.5223985352456515,0.5685311842717488,0.5454648597587002,0.5458476726796109,0.5470211612539702,both_first
atp:104792,atp:210460,2025-01-06,2025,2025,hard,Auckland,SF,7-6(5) 6-4,88,58,59,44,84,ATP-2025-0301-384,2025-0301,3,0.7493046366217152,0.6057674702471773,0.7493046366217152,0.6775360534344462,0.6747916837855679,0.6808317507185475,both_later
atp:200267,atp:132686,2025-01-06,2025,2025,hard,Auckland,SF,6-2 3-6 7-5,87,51,94,53,84,ATP-2025-0301-385,2025-0301,3,0.45115421920616666,0.48144644491913335,0.45115421920616666,0.46630033206265,0.4673783615530305,0.4706335636769313,both_later
atp:200000,atp:200624,2025-01-06,2025,2025,hard,Adelaide,F,6-3 3-6 6-1,72,54,81,46,84,ATP-2025-8998-377,2025-8998,3,0.36440880645153095,0.4483674092157461,0.36440880645153095,0.40638810783363855,0.4083349635116349,0.40708996929228974,both_later
atp:200175,atp:126127,2025-01-06,2025,2025,hard,Adelaide,QF,6-2 6-3,48,37,54,31,84,ATP-2025-8998-372,2025-8998,3,0.3954372036267537,0.47345132743362833,0.3954372036267537,0.434444265530191,0.42971622655676806,0.42870731099860726,both_later
atp:200000,atp:106218,2025-01-06,2025,2025,hard,Adelaide,QF,7-6(3) 6-3,76,53,72,44,84,ATP-2025-8998-373,2025-8998,3,0.5639218428024076,0.5291119926762282,0.5639218428024076,0.5465169177393179,0.5427444402969805,0.5410240889324824,both_later
atp:126205,atp:208014,2025-01-06,2025,2025,hard,Adelaide,QF,6-3 6-4,65,45,52,32,84,ATP-2025-8998-374,2025-8998,3,0.9401383458045846,0.7283185840707964,0.9401383458045846,0.8342284649376905,0.8624742280761287,0.8369138479099212,both_later
atp:200624,atp:200221,2025-01-06,2025,2025,hard,Adelaide,R16,6-3 6-3,69,46,63,35,84,ATP-2025-8998-363,2025-8998,3,0.7216419981575648,0.5750686603600854,0.7216419981575648,0.6483553292588251,0.653640609749824,0.6510712279466493,mixed_first_later
atp:106423,atp:144869,2025-01-06,2025,2025,hard,Adelaide,R16,7-5 4-6 7-6(4),115,79,103,76,84,ATP-2025-8998-364,2025-8998,3,0.5335291131255075,0.5162343606957583,0.5335291131255075,0.5248817369106329,0.5223713915770838,0.5276586670296441,both_later
atp:126127,atp:111454,2025-01-06,2025,2025,hard,Adelaide,R16,6-3 6-3,63,38,58,26,84,ATP-2025-8998-365,2025-8998,3,0.8743009487028415,0.6899298138541349,0.8743009487028415,0.7821153812784882,0.7846583767977112,0.7759817224441885,mixed_first_later
atp:200175,atp:106331,2025-01-06,2025,2025,hard,Adelaide,R16,7-6(1) 6-2,64,45,68,38,84,ATP-2025-8998-366,2025-8998,3,0.5469785096667766,0.516905706438816,0.5469785096667766,0.5319421080527963,0.5313703985540292,0.5323998437866992,both_later
atp:106218,atp:133430,2025-01-06,2025,2025,hard,Adelaide,R16,7-5 6-2,50,35,63,31,84,ATP-2025-8998-367,2025-8998,3,0.3436119459472021,0.44940494354592614,0.3436119459472021,0.3965084447465641,0.3937699205771301,0.3951047218292617,both_later
atp:200000,atp:209070,2025-01-06,2025,2025,hard,Adelaide,R16,1-6 6-4 7-5,83,53,100,62,84,ATP-2025-8998-368,2025-8998,3,0.5904252254428561,0.5330180042722001,0.5904252254428561,0.5617216148575281,0.5606537469865327,0.5611418162612511,mixed_first_later
atp:208014,atp:206909,2025-01-06,2025,2025,hard,Adelaide,R16,6-2 3-6 7-6(5),86,62,84,60,84,ATP-2025-8998-369,2025-8998,3,0.17858460178109817,0.37342081171803476,0.17858460178109817,0.27600270674956645,0.2655515160869851,0.27261546231868455,both_later
atp:126205,atp:131905,2025-01-06,2025,2025,hard,Adelaide,R16,6-4 3-6 6-3,93,61,84,57,84,ATP-2025-8998-370,2025-8998,3,0.9518478138553269,0.7757400061031431,0.9518478138553269,0.863793909979235,0.8796753149842418,0.8641906142819509,mixed_first_later
atp:200221,atp:105138,2025-01-06,2025,2025,hard,Adelaide,R32,7-5 6-2,74,47,70,39,84,ATP-2025-8998-351,2025-8998,3,0.5048792656106776,0.5032346658529142,0.5048792656106776,0.5040569657317959,0.5032529011066165,0.5039043871538282,both_first
atp:106423,atp:106415,2025-01-06,2025,2025,hard,Adelaide,R32,6-3 3-6 6-3,88,58,89,54,84,ATP-2025-8998-352,2025-8998,3,0.6190325644561562,0.5462618248397925,0.6190325644561562,0.5826471946479743,0.5802084895468715,0.5777036487218223,both_first
atp:144869,atp:209262,2025-01-06,2025,2025,hard,Adelaide,R32,7-6(8) 6-3,71,52,65,44,84,ATP-2025-8998-353,2025-8998,3,0.65249667436969,0.5529142508391822,0.65249667436969,0.6027054626044361,0.6034883239942093,0.6074659142370269,both_first
atp:111454,atp:105902,2025-01-06,2025,2025,hard,Adelaide,R32,6-1 7-5,59,42,53,32,84,ATP-2025-8998-354,2025-8998,3,0.37166724263049117,0.4529447665547757,0.37166724263049117,0.41230600459263345,0.41337095105834415,0.4128247717577235,both_first
atp:106331,atp:126239,2025-01-06,2025,2025,hard,Adelaide,R32,7-5 7-6(5),66,53,71,53,84,ATP-2025-8998-355,2025-8998,3,0.48186616322741244,0.49627708269758924,0.48186616322741244,0.48907162296250084,0.4879078291278394,0.48858337151300435,both_first
atp:200175,atp:122330,2025-01-06,2025,2025,hard,Adelaide,R32,6-4 6-2,49,35,64,34,84,ATP-2025-8998-356,2025-8998,3,0.6161304552514436,0.5307598413182789,0.6161304552514436,0.5734451482848613,0.5782118867614646,0.5784497256422003,both_first
atp:133430,atp:111190,2025-01-06,2025,2025,hard,Adelaide,R32,6-3 6-4,54,43,53,35,84,ATP-2025-8998-357,2025-8998,3,0.6797334249048872,0.5582850167836436,0.6797334249048872,0.6190092208442655,0.6228582849123669,0.6195279880093554,both_first
atp:106218,atp:126846,2025-01-06,2025,2025,hard,Adelaide,R32,6-2 3-6 6-3,72,51,89,52,84,ATP-2025-8998-358,2025-8998,3,0.6751687445616803,0.5653036313701556,0.6751687445616803,0.620236187965918,0.6195812464950943,0.6148654220214566,both_first
atp:209070,atp:200443,2025-01-06,2025,2025,hard,Adelaide,R32,7-5 6-1,73,47,58,29,84,ATP-2025-8998-359,2025-8998,3,0.7353604912996898,0.5905706438815991,0.7353604912996898,0.6629655675906445,0.664035071595977,0.6610125617926585,both_first
atp:206909,atp:105870,2025-01-06,2025,2025,hard,Adelaide,R32,6-1 2-6 6-3,69,45,74,42,84,ATP-2025-8998-360,2025-8998,3,0.7621562515986879,0.6032651815685078,0.7621562515986879,0.6827107165835979,0.6848947428466384,0.6840839237853067,both_first
atp:208014,atp:105676,2025-01-06,2025,2025,hard,Adelaide,R32,6-1 6-2,57,37,44,20,84,ATP-2025-8998-361,2025-8998,3,0.24978739741562264,0.4038754958803784,0.24978739741562264,0.3268314466480005,0.3245007220636974,0.33073745824397244,both_first
atp:131905,atp:126128,2025-01-06,2025,2025,hard,Adelaide,R32,7-6(4) 2-6 6-1,98,59,83,50,84,ATP-2025-8998-362,2025-8998,3,0.16166440294054008,0.34363747329874883,0.16166440294054008,0.25265093811964445,0.2502529025390467,0.2503622594501297,both_first
atp:200624,atp:200175,2025-01-06,2025,2025,hard,Adelaide,SF,6-3 7-6(4),68,51,61,43,84,ATP-2025-8998-375,2025-8998,3,0.7447182887917028,0.587519072322246,0.7447182887917028,0.6661186805569743,0.6712312031027858,0.6680106549237732,both_later
atp:200000,atp:126205,2025-01-06,2025,2025,hard,Adelaide,SF,7-6(3) 3-6 6-4,110,66,94,61,84,ATP-2025-8998-376,2025-8998,3,0.2878609848027699,0.4285932255111382,0.2878609848027699,0.35822710515695405,0.35346025111317625,0.3573421494047417,both_later
atp:206173,atp:100644,2025-01-13,2025,2025,hard,Australian Open,F,6-3 7-6(4) 6-3,95,72,95,60,84,ATP-2025-580-226,2025-580,5,0.7289372351025906,0.6440341776014648,0.7289372351025906,0.6864857063520277,0.6591461490646949,0.6910020322598702,both_later
atp:206173,atp:200282,2025-01-13,2025,2025,hard,Australian Open,QF,6-3 6-2 6-1,59,49,78,41,84,ATP-2025-580-220,2025-580,5,0.8950315880519437,0.7904485810192249,0.8950315880519437,0.8427400845355844,0.8067142257351486,0.8416720344898108,both_later
atp:210097,atp:132283,2025-01-13,2025,2025,hard,Australian Open,QF,6-4 7-5 4-6 7-6(4),141,99,153,99,84,ATP-2025-580-221,2025-580,5,0.7155719137737988,0.6455599633811413,0.7155719137737988,0.68056593857747,0.6490959601332672,0.6787960270730453,both_later
atp:104925,atp:207989,2025-01-13,2025,2025,hard,Australian Open,QF,4-6 6-4 6-3 6-4,136,83,125,73,84,ATP-2025-580-222,2025-580,5,0.4877282158559244,0.4876716509002136,0.4877282158559244,0.487699933378069,0.49181789770136786,0.48965293917605496,both_later
atp:100644,atp:126205,2025-01-13,2025,2025,hard,Australian Open,QF,7-6(1) 7-6(0) 2-6 6-1,135,89,118,72,84,ATP-2025-580-223,2025-580,5,0.7602137536345521,0.6770521818736649,0.7602137536345521,0.7186329677541086,0.6833552792116917,0.7159475847818778,both_later
atp:206173,atp:111797,2025-01-13,2025,2025,hard,Australian Open,R128,7-6(2) 7-6(5) 6-1,101,78,98,65,84,ATP-2025-580-100,2025-580,5,0.9937958850991968,0.9615196826365578,0.9937958850991968,0.9776577838678773,0.9672074839013614,0.9769254066936326,both_first
atp:209262,atp:106121,2025-01-13,2025,2025,hard,Australian Open,R128,6-7(6) 7-6(4) 6-1 6-4,133,96,128,83,84,ATP-2025-580-101,2025-580,5,0.6775226639235684,0.618462007934086,0.6775226639235684,0.6479923359288272,0.621269500642797,0.6502504988827484,both_first
atp:106218,atp:105870,2025-01-13,2025,2025,hard,Australian Open,R128,2-6 7-5 6-1 7-5,116,73,138,78,84,ATP-2025-580-102,2025-580,5,0.7574729948117211,0.6682636557827281,0.7574729948117211,0.7128683252972245,0.6811908525485376,0.7133870924623147,both_first
atp:144869,atp:207925,2025-01-13,2025,2025,hard,Australian Open,R128,6-7(8) 6-3 7-5 6-1,136,94,150,89,84,ATP-2025-580-103,2025-580,5,0.6095470121996575,0.5679890143423864,0.6095470121996575,0.5887680132710219,0.573694060944439,0.5893783275828925,both_first
atp:128034,atp:134868,2025-01-13,2025,2025,hard,Australian Open,R128,7-5 6-4 6-4,83,62,120,72,84,ATP-2025-580-104,2025-580,5,0.6285710657195654,0.5832468721391517,0.6285710657195654,0.6059089689293586,0.5867940318039205,0.6031015230947537,both_first
atp:200175,atp:105583,2025-01-13,2025,2025,hard,Australian Open,R128,7-5 3-6 6-3 3-6 6-3,172,107,158,98,84,ATP-2025-580-105,2025-580,5,0.5780914118919209,0.5521208422337504,0.5780914118919209,0.5651061270628357,0.5522985685059747,0.5636718884299396,both_first
atp:126610,atp:111815,2025-01-13,2025,2025,hard,Australian Open,R128,6-7(4) 6-4 6-1 6-3,114,84,138,83,84,ATP-2025-580-106,2025-580,5,0.52296398684679,0.5194690265486726,0.52296398684679,0.5212165066977312,0.515315310112549,0.519934846642803,both_first
atp:208029,atp:111190,2025-01-13,2025,2025,hard,Australian Open,R128,4-6 6-3 6-4 3-6 6-4,131,93,142,93,84,ATP-2025-580-107,2025-580,5,0.6877134935304245,0.6172413793103448,0.6877134935304245,0.6524774364203847,0.6286199293158086,0.6521112478332622,both_first
atp:210506,atp:126774,2025-01-13,2025,2025,hard,Australian Open,R128,7-5 6-3 2-6 6-4,124,79,116,73,84,ATP-2025-580-108,2025-580,5,0.4174329189943381,0.4487335978028685,0.4174329189943381,0.4330832583986033,0.44467406056191305,0.43305274268300975,both_first
atp:210317,atp:212021,2025-01-13,2025,2025,hard,Australian Open,R128,6-4 6-3 6-4,82,64,92,56,84,ATP-2025-580-109,2025-580,5,0.460060454508346,0.4812023191943851,0.460060454508346,0.4706313868513655,0.47334208941977596,0.46535216805368473,both_first
atp:209113,atp:208134,2025-01-13,2025,2025,hard,Australian Open,R128,6-7(1) 7-6(3) 5-7 6-1 6-2,167,110,167,101,84,ATP-2025-580-110,2025-580,5,0.8501516058711786,0.7545010680500458,0.8501516058711786,0.8023263369606122,0.7608224296399092,0.8002512683002521,both_first
atp:111575,atp:105173,2025-01-13,2025,2025,hard,Australian Open,R128,7-6(5) 6-3 6-3,81,58,106,56,84,ATP-2025-580-111,2025-580,5,0.8997871256574026,0.7947818126335062,0.8997871256574026,0.8472844691454544,0.8120278810754973,0.8472539534298609,both_first
atp:202103,atp:122330,2025-01-13,2025,2025,hard,Australian Open,R128,7-6(1) 6-3 6-2,83,61,106,55,84,ATP-2025-580-112,2025-580,5,0.5875953089620921,0.5518156850778151,0.5875953089620921,0.5697054970199535,0.5587331569450239,0.5692477612860507,both_first
atp:207680,atp:200267,2025-01-13,2025,2025,hard,Australian Open,R128,6-7(5) 6-4 1-6 6-3 6-4,154,103,161,104,84,ATP-2025-580-113,2025-580,5,0.3167135049380907,0.37958498626792797,0.3167135049380907,0.3481492456030093,0.3745816237461843,0.3501937985477759,both_first
atp:207729,atp:105948,2025-01-13,2025,2025,hard,Australian Open,R128,6-3 6-7(3) 4-6 7-5 6-1,139,102,163,100,84,ATP-2025-580-114,2025-580,5,0.607826739043301,0.5778150747635032,0.607826739043301,0.5928209069034021,0.5725160661631538,0.5881825181331855,both_first
atp:200282,atp:122298,2025-01-13,2025,2025,hard,Australian Open,R128,6-1 7-5 6-4,93,65,90,50,84,ATP-2025-580-115,2025-580,5,0.916356380315807,0.8102837961550199,0.916356380315807,0.8633200882354135,0.8314436576541708,0.8654561883269606,both_first
atp:126203,atp:202385,2025-01-13,2025,2025,hard,Australian Open,R128,6-2 6-0 6-3,70,53,80,38,84,ATP-2025-580-116,2025-580,5,0.8686239372445871,0.7774488861763809,0.8686239372445871,0.823036411710484,0.778893684176591,0.8231279588572645,both_first
atp:106426,atp:106432,2025-01-13,2025,2025,hard,Australian Open,R128,7-5 6-1 6-2,62,50,85,45,84,ATP-2025-580-117,2025-580,5,0.3781967311361205,0.42120842233750383,0.3781967311361205,0.3997025767368122,0.4178823046730789,0.3977800866544197,both_first
atp:127157,atp:207681,2025-01-13,2025,2025,hard,Australian Open,R128,6-2 3-6 7-6(4) 4-6 6-4,132,100,146,102,84,ATP-2025-580-118,2025-580,5,0.29240027407218794,0.359749771132133,0.29240027407218794,0.3260750226021605,0.3568253313055994,0.3272956512259017,both_first
atp:104792,atp:208659,2025-01-13,2025,2025,hard,Australian Open,R128,7-6(7) 6-3 6-7(6) 6-7(5) 6-4,174,128,181,126,84,ATP-2025-580-119,2025-580,5,0.7459410172501578,0.6668599328654257,0.7459410172501578,0.7064004750577917,0.6721782150286807,0.7083534808557777,both_first
atp:210097,atp:206909,2025-01-13,2025,2025,hard,Australian Open,R128,7-6(3) 7-5 7-5,113,79,111,74,84,ATP-2025-580-120,2025-580,5,0.5600922503666236,0.5422947818126335,0.5600922503666236,0.5511935160896285,0.5401693185351664,0.550064434612668,both_first
atp:105807,atp:111794,2025-01-13,2025,2025,hard,Australian Open,R128,6-4 6-4 6-3,86,60,88,55,84,ATP-2025-580-121,2025-580,5,0.6981993499484729,0.6318889227952396,0.6981993499484729,0.6650441363718562,0.6362578439936868,0.6675464250505257,both_first
atp:133430,atp:105138,2025-01-13,2025,2025,hard,Australian Open,R128,3-6 6-4 6-4 7-6(8),131,81,136,81,84,ATP-2025-580-122,2025-580,5,0.7241368823967352,0.6411657003356729,0.7241368823967352,0.6826512913662041,0.6555179641143557,0.6856113157787765,both_first
atp:207518,atp:208286,2025-01-13,2025,2025,hard,Australian Open,R128,7-6(4) 4-6 7-6(5) 6-3,147,86,183,100,84,ATP-2025-580-123,2025-580,5,0.5972719478758065,0.5602990540128167,0.5972719478758065,0.5787855009443116,0.5653098899740373,0.5776564194673509,both_first
atp:211663,atp:126094,2025-01-13,2025,2025,hard,Australian Open,R128,7-6(1) 6-3 7-6(5),120,85,105,68,84,ATP-2025-580-124,2025-580,5,0.4680378659076679,0.4796155019835215,0.4680378659076679,0.4738266839455947,0.47867575836912923,0.4749862811381489,both_first
atp:132283,atp:104527,2025-01-13,2025,2025,hard,Australian Open,R128,6-4 5-7 7-5 7-5,132,96,112,81,84,ATP-2025-580-125,2025-580,5,0.568179946047298,0.5462618248397925,0.568179946047298,0.5572208854435452,0.5456110500642674,0.5563969611225199,both_first
atp:206681,atp:205734,2025-01-13,2025,2025,hard,Australian Open,R128,6-3 6-7(5) 7-5 5-7 7-5,165,120,190,126,84,ATP-2025-580-126,2025-580,5,0.6986351257642461,0.6324992371071102,0.6986351257642461,0.6655671814356782,0.636576994518758,0.6635226284909116,both_first
atp:126207,atp:126239,2025-01-13,2025,2025,hard,Australian Open,R128,7-6(2) 6-3 4-6 6-7(4) 6-3,169,117,161,109,84,ATP-2025-580-127,2025-580,5,0.7246049954088201,0.6453768690875801,0.7246049954088201,0.6849909322482001,0.6558708376116705,0.6871880637709342,both_first
atp:144895,atp:200615,2025-01-13,2025,2025,hard,Australian Open,R128,4-6 6-3 6-4 6-4,124,84,144,82,84,ATP-2025-580-128,2025-580,5,0.17840224756742032,0.2802258162953921,0.17840224756742032,0.2293140319314062,0.26538985071689003,0.22598781893171138,both_first
atp:106283,atp:208014,2025-01-13,2025,2025,hard,Australian Open,R128,6-4 6-4 6-3,79,53,103,55,84,ATP-2025-580-129,2025-580,5,0.6695268369997776,0.6125419591089412,0.6695268369997776,0.6410343980543594,0.6155487601610671,0.643139982430313,both_first
atp:210530,atp:200116,2025-01-13,2025,2025,hard,Australian Open,R128,4-6 7-6(3) 6-3 5-7 6-4,168,103,178,107,84,ATP-2025-580-130,2025-580,5,0.7745980114883472,0.6957888312480928,0.7745980114883472,0.73519342136822,0.6948669584990929,0.7364140499919611,both_first
atp:106421,atp:208937,2025-01-13,2025,2025,hard,Australian Open,R128,6-2 4-6 3-6 6-1 6-2,104,81,155,88,84,ATP-2025-580-131,2025-580,5,0.9821977633286179,0.9392432102532804,0.9821977633286179,0.9607204867909491,0.9354535102675328,0.9611171910936651,both_first
atp:104925,atp:210460,2025-01-13,2025,2025,hard,Australian Open,R128,4-6 6-3 6-4 6-2,106,77,129,77,84,ATP-2025-580-132,2025-580,5,0.9813368661600054,0.9386328959414099,0.9813368661600054,0.9599848810507077,0.9334899486021436,0.9569943409225417,both_first
atp:210262,atp:200303,2025-01-13,2025,2025,hard,Australian Open,R128,6-1 6-1 7-5,70,54,84,44,84,ATP-2025-580-133,2025-580,5,0.23738995698387794,0.29377479401891976,0.23738995698387794,0.26558237550139885,0.31474496077335956,0.2686034313451584,both_first
atp:124187,atp:206904,2025-01-13,2025,2025,hard,Australian Open,R128,3-6 7-6(4) 6-3 6-2,160,100,121,74,84,ATP-2025-580-134,2025-580,5,0.7320229479049774,0.6754043332316143,0.7320229479049774,0.7037136405682958,0.6614898006101815,0.6991057675136727,both_first
atp:207830,atp:111576,2025-01-13,2025,2025,hard,Australian Open,R128,6-3 6-1 7-5,82,56,85,41,84,ATP-2025-580-135,2025-580,5,0.9639708808460027,0.8915776624961855,0.9639708808460027,0.9277742716710942,0.8994524772300656,0.9267062216253206,both_first
atp:208103,atp:111454,2025-01-13,2025,2025,hard,Australian Open,R128,6-1 3-6 6-3 7-6(1),103,80,107,71,84,ATP-2025-580-136,2025-580,5,0.8946866860953963,0.8082087274946598,0.8946866860953963,0.851447706795028,0.8063328758842617,0.848457166666862,both_first
atp:200384,atp:117357,2025-01-13,2025,2025,hard,Australian Open,R128,6-2 3-6 6-2 6-2,101,68,109,60,84,ATP-2025-580-137,2025-580,5,0.5391696864132036,0.529844369850473,0.5391696864132036,0.5345070281318383,0.5261428788000027,0.5306315322514599,both_first
atp:126127,atp:105676,2025-01-13,2025,2025,hard,Australian Open,R128,6-1 6-2 7-6(7),105,66,85,43,84,ATP-2025-580-138,2025-580,5,0.6264346729796991,0.5834909978638999,0.6264346729796991,0.6049628354217995,0.5853158332890667,0.604474583972303,both_first
atp:208859,atp:105777,2025-01-13,2025,2025,hard,Australian Open,R128,7-5 2-1 RET,39,28,54,32,84,ATP-2025-580-139,2025-580,5,0.045966520899033775,0.11592920353982301,0.045966520899033775,0.0809478622194284,0.11692711378065514,0.08033754790755779,both_first
atp:207733,atp:208363,2025-01-13,2025,2025,hard,Australian Open,R128,4-6 6-3 3-6 6-3 6-2,160,94,160,91,84,ATP-2025-580-140,2025-580,5,0.9832050430816732,0.9303936527311566,0.9832050430816732,0.956799347906415,0.9377986960608122,0.9569519264843825,both_first
atp:106423,atp:126128,2025-01-13,2025,2025,hard,Australian Open,R128,3-6 6-3 6-3 7-6(5),158,94,130,77,84,ATP-2025-580-141,2025-580,5,0.5040251209617095,0.5063472688434544,0.5040251209617095,0.505186194902582,0.5026834461794998,0.5041791762879955,both_first
atp:126846,atp:106000,2025-01-13,2025,2025,hard,Australian Open,R128,6-7(3) 6-0 3-6 6-3 6-4,131,87,149,86,84,ATP-2025-580-142,2025-580,5,0.7266829667182655,0.6574610924626183,0.7266829667182655,0.6920720295904419,0.6574396790283135,0.6917668724345065,both_first
atp:200624,atp:127760,2025-01-13,2025,2025,hard,Australian Open,R128,6-3 0-6 6-3 7-6(6),113,69,108,69,84,ATP-2025-580-143,2025-580,5,0.6980405694606874,0.6256637168141593,0.6980405694606874,0.6618521431374234,0.636141592664623,0.6641713375225317,both_first
atp:111442,atp:136440,2025-01-13,2025,2025,hard,Australian Open,R128,7-6(3) 6-4 4-6 6-3,128,88,116,75,84,ATP-2025-580-144,2025-580,5,0.7283275118373506,0.6536161122978333,0.7283275118373506,0.690971812067592,0.6586841224111128,0.6867301276000912,both_first
atp:132686,atp:124186,2025-01-13,2025,2025,hard,Australian Open,R128,6-7(2) 6-3 6-2 7-5,123,87,125,77,84,ATP-2025-580-145,2025-580,5,0.6526351241754124,0.597528227036924,0.6526351241754124,0.6250816756061681,0.6035857356281439,0.6267600399638124,both_first
atp:106415,atp:144826,2025-01-13,2025,2025,hard,Australian Open,R128,3-6 6-4 7-6(3) 6-3,117,81,135,79,84,ATP-2025-580-146,2025-580,5,0.8311596044225279,0.777631980469942,0.8311596044225279,0.8043957924462349,0.7431830202829381,0.8035413524096161,both_first
atp:207989,atp:207686,2025-01-13,2025,2025,hard,Australian Open,R128,6-1 7-5 6-1,81,55,89,42,84,ATP-2025-580-147,2025-580,5,0.9922944398842533,0.9568202624351541,0.9922944398842533,0.9745573511597037,0.9622656043146383,0.9720245467654407,both_first
atp:134770,atp:144719,2025-01-13,2025,2025,hard,Australian Open,R128,6-3 1-6 7-5 2-6 6-1,123,80,138,84,84,ATP-2025-580-148,2025-580,5,0.7821849219706462,0.6866341165700336,0.7821849219706462,0.7344095192703399,0.7010486635905427,0.7359963364812034,both_first
atp:210150,atp:105932,2025-01-13,2025,2025,hard,Australian Open,R128,6-1 6-7(3) 6-3 6-3,125,85,116,69,84,ATP-2025-580-149,2025-580,5,0.9130701602434508,0.8277998169057065,0.9130701602434508,0.8704349885745786,0.8274708367927425,0.8708316928772946,both_first
atp:200221,atp:209992,2025-01-13,2025,2025,hard,Australian Open,R128,7-6(1) 5-2 RET,58,36,89,43,84,ATP-2025-580-150,2025-580,5,0.5757547280866047,0.5422337503814465,0.5757547280866047,0.5589942392340256,0.5507199461928802,0.5616185907750693,both_first
atp:200000,atp:105526,2025-01-13,2025,2025,hard,Australian Open,R128,6-3 6-0 4-6 6-1,93,66,114,57,84,ATP-2025-580-151,2025-580,5,0.5424866934467588,0.5281965212084223,0.5424866934467588,0.5353416073275905,0.5283624515832905,0.5345176830065652,both_first
atp:106148,atp:126214,2025-01-13,2025,2025,hard,Australian Open,R128,1-6 6-2 6-3 7-6(1),113,72,110,63,84,ATP-2025-580-152,2025-580,5,0.3804525358397933,0.4235886481537992,0.3804525358397933,0.4020205919967963,0.4194369338878946,0.4053162892808976,both_first
atp:105902,atp:208502,2025-01-13,2025,2025,hard,Australian Open,R128,6-2 6-4 6-2,69,53,78,45,84,ATP-2025-580-153,2025-580,5,0.20095949987492298,0.2896856881293866,0.20095949987492298,0.24532259400215478,0.2849160256833431,0.2456277511580901,both_first
atp:105453,atp:106329,2025-01-13,2025,2025,hard,Australian Open,R128,4-6 6-7(4) 7-5 6-2 6-3,140,104,169,111,84,ATP-2025-580-154,2025-580,5,0.6203744857770892,0.5768385718645103,0.6203744857770892,0.5986065288207998,0.581132793625613,0.5993999374262315,both_first
atp:126205,atp:106331,2025-01-13,2025,2025,hard,Australian Open,R128,6-2 3-6 6-1 6-7(5) 7-5,149,102,178,105,84,ATP-2025-580-155,2025-580,5,0.8895683476261474,0.7837351235886482,0.8895683476261474,0.8366517356073978,0.8007347718607171,0.8362855470202755,both_first
atp:200005,atp:209263,2025-01-13,2025,2025,hard,Australian Open,R128,7-6(5) 7-5 6-4,107,75,119,79,84,ATP-2025-580-156,2025-580,5,0.9569492471103301,0.9004882514494965,0.9569492471103301,0.9287187492799134,0.8877120058002198,0.9316482579768923,both_first
atp:200273,atp:207352,2025-01-13,2025,2025,hard,Australian Open,R128,7-6(4) 6-4 7-6(6),89,75,112,74,84,ATP-2025-580-157,2025-580,5,0.10122260391120085,0.18404028074458345,0.10122260391120085,0.14263144232789216,0.18910918522061332,0.13994605935566146,both_first
atp:111460,atp:200443,2025-01-13,2025,2025,hard,Australian Open,R128,4-6 4-6 6-4 7-6(4) 7-5,164,115,157,113,84,ATP-2025-580-158,2025-580,5,0.671466292407463,0.6111382361916387,0.671466292407463,0.6413022642995508,0.6169327786056895,0.6417294843178603,both_first
atp:209950,atp:202261,2025-01-13,2025,2025,hard,Australian Open,R128,3-6 7-6(4) 6-4 6-4,116,83,146,91,84,ATP-2025-580-159,2025-580,5,0.7700881434107895,0.6833994507171193,0.7700881434107895,0.7267437970639543,0.6912292946493471,0.7252485269998714,both_first
atp:209070,atp:202104,2025-01-13,2025,2025,hard,Australian Open,R128,6-3 5-7 3-6 6-0 6-3,143,93,129,80,84,ATP-2025-580-160,2025-580,5,0.8105837409875271,0.7137320720170888,0.8105837409875271,0.7621579065023079,0.7249610268944379,0.7618527493463727,both_first
atp:207985,atp:106401,2025-01-13,2025,2025,hard,Australian Open,R128,7-6(3) 6-3 7-6(2),110,82,119,74,84,ATP-2025-580-161,2025-580,5,0.09990650144739865,0.17165090021361,0.09990650144739865,0.13577870083050433,0.18762614492179253,0.1381284109312062,both_first
atp:124079,atp:209260,2025-01-13,2025,2025,hard,Australian Open,R128,6-3 4-1 RET,42,29,57,26,84,ATP-2025-580-162,2025-580,5,0.6546608732713866,0.5908758010375343,0.6546608732713866,0.6227683371544604,0.6050121718682767,0.6281696188145154,both_first
atp:100644,atp:106298,2025-01-13,2025,2025,hard,Australian Open,R128,6-4 6-4 6-4,88,65,113,66,84,ATP-2025-580-163,2025-580,5,0.9853865110807469,0.9355202929508697,0.9853865110807469,0.9604534020158083,0.943074003574148,0.9604534020158083,both_first
atp:206173,atp:208029,2025-01-13,2025,2025,hard,Australian Open,R16,6-3 3-6 6-3 6-2,105,76,110,66,84,ATP-2025-580-212,2025-580,5,0.9577278185978759,0.8749771132133048,0.9577278185978759,0.9163524659055904,0.8889726203635617,0.9170543273642415,both_later
atp:200282,atp:210506,2025-01-13,2025,2025,hard,Australian Open,R16,6-0 7-6(5) 6-3,90,63,87,49,84,ATP-2025-580-213,2025-580,5,0.8688835181194072,0.7585291425083919,0.8688835181194072,0.8137063303138996,0.7791549564666104,0.8134927203047448,both_later
atp:210097,atp:104792,2025-01-13,2025,2025,hard,Australian Open,R16,7-6(3) 6-7(3) 7-6(2) 1-0 RET,120,87,124,84,84,ATP-2025-580-214,2025-580,5,0.5607651336742374,0.5411351846200794,0.5607651336742374,0.5509501591471584,0.5406215854722297,0.5506755177068166,both_later
atp:132283,atp:210530,2025-01-13,2025,2025,hard,Australian Open,R16,6-3 6-2 3-6 6-1,95,71,102,57,84,ATP-2025-580-215,2025-580,5,0.6334594319444927,0.5847116264876412,0.6334594319444927,0.609085529216067,0.5901836199077026,0.6078038691611387,both_later
atp:104925,atp:208103,2025-01-13,2025,2025,hard,Australian Open,R16,6-3 6-4 7-6(4),92,68,106,66,84,ATP-2025-580-216,2025-580,5,0.9415919749147876,0.8488556606652427,0.9415919749147876,0.8952238177900151,0.8645272709157515,0.8973294021659688,both_later
atp:207989,atp:207733,2025-01-13,2025,2025,hard,Australian Open,R16,7-5 6-1 0-0 RET,59,40,68,34,84,ATP-2025-580-217,2025-580,5,0.7515673715982766,0.6727189502593836,0.7515673715982766,0.71214316092883,0.6765567750356589,0.7115023309013659,both_later
atp:126205,atp:200221,2025-01-13,2025,2025,hard,Australian Open,R16,6-1 6-1 6-1,67,50,61,26,84,ATP-2025-580-218,2025-580,5,0.8417086546832209,0.7392432102532804,0.8417086546832209,0.7904759324682507,0.7528736667347503,0.7882177695143293,both_later
atp:100644,atp:200005,2025-01-13,2025,2025,hard,Australian Open,R16,6-1 2-6 6-3 6-2,86,63,104,58,84,ATP-2025-580-219,2025-580,5,0.8041239801448098,0.705004577357339,0.8041239801448098,0.7545642787510745,0.7194054514615228,0.7554797502188804,both_later
atp:206173,atp:106218,2025-01-13,2025,2025,hard,Australian Open,R32,6-3 6-4 6-2,83,58,82,44,84,ATP-2025-580-196,2025-580,5,0.98551227973607,0.9323466585291426,0.98551227973607,0.9589294691326062,0.9433871157050999,0.9578614190868326,both_later
atp:208029,atp:200175,2025-01-13,2025,2025,hard,Australian Open,R32,6-7(5) 6-3 4-6 6-4 6-4,158,101,149,93,84,ATP-2025-580-197,2025-580,5,0.7198446190381569,0.6354287458040891,0.7198446190381569,0.6776366824211231,0.6522915614393051,0.6812070211455661,both_later
atp:210506,atp:111575,2025-01-13,2025,2025,hard,Australian Open,R32,6-3 7-6(5) 6-2,99,67,83,53,84,ATP-2025-580-198,2025-580,5,0.25850390212362717,0.3407079646017699,0.25850390212362717,0.29960593336269853,0.3312568334966102,0.3017115177386521,both_later
atp:200282,atp:202103,2025-01-13,2025,2025,hard,Australian Open,R32,5-7 7-6(3) 6-3 6-3,137,86,152,84,84,ATP-2025-580-199,2025-580,5,0.9226689002737116,0.8218797680805615,0.9226689002737116,0.8722743341771366,0.8392668036128985,0.8715419570028918,both_later
atp:104792,atp:126203,2025-01-13,2025,2025,hard,Australian Open,R32,3-6 7-5 7-6(1) 6-4,121,93,130,90,84,ATP-2025-580-200,2025-580,5,0.18438808935454515,0.28407079646017697,0.18438808935454515,0.23422944290736106,0.27066249623332544,0.2359688386961923,both_later
atp:210097,atp:207518,2025-01-13,2025,2025,hard,Australian Open,R32,6-3 3-6 6-4 7-6(5),119,84,116,79,84,ATP-2025-580-201,2025-580,5,0.6290515262000674,0.5783033262129997,0.6290515262000674,0.6036774262065336,0.5871267310776005,0.6041351619404365,both_later
atp:132283,atp:206681,2025-01-13,2025,2025,hard,Australian Open,R32,6-7(3) 7-6(6) 6-1 6-2,130,95,134,86,84,ATP-2025-580-202,2025-580,5,0.4540573740379767,0.4674092157461092,0.4540573740379767,0.46073329489204295,0.46932352364499447,0.4641510550385184,both_later
atp:210530,atp:144895,2025-01-13,2025,2025,hard,Australian Open,R32,7-6(10) 6-3 6-3,107,69,107,60,84,ATP-2025-580-203,2025-580,5,0.5293907866604431,0.5191028379615502,0.5293907866604431,0.5242468123109967,0.5196064135322152,0.521103693604863,both_later
atp:104925,atp:207830,2025-01-13,2025,2025,hard,Australian Open,R32,6-1 6-4 6-4,79,56,87,47,84,ATP-2025-580-204,2025-580,5,0.90775653615082,0.8070491303021056,0.90775653615082,0.8574028332264627,0.8211800839377246,0.8554498274284768,both_later
atp:208103,atp:126127,2025-01-13,2025,2025,hard,Australian Open,R32,6-2 6-3 6-3,76,56,85,48,84,ATP-2025-580-205,2025-580,5,0.4599690550876082,0.47705218187366494,0.4599690550876082,0.4685106184806366,0.473280939002647,0.4681749456091078,both_later
atp:207733,atp:126846,2025-01-13,2025,2025,hard,Australian Open,R32,6-4 2-6 5-7 7-6(5) 7-6(8),164,111,188,121,84,ATP-2025-580-206,2025-580,5,0.9424902336703601,0.8523954836740921,0.9424902336703601,0.8974428586722261,0.8658067163438212,0.8976564686813808,both_later
atp:207989,atp:132686,2025-01-13,2025,2025,hard,Australian Open,R32,6-2 6-4 6-7(3) 6-2,109,80,137,83,84,ATP-2025-580-207,2025-580,5,0.9756043800183416,0.909948123283491,0.9756043800183416,0.9427762516509163,0.9212245462451129,0.9401519001098726,both_later
atp:200221,atp:210150,2025-01-13,2025,2025,hard,Australian Open,R32,3-6 4-6 7-6(7) 6-4 6-2,156,99,142,91,84,ATP-2025-580-208,2025-580,5,0.41926935834296575,0.44702471772963076,0.41926935834296575,0.4331470380362983,0.4459168392526625,0.4325062080088341,both_later
atp:126205,atp:106148,2025-01-13,2025,2025,hard,Australian Open,R32,7-6(0) 6-2 6-0,86,57,98,46,84,ATP-2025-580-209,2025-580,5,0.8834941666431281,0.7789136405248703,0.8834941666431281,0.8312039035839992,0.7942324261649508,0.8302884321161933,both_later
atp:200005,atp:209950,2025-01-13,2025,2025,hard,Australian Open,R32,4-6 7-5 6-4 1-0 RET,102,64,101,60,84,ATP-2025-580-210,2025-580,5,0.5949295683809933,0.5496795849862679,0.5949295683809933,0.5723045766836306,0.5637153953392952,0.5755392425365449,both_later
atp:100644,atp:207985,2025-01-13,2025,2025,hard,Australian Open,R32,6-3 6-4 6-4,81,58,79,45,84,ATP-2025-580-211,2025-580,5,0.9765543482934836,0.9266707354287458,0.9765543482934836,0.9516125418611148,0.923170852992017,0.9486830331641358,both_later
atp:206173,atp:209262,2025-01-13,2025,2025,hard,Australian Open,R64,4-6 6-4 6-1 6-3,100,69,138,78,84,ATP-2025-580-164,2025-580,5,0.9936459616359979,0.9646322856270979,0.9936459616359979,0.9791391236315479,0.9666955825703399,0.978223652163742,both_later
atp:106218,atp:144869,2025-01-13,2025,2025,hard,Australian Open,R64,7-5 3-6 7-5 3-6 6-4,163,98,153,90,84,ATP-2025-580-165,2025-580,5,0.5221784516474227,0.515868172108636,0.5221784516474227,0.5190233118780294,0.5147910261807135,0.5149952374196833,both_later
atp:200175,atp:128034,2025-01-13,2025,2025,hard,Australian Open,R64,6-4 6-4 6-2,84,62,82,52,84,ATP-2025-580-166,2025-580,5,0.2724138658801859,0.3561489166920964,0.2724138658801859,0.3142813912861412,0.3418771975798956,0.3114434297359428,both_later
atp:208029,atp:126610,2025-01-13,2025,2025,hard,Australian Open,R64,7-6(3) 2-6 6-3 7-6(6),127,87,149,93,84,ATP-2025-580-167,2025-580,5,0.5364019394665744,0.526853829722307,0.5364019394665744,0.5316278845944407,0.5242918334839026,0.5261045400720117,both_later
atp:210506,atp:210317,2025-01-13,2025,2025,hard,Australian Open,R64,7-5 6-3 7-6(4),96,75,110,67,84,ATP-2025-580-168,2025-580,5,0.9496044504789479,0.8788831248092768,0.9496044504789479,0.9142437876441123,0.8762543812222336,0.9147320390936089,both_later
atp:111575,atp:209113,2025-01-13,2025,2025,hard,Australian Open,R64,7-6(4) 4-6 6-3 6-3,122,88,135,88,84,ATP-2025-580-169,2025-580,5,0.7909423454143175,0.692981385413488,0.7909423454143175,0.7419618654139027,0.7082865315101313,0.7444641540925723,both_later
atp:202103,atp:207680,2025-01-13,2025,2025,hard,Australian Open,R64,6-2 1-0 RET,26,17,27,10,84,ATP-2025-580-170,2025-580,5,0.7042954234477871,0.6324992371071102,0.7042954234477871,0.6683973302774486,0.6407355346968292,0.6685804245710099,both_later
atp:200282,atp:207729,2025-01-13,2025,2025,hard,Australian Open,R64,6-2 6-4 6-3,64,51,96,51,84,ATP-2025-580-171,2025-580,5,0.9817645721244691,0.9368019530057979,0.9817645721244691,0.9592832625651335,0.9344609382288268,0.9606564697668425,both_later
atp:126203,atp:106426,2025-01-13,2025,2025,hard,Australian Open,R64,6-2 6-1 6-0,60,44,62,27,84,ATP-2025-580-172,2025-580,5,0.9619496741576999,0.8894415624046383,0.9619496741576999,0.9256956182811691,0.8959831149026319,0.9256040711343886,both_later
atp:104792,atp:127157,2025-01-13,2025,2025,hard,Australian Open,R64,7-5 6-3 7-6(3),99,68,99,58,84,ATP-2025-580-173,2025-580,5,0.8639447003637886,0.7670125114433933,0.8639447003637886,0.815478605903591,0.7742205650622523,0.8135866315367921,both_later
atp:210097,atp:105807,2025-01-13,2025,2025,hard,Australian Open,R64,6-3 6-3 6-7(4) 6-4,111,88,109,78,84,ATP-2025-580-174,2025-580,5,0.6756849607150739,0.6146170277693012,0.6756849607150739,0.6451509942421876,0.6199511837461122,0.648049987223573,both_later
atp:207518,atp:133430,2025-01-13,2025,2025,hard,Australian Open,R64,7-6(3) 7-6(6) 6-2,111,77,112,66,84,ATP-2025-580-175,2025-580,5,0.3294348000379163,0.3936222154409521,0.3294348000379163,0.36152850773943424,0.3837105328061901,0.3616810863174018,both_later
atp:132283,atp:211663,2025-01-13,2025,2025,hard,Australian Open,R64,6-7(6) 6-3 6-1 3-6 6-3,140,99,146,91,84,ATP-2025-580-176,2025-580,5,0.20386782808060075,0.302014037229173,0.20386782808060075,0.2529409326548869,0.28736922405433846,0.24509839374734949,both_later
atp:206681,atp:126207,2025-01-13,2025,2025,hard,Australian Open,R64,6-7(3) 6-4 3-6 6-4 6-1,172,113,150,95,84,ATP-2025-580-177,2025-580,5,0.30576931969658105,0.3803783948733598,0.30576931969658105,0.3430738572849704,0.3666422406940359,0.339656097138495,both_later
atp:144895,atp:106283,2025-01-13,2025,2025,hard,Australian Open,R64,4-6 6-4 7-6(3) 6-4,147,90,137,85,84,ATP-2025-580-178,2025-580,5,0.41673172615971726,0.4446444919133354,0.41673172615971726,0.4306881090365263,0.4441993152237072,0.4329767877060411,both_later
atp:210530,atp:106421,2025-01-13,2025,2025,hard,Australian Open,R64,6-3 7-6(4) 6-7(8) 1-6 7-6(7),201,112,169,99,84,ATP-2025-580-179,2025-580,5,0.04164559564020386,0.1261824839792493,0.04164559564020386,0.08391403980972659,0.11000584868280924,0.0835173355070107,both_later
atp:104925,atp:210262,2025-01-13,2025,2025,hard,Australian Open,R64,6-1 6-7(4) 6-3 6-2,113,78,107,57,84,ATP-2025-580-180,2025-580,5,0.995756805357873,0.9819652120842234,0.995756805357873,0.9888610087210482,0.9743890603209154,0.9887084301430806,both_later
atp:207830,atp:124187,2025-01-13,2025,2025,hard,Australian Open,R64,3-6 7-6(1) 6-7(5) 7-6(4) 6-4,167,124,173,126,84,ATP-2025-580-181,2025-580,5,0.7967461482170186,0.7075678974671956,0.7967461482170186,0.7521570228421071,0.7131475316634223,0.7504786584844629,both_later
atp:208103,atp:200384,2025-01-13,2025,2025,hard,Australian Open,R64,6-3 3-1 RET,44,30,57,28,84,ATP-2025-580-182,2025-580,5,0.877045142601243,0.7781812633506255,0.877045142601243,0.8276132029759342,0.7874842822540665,0.8260569014806642,both_later
atp:126127,atp:208859,2025-01-13,2025,2025,hard,Australian Open,R64,6-2 6-4 3-6 6-4,104,73,100,68,84,ATP-2025-580-183,2025-580,5,0.8547308333837557,0.7685382972230699,0.8547308333837557,0.8116345653034127,0.7652112036262974,0.8100477480925492,both_later
atp:207733,atp:106423,2025-01-13,2025,2025,hard,Australian Open,R64,6-7(3) 6-3 3-6 7-5 6-3,157,109,164,105,84,ATP-2025-580-184,2025-580,5,0.8266788896593534,0.7303326212999695,0.8266788896593534,0.7785057554796615,0.7391419420259994,0.7776818311586362,both_later
atp:126846,atp:200624,2025-01-13,2025,2025,hard,Australian Open,R64,6-4 3-6 2-6 6-3 7-5,150,99,131,90,84,ATP-2025-580-185,2025-580,5,0.12329783002701022,0.22889838266707355,0.12329783002701022,0.17609810634704187,0.21287034958362155,0.17237518904463114,both_later
atp:132686,atp:111442,2025-01-13,2025,2025,hard,Australian Open,R64,6-3 6-2 6-4,81,61,81,46,84,ATP-2025-580-186,2025-580,5,0.38042239516309007,0.43365883429966434,0.38042239516309007,0.4070406147313772,0.41941617488912936,0.40438574747474,both_later
atp:207989,atp:106415,2025-01-13,2025,2025,hard,Australian Open,R64,6-0 6-1 6-4,60,49,61,30,84,ATP-2025-580-187,2025-580,5,0.9816693388292681,0.9254501068050046,0.9816693388292681,0.9535597228171364,0.934243971790876,0.9524611570557693,both_later
atp:210150,atp:134770,2025-01-13,2025,2025,hard,Australian Open,R64,6-2 3-6 6-1 6-4,108,74,121,69,84,ATP-2025-580-188,2025-580,5,0.45832284659140093,0.4766249618553555,0.45832284659140093,0.4674739042233782,0.47217937634810875,0.46774854566372,both_later
atp:200221,atp:200000,2025-01-13,2025,2025,hard,Australian Open,R64,6-7(7) 6-7(5) 6-4 6-1 6-3,176,114,152,91,84,ATP-2025-580-189,2025-580,5,0.3925762315290692,0.4312175770521819,0.3925762315290692,0.41189690429062553,0.427759729960033,0.41409403581335974,both_later
atp:106148,atp:105902,2025-01-13,2025,2025,hard,Australian Open,R64,6-4 6-2 7-5,77,61,111,63,84,ATP-2025-580-190,2025-580,5,0.7512421604192916,0.6633201098565762,0.7512421604192916,0.7072811351379339,0.6763027369829976,0.7126824167979888,both_later
atp:126205,atp:105453,2025-01-13,2025,2025,hard,Australian Open,R64,6-7(3) 6-0 6-3 6-1,104,66,129,59,84,ATP-2025-580-191,2025-580,5,0.8933777829530377,0.7909978638999084,0.8933777829530377,0.842187823426473,0.8048904664657986,0.8426760748759696,both_later
atp:200005,atp:200273,2025-01-13,2025,2025,hard,Australian Open,R64,6-3 6-4 6-4,75,61,89,56,84,ATP-2025-580-192,2025-580,5,0.9568193115187803,0.8937137625877327,0.9568193115187803,0.9252665370532565,0.8875025458222054,0.9266397442549654,both_later
atp:209950,atp:111460,2025-01-13,2025,2025,hard,Australian Open,R64,6-2 4-6 7-6(2) 7-5,120,88,125,82,84,ATP-2025-580-193,2025-580,5,0.7940670753435082,0.698046994202014,0.7940670753435082,0.7460570347727611,0.7108970873817079,0.7480710720019341,both_later
atp:207985,atp:209070,2025-01-13,2025,2025,hard,Australian Open,R64,3-6 7-5 6-2 6-3,111,72,106,62,84,ATP-2025-580-194,2025-580,5,0.27174163353547465,0.33039365273115656,0.27174163353547465,0.3010676431333156,0.34136825144854577,0.30381405753673335,both_later
atp:100644,atp:124079,2025-01-13,2025,2025,hard,Australian Open,R64,6-1 6-4 6-1,73,53,72,34,84,ATP-2025-580-195,2025-580,5,0.9959099639674723,0.9679890143423864,0.9959099639674723,0.9819494891549294,0.9749961095648698,0.9828954763383289,both_later
atp:206173,atp:210097,2025-01-13,2025,2025,hard,Australian Open,SF,7-6(2) 6-2 6-2,89,62,118,62,84,ATP-2025-580-224,2025-580,5,0.9459647805336281,0.8623436069575832,0.9459647805336281,0.9041541937456057,0.8708369867969015,0.9042457408923863,both_later
atp:100644,atp:104925,2025-01-13,2025,2025,hard,Australian Open,SF,7-6(5) 0-0 RET,38,31,54,36,84,ATP-2025-580-225,2025-580,5,0.4576754710053181,0.46820262435154103,0.4576754710053181,0.4629390476784295,0.47174609226580927,0.46721124786152385,both_later
atp:200000,atp:206499,2025-01-27,2025,2025,hard,Montpellier,F,6-2 6-7(7) 7-6(2),105,78,99,70,84,ATP-2025-0375-385,2025-0375,3,0.7583758665590724,0.6001525785779677,0.7583758665590724,0.67926422256852,0.6819028844383079,0.6803322726142936,both_later
atp:200000,atp:207352,2025-01-27,2025,2025,hard,Montpellier,QF,6-3 6-4,51,41,53,35,84,ATP-2025-0375-379,2025-0375,3,0.5049849478351528,0.5034787915776625,0.5049849478351528,0.5042318697064077,0.5033233597319201,0.5061543597888001,both_later
atp:207411,atp:134868,2025-01-27,2025,2025,hard,Montpellier,QF,7-6(5) 6-4,80,58,68,49,84,ATP-2025-0375-380,2025-0375,3,0.19644463891146405,0.3762892889838267,0.19644463891146405,0.2863669639476454,0.2810800959726442,0.2793483493611333,both_later
atp:206499,atp:122330,2025-01-27,2025,2025,hard,Montpellier,QF,6-3 6-2,59,42,65,37,84,ATP-2025-0375-381,2025-0375,3,0.43564976967353536,0.4799816905706439,0.43564976967353536,0.45781573012208965,0.4569673268065996,0.4588837801678632,both_later
atp:126094,atp:105932,2025-01-27,2025,2025,hard,Montpellier,QF,5-2 RET,18,15,21,12,84,ATP-2025-0375-382,2025-0375,3,0.9448167197199423,0.7585901739395788,0.9448167197199423,0.8517034468297606,0.8691602205717739,0.8517339625453542,both_later
atp:200000,atp:209070,2025-01-27,2025,2025,hard,Montpellier,R16,6-4 7-6(5),55,43,72,44,84,ATP-2025-0375-371,2025-0375,3,0.5898268734517973,0.5250839182178823,0.5898268734517973,0.5574553958348398,0.5602474763443552,0.5583708673026457,mixed_first_later
atp:207352,atp:106005,2025-01-27,2025,2025,hard,Montpellier,R16,6-2 6-1,39,30,61,29,84,ATP-2025-0375-372,2025-0375,3,0.8885956742732317,0.6869392737259689,0.8885956742732317,0.7877674739996003,0.7996835055676126,0.7854482796144919,both_later
atp:207411,atp:207925,2025-01-27,2025,2025,hard,Montpellier,R16,6-3 7-6(2),64,47,72,42,84,ATP-2025-0375-373,2025-0375,3,0.28247106388887483,0.41620384498016477,0.28247106388887483,0.3493374544345198,0.34944232283605126,0.34680465004025673,mixed_first_later
atp:134868,atp:104755,2025-01-27,2025,2025,hard,Montpellier,R16,6-3 3-6 7-5,97,66,85,59,84,ATP-2025-0375-374,2025-0375,3,0.6764326950261701,0.5639609398840403,0.6764326950261701,0.6201968174551051,0.6204873305098322,0.6196780502900152,both_later
atp:206499,atp:208233,2025-01-27,2025,2025,hard,Montpellier,R16,7-5 7-6(5),71,56,71,53,84,ATP-2025-0375-375,2025-0375,3,0.41487818312793345,0.47210863594751296,0.41487818312793345,0.4434934095377232,0.44294375594767477,0.43858037932716476,both_later
atp:122330,atp:136440,2025-01-27,2025,2025,hard,Montpellier,R16,6-4 6-2,59,40,53,30,84,ATP-2025-0375-376,2025-0375,3,0.496407490419538,0.5028684772657919,0.496407490419538,0.49963798384266495,0.49760497071604326,0.49762394661349196,mixed_first_later
atp:105932,atp:126239,2025-01-27,2025,2025,hard,Montpellier,R16,6-0 7-6(4),66,43,72,36,84,ATP-2025-0375-377,2025-0375,3,0.2129758657524536,0.38629844369850475,0.2129758657524536,0.2996371547254792,0.2949658389814876,0.2959752688542555,both_later
atp:126094,atp:111153,2025-01-27,2025,2025,hard,Montpellier,R16,6-4 6-3,48,37,52,32,84,ATP-2025-0375-378,2025-0375,3,0.887136075923533,0.6956057369545315,0.887136075923533,0.7913709064390323,0.7981132595085115,0.7893873849254529,mixed_first_later
atp:209070,atp:104527,2025-01-27,2025,2025,hard,Montpellier,R32,6-4 6-3,56,40,64,38,84,ATP-2025-0375-359,2025-0375,3,0.602540359155219,0.5313701556301496,0.602540359155219,0.5669552573926843,0.5689023491591907,0.5655515344753819,both_first
atp:106005,atp:106432,2025-01-27,2025,2025,hard,Montpellier,R32,6-3 7-5,62,43,61,37,84,ATP-2025-0375-360,2025-0375,3,0.22072795960479846,0.3888007323771742,0.22072795960479846,0.30476434599098634,0.3013341497012301,0.30137710156010444,both_first
atp:207352,atp:127157,2025-01-27,2025,2025,hard,Montpellier,R32,7-6(1) 6-3,61,47,79,47,84,ATP-2025-0375-361,2025-0375,3,0.7937687703434448,0.6229173024107415,0.7937687703434448,0.7083430363770932,0.7106472116968479,0.7077327220652225,both_first
atp:207411,atp:111460,2025-01-27,2025,2025,hard,Montpellier,R32,7-6(7) 2-0 RET,46,36,51,33,84,ATP-2025-0375-362,2025-0375,3,0.3189275046056507,0.43359780286847727,0.3189275046056507,0.376262653737064,0.3761778462646496,0.37620162230587695,both_first
atp:104755,atp:105173,2025-01-27,2025,2025,hard,Montpellier,R32,6-3 6-2,48,37,56,31,84,ATP-2025-0375-363,2025-0375,3,0.5425949014525057,0.5105584375953616,0.5425949014525057,0.5265766695239336,0.52843488185301,0.525325525184599,both_first
atp:134868,atp:122298,2025-01-27,2025,2025,hard,Montpellier,R32,7-5 6-3,77,47,57,31,84,ATP-2025-0375-364,2025-0375,3,0.6141608077009139,0.5350320415013732,0.6141608077009139,0.5745964246011435,0.5768585923100347,0.5773428390045613,both_first
atp:206499,atp:105676,2025-01-27,2025,2025,hard,Montpellier,R32,6-2 3-6 6-4,83,54,75,50,84,ATP-2025-0375-365,2025-0375,3,0.3148428485058634,0.4396399145559963,0.3148428485058634,0.3772413815309299,0.3732304029656503,0.37760757011805224,both_first
atp:208233,atp:106298,2025-01-27,2025,2025,hard,Montpellier,R32,6-4 6-4,70,48,69,42,84,ATP-2025-0375-366,2025-0375,3,0.5825506660196804,0.52886786695148,0.5825506660196804,0.5557092664855803,0.5553148271104162,0.5566552536689797,both_first
atp:136440,atp:106296,2025-01-27,2025,2025,hard,Montpellier,R32,6-4 7-6(5),81,52,64,40,84,ATP-2025-0375-367,2025-0375,3,0.5886735564731327,0.5322245956667684,0.5886735564731327,0.5604490760699505,0.5594646749891478,0.5598082460424865,both_first
atp:126239,atp:208004,2025-01-27,2025,2025,hard,Montpellier,R32,7-6(2) 2-6 6-1,106,69,75,52,84,ATP-2025-0375-368,2025-0375,3,0.7408864143506894,0.5930729325602685,0.7408864143506894,0.6669796734554789,0.6682736147439104,0.6679866920700654,both_first
atp:105932,atp:105062,2025-01-27,2025,2025,hard,Montpellier,R32,6-3 3-6 5-0 RET,71,47,69,38,84,ATP-2025-0375-369,2025-0375,3,0.4967364065196307,0.5035398230088496,0.4967364065196307,0.5001381147642401,0.4978242538470142,0.4981851089662541,both_first
atp:111153,atp:208230,2025-01-27,2025,2025,hard,Montpellier,R32,7-5 6-4,62,44,61,37,84,ATP-2025-0375-370,2025-0375,3,0.36779827208628335,0.4461702776930119,0.36779827208628335,0.4069842748896476,0.4106894537885931,0.40765562063270533,both_first
atp:200000,atp:207411,2025-01-27,2025,2025,hard,Montpellier,SF,6-4 7-6(4),70,47,86,51,84,ATP-2025-0375-383,2025-0375,3,0.8336572228561989,0.6474519377479402,0.8336572228561989,0.7405545803020696,0.7454544982167906,0.7420803660817461,both_later
atp:206499,atp:126094,2025-01-27,2025,2025,hard,Montpellier,SF,7-5 6-4,77,51,55,37,84,ATP-2025-0375-384,2025-0375,3,0.13106730126931768,0.3297833384192859,0.13106730126931768,0.2304253198443018,0.22079551795183208,0.22621415109239457,both_later
atp:207989,atp:200282,2025-02-03,2025,2025,hard,Rotterdam,F,6-4 3-6 6-2,76,50,78,49,84,ATP-2025-0407-385,2025-0407,3,0.7313414764721394,0.5781812633506256,0.7313414764721394,0.6547613699113826,0.6609714284620468,0.6563176714066525,both_later
atp:208233,atp:126774,2025-02-03,2025,2025,hard,Rotterdam,QF,6-4 6-2,57,41,58,34,84,ATP-2025-0407-379,2025-0407,3,0.31701807509197194,0.427372596887397,0.31701807509197194,0.37219533598968446,0.374801401074788,0.3757656747141276,both_later
atp:200282,atp:127157,2025-02-03,2025,2025,hard,Rotterdam,QF,6-1 6-4,54,38,60,31,84,ATP-2025-0407-380,2025-0407,3,0.9440375565690026,0.7465059505645407,0.9440375565690026,0.8452717535667716,0.8680305848926363,0.8451802064199911,both_later
atp:128034,atp:126094,2025-02-03,2025,2025,hard,Rotterdam,QF,6-7(5) 6-3 6-4,94,67,114,68,84,ATP-2025-0407-381,2025-0407,3,0.4108596093029491,0.4687519072322246,0.4108596093029491,0.43980575826758683,0.4402185106868252,0.44130102833166984,both_later
atp:207989,atp:124079,2025-02-03,2025,2025,hard,Rotterdam,QF,6-2 6-1,36,29,57,26,84,ATP-2025-0407-382,2025-0407,3,0.9914308247194688,0.8689960329569728,0.9914308247194688,0.9302134288382208,0.9595857197376797,0.9307932274344979,both_later
atp:208233,atp:106421,2025-02-03,2025,2025,hard,Rotterdam,R16,6-3 6-7(6) 6-3,131,81,93,61,84,ATP-2025-0407-371,2025-0407,3,0.10833153289669875,0.3172108635947513,0.10833153289669875,0.21277119824572505,0.19698189957814682,0.21271016681453797,both_later
atp:126774,atp:134868,2025-02-03,2025,2025,hard,Rotterdam,R16,6-7(5) 7-6(6) 7-5,116,83,131,86,84,ATP-2025-0407-372,2025-0407,3,0.5263953857524549,0.512999694842844,0.5263953857524549,0.5196975402976495,0.5176060160674858,0.5175919559216959,both_later
atp:200282,atp:210150,2025-02-03,2025,2025,hard,Rotterdam,R16,6-4 6-4,52,42,76,44,84,ATP-2025-0407-373,2025-0407,3,0.7768301855179939,0.6027769301190113,0.7768301855179939,0.6898035578185027,0.6966774686833486,0.6877895205893296,both_later
atp:127157,atp:209950,2025-02-03,2025,2025,hard,Rotterdam,R16,6-4 3-6 7-5,86,55,116,69,84,ATP-2025-0407-374,2025-0407,3,0.14574452514920877,0.3460787305462313,0.14574452514920877,0.24591162784772003,0.2352470337163439,0.24719328790264833,both_later
atp:128034,atp:208103,2025-02-03,2025,2025,hard,Rotterdam,R16,7-5 2-0 RET,43,32,38,24,84,ATP-2025-0407-375,2025-0407,3,0.6185251244846499,0.5395483674092157,0.6185251244846499,0.5790367459469328,0.5798591492957348,0.5814169717632283,both_later
atp:126094,atp:206681,2025-02-03,2025,2025,hard,Rotterdam,R16,7-6(2) 7-6(7),78,54,79,51,84,ATP-2025-0407-376,2025-0407,3,0.7692120825582368,0.5989319499542264,0.7692120825582368,0.6840720162562316,0.6905257468700655,0.6795862060639826,both_later
atp:124079,atp:208029,2025-02-03,2025,2025,hard,Rotterdam,R16,6-4 6-1,49,36,58,30,84,ATP-2025-0407-377,2025-0407,3,0.10896098391840986,0.32325297528227037,0.10896098391840986,0.21610697960034012,0.19766822248618215,0.2119263265640264,both_later
atp:207989,atp:131934,2025-02-03,2025,2025,hard,Rotterdam,R16,6-2 6-1,36,29,59,27,84,ATP-2025-0407-378,2025-0407,3,0.9415562977332739,0.760665242599939,0.9415562977332739,0.8511107701666064,0.8644766256735275,0.8518736630564447,both_later
atp:106421,atp:104527,2025-02-03,2025,2025,hard,Rotterdam,R32,6-7(8) 6-4 6-1,88,57,106,56,84,ATP-2025-0407-355,2025-0407,3,0.8839757260377062,0.6807750991760757,0.8839757260377062,0.7823754126068909,0.7947425939605314,0.7824974754692651,both_first
atp:208233,atp:212219,2025-02-03,2025,2025,hard,Rotterdam,R32,6-3 6-2,59,40,70,36,84,ATP-2025-0407-356,2025-0407,3,0.7425365266730004,0.6041806530363137,0.7425365266730004,0.673358589854657,0.6695453507566446,0.6728398226895671,both_first
atp:134868,atp:126610,2025-02-03,2025,2025,hard,Rotterdam,R32,6-3 6-7(2) 7-6(4),103,77,86,71,84,ATP-2025-0407-357,2025-0407,3,0.43735807633056556,0.47686908758010377,0.43735807633056556,0.4571135819553347,0.4581165195070852,0.4547028404234457,both_first
atp:126774,atp:208004,2025-02-03,2025,2025,hard,Rotterdam,R32,6-1 7-5,55,43,65,37,84,ATP-2025-0407-358,2025-0407,3,0.8373841342281668,0.6489777235276167,0.8373841342281668,0.7431809288778918,0.7488700167466982,0.7383899615297075,both_first
atp:200282,atp:105676,2025-02-03,2025,2025,hard,Rotterdam,R32,6-2 6-4,60,42,72,41,84,ATP-2025-0407-359,2025-0407,3,0.8542621244524932,0.6441562404638389,0.8542621244524932,0.749209182458166,0.7647593720899603,0.7464932837703417,both_first
atp:210150,atp:122330,2025-02-03,2025,2025,hard,Rotterdam,R32,6-4 6-4,50,39,58,37,84,ATP-2025-0407-360,2025-0407,3,0.7081161186470011,0.5729325602685383,0.7081161186470011,0.6405243394577698,0.6435566391155538,0.6398224779991185,both_first
atp:127157,atp:206499,2025-02-03,2025,2025,hard,Rotterdam,R32,1-6 6-4 6-3,72,49,75,48,84,ATP-2025-0407-361,2025-0407,3,0.454821533503081,0.4903570338724443,0.454821533503081,0.47258928368776265,0.469835327112849,0.46929358640366137,both_first
atp:209950,atp:106005,2025-02-03,2025,2025,hard,Rotterdam,R32,6-7(4) 6-2 6-1,90,60,87,49,84,ATP-2025-0407-362,2025-0407,3,0.9306201878882427,0.721971315227342,0.9306201878882427,0.8262957515577924,0.8495194333029737,0.8224507713930076,both_first
atp:128034,atp:207925,2025-02-03,2025,2025,hard,Rotterdam,R32,6-3 6-2,48,37,55,31,84,ATP-2025-0407-363,2025-0407,3,0.7270745169453998,0.5864815379920659,0.7270745169453998,0.6567780274687329,0.6577357404483203,0.6560456502944881,both_first
atp:208103,atp:200615,2025-02-03,2025,2025,hard,Rotterdam,R32,7-5 6-2,66,45,54,33,84,ATP-2025-0407-364,2025-0407,3,0.4496380603266731,0.4868782422947818,0.4496380603266731,0.46825815131072746,0.4663620231660197,0.4671290698337668,both_first
atp:206681,atp:105526,2025-02-03,2025,2025,hard,Rotterdam,R32,6-3 4-6 7-6(3),102,72,93,66,84,ATP-2025-0407-365,2025-0407,3,0.42636721534989513,0.48187366493744277,0.42636721534989513,0.4541204401436689,0.45071250314935307,0.4503059756944776,both_first
atp:126094,atp:111190,2025-02-03,2025,2025,hard,Rotterdam,R32,6-3 6-4,61,44,70,43,84,ATP-2025-0407-366,2025-0407,3,0.7493137839542803,0.5922795239548367,0.7493137839542803,0.6707966539545585,0.6747988079290972,0.6706135596609973,both_first
atp:208029,atp:132283,2025-02-03,2025,2025,hard,Rotterdam,R32,7-6(4) 6-4,72,50,98,56,84,ATP-2025-0407-367,2025-0407,3,0.689100196414332,0.5657918828196521,0.689100196414332,0.6274460396169921,0.629625528709747,0.6291244039746362,both_first
atp:124079,atp:105138,2025-02-03,2025,2025,hard,Rotterdam,R32,6-3 6-2,52,34,66,32,84,ATP-2025-0407-368,2025-0407,3,0.1940819079465062,0.3892279523954837,0.1940819079465062,0.291654930170995,0.2790589024265646,0.2879014971529906,both_first
atp:131934,atp:200000,2025-02-03,2025,2025,hard,Rotterdam,R32,6-7(3) 6-4 0-0 RET,70,49,64,45,84,ATP-2025-0407-369,2025-0407,3,0.33288867159474517,0.4325602685382972,0.33288867159474517,0.3827244700665212,0.38617184390152737,0.38293808007567587,both_first
atp:207989,atp:122298,2025-02-03,2025,2025,hard,Rotterdam,R32,7-6(3) 3-6 6-1,95,58,100,57,84,ATP-2025-0407-370,2025-0407,3,0.956198416497988,0.7589563625267013,0.956198416497988,0.8575773895123446,0.8865052345346739,0.858981112429647,both_first
atp:200282,atp:208233,2025-02-03,2025,2025,hard,Rotterdam,SF,6-1 6-2,44,32,45,22,84,ATP-2025-0407-383,2025-0407,3,0.8859260790774219,0.6819346963686298,0.8859260790774219,0.7839303877230259,0.7968180643949754,0.780024376127054,both_later
atp:207989,atp:128034,2025-02-03,2025,2025,hard,Rotterdam,SF,6-4 6-7(5) 6-3,96,67,99,64,84,ATP-2025-0407-384,2025-0407,3,0.834348497585549,0.6410436374732987,0.834348497585549,0.7376960675294238,0.7460856346674044,0.7363838917589021,both_later
atp:133430,atp:134770,2025-02-03,2025,2025,hard,Dallas,F,7-6(5) 6-3,73,51,73,47,84,ATP-2025-0424-385,2025-0424,3,0.5804139001131012,0.5344217271895026,0.5804139001131012,0.5574178136513019,0.553868896591493,0.5532066448993946,both_later
atp:134770,atp:106415,2025-02-03,2025,2025,hard,Dallas,QF,7-5 3-2 RET,49,35,60,35,84,ATP-2025-0424-379,2025-0424,3,0.6706254559184109,0.5579188281965212,0.6706254559184109,0.614272142057466,0.6163324700922229,0.6133871863052537,both_later
atp:144719,atp:208286,2025-02-03,2025,2025,hard,Dallas,QF,6-4 3-6 6-3,89,63,90,61,84,ATP-2025-0424-380,2025-0424,3,0.38218982528236495,0.4617943240768996,0.38218982528236495,0.4219920746796323,0.42063288195800685,0.4193372074229951,both_later
atp:126205,atp:124187,2025-02-03,2025,2025,hard,Dallas,QF,7-6(3) 6-2,65,49,78,48,84,ATP-2025-0424-381,2025-0424,3,0.8441527686896309,0.6584375953616113,0.8441527686896309,0.7512951820256211,0.7551563237825799,0.752851483520891,both_later
atp:133430,atp:207830,2025-02-03,2025,2025,hard,Dallas,QF,7-6(5) 6-0,54,38,56,30,84,ATP-2025-0424-382,2025-0424,3,0.5400915315278728,0.5157461092462619,0.5400915315278728,0.5279188203870673,0.5267595967812013,0.5253249845616172,both_later
atp:134770,atp:111581,2025-02-03,2025,2025,hard,Dallas,R16,6-1 6-4,49,35,43,22,84,ATP-2025-0424-371,2025-0424,3,0.6395293269901898,0.5613976197741837,0.6395293269901898,0.6004634733821868,0.5944071225398934,0.595703021749596,both_later
atp:106415,atp:126207,2025-02-03,2025,2025,hard,Dallas,R16,3-6 6-4 6-3,92,61,83,54,84,ATP-2025-0424-372,2025-0424,3,0.29224117386054793,0.4205370765944461,0.29224117386054793,0.356389125227497,0.3567076693281945,0.36130215543805544,both_later
atp:144719,atp:210097,2025-02-03,2025,2025,hard,Dallas,R16,6-2 7-6(3),63,47,61,39,84,ATP-2025-0424-373,2025-0424,3,0.24041492945360524,0.39893194995422643,0.24041492945360524,0.3196734397039158,0.3171419915879484,0.32211469695139827,both_later
atp:208286,atp:200221,2025-02-03,2025,2025,hard,Dallas,R16,6-1 6-3,50,35,49,25,84,ATP-2025-0424-374,2025-0424,3,0.46663981245306485,0.49267622825755264,0.46663981245306485,0.47965802035530875,0.4777415062874646,0.478406876015974,both_later
atp:124187,atp:111815,2025-02-03,2025,2025,hard,Dallas,R16,4-6 7-6(5) 6-4,103,72,100,71,84,ATP-2025-0424-375,2025-0424,3,0.2948854118943293,0.4106499847421422,0.2948854118943293,0.35276769831823573,0.3586605873545774,0.3552089555657182,both_later
atp:126205,atp:210319,2025-02-03,2025,2025,hard,Dallas,R16,6-4 5-7 6-4,89,61,94,62,84,ATP-2025-0424-376,2025-0424,3,0.9841601150069764,0.8495270064083003,0.9841601150069764,0.9168435607076384,0.9400734473414473,0.9156839635150842,both_later
atp:207830,atp:208014,2025-02-03,2025,2025,hard,Dallas,R16,6-4 7-6(0),60,42,70,41,84,ATP-2025-0424-377,2025-0424,3,0.8575270687759677,0.6523344522429051,0.8575270687759677,0.7549307605094364,0.7679194758486366,0.7524284718307669,both_later
atp:133430,atp:126203,2025-02-03,2025,2025,hard,Dallas,R16,2-6 6-3 7-6(2),102,68,82,57,84,ATP-2025-0424-378,2025-0424,3,0.3061771449941717,0.4267622825755264,0.3061771449941717,0.36646971378484905,0.36693960510424073,0.3662866194912878,both_later
atp:134770,atp:105902,2025-02-03,2025,2025,hard,Dallas,R32,7-5 4-6 6-2,91,65,92,59,84,ATP-2025-0424-355,2025-0424,3,0.8119704534361374,0.6261519682636558,0.8119704534361374,0.7190612108498966,0.7261633494519462,0.7169861421895365,both_first
atp:111581,atp:106148,2025-02-03,2025,2025,hard,Dallas,R32,6-1 3-6 6-4,89,47,85,41,84,ATP-2025-0424-356,2025-0424,3,0.5081587787857313,0.5012206286237413,0.5081587787857313,0.5046897037047363,0.5054394540821674,0.5020958678792862,both_first
atp:106415,atp:206909,2025-02-03,2025,2025,hard,Dallas,R32,6-4 7-6(6),65,50,69,49,84,ATP-2025-0424-357,2025-0424,3,0.33654149510738124,0.44653646628013427,0.33654149510738124,0.39153898069375775,0.38876734810522395,0.3911422763910418,both_first
atp:126207,atp:106121,2025-02-03,2025,2025,hard,Dallas,R32,6-1 3-6 6-4,77,51,75,45,84,ATP-2025-0424-358,2025-0424,3,0.8693968251595482,0.660207506866036,0.8693968251595482,0.7648021660127922,0.7796722497351884,0.7693184919206346,both_first
atp:210097,atp:126846,2025-02-03,2025,2025,hard,Dallas,R32,6-3 6-3,49,37,50,30,84,ATP-2025-0424-359,2025-0424,3,0.7462844507266416,0.6021055843759536,0.7462844507266416,0.6741950175512976,0.6724444946118234,0.6804202235323779,both_first
atp:144719,atp:207352,2025-02-03,2025,2025,hard,Dallas,R32,7-5 6-2,58,39,69,38,84,ATP-2025-0424-360,2025-0424,3,0.28739661944004996,0.42761672261214523,0.28739661944004996,0.35750667102609757,0.3531150521430638,0.3552790237877699,both_first
atp:200221,atp:200587,2025-02-03,2025,2025,hard,Dallas,R32,6-1 7-5,61,44,58,32,84,ATP-2025-0424-361,2025-0424,3,0.8914228560017516,0.6921269453768691,0.8914228560017516,0.7917749006893104,0.8027500966898918,0.7907373663591304,both_first
atp:208286,atp:111153,2025-02-03,2025,2025,hard,Dallas,R32,6-3 6-4,62,44,55,36,84,ATP-2025-0424-362,2025-0424,3,0.7076710019948875,0.5725053402502289,0.7076710019948875,0.6400881711225582,0.6432273781375522,0.6395694039574682,both_first
atp:111815,atp:210506,2025-02-03,2025,2025,hard,Dallas,R32,2-6 7-6(1) 6-1,107,65,77,52,84,ATP-2025-0424-363,2025-0424,3,0.588125493048356,0.5250228867866952,0.588125493048356,0.5565741899175256,0.559092811345277,0.558954415733821,both_first
atp:124187,atp:207686,2025-02-03,2025,2025,hard,Dallas,R32,7-6(3) 6-4,63,49,61,43,84,ATP-2025-0424-364,2025-0424,3,0.5192827177458148,0.5072017088800732,0.5192827177458148,0.513242213312944,0.5128586880122811,0.5121131318359834,both_first
atp:210319,atp:212216,2025-02-03,2025,2025,hard,Dallas,R32,6-4 6-2,55,40,74,40,84,ATP-2025-0424-365,2025-0424,3,0.365867789883229,0.4464144034177601,0.365867789883229,0.4061410966504946,0.40934906618260003,0.40470685801759865,both_first
atp:126205,atp:202385,2025-02-03,2025,2025,hard,Dallas,R32,6-7(6) 6-3 6-4,98,63,108,61,84,ATP-2025-0424-366,2025-0424,3,0.7608297246385218,0.6039975587427525,0.7608297246385218,0.6824136416906372,0.6838429543151755,0.6806742459018059,both_first
atp:207830,atp:105453,2025-02-03,2025,2025,hard,Dallas,R32,6-2 6-2,48,35,48,26,84,ATP-2025-0424-367,2025-0424,3,0.7141027033391862,0.5722001830942935,0.7141027033391862,0.6431514432167399,0.6480007404499359,0.6434260846570816,both_first
atp:208014,atp:105173,2025-02-03,2025,2025,hard,Dallas,R32,7-5 6-3,61,45,61,39,84,ATP-2025-0424-368,2025-0424,3,0.4125121031123367,0.4684467500762893,0.4125121031123367,0.440479426594313,0.44133969754924646,0.44377512387841433,both_first
atp:133430,atp:200175,2025-02-03,2025,2025,hard,Dallas,R32,6-3 6-7(5) 6-3,98,71,93,61,84,ATP-2025-0424-369,2025-0424,3,0.6994849568428372,0.5785474519377479,0.6994849568428372,0.6390162043902925,0.6371997974050209,0.6335844070146441,both_first
atp:126203,atp:126239,2025-02-03,2025,2025,hard,Dallas,R32,6-4 6-2,43,36,58,33,84,ATP-2025-0424-370,2025-0424,3,0.8445031997339952,0.6657003356728716,0.8445031997339952,0.7551017677034334,0.755484810990258,0.7513788504010226,both_first
atp:134770,atp:144719,2025-02-03,2025,2025,hard,Dallas,SF,6-2 2-6 7-6(4),90,54,91,56,84,ATP-2025-0424-383,2025-0424,3,0.7314139540029541,0.5878852609093683,0.7314139540029541,0.6596496074561612,0.661026538430382,0.6588256831351358,both_later
atp:133430,atp:126205,2025-02-03,2025,2025,hard,Dallas,SF,7-5 6-3,78,52,57,36,84,ATP-2025-0424-384,2025-0424,3,0.3826955342294015,0.465212084223375,0.3826955342294015,0.42395380922638826,0.4209807960298244,0.42282472774942764,both_later
atp:200005,atp:209098,2025-02-10,2025,2025,hard,Marseille,F,7-6(4) 6-4,66,49,72,46,84,ATP-2025-0496-385,2025-0496,3,0.5865310877424356,0.5346048214830638,0.5865310877424356,0.5605679546127497,0.5580114639538791,0.5599881560164726,both_later
atp:200005,atp:132283,2025-02-10,2025,2025,hard,Marseille,QF,6-4 6-4,63,46,64,41,84,ATP-2025-0496-379,2025-0496,3,0.7513423395544926,0.5996032956972841,0.7513423395544926,0.6754728176258884,0.6763809791008998,0.675167660469953,both_later
atp:200267,atp:111190,2025-02-10,2025,2025,hard,Marseille,QF,7-5 0-0 RET,28,22,37,21,84,ATP-2025-0496-380,2025-0496,3,0.41794529719907425,0.4673481843149222,0.41794529719907425,0.4426467407569982,0.4450208890788101,0.44548470230719656,both_later
atp:209098,atp:127157,2025-02-10,2025,2025,hard,Marseille,QF,7-5 6-7(7) 6-4,102,73,111,71,84,ATP-2025-0496-381,2025-0496,3,0.8200665237809192,0.6415929203539823,0.8200665237809192,0.7308297220674507,0.7332546982820658,0.7271983519118206,both_later
atp:106421,atp:105526,2025-02-10,2025,2025,hard,Marseille,QF,6-3 6-2,54,37,65,34,84,ATP-2025-0496-382,2025-0496,3,0.7861074412021757,0.6110772047604517,0.7861074412021757,0.6985923229813137,0.704276561313036,0.6963951914585795,both_later
atp:200005,atp:122330,2025-02-10,2025,2025,hard,Marseille,R16,7-6(7) 6-4,67,48,71,46,84,ATP-2025-0496-371,2025-0496,3,0.8298969923454728,0.6334147085749161,0.8298969923454728,0.7316558504601944,0.7420399339815554,0.7334867933958062,mixed_first_later
atp:111190,atp:128034,2025-02-10,2025,2025,hard,Marseille,R16,6-4 6-7(1) 6-3,95,69,95,65,84,ATP-2025-0496-373,2025-0496,3,0.34402601068443667,0.4367104058590174,0.34402601068443667,0.390368208271727,0.3940620396633323,0.3936028741246413,mixed_first_later
atp:200267,atp:132686,2025-02-10,2025,2025,hard,Marseille,R16,6-2 6-7(5) 6-2,87,65,94,59,84,ATP-2025-0496-374,2025-0496,3,0.45210514028468585,0.4813243820567592,0.45210514028468585,0.4667147611707225,0.46801562700353466,0.4657992897029166,both_later
atp:127157,atp:202261,2025-02-10,2025,2025,hard,Marseille,R16,6-4 6-3,73,46,62,34,84,ATP-2025-0496-375,2025-0496,3,0.34649669893175233,0.43323161428135487,0.34649669893175233,0.3898641566065536,0.395803198286386,0.39434996679880263,both_later
atp:209098,atp:111575,2025-02-10,2025,2025,hard,Marseille,R16,6-2 6-3,55,37,48,24,84,ATP-2025-0496-376,2025-0496,3,0.43393969703661156,0.47564845895636254,0.43393969703661156,0.4547940779964871,0.4558163755668139,0.4545804679873323,mixed_first_later
atp:105526,atp:126409,2025-02-10,2025,2025,hard,Marseille,R16,6-4 5-7 6-4,96,60,115,65,84,ATP-2025-0496-377,2025-0496,3,0.835026617829578,0.6392126945376869,0.835026617829578,0.7371196561836324,0.7467058064919148,0.7387369891100896,both_later
atp:106421,atp:105732,2025-02-10,2025,2025,hard,Marseille,R16,6-2 6-4,49,39,52,28,84,ATP-2025-0496-378,2025-0496,3,0.8910963873778794,0.6893194995422642,0.8910963873778794,0.7902079434600718,0.802394262424645,0.7874615290566541,mixed_first_later
atp:122330,atp:104755,2025-02-10,2025,2025,hard,Marseille,R32,6-4 6-4,55,41,62,37,84,ATP-2025-0496-359,2025-0496,3,0.49527215374878064,0.49615501983521515,0.49527215374878064,0.4957135867919979,0.4968480503098953,0.4979717497459192,both_first
atp:209414,atp:126127,2025-02-10,2025,2025,hard,Marseille,R32,3-6 6-3 7-6(7),100,65,86,57,84,ATP-2025-0496-360,2025-0496,3,0.2736311688203132,0.41589868782422945,0.2736311688203132,0.34476492832227135,0.34279774438811966,0.3471451541385667,both_first
atp:132283,atp:122298,2025-02-10,2025,2025,hard,Marseille,R32,6-1 3-6 6-3,79,53,72,46,84,ATP-2025-0496-361,2025-0496,3,0.5042436833108118,0.5065303631370156,0.5042436833108118,0.5053870232239137,0.5028291599485276,0.5020608102242188,both_first
atp:111190,atp:111460,2025-02-10,2025,2025,hard,Marseille,R32,6-3 6-7(2) 7-6(3),102,76,110,74,84,ATP-2025-0496-362,2025-0496,3,0.5947735881394688,0.5354592615196826,0.5947735881394688,0.5651164248295757,0.5636092753296517,0.5635906390498993,both_first
atp:200267,atp:206889,2025-02-10,2025,2025,hard,Marseille,R32,6-4 6-4,58,41,55,33,84,ATP-2025-0496-363,2025-0496,3,0.528053586306556,0.5111077204760451,0.528053586306556,0.5195806533913006,0.5187133082407864,0.5216252063360671,both_first
atp:132686,atp:104527,2025-02-10,2025,2025,hard,Marseille,R32,6-7(4) 7-6(1) 6-3,99,72,116,72,84,ATP-2025-0496-364,2025-0496,3,0.5671477762525572,0.5216051266402197,0.5671477762525572,0.5443764514463885,0.5449158441688093,0.5456275957857233,both_first
atp:202261,atp:200624,2025-02-10,2025,2025,hard,Marseille,R32,6-7(3) 7-6(4) 6-4,120,78,105,70,84,ATP-2025-0496-365,2025-0496,3,0.2301559223512511,0.3946597497711321,0.2301559223512511,0.3124078360611916,0.3089668094606404,0.3117059746025404,both_first
atp:127157,atp:208134,2025-02-10,2025,2025,hard,Marseille,R32,6-2 6-2,53,37,67,33,84,ATP-2025-0496-366,2025-0496,3,0.6005429220951286,0.531797375648459,0.6005429220951286,0.5661701488717938,0.5675392970592583,0.5669330417616321,both_first
atp:209098,atp:209920,2025-02-10,2025,2025,hard,Marseille,R32,6-3 6-4,59,45,76,44,84,ATP-2025-0496-367,2025-0496,3,0.9877242886972827,0.9141592920353983,0.9877242886972827,0.9509417903663404,0.9490775835418365,0.9501483817609087,both_first
atp:126409,atp:210338,2025-02-10,2025,2025,hard,Marseille,R32,7-5 6-4,62,48,71,45,84,ATP-2025-0496-368,2025-0496,3,0.5517813715564381,0.5314922184925237,0.5517813715564381,0.5416367950244809,0.5345897906513716,0.5344045704288141,both_first
atp:105526,atp:131905,2025-02-10,2025,2025,hard,Marseille,R32,7-5 7-6(4),86,54,97,54,84,ATP-2025-0496-369,2025-0496,3,0.840230085632369,0.6627097955447055,0.840230085632369,0.7514699405885372,0.7514998101704253,0.7491812619190225,both_first
atp:105732,atp:208004,2025-02-10,2025,2025,hard,Marseille,R32,2-6 7-5 6-3,119,70,99,59,84,ATP-2025-0496-370,2025-0496,3,0.6813266780002479,0.5649984742142203,0.6813266780002479,0.6231625761072341,0.6240052474193131,0.6230099975292664,both_first
atp:200005,atp:200267,2025-02-10,2025,2025,hard,Marseille,SF,6-4 6-4,60,45,58,37,84,ATP-2025-0496-383,2025-0496,3,0.7944863292888737,0.6155935306682941,0.7944863292888737,0.7050399299785839,0.711248512802636,0.7063826214646993,both_later
atp:209098,atp:106421,2025-02-10,2025,2025,hard,Marseille,SF,6-3 6-2,60,37,46,21,84,ATP-2025-0496-384,2025-0496,3,0.2974413749599658,0.42297833384192857,0.2974413749599658,0.3602098544009472,0.36054308028919313,0.3596910872358572,both_later
atp:200175,atp:200221,2025-02-10,2025,2025,hard,Delray Beach,F,3-6 6-1 7-5,88,57,85,49,84,ATP-2025-0499-385,2025-0499,3,0.46253201916425096,0.48730546231309124,0.46253201916425096,0.47491874073867113,0.4749953093129444,0.4758647279220706,both_later
atp:200175,atp:106218,2025-02-10,2025,2025,hard,Delray Beach,QF,2-6 6-4 6-2,68,49,77,51,84,ATP-2025-0499-379,2025-0499,3,0.4405581786460598,0.47845590479096733,0.4405581786460598,0.45950704171851353,0.46026777791294105,0.46274170757142785,both_later
atp:210506,atp:111815,2025-02-10,2025,2025,hard,Delray Beach,QF,7-6(3) 7-5,69,52,69,48,84,ATP-2025-0499-380,2025-0499,3,0.4058222619217345,0.4696063472688434,0.4058222619217345,0.43771430459528893,0.43679604076961415,0.4380194617512243,both_later
atp:208286,atp:206909,2025-02-10,2025,2025,hard,Delray Beach,QF,7-6(2) 6-4,60,48,68,44,84,ATP-2025-0499-381,2025-0499,3,0.3703919727072173,0.4536161122978334,0.3703919727072173,0.4120040425025253,0.41248779305276884,0.4131636396950795,both_later
atp:200221,atp:126203,2025-02-10,2025,2025,hard,Delray Beach,QF,7-6(4) 7-6(5),91,56,77,48,84,ATP-2025-0499-382,2025-0499,3,0.1466935673407781,0.34528532194079953,0.1466935673407781,0.2459894446407888,0.2361600377179649,0.24943772050285776,both_later
atp:106218,atp:210319,2025-02-10,2025,2025,hard,Delray Beach,R16,6-3 6-4,44,36,66,40,84,ATP-2025-0499-371,2025-0499,3,0.9342451288387401,0.7443088190418066,0.9342451288387401,0.8392769739402733,0.8543585781002057,0.8402229611236728,mixed_first_later
atp:210506,atp:111581,2025-02-10,2025,2025,hard,Delray Beach,R16,6-7(8) 3-0 RET,61,39,69,39,84,ATP-2025-0499-373,2025-0499,3,0.5721163800935173,0.5237412267317668,0.5721163800935173,0.547928803412642,0.5482644480088268,0.5476236462567068,mixed_first_later
atp:111815,atp:126239,2025-02-10,2025,2025,hard,Delray Beach,R16,7-6(9) 6-2,62,44,95,53,84,ATP-2025-0499-374,2025-0499,3,0.6588192218344651,0.561702776930119,0.6588192218344651,0.6102609993822921,0.6079471093682338,0.6051038434469853,both_later
atp:206909,atp:124187,2025-02-10,2025,2025,hard,Delray Beach,R16,3-6 7-5 6-2,66,54,105,63,84,ATP-2025-0499-375,2025-0499,3,0.7072963601350625,0.5870918523039366,0.7072963601350625,0.6471941062194995,0.6429503718507354,0.6471941062194995,both_later
atp:208286,atp:210530,2025-02-10,2025,2025,hard,Delray Beach,R16,7-6(4) 4-6 7-6(1),119,77,109,70,84,ATP-2025-0499-376,2025-0499,3,0.6491033101060575,0.5483368935001526,0.6491033101060575,0.598720101803105,0.6011038702634477,0.5964619388491837,mixed_first_later
atp:200221,atp:111456,2025-02-10,2025,2025,hard,Delray Beach,R16,6-2 5-7 6-0,102,58,89,44,84,ATP-2025-0499-377,2025-0499,3,0.5458249453531864,0.5127555691180958,0.5458249453531864,0.529290257235641,0.5305976533807221,0.5321892502170265,both_later
atp:126203,atp:207352,2025-02-10,2025,2025,hard,Delray Beach,R16,7-6(4) 6-2,61,49,72,46,84,ATP-2025-0499-378,2025-0499,3,0.781352457727156,0.6155935306682941,0.781352457727156,0.698472994197725,0.7003664634218327,0.6975575227299191,mixed_first_later
atp:210319,atp:207729,2025-02-10,2025,2025,hard,Delray Beach,R32,6-2 6-7(5) 7-6(2),128,84,120,73,84,ATP-2025-0499-359,2025-0499,3,0.36439763987991247,0.4409826060421117,0.36439763987991247,0.4026901229610121,0.40832719825353836,0.402110324364735,both_first
atp:106415,atp:126846,2025-02-10,2025,2025,hard,Delray Beach,R32,6-3 6-4,63,45,49,33,84,ATP-2025-0499-360,2025-0499,3,0.5777618510932785,0.5180653036313702,0.5777618510932785,0.5479135773623243,0.5520758447834396,0.5543218776369658,both_first
atp:200175,atp:127339,2025-02-10,2025,2025,hard,Delray Beach,R32,6-4 6-4,51,37,58,36,84,ATP-2025-0499-361,2025-0499,3,0.4904087300088337,0.4946292340555386,0.4904087300088337,0.49251898203218614,0.49360538422236716,0.49309878062846324,both_first
atp:111581,atp:207686,2025-02-10,2025,2025,hard,Delray Beach,R32,7-5 7-6(5),80,50,79,46,84,ATP-2025-0499-362,2025-0499,3,0.6314780015535505,0.5379615501983521,0.6314780015535505,0.5847197758759513,0.5888084608964104,0.5897548689488838,both_first
atp:111815,atp:208260,2025-02-10,2025,2025,hard,Delray Beach,R32,7-5 6-4,59,38,65,37,84,ATP-2025-0499-363,2025-0499,3,0.8489842930353682,0.6480012206286238,0.8489842930353682,0.7484927568319959,0.7597126108460648,0.7501100897584531,both_first
atp:126239,atp:122078,2025-02-10,2025,2025,hard,Delray Beach,R32,6-2 6-4,54,39,64,36,84,ATP-2025-0499-364,2025-0499,3,0.7158007505195912,0.594476655477571,0.7158007505195912,0.6551387029985811,0.6492667109422758,0.6575799602460636,both_first
atp:206909,atp:208389,2025-02-10,2025,2025,hard,Delray Beach,R32,7-6(2) 6-1,57,46,79,46,84,ATP-2025-0499-365,2025-0499,3,0.8735341645722069,0.6945682026243516,0.8735341645722069,0.7840511835982793,0.7838734309616727,0.7840816993138727,both_first
atp:124187,atp:111153,2025-02-10,2025,2025,hard,Delray Beach,R32,6-3 7-6(7),67,51,59,42,84,ATP-2025-0499-366,2025-0499,3,0.5894222883521764,0.5303326212999695,0.5894222883521764,0.559877454826073,0.5599728266595355,0.5630510892478001,both_first
atp:210530,atp:200443,2025-02-10,2025,2025,hard,Delray Beach,R32,6-4 6-3,65,39,56,31,84,ATP-2025-0499-367,2025-0499,3,0.6040250302022308,0.5355813243820567,0.6040250302022308,0.5698031772921437,0.569916322155476,0.5703829758884209,both_first
atp:200221,atp:106121,2025-02-10,2025,2025,hard,Delray Beach,R32,6-2 7-6(2),66,44,58,32,84,ATP-2025-0499-368,2025-0499,3,0.8087424479505683,0.6210863594751297,0.8087424479505683,0.714914403712849,0.7233699447929354,0.7157383280338743,both_first
atp:111456,atp:105453,2025-02-10,2025,2025,hard,Delray Beach,R32,7-6(4) 4-6 7-5,111,69,102,60,84,ATP-2025-0499-369,2025-0499,3,0.5438317247897393,0.5083002746414403,0.5438317247897393,0.5260659997155899,0.5292628707541305,0.5271340497613635,both_first
atp:207352,atp:208014,2025-02-10,2025,2025,hard,Delray Beach,R32,6-2 6-0,36,28,48,20,84,ATP-2025-0499-370,2025-0499,3,0.8206870624367971,0.6210253280439426,0.8206870624367971,0.7208561952403698,0.733803441514134,0.7283935769919719,both_first
atp:200175,atp:210506,2025-02-10,2025,2025,hard,Delray Beach,SF,7-6(3) 6-3,75,48,62,37,84,ATP-2025-0499-383,2025-0499,3,0.4468351047181196,0.48553555080866645,0.4468351047181196,0.46618532776339305,0.464482172126918,0.4663989377725477,both_later
atp:200221,atp:208286,2025-02-10,2025,2025,hard,Delray Beach,SF,6-4 6-4,66,40,63,35,84,ATP-2025-0499-384,2025-0499,3,0.5353221450110721,0.5107415318889228,0.5353221450110721,0.5230318384499975,0.5235699055307107,0.5241609199269581,both_later
atp:211663,atp:202103,2025-02-10,2025,2025,clay,Buenos Aires,F,6-4 7-6(1),75,47,68,39,84,ATP-2025-0506-385,2025-0506,3,0.3910432312348687,0.469179127250534,0.3910432312348687,0.43011117924270137,0.4267102362622093,0.42812765772912187,both_later
atp:211663,atp:208363,2025-02-10,2025,2025,clay,Buenos Aires,QF,3-6 6-4 7-5,110,62,102,59,84,ATP-2025-0506-379,2025-0506,3,0.5333095289170382,0.5106194690265486,0.5333095289170382,0.5219644989717934,0.5222246376345034,0.5188518959812534,both_later
atp:111513,atp:205734,2025-02-10,2025,2025,clay,Buenos Aires,QF,7-6(3) 6-3,63,50,68,44,84,ATP-2025-0506-380,2025-0506,3,0.7334896288567144,0.5827586206896552,0.7334896288567144,0.6581241247731848,0.662606978002279,0.658307219066746,both_later
atp:202103,atp:100644,2025-02-10,2025,2025,clay,Buenos Aires,QF,3-6 6-3 6-2,87,55,82,48,84,ATP-2025-0506-382,2025-0506,3,0.14615503899214238,0.3454073848031736,0.14615503899214238,0.245781211897658,0.2356422616296487,0.2500839277963458,both_later
atp:208363,atp:208029,2025-02-10,2025,2025,clay,Buenos Aires,R16,6-1 7-6(2),65,47,67,38,84,ATP-2025-0506-371,2025-0506,3,0.34188130269746025,0.45080866646322854,0.34188130269746025,0.3963449845803444,0.3925479694942598,0.3939342430484555,mixed_first_later
atp:211663,atp:105948,2025-02-10,2025,2025,clay,Buenos Aires,R16,2-6 6-4 6-2,80,48,87,51,84,ATP-2025-0506-372,2025-0506,3,0.7151541056049875,0.5842233750381447,0.7151541056049875,0.6496887403215661,0.6487843197707871,0.6483155331198571,both_later
atp:111513,atp:126214,2025-02-10,2025,2025,clay,Buenos Aires,R16,2-6 6-1 7-6(2),78,54,104,61,84,ATP-2025-0506-373,2025-0506,3,0.49494651199874257,0.4949343912114739,0.49494651199874257,0.49494045160510824,0.49663094426571275,0.49973141895329254,mixed_first_later
atp:205734,atp:202104,2025-02-10,2025,2025,clay,Buenos Aires,R16,6-3 6-4,63,43,52,30,84,ATP-2025-0506-374,2025-0506,3,0.2903286971926199,0.42609093683246874,0.2903286971926199,0.3582098170125443,0.35529170717872344,0.35705021981999013,both_later
atp:124079,atp:106043,2025-02-10,2025,2025,clay,Buenos Aires,R16,6-2 6-2,49,32,42,17,84,ATP-2025-0506-375,2025-0506,3,0.7085708245444792,0.5751907232224596,0.7085708245444792,0.6418807738834693,0.6438931580867063,0.6405991138285411,both_later
atp:207518,atp:144895,2025-02-10,2025,2025,clay,Buenos Aires,R16,6-2 6-3,57,41,46,25,84,ATP-2025-0506-376,2025-0506,3,0.8642653601756531,0.6534940494354593,0.8642653601756531,0.7588797048055562,0.7745386299652143,0.7569266990075703,mixed_first_later
atp:202103,atp:207678,2025-02-10,2025,2025,clay,Buenos Aires,R16,6-2 6-3,54,40,55,28,84,ATP-2025-0506-377,2025-0506,3,0.8682984483602376,0.6696673787000306,0.8682984483602376,0.768982913530134,0.7785663810812343,0.7690439449613211,both_later
atp:100644,atp:105583,2025-02-10,2025,2025,clay,Buenos Aires,R16,6-4 6-4,63,43,81,46,84,ATP-2025-0506-378,2025-0506,3,0.8992638532404632,0.6907842538907537,0.8992638532404632,0.7950240535656085,0.8114380124449471,0.7929184691896549,mixed_first_later
atp:208363,atp:207681,2025-02-10,2025,2025,clay,Buenos Aires,R32,6-4 6-4,61,40,57,32,84,ATP-2025-0506-359,2025-0506,3,0.7001480115457771,0.5731766859932865,0.7001480115457771,0.6366623487695318,0.6376860980604726,0.6334276829166176,both_first
atp:105948,atp:200384,2025-02-10,2025,2025,clay,Buenos Aires,R32,6-3 6-2,42,29,61,27,84,ATP-2025-0506-360,2025-0506,3,0.430160780744177,0.4753433018004272,0.430160780744177,0.4527520412723021,0.45327090122017943,0.44811365250208546,both_first
atp:211663,atp:144869,2025-02-10,2025,2025,clay,Buenos Aires,R32,6-3 6-3,52,34,61,33,84,ATP-2025-0506-361,2025-0506,3,0.3519437419469826,0.44848947207812023,0.3519437419469826,0.4002166070125514,0.39963069537407203,0.39869082123287486,both_first
atp:111513,atp:124186,2025-02-10,2025,2025,clay,Buenos Aires,R32,6-3 6-3,46,37,53,31,84,ATP-2025-0506-362,2025-0506,3,0.754390210803808,0.5986878242294782,0.754390210803808,0.676539017516643,0.6787668401967567,0.6770272689661396,both_first
atp:205734,atp:207680,2025-02-10,2025,2025,clay,Buenos Aires,R32,3-6 6-2 6-3,77,51,80,48,84,ATP-2025-0506-363,2025-0506,3,0.39301658228684594,0.4603295697284101,0.39301658228684594,0.42667307600762805,0.42806104621556534,0.4281378303561175,both_first
atp:202104,atp:200116,2025-02-10,2025,2025,clay,Buenos Aires,R32,6-4 6-4,77,47,64,37,84,ATP-2025-0506-364,2025-0506,3,0.8892992096434367,0.6804089105889534,0.8892992096434367,0.7848540601161951,0.8004434947972844,0.7881497574002962,both_first
atp:106043,atp:111797,2025-02-10,2025,2025,clay,Buenos Aires,R32,7-6(10) 4-6 6-3,114,76,98,69,84,ATP-2025-0506-365,2025-0506,3,0.17486733024912327,0.3660970399755874,0.17486733024912327,0.27048218511235533,0.26224271742905064,0.27188590802965773,both_first
atp:124079,atp:106000,2025-02-10,2025,2025,clay,Buenos Aires,R32,0-6 6-2 7-6(3),112,59,104,55,84,ATP-2025-0506-366,2025-0506,3,0.6638293112029569,0.5570643881599023,0.6638293112029569,0.6104468496814296,0.6114957782011278,0.6122167611858544,both_first
atp:144895,atp:111576,2025-02-10,2025,2025,clay,Buenos Aires,R32,7-5 6-2,69,42,80,41,84,ATP-2025-0506-367,2025-0506,3,0.7331732941704427,0.5820262435154104,0.7331732941704427,0.6575997688429266,0.6623658477394976,0.657050485962243,both_first
atp:202103,atp:209260,2025-02-10,2025,2025,clay,Buenos Aires,R32,6-4 6-4,69,45,71,42,84,ATP-2025-0506-368,2025-0506,3,0.6579444760907761,0.5557827281049741,0.6579444760907761,0.606863602097875,0.6073289453031704,0.6061007092080368,both_first
atp:207678,atp:208882,2025-02-10,2025,2025,clay,Buenos Aires,R32,7-6(4) 5-7 7-5,113,71,124,74,84,ATP-2025-0506-369,2025-0506,3,0.6136524980004763,0.5475434848947208,0.6136524980004763,0.5805979914475985,0.5765095765230938,0.5769971370075619,both_first
atp:105583,atp:106148,2025-02-10,2025,2025,clay,Buenos Aires,R32,7-6(8) 7-5,81,49,86,44,84,ATP-2025-0506-370,2025-0506,3,0.48937523888796375,0.497009459871834,0.48937523888796375,0.49319234937989886,0.49291623352495906,0.49557257519619424,both_first
atp:211663,atp:111513,2025-02-10,2025,2025,clay,Buenos Aires,SF,7-6(3) 5-7 6-1,93,66,107,67,84,ATP-2025-0506-383,2025-0506,3,0.4000752159342285,0.4603295697284101,0.4000752159342285,0.43020239283131934,0.43288226413825664,0.43154508431743466,both_later
atp:202103,atp:124079,2025-02-10,2025,2025,clay,Buenos Aires,SF,6-2 6-4,65,44,60,35,84,ATP-2025-0506-384,2025-0506,3,0.7658782345043635,0.5919133353677144,0.7658782345043635,0.678895784936039,0.6878573609852977,0.679872287835032,both_later
atp:126094,atp:207733,2025-02-17,2025,2025,hard,Doha,F,7-5 5-7 6-1,85,64,90,58,84,ATP-2025-0451-385,2025-0451,3,0.407582052051059,0.4728410131217577,0.407582052051059,0.4402115325864083,0.43799250004603796,0.44073029975149836,both_later
atp:126094,atp:200282,2025-02-17,2025,2025,hard,Doha,QF,6-1 3-6 7-6(8),93,60,114,66,84,ATP-2025-0451-379,2025-0451,3,0.41597547536542784,0.47747940189197435,0.41597547536542784,0.4467274386287011,0.44368715119302277,0.4445608228215604,both_later
atp:200000,atp:106421,2025-02-17,2025,2025,hard,Doha,QF,6-3 0-0 RET,18,16,27,15,84,ATP-2025-0451-380,2025-0451,3,0.23243849878849238,0.40234971010070186,0.23243849878849238,0.31739410444459715,0.31079712822759686,0.31879782736189954,both_later
atp:207733,atp:126610,2025-02-17,2025,2025,hard,Doha,QF,4-6 6-4 6-3,82,60,111,70,84,ATP-2025-0451-381,2025-0451,3,0.7141082329661133,0.5760451632590784,0.7141082329661133,0.6450766981125958,0.6480048590768781,0.6429711137366423,both_later
atp:208103,atp:207989,2025-02-17,2025,2025,hard,Doha,QF,6-3 3-6 6-4,96,57,76,49,84,ATP-2025-0451-382,2025-0451,3,0.08827052619100738,0.3014037229173024,0.08827052619100738,0.1948371245541549,0.17413151362819207,0.19465403026059372,both_later
atp:200282,atp:122298,2025-02-17,2025,2025,hard,Doha,R16,6-4 6-4,70,49,75,43,84,ATP-2025-0451-371,2025-0451,3,0.8737927964236781,0.6540433323161429,0.8737927964236781,0.7639180643699105,0.7841379635999003,0.7670306673604506,both_later
atp:126094,atp:132686,2025-02-17,2025,2025,hard,Doha,R16,6-3 6-4,49,41,52,33,84,ATP-2025-0451-372,2025-0451,3,0.7907396100574496,0.611382361916387,0.7907396100574496,0.7010609859869184,0.7081176773145944,0.7019764574547243,both_later
atp:106421,atp:200267,2025-02-17,2025,2025,hard,Doha,R16,6-2 6-1,36,28,44,20,84,ATP-2025-0451-373,2025-0451,3,0.8907369647136828,0.6734513274336283,0.8907369647136828,0.7820941460736556,0.802003034212404,0.7840776675872351,both_later
atp:207733,atp:106331,2025-02-17,2025,2025,hard,Doha,R16,6-2 6-1,33,28,55,25,84,ATP-2025-0451-375,2025-0451,3,0.8674760373070883,0.6636252670125115,0.8674760373070883,0.7655506521597999,0.7777408981412703,0.7660389036092964,both_later
atp:126610,atp:134868,2025-02-17,2025,2025,hard,Doha,R16,7-6(4) 6-7(6) 6-4,96,80,109,81,84,ATP-2025-0451-376,2025-0451,3,0.5640194509783196,0.5277693011901129,0.5640194509783196,0.5458943760842163,0.5428101110770659,0.5424155845065537,both_later
atp:208103,atp:206681,2025-02-17,2025,2025,hard,Doha,R16,6-4 6-2,46,36,58,33,84,ATP-2025-0451-377,2025-0451,3,0.5585132273193981,0.5203234665852914,0.5585132273193981,0.5394183469523448,0.539108326779089,0.5375263725855459,both_later
atp:207989,atp:208134,2025-02-17,2025,2025,hard,Doha,R16,6-1 4-6 6-3,73,51,85,49,84,ATP-2025-0451-378,2025-0451,3,0.9931843197591076,0.8853524565151053,0.9931843197591076,0.9392683881371064,0.9651465197221286,0.9381393066601458,both_later
atp:200282,atp:126128,2025-02-17,2025,2025,hard,Doha,R32,6-1 7-5,68,44,63,35,84,ATP-2025-0451-355,2025-0451,3,0.7985118826243577,0.621391516631065,0.7985118826243577,0.7099516996277113,0.7146370596520452,0.7064423923344554,both_first
atp:122298,atp:209406,2025-02-17,2025,2025,hard,Doha,R32,7-5 6-3,60,41,64,34,84,ATP-2025-0451-356,2025-0451,3,0.780386546310345,0.6145559963381141,0.780386546310345,0.6974712713242295,0.6995761339816498,0.6981731327828808,both_first
atp:132686,atp:202261,2025-02-17,2025,2025,hard,Doha,R32,7-6(6) 6-3,69,45,71,43,84,ATP-2025-0451-357,2025-0451,3,0.5433997985111912,0.5067134574305767,0.5433997985111912,0.5250566279708839,0.5289736960477516,0.532075242557396,both_first
atp:126094,atp:122330,2025-02-17,2025,2025,hard,Doha,R32,6-3 6-4,62,42,55,32,84,ATP-2025-0451-358,2025-0451,3,0.857337071411306,0.6576441867561794,0.857337071411306,0.7574906290837427,0.7677347576311735,0.752852240313526,both_first
atp:106421,atp:111575,2025-02-17,2025,2025,hard,Doha,R32,4-6 7-5 6-3,103,71,92,60,84,ATP-2025-0451-359,2025-0451,3,0.6529324663416834,0.5461397619774184,0.6529324663416834,0.599536114159551,0.603794975662433,0.6017027299666916,both_first
atp:200267,atp:105138,2025-02-17,2025,2025,hard,Doha,R32,6-4 7-6(4),61,42,77,46,84,ATP-2025-0451-360,2025-0451,3,0.4025465138879454,0.4665547757094904,0.4025465138879454,0.43455064479871786,0.434566464951717,0.4329943433034478,both_first
atp:200000,atp:111460,2025-02-17,2025,2025,hard,Doha,R32,4-6 6-4 7-6(2),94,68,128,79,84,ATP-2025-0451-361,2025-0451,3,0.6873302934674294,0.5775099176075679,0.6873302934674294,0.6324201055374986,0.6283422769718171,0.6299483325744226,both_first
atp:209098,atp:126774,2025-02-17,2025,2025,hard,Doha,R32,7-6(6) 5-7 7-6(5),112,79,106,80,84,ATP-2025-0451-362,2025-0451,3,0.5551723535439169,0.5211168751907232,0.5551723535439169,0.5381446143673201,0.5368649336397551,0.53658831287205,both_first
atp:207733,atp:200615,2025-02-17,2025,2025,hard,Doha,R32,6-2 7-6(4),63,46,60,40,84,ATP-2025-0451-363,2025-0451,3,0.745996583721302,0.5861153494049436,0.745996583721302,0.6660559665631227,0.6722212896493395,0.6681920666546699,both_first
atp:106331,atp:200273,2025-02-17,2025,2025,hard,Doha,R32,7-6(7) 7-6(3),86,61,90,60,84,ATP-2025-0451-364,2025-0451,3,0.7778136789598826,0.6141898077509917,0.7778136789598826,0.6960017433554372,0.6974773303683217,0.7008537421348086,both_first
atp:134868,atp:105526,2025-02-17,2025,2025,hard,Doha,R32,7-6(5) 7-6(7),92,64,98,64,84,ATP-2025-0451-365,2025-0451,3,0.500332697141028,0.5063472688434544,0.500332697141028,0.5033399829922411,0.500221798112204,0.49922036138711456,both_first
atp:126610,atp:104925,2025-02-17,2025,2025,hard,Doha,R32,7-6(4) 6-2,63,48,65,44,84,ATP-2025-0451-366,2025-0451,3,0.14639432797530438,0.3424168446750076,0.14639432797530438,0.244405586325156,0.2358724273691246,0.24471074348109131,both_first
atp:208103,atp:105777,2025-02-17,2025,2025,hard,Doha,R32,6-4 6-4,54,41,55,35,84,ATP-2025-0451-367,2025-0451,3,0.2570852049549386,0.40601159597192554,0.2570852049549386,0.33154840046343204,0.3301627193492287,0.3397571279580918,both_first
atp:206681,atp:144826,2025-02-17,2025,2025,hard,Doha,R32,7-5 6-3,63,47,73,45,84,ATP-2025-0451-368,2025-0451,3,0.8380719009493611,0.6974977113213305,0.8380719009493611,0.7677848061353458,0.7495038048222905,0.769920906226893,both_first
atp:208134,atp:111190,2025-02-17,2025,2025,hard,Doha,R32,6-4 6-3,59,40,53,31,84,ATP-2025-0451-369,2025-0451,3,0.18109059640380323,0.3714678059200488,0.18109059640380323,0.276279201161926,0.2677665208321623,0.2779270498039767,both_first
atp:207989,atp:105227,2025-02-17,2025,2025,hard,Doha,R32,6-4 6-4,59,41,75,43,84,ATP-2025-0451-370,2025-0451,3,0.9163749503452111,0.710924626182484,0.9163749503452111,0.8136497882638476,0.8314662948480308,0.8134972096858799,both_first
atp:126094,atp:200000,2025-02-17,2025,2025,hard,Doha,SF,7-5 4-6 7-6(5),105,77,112,79,84,ATP-2025-0451-383,2025-0451,3,0.6750281348590179,0.5671956057369545,0.6750281348590179,0.6211118702979862,0.6194805098447552,0.6197386630962773,both_later
atp:207733,atp:208103,2025-02-17,2025,2025,hard,Doha,SF,3-6 7-6(2) 6-3,82,58,124,74,84,ATP-2025-0451-384,2025-0451,3,0.7862381502831174,0.6072932560268538,0.7862381502831174,0.6967657031549856,0.7043845097930697,0.6974675646136368,both_later
atp:202104,atp:124186,2025-02-17,2025,2025,clay,Rio de Janeiro,F,6-2 6-3,47,31,69,35,84,ATP-2025-6932-385,2025-6932,3,0.7332620849891096,0.5862984436985047,0.7332620849891096,0.6597802643438071,0.6624335198624237,0.6587427300136272,both_later
atp:200116,atp:210262,2025-02-17,2025,2025,clay,Rio de Janeiro,QF,7-6(5) 6-4,75,51,85,52,84,ATP-2025-6932-379,2025-6932,3,0.7181189105826966,0.6076594446139763,0.7181189105826966,0.6628891775983364,0.6509989814924921,0.657121707351159,both_later
atp:202104,atp:202358,2025-02-17,2025,2025,clay,Rio de Janeiro,QF,6-4 6-1,57,36,60,28,84,ATP-2025-6932-380,2025-6932,3,0.9005696364617954,0.7015868172108636,0.9005696364617954,0.8010782268363295,0.8129124364856175,0.8017800882949807,both_later
atp:124186,atp:202103,2025-02-17,2025,2025,clay,Rio de Janeiro,QF,7-5 6-1,60,41,48,27,84,ATP-2025-6932-381,2025-6932,3,0.23330680254958197,0.4133353677143729,0.23330680254958197,0.32332108513197744,0.3114916484644958,0.3215816893431462,both_later
atp:207681,atp:100644,2025-02-17,2025,2025,clay,Rio de Janeiro,QF,4-6 6-3 6-4,94,61,76,48,84,ATP-2025-6932-382,2025-6932,3,0.033872415778907476,0.2007018614586512,0.033872415778907476,0.11728713861877935,0.09675632987423488,0.1197283958662618,both_later
atp:210262,atp:144719,2025-02-17,2025,2025,clay,Rio de Janeiro,R16,6-4 2-6 6-3,67,47,89,57,84,ATP-2025-6932-371,2025-6932,3,0.0688165260149671,0.23616112297833383,0.0688165260149671,0.15248882449665047,0.14973577159860008,0.15435028314785584,both_later
atp:200116,atp:106000,2025-02-17,2025,2025,clay,Rio de Janeiro,R16,6-4 6-4,54,35,76,43,84,ATP-2025-6932-372,2025-6932,3,0.42477072364776924,0.47168141592920354,0.42477072364776924,0.4482260697884864,0.4496348638485132,0.44932463554985347,both_later
atp:202358,atp:106329,2025-02-17,2025,2025,clay,Rio de Janeiro,R16,6-7(4) 6-3 7-6(4),131,82,98,61,84,ATP-2025-6932-373,2025-6932,3,0.20590774067225687,0.37397009459871833,0.20590774067225687,0.2899389176354876,0.2890818108101297,0.28725353466325687,both_later
atp:202104,atp:208363,2025-02-17,2025,2025,clay,Rio de Janeiro,R16,6-4 1-6 6-3,88,49,76,44,84,ATP-2025-6932-374,2025-6932,3,0.606557412177751,0.5358864815379921,0.606557412177751,0.5712219468578716,0.5716475159325192,0.5689942996195438,both_later
atp:124186,atp:144869,2025-02-17,2025,2025,clay,Rio de Janeiro,R16,7-5 7-6(5),78,54,74,45,84,ATP-2025-6932-375,2025-6932,3,0.2025201659872579,0.3833689350015258,0.2025201659872579,0.29294455049439183,0.28623416317204925,0.2913272175679347,both_later
atp:202103,atp:209260,2025-02-17,2025,2025,clay,Rio de Janeiro,R16,6-7(1) 6-3 6-2,90,62,81,50,84,ATP-2025-6932-376,2025-6932,3,0.6598060889420121,0.5477265791882819,0.6598060889420121,0.603766334065147,0.6086450091857714,0.6035222083403988,both_later
atp:207681,atp:111797,2025-02-17,2025,2025,clay,Rio de Janeiro,R16,7-6(4) 6-7(1) 7-6(6),128,87,108,82,84,ATP-2025-6932-377,2025-6932,3,0.2808047090456754,0.41577662496185536,0.2808047090456754,0.3482906670037654,0.3481951000500455,0.3482296355725783,both_later
atp:100644,atp:207686,2025-02-17,2025,2025,clay,Rio de Janeiro,R16,7-6(1) 7-6(6),78,52,115,63,84,ATP-2025-6932-378,2025-6932,3,0.9556798105558805,0.7660970399755874,0.9556798105558805,0.860888425265734,0.8856767158489024,0.860949456696921,both_later
atp:210262,atp:144642,2025-02-17,2025,2025,clay,Rio de Janeiro,R32,6-2 7-5,59,40,61,35,84,ATP-2025-6932-355,2025-6932,3,0.29746490591563757,0.4075984131827891,0.29746490591563757,0.35253165954921334,0.36056038751476427,0.3549424010811023,both_first
atp:144719,atp:205734,2025-02-17,2025,2025,clay,Rio de Janeiro,R32,6-4 3-6 6-0,71,45,70,41,84,ATP-2025-6932-356,2025-6932,3,0.659607104617809,0.5585291425083918,0.659607104617809,0.6090681235631004,0.608504246978176,0.6050705648203479,both_first
atp:106000,atp:105583,2025-02-17,2025,2025,clay,Rio de Janeiro,R32,6-3 6-4,59,43,69,40,84,ATP-2025-6932-357,2025-6932,3,0.20619962373630205,0.38104974061641744,0.20619962373630205,0.29362468217635973,0.28932632016896004,0.2927092107085538,both_first
atp:200116,atp:124079,2025-02-17,2025,2025,clay,Rio de Janeiro,R32,4-6 6-3 6-3,96,56,76,42,84,ATP-2025-6932-358,2025-6932,3,0.2632482563199166,0.4117485505035093,0.2632482563199166,0.33749840341171294,0.3349006945436836,0.3386580006042671,both_first
atp:202358,atp:126214,2025-02-17,2025,2025,clay,Rio de Janeiro,R32,6-2 7-5,64,42,72,35,84,ATP-2025-6932-359,2025-6932,3,0.08995923983266206,0.28413182789136404,0.08995923983266206,0.18704553386201306,0.1761351150931049,0.18451272946775002,both_first
atp:106329,atp:207680,2025-02-17,2025,2025,clay,Rio de Janeiro,R32,3-6 6-3 7-6(3),93,64,89,63,84,ATP-2025-6932-360,2025-6932,3,0.45615876261872057,0.48193469636862984,0.45615876261872057,0.4690467294936752,0.47073076028969624,0.46831435231943047,both_first
atp:208363,atp:106148,2025-02-17,2025,2025,clay,Rio de Janeiro,R32,6-4 6-3,61,37,55,28,84,ATP-2025-6932-361,2025-6932,3,0.45015893056489836,0.4808361306072627,0.45015893056489836,0.46549753058608057,0.4667112207939844,0.4661688763291382,both_first
atp:202104,atp:208882,2025-02-17,2025,2025,clay,Rio de Janeiro,R32,6-3 7-5,63,42,57,31,84,ATP-2025-6932-362,2025-6932,3,0.9024362399084823,0.7112908147696063,0.9024362399084823,0.8068635273390443,0.8150345243048117,0.8032321571834142,both_first
atp:144869,atp:144895,2025-02-17,2025,2025,clay,Rio de Janeiro,R32,6-3 7-6(1),65,46,67,40,84,ATP-2025-6932-363,2025-6932,3,0.7993728761183075,0.6126640219713152,0.7993728761183075,0.7060184490448114,0.7153652129701843,0.7094667249068803,both_first
atp:124186,atp:211663,2025-02-17,2025,2025,clay,Rio de Janeiro,R32,6-1 7-6(4),66,49,71,42,84,ATP-2025-6932-364,2025-6932,3,0.3398977473207736,0.44562099481232836,0.3398977473207736,0.392759371066551,0.3911454431540768,0.38857871803023725,both_first
atp:209260,atp:106198,2025-02-17,2025,2025,clay,Rio de Janeiro,R32,7-6(2) 2-2 RET,57,37,56,33,84,ATP-2025-6932-365,2025-6932,3,0.7750966737525683,0.6077815074763503,0.7750966737525683,0.6914390906144593,0.6952708378898418,0.6912865120364917,both_first
atp:202103,atp:200384,2025-02-17,2025,2025,clay,Rio de Janeiro,R32,7-6(9) 6-0,70,42,78,39,84,ATP-2025-6932-366,2025-6932,3,0.7637565958754726,0.5924015868172109,0.7637565958754726,0.6780790913463417,0.6861664886528669,0.6766448527134459,both_first
atp:111797,atp:207678,2025-02-17,2025,2025,clay,Rio de Janeiro,R32,4-6 6-3 6-4,92,62,100,62,84,ATP-2025-6932-367,2025-6932,3,0.7923436632568135,0.6155324992371071,0.7923436632568135,0.7039380812469602,0.7094553888771888,0.7050976784395144,both_first
atp:207681,atp:208361,2025-02-17,2025,2025,clay,Rio de Janeiro,R32,7-6(2) 6-7(7) 6-3,106,78,139,86,84,ATP-2025-6932-368,2025-6932,3,0.5204159755108498,0.5106194690265486,0.5204159755108498,0.5155177222686993,0.5136148555853401,0.5164331937365052,both_first
atp:207686,atp:200335,2025-02-17,2025,2025,clay,Rio de Janeiro,R32,6-4 6-2,60,35,58,25,84,ATP-2025-6932-369,2025-6932,3,0.701053812405723,0.5764723832773878,0.701053812405723,0.6387630978415554,0.6383509731852083,0.6366880291811954,both_first
atp:100644,atp:207352,2025-02-17,2025,2025,clay,Rio de Janeiro,R32,7-6(4) 6-4,75,49,74,44,84,ATP-2025-6932-370,2025-6932,3,0.8706515949299132,0.6818736649374428,0.8706515949299132,0.776262629933678,0.7809403794027342,0.7737298255394149,both_first
atp:202104,atp:200116,2025-02-17,2025,2025,clay,Rio de Janeiro,SF,3-6 6-1 6-1,65,42,70,36,84,ATP-2025-6932-383,2025-6932,3,0.8903868913722927,0.6807140677448886,0.8903868913722927,0.7855504795585906,0.801622508437721,0.7890903025674402,both_later
atp:124186,atp:207681,2025-02-17,2025,2025,clay,Rio de Janeiro,SF,7-5 6-7(3) 6-3,112,71,105,61,84,ATP-2025-6932-384,2025-6932,3,0.5738454528218442,0.5206286237412268,0.5738454528218442,0.5472370382815355,0.5494310154553921,0.5502886098408886,both_later
atp:126774,atp:200000,2025-02-24,2025,2025,hard,Dubai,F,6-3 6-3,66,44,52,31,84,ATP-2025-0495-385,2025-0495,3,0.49513336783738493,0.5031736344217272,0.49513336783738493,0.4991535011295561,0.4967555216365503,0.4986042182488725,both_later
atp:200000,atp:105227,2025-02-24,2025,2025,hard,Dubai,QF,6-4 3-6 6-2,79,54,85,56,84,ATP-2025-0495-379,2025-0495,3,0.5595564430729223,0.5186145865120537,0.5595564430729223,0.539085514792488,0.5398092437763589,0.5380174647467144,both_later
atp:111460,atp:208134,2025-02-24,2025,2025,hard,Dubai,QF,2-6 6-3 7-6(5),99,65,83,60,84,ATP-2025-0495-380,2025-0495,3,0.7335683295129382,0.5912419896246567,0.7335683295129382,0.6624051595687974,0.6626669837675363,0.6593230722938508,both_later
atp:126774,atp:126610,2025-02-24,2025,2025,hard,Dubai,QF,7-6(5) 1-6 6-4,84,60,80,63,84,ATP-2025-0495-381,2025-0495,3,0.46181984747920707,0.49176075678974673,0.46181984747920707,0.47679030213447693,0.4745190125926524,0.47367769914393676,both_later
atp:134868,atp:106421,2025-02-24,2025,2025,hard,Dubai,QF,2-6 7-6(7) 7-5,112,71,109,74,84,ATP-2025-0495-382,2025-0495,3,0.21471794569369385,0.39398840402807445,0.21471794569369385,0.30435317486088415,0.29640451957217157,0.30246120049408526,both_later
atp:105227,atp:200615,2025-02-24,2025,2025,hard,Dubai,R16,5-7 6-3 6-4,98,66,78,57,84,ATP-2025-0495-371,2025-0495,3,0.4369074388635804,0.4830332621299969,0.4369074388635804,0.4599703504967887,0.45781342620181775,0.4559422760384426,both_later
atp:200000,atp:132686,2025-02-24,2025,2025,hard,Dubai,R16,4-6 6-3 7-5,92,64,94,59,84,ATP-2025-0495-372,2025-0495,3,0.6342774109051071,0.548764113518462,0.6342774109051071,0.5915207622117846,0.5907518169277083,0.5852345247995172,both_later
atp:111460,atp:105138,2025-02-24,2025,2025,hard,Dubai,R16,7-6(5) 6-4,73,52,69,47,84,ATP-2025-0495-373,2025-0495,3,0.38770666290694017,0.4633811412877632,0.38770666290694017,0.4255439020973517,0.42442319190064326,0.42722226645499584,both_later
atp:208134,atp:200267,2025-02-24,2025,2025,hard,Dubai,R16,6-4 7-6(3),73,48,64,38,84,ATP-2025-0495-374,2025-0495,3,0.2383000098880369,0.3983216356423558,0.2383000098880369,0.31831082276519634,0.3154672621839093,0.318982168508254,both_later
atp:126610,atp:106331,2025-02-24,2025,2025,hard,Dubai,R16,7-6(2) 6-2,52,45,74,43,84,ATP-2025-0495-375,2025-0495,3,0.6858459880167384,0.5643881599023497,0.6858459880167384,0.625117073959544,0.6272677533213247,0.6287179283995806,both_later
atp:126774,atp:111575,2025-02-24,2025,2025,hard,Dubai,R16,7-6(4) 2-6 6-4,99,66,108,71,84,ATP-2025-0495-376,2025-0495,3,0.3721444705411663,0.4583155324992371,0.3721444705411663,0.41523000152020173,0.4137012685384423,0.4138262786028993,both_later
atp:134868,atp:200005,2025-02-24,2025,2025,hard,Dubai,R16,4-6 6-3 6-2,93,62,76,49,84,ATP-2025-0495-377,2025-0495,3,0.32726311873184044,0.44256942325297527,0.32726311873184044,0.3849162709924079,0.38215928147393075,0.3862589624785232,both_later
atp:106421,atp:208659,2025-02-24,2025,2025,hard,Dubai,R16,6-4 6-4,48,40,74,45,84,ATP-2025-0495-378,2025-0495,3,0.8807836930808326,0.6817516020750687,0.8807836930808326,0.7812676475779506,0.7913774421430118,0.7804742389725188,both_later
atp:105227,atp:200282,2025-02-24,2025,2025,hard,Dubai,R32,6-2 3-6 6-3,90,57,74,42,84,ATP-2025-0495-355,2025-0495,3,0.20184765581846645,0.382575526396094,0.20184765581846645,0.29221159110728023,0.2856666479389226,0.29950484713413406,both_first
atp:200615,atp:200273,2025-02-24,2025,2025,hard,Dubai,R32,6-2 6-4,45,37,52,32,84,ATP-2025-0495-356,2025-0495,3,0.8719928884695781,0.6873054623130912,0.8719928884695781,0.7796491753913346,0.7823016975633948,0.7840129227212096,both_first
atp:200000,atp:122330,2025-02-24,2025,2025,hard,Dubai,R32,7-6(7) 6-7(4) 6-3,113,79,126,79,84,ATP-2025-0495-357,2025-0495,3,0.725915882033583,0.5782422947818127,0.725915882033583,0.6520790884076979,0.6568600775002758,0.654733955664335,both_first
atp:132686,atp:209950,2025-02-24,2025,2025,hard,Dubai,R32,6-2 6-1,44,32,57,27,84,ATP-2025-0495-358,2025-0495,3,0.2945454982861984,0.42877631980469944,0.2945454982861984,0.3616609090454489,0.3584098525183284,0.3620270976325713,both_first
atp:111460,atp:126094,2025-02-24,2025,2025,hard,Dubai,R32,3-6 6-4 7-6(5),98,68,91,65,84,ATP-2025-0495-359,2025-0495,3,0.1779093642861941,0.3620079340860543,0.1779093642861941,0.2699586491861242,0.2649525541817171,0.2684633791220412,both_first
atp:105138,atp:206681,2025-02-24,2025,2025,hard,Dubai,R32,3-6 6-3 7-6(4),116,72,97,63,84,ATP-2025-0495-360,2025-0495,3,0.5181156133236735,0.5088495575221239,0.5181156133236735,0.5134825854228987,0.5120800130291099,0.5081728509096244,both_first
atp:200267,atp:144826,2025-02-24,2025,2025,hard,Dubai,R32,6-3 6-3,50,36,46,23,84,ATP-2025-0495-361,2025-0495,3,0.7983294413630934,0.6677143729020446,0.7983294413630934,0.733021907132569,0.7144829224102506,0.7318012785088277,both_first
atp:208134,atp:105916,2025-02-24,2025,2025,hard,Dubai,R32,1-6 6-2 6-3,111,63,69,40,84,ATP-2025-0495-362,2025-0495,3,0.16609139886897825,0.3611534940494355,0.16609139886897825,0.26362244645920685,0.25431611651552405,0.2630731635785233,both_first
atp:106331,atp:105777,2025-02-24,2025,2025,hard,Dubai,R32,6-0 0-0 RET,17,12,21,7,84,ATP-2025-0495-363,2025-0495,3,0.16754915330946854,0.3540128166005493,0.16754915330946854,0.2607809849550089,0.25564437154044367,0.26563298373438027,both_first
atp:126610,atp:104792,2025-02-24,2025,2025,hard,Dubai,R32,7-5 6-4,53,40,63,36,84,ATP-2025-0495-364,2025-0495,3,0.5216640508171244,0.5043332316142813,0.5216640508171244,0.5129986412157028,0.5144477255721899,0.5129986412157028,both_first
atp:111575,atp:105554,2025-02-24,2025,2025,hard,Dubai,R32,6-1 6-3,49,35,50,23,84,ATP-2025-0495-365,2025-0495,3,0.802204523877219,0.6136405248703082,0.802204523877219,0.7079225243737636,0.7177686199842815,0.7106079073459943,both_first
atp:126774,atp:132283,2025-02-24,2025,2025,hard,Dubai,R32,7-6(4) 6-3,60,47,67,42,84,ATP-2025-0495-366,2025-0495,3,0.6265476363689978,0.5472383277387854,0.6265476363689978,0.5868929820538916,0.5853939468472013,0.5873812335033881,both_first
atp:200005,atp:208103,2025-02-24,2025,2025,hard,Dubai,R32,6-3 6-0,48,35,55,25,84,ATP-2025-0495-367,2025-0495,3,0.6885073099672454,0.5696368629844369,0.6885073099672454,0.6290720864758412,0.6291954206544652,0.6266003135127652,both_first
atp:134868,atp:126128,2025-02-24,2025,2025,hard,Dubai,R32,5-7 7-6(4) 7-6(1),130,87,115,80,84,ATP-2025-0495-368,2025-0495,3,0.5151418822159105,0.5122062862374123,0.5151418822159105,0.5136740842266614,0.5100963032176343,0.5089746640252577,both_first
atp:208659,atp:111190,2025-02-24,2025,2025,hard,Dubai,R32,6-3 7-6(3),71,54,70,48,84,ATP-2025-0495-369,2025-0495,3,0.3825412713196245,0.4523344522429051,0.3825412713196245,0.4174378617812648,0.42087467754615043,0.4195434461572184,both_first
atp:106421,atp:105526,2025-02-24,2025,2025,hard,Dubai,R32,6-4 7-6(4),71,51,94,58,84,ATP-2025-0495-370,2025-0495,3,0.7950575821777985,0.6144949649069271,0.7950575821777985,0.7047762735423628,0.7117277928888448,0.7049288521203305,both_first
atp:200000,atp:111460,2025-02-24,2025,2025,hard,Dubai,SF,5-7 6-4 6-3,101,64,89,56,84,ATP-2025-0495-383,2025-0495,3,0.6870550193632102,0.5693317058285017,0.6870550193632102,0.628193362595856,0.6281428859151349,0.6272778911280501,both_later
atp:126774,atp:134868,2025-02-24,2025,2025,hard,Dubai,SF,6-4 6-4,50,40,65,42,84,ATP-2025-0495-384,2025-0495,3,0.5268845404435106,0.5093378089716204,0.5268845404435106,0.5181111747075655,0.5179326345310434,0.5203693376614869,both_later
atp:207830,atp:200221,2025-02-24,2025,2025,hard,Acapulco,F,7-6(6) 6-2,61,49,71,44,84,ATP-2025-0807-385,2025-0807,3,0.6522322856727599,0.5523039365273116,0.6522322856727599,0.6022681111000358,0.6033023308427496,0.6000099481461145,both_later
atp:200221,atp:210202,2025-02-24,2025,2025,hard,Acapulco,QF,6-2 6-2,47,31,47,22,84,ATP-2025-0807-379,2025-0807,3,0.951740172819322,0.7819041806530364,0.951740172819322,0.8668221767361792,0.8795096702306624,0.8649302023693802,both_later
atp:133430,atp:106218,2025-02-24,2025,2025,hard,Acapulco,QF,4-6 6-3 6-2,80,51,83,47,84,ATP-2025-0807-380,2025-0807,3,0.6629237167208771,0.5524870308208728,0.6629237167208771,0.607705373770875,0.6108533004789364,0.6063626822847596,both_later
atp:206909,atp:105676,2025-02-24,2025,2025,hard,Acapulco,QF,7-6(4) 6-2,78,44,78,39,84,ATP-2025-0807-381,2025-0807,3,0.6329393864604392,0.540830027464144,0.6329393864604392,0.5868847069622916,0.5898225307482718,0.5849927325954927,both_later
atp:207830,atp:210530,2025-02-24,2025,2025,hard,Acapulco,QF,6-3 7-5,56,34,83,40,84,ATP-2025-0807-382,2025-0807,3,0.8022602325053569,0.6166920964296613,0.8022602325053569,0.7094761644675092,0.7178160380087472,0.7090184287336061,both_later
atp:200221,atp:126207,2025-02-24,2025,2025,hard,Acapulco,R16,6-3 6-7(6) 6-3,96,65,98,59,84,ATP-2025-0807-372,2025-0807,3,0.353151679636335,0.4545315837656393,0.353151679636335,0.40384163170098714,0.4004774519977204,0.4027125502240265,both_later
atp:133430,atp:210506,2025-02-24,2025,2025,hard,Acapulco,R16,6-4 6-3,53,37,56,27,84,ATP-2025-0807-374,2025-0807,3,0.6755888826252727,0.5608483368935001,0.6755888826252727,0.6182186097593865,0.6198823184505149,0.6160519939522457,both_later
atp:105676,atp:210097,2025-02-24,2025,2025,hard,Acapulco,R16,7-6(3) 6-3,61,45,72,44,84,ATP-2025-0807-375,2025-0807,3,0.31594431895258074,0.43854134879462925,0.31594431895258074,0.377242833873605,0.3740263055138539,0.3787686196532815,both_later
atp:206909,atp:208029,2025-02-24,2025,2025,hard,Acapulco,R16,3-0 RET,10,8,6,2,84,ATP-2025-0807-376,2025-0807,3,0.44532453014492296,0.4894415624046384,0.44532453014492296,0.46738304627478067,0.4634685618227899,0.4671999519812195,both_later
atp:207830,atp:127157,2025-02-24,2025,2025,hard,Acapulco,R16,7-6(3) 6-1,69,48,61,35,84,ATP-2025-0807-377,2025-0807,3,0.8572300509828861,0.6475740006103143,0.8572300509828861,0.7524020257966002,0.7676307559946952,0.7559723645210432,both_later
atp:210530,atp:100644,2025-02-24,2025,2025,hard,Acapulco,R16,6-3 6-4,58,39,59,35,84,ATP-2025-0807-378,2025-0807,3,0.03668817603044444,0.2171193164479707,0.03668817603044444,0.12690374623920758,0.1016873652637138,0.1272394191107364,both_later
atp:134770,atp:126239,2025-02-24,2025,2025,hard,Acapulco,R32,6-4 6-3,57,40,68,37,84,ATP-2025-0807-355,2025-0807,3,0.6547970647494021,0.5573085138846506,0.6547970647494021,0.6060527893170264,0.6051081487159564,0.6028791548952992,both_first
atp:210202,atp:126846,2025-02-24,2025,2025,hard,Acapulco,R32,7-5 4-6 7-6(4),102,73,128,79,84,ATP-2025-0807-356,2025-0807,3,0.11135717145048278,0.30146475434848946,0.11135717145048278,0.20641096289948613,0.20026562024443817,0.2040002213675972,both_first
atp:200221,atp:208233,2025-02-24,2025,2025,hard,Acapulco,R32,1-6 7-6(6) 6-2,74,52,92,57,84,ATP-2025-0807-357,2025-0807,3,0.6268405897840656,0.539731461702777,0.6268405897840656,0.5832860257434214,0.5855965469918213,0.5850254215322526,both_first
atp:126207,atp:124186,2025-02-24,2025,2025,hard,Acapulco,R32,6-4 6-2,57,35,55,27,84,ATP-2025-0807-358,2025-0807,3,0.7966683347142459,0.6124809276777541,0.7966683347142459,0.704574631196,0.7130820061159819,0.7045135997648129,both_first
atp:126205,atp:209113,2025-02-24,2025,2025,hard,Acapulco,R32,6-2 6-2,57,38,47,25,84,ATP-2025-0807-359,2025-0807,3,0.8285612058746159,0.6267012511443394,0.8285612058746159,0.7276312285094777,0.7408343454656852,0.7280279328121935,both_first
atp:106218,atp:200443,2025-02-24,2025,2025,hard,Acapulco,R32,7-6(4) 6-2,55,42,69,39,84,ATP-2025-0807-360,2025-0807,3,0.7738876198853595,0.6039365273115654,0.7738876198853595,0.6889120735984624,0.6942921699892574,0.6899190922130489,both_first
atp:210506,atp:207352,2025-02-24,2025,2025,hard,Acapulco,R32,2-6 7-6(5) 7-6(5),121,67,105,61,84,ATP-2025-0807-361,2025-0807,3,0.4299573016028164,0.4848642050656088,0.4299573016028164,0.4574107533342126,0.45313375322014765,0.4545117603528272,both_first
atp:133430,atp:210460,2025-02-24,2025,2025,hard,Acapulco,R32,7-5 6-2,57,37,74,37,84,ATP-2025-0807-362,2025-0807,3,0.8147557119495472,0.644217271895026,0.8147557119495472,0.7294864919222865,0.728588951700667,0.7267400775188688,both_first
atp:210097,atp:207925,2025-02-24,2025,2025,hard,Acapulco,R32,7-6(4) 7-6(4),78,56,79,54,84,ATP-2025-0807-363,2025-0807,3,0.7178212673893156,0.5775709490387549,0.7178212673893156,0.6476961082140353,0.650776304964277,0.6499847868835501,both_first
atp:105676,atp:208014,2025-02-24,2025,2025,hard,Acapulco,R32,6-2 6-3,35,29,79,38,84,ATP-2025-0807-364,2025-0807,3,0.754921628531739,0.5884345437900519,0.754921628531739,0.6716780861608955,0.6791839137659152,0.6741498591239714,both_first
atp:206909,atp:126127,2025-02-24,2025,2025,hard,Acapulco,R32,7-6(6) 7-5,83,54,95,56,84,ATP-2025-0807-365,2025-0807,3,0.5269988758195222,0.5114128776319805,0.5269988758195222,0.5192058767257514,0.5180089813166108,0.5199382538999962,both_first
atp:208029,atp:106148,2025-02-24,2025,2025,hard,Acapulco,R32,7-6(4) 6-3,69,44,66,38,84,ATP-2025-0807-366,2025-0807,3,0.7171143606188027,0.5836740921574611,0.7171143606188027,0.6503942263881319,0.6502477523759305,0.6477698748470883,both_first
atp:207830,atp:210150,2025-02-24,2025,2025,hard,Acapulco,R32,6-4 2-6 6-3,82,49,89,47,84,ATP-2025-0807-367,2025-0807,3,0.5843104484340722,0.5301495270064083,0.5843104484340722,0.5572299877202402,0.5565065266617719,0.5562840005368408,both_first
atp:127157,atp:200175,2025-02-24,2025,2025,hard,Acapulco,R32,4-6 6-4 6-3,90,54,79,46,84,ATP-2025-0807-368,2025-0807,3,0.27242399105169796,0.4271895025938358,0.27242399105169796,0.3498067468227669,0.34188486010427677,0.3462364080983238,both_first
atp:210530,atp:111815,2025-02-24,2025,2025,hard,Acapulco,R32,7-6(5) 6-3,61,37,77,38,84,ATP-2025-0807-369,2025-0807,3,0.23238301642815462,0.39221849252364965,0.23238301642815462,0.3123007544759021,0.31075271773373114,0.3193193690624142,both_first
atp:100644,atp:208286,2025-02-24,2025,2025,hard,Acapulco,R32,6-7(2) 6-3 6-4,98,70,86,62,84,ATP-2025-0807-370,2025-0807,3,0.926925415644853,0.7194690265486726,0.926925415644853,0.8231972210967629,0.844696350889051,0.822403812491331,both_first
atp:200221,atp:133430,2025-02-24,2025,2025,hard,Acapulco,SF,7-6(3) 7-6(1),81,49,94,51,84,ATP-2025-0807-383,2025-0807,3,0.3116362993265315,0.43683246872139153,0.3116362993265315,0.3742343840239615,0.3709087237047863,0.376217905537541,both_later
atp:207830,atp:206909,2025-02-24,2025,2025,hard,Acapulco,SF,6-4 1-6 6-4,79,51,83,55,84,ATP-2025-0807-384,2025-0807,3,0.5436469519145565,0.5084223375038145,0.5436469519145565,0.5260346447091855,0.5291391623038461,0.5283538390942938,both_later
atp:111513,atp:202104,2025-02-24,2025,2025,clay,Santiago,F,6-4 3-6 7-5,94,56,96,58,84,ATP-2025-8996-385,2025-8996,3,0.5401094926710138,0.5203234665852914,0.5401094926710138,0.5302164796281525,0.5267716138600814,0.5268292351972708,both_later
atp:200116,atp:105948,2025-02-24,2025,2025,clay,Santiago,QF,6-4 6-3,56,33,63,28,84,ATP-2025-8996-379,2025-8996,3,0.3229328943405164,0.4384803173634422,0.3229328943405164,0.3807066058519793,0.37905750294073076,0.37857050576043216,both_later
atp:202104,atp:106000,2025-02-24,2025,2025,clay,Santiago,QF,6-4 6-4,66,34,65,29,84,ATP-2025-8996-380,2025-8996,3,0.8395399497040443,0.6528227036924016,0.8395399497040443,0.7461813266982229,0.7508603387049825,0.7441062580378629,both_later
atp:111513,atp:210262,2025-02-24,2025,2025,clay,Santiago,QF,7-6(5) 4-6 6-4,109,72,106,68,84,ATP-2025-8996-381,2025-8996,3,0.9443452592386506,0.7894720781202319,0.9443452592386506,0.8669086686794413,0.8684758984577741,0.8693194102113302,both_later
atp:202103,atp:144869,2025-02-24,2025,2025,clay,Santiago,QF,4-6 6-3 7-5,99,66,121,69,84,ATP-2025-8996-382,2025-8996,3,0.4538012460198609,0.48681721086359475,0.4538012460198609,0.47030922844172784,0.46915196140326565,0.4699125241390119,both_later
atp:105948,atp:126214,2025-02-24,2025,2025,clay,Santiago,R16,7-6(11) 4-6 6-3,101,66,115,71,84,ATP-2025-8996-371,2025-8996,3,0.19521402926483833,0.38501678364357644,0.19521402926483833,0.2901154064542074,0.28002857281038074,0.28916941927080797,mixed_first_later
atp:200116,atp:106329,2025-02-24,2025,2025,clay,Santiago,R16,4-6 7-6(2) 6-3,96,66,104,68,84,ATP-2025-8996-372,2025-8996,3,0.23043303242413288,0.3946597497711321,0.23043303242413288,0.3125463910976325,0.30918937101187216,0.3126379382444131,both_later
atp:202104,atp:207681,2025-02-24,2025,2025,clay,Santiago,R16,6-3 5-7 7-6(5),100,64,121,72,84,ATP-2025-8996-373,2025-8996,3,0.7763595175984032,0.6129081476960635,0.7763595175984032,0.6946338326472333,0.696295149042861,0.6976548884909928,mixed_first_later
atp:106000,atp:208363,2025-02-24,2025,2025,clay,Santiago,R16,6-4 3-6 6-3,110,64,87,53,84,ATP-2025-8996-374,2025-8996,3,0.2287067420624379,0.3964296612755569,0.2287067420624379,0.3125682016689974,0.3078012760121086,0.3115916987700044,both_later
atp:210262,atp:208361,2025-02-24,2025,2025,clay,Santiago,R16,6-7(2) 7-6(5) 6-4,109,80,130,90,84,ATP-2025-8996-375,2025-8996,3,0.2058422123520072,0.3511443393347574,0.2058422123520072,0.2784932758433823,0.2890268995702694,0.27654027004539633,both_later
atp:111513,atp:124079,2025-02-24,2025,2025,clay,Santiago,R16,6-1 6-4,55,40,57,29,84,ATP-2025-8996-376,2025-8996,3,0.7526085108691244,0.5931339639914556,0.7526085108691244,0.67287123743029,0.6773708572071014,0.6714980302285811,mixed_first_later
atp:144869,atp:106426,2025-02-24,2025,2025,clay,Santiago,R16,6-2 6-4,60,40,51,29,84,ATP-2025-8996-377,2025-8996,3,0.6817384317523095,0.5679890143423864,0.6817384317523095,0.6248637230473479,0.624301933085086,0.622452981515459,both_later
atp:202103,atp:105870,2025-02-24,2025,2025,clay,Santiago,R16,6-2 4-6 7-6(5),110,70,94,58,84,ATP-2025-8996-378,2025-8996,3,0.6200253810351344,0.541806530363137,0.6200253810351344,0.5809159556991357,0.5808922663763079,0.5831130872218699,mixed_first_later
atp:105948,atp:144642,2025-02-24,2025,2025,clay,Santiago,R32,6-1 6-0,36,25,54,21,84,ATP-2025-8996-359,2025-8996,3,0.6751777199377454,0.5643271284711626,0.6751777199377454,0.6197524242044541,0.6195876771193465,0.6221326500207495,both_first
atp:106329,atp:207678,2025-02-24,2025,2025,clay,Santiago,R32,6-3 3-6 7-6(2),100,59,98,60,84,ATP-2025-8996-360,2025-8996,3,0.71013900794529,0.580561489166921,0.71013900794529,0.6453502485561055,0.6450550246537822,0.6389114325658705,both_first
atp:200116,atp:111797,2025-02-24,2025,2025,clay,Santiago,R32,5-7 6-3 7-6(9),119,83,108,75,84,ATP-2025-8996-361,2025-8996,3,0.16235110013567208,0.35657613671040583,0.16235110013567208,0.25946361842303894,0.25088612771780017,0.2561374054233441,both_first
atp:207681,atp:200335,2025-02-24,2025,2025,clay,Santiago,R32,7-6(3) 7-6(4),84,62,91,60,84,ATP-2025-8996-362,2025-8996,3,0.6094869809279243,0.5472383277387854,0.6094869809279243,0.5783626543333549,0.5736529359883359,0.5783931700489484,both_first
atp:106000,atp:144895,2025-02-24,2025,2025,clay,Santiago,R32,6-2 3-6 6-2,87,54,76,45,84,ATP-2025-8996-363,2025-8996,3,0.3337714924775156,0.4418980775099176,0.3337714924775156,0.3878347849937166,0.3867998361241917,0.38795684785609075,both_first
atp:208363,atp:207686,2025-02-24,2025,2025,clay,Santiago,R32,6-2 6-2,48,33,45,21,84,ATP-2025-8996-364,2025-8996,3,0.6200582289082931,0.5422947818126335,0.6200582289082931,0.5811765053604633,0.5809148959937381,0.5809323796357151,both_first
atp:210262,atp:209260,2025-02-24,2025,2025,clay,Santiago,R32,6-3 6-4,59,44,60,37,84,ATP-2025-8996-365,2025-8996,3,0.10297446659357012,0.27101007018614587,0.10297446659357012,0.186992268389858,0.19107057022096594,0.1862904069312068,both_first
atp:208361,atp:205734,2025-02-24,2025,2025,clay,Santiago,R32,7-5 6-2,62,46,77,45,84,ATP-2025-8996-366,2025-8996,3,0.39270279661358337,0.4614891669209643,0.39270279661358337,0.4270959817672738,0.4278463406563092,0.42920156614322746,both_first
atp:111513,atp:209860,2025-02-24,2025,2025,clay,Santiago,R32,6-3 6-4,66,42,87,46,84,ATP-2025-8996-367,2025-8996,3,0.8963924109993431,0.7206896551724138,0.8963924109993431,0.8085410330858784,0.8082240889107066,0.8059777129760219,both_first
atp:144869,atp:200384,2025-02-24,2025,2025,clay,Santiago,R32,6-2 6-3,49,33,65,31,84,ATP-2025-8996-368,2025-8996,3,0.7901694683004629,0.6055843759536161,0.7901694683004629,0.6978769221270396,0.7076431544430879,0.6978158906958525,both_first
atp:106426,atp:126663,2025-02-24,2025,2025,clay,Santiago,R32,2-6 6-4 6-4,87,56,110,67,84,ATP-2025-8996-369,2025-8996,3,0.7756972080247231,0.6356118400976503,0.7756972080247231,0.7056545240611867,0.6957576707954475,0.7063258698042444,both_first
atp:105870,atp:207680,2025-02-24,2025,2025,clay,Santiago,R32,7-5 6-3,51,37,72,37,84,ATP-2025-8996-370,2025-8996,3,0.5296861727221471,0.5095819346963686,0.5296861727221471,0.5196340537092579,0.5198037203402719,0.5219227323787727,both_first
atp:202104,atp:200116,2025-02-24,2025,2025,clay,Santiago,SF,6-1 3-6 6-2,75,47,77,43,84,ATP-2025-8996-383,2025-8996,3,0.8875803389448838,0.6832773878547452,0.8875803389448838,0.7854288633998145,0.7985902826238592,0.7835979204642026,both_later
atp:111513,atp:202103,2025-02-24,2025,2025,clay,Santiago,SF,6-1 4-6 6-3,83,55,87,51,84,ATP-2025-8996-384,2025-8996,3,0.4937437828936911,0.4936527311565456,0.4937437828936911,0.4936982570251184,0.495829067664384,0.49555971567632373,both_later
atp:207733,atp:208029,2025-03-05,2025,2025,hard,Indian Wells Masters,F,6-2 6-2,46,34,52,27,85,ATP-2025-0404-369,2025-0404,3,0.6990774376594329,0.5737259688739701,0.6990774376594329,0.6364017032667015,0.6369010772739498,0.632983943120226,both_later
atp:207989,atp:202103,2025-03-05,2025,2025,hard,Indian Wells Masters,QF,6-3 7-6(4),73,51,73,43,85,ATP-2025-0404-363,2025-0404,3,0.9619244284088141,0.771589868782423,0.9619244284088141,0.8667571485956185,0.8959402668931037,0.8662688971461221,both_later
atp:207733,atp:210097,2025-03-05,2025,2025,hard,Indian Wells Masters,QF,6-4 7-5,68,47,75,44,85,ATP-2025-0404-364,2025-0404,3,0.6862272218746924,0.561702776930119,0.6862272218746924,0.6239649994024057,0.6275435941846536,0.623812420824438,both_later
atp:106421,atp:209950,2025-03-05,2025,2025,hard,Indian Wells Masters,QF,6-4 2-6 7-6(7),88,59,106,66,85,ATP-2025-0404-365,2025-0404,3,0.7089951664688906,0.5670125114433934,0.7089951664688906,0.638003838956142,0.6442073558875793,0.6388582789927608,both_later
atp:208029,atp:134868,2025-03-05,2025,2025,hard,Indian Wells Masters,QF,5-7 6-0 6-3,74,50,95,48,85,ATP-2025-0404-366,2025-0404,3,0.5988551259134585,0.5307598413182789,0.5988551259134585,0.5648074836158687,0.5663885270151704,0.565234703634178,both_later
atp:111460,atp:105807,2025-03-05,2025,2025,hard,Indian Wells Masters,R128,6-3 6-4,59,40,60,33,85,ATP-2025-0404-275,2025-0404,3,0.38718273797935476,0.4677754043332316,0.38718273797935476,0.4274790711562932,0.42406371015671573,0.4255260653583072,both_first
atp:200443,atp:206748,2025-03-05,2025,2025,hard,Indian Wells Masters,R128,7-5 6-1,51,35,67,34,85,ATP-2025-0404-276,2025-0404,3,0.41918219787113636,0.473146170277693,0.41918219787113636,0.4461641840744147,0.4458578739922739,0.44097651242351443,both_first
atp:104792,atp:105526,2025-03-05,2025,2025,hard,Indian Wells Masters,R128,6-4 6-4,62,43,68,41,85,ATP-2025-0404-277,2025-0404,3,0.5499448941366737,0.5150137320720171,0.5499448941366737,0.5324793131043454,0.5333583812694727,0.5295498044073664,both_first
atp:132686,atp:126239,2025-03-05,2025,2025,hard,Indian Wells Masters,R128,6-1 5-7 6-2,108,68,104,55,85,ATP-2025-0404-278,2025-0404,3,0.5135132131961166,0.5078120231919439,0.5135132131961166,0.5106626181940302,0.5090100277444314,0.5092283795611343,both_first
atp:105676,atp:132283,2025-03-05,2025,2025,hard,Indian Wells Masters,R128,6-4 7-5,60,31,68,29,85,ATP-2025-0404-279,2025-0404,3,0.5334401749787225,0.5125724748245346,0.5334401749787225,0.5230063249016286,0.522311951278873,0.5207481619477073,both_first
atp:200384,atp:209260,2025-03-05,2025,2025,hard,Indian Wells Masters,R128,6-3 6-3,60,38,57,30,85,ATP-2025-0404-280,2025-0404,3,0.6165814990938793,0.5413793103448276,0.6165814990938793,0.5789804047193534,0.578521989492272,0.5778208075267992,both_first
atp:111456,atp:200221,2025-03-05,2025,2025,hard,Indian Wells Masters,R128,2-6 6-3 6-2,80,46,73,40,85,ATP-2025-0404-281,2025-0404,3,0.4540165127040055,0.4785779676533415,0.4540165127040055,0.46629724017867347,0.4692961541030604,0.4703558303526131,both_first
atp:122298,atp:106401,2025-03-05,2025,2025,hard,Indian Wells Masters,R128,7-6(7) 3-0 RET,59,38,59,32,85,ATP-2025-0404-282,2025-0404,3,0.1885845833266398,0.3745193774794019,0.1885845833266398,0.2815519804030209,0.27431830535977203,0.2770966859263654,both_first
atp:209263,atp:202104,2025-03-05,2025,2025,hard,Indian Wells Masters,R128,3-6 6-1 6-4,76,44,89,45,85,ATP-2025-0404-283,2025-0404,3,0.3619225339333785,0.44183704607873053,0.3619225339333785,0.4018797900060545,0.4066046177367726,0.39757707410736665,both_first
atp:105583,atp:111454,2025-03-05,2025,2025,hard,Indian Wells Masters,R128,6-2 6-0,45,32,46,20,85,ATP-2025-0404-284,2025-0404,3,0.7837706785885474,0.6125419591089412,0.7837706785885474,0.6981563188487443,0.7023509232587144,0.6995905574816402,both_first
atp:202385,atp:126127,2025-03-05,2025,2025,hard,Indian Wells Masters,R128,1-6 7-5 7-5,100,60,102,62,85,ATP-2025-0404-285,2025-0404,3,0.4476931993887599,0.47918828196521207,0.4476931993887599,0.463440740676986,0.465057798680522,0.4655463250529396,both_first
atp:211663,atp:207985,2025-03-05,2025,2025,hard,Indian Wells Masters,R128,6-2 1-6 6-3,84,51,90,50,85,ATP-2025-0404-286,2025-0404,3,0.8583058928266354,0.6825450106805004,0.8583058928266354,0.7704254517535679,0.7686777368180201,0.7721038161112121,both_first
atp:208363,atp:210530,2025-03-05,2025,2025,hard,Indian Wells Masters,R128,7-5 6-4,64,43,87,50,85,ATP-2025-0404-287,2025-0404,3,0.3675858636318548,0.45245651510527923,0.3675858636318548,0.410021189368567,0.4105420523286799,0.412492962331643,both_first
atp:210150,atp:144869,2025-03-05,2025,2025,hard,Indian Wells Masters,R128,6-4 7-6(6),79,49,63,35,85,ATP-2025-0404-288,2025-0404,3,0.5618898978953779,0.5197131522734209,0.5618898978953779,0.5408015250843994,0.5413777627399428,0.5423273108640758,both_first
atp:208014,atp:207686,2025-03-05,2025,2025,hard,Indian Wells Masters,R128,6-1 6-3,48,28,53,23,85,ATP-2025-0404-289,2025-0404,3,0.4041611655972077,0.47168141592920354,0.4041611655972077,0.43792129076320563,0.4356658483586099,0.43764664932286385,both_first
atp:208286,atp:206499,2025-03-05,2025,2025,hard,Indian Wells Masters,R128,6-3 5-7 6-4,106,65,92,56,85,ATP-2025-0404-290,2025-0404,3,0.6817184666986629,0.5606042111687519,0.6817184666986629,0.6211613389337074,0.6242875448695154,0.6251283819608664,both_first
atp:207352,atp:210460,2025-03-05,2025,2025,hard,Indian Wells Masters,R128,7-5 6-4,62,44,68,41,85,ATP-2025-0404-291,2025-0404,3,0.7371308926530812,0.6021055843759536,0.7371308926530812,0.6696182385145174,0.6653896690334249,0.6681229684504344,both_first
atp:212256,atp:207925,2025-03-05,2025,2025,hard,Indian Wells Masters,R128,3-6 6-2 6-2,79,46,80,39,85,ATP-2025-0404-292,2025-0404,3,0.21482865380647972,0.37256637168141593,0.21482865380647972,0.29369751274394784,0.2964957961609745,0.2946434999273473,both_first
atp:111815,atp:208134,2025-03-05,2025,2025,hard,Indian Wells Masters,R128,6-0 6-3,43,33,48,22,85,ATP-2025-0404-293,2025-0404,3,0.8926392941483805,0.6853524565151052,0.8926392941483805,0.7889958753317429,0.8040799784088639,0.7892705167720846,both_first
atp:207729,atp:126846,2025-03-05,2025,2025,hard,Indian Wells Masters,R128,4-6 6-2 7-6(4),93,60,101,62,85,ATP-2025-0404-294,2025-0404,3,0.27242276461497206,0.40192249008239245,0.27242276461497206,0.33717262734868225,0.34188393196693523,0.33888150742191997,both_first
atp:126128,atp:124187,2025-03-05,2025,2025,hard,Indian Wells Masters,R128,7-5 6-4,63,44,63,38,85,ATP-2025-0404-295,2025-0404,3,0.6732013128625008,0.5619469026548672,0.6732013128625008,0.617574107758684,0.6181728388942777,0.6195881449878571,both_first
atp:209113,atp:111190,2025-03-05,2025,2025,hard,Indian Wells Masters,R128,2-6 6-2 7-6(7),100,65,96,65,85,ATP-2025-0404-296,2025-0404,3,0.4684824762649596,0.4857186451022276,0.4684824762649596,0.47710056068359363,0.4789728307399417,0.4749339448764529,both_first
atp:200267,atp:210319,2025-03-05,2025,2025,hard,Indian Wells Masters,R128,7-6(2) 6-3,75,51,73,43,85,ATP-2025-0404-297,2025-0404,3,0.8872428266136088,0.6824229478181263,0.8872428266136088,0.7848328872158675,0.7982278091229956,0.7872131130321629,both_first
atp:106218,atp:105932,2025-03-05,2025,2025,hard,Indian Wells Masters,R128,7-5 7-6(3),72,49,93,56,85,ATP-2025-0404-298,2025-0404,3,0.8571183828729049,0.6686298443698505,0.8571183828729049,0.7628741136213777,0.7675222724432165,0.76272153504341,both_first
atp:205734,atp:124186,2025-03-05,2025,2025,hard,Indian Wells Masters,R128,4-6 7-5 7-6(6),118,74,118,70,85,ATP-2025-0404-299,2025-0404,3,0.48256443530861004,0.48645102227647236,0.48256443530861004,0.4845077287925412,0.48837367138304844,0.4883527089573261,both_first
atp:106331,atp:106148,2025-03-05,2025,2025,hard,Indian Wells Masters,R128,6-3 0-6 6-1,62,37,85,48,85,ATP-2025-0404-300,2025-0404,3,0.4805006397436648,0.4893194995422643,0.4805006397436648,0.48491006964296457,0.4869967628363479,0.48252984382666914,both_first
atp:105453,atp:144719,2025-03-05,2025,2025,hard,Indian Wells Masters,R128,6-2 5-7 7-6(3),128,75,98,57,85,ATP-2025-0404-301,2025-0404,3,0.5699276346616736,0.5285627097955448,0.5699276346616736,0.5492451722286091,0.5467886910086798,0.5443321420180507,both_first
atp:144895,atp:111442,2025-03-05,2025,2025,hard,Indian Wells Masters,R128,6-4 4-6 6-3,87,55,106,62,85,ATP-2025-0404-302,2025-0404,3,0.24833190548634052,0.4106499847421422,0.24833190548634052,0.3294909451142414,0.32336452144525646,0.33245096952681386,both_first
atp:106000,atp:105138,2025-03-05,2025,2025,hard,Indian Wells Masters,R128,6-4 1-6 7-6(4),86,49,102,60,85,ATP-2025-0404-303,2025-0404,3,0.16867780028593443,0.3540128166005493,0.16867780028593443,0.2613453084432419,0.25666952437077556,0.26583111863549086,both_first
atp:133297,atp:122330,2025-03-05,2025,2025,hard,Indian Wells Masters,R128,6-3 3-6 6-3,76,55,81,52,85,ATP-2025-0404-304,2025-0404,3,0.5848532363846618,0.5254501068050046,0.5848532363846618,0.5551516715948333,0.5568742566435625,0.5555788916131426,both_first
atp:206681,atp:124079,2025-03-05,2025,2025,hard,Indian Wells Masters,R128,6-3 6-2,46,37,49,27,85,ATP-2025-0404-305,2025-0404,3,0.7976063102088152,0.6096124504119622,0.7976063102088152,0.7036093803103887,0.713872511053035,0.7060201218422777,both_first
atp:134868,atp:200175,2025-03-05,2025,2025,hard,Indian Wells Masters,R128,6-7(5) 6-4 6-3,99,69,93,62,85,ATP-2025-0404-306,2025-0404,3,0.5860866331052066,0.531858407079646,0.5860866331052066,0.5589725200924263,0.557710150592744,0.5556463070927314,both_first
atp:207989,atp:105777,2025-03-05,2025,2025,hard,Indian Wells Masters,R16,6-1 6-1,40,30,63,28,85,ATP-2025-0404-355,2025-0404,3,0.7572998052033179,0.5915471467805921,0.7572998052033179,0.674423475991955,0.6810543794803656,0.6765900917990957,both_later
atp:202103,atp:200282,2025-03-05,2025,2025,hard,Indian Wells Masters,R16,7-5 6-3,78,45,67,31,85,ATP-2025-0404-356,2025-0404,3,0.1163491913138352,0.3306988098870918,0.1163491913138352,0.2235240006004635,0.20560172434059015,0.22715537075609368,both_later
atp:207733,atp:126203,2025-03-05,2025,2025,hard,Indian Wells Masters,R16,7-5 6-4,57,42,57,38,85,ATP-2025-0404-357,2025-0404,3,0.4488438512145615,0.4843149221849252,0.4488438512145615,0.46657938669974336,0.4658294966928687,0.4676474367455169,both_later
atp:210097,atp:206909,2025-03-05,2025,2025,hard,Indian Wells Masters,R16,7-6(6) 6-1,61,43,62,35,85,ATP-2025-0404-358,2025-0404,3,0.5505034856604047,0.5200793408605432,0.5505034856604047,0.535291413260474,0.5337328780324675,0.534833677526571,both_later
atp:106421,atp:126205,2025-03-05,2025,2025,hard,Indian Wells Masters,R16,6-4 6-0,51,31,55,24,85,ATP-2025-0404-359,2025-0404,3,0.5696433897159305,0.5208117180347879,0.5696433897159305,0.5452275538753593,0.5465971150444872,0.5466617925082552,both_later
atp:209950,atp:106218,2025-03-05,2025,2025,hard,Indian Wells Masters,R16,6-2 2-6 6-3,81,53,88,51,85,ATP-2025-0404-360,2025-0404,3,0.6428379691111341,0.5479096734818432,0.6428379691111341,0.5953738212964886,0.5967164433823604,0.5949466012781792,both_later
atp:208029,atp:126774,2025-03-05,2025,2025,hard,Indian Wells Masters,R16,6-4 6-4,58,41,61,35,85,ATP-2025-0404-361,2025-0404,3,0.5717208426919819,0.5241684467500763,0.5717208426919819,0.5479446447210291,0.5479976806820284,0.5487990847576479,both_later
atp:134868,atp:133297,2025-03-05,2025,2025,hard,Indian Wells Masters,R16,7-6(4) 6-1,61,47,54,32,85,ATP-2025-0404-362,2025-0404,3,0.6138669501447823,0.5328959414098261,0.6138669501447823,0.5733814457773042,0.5766568122706681,0.578202928841082,both_later
atp:207989,atp:133430,2025-03-05,2025,2025,hard,Indian Wells Masters,R32,6-2 6-4,63,41,59,33,85,ATP-2025-0404-339,2025-0404,3,0.8486949291163037,0.6434848947207812,0.8486949291163037,0.7460899119185425,0.7594380494743167,0.7444725789920854,both_later
atp:105777,atp:104792,2025-03-05,2025,2025,hard,Indian Wells Masters,R32,7-6(4) 4-6 7-6(2),116,77,122,80,85,ATP-2025-0404-340,2025-0404,3,0.7008477658258694,0.5648153799206591,0.7008477658258694,0.6328315728732643,0.6381996762397272,0.632984151451232,both_later
atp:200282,atp:128034,2025-03-05,2025,2025,hard,Indian Wells Masters,R32,6-4 6-0,49,35,43,21,85,ATP-2025-0404-341,2025-0404,3,0.676205060011765,0.5580408910588953,0.676205060011765,0.6171229755353301,0.6203240725389714,0.6185572141682261,both_later
atp:202103,atp:122298,2025-03-05,2025,2025,hard,Indian Wells Masters,R32,6-3 6-4,71,45,57,33,85,ATP-2025-0404-342,2025-0404,3,0.48136961371497106,0.49499542264266094,0.48136961371497106,0.48818251817881597,0.4875765472971732,0.48622951238083,both_later
atp:126203,atp:126214,2025-03-05,2025,2025,hard,Indian Wells Masters,R32,4-6 6-3 6-1,80,53,89,48,85,ATP-2025-0404-343,2025-0404,3,0.8217486732024527,0.6309124198962466,0.8217486732024527,0.7263305465493497,0.7347439977248542,0.7247132136228925,both_later
atp:207733,atp:202385,2025-03-05,2025,2025,hard,Indian Wells Masters,R32,7-5 6-4,56,43,81,46,85,ATP-2025-0404-344,2025-0404,3,0.8087551795783954,0.6393957888312481,0.8087551795783954,0.7240754842048218,0.7233809254766395,0.7206577240583463,both_later
atp:210097,atp:111575,2025-03-05,2025,2025,hard,Indian Wells Masters,R32,6-3 7-5,77,49,61,36,85,ATP-2025-0404-345,2025-0404,3,0.4435391889974588,0.4840097650289899,0.4435391889974588,0.4637744770132244,0.46227009484717935,0.46224869123354784,both_later
atp:206909,atp:208286,2025-03-05,2025,2025,hard,Indian Wells Masters,R32,6-2 6-4,45,37,56,32,85,ATP-2025-0404-346,2025-0404,3,0.6303154178748961,0.5433323161428135,0.6303154178748961,0.5868238670088548,0.58800238997262,0.5854201440915524,both_later
atp:106421,atp:210506,2025-03-05,2025,2025,hard,Indian Wells Masters,R32,2-0 RET,5,4,7,2,85,ATP-2025-0404-347,2025-0404,3,0.8371265572995117,0.6326212999694842,0.8371265572995117,0.734873928634498,0.7486329381758449,0.7317613256439579,both_later
atp:126205,atp:111815,2025-03-05,2025,2025,hard,Indian Wells Masters,R32,6-3 7-5,58,35,70,34,85,ATP-2025-0404-348,2025-0404,3,0.7037227571190564,0.5708574916081782,0.7037227571190564,0.6372901243636173,0.6403136839730296,0.6352150557032572,both_later
atp:209950,atp:207518,2025-03-05,2025,2025,hard,Indian Wells Masters,R32,3-6 7-6(4) 6-3,103,64,90,57,85,ATP-2025-0404-349,2025-0404,3,0.6244138187617316,0.5389990845285322,0.6244138187617316,0.5817064516451319,0.5839193047611749,0.5806078858837649,both_later
atp:106218,atp:200615,2025-03-05,2025,2025,hard,Indian Wells Masters,R32,5-7 6-3 6-3,111,71,86,55,85,ATP-2025-0404-350,2025-0404,3,0.429501459592189,0.4807750991760757,0.429501459592189,0.4551382793841323,0.45282647674352877,0.45403971362276524,both_later
atp:126774,atp:126610,2025-03-05,2025,2025,hard,Indian Wells Masters,R32,6-3 6-3,44,36,52,30,85,ATP-2025-0404-351,2025-0404,3,0.46064456798009396,0.48870918523039364,0.46064456798009396,0.4746768766052438,0.47373286474380666,0.47495151804558555,both_later
atp:208029,atp:200005,2025-03-05,2025,2025,hard,Indian Wells Masters,R32,5-7 6-4 7-5,110,70,104,63,85,ATP-2025-0404-352,2025-0404,3,0.4159260239007354,0.469179127250534,0.4159260239007354,0.4425525755756347,0.4436536554865712,0.44236948128207354,both_later
atp:133297,atp:126207,2025-03-05,2025,2025,hard,Indian Wells Masters,R32,6-4 7-6(6),71,50,87,49,85,ATP-2025-0404-353,2025-0404,3,0.3001062252058078,0.43011901129081476,0.3001062252058078,0.3651126182483113,0.36250040470306305,0.36694356118392313,both_later
atp:134868,atp:208659,2025-03-05,2025,2025,hard,Indian Wells Masters,R32,7-6(3) 6-3,60,47,55,39,85,ATP-2025-0404-354,2025-0404,3,0.6661777494415441,0.5659139456820262,0.6661777494415441,0.6160458475617852,0.6131640710380286,0.6160458475617852,both_later
atp:207989,atp:111460,2025-03-05,2025,2025,hard,Indian Wells Masters,R64,6-4 6-2,48,37,49,32,85,ATP-2025-0404-307,2025-0404,3,0.9597944433100816,0.7744583460482148,0.9597944433100816,0.8671263946791482,0.8923662726967798,0.8634034773767374,mixed_first_later
atp:133430,atp:200443,2025-03-05,2025,2025,hard,Indian Wells Masters,R64,6-3 6-2,69,40,47,21,85,ATP-2025-0404-308,2025-0404,3,0.8699761051292542,0.6788220933780897,0.8699761051292542,0.774399099253672,0.7802570570680127,0.7721104205841571,mixed_first_later
atp:104792,atp:200624,2025-03-05,2025,2025,hard,Indian Wells Masters,R64,7-6(2) 7-6(4),80,56,89,56,85,ATP-2025-0404-309,2025-0404,3,0.37315999589169085,0.4575831553249924,0.37315999589169085,0.4153715756083416,0.4144038580839582,0.4150664184524063,mixed_first_later
atp:105777,atp:132686,2025-03-05,2025,2025,hard,Indian Wells Masters,R64,6-3 6-4,76,50,60,35,85,ATP-2025-0404-310,2025-0404,3,0.8215490005254795,0.6314617027769301,0.8215490005254795,0.7265053516512048,0.7345669219779721,0.7257424587613666,mixed_first_later
atp:200282,atp:105676,2025-03-05,2025,2025,hard,Indian Wells Masters,R64,6-2 6-2,43,33,56,29,85,ATP-2025-0404-311,2025-0404,3,0.8595900491796541,0.6413487946292341,0.8595900491796541,0.7504694219044441,0.7699317994738721,0.7504694219044441,mixed_first_later
atp:128034,atp:200384,2025-03-05,2025,2025,hard,Indian Wells Masters,R64,7-5 6-3,76,51,56,38,85,ATP-2025-0404-312,2025-0404,3,0.9030155348788146,0.6921269453768691,0.9030155348788146,0.7975712401278419,0.8156966205955996,0.7968083472380036,mixed_first_later
atp:202103,atp:111456,2025-03-05,2025,2025,hard,Indian Wells Masters,R64,4-6 7-6(3) 6-1,80,51,121,66,85,ATP-2025-0404-313,2025-0404,3,0.4563233008209155,0.48724443088190417,0.4563233008209155,0.47178386585140986,0.47084092171983183,0.4701665329249527,mixed_first_later
atp:122298,atp:104925,2025-03-05,2025,2025,hard,Indian Wells Masters,R64,6-2 3-6 6-1,82,52,73,38,85,ATP-2025-0404-314,2025-0404,3,0.04472305332647736,0.2376258773268233,0.04472305332647736,0.14117446532665034,0.11496411785703144,0.14459222547312578,mixed_first_later
atp:126203,atp:209263,2025-03-05,2025,2025,hard,Indian Wells Masters,R64,6-3 7-5,64,45,58,35,85,ATP-2025-0404-315,2025-0404,3,0.9692471954847017,0.8411657003356728,0.9692471954847017,0.9052064479101873,0.9089067662503332,0.9006290905711577,mixed_first_later
atp:126214,atp:105583,2025-03-05,2025,2025,hard,Indian Wells Masters,R64,6-3 7-5,74,51,66,40,85,ATP-2025-0404-316,2025-0404,3,0.6327310989913745,0.5501068050045773,0.6327310989913745,0.5914189519979759,0.5896779412645938,0.5908696691172923,mixed_first_later
atp:202385,atp:200000,2025-03-05,2025,2025,hard,Indian Wells Masters,R64,6-4 6-2,56,39,52,32,85,ATP-2025-0404-317,2025-0404,3,0.4321895334396731,0.4706438815990235,0.4321895334396731,0.45141670751934826,0.4546378337338091,0.45437673193192074,mixed_first_later
atp:207733,atp:211663,2025-03-05,2025,2025,hard,Indian Wells Masters,R64,6-4 6-0,60,37,46,22,85,ATP-2025-0404-318,2025-0404,3,0.6176898139014897,0.5404028074458346,0.6176898139014897,0.5790463106736621,0.5792843043038962,0.5821589136642022,mixed_first_later
atp:210097,atp:208363,2025-03-05,2025,2025,hard,Indian Wells Masters,R64,6-3 6-2,56,38,46,27,85,ATP-2025-0404-319,2025-0404,3,0.8770610849867055,0.6683246872139151,0.8770610849867055,0.7726928861003104,0.7875007767581337,0.7717774146325045,mixed_first_later
atp:111575,atp:210150,2025-03-05,2025,2025,hard,Indian Wells Masters,R64,3-6 6-0 6-3,76,48,80,45,85,ATP-2025-0404-320,2025-0404,3,0.6563801793980385,0.5531583765639304,0.6563801793980385,0.6047692779809845,0.606224523066882,0.6031824607701208,mixed_first_later
atp:206909,atp:208014,2025-03-05,2025,2025,hard,Indian Wells Masters,R64,7-5 6-1,71,48,63,35,85,ATP-2025-0404-321,2025-0404,3,0.8303534827202061,0.6380530973451327,0.8303534827202061,0.7342032900326694,0.7424528111830576,0.7300531527119493,mixed_first_later
atp:208286,atp:126094,2025-03-05,2025,2025,hard,Indian Wells Masters,R64,6-4 7-5,70,39,61,30,85,ATP-2025-0404-322,2025-0404,3,0.21163924044779311,0.39288983826670737,0.21163924044779311,0.30226453935725023,0.29385894993124,0.3023255707884373,mixed_first_later
atp:106421,atp:207352,2025-03-05,2025,2025,hard,Indian Wells Masters,R64,6-2 6-2,52,33,62,30,85,ATP-2025-0404-323,2025-0404,3,0.7705876373401622,0.6018614586512053,0.7705876373401622,0.6862245479956838,0.6916308729974513,0.6864381580048385,mixed_first_later
atp:210506,atp:212256,2025-03-05,2025,2025,hard,Indian Wells Masters,R64,6-3 6-4,88,55,62,37,85,ATP-2025-0404-324,2025-0404,3,0.8528022539298921,0.6713762587732682,0.8528022539298921,0.7620892563515802,0.7633559280780078,0.7617840991956448,mixed_first_later
atp:111815,atp:208103,2025-03-05,2025,2025,hard,Indian Wells Masters,R64,3-6 6-4 7-5,110,68,93,62,85,ATP-2025-0404-325,2025-0404,3,0.5655417505269963,0.5247787610619469,0.5655417505269963,0.5451602557944716,0.5438345554487132,0.543054671418518,mixed_first_later
atp:126205,atp:207729,2025-03-05,2025,2025,hard,Indian Wells Masters,R64,6-3 6-1,41,30,60,28,85,ATP-2025-0404-326,2025-0404,3,0.9584095513712739,0.7973451327433628,0.9584095513712739,0.8778773420573184,0.8900843619058303,0.8792810649746208,mixed_first_later
atp:207518,atp:126128,2025-03-05,2025,2025,hard,Indian Wells Masters,R64,7-5 5-7 6-2,107,63,100,54,85,ATP-2025-0404-327,2025-0404,3,0.507744852791655,0.5037229173024107,0.507744852791655,0.5057338850470329,0.5051634646288052,0.5022245777537768,mixed_first_later
atp:209950,atp:209113,2025-03-05,2025,2025,hard,Indian Wells Masters,R64,6-2 6-2,37,29,55,24,85,ATP-2025-0404-328,2025-0404,3,0.7062861599756477,0.5709795544705524,0.7062861599756477,0.6386328572231,0.6422039989367834,0.6359474742508693,mixed_first_later
atp:200615,atp:200267,2025-03-05,2025,2025,hard,Indian Wells Masters,R64,7-6(4) 7-5,83,57,85,54,85,ATP-2025-0404-329,2025-0404,3,0.6847298914090109,0.5588953310955141,0.6847298914090109,0.6218126112522625,0.6264607698756646,0.6224839569953202,mixed_first_later
atp:106218,atp:134770,2025-03-05,2025,2025,hard,Indian Wells Masters,R64,7-6(4) 3-6 6-2,115,71,101,61,85,ATP-2025-0404-330,2025-0404,3,0.4229621484517946,0.4807140677448886,0.4229621484517946,0.4518381080983416,0.44841335767682605,0.4492442722728915,mixed_first_later
atp:126774,atp:205734,2025-03-05,2025,2025,hard,Indian Wells Masters,R64,6-2 6-4,49,38,71,41,85,ATP-2025-0404-331,2025-0404,3,0.7485479744174232,0.5869697894415624,0.7485479744174232,0.6677588819294928,0.6742026970191873,0.670078076314601,mixed_first_later
atp:126610,atp:106331,2025-03-05,2025,2025,hard,Indian Wells Masters,R64,6-2 7-6(2),63,45,61,37,85,ATP-2025-0404-332,2025-0404,3,0.690742495628825,0.5628623741226731,0.690742495628825,0.626802434875749,0.6308182109285596,0.6279620320683033,mixed_first_later
atp:200005,atp:105453,2025-03-05,2025,2025,hard,Indian Wells Masters,R64,6-4 6-3,70,44,47,25,85,ATP-2025-0404-333,2025-0404,3,0.8020046117894983,0.6162648764113519,0.8020046117894983,0.7091347441004251,0.7175985020023663,0.7105994984489146,mixed_first_later
atp:208029,atp:144895,2025-03-05,2025,2025,hard,Indian Wells Masters,R64,6-2 6-4,50,33,63,31,85,ATP-2025-0404-334,2025-0404,3,0.831365633961491,0.6328043942630455,0.831365633961491,0.7320850141122682,0.7433698753124252,0.7271414681861162,mixed_first_later
atp:126207,atp:106000,2025-03-05,2025,2025,hard,Indian Wells Masters,R64,7-6(4) 7-6(7),99,60,89,49,85,ATP-2025-0404-335,2025-0404,3,0.9043704960652647,0.6954226426609704,0.9043704960652647,0.7998965693631175,0.8172518724479853,0.8021547323170388,mixed_first_later
atp:133297,atp:207830,2025-03-05,2025,2025,hard,Indian Wells Masters,R64,4-6 4-2 RET,42,29,44,28,85,ATP-2025-0404-336,2025-0404,3,0.29362415026049904,0.4245651510527922,0.29362415026049904,0.3590946506566456,0.3577297678325393,0.3591861978034262,mixed_first_later
atp:208659,atp:206681,2025-03-05,2025,2025,hard,Indian Wells Masters,R64,6-4 0-0 RET,28,21,35,20,85,ATP-2025-0404-337,2025-0404,3,0.3807117263931034,0.46356423558132437,0.3807117263931034,0.4221379809872139,0.41961543359179,0.42049013234516325,mixed_first_later
atp:134868,atp:100644,2025-03-05,2025,2025,hard,Indian Wells Masters,R64,4-6 7-6(5) 7-6(4),135,82,106,68,85,ATP-2025-0404-338,2025-0404,3,0.12928004524916692,0.33198046994202013,0.12928004524916692,0.23063025759559352,0.2189903844749218,0.23331564056782422,mixed_first_later
atp:207733,atp:207989,2025-03-05,2025,2025,hard,Indian Wells Masters,SF,6-1 0-6 6-4,69,41,70,39,85,ATP-2025-0404-367,2025-0404,3,0.2837932547988678,0.42761672261214523,0.2837932547988678,0.3557049887055065,0.3504302385482659,0.35512519010922944,both_later
atp:208029,atp:106421,2025-03-05,2025,2025,hard,Indian Wells Masters,SF,7-5 6-4,70,48,60,36,85,ATP-2025-0404-368,2025-0404,3,0.2884521092896273,0.4252975282270369,0.2884521092896273,0.3568748187583321,0.35389942123308976,0.3612690818038005,both_later
atp:210150,atp:104925,2025-03-19,2025,2025,hard,Miami Masters,F,7-6(4) 7-6(4),78,54,74,52,85,ATP-2025-0403-369,2025-0403,3,0.09602578555751816,0.31226731766859933,0.09602578555751816,0.20414655161305875,0.18320395453373425,0.20228509296185337,both_later
atp:105777,atp:202103,2025-03-19,2025,2025,hard,Miami Masters,QF,6-7(6) 6-4 7-6(3),108,74,115,74,85,ATP-2025-0403-363,2025-0403,3,0.8440372510860804,0.6411657003356729,0.8440372510860804,0.7426014757108766,0.7550481066118744,0.7436695257566502,both_later
atp:104925,atp:200624,2025-03-19,2025,2025,hard,Miami Masters,QF,6-3 7-6(4),59,47,56,39,85,ATP-2025-0403-364,2025-0403,3,0.8050260767058383,0.6171803478791578,0.8050260767058383,0.7111032122924981,0.7201768945815902,0.710065677962318,both_later
atp:126203,atp:126610,2025-03-19,2025,2025,hard,Miami Masters,QF,7-5 6-7(7) 7-5,102,77,123,82,85,ATP-2025-0403-365,2025-0403,3,0.7429556214185773,0.5966737870003052,0.7429556214185773,0.6698147042094412,0.6698687975035365,0.6720118357321754,both_later
atp:210150,atp:209950,2025-03-19,2025,2025,hard,Miami Masters,QF,7-6(5) 6-1,53,39,69,40,85,ATP-2025-0403-366,2025-0403,3,0.39819483870317823,0.46423558132438203,0.39819483870317823,0.43121521001378016,0.43159949850485435,0.4318865557568378,both_later
atp:105676,atp:126846,2025-03-19,2025,2025,hard,Miami Masters,R128,2-6 6-4 6-2,76,49,77,45,85,ATP-2025-0403-275,2025-0403,3,0.6418404901813033,0.5441257247482454,0.6418404901813033,0.5929831074647743,0.5960196937580513,0.594234251804109,both_first
atp:106148,atp:106331,2025-03-19,2025,2025,hard,Miami Masters,R128,6-3 3-6 7-6(5),93,60,113,69,85,ATP-2025-0403-276,2025-0403,3,0.5192815168935895,0.5088495575221239,0.5192815168935895,0.5140655372078566,0.5128578867819905,0.5129669714464895,both_first
atp:106401,atp:111456,2025-03-19,2025,2025,hard,Miami Masters,R128,3-6 6-3 6-4,75,52,84,52,85,ATP-2025-0403-277,2025-0403,3,0.7931052371957338,0.6275556911809582,0.7931052371957338,0.710330464188346,0.7100919021502886,0.7075840497849282,both_first
atp:210748,atp:207681,2025-03-19,2025,2025,hard,Miami Masters,R128,7-6(4) 7-6(2),84,56,79,52,85,ATP-2025-0403-278,2025-0403,3,0.22339524624144627,0.37616722612145254,0.22339524624144627,0.2997812361814494,0.30350568535031996,0.29746204179634106,both_first
atp:122330,atp:202104,2025-03-19,2025,2025,hard,Miami Masters,R128,6-3 6-4,54,40,51,31,85,ATP-2025-0403-279,2025-0403,3,0.6473615403537499,0.5499237107110162,0.6473615403537499,0.5986426255323831,0.5998822234711852,0.5961403368537135,both_first
atp:124186,atp:210536,2025-03-19,2025,2025,hard,Miami Masters,R128,6-4 6-4,55,43,77,48,85,ATP-2025-0403-280,2025-0403,3,0.7201950887669797,0.60051876716509,0.7201950887669797,0.6603569279660348,0.6525543871707968,0.6542843005629222,both_first
atp:144895,atp:210696,2025-03-19,2025,2025,hard,Miami Masters,R128,7-6(5) 6-4,87,57,72,46,85,ATP-2025-0403-281,2025-0403,3,0.7762237880465116,0.6290204455294477,0.7762237880465116,0.7026221167879796,0.6961849531086214,0.6990517780635366,both_first
atp:200175,atp:206499,2025-03-19,2025,2025,hard,Miami Masters,R128,6-4 6-4,81,53,57,38,85,ATP-2025-0403-282,2025-0403,3,0.6731910656585021,0.5579798596277082,0.6731910656585021,0.6155854626431052,0.6181655095741097,0.6163483555329434,both_first
atp:208014,atp:209098,2025-03-19,2025,2025,hard,Miami Masters,R128,7-5 3-6 7-5,95,57,107,62,85,ATP-2025-0403-283,2025-0403,3,0.14699479391383943,0.3478486420506561,0.14699479391383943,0.24742171798224777,0.23644931175570963,0.24528561789070064,both_first
atp:200116,atp:200587,2025-03-19,2025,2025,hard,Miami Masters,R128,2-6 7-6(5) 6-4,100,57,98,58,85,ATP-2025-0403-284,2025-0403,3,0.574218018678032,0.5340555386023802,0.574218018678032,0.554136778640206,0.549682465252242,0.5546250300897027,both_first
atp:209262,atp:210319,2025-03-19,2025,2025,hard,Miami Masters,R128,6-0 6-2,42,30,42,18,85,ATP-2025-0403-285,2025-0403,3,0.8359335699192075,0.6617332926457126,0.8359335699192075,0.74883343128246,0.7475368857917509,0.7487113684200859,both_first
atp:111460,atp:205734,2025-03-19,2025,2025,hard,Miami Masters,R128,6-3 6-4,62,44,54,34,85,ATP-2025-0403-286,2025-0403,3,0.5675334563519853,0.5182483979249314,0.5675334563519853,0.5428909271384583,0.5451755888543907,0.5454847629639084,both_first
atp:202358,atp:208233,2025-03-19,2025,2025,hard,Miami Masters,R128,7-6(5) 6-2,56,45,67,41,85,ATP-2025-0403-287,2025-0403,3,0.17665385465004216,0.359749771132133,0.17665385465004216,0.2682018128910876,0.2638364305894055,0.26756098286362345,both_first
atp:208118,atp:126129,2025-03-19,2025,2025,hard,Miami Masters,R128,7-6(2) 3-6 6-2,94,63,99,60,85,ATP-2025-0403-288,2025-0403,3,0.35663874280995506,0.43469636862984434,0.35663874280995506,0.3956675557198997,0.40291784481840265,0.39920737872874923,both_first
atp:104792,atp:206681,2025-03-19,2025,2025,hard,Miami Masters,R128,6-3 3-6 6-4,83,57,93,57,85,ATP-2025-0403-289,2025-0403,3,0.6246060780801956,0.5419896246566982,0.6246060780801956,0.5832978513684469,0.584052095815598,0.5831147570748858,both_first
atp:144719,atp:126239,2025-03-19,2025,2025,hard,Miami Masters,R128,6-3 7-6(5),71,48,75,47,85,ATP-2025-0403-290,2025-0403,3,0.41399499438930853,0.46393042416844676,0.41399499438930853,0.43896270927887765,0.4423451821891082,0.44262459515010133,both_first
atp:200267,atp:132686,2025-03-19,2025,2025,hard,Miami Masters,R128,7-6(2) 7-5,98,61,82,48,85,ATP-2025-0403-291,2025-0403,3,0.44966397591911683,0.48065303631370154,0.44966397591911683,0.4651585061164092,0.4663793982559242,0.4664401661713375,both_first
atp:200384,atp:106415,2025-03-19,2025,2025,hard,Miami Masters,R128,6-4 3-1 RET,45,29,47,26,85,ATP-2025-0403-292,2025-0403,3,0.2501623717939564,0.40735428745804086,0.2501623717939564,0.3287583296259986,0.3247930567466055,0.3289109082039663,both_first
atp:211663,atp:210530,2025-03-19,2025,2025,hard,Miami Masters,R128,6-7(1) 6-3 6-4,99,68,108,69,85,ATP-2025-0403-293,2025-0403,3,0.8525329325055097,0.6600244125724748,0.8525329325055097,0.7562786725389923,0.7630976498238293,0.7554242325023734,both_first
atp:207352,atp:111815,2025-03-19,2025,2025,hard,Miami Masters,R128,6-4 6-2,53,38,62,35,85,ATP-2025-0403-294,2025-0403,3,0.47814817793673026,0.49353066829417147,0.47814817793673026,0.48583942311545086,0.48542696172807137,0.48632767456494735,both_first
atp:209409,atp:127157,2025-03-19,2025,2025,hard,Miami Masters,R128,6-4 6-3,52,42,48,32,85,ATP-2025-0403-295,2025-0403,3,0.3170230360000453,0.4276777540433323,0.3170230360000453,0.37235039502168876,0.3748049803483877,0.3738761808013653,both_first
atp:209260,atp:124079,2025-03-19,2025,2025,hard,Miami Masters,R128,6-4 6-1,43,36,41,25,85,ATP-2025-0403-296,2025-0403,3,0.3690079518295675,0.4586206896551724,0.3690079518295675,0.41381432074236996,0.4115285426477838,0.4107322334674234,both_first
atp:202058,atp:207925,2025-03-19,2025,2025,hard,Miami Masters,R128,6-1 3-6 6-3,79,54,76,44,85,ATP-2025-0403-297,2025-0403,3,0.29343016410109407,0.41766859932865424,0.29343016410109407,0.35554938171487416,0.35758649294825234,0.35594608601759004,both_first
atp:132283,atp:208363,2025-03-19,2025,2025,hard,Miami Masters,R128,7-5 7-5,71,51,78,48,85,ATP-2025-0403-298,2025-0403,3,0.7329272921494034,0.5826975892584682,0.7329272921494034,0.6578124407039359,0.6621783968108081,0.65949080506158,both_first
atp:210150,atp:105138,2025-03-19,2025,2025,hard,Miami Masters,R128,6-4 3-6 6-1,86,57,71,45,85,ATP-2025-0403-299,2025-0403,3,0.5721548102153031,0.5284406469331706,0.5721548102153031,0.5502977285742369,0.5482903687573265,0.5462086226847038,both_first
atp:126128,atp:202385,2025-03-19,2025,2025,hard,Miami Masters,R128,6-3 3-6 6-3,102,64,78,51,85,ATP-2025-0403-300,2025-0403,3,0.5173106596366173,0.5039060115959719,0.5173106596366173,0.5106083356162946,0.5115430026816309,0.51402609576277,both_first
atp:208286,atp:200059,2025-03-19,2025,2025,hard,Miami Masters,R128,7-6(3) 4-6 6-3,91,65,114,71,85,ATP-2025-0403-301,2025-0403,3,0.5017141718095334,0.5048825144949649,0.5017141718095334,0.5032983431522491,0.5011427836937243,0.5002467715928961,both_first
atp:124187,atp:111153,2025-03-19,2025,2025,hard,Miami Masters,R128,6-3 7-6(4),66,52,65,46,85,ATP-2025-0403-302,2025-0403,3,0.5886169557021013,0.5389380530973451,0.5886169557021013,0.5637775043997232,0.5594262672836731,0.563136674372259,both_first
atp:200221,atp:105526,2025-03-19,2025,2025,hard,Miami Masters,R128,7-6(3) 6-3,71,51,66,42,85,ATP-2025-0403-303,2025-0403,3,0.4457033173007977,0.47784559047909675,0.4457033173007977,0.4617744538899472,0.46372276660482836,0.4624457996330049,both_first
atp:209113,atp:144869,2025-03-19,2025,2025,hard,Miami Masters,R128,6-3 6-0,49,32,42,18,85,ATP-2025-0403-304,2025-0403,3,0.4518795725960301,0.4844980164784864,0.4518795725960301,0.46818879453725826,0.4678644733271763,0.46760899594098115,both_first
atp:111442,atp:106218,2025-03-19,2025,2025,hard,Miami Masters,R128,3-6 6-4 7-5,95,64,106,68,85,ATP-2025-0403-305,2025-0403,3,0.5271601772888143,0.5163564235581325,0.5271601772888143,0.5217583004234734,0.518116691225848,0.5179133202586885,both_first
atp:207985,atp:126127,2025-03-19,2025,2025,hard,Miami Masters,R128,7-6(6) 2-6 6-4,100,63,98,66,85,ATP-2025-0403-306,2025-0403,3,0.23708799230665523,0.3888617638083613,0.23708799230665523,0.31297487805750823,0.3145050709183611,0.31434808525921715,both_first
atp:105777,atp:206909,2025-03-19,2025,2025,hard,Miami Masters,R16,6-4 7-5,57,44,54,40,85,ATP-2025-0403-355,2025-0403,3,0.6907373279375909,0.5643881599023497,0.6907373279375909,0.6275627439199702,0.6308144550436106,0.6341846542037665,both_later
atp:202103,atp:134770,2025-03-19,2025,2025,hard,Miami Masters,R16,6-4 6-2,53,39,66,37,85,ATP-2025-0403-356,2025-0403,3,0.32035924131051474,0.43805309734513276,0.32035924131051474,0.37920616932782375,0.37720837360684883,0.37999957793325556,both_later
atp:104925,atp:207518,2025-03-19,2025,2025,hard,Miami Masters,R16,6-2 6-2,46,32,56,26,85,ATP-2025-0403-357,2025-0403,3,0.9156982485439819,0.6975587427525175,0.9156982485439819,0.8066284956482497,0.8306427623574013,0.8096495514920092,both_later
atp:200624,atp:104792,2025-03-19,2025,2025,hard,Miami Masters,R16,6-4 2-6 6-4,83,54,83,55,85,ATP-2025-0403-358,2025-0403,3,0.6253442080585462,0.5406469331705829,0.6253442080585462,0.5829955706145645,0.5845620517239618,0.5862912678986658,both_later
atp:126610,atp:200282,2025-03-19,2025,2025,hard,Miami Masters,R16,6-3 7-6(7),85,52,65,40,85,ATP-2025-0403-359,2025-0403,3,0.2828092589058284,0.4240768996032957,0.2828092589058284,0.3534430792545621,0.34969515890776176,0.3523750292087885,both_later
atp:126203,atp:200443,2025-03-19,2025,2025,hard,Miami Masters,R16,6-3 7-5,57,33,54,31,85,ATP-2025-0403-360,2025-0403,3,0.9434888866131376,0.7598108025633201,0.9434888866131376,0.8516498445882288,0.8672390879437739,0.8505817945424552,both_later
atp:209950,atp:100644,2025-03-19,2025,2025,hard,Miami Masters,R16,3-6 6-3 6-4,75,51,80,52,85,ATP-2025-0403-362,2025-0403,3,0.18199429907562784,0.3742142203234666,0.18199429907562784,0.2781042596995472,0.26856226800858973,0.2741982481035753,both_later
atp:206909,atp:105676,2025-03-19,2025,2025,hard,Miami Masters,R32,6-3 6-7(5) 6-3,94,68,100,61,85,ATP-2025-0403-339,2025-0403,3,0.6310038364762725,0.5404638388770217,0.6310038364762725,0.585733837676647,0.5884796312174545,0.5851235233647765,both_later
atp:105777,atp:111575,2025-03-19,2025,2025,hard,Miami Masters,R32,6-7(3) 6-4 7-5,95,74,110,73,85,ATP-2025-0403-340,2025-0403,3,0.5920417086922954,0.5302105584375953,0.5920417086922954,0.5611261335649453,0.5617518157733531,0.5599360206567977,both_later
atp:202103,atp:126205,2025-03-19,2025,2025,hard,Miami Masters,R32,6-2 7-6(4),59,38,61,31,85,ATP-2025-0403-341,2025-0403,3,0.14679843308373916,0.36127555691180957,0.14679843308373916,0.2540369949977744,0.23626077043426535,0.24921551193399655,both_later
atp:134770,atp:126214,2025-03-19,2025,2025,hard,Miami Masters,R32,6-4 7-6(4),62,51,74,50,85,ATP-2025-0403-342,2025-0403,3,0.5631076172755655,0.5214830637778456,0.5631076172755655,0.5422953405267055,0.5421967010438418,0.5397625361324425,both_later
atp:104925,atp:200116,2025-03-19,2025,2025,hard,Miami Masters,R32,6-1 7-6(1),64,46,64,38,85,ATP-2025-0403-343,2025-0403,3,0.9938581690598353,0.9006713457430576,0.9938581690598353,0.9472647574014464,0.9674214795850463,0.9473257888326335,both_later
atp:207518,atp:200000,2025-03-19,2025,2025,hard,Miami Masters,R32,4-6 6-2 6-3,93,60,90,54,85,ATP-2025-0403-344,2025-0403,3,0.45503445214100646,0.48693927372596885,0.45503445214100646,0.4709868629334877,0.46997791736221983,0.47202439726366774,both_later
atp:200624,atp:126774,2025-03-19,2025,2025,hard,Miami Masters,R32,7-6(4) 6-3,74,48,58,35,85,ATP-2025-0403-345,2025-0403,3,0.6399247994348677,0.5465059505645408,0.6399247994348677,0.5932153749997042,0.5946828792043224,0.5962364308434638,both_later
atp:104792,atp:144719,2025-03-19,2025,2025,hard,Miami Masters,R32,7-5 5-7 7-6(1),110,74,104,69,85,ATP-2025-0403-346,2025-0403,3,0.7447776861727843,0.5898382667073543,0.7447776861727843,0.6673079764400693,0.6712771699549058,0.6653854863576769,both_later
atp:126610,atp:200267,2025-03-19,2025,2025,hard,Miami Masters,R32,6-4 6-4,56,40,69,39,85,ATP-2025-0403-347,2025-0403,3,0.7046416960298472,0.5727494659749771,0.7046416960298472,0.6386955810024122,0.640990738322918,0.6435780954973771,both_later
atp:200282,atp:211663,2025-03-19,2025,2025,hard,Miami Masters,R32,5-7 7-5 6-3,99,66,92,56,85,ATP-2025-0403-348,2025-0403,3,0.6086331544235017,0.5311260299054013,0.6086331544235017,0.5698795921644515,0.5730681497933313,0.5724734279899016,both_later
atp:200443,atp:209409,2025-03-19,2025,2025,hard,Miami Masters,R32,7-6(6) 4-6 6-4,104,68,99,66,85,ATP-2025-0403-349,2025-0403,3,0.6647688699200537,0.5655477570949039,0.6647688699200537,0.6151583135074787,0.6121628454816026,0.6144564520488276,both_later
atp:126203,atp:133430,2025-03-19,2025,2025,hard,Miami Masters,R32,7-5 6-3,59,44,52,31,85,ATP-2025-0403-350,2025-0403,3,0.7080937487042361,0.5820262435154104,0.7080937487042361,0.6450599961098233,0.6435400878562632,0.6395061358718007,both_later
atp:210150,atp:126128,2025-03-19,2025,2025,hard,Miami Masters,R32,6-4 6-4,55,42,50,37,85,ATP-2025-0403-351,2025-0403,3,0.5280374405375166,0.5054928288068355,0.5280374405375166,0.516765134672176,0.5187025255389761,0.5176500904243884,both_later
atp:207830,atp:124187,2025-03-19,2025,2025,hard,Miami Masters,R32,7-6(1) 6-3,58,48,59,40,85,ATP-2025-0403-352,2025-0403,3,0.7559832897208392,0.6008239243210254,0.7559832897208392,0.6784036070209323,0.6800181129162219,0.6819129143141882,both_later
atp:209950,atp:126207,2025-03-19,2025,2025,hard,Miami Masters,R32,7-6(11) 5-7 6-2,100,68,142,82,85,ATP-2025-0403-353,2025-0403,3,0.5220024875001589,0.5057979859627708,0.5220024875001589,0.5139002367314649,0.5146735893608658,0.5124659980985689,both_later
atp:100644,atp:111442,2025-03-19,2025,2025,hard,Miami Masters,R32,7-5 6-4,55,42,60,38,85,ATP-2025-0403-354,2025-0403,3,0.8840102229683944,0.6814464449191333,0.8840102229683944,0.7827283339437638,0.7947791747196099,0.777327052283709,both_later
atp:105676,atp:207989,2025-03-19,2025,2025,hard,Miami Masters,R64,5-7 6-4 6-3,89,57,100,61,85,ATP-2025-0403-307,2025-0403,3,0.04626852305711931,0.24781812633506256,0.04626852305711931,0.14704332469609094,0.11740051845721562,0.14908787764085749,mixed_first_later
atp:206909,atp:106148,2025-03-19,2025,2025,hard,Miami Masters,R64,6-4 4-6 6-3,101,66,86,53,85,ATP-2025-0403-308,2025-0403,3,0.6565845243194774,0.5583460482148307,0.6565845243194774,0.6074652862671541,0.6063687195858227,0.604413714707801,mixed_first_later
atp:111575,atp:106401,2025-03-19,2025,2025,hard,Miami Masters,R64,7-6(3) 6-0,53,42,64,35,85,ATP-2025-0403-309,2025-0403,3,0.41943368117541174,0.4699725358559658,0.41943368117541174,0.4447031085156888,0.4460280007856685,0.4442148570661923,mixed_first_later
atp:105777,atp:210748,2025-03-19,2025,2025,hard,Miami Masters,R64,6-1 6-4,54,40,49,26,85,ATP-2025-0403-310,2025-0403,3,0.9490465355393956,0.780500457735734,0.9490465355393956,0.8647734966375648,0.8754135683911061,0.8643462766192553,mixed_first_later
atp:126205,atp:122330,2025-03-19,2025,2025,hard,Miami Masters,R64,5-7 7-5 6-4,100,73,112,74,85,ATP-2025-0403-311,2025-0403,3,0.8890528503889163,0.6752212389380531,0.8890528503889163,0.7821370446634848,0.8001771339876776,0.7836323147275677,mixed_first_later
atp:202103,atp:124186,2025-03-19,2025,2025,hard,Miami Masters,R64,6-1 6-2,42,31,50,23,85,ATP-2025-0403-312,2025-0403,3,0.5975172057707367,0.5266097039975588,0.5975172057707367,0.5620634548841478,0.5654769366721829,0.5641080078289142,mixed_first_later
atp:126214,atp:144895,2025-03-19,2025,2025,hard,Miami Masters,R64,5-7 6-3 7-5,115,68,107,60,85,ATP-2025-0403-313,2025-0403,3,0.7352336860620271,0.5824534635337199,0.7352336860620271,0.6588435747978735,0.6639381679154301,0.6571957261558228,mixed_first_later
atp:134770,atp:200175,2025-03-19,2025,2025,hard,Miami Masters,R64,3-6 6-4 6-4,99,66,81,56,85,ATP-2025-0403-314,2025-0403,3,0.632763299445489,0.5502898992981385,0.632763299445489,0.5915265993718137,0.5897002930149635,0.5876511034914353,mixed_first_later
atp:104925,atp:208014,2025-03-19,2025,2025,hard,Miami Masters,R64,6-0 7-6(1),49,41,63,36,85,ATP-2025-0403-315,2025-0403,3,0.9866365818810864,0.8466585291425084,0.9866365818810864,0.9166475555117974,0.9462342674774342,0.9168306498053586,mixed_first_later
atp:200116,atp:210506,2025-03-19,2025,2025,hard,Miami Masters,R64,6-7(3) 7-5 6-3,112,74,96,64,85,ATP-2025-0403-316,2025-0403,3,0.121787493099801,0.31428135489777237,0.121787493099801,0.2180344239987867,0.21130552293522417,0.22075032268661088,mixed_first_later
atp:200000,atp:209262,2025-03-19,2025,2025,hard,Miami Masters,R64,6-4 6-4,50,41,71,43,85,ATP-2025-0403-317,2025-0403,3,0.7218946908365703,0.5877021666158071,0.7218946908365703,0.6547984287261888,0.6538305019164691,0.6514417000109003,mixed_first_later
atp:207518,atp:111460,2025-03-19,2025,2025,hard,Miami Masters,R64,3-6 7-6(4) 7-5,120,78,105,70,85,ATP-2025-0403-318,2025-0403,3,0.6590419736957412,0.5591394568202624,0.6590419736957412,0.6090907152580018,0.6081045899917282,0.6073208037535771,mixed_first_later
atp:126774,atp:202358,2025-03-19,2025,2025,hard,Miami Masters,R64,4-6 7-5 6-3,86,61,82,54,85,ATP-2025-0403-319,2025-0403,3,0.9226297367743791,0.7273420811718034,0.9226297367743791,0.8249859089730913,0.8392174465897649,0.8235516703401953,mixed_first_later
atp:200624,atp:208118,2025-03-19,2025,2025,hard,Miami Masters,R64,6-4 6-2,57,37,57,32,85,ATP-2025-0403-320,2025-0403,3,0.976538286404753,0.8379310344827586,0.976538286404753,0.9072346604437558,0.9231376868086787,0.9059530003888275,mixed_first_later
atp:104792,atp:208103,2025-03-19,2025,2025,hard,Miami Masters,R64,6-1 3-6 7-6(8),89,63,97,62,85,ATP-2025-0403-321,2025-0403,3,0.561988322528421,0.5217271895025939,0.561988322528421,0.5418577560155075,0.5414439446863094,0.5401488759422697,mixed_first_later
atp:144719,atp:106421,2025-03-19,2025,2025,hard,Miami Masters,R64,6-2 6-3,53,39,53,29,85,ATP-2025-0403-322,2025-0403,3,0.07753866080450296,0.2985962770826976,0.07753866080450296,0.18806746894360027,0.16099466057740003,0.18477177165949896,mixed_first_later
atp:200267,atp:126094,2025-03-19,2025,2025,hard,Miami Masters,R64,7-5 6-4,74,42,68,47,85,ATP-2025-0403-323,2025-0403,3,0.17362682966888743,0.37116264876411353,0.17362682966888743,0.2723947392165005,0.26113222837410016,0.2716318463266622,mixed_first_later
atp:126610,atp:200384,2025-03-19,2025,2025,hard,Miami Masters,R64,4-6 6-3 6-3,71,54,96,58,85,ATP-2025-0403-324,2025-0403,3,0.8774885128763076,0.6674702471772963,0.8774885128763076,0.7724793800268019,0.7879433450773389,0.7745849644027556,mixed_first_later
atp:211663,atp:200005,2025-03-19,2025,2025,hard,Miami Masters,R64,6-4 6-3,40,36,53,32,85,ATP-2025-0403-325,2025-0403,3,0.5003930603394094,0.5055538602380226,0.5003930603394094,0.502973460288716,0.5002620402562613,0.49851816581206054,mixed_first_later
atp:200282,atp:207352,2025-03-19,2025,2025,hard,Miami Masters,R64,6-4 6-4,48,40,65,41,85,ATP-2025-0403-326,2025-0403,3,0.756630035738448,0.5952090326518157,0.756630035738448,0.6759195341951318,0.6805269326462174,0.6753397355988547,mixed_first_later
atp:209409,atp:210097,2025-03-19,2025,2025,hard,Miami Masters,R64,7-6(3) 2-6 7-6(5),108,70,99,71,85,ATP-2025-0403-327,2025-0403,3,0.07723302502851169,0.26753127860848336,0.07723302502851169,0.17238215181849753,0.16060954795110746,0.17387742188258054,mixed_first_later
atp:200443,atp:209260,2025-03-19,2025,2025,hard,Miami Masters,R64,6-4 6-4,66,48,66,41,85,ATP-2025-0403-328,2025-0403,3,0.656740943363452,0.549740616417455,0.656740943363452,0.6032407798904535,0.6064791122151031,0.608153810101012,mixed_first_later
atp:133430,atp:202058,2025-03-19,2025,2025,hard,Miami Masters,R64,6-3 6-7(1) 7-6(3),108,69,101,64,85,ATP-2025-0403-329,2025-0403,3,0.8731364300288061,0.6796765334147086,0.8731364300288061,0.7764064817217573,0.7834670669384606,0.7794885689967039,mixed_first_later
atp:126203,atp:132283,2025-03-19,2025,2025,hard,Miami Masters,R64,7-6(2) 6-3,62,48,87,53,85,ATP-2025-0403-330,2025-0403,3,0.8584507603556073,0.6630149527006408,0.8584507603556073,0.7607328565281241,0.7688189711830048,0.7610380136840593,mixed_first_later
atp:210150,atp:207733,2025-03-19,2025,2025,hard,Miami Masters,R64,7-6(2) 7-6(3),76,57,92,61,85,ATP-2025-0403-331,2025-0403,3,0.21897122124882204,0.39789441562404637,0.21897122124882204,0.3084328184364342,0.29989852439587134,0.30928725847305305,mixed_first_later
atp:126128,atp:200615,2025-03-19,2025,2025,hard,Miami Masters,R64,6-7(4) 6-3 7-5,93,67,113,73,85,ATP-2025-0403-332,2025-0403,3,0.44482285280353884,0.4868782422947818,0.44482285280353884,0.46585054754916033,0.46313184878544555,0.46258536598065253,mixed_first_later
atp:207830,atp:208286,2025-03-19,2025,2025,hard,Miami Masters,R64,6-2 1-6 6-3,77,49,74,44,85,ATP-2025-0403-333,2025-0403,3,0.6807391234965842,0.5518767165090022,0.6807391234965842,0.6163079200027932,0.6235820821267484,0.6174370014797538,mixed_first_later
atp:124187,atp:208029,2025-03-19,2025,2025,hard,Miami Masters,R64,4-6 6-3 7-6(5),93,68,93,65,85,ATP-2025-0403-334,2025-0403,3,0.24633587699154896,0.39569728410131216,0.24633587699154896,0.32101658054643056,0.3218024941714715,0.32019265622540527,mixed_first_later
atp:126207,atp:200221,2025-03-19,2025,2025,hard,Miami Masters,R64,7-5 7-6(5),74,52,95,57,85,ATP-2025-0403-335,2025-0403,3,0.6447805289739991,0.5532194079951175,0.6447805289739991,0.5989999684845583,0.5980747078399161,0.5945446740079028,mixed_first_later
atp:209950,atp:209113,2025-03-19,2025,2025,hard,Miami Masters,R64,6-4 2-3 RET,40,30,48,32,85,ATP-2025-0403-336,2025-0403,3,0.7043515421296397,0.5739700945987184,0.7043515421296397,0.639160818364179,0.6407768879131687,0.6380927683184054,mixed_first_later
atp:111442,atp:208659,2025-03-19,2025,2025,hard,Miami Masters,R64,7-6(4) 7-6(1),66,54,82,55,85,ATP-2025-0403-337,2025-0403,3,0.6731610793508471,0.5594446139761977,0.6731610793508471,0.6163028466635224,0.6181440622158849,0.6187135881954113,mixed_first_later
atp:100644,atp:207985,2025-03-19,2025,2025,hard,Miami Masters,R64,6-2 6-4,49,38,59,33,85,ATP-2025-0403-338,2025-0403,3,0.955610787250012,0.7963075984131828,0.955610787250012,0.8759591928315974,0.8855667494647574,0.8731212312813991,mixed_first_later
atp:104925,atp:105777,2025-03-19,2025,2025,hard,Miami Masters,SF,6-2 6-3,45,33,43,22,85,ATP-2025-0403-367,2025-0403,3,0.7411670674678472,0.5878242294781812,0.7411670674678472,0.6644956484730142,0.6684897138113042,0.6642210070326724,both_later
atp:210150,atp:126203,2025-03-19,2025,2025,hard,Miami Masters,SF,7-6(4) 4-6 7-6(4),101,75,114,79,85,ATP-2025-0403-368,2025-0403,3,0.19450169777804188,0.3790357033872444,0.19450169777804188,0.28676870058264314,0.2794187144388619,0.2864025119955208,both_later
atp:209260,atp:134868,2025-03-31,2025,2025,clay,Marrakech,F,7-6(3) 7-6(4),83,58,81,57,85,ATP-2025-0360-385,2025-0360,3,0.47468122042662614,0.48791577662496183,0.47468122042662614,0.481298498525794,0.48311278993250584,0.4817257185441034,both_later
atp:209260,atp:200240,2025-03-31,2025,2025,clay,Marrakech,QF,7-5 6-2,76,48,80,43,85,ATP-2025-0360-379,2025-0360,3,0.7808672862247935,0.6185840707964602,0.7808672862247935,0.6997256785106268,0.6999693211225873,0.6942328497037913,both_later
atp:106148,atp:132686,2025-03-31,2025,2025,clay,Marrakech,QF,6-4 6-4,90,51,56,31,85,ATP-2025-0360-380,2025-0360,3,0.5483097043073915,0.514891669209643,0.5483097043073915,0.5316006867585172,0.5322623674404043,0.5293730395201894,both_later
atp:111794,atp:124186,2025-03-31,2025,2025,clay,Marrakech,QF,7-5 6-4,68,45,84,45,85,ATP-2025-0360-381,2025-0360,3,0.4244021143304975,0.475099176075679,0.4244021143304975,0.4497506452030883,0.44938596796081726,0.4461192750474581,both_later
atp:134868,atp:208233,2025-03-31,2025,2025,clay,Marrakech,QF,6-3 6-4,62,45,59,35,85,ATP-2025-0360-382,2025-0360,3,0.6380852895188869,0.5540738480317363,0.6380852895188869,0.5960795687753115,0.5934008315006547,0.5940655315461386,both_later
atp:200240,atp:132283,2025-03-31,2025,2025,clay,Marrakech,R16,6-2 5-7 6-4,104,60,88,48,85,ATP-2025-0360-371,2025-0360,3,0.23248716713510137,0.3929508696978944,0.23248716713510137,0.31271901841649785,0.3108360812724116,0.31268850270090437,mixed_first_later
atp:209260,atp:200384,2025-03-31,2025,2025,clay,Marrakech,R16,2-6 6-2 6-3,72,44,93,54,85,ATP-2025-0360-372,2025-0360,3,0.6092091993931394,0.530820872749466,0.6092091993931394,0.5700150360713028,0.5734626555764953,0.5715103061353857,both_later
atp:132686,atp:209920,2025-03-31,2025,2025,clay,Marrakech,R16,6-2 3-6 7-6(0),89,62,108,66,85,ATP-2025-0360-373,2025-0360,3,0.9737724076841527,0.8718645102227647,0.9737724076841527,0.9228184589534587,0.9175546939439929,0.924618886173477,mixed_first_later
atp:106148,atp:202261,2025-03-31,2025,2025,clay,Marrakech,R16,6-4 6-4,58,38,57,32,85,ATP-2025-0360-374,2025-0360,3,0.7588799352210263,0.6041196216051267,0.7588799352210263,0.6814997784130765,0.68230082651822,0.6843377399632748,both_later
atp:111794,atp:207411,2025-03-31,2025,2025,clay,Marrakech,R16,7-6(3) 6-1,53,41,57,32,85,ATP-2025-0360-375,2025-0360,3,0.45873457556799613,0.47876106194690266,0.45873457556799613,0.4687478187574494,0.47245491651333493,0.4687478187574494,both_later
atp:124186,atp:106198,2025-03-31,2025,2025,clay,Marrakech,R16,6-7(5) 6-1 6-4,94,65,105,60,85,ATP-2025-0360-376,2025-0360,3,0.6846218144169741,0.5735428745804089,0.6846218144169741,0.6290823444986915,0.6263826703894867,0.6310048345810839,mixed_first_later
atp:208233,atp:105732,2025-03-31,2025,2025,clay,Marrakech,R16,6-2 7-5,50,37,63,35,85,ATP-2025-0360-377,2025-0360,3,0.5147033285063674,0.5003051571559353,0.5147033285063674,0.5075042428311514,0.5098037892967944,0.5109830344088138,both_later
atp:134868,atp:105807,2025-03-31,2025,2025,clay,Marrakech,R16,7-6(1) 3-6 6-3,108,72,94,62,85,ATP-2025-0360-378,2025-0360,3,0.4734180437009199,0.4906011595971925,0.4734180437009199,0.4820096016490562,0.4822694092468715,0.48268094739211387,mixed_first_later
atp:200240,atp:127339,2025-03-31,2025,2025,clay,Marrakech,R32,2-6 6-2 6-4,84,50,73,42,85,ATP-2025-0360-359,2025-0360,3,0.3901472248798117,0.4570338724443088,0.3901472248798117,0.42359054866206025,0.4260964539823271,0.4251773658729239,both_first
atp:200384,atp:207678,2025-03-31,2025,2025,clay,Marrakech,R32,5-7 6-3 6-4,95,55,108,58,85,ATP-2025-0360-360,2025-0360,3,0.6701611587903358,0.5652425999389685,0.6701611587903358,0.6177018793646522,0.6160011712622423,0.616481250740911,both_first
atp:209260,atp:207729,2025-03-31,2025,2025,clay,Marrakech,R32,6-4 6-4,73,49,62,39,85,ATP-2025-0360-361,2025-0360,3,0.8282057984845669,0.6623436069575832,0.8282057984845669,0.7452747027210751,0.740514221890714,0.7420705525837543,both_first
atp:209920,atp:104926,2025-03-31,2025,2025,clay,Marrakech,R32,6-3 6-3,55,37,55,30,85,ATP-2025-0360-362,2025-0360,3,0.06084039258408033,0.18800732377174245,0.06084039258408033,0.12442385817791139,0.1388962577292202,0.12680408399420678,both_first
atp:202261,atp:127157,2025-03-31,2025,2025,clay,Marrakech,R32,6-2 4-6 7-6(3),94,63,112,67,85,ATP-2025-0360-363,2025-0360,3,0.30924919369478304,0.4291425083918218,0.30924919369478304,0.36919585104330244,0.36917574882118825,0.3676700652636259,both_first
atp:106148,atp:207220,2025-03-31,2025,2025,clay,Marrakech,R32,7-6(3) 6-3,79,49,82,47,85,ATP-2025-0360-364,2025-0360,3,0.8626572600534498,0.6790051876716509,0.8626572600534498,0.7708312238625503,0.7729466948636242,0.7759578640822635,both_first
atp:111794,atp:144719,2025-03-31,2025,2025,clay,Marrakech,R32,6-4 6-3,55,40,54,30,85,ATP-2025-0360-365,2025-0360,3,0.2701765193615076,0.41040585901739396,0.2701765193615076,0.3402911891894508,0.34018166025966595,0.3420611006938755,both_first
atp:207411,atp:200611,2025-03-31,2025,2025,clay,Marrakech,R32,7-5 6-1,45,40,74,40,85,ATP-2025-0360-366,2025-0360,3,0.8819232405230873,0.7092767775404333,0.8819232405230873,0.7956000090317603,0.7925743578963456,0.7959051661876957,both_first
atp:106198,atp:126846,2025-03-31,2025,2025,clay,Marrakech,R32,7-5 4-6 7-5,110,74,116,72,85,ATP-2025-0360-367,2025-0360,3,0.44335909761538456,0.47888312480927675,0.44335909761538456,0.4611211112123307,0.4621491729338587,0.46209761411132366,both_first
atp:208233,atp:200303,2025-03-31,2025,2025,clay,Marrakech,R32,6-4 6-4,56,41,64,38,85,ATP-2025-0360-368,2025-0360,3,0.47631787658092406,0.4927372596887397,0.47631787658092406,0.4845275681348319,0.4842053525112715,0.48165909086904,both_first
atp:105732,atp:105948,2025-03-31,2025,2025,clay,Marrakech,R32,4-6 6-3 6-2,87,52,84,43,85,ATP-2025-0360-369,2025-0360,3,0.5220375770290069,0.5012816600549282,0.5220375770290069,0.5116596185419675,0.5146970076208912,0.516633680183713,both_first
atp:105807,atp:207794,2025-03-31,2025,2025,clay,Marrakech,R32,6-1 6-3,44,35,58,29,85,ATP-2025-0360-370,2025-0360,3,0.9345890316238715,0.79948123283491,0.9345890316238715,0.8670351322293908,0.8548234818602782,0.8684388551466932,both_first
atp:209260,atp:106148,2025-03-31,2025,2025,clay,Marrakech,SF,6-3 6-2,58,39,55,25,85,ATP-2025-0360-383,2025-0360,3,0.4372874564478605,0.47955447055233447,0.4372874564478605,0.4584209635000975,0.45806902398280447,0.457474976316698,both_later
atp:134868,atp:111794,2025-03-31,2025,2025,clay,Marrakech,SF,7-5 7-6(3),75,54,71,47,85,ATP-2025-0360-384,2025-0360,3,0.6901945436062097,0.5718339945071712,0.6901945436062097,0.6310142690566904,0.630420063276661,0.6379108207808284,both_later
atp:202385,atp:126207,2025-03-31,2025,2025,clay,Houston,F,6-4 6-2,58,38,55,26,85,ATP-2025-0717-385,2025-0717,3,0.30581634027670807,0.4286542569423253,0.30581634027670807,0.36723529860951665,0.36667653171983516,0.36540435567390483,both_later
atp:126207,atp:210506,2025-03-31,2025,2025,clay,Houston,QF,7-5 6-1,58,40,76,40,85,ATP-2025-0717-379,2025-0717,3,0.7190904240791518,0.5805004577357339,0.7190904240791518,0.6497954409074429,0.6517263384946238,0.6493682208891334,both_later
atp:206909,atp:111153,2025-03-31,2025,2025,clay,Houston,QF,6-4 6-4,53,40,65,43,85,ATP-2025-0717-380,2025-0717,3,0.7853737175785843,0.6219407995117485,0.7853737175785843,0.7036572585451664,0.7036710684984205,0.7059764529302748,both_later
atp:202385,atp:206499,2025-03-31,2025,2025,clay,Houston,QF,2-6 6-3 6-4,86,50,90,51,85,ATP-2025-0717-381,2025-0717,3,0.5583879706177274,0.5212389380530974,0.5583879706177274,0.5398134543354124,0.539024182168854,0.5412171772527148,both_later
atp:126205,atp:212256,2025-03-31,2025,2025,clay,Houston,QF,6-1 7-6(1),51,41,71,40,85,ATP-2025-0717-382,2025-0717,3,0.912311455365845,0.732834909978639,0.912311455365845,0.822573182672242,0.8265627698063525,0.8241294841675121,both_later
atp:126207,atp:200443,2025-03-31,2025,2025,clay,Houston,R16,7-5 6-3,53,39,73,40,85,ATP-2025-0717-371,2025-0717,3,0.7737032492622162,0.6174244736039061,0.7737032492622162,0.6955638614330611,0.6941431031565656,0.6933056984791399,mixed_first_later
atp:210506,atp:105173,2025-03-31,2025,2025,clay,Houston,R16,6-7(0) 6-4 6-2,95,57,99,53,85,ATP-2025-0717-372,2025-0717,3,0.7766670353325974,0.6073542874580409,0.7766670353325974,0.6920106613953192,0.6965449089343905,0.6896304355790237,both_later
atp:206909,atp:111456,2025-03-31,2025,2025,clay,Houston,R16,6-1 7-5,49,40,61,35,85,ATP-2025-0717-373,2025-0717,3,0.7668412805068363,0.6013732072017088,0.7668412805068363,0.6841072438542726,0.6886267296551417,0.6836189924047761,mixed_first_later
atp:111153,atp:105453,2025-03-31,2025,2025,clay,Houston,R16,6-1 0-0 RET,22,16,20,9,85,ATP-2025-0717-374,2025-0717,3,0.2981469741799826,0.42425999389685687,0.2981469741799826,0.36120348403841973,0.36106186945384455,0.36327855269877984,both_later
atp:206499,atp:144656,2025-03-31,2025,2025,clay,Houston,R16,6-3 6-3,54,39,70,38,85,ATP-2025-0717-375,2025-0717,3,0.6306460480273511,0.5549282880683553,0.6306460480273511,0.5927871680478531,0.5882315716590322,0.5928176837634467,both_later
atp:202385,atp:126214,2025-03-31,2025,2025,clay,Houston,R16,3-6 6-4 7-6(6),99,64,115,71,85,ATP-2025-0717-376,2025-0717,3,0.20264231601955782,0.37116264876411353,0.20264231601955782,0.2869024823918357,0.2863371639914507,0.2876043438504869,mixed_first_later
atp:212256,atp:210319,2025-03-31,2025,2025,clay,Houston,R16,6-3 6-4,54,43,48,31,85,ATP-2025-0717-377,2025-0717,3,0.541719818734777,0.5124504119621606,0.541719818734777,0.5270851153484688,0.5278491776471229,0.5282752282566165,both_later
atp:126205,atp:106426,2025-03-31,2025,2025,clay,Houston,R16,2-6 6-2 7-6(5),96,57,113,66,85,ATP-2025-0717-378,2025-0717,3,0.6594258577266325,0.5581629539212695,0.6594258577266325,0.608794405823951,0.6083760512413987,0.6055902556866303,mixed_first_later
atp:200443,atp:111581,2025-03-31,2025,2025,clay,Houston,R32,6-3 7-6(5),71,41,61,29,85,ATP-2025-0717-359,2025-0717,3,0.3598461906265444,0.44391211473909065,0.3598461906265444,0.4018791526828175,0.4051574025706135,0.4020622469763787,both_first
atp:105173,atp:105870,2025-03-31,2025,2025,clay,Houston,R32,7-6(5) 6-3,82,49,57,33,85,ATP-2025-0717-360,2025-0717,3,0.08211697344962555,0.28852609093683246,0.08211697344962555,0.185321532193229,0.16668811633217445,0.1862064879454414,both_first
atp:210506,atp:210530,2025-03-31,2025,2025,clay,Houston,R32,6-4 6-2,45,34,57,31,85,ATP-2025-0717-361,2025-0717,3,0.47511307633215094,0.48919743667989013,0.47511307633215094,0.48215525650602054,0.4834010977596052,0.47962245211175747,both_first
atp:111456,atp:123755,2025-03-31,2025,2025,clay,Houston,R32,6-2 6-7(3) 6-4,84,63,90,59,85,ATP-2025-0717-362,2025-0717,3,0.5314841850386576,0.512999694842844,0.5314841850386576,0.5222419399407507,0.521004894314602,0.5187631483630883,both_first
atp:111153,atp:208014,2025-03-31,2025,2025,clay,Houston,R32,6-2 4-6 6-3,80,55,85,47,85,ATP-2025-0717-363,2025-0717,3,0.6198941900745865,0.552731156545621,0.6198941900745865,0.5863126733101037,0.5808018902156385,0.5817658316866676,both_first
atp:105453,atp:106283,2025-03-31,2025,2025,clay,Houston,R32,6-4 6-2,57,39,48,27,85,ATP-2025-0717-364,2025-0717,3,0.5497696260654941,0.5200183094293561,0.5497696260654941,0.5348939677474251,0.533240885896479,0.5335512762613097,both_first
atp:206499,atp:144869,2025-03-31,2025,2025,clay,Houston,R32,6-3 6-4,65,46,52,35,85,ATP-2025-0717-365,2025-0717,3,0.14043449956709617,0.3380225816295392,0.14043449956709617,0.23922854059831766,0.23009221879963923,0.23907596202035003,both_first
atp:144656,atp:200587,2025-03-31,2025,2025,clay,Houston,R32,7-6(7) 7-6(8),109,69,89,60,85,ATP-2025-0717-366,2025-0717,3,0.5795361429233515,0.5390601159597193,0.5795361429233515,0.5592981294415353,0.5532752549905772,0.5576807965150783,both_first
atp:202385,atp:106121,2025-03-31,2025,2025,clay,Houston,R32,6-4 6-4,53,41,66,40,85,ATP-2025-0717-367,2025-0717,3,0.576908302993566,0.5333841928593226,0.576908302993566,0.5551462479264443,0.5514991201759886,0.555420889366786,both_first
atp:210319,atp:111442,2025-03-31,2025,2025,clay,Houston,R32,4-6 6-4 6-3,96,61,95,54,85,ATP-2025-0717-368,2025-0717,3,0.24290578061211499,0.3910588953310955,0.24290578061211499,0.31698233797160524,0.3191075761404271,0.31853863946687533,both_first
atp:212256,atp:105902,2025-03-31,2025,2025,clay,Houston,R32,6-2 6-2,44,33,58,30,85,ATP-2025-0717-369,2025-0717,3,0.5821575325050264,0.5342996643271285,0.5821575325050264,0.5582285984160775,0.555048710955552,0.5585032398564193,both_first
atp:106426,atp:106310,2025-03-31,2025,2025,clay,Houston,R32,6-3 6-4,51,40,75,45,85,ATP-2025-0717-370,2025-0717,3,0.7425250432835686,0.6029600244125725,0.7425250432835686,0.6727425338480706,0.6695364907535241,0.6717660309490776,both_first
atp:126207,atp:206909,2025-03-31,2025,2025,clay,Houston,SF,6-4 7-6(3),60,38,81,42,85,ATP-2025-0717-383,2025-0717,3,0.42613230291306603,0.4650900213610009,0.42613230291306603,0.44561116213703345,0.45055397246661555,0.4489373751367283,both_later
atp:202385,atp:126205,2025-03-31,2025,2025,clay,Houston,SF,7-6(5) 3-6 7-6(6),109,64,111,69,85,ATP-2025-0717-384,2025-0717,3,0.18680810694548852,0.361702776930119,0.18680810694548852,0.27425544193780377,0.2727747055094601,0.2718752161215084,both_later
atp:207925,atp:202104,2025-03-31,2025,2025,clay,Bucharest,F,6-4 6-4,69,41,74,42,85,ATP-2025-4462-385,2025-4462,3,0.5337437866186743,0.5147696063472689,0.5337437866186743,0.5242566964829716,0.5225148682184657,0.5204727477493738,both_later
atp:106000,atp:124079,2025-03-31,2025,2025,clay,Bucharest,QF,6-1 2-0 RET,40,25,32,12,85,ATP-2025-4462-379,2025-4462,3,0.3359728206859733,0.44006713457430574,0.3359728206859733,0.3880199776301395,0.3883637814283824,0.38835565050166837,both_later
atp:207925,atp:209209,2025-03-31,2025,2025,clay,Bucharest,QF,7-6(5) 6-4,75,48,88,49,85,ATP-2025-4462-380,2025-4462,3,0.865776299262777,0.6689350015257858,0.865776299262777,0.7673556503942813,0.7760416039073843,0.770437737669228,both_later
atp:105916,atp:106331,2025-03-31,2025,2025,clay,Bucharest,QF,6-0 6-4,43,30,57,26,85,ATP-2025-4462-381,2025-4462,3,0.6869701283106395,0.5640219713152274,0.6869701283106395,0.6254960498129334,0.6280814067062919,0.6286696842346606,both_later
atp:202104,atp:207681,2025-03-31,2025,2025,clay,Bucharest,QF,7-6(5) 2-6 6-1,90,56,101,57,85,ATP-2025-4462-382,2025-4462,3,0.7794768116007201,0.6044247787610619,0.7794768116007201,0.691950795180891,0.6988329689806142,0.6965586682355142,both_later
atp:124079,atp:104527,2025-03-31,2025,2025,clay,Bucharest,R16,4-6 7-5 6-2,100,61,97,52,85,ATP-2025-4462-371,2025-4462,3,0.48627836870691943,0.4981080256332011,0.48627836870691943,0.49219319717006027,0.4908509695705082,0.49478703299551036,mixed_first_later
atp:106000,atp:202262,2025-03-31,2025,2025,clay,Bucharest,R16,6-4 3-6 6-3,87,54,106,58,85,ATP-2025-4462-372,2025-4462,3,0.6334713194479277,0.5610924626182484,0.6334713194479277,0.597281891033088,0.5901918752794779,0.5928265965564326,both_later
atp:207925,atp:104755,2025-03-31,2025,2025,clay,Bucharest,R16,6-4 4-6 6-1,85,50,86,45,85,ATP-2025-4462-373,2025-4462,3,0.780037711712236,0.6116875190723222,0.780037711712236,0.6958626153922791,0.6992910329053803,0.6918040252183395,mixed_first_later
atp:209209,atp:200116,2025-03-31,2025,2025,clay,Bucharest,R16,6-3 6-1,54,33,43,16,85,ATP-2025-4462-374,2025-4462,3,0.5418614055215702,0.5166615807140678,0.5418614055215702,0.529261493117819,0.5279439369827827,0.527247455888646,both_later
atp:105916,atp:208363,2025-03-31,2025,2025,clay,Bucharest,R16,4-6 6-4 6-4,74,44,109,54,85,ATP-2025-4462-375,2025-4462,3,0.49391946639871204,0.49249313396399147,0.49391946639871204,0.49320630018135175,0.4959461999058414,0.4971733432085107,both_later
atp:106331,atp:111797,2025-03-31,2025,2025,clay,Bucharest,R16,6-2 5-7 7-6(5),114,71,102,63,85,ATP-2025-4462-376,2025-4462,3,0.2847883591517912,0.425358559658224,0.2847883591517912,0.35507345940500756,0.35117277388009555,0.35485984939585286,mixed_first_later
atp:207681,atp:105138,2025-03-31,2025,2025,clay,Bucharest,R16,6-4 3-6 6-3,78,53,81,52,85,ATP-2025-4462-377,2025-4462,3,0.38138967929653034,0.45776624961855356,0.38138967929653034,0.4195779644575419,0.4200822053733995,0.42125632881518615,both_later
atp:202104,atp:209113,2025-03-31,2025,2025,clay,Bucharest,R16,7-6(5) 2-6 6-2,92,58,82,50,85,ATP-2025-4462-378,2025-4462,3,0.6074607697569389,0.5381446444919133,0.6074607697569389,0.5728027071244262,0.5722655916947708,0.5743895243352897,mixed_first_later
atp:104527,atp:207608,2025-03-31,2025,2025,clay,Bucharest,R32,6-4 6-7(5) 7-6(1),130,77,120,71,85,ATP-2025-4462-359,2025-4462,3,0.7223222723290239,0.5830637778455905,0.7223222723290239,0.6526930250873072,0.6541519486210375,0.6542188108669837,both_first
atp:202262,atp:210460,2025-03-31,2025,2025,clay,Bucharest,R32,6-3 6-4,52,34,58,29,85,ATP-2025-4462-360,2025-4462,3,0.32841738960327305,0.41534940494354594,0.32841738960327305,0.37188339727340947,0.382984143451655,0.3693505928791464,both_first
atp:106000,atp:200473,2025-03-31,2025,2025,clay,Bucharest,R32,6-2 6-1,54,34,53,25,85,ATP-2025-4462-361,2025-4462,3,0.5540551176774439,0.5230088495575221,0.5540551176774439,0.538531983617483,0.5361151309166433,0.5374639335717094,both_first
atp:104755,atp:122298,2025-03-31,2025,2025,clay,Bucharest,R32,4-6 7-5 6-1,98,59,93,51,85,ATP-2025-4462-362,2025-4462,3,0.36745023310159697,0.46283185840707963,0.36745023310159697,0.4151410457543383,0.41044792087742027,0.41370680712144237,both_first
atp:209209,atp:207686,2025-03-31,2025,2025,clay,Bucharest,R32,6-3 6-4,60,40,54,30,85,ATP-2025-4462-363,2025-4462,3,0.3018646099676077,0.43011901129081476,0.3018646099676077,0.36599181062921127,0.3637889865986264,0.3633064276569805,both_first
atp:200116,atp:105430,2025-03-31,2025,2025,clay,Bucharest,R32,6-4 6-3,50,34,65,34,85,ATP-2025-4462-364,2025-4462,3,0.3869101654844718,0.4549588037839487,0.3869101654844718,0.42093448463421024,0.4238766503838177,0.4251761691017111,both_first
atp:208363,atp:111513,2025-03-31,2025,2025,clay,Bucharest,R32,6-1 4-6 6-2,72,51,78,44,85,ATP-2025-4462-365,2025-4462,3,0.35769204306561686,0.4531278608483369,0.35769204306561686,0.4054099519569769,0.4036538345746693,0.4061423291312216,both_first
atp:105916,atp:208134,2025-03-31,2025,2025,clay,Bucharest,R32,6-3 6-1,46,33,48,23,85,ATP-2025-4462-366,2025-4462,3,0.8951044875473697,0.6887702166615807,0.8951044875473697,0.7919373521044752,0.8067948972313088,0.7902284720312375,both_first
atp:106331,atp:105583,2025-03-31,2025,2025,clay,Bucharest,R32,6-4 6-3,65,40,71,36,85,ATP-2025-4462-367,2025-4462,3,0.27853304670495915,0.4188281965212084,0.27853304670495915,0.3486806216130838,0.34649089864985055,0.34980970309004444,both_first
atp:105138,atp:207352,2025-03-31,2025,2025,clay,Bucharest,R32,3-6 6-2 7-5,113,62,94,51,85,ATP-2025-4462-368,2025-4462,3,0.38133344395542657,0.45337198657308514,0.38133344395542657,0.4173527152642559,0.42004349392139245,0.41887850104393237,both_first
atp:207681,atp:105373,2025-03-31,2025,2025,clay,Bucharest,R32,4-6 7-5 7-5,89,63,107,66,85,ATP-2025-4462-369,2025-4462,3,0.5509721763927864,0.5206286237412268,0.5509721763927864,0.5358004000670066,0.5340471390934489,0.5379670158741472,both_first
atp:209113,atp:202358,2025-03-31,2025,2025,clay,Bucharest,R32,7-6(5) 7-6(2),82,57,81,49,85,ATP-2025-4462-370,2025-4462,3,0.8312040538060207,0.6540433323161429,0.8312040538060207,0.7426236930610818,0.7432233250543212,0.7416777058776822,both_first
atp:207925,atp:106000,2025-03-31,2025,2025,clay,Bucharest,SF,6-3 6-0,47,34,50,23,85,ATP-2025-4462-383,2025-4462,3,0.8533598037220882,0.6583155324992371,0.8533598037220882,0.7558376681106627,0.7638912413526262,0.7580653153489905,both_later
atp:202104,atp:105916,2025-03-31,2025,2025,clay,Bucharest,SF,6-2 6-2,62,40,53,27,85,ATP-2025-4462-384,2025-4462,3,0.6086238455504036,0.5310649984742142,0.6086238455504036,0.5698444220123089,0.5730617755296762,0.572438257837759,both_later
atp:207989,atp:207518,2025-04-07,2025,2025,clay,Monte Carlo Masters,F,3-6 6-1 6-0,78,50,68,34,85,ATP-2025-0410-373,2025-0410,3,0.7853553346866161,0.6057674702471773,0.7853553346866161,0.6955614024668967,0.7036559084714229,0.6976975025584439,both_later
atp:207989,atp:209950,2025-04-07,2025,2025,clay,Monte Carlo Masters,QF,4-6 7-5 6-3,101,62,103,58,85,ATP-2025-0410-367,2025-0410,3,0.844829075225336,0.6441562404638389,0.844829075225336,0.7444926578445874,0.7557905544306645,0.7422650106062597,both_later
atp:200221,atp:200615,2025-04-07,2025,2025,clay,Monte Carlo Masters,QF,6-3 6-2,47,37,57,32,85,ATP-2025-0410-368,2025-0410,3,0.5716464615351097,0.5272810497406164,0.5716464615351097,0.549463755637863,0.5479475186812991,0.5500130385185467,both_later
atp:200282,atp:105777,2025-04-07,2025,2025,clay,Monte Carlo Masters,QF,6-0 6-0,31,24,32,8,85,ATP-2025-0410-369,2025-0410,3,0.3735130160812548,0.4527616722612145,0.3735130160812548,0.41313734417123466,0.4146479946387108,0.41173362125393226,both_later
atp:207518,atp:126774,2025-04-07,2025,2025,clay,Monte Carlo Masters,QF,1-6 6-3 6-4,102,62,85,51,85,ATP-2025-0410-370,2025-0410,3,0.5553748730561529,0.515868172108636,0.5553748730561529,0.5356215225823944,0.5370008712481026,0.5378796855363157,both_later
atp:207989,atp:127157,2025-04-07,2025,2025,clay,Monte Carlo Masters,R16,6-3 6-1,59,36,52,25,85,ATP-2025-0410-359,2025-0410,3,0.943235900543398,0.7371681415929203,0.943235900543398,0.8402020210681591,0.8668752273436788,0.839561191040695,both_later
atp:209950,atp:126094,2025-04-07,2025,2025,clay,Monte Carlo Masters,R16,6-2 6-3,42,30,53,25,85,ATP-2025-0410-360,2025-0410,3,0.4395578718253671,0.4753433018004272,0.4395578718253671,0.4574505868128972,0.4595955274461871,0.4579693539779872,both_later
atp:200615,atp:134770,2025-04-07,2025,2025,clay,Monte Carlo Masters,R16,6-4 3-6 7-5,117,73,123,76,85,ATP-2025-0410-361,2025-0410,3,0.2117506210106312,0.38721391516631065,0.2117506210106312,0.2994822680884709,0.2939512885959846,0.30131321102408276,both_later
atp:200221,atp:207733,2025-04-07,2025,2025,clay,Monte Carlo Masters,R16,6-3 6-7(6) 6-4,118,70,98,55,85,ATP-2025-0410-362,2025-0410,3,0.4535378415206824,0.48504729935916996,0.4535378415206824,0.46929257043992617,0.4689755156755357,0.4708183562196027,both_later
atp:200282,atp:106421,2025-04-07,2025,2025,clay,Monte Carlo Masters,R16,6-2 6-2,46,26,52,19,85,ATP-2025-0410-363,2025-0410,3,0.5844546033470563,0.5295392126945377,0.5844546033470563,0.556996908020797,0.5566041817669278,0.5559288579750234,both_later
atp:105777,atp:126214,2025-04-07,2025,2025,clay,Monte Carlo Masters,R16,6-3 3-6 6-2,68,47,106,55,85,ATP-2025-0410-364,2025-0410,3,0.6346700460294812,0.5505950564540738,0.6346700460294812,0.5926325512417775,0.5910246600294692,0.5913203754712557,both_later
atp:126774,atp:132686,2025-04-07,2025,2025,clay,Monte Carlo Masters,R16,6-1 6-1,56,34,46,18,85,ATP-2025-0410-365,2025-0410,3,0.7190886359603964,0.5878242294781812,0.7190886359603964,0.6534564327192889,0.6517249990014616,0.6488180439490722,both_later
atp:207518,atp:126610,2025-04-07,2025,2025,clay,Monte Carlo Masters,R16,6-3 6-3,50,37,68,38,85,ATP-2025-0410-366,2025-0410,3,0.48585859830889355,0.49707049130302106,0.48585859830889355,0.4914645448059573,0.49057100186402897,0.49103732478764783,both_later
atp:207989,atp:202103,2025-04-07,2025,2025,clay,Monte Carlo Masters,R32,3-6 6-0 6-1,76,47,55,26,85,ATP-2025-0410-343,2025-0410,3,0.8777504318559186,0.6624046383887702,0.8777504318559186,0.7700775351223443,0.7882148644552228,0.7674531835813008,mixed_first_later
atp:127157,atp:104755,2025-04-07,2025,2025,clay,Monte Carlo Masters,R32,7-5 5-7 6-2,104,61,89,49,85,ATP-2025-0410-344,2025-0410,3,0.64650682120259,0.5503509307293256,0.64650682120259,0.5984288759659577,0.599283290246116,0.5963538073055976,both_later
atp:209950,atp:207925,2025-04-07,2025,2025,clay,Monte Carlo Masters,R32,6-2 6-4,53,38,54,30,85,ATP-2025-0410-345,2025-0410,3,0.5594334421539993,0.5193469636862984,0.5594334421539993,0.5393902029201488,0.5397265916575036,0.5353316127462093,both_later
atp:126094,atp:104792,2025-04-07,2025,2025,clay,Monte Carlo Masters,R32,6-4 7-6(2),66,45,77,45,85,ATP-2025-0410-346,2025-0410,3,0.775908621959452,0.6008849557522123,0.775908621959452,0.6883967888558322,0.6959291730121824,0.6881526631310839,mixed_first_later
atp:134770,atp:105138,2025-04-07,2025,2025,clay,Monte Carlo Masters,R32,6-2 6-1,39,32,51,24,85,ATP-2025-0410-347,2025-0410,3,0.8645910679151352,0.6592920353982301,0.8645910679151352,0.7619415516566826,0.7748620247343662,0.7576998671891819,mixed_first_later
atp:200615,atp:126207,2025-04-07,2025,2025,clay,Monte Carlo Masters,R32,3-6 6-3 6-3,79,44,99,55,85,ATP-2025-0410-348,2025-0410,3,0.5059793842956594,0.4990845285321941,0.5059793842956594,0.5025319564139268,0.5039863617744174,0.504912182230222,both_later
atp:200221,atp:144869,2025-04-07,2025,2025,clay,Monte Carlo Masters,R32,7-6(2) 6-3,70,48,82,45,85,ATP-2025-0410-349,2025-0410,3,0.38428582277010337,0.46643271284711624,0.38428582277010337,0.4253592678086098,0.42207424653172615,0.42154480335941846,both_later
atp:207733,atp:106218,2025-04-07,2025,2025,clay,Monte Carlo Masters,R32,6-1 6-1,43,31,46,20,85,ATP-2025-0410-350,2025-0410,3,0.7188903223327613,0.5751907232224596,0.7188903223327613,0.6470405227776104,0.6515764581240343,0.6509160186579888,mixed_first_later
atp:200282,atp:207830,2025-04-07,2025,2025,clay,Monte Carlo Masters,R32,3-6 6-0 6-3,80,53,75,43,85,ATP-2025-0410-351,2025-0410,3,0.5331524359899364,0.5062252059810802,0.5331524359899364,0.5196888209855084,0.5221196512106967,0.5198108838478825,mixed_first_later
atp:106421,atp:124186,2025-04-07,2025,2025,clay,Monte Carlo Masters,R32,7-6(6) 5-7 6-2,103,61,122,68,85,ATP-2025-0410-352,2025-0410,3,0.7175800877199611,0.5764113518462008,0.7175800877199611,0.6469957197830809,0.6505959269319825,0.6457140597281527,both_later
atp:105777,atp:200473,2025-04-07,2025,2025,clay,Monte Carlo Masters,R32,4-6 6-3 6-1,79,47,75,35,85,ATP-2025-0410-353,2025-0410,3,0.9235575152113551,0.7332621299969484,0.9235575152113551,0.8284098226041517,0.8403895847991436,0.8335669785394584,both_later
atp:126214,atp:104925,2025-04-07,2025,2025,clay,Monte Carlo Masters,R32,6-3 6-4,59,41,56,31,85,ATP-2025-0410-354,2025-0410,3,0.1861220145307122,0.376655477570949,0.1861220145307122,0.28138874605083064,0.27217699157415554,0.28123616747286295,mixed_first_later
atp:126774,atp:111442,2025-04-07,2025,2025,clay,Monte Carlo Masters,R32,4-6 6-4 6-2,82,57,78,49,85,ATP-2025-0410-355,2025-0410,3,0.8493804609687053,0.6537992065913946,0.8493804609687053,0.75158983378005,0.7600888663232892,0.7497588908444381,mixed_first_later
atp:132686,atp:124079,2025-04-07,2025,2025,clay,Monte Carlo Masters,R32,7-5 6-7(4) 6-4,113,71,132,77,85,ATP-2025-0410-356,2025-0410,3,0.6325803661914726,0.5496795849862679,0.6325803661914726,0.5911299755888703,0.5895733170096752,0.5896041898091937,both_later
atp:207518,atp:208103,2025-04-07,2025,2025,clay,Monte Carlo Masters,R32,1-6 7-5 6-2,76,48,105,57,85,ATP-2025-0410-357,2025-0410,3,0.6449913707010129,0.5452242905096124,0.6449913707010129,0.5951078306053126,0.5982222408359058,0.597945792155511,both_later
atp:126610,atp:100644,2025-04-07,2025,2025,clay,Monte Carlo Masters,R32,2-6 6-3 7-5,87,56,85,54,85,ATP-2025-0410-358,2025-0410,3,0.2608454657198546,0.41620384498016477,0.2608454657198546,0.3385246553500097,0.3330581169536504,0.33489328519437955,mixed_first_later
atp:202103,atp:104926,2025-04-07,2025,2025,clay,Monte Carlo Masters,R64,6-0 6-3,37,30,59,28,85,ATP-2025-0410-319,2025-0410,3,0.8360968581159846,0.6292035398230088,0.8360968581159846,0.7326501989694967,0.7476867131114834,0.7358543491068175,both_first
atp:104755,atp:208286,2025-04-07,2025,2025,clay,Monte Carlo Masters,R64,6-3 4-6 6-4,99,63,95,55,85,ATP-2025-0410-320,2025-0410,3,0.33639758022624755,0.44043332316142814,0.33639758022624755,0.38841545169383784,0.3886652345506804,0.38923937601486314,both_first
atp:127157,atp:200000,2025-04-07,2025,2025,clay,Monte Carlo Masters,R64,7-6(5) 6-3,79,48,70,40,85,ATP-2025-0410-321,2025-0410,3,0.4359619423986852,0.48462007934086054,0.4359619423986852,0.46029101086977287,0.4571773701772894,0.4538521948795379,both_first
atp:209950,atp:134868,2025-04-07,2025,2025,clay,Monte Carlo Masters,R64,6-7(3) 6-4 6-2,111,77,120,73,85,ATP-2025-0410-322,2025-0410,3,0.6695256325865965,0.5594446139761977,0.6695256325865965,0.614485123281397,0.6155479013778237,0.6144546075658035,both_first
atp:207925,atp:105583,2025-04-07,2025,2025,clay,Monte Carlo Masters,R64,6-4 6-2,54,33,57,27,85,ATP-2025-0410-323,2025-0410,3,0.596525311782329,0.5350930729325603,0.596525311782329,0.5658091923574446,0.564801463881366,0.5661753809445671,both_first
atp:104792,atp:206681,2025-04-07,2025,2025,clay,Monte Carlo Masters,R64,4-6 6-1 6-1,72,50,81,43,85,ATP-2025-0410-324,2025-0410,3,0.4914373656012303,0.49981690570643883,0.4914373656012303,0.49562713565383454,0.4942912670037627,0.4965426071216405,both_first
atp:105138,atp:206909,2025-04-07,2025,2025,clay,Monte Carlo Masters,R64,6-2 6-4,58,39,53,26,85,ATP-2025-0410-325,2025-0410,3,0.334340391885495,0.44043332316142814,0.334340391885495,0.3873868575234616,0.3872042812566231,0.38708170036752626,both_first
atp:200615,atp:200005,2025-04-07,2025,2025,clay,Monte Carlo Masters,R64,3-6 7-6(2) 6-4,107,71,116,75,85,ATP-2025-0410-326,2025-0410,3,0.4477384751116665,0.4838877021666158,0.4477384751116665,0.46581308863914117,0.4650881672777609,0.4642567871438711,both_first
atp:126207,atp:200175,2025-04-07,2025,2025,clay,Monte Carlo Masters,R64,6-2 5-7 7-6(5),109,67,112,67,85,ATP-2025-0410-327,2025-0410,3,0.4703735340789264,0.48980775099176077,0.4703735340789264,0.4800906425353436,0.4802361621824377,0.47648978809530695,both_first
atp:200221,atp:210097,2025-04-07,2025,2025,clay,Monte Carlo Masters,R64,6-7(2) 6-2 6-1,90,53,74,34,85,ATP-2025-0410-328,2025-0410,3,0.6010120932118468,0.5332010985657614,0.6010120932118468,0.5671065958888041,0.5678593454571457,0.5709820917691825,both_first
atp:144869,atp:144895,2025-04-07,2025,2025,clay,Monte Carlo Masters,R64,4-6 6-1 6-4,80,54,84,49,85,ATP-2025-0410-329,2025-0410,3,0.8024891316954952,0.6132133048519988,0.8024891316954952,0.707851218273747,0.7180109271598797,0.711299494135816,both_first
atp:106218,atp:133430,2025-04-07,2025,2025,clay,Monte Carlo Masters,R64,6-3 7-6(5),95,58,60,39,85,ATP-2025-0410-330,2025-0410,3,0.3609848283971129,0.45416539517851695,0.3609848283971129,0.4075751117878149,0.40595128156361476,0.4058052002833901,both_first
atp:207830,atp:202104,2025-04-07,2025,2025,clay,Monte Carlo Masters,R64,3-6 6-3 6-2,85,46,78,39,85,ATP-2025-0410-331,2025-0410,3,0.5296781283214498,0.5036008544400367,0.5296781283214498,0.5166394913807433,0.5197983468805719,0.5171887742614267,both_first
atp:124186,atp:200116,2025-04-07,2025,2025,clay,Monte Carlo Masters,R64,6-4 6-4,63,45,63,39,85,ATP-2025-0410-332,2025-0410,3,0.7300747283235524,0.5961855355508087,0.7300747283235524,0.6631301319371805,0.660009038958201,0.6562335802130426,both_first
atp:106421,atp:111575,2025-04-07,2025,2025,clay,Monte Carlo Masters,R64,7-5 4-6 6-4,96,51,119,57,85,ATP-2025-0410-333,2025-0410,3,0.41632896541557374,0.4768080561489167,0.41632896541557374,0.44656851078224524,0.443926567505048,0.44385261209442095,both_first
atp:105777,atp:111797,2025-04-07,2025,2025,clay,Monte Carlo Masters,R64,6-3 6-4,75,45,63,34,85,ATP-2025-0410-334,2025-0410,3,0.7113063291312363,0.5819041806530363,0.7113063291312363,0.6466052548921363,0.6459211961249957,0.6458423620022979,both_first
atp:200473,atp:105526,2025-04-07,2025,2025,clay,Monte Carlo Masters,R64,6-2 6-1,41,32,48,23,85,ATP-2025-0410-335,2025-0410,3,0.13674343204916306,0.3230698809887092,0.13674343204916306,0.22990665651893613,0.22646093962040684,0.23234791376641858,both_first
atp:126214,atp:104527,2025-04-07,2025,2025,clay,Monte Carlo Masters,R64,1-6 7-5 7-5,101,57,115,66,85,ATP-2025-0410-336,2025-0410,3,0.7326247207696572,0.58452853219408,0.7326247207696572,0.6585766264818687,0.6619479212497494,0.6585155950506816,both_first
atp:111442,atp:208659,2025-04-07,2025,2025,clay,Monte Carlo Masters,R64,6-4 6-3,49,37,81,47,85,ATP-2025-0410-337,2025-0410,3,0.37777099728836266,0.4557522123893805,0.37777099728836266,0.4167616048388716,0.4175886792035758,0.4157851019398786,both_first
atp:124079,atp:132283,2025-04-07,2025,2025,clay,Monte Carlo Masters,R64,6-4 1-6 6-2,66,43,87,53,85,ATP-2025-0410-338,2025-0410,3,0.3982220520737799,0.46911809581934694,0.3982220520737799,0.43367007394656343,0.4316180710812973,0.4312593324146745,both_first
atp:132686,atp:208029,2025-04-07,2025,2025,clay,Monte Carlo Masters,R64,6-2 3-0 RET,37,26,30,14,85,ATP-2025-0410-339,2025-0410,3,0.34410718519767336,0.4485505035093073,0.34410718519767336,0.39632884435349036,0.3941192968449842,0.3948640900050009,both_first
atp:207518,atp:207352,2025-04-07,2025,2025,clay,Monte Carlo Masters,R64,4-6 7-5 6-3,90,60,101,61,85,ATP-2025-0410-340,2025-0410,3,0.7103618872089295,0.5846505950564541,0.7103618872089295,0.6475062411326917,0.6452203184012639,0.6480860397289688,both_first
atp:208103,atp:200624,2025-04-07,2025,2025,clay,Monte Carlo Masters,R64,6-3 7-6(7),65,49,68,45,85,ATP-2025-0410-341,2025-0410,3,0.5236989657530424,0.5028684772657919,0.5236989657530424,0.5132837215094171,0.5158058897374225,0.5141686772616296,both_first
atp:126610,atp:208363,2025-04-07,2025,2025,clay,Monte Carlo Masters,R64,6-4 6-4,69,38,66,33,85,ATP-2025-0410-342,2025-0410,3,0.7811840719086345,0.6027769301190113,0.7811840719086345,0.6919805010138229,0.7002285916992802,0.6908514195368622,both_first
atp:207989,atp:200221,2025-04-07,2025,2025,clay,Monte Carlo Masters,SF,7-6(2) 6-4,73,47,109,59,85,ATP-2025-0410-371,2025-0410,3,0.9094470280131791,0.6934086054317974,0.9094470280131791,0.8014278167224882,0.8231642614730038,0.801305753860114,both_later
atp:207518,atp:200282,2025-04-07,2025,2025,clay,Monte Carlo Masters,SF,1-6 6-4 7-6(4),93,49,94,54,85,ATP-2025-0410-372,2025-0410,3,0.6355679755784683,0.5363137015563015,0.6355679755784683,0.585940838567385,0.5916488908402432,0.59445472321798,both_later
atp:100644,atp:210097,2025-04-14,2025,2025,clay,Munich,F,6-2 6-4,48,37,50,30,85,ATP-2025-0308-385,2025-0308,3,0.8976133707042914,0.7068355202929508,0.8976133707042914,0.8022244454986212,0.8095859758160289,0.7995695782419839,both_later
atp:210097,atp:209260,2025-04-14,2025,2025,clay,Munich,QF,6-4 6-3,55,38,55,32,85,ATP-2025-0308-379,2025-0308,3,0.49234233607982436,0.49847421422032345,0.49234233607982436,0.4954082751500739,0.49489466894779105,0.49376042650802326,both_later
atp:202103,atp:105676,2025-04-14,2025,2025,clay,Munich,QF,6-2 6-4,54,35,55,25,85,ATP-2025-0308-380,2025-0308,3,0.6500244049628006,0.54174549893195,0.6500244049628006,0.5958849519473752,0.6017505260863805,0.6002792149928438,both_later
atp:206681,atp:200267,2025-04-14,2025,2025,clay,Munich,QF,6-3 7-6(4),80,53,72,43,85,ATP-2025-0308-381,2025-0308,3,0.3968747622809301,0.46283185840707963,0.3968747622809301,0.42985331034400487,0.4306982869327199,0.42786978883042537,both_later
atp:100644,atp:134868,2025-04-14,2025,2025,clay,Munich,QF,6-7(6) 7-6(3) 6-4,116,80,121,77,85,ATP-2025-0308-382,2025-0308,3,0.8954647834530953,0.6903570338724443,0.8954647834530953,0.7929109086627698,0.8071939562871788,0.7966948573963677,both_later
atp:210097,atp:122298,2025-04-14,2025,2025,clay,Munich,R16,7-6(1) 6-3,59,44,68,41,85,ATP-2025-0308-371,2025-0308,3,0.524304879325777,0.504943545926152,0.524304879325777,0.5146242126259645,0.5162103501161551,0.5148988540663062,both_later
atp:209260,atp:200175,2025-04-14,2025,2025,clay,Munich,R16,2-6 7-6(4) 6-4,98,63,107,67,85,ATP-2025-0308-372,2025-0308,3,0.4520571999124688,0.48370460787305464,0.4520571999124688,0.4678809038927617,0.46798350261015215,0.4670874952873299,both_later
atp:105676,atp:208363,2025-04-14,2025,2025,clay,Munich,R16,0-6 7-5 6-1,85,50,81,46,85,ATP-2025-0308-373,2025-0308,3,0.501733831680197,0.49804699420201404,0.501733831680197,0.49989041294110553,0.5011558903607354,0.5025147644821492,both_later
atp:202103,atp:207686,2025-04-14,2025,2025,clay,Munich,R16,6-3 6-2,63,40,54,23,85,ATP-2025-0308-374,2025-0308,3,0.7495052880441205,0.5834909978638999,0.7495052880441205,0.6664981429540102,0.6749479766852332,0.6710449845774462,both_later
atp:200267,atp:212309,2025-04-14,2025,2025,clay,Munich,R16,6-1 6-1,56,38,45,20,85,ATP-2025-0308-375,2025-0308,3,0.8633459950636893,0.6893194995422642,0.8633459950636893,0.7763327473029767,0.7736275447712714,0.775020571532455,both_later
atp:206681,atp:200005,2025-04-14,2025,2025,clay,Munich,R16,6-4 6-4,59,41,59,36,85,ATP-2025-0308-376,2025-0308,3,0.40028911034239256,0.4699725358559658,0.40028911034239256,0.43513082309917916,0.43302810909028855,0.43479515022765036,both_later
atp:134868,atp:105870,2025-04-14,2025,2025,clay,Munich,R16,7-6(3) 6-3,65,48,61,40,85,ATP-2025-0308-377,2025-0308,3,0.48827043838030415,0.5023191943851083,0.48827043838030415,0.4952948163827062,0.4921794951380464,0.49410470347455854,both_later
atp:100644,atp:127157,2025-04-14,2025,2025,clay,Munich,R16,6-3 6-2,56,37,51,26,85,ATP-2025-0308-378,2025-0308,3,0.9213068839136561,0.7127555691180958,0.9213068839136561,0.8170312265158759,0.8375564813239674,0.8188621694514878,both_later
atp:210097,atp:127339,2025-04-14,2025,2025,clay,Munich,R32,4-6 7-6(6) 7-6(3),114,84,97,77,85,ATP-2025-0308-355,2025-0308,3,0.6456840276508617,0.5595056454073848,0.6456840276508617,0.6025948365291233,0.5987070683103363,0.6028999936850585,both_first
atp:122298,atp:105138,2025-04-14,2025,2025,clay,Munich,R32,6-4 3-6 6-4,83,56,97,61,85,ATP-2025-0308-356,2025-0308,3,0.5374616584848277,0.5093378089716204,0.5374616584848277,0.5233997337282241,0.5250004625874074,0.5263597581407966,both_first
atp:200175,atp:106218,2025-04-14,2025,2025,clay,Munich,R32,6-2 6-7(2) 7-6(9),121,81,126,80,85,ATP-2025-0308-357,2025-0308,3,0.6325936612372455,0.5420506560878853,0.6325936612372455,0.5873221586625654,0.5895825447577074,0.5887869130110548,both_first
atp:209260,atp:106331,2025-04-14,2025,2025,clay,Munich,R32,7-6(3) 7-6(3),82,61,87,59,85,ATP-2025-0308-358,2025-0308,3,0.6733386656335009,0.5672566371681416,0.6733386656335009,0.6202976514008212,0.6182710867897631,0.6181310355936805,both_first
atp:208363,atp:200000,2025-04-14,2025,2025,clay,Munich,R32,2-6 6-4 7-6(3),121,69,104,63,85,ATP-2025-0308-359,2025-0308,3,0.46797705763250896,0.49407995117485504,0.46797705763250896,0.481028504403682,0.47863512704710454,0.4776412599728001,both_first
atp:105676,atp:126129,2025-04-14,2025,2025,clay,Munich,R32,6-2 6-7(2) 6-4,99,65,102,59,85,ATP-2025-0308-360,2025-0308,3,0.8194548512817791,0.6389685688129386,0.8194548512817791,0.7292117100473589,0.7327145382341719,0.7304628543866936,both_first
atp:207686,atp:207925,2025-04-14,2025,2025,clay,Munich,R32,6-7(2) 6-3 6-4,138,75,106,58,85,ATP-2025-0308-361,2025-0308,3,0.26633180151498764,0.4177296307598413,0.26633180151498764,0.3420307161374145,0.3372568618579229,0.34145091754113743,both_first
atp:202103,atp:105526,2025-04-14,2025,2025,clay,Munich,R32,6-0 6-2,38,29,43,19,85,ATP-2025-0308-362,2025-0308,3,0.5148205163550644,0.5034177601464754,0.5148205163550644,0.5091191382507699,0.509881952385146,0.5053962209483591,both_first
atp:212309,atp:133430,2025-04-14,2025,2025,clay,Munich,R32,7-6(2) 3-0 RET,53,40,41,27,85,ATP-2025-0308-363,2025-0308,3,0.1533137501515269,0.3275862068965517,0.1533137501515269,0.24044997852403932,0.2424619181483497,0.2406330728176005,both_first
atp:200267,atp:122330,2025-04-14,2025,2025,clay,Munich,R32,6-7(5) 6-4 7-5,103,69,114,72,85,ATP-2025-0308-364,2025-0308,3,0.7524510894668968,0.588556606652426,0.7524510894668968,0.6705038480596615,0.677247688772933,0.6753863625546264,both_first
atp:206681,atp:211514,2025-04-14,2025,2025,clay,Munich,R32,6-4 6-1,51,38,54,31,85,ATP-2025-0308-365,2025-0308,3,0.7371652917079203,0.6162648764113519,0.7371652917079203,0.6767150840596361,0.6654160199829677,0.6747925939772437,both_first
atp:200005,atp:111797,2025-04-14,2025,2025,clay,Munich,R32,4-6 6-3 6-2,74,52,104,61,85,ATP-2025-0308-366,2025-0308,3,0.5154573200384919,0.5050656087885261,0.5154573200384919,0.5102614644135091,0.5103067045635058,0.5081253643219619,both_first
atp:105870,atp:210150,2025-04-14,2025,2025,clay,Munich,R32,7-6(4) 4-6 6-3,109,71,94,61,85,ATP-2025-0308-367,2025-0308,3,0.5499710464754284,0.5123893805309735,0.5499710464754284,0.5311802135032009,0.533375913544398,0.5334078607415287,both_first
atp:134868,atp:210530,2025-04-14,2025,2025,clay,Munich,R32,6-4 6-2,52,38,63,37,85,ATP-2025-0308-368,2025-0308,3,0.6764485978754344,0.5639609398840403,0.6764485978754344,0.6202047688797374,0.6204987371224011,0.628291433512023,both_first
atp:127157,atp:202358,2025-04-14,2025,2025,clay,Munich,R32,7-6(5) 7-6(5),89,56,78,48,85,ATP-2025-0308-369,2025-0308,3,0.818030219866233,0.64122673176686,0.818030219866233,0.7296284758165466,0.7314593010116044,0.7282857843304311,both_first
atp:100644,atp:124186,2025-04-14,2025,2025,clay,Munich,R32,6-4 6-1,42,28,72,34,85,ATP-2025-0308-370,2025-0308,3,0.9562875610451333,0.7658529142508392,0.9562875610451333,0.8610702376479863,0.8866480602705359,0.8601852818957738,both_first
atp:210097,atp:202103,2025-04-14,2025,2025,clay,Munich,SF,2-6 7-6(7) 6-4,94,59,90,58,85,ATP-2025-0308-383,2025-0308,3,0.3476482394406848,0.44183704607873053,0.3476482394406848,0.39474264275970766,0.39661362499705155,0.39910639008958254,both_later
atp:100644,atp:206681,2025-04-14,2025,2025,clay,Munich,SF,7-6(3) 6-3,69,48,62,40,85,ATP-2025-0308-384,2025-0308,3,0.9289988145262045,0.7260604211168752,0.9289988145262045,0.8275296178215399,0.8473898107006301,0.8244780462621868,both_later
atp:208029,atp:207989,2025-04-14,2025,2025,clay,Barcelona,F,7-6(6) 6-2,72,47,57,35,85,ATP-2025-0425-385,2025-0425,3,0.14319520886611875,0.3500457735733903,0.14319520886611875,0.24662049121975452,0.23278218731559136,0.245094705440078,both_later
atp:208029,atp:134770,2025-04-14,2025,2025,clay,Barcelona,QF,6-4 6-2,55,36,58,31,85,ATP-2025-0425-379,2025-0425,3,0.33403157896122376,0.4481843149221849,0.33403157896122376,0.39110794694170437,0.38698476151352307,0.3908943369325496,both_later
atp:111575,atp:200221,2025-04-14,2025,2025,clay,Barcelona,QF,6-4 7-5,71,42,68,39,85,ATP-2025-0425-380,2025-0425,3,0.5829858000750208,0.5244125724748245,0.5829858000750208,0.5536991862749227,0.5556094196990772,0.5562319906691857,both_later
atp:209950,atp:126774,2025-04-14,2025,2025,clay,Barcelona,QF,2-0 RET,6,4,10,3,85,ATP-2025-0425-381,2025-0425,3,0.4606832229734521,0.4849862679279829,0.4606832229734521,0.47283474545071746,0.4737587237375699,0.472346494001221,both_later
atp:207989,atp:200282,2025-04-14,2025,2025,clay,Barcelona,QF,7-5 6-3,62,40,77,42,85,ATP-2025-0425-382,2025-0425,3,0.8709276101553296,0.6538602380225816,0.8709276101553296,0.7623939240889557,0.7812200274857086,0.763278879841168,both_later
atp:134770,atp:209098,2025-04-14,2025,2025,clay,Barcelona,R16,7-5 7-5,93,55,89,50,85,ATP-2025-0425-371,2025-0425,3,0.8150764904949512,0.6251754653646628,0.8150764904949512,0.720125977929807,0.7288692380212125,0.7248559138468043,both_later
atp:208029,atp:202104,2025-04-14,2025,2025,clay,Barcelona,R16,4-6 6-1 6-2,80,47,73,39,85,ATP-2025-0425-372,2025-0425,3,0.5599211841883173,0.520872749465975,0.5599211841883173,0.5403969668271461,0.5400543525034674,0.5385660238915343,both_later
atp:200221,atp:126094,2025-04-14,2025,2025,clay,Barcelona,R16,7-5 6-4,86,49,73,39,85,ATP-2025-0425-373,2025-0425,3,0.32897407379897187,0.44659749771132135,0.32897407379897187,0.3877857857551466,0.3833816705473961,0.3867787671405601,both_later
atp:111575,atp:144719,2025-04-14,2025,2025,clay,Barcelona,R16,7-5 6-4,71,44,84,47,85,ATP-2025-0425-374,2025-0425,3,0.62333494471013,0.5392432102532805,0.62333494471013,0.5812890774817052,0.5831744159799938,0.5796107131240611,both_later
atp:209950,atp:124079,2025-04-14,2025,2025,clay,Barcelona,R16,6-3 6-2,51,38,48,28,85,ATP-2025-0425-375,2025-0425,3,0.7978687393601778,0.6154714678059201,0.7978687393601778,0.7066701035830489,0.7140939352234233,0.7027030605558899,both_later
atp:126774,atp:200624,2025-04-14,2025,2025,clay,Barcelona,R16,7-6(4) 6-4,67,50,77,53,85,ATP-2025-0425-376,2025-0425,3,0.6113128655681211,0.5470552334452243,0.6113128655681211,0.5791840495066727,0.574904338538085,0.5686256119113111,both_later
atp:200282,atp:207985,2025-04-14,2025,2025,clay,Barcelona,R16,6-1 6-2,45,33,42,21,85,ATP-2025-0425-377,2025-0425,3,0.802183689639016,0.6357949343912115,0.802183689639016,0.7189893120151137,0.71775088765783,0.7239023422256722,both_later
atp:207989,atp:111513,2025-04-14,2025,2025,clay,Barcelona,R16,6-2 6-4,49,35,50,25,85,ATP-2025-0425-378,2025-0425,3,0.8718450901069131,0.660207506866036,0.8718450901069131,0.7660262984864745,0.78215139894223,0.7662399084956293,both_later
atp:134770,atp:123755,2025-04-14,2025,2025,clay,Barcelona,R32,6-4 6-3,52,40,62,38,85,ATP-2025-0425-355,2025-0425,3,0.9294097468398841,0.7166615807140677,0.9294097468398841,0.8230356637769759,0.8479275852791214,0.8249276381437749,both_first
atp:209098,atp:208659,2025-04-14,2025,2025,clay,Barcelona,R32,7-5 7-6(6),67,54,91,59,85,ATP-2025-0425-356,2025-0425,3,0.49479241699788207,0.497009459871834,0.49479241699788207,0.49590093843485805,0.4965282082551316,0.4972436299209734,both_first
atp:202104,atp:106000,2025-04-14,2025,2025,clay,Barcelona,R32,6-1 7-5,61,36,69,33,85,ATP-2025-0425-357,2025-0425,3,0.843212592803461,0.6506866036008544,0.843212592803461,0.7469495982021577,0.7542765224082522,0.7434402909089017,both_first
atp:208029,atp:105077,2025-04-14,2025,2025,clay,Barcelona,R32,7-5 6-4,71,48,68,40,85,ATP-2025-0425-358,2025-0425,3,0.8640219489242777,0.6547146780592005,0.8640219489242777,0.759368313491739,0.7742971597273719,0.7615044135832862,both_first
atp:126094,atp:207411,2025-04-14,2025,2025,clay,Barcelona,R32,6-1 6-3,42,29,48,22,85,ATP-2025-0425-359,2025-0425,3,0.8426535337496697,0.6500152578577968,0.8426535337496697,0.7463343958037332,0.7537543945204903,0.7468226472532298,both_first
atp:200221,atp:104527,2025-04-14,2025,2025,clay,Barcelona,R32,6-1 6-4,48,32,57,28,85,ATP-2025-0425-360,2025-0425,3,0.683636588788378,0.5620689655172414,0.683636588788378,0.6228527771528096,0.625671079513131,0.6243480472168927,both_first
atp:111575,atp:111815,2025-04-14,2025,2025,clay,Barcelona,R32,6-7(3) 6-4 6-3,87,61,105,59,85,ATP-2025-0425-361,2025-0425,3,0.6265501036396774,0.5456515105279219,0.6265501036396774,0.5861008070837996,0.5853956530097898,0.5792958025064423,both_first
atp:144719,atp:126207,2025-04-14,2025,2025,clay,Barcelona,R32,2-6 7-5 6-1,93,55,94,50,85,ATP-2025-0425-362,2025-0425,3,0.5403882867137508,0.5153188892279524,0.5403882867137508,0.5278535879708517,0.5269581487191792,0.5274263679525422,both_first
atp:209950,atp:105807,2025-04-14,2025,2025,clay,Barcelona,R32,7-6(6) 6-3,71,51,64,39,85,ATP-2025-0425-363,2025-0425,3,0.6483532290964571,0.5532194079951175,0.6483532290964571,0.6007863185457873,0.6005775906496906,0.599504658490859,both_first
atp:124079,atp:206909,2025-04-14,2025,2025,clay,Barcelona,R32,7-5 5-7 6-4,117,72,114,70,85,ATP-2025-0425-364,2025-0425,3,0.29806271086436764,0.43591699725358557,0.29806271086436764,0.3669898540589766,0.36099993529538515,0.36250404386672763,both_first
atp:200624,atp:208286,2025-04-14,2025,2025,clay,Barcelona,R32,3-6 6-3 6-2,75,51,74,45,85,ATP-2025-0425-365,2025-0425,3,0.6335236293024081,0.5475434848947208,0.6335236293024081,0.5905335570985645,0.5902282030127889,0.5905030413829709,both_first
atp:126774,atp:124187,2025-04-14,2025,2025,clay,Barcelona,R32,6-2 6-2,48,36,54,26,85,ATP-2025-0425-366,2025-0425,3,0.8688634128148768,0.6783338419285933,0.8688634128148768,0.773598627371735,0.7791347123870199,0.776131431765998,both_first
atp:200282,atp:144869,2025-04-14,2025,2025,clay,Barcelona,R32,6-4 6-4,52,40,50,36,85,ATP-2025-0425-367,2025-0425,3,0.46605625148637453,0.4840097650289899,0.46605625148637453,0.47503300825768224,0.4773514834393465,0.48015964847739534,both_first
atp:207985,atp:106148,2025-04-14,2025,2025,clay,Barcelona,R32,6-1 7-5,69,41,71,33,85,ATP-2025-0425-368,2025-0425,3,0.278341445855585,0.4047909673481843,0.278341445855585,0.34156620660188464,0.34634695058866094,0.34132208087713645,both_first
atp:111513,atp:126239,2025-04-14,2025,2025,clay,Barcelona,R32,6-7(2) 6-1 6-2,77,56,88,51,85,ATP-2025-0425-369,2025-0425,3,0.6654537091792704,0.5570643881599023,0.6654537091792704,0.6112590486695864,0.6126493860606688,0.6131510230363852,both_first
atp:207989,atp:210319,2025-04-14,2025,2025,clay,Barcelona,R32,6-2 7-6(6),66,39,83,38,85,ATP-2025-0425-370,2025-0425,3,0.993614573097318,0.903906011595972,0.993614573097318,0.9487602923466449,0.9665889729215762,0.9519949581995593,both_first
atp:208029,atp:111575,2025-04-14,2025,2025,clay,Barcelona,SF,6-3 6-2,43,33,47,24,85,ATP-2025-0425-383,2025-0425,3,0.49694482058994865,0.49816905706438813,0.49694482058994865,0.4975569388271684,0.49796319964373637,0.498686020304129,both_later
atp:207989,atp:209950,2025-04-14,2025,2025,clay,Barcelona,SF,6-2 6-4,53,39,56,31,85,ATP-2025-0425-384,2025-0425,3,0.8405293639045528,0.6418980775099176,0.8405293639045528,0.7412137207072351,0.7517774702904936,0.7373077091112632,both_later
atp:134770,atp:207733,2025-04-23,2025,2025,clay,Madrid Masters,F,7-5 3-6 6-4,96,61,102,64,85,ATP-2025-1536-369,2025-1536,3,0.6870519232706339,0.5693927372596888,0.6870519232706339,0.6282223302651613,0.6281406435977893,0.6251097272746212,both_later
atp:207518,atp:209113,2025-04-23,2025,2025,clay,Madrid Masters,QF,6-4 6-3,57,39,62,32,85,ATP-2025-1536-363,2025-1536,3,0.7616140011859428,0.596429661275557,0.7616140011859428,0.6790218312307499,0.6844645411335001,0.6841484714504631,both_later
atp:207733,atp:208286,2025-04-23,2025,2025,clay,Madrid Masters,QF,6-0 6-4,43,33,57,29,85,ATP-2025-1536-364,2025-1536,3,0.636938969661564,0.5448581019224901,0.636938969661564,0.5908985357920271,0.5926026874088399,0.589342234296757,both_later
atp:134770,atp:106421,2025-04-23,2025,2025,clay,Madrid Masters,QF,6-3 7-5,62,45,78,47,85,ATP-2025-1536-365,2025-1536,3,0.7325944221054789,0.5784864205065609,0.7325944221054789,0.6555404213060199,0.6619248469535842,0.6571882699480706,both_later
atp:202103,atp:210150,2025-04-23,2025,2025,clay,Madrid Masters,QF,3-6 7-6(5) 6-2,90,63,95,64,85,ATP-2025-1536-366,2025-1536,3,0.6624505166131353,0.5579798596277082,0.6624505166131353,0.6102151881204217,0.6105177712760125,0.6089335280654935,both_later
atp:209113,atp:200267,2025-04-23,2025,2025,clay,Madrid Masters,R128,6-1 6-2,37,32,38,19,85,ATP-2025-1536-275,2025-1536,3,0.4300342914428638,0.47796765334147084,0.4300342914428638,0.4540009723921673,0.4531856465672979,0.4521089980253684,both_first
atp:111815,atp:212021,2025-04-23,2025,2025,clay,Madrid Masters,R128,6-7(4) 7-5 6-4,114,71,109,64,85,ATP-2025-1536-276,2025-1536,3,0.9177927784387521,0.733872444308819,0.9177927784387521,0.8258326113737855,0.8332010333111163,0.825863127089379,both_first
atp:207985,atp:207352,2025-04-23,2025,2025,clay,Madrid Masters,R128,6-3 7-6(2),60,44,75,43,85,ATP-2025-1536-277,2025-1536,3,0.3080032676551276,0.40778150747635034,0.3080032676551276,0.35789238756573893,0.36826964993433914,0.36018106623525376,both_first
atp:111797,atp:127157,2025-04-23,2025,2025,clay,Madrid Masters,R128,6-3 6-2,47,36,52,29,85,ATP-2025-1536-278,2025-1536,3,0.5678813241979337,0.5256332010985658,0.5678813241979337,0.5467572626482498,0.5454098942472395,0.5445601311255155,both_first
atp:144869,atp:209098,2025-04-23,2025,2025,clay,Madrid Masters,R128,6-4 6-7(4) 6-4,135,83,109,67,85,ATP-2025-1536-279,2025-1536,3,0.7051538733929947,0.5717729630759841,0.7051538733929947,0.6384634182344895,0.6413683865063559,0.6401417825921336,both_first
atp:105526,atp:122298,2025-04-23,2025,2025,clay,Madrid Masters,R128,7-5 2-6 4-1 RET,66,43,77,45,85,ATP-2025-1536-280,2025-1536,3,0.6746329556531618,0.5559047909673482,0.6746329556531618,0.615268873310255,0.6191974585181114,0.6145670118516038,both_first
atp:105453,atp:126846,2025-04-23,2025,2025,clay,Madrid Masters,R128,6-4 3-6 6-3,81,55,101,62,85,ATP-2025-1536-281,2025-1536,3,0.6854834119408239,0.5646933170582851,0.6854834119408239,0.6250883644995544,0.6270055037116384,0.6269498231507598,both_first
atp:132283,atp:200175,2025-04-23,2025,2025,clay,Madrid Masters,R128,6-4 7-6(5),88,58,78,51,85,ATP-2025-1536-282,2025-1536,3,0.44570508939284603,0.48156850778150745,0.44570508939284603,0.46363679858717677,0.46372395580388626,0.46055471131223014,both_first
atp:208286,atp:106432,2025-04-23,2025,2025,clay,Madrid Masters,R128,4-6 6-4 7-5,97,63,106,66,85,ATP-2025-1536-283,2025-1536,3,0.5809133408280696,0.5284406469331706,0.5809133408280696,0.5546769938806201,0.5542067614236227,0.5560196853667354,both_first
atp:106000,atp:208233,2025-04-23,2025,2025,clay,Madrid Masters,R128,4-6 6-4 6-2,92,58,95,54,85,ATP-2025-1536-284,2025-1536,3,0.37755498670632087,0.4475740006103143,0.37755498670632087,0.4125644936583176,0.41743967095768725,0.41323583940137526,both_first
atp:124186,atp:105676,2025-04-23,2025,2025,clay,Madrid Masters,R128,6-3 3-6 1-0 RET,73,39,50,26,85,ATP-2025-1536-285,2025-1536,3,0.36207055997535537,0.45508086664632286,0.36207055997535537,0.4085757133108391,0.4067077164414977,0.408972417613555,both_first
atp:209260,atp:111460,2025-04-23,2025,2025,clay,Madrid Masters,R128,6-4 6-4,48,38,59,37,85,ATP-2025-1536-286,2025-1536,3,0.5205815031007422,0.5083613060726274,0.5205815031007422,0.5144714045866848,0.513725310478114,0.5135864488344725,both_first
atp:211663,atp:209284,2025-04-23,2025,2025,clay,Madrid Masters,R128,6-2 6-3,53,35,63,33,85,ATP-2025-1536-287,2025-1536,3,0.8402336922916428,0.6736344217271895,0.8402336922916428,0.7569340570094161,0.7515031550326967,0.7553472397985526,both_first
atp:124187,atp:208014,2025-04-23,2025,2025,clay,Madrid Masters,R128,7-5 7-5,80,56,88,53,85,ATP-2025-1536-288,2025-1536,3,0.6026391360198785,0.537900518767165,0.6026391360198785,0.5702698273935218,0.5689697877251155,0.5739317132647455,both_first
atp:106218,atp:210530,2025-04-23,2025,2025,clay,Madrid Masters,R128,6-1 1-6 7-6(4),104,63,96,60,85,ATP-2025-1536-289,2025-1536,3,0.584939048868992,0.5358864815379921,0.584939048868992,0.560412765203492,0.5569324002534665,0.5575137722221066,both_first
atp:134868,atp:200240,2025-04-23,2025,2025,clay,Madrid Masters,R128,6-1 6-4,48,37,56,31,85,ATP-2025-1536-290,2025-1536,3,0.7883983605780948,0.6235276167226121,0.7883983605780948,0.7059629886503535,0.7061722269304724,0.7047118443110187,both_first
atp:207925,atp:206681,2025-04-23,2025,2025,clay,Madrid Masters,R128,7-6(4) 7-5,84,51,95,53,85,ATP-2025-1536-291,2025-1536,3,0.6602301302346424,0.5500457735733904,0.6602301302346424,0.6051379519040163,0.6089450502811232,0.6072740519955635,both_first
atp:124116,atp:200384,2025-04-23,2025,2025,clay,Madrid Masters,R128,6-4 6-3,70,48,57,35,85,ATP-2025-1536-292,2025-1536,3,0.45222444397703115,0.48059200488251447,0.45222444397703115,0.4664082244297728,0.4680955698543007,0.4664692558609599,both_first
atp:207678,atp:206499,2025-04-23,2025,2025,clay,Madrid Masters,R128,3-6 7-5 6-2,105,68,88,57,85,ATP-2025-1536-293,2025-1536,3,0.4790454651249979,0.5017088800732378,0.4790454651249979,0.49037717259911784,0.4860257630167974,0.48427402948041165,both_first
atp:111513,atp:104926,2025-04-23,2025,2025,clay,Madrid Masters,R128,6-2 6-3,46,37,58,29,85,ATP-2025-1536-294,2025-1536,3,0.8128815328236088,0.6209032651815685,0.8128815328236088,0.7168923990025886,0.7269551999873186,0.7195167505436323,both_first
atp:126239,atp:126128,2025-04-23,2025,2025,clay,Madrid Masters,R128,7-6(4) 6-1,57,43,65,39,85,ATP-2025-1536-295,2025-1536,3,0.48195931463802316,0.4919438510833079,0.48195931463802316,0.48695158286066553,0.4879699752572116,0.48570043852133077,both_first
atp:210748,atp:209409,2025-04-23,2025,2025,clay,Madrid Masters,R128,7-6(5) 6-1,63,47,58,38,85,ATP-2025-1536-296,2025-1536,3,0.5739101459637136,0.5311870613365883,0.5739101459637136,0.552548603650151,0.5494746754901778,0.5572175081359612,both_first
atp:126127,atp:105227,2025-04-23,2025,2025,clay,Madrid Masters,R128,6-3 6-2,66,46,55,31,85,ATP-2025-1536-297,2025-1536,3,0.32082218912904914,0.4431797375648459,0.32082218912904914,0.38200096334694755,0.37754130749955184,0.3747382230356872,both_first
atp:106331,atp:200116,2025-04-23,2025,2025,clay,Madrid Masters,R128,6-3 6-4,60,42,48,28,85,ATP-2025-1536-298,2025-1536,3,0.6558005804942677,0.5530363137015563,0.6558005804942677,0.6044184470979119,0.6058156491102523,0.6049982456941891,both_first
atp:104792,atp:127339,2025-04-23,2025,2025,clay,Madrid Masters,R128,1-6 6-2 6-4,83,50,72,45,85,ATP-2025-1536-299,2025-1536,3,0.6351437586119895,0.5556606652425999,0.6351437586119895,0.5954022119272947,0.5913539350899496,0.5924421875147222,both_first
atp:122330,atp:210506,2025-04-23,2025,2025,clay,Madrid Masters,R128,7-6(2) 7-6(4),93,63,86,56,85,ATP-2025-1536-300,2025-1536,3,0.519007118199997,0.5095819346963686,0.519007118199997,0.5142945264481829,0.51267480517283,0.5133180235491899,both_first
atp:210319,atp:105583,2025-04-23,2025,2025,clay,Madrid Masters,R128,6-3 6-4,64,40,66,35,85,ATP-2025-1536-301,2025-1536,3,0.12294266627955182,0.2999389685688129,0.12294266627955182,0.21144081742418236,0.21250310450377713,0.21281402462589125,both_first
atp:208363,atp:208659,2025-04-23,2025,2025,clay,Madrid Masters,R128,6-4 6-4,53,42,69,42,85,ATP-2025-1536-302,2025-1536,3,0.5371006540137397,0.5155019835215136,0.5371006540137397,0.5263013187676266,0.5247590466731142,0.5212967414102876,both_first
atp:207681,atp:124079,2025-04-23,2025,2025,clay,Madrid Masters,R128,6-4 6-4,66,45,84,48,85,ATP-2025-1536-303,2025-1536,3,0.42093449403539046,0.4738175160207507,0.42093449403539046,0.44737600502807057,0.4470429668501077,0.44829147649587653,both_first
atp:208004,atp:144895,2025-04-23,2025,2025,clay,Madrid Masters,R128,6-3 4-2 RET,50,33,43,23,85,ATP-2025-1536-304,2025-1536,3,0.3586928422562889,0.45190723222459567,0.3586928422562889,0.4053000372404423,0.4043526513426384,0.4053915843872229,both_first
atp:132686,atp:105807,2025-04-23,2025,2025,clay,Madrid Masters,R128,6-7(7) 7-6(3) 6-3,106,78,99,71,85,ATP-2025-1536-305,2025-1536,3,0.46109951608202887,0.4834604821483064,0.46109951608202887,0.4722799991151676,0.4740371998464277,0.4715171062253294,both_first
atp:105138,atp:144719,2025-04-23,2025,2025,clay,Madrid Masters,R128,6-4 2-6 6-3,85,48,73,41,85,ATP-2025-1536-306,2025-1536,3,0.36828173596517616,0.4553249923710711,0.36828173596517616,0.41180336416812363,0.4110248820515556,0.41293244564508425,both_first
atp:209113,atp:105777,2025-04-23,2025,2025,clay,Madrid Masters,R16,5-7 7-6(7) 6-4,97,72,94,71,85,ATP-2025-1536-355,2025-1536,3,0.25035112292188355,0.4027158986878242,0.25035112292188355,0.3265335108048539,0.32494015062695997,0.3250077250251774,both_later
atp:207518,atp:200282,2025-04-23,2025,2025,clay,Madrid Masters,R16,6-4 6-2,48,37,58,34,85,ATP-2025-1536-356,2025-1536,3,0.6291197868828012,0.5465669819957278,0.6291197868828012,0.5878433844392645,0.5871740066936595,0.5861955357972138,both_later
atp:208286,atp:126207,2025-04-23,2025,2025,clay,Madrid Masters,R16,6-3 7-5,76,49,51,33,85,ATP-2025-1536-357,2025-1536,3,0.4772631769633616,0.4922490082392432,0.4772631769633616,0.4847560926013024,0.484836308408498,0.4875025070047202,both_later
atp:207733,atp:126205,2025-04-23,2025,2025,clay,Madrid Masters,R16,6-2 6-2,41,32,54,26,85,ATP-2025-1536-358,2025-1536,3,0.4661609389057728,0.4866341165700336,0.4661609389057728,0.4763975277379032,0.47742145377392414,0.4770383577653673,both_later
atp:106421,atp:206909,2025-04-23,2025,2025,clay,Madrid Masters,R16,3-6 6-1 6-4,81,52,80,48,85,ATP-2025-1536-359,2025-1536,3,0.4966109671166571,0.5005492828806836,0.4966109671166571,0.4985801249986703,0.49774062552189935,0.4946741134026984,both_later
atp:134770,atp:126203,2025-04-23,2025,2025,clay,Madrid Masters,R16,7-5 6-4,72,48,62,39,85,ATP-2025-1536-360,2025-1536,3,0.49755032995372594,0.5007934086054318,0.49755032995372594,0.49917186927957885,0.49836687937639357,0.500728170774849,both_later
atp:210150,atp:122330,2025-04-23,2025,2025,clay,Madrid Masters,R16,6-3 6-2,49,38,49,27,85,ATP-2025-1536-361,2025-1536,3,0.6680071539037685,0.5601159597192554,0.6680071539037685,0.614061556811512,0.6144658649079338,0.6119559724355583,both_later
atp:202103,atp:100644,2025-04-23,2025,2025,clay,Madrid Masters,R16,7-5 6-3,70,50,47,35,85,ATP-2025-1536-362,2025-1536,3,0.15646889691789848,0.3579188281965212,0.15646889691789848,0.25719386255720983,0.24542566499233992,0.256858189685681,both_later
atp:209113,atp:111815,2025-04-23,2025,2025,clay,Madrid Masters,R32,2-6 6-4 6-4,104,65,108,66,85,ATP-2025-1536-339,2025-1536,3,0.4625460061453818,0.4884040280744583,0.4625460061453818,0.4754750171099201,0.4750046631613498,0.47416284133939823,both_later
atp:105777,atp:207985,2025-04-23,2025,2025,clay,Madrid Masters,R32,6-4 7-6(3),77,49,75,42,85,ATP-2025-1536-340,2025-1536,3,0.8465730240778251,0.6709490387549588,0.8465730240778251,0.758761031416392,0.75743129146742,0.7630942630306733,both_later
atp:207518,atp:126774,2025-04-23,2025,2025,clay,Madrid Masters,R32,7-5 7-6(3),80,55,79,50,85,ATP-2025-1536-341,2025-1536,3,0.5512849359553188,0.5235581324382057,0.5512849359553188,0.5374215341967623,0.5342568657090385,0.5336070697475709,both_later
atp:200282,atp:133430,2025-04-23,2025,2025,clay,Madrid Masters,R32,6-3 7-6(3),62,48,65,43,85,ATP-2025-1536-342,2025-1536,3,0.6200542964728092,0.5377174244736039,0.6200542964728092,0.5788858604732066,0.5809121868310415,0.5796487533630448,both_later
atp:208286,atp:106000,2025-04-23,2025,2025,clay,Madrid Masters,R32,6-3 6-4,77,52,64,38,85,ATP-2025-1536-343,2025-1536,3,0.7490802969008015,0.60051876716509,0.7490802969008015,0.6747995320329457,0.6746169919023778,0.6748910791797263,both_later
atp:126207,atp:124186,2025-04-23,2025,2025,clay,Madrid Masters,R32,6-3 6-3,55,40,65,36,85,ATP-2025-1536-344,2025-1536,3,0.6305528221125045,0.5463228562709795,0.6305528221125045,0.588437839191742,0.5881669458697628,0.5827619160913453,both_later
atp:126205,atp:111575,2025-04-23,2025,2025,clay,Madrid Masters,R32,6-3 3-6 6-2,70,51,71,46,85,ATP-2025-1536-345,2025-1536,3,0.49818761251957494,0.5048214830637778,0.49818761251957494,0.5015045477916764,0.49879173873983035,0.4993684477001292,both_later
atp:207733,atp:126610,2025-04-23,2025,2025,clay,Madrid Masters,R32,7-6(2) 0-0 RET,41,28,43,25,85,ATP-2025-1536-346,2025-1536,3,0.3487765393517751,0.44177601464754346,0.3487765393517751,0.3952762769996593,0.3974070298019293,0.3972597985132388,both_later
atp:206909,atp:207925,2025-04-23,2025,2025,clay,Madrid Masters,R32,7-5 6-3,66,46,69,40,85,ATP-2025-1536-347,2025-1536,3,0.45780336572465435,0.4902349710100702,0.45780336572465435,0.47401916836736224,0.4718316955147776,0.46791602524865616,both_later
atp:106421,atp:207678,2025-04-23,2025,2025,clay,Madrid Masters,R32,6-2 6-2,45,33,42,20,85,ATP-2025-1536-348,2025-1536,3,0.8253915564444626,0.6414098260604211,0.8253915564444626,0.7334006912524418,0.7379887729114422,0.730593245417837,mixed_first_later
atp:134770,atp:200624,2025-04-23,2025,2025,clay,Madrid Masters,R32,6-3 6-3,58,39,52,29,85,ATP-2025-1536-349,2025-1536,3,0.6956421126104081,0.5693317058285017,0.6956421126104081,0.6324869092194549,0.6343878318728221,0.6330361921001384,both_later
atp:126203,atp:126127,2025-04-23,2025,2025,clay,Madrid Masters,R32,4-6 7-5 0-0 RET,69,46,66,47,85,ATP-2025-1536-350,2025-1536,3,0.8886425131832196,0.6922490082392432,0.8886425131832196,0.7904457607112314,0.7997340394802083,0.7888284277847744,both_later
atp:122330,atp:126094,2025-04-23,2025,2025,clay,Madrid Masters,R32,6-4 0-6 6-4,71,47,67,49,85,ATP-2025-1536-351,2025-1536,3,0.13551374907671476,0.34162343606957585,0.13551374907671476,0.2385685925731453,0.2252420834844251,0.23643249248159814,mixed_first_later
atp:210150,atp:210097,2025-04-23,2025,2025,clay,Madrid Masters,R32,6-1 6-4,43,32,59,32,85,ATP-2025-1536-352,2025-1536,3,0.4978908734193499,0.5000610314311871,0.4978908734193499,0.4989759524252685,0.49859391097964534,0.4962905694530378,both_later
atp:202103,atp:207681,2025-04-23,2025,2025,clay,Madrid Masters,R32,6-4 6-4,71,49,64,41,85,ATP-2025-1536-353,2025-1536,3,0.7994355545633359,0.6246872139151664,0.7994355545633359,0.7120613842392511,0.7154182684371084,0.7136482014501146,both_later
atp:100644,atp:200221,2025-04-23,2025,2025,clay,Madrid Masters,R32,2-6 7-6(3) 7-6(0),92,62,106,70,85,ATP-2025-1536-354,2025-1536,3,0.8801421884120069,0.6752212389380531,0.8801421884120069,0.77768171367503,0.7907057741123775,0.7745691106844899,both_later
atp:209113,atp:111794,2025-04-23,2025,2025,clay,Madrid Masters,R64,7-5 4-6 6-4,94,66,98,63,85,ATP-2025-1536-307,2025-1536,3,0.676188848162747,0.5691486115349405,0.676188848162747,0.6226687298488438,0.62031244677696,0.6251710185275132,mixed_first_later
atp:111815,atp:208103,2025-04-23,2025,2025,clay,Madrid Masters,R64,2-6 6-4 6-0,73,48,66,39,85,ATP-2025-1536-308,2025-1536,3,0.40473498802070074,0.4642966127555691,0.40473498802070074,0.4345158003881349,0.4360563636485178,0.4411377106719311,mixed_first_later
atp:207985,atp:207830,2025-04-23,2025,2025,clay,Madrid Masters,R64,1-6 6-3 6-2,78,50,86,52,85,ATP-2025-1536-309,2025-1536,3,0.23462655901892565,0.37830332621299967,0.23462655901892565,0.3064649426159627,0.3125454494621048,0.3088756841478516,mixed_first_later
atp:105777,atp:111797,2025-04-23,2025,2025,clay,Madrid Masters,R64,6-3 6-4,64,45,68,41,85,ATP-2025-1536-310,2025-1536,3,0.6940383155711636,0.5698199572779982,0.6940383155711636,0.6319291364245809,0.6332174822495523,0.6318986207089874,mixed_first_later
atp:207518,atp:144869,2025-04-23,2025,2025,clay,Madrid Masters,R64,7-6(3) 6-2,58,41,69,40,85,ATP-2025-1536-311,2025-1536,3,0.5927900773098324,0.5347268843454379,0.5927900773098324,0.5637584808276351,0.562260431175821,0.555641300479756,mixed_first_later
atp:126774,atp:105526,2025-04-23,2025,2025,clay,Madrid Masters,R64,3-6 6-4 6-3,96,59,89,54,85,ATP-2025-1536-312,2025-1536,3,0.5911991806173951,0.5310039670430272,0.5911991806173951,0.5611015738302112,0.5611793983495067,0.5598199137752828,mixed_first_later
atp:133430,atp:105453,2025-04-23,2025,2025,clay,Madrid Masters,R64,6-1 6-4,50,38,41,24,85,ATP-2025-1536-313,2025-1536,3,0.595439341454672,0.5374122673176686,0.595439341454672,0.5664258043861703,0.5640622660260174,0.5656629114963321,mixed_first_later
atp:200282,atp:132283,2025-04-23,2025,2025,clay,Madrid Masters,R64,6-2 6-3,40,34,52,27,85,ATP-2025-1536-314,2025-1536,3,0.6722800817826635,0.5513274336283186,0.6722800817826635,0.6118037577054911,0.6175141846701205,0.6133905749163546,mixed_first_later
atp:208286,atp:104925,2025-04-23,2025,2025,clay,Madrid Masters,R64,6-3 6-4,74,46,53,32,85,ATP-2025-1536-315,2025-1536,3,0.1043048574701121,0.31489166920964295,0.1043048574701121,0.20959826333987752,0.19255059399383848,0.20889640188122632,mixed_first_later
atp:106000,atp:202104,2025-04-23,2025,2025,clay,Madrid Masters,R64,1-6 6-1 6-2,72,43,72,38,85,ATP-2025-1536-316,2025-1536,3,0.16318892072655813,0.35468416234360695,0.16318892072655813,0.25893654153508255,0.2516572245981789,0.25786849148930896,mixed_first_later
atp:124186,atp:200005,2025-04-23,2025,2025,clay,Madrid Masters,R64,6-2 6-7(3) 7-6(5),110,72,107,67,85,ATP-2025-1536-317,2025-1536,3,0.3169496727124389,0.4334147085749161,0.3169496727124389,0.3751821906436775,0.3747520473910417,0.3734427948548462,mixed_first_later
atp:126207,atp:209260,2025-04-23,2025,2025,clay,Madrid Masters,R64,7-5 3-1 RET,38,32,61,36,85,ATP-2025-1536-318,2025-1536,3,0.5187702976781335,0.506957583155325,0.5187702976781335,0.5128639404167292,0.5125167995217093,0.5133216761506323,mixed_first_later
atp:126205,atp:211663,2025-04-23,2025,2025,clay,Madrid Masters,R64,7-6(7) 7-6(3),102,67,89,59,85,ATP-2025-1536-319,2025-1536,3,0.619250232201879,0.5384498016478486,0.619250232201879,0.5788500169248638,0.580358370172797,0.5811997270255658,mixed_first_later
atp:111575,atp:124187,2025-04-23,2025,2025,clay,Madrid Masters,R64,7-6(3) 7-6(4),66,55,89,57,85,ATP-2025-1536-320,2025-1536,3,0.8276911196347241,0.6566066524259994,0.8276911196347241,0.7421488860303618,0.7400511143103321,0.7386700944526993,mixed_first_later
atp:126610,atp:106218,2025-04-23,2025,2025,clay,Madrid Masters,R64,6-7(3) 7-6(6) 6-1,97,72,105,68,85,ATP-2025-1536-321,2025-1536,3,0.8173639146753126,0.6347574000610314,0.8173639146753126,0.726060657368172,0.7308735732001576,0.7255113744874884,mixed_first_later
atp:207733,atp:134868,2025-04-23,2025,2025,clay,Madrid Masters,R64,6-3 6-4,53,41,50,33,85,ATP-2025-1536-322,2025-1536,3,0.6001265493541922,0.5390601159597193,0.6001265493541922,0.5695933326569558,0.5672553236606972,0.5650464910335197,mixed_first_later
atp:207925,atp:208029,2025-04-23,2025,2025,clay,Madrid Masters,R64,6-2 0-0 RET,28,19,24,13,85,ATP-2025-1536-323,2025-1536,3,0.4759748521623553,0.4946902654867257,0.4759748521623553,0.4853325588245405,0.4839763799417718,0.4860039045675981,mixed_first_later
atp:206909,atp:124116,2025-04-23,2025,2025,clay,Madrid Masters,R64,6-3 7-6(3),73,51,62,41,85,ATP-2025-1536-324,2025-1536,3,0.7153590358138697,0.5784253890753738,0.7153590358138697,0.6468922124446217,0.6489371573158931,0.652140915526709,mixed_first_later
atp:207678,atp:200000,2025-04-23,2025,2025,clay,Madrid Masters,R64,7-6(5) 6-4,77,56,67,49,85,ATP-2025-1536-325,2025-1536,3,0.21682776240820534,0.3901434238632896,0.21682776240820534,0.30348559313574747,0.29814095450161665,0.30241754308997393,mixed_first_later
atp:134770,atp:126239,2025-04-23,2025,2025,clay,Madrid Masters,R64,6-3 6-4,54,39,48,31,85,ATP-2025-1536-327,2025-1536,3,0.7984998338581973,0.6237107110161734,0.7984998338581973,0.7111052724371854,0.714626878461977,0.7092743295015735,mixed_first_later
atp:200624,atp:210748,2025-04-23,2025,2025,clay,Madrid Masters,R64,6-3 3-6 6-1,78,54,79,47,85,ATP-2025-1536-328,2025-1536,3,0.879273751748867,0.6957277998169057,0.879273751748867,0.7875007757828864,0.7897989239590069,0.7907354416358006,mixed_first_later
atp:126127,atp:128034,2025-04-23,2025,2025,clay,Madrid Masters,R64,6-4 7-5,60,43,62,39,85,ATP-2025-1536-329,2025-1536,3,0.23564330010159007,0.38544400366188586,0.23564330010159007,0.31054365188173794,0.3133558155602678,0.31295439341362685,mixed_first_later
atp:126203,atp:106331,2025-04-23,2025,2025,clay,Madrid Masters,R64,6-1 6-4,54,36,50,26,85,ATP-2025-1536-330,2025-1536,3,0.8819900008514548,0.6836435764418676,0.8819900008514548,0.7828167886466613,0.7926446305727314,0.7859293916372013,mixed_first_later
atp:122330,atp:200615,2025-04-23,2025,2025,clay,Madrid Masters,R64,6-4 7-6(4),77,52,84,53,85,ATP-2025-1536-332,2025-1536,3,0.30511994288316546,0.42474824534635336,0.30511994288316546,0.3649340941147594,0.36616850125034284,0.36566647128900415,mixed_first_later
atp:210150,atp:210319,2025-04-23,2025,2025,clay,Madrid Masters,R64,7-6(4) 6-1,66,41,57,32,85,ATP-2025-1536-333,2025-1536,3,0.8446206065594741,0.6749160817821178,0.8446206065594741,0.759768344170796,0.7555949341244358,0.7606227842074148,mixed_first_later
atp:210097,atp:208363,2025-04-23,2025,2025,clay,Madrid Masters,R64,4-6 7-6(5) 6-3,97,68,97,63,85,ATP-2025-1536-334,2025-1536,3,0.47633210981351976,0.4883429966432713,0.47633210981351976,0.48233755322839555,0.4842148531706621,0.48053712600837717,mixed_first_later
atp:207681,atp:209950,2025-04-23,2025,2025,clay,Madrid Masters,R64,7-6(4) 6-4,81,49,71,41,85,ATP-2025-1536-335,2025-1536,3,0.17897667248566193,0.3565151052792188,0.17897667248566193,0.2677458888824404,0.2658988801883243,0.2716824161940058,mixed_first_later
atp:202103,atp:208004,2025-04-23,2025,2025,clay,Madrid Masters,R64,6-3 6-4,58,41,67,39,85,ATP-2025-1536-336,2025-1536,3,0.8361852178592118,0.6500762892889839,0.8361852178592118,0.7431307535740979,0.7477678142568145,0.7372107047489529,mixed_first_later
atp:200221,atp:132686,2025-04-23,2025,2025,clay,Madrid Masters,R64,6-2 6-3,51,35,58,28,85,ATP-2025-1536-337,2025-1536,3,0.5797542952972426,0.5222764723832773,0.5797542952972426,0.55101538384026,0.553422777359044,0.5547077854270772,mixed_first_later
atp:100644,atp:105138,2025-04-23,2025,2025,clay,Madrid Masters,R64,6-2 6-2,42,32,51,26,85,ATP-2025-1536-338,2025-1536,3,0.9407873201649791,0.7454684162343607,0.9407873201649791,0.8431278681996699,0.8633881811515038,0.8395270137596333,mixed_first_later
atp:207733,atp:207518,2025-04-23,2025,2025,clay,Madrid Masters,SF,6-3 7-6(4),73,52,73,47,85,ATP-2025-1536-367,2025-1536,3,0.34715048386547365,0.4437290204455294,0.34715048386547365,0.39543975215550153,0.39626340111634883,0.4006884552375888,both_later
atp:134770,atp:202103,2025-04-23,2025,2025,clay,Madrid Masters,SF,6-4 7-5,85,48,65,38,85,ATP-2025-1536-368,2025-1536,3,0.6761069919984516,0.5596277082697589,0.6761069919984516,0.6178673501341052,0.6202537490070664,0.6184471487303824,both_later
atp:207989,atp:206173,2025-05-07,2025,2025,clay,Rome Masters,F,7-6(5) 6-1,75,51,58,35,86,ATP-2025-0416-369,2025-0416,3,0.35657933376247875,0.4513579493439121,0.35657933376247875,0.40396864155319545,0.40287631716951555,0.4019240886084289,both_later
atp:207518,atp:100644,2025-05-07,2025,2025,clay,Rome Masters,QF,7-6(1) 6-4,74,48,73,41,86,ATP-2025-0416-363,2025-0416,3,0.23901256249248537,0.4043637473298749,0.23901256249248537,0.32168815491118014,0.316032108273723,0.3221764063606766,both_later
atp:207989,atp:207733,2025-05-07,2025,2025,clay,Rome Masters,QF,6-4 6-4,80,48,47,25,86,ATP-2025-0416-364,2025-0416,3,0.873576731285503,0.6683857186451022,0.873576731285503,0.7709812249653025,0.7839169531468904,0.769394407754439,both_later
atp:126205,atp:128034,2025-05-07,2025,2025,clay,Rome Masters,QF,7-6(4) 6-3,91,56,71,39,86,ATP-2025-0416-365,2025-0416,3,0.5500177045989662,0.519896246566982,0.5500177045989662,0.5349569755829741,0.5334071929541981,0.5315392154364986,both_later
atp:206173,atp:134770,2025-05-07,2025,2025,clay,Rome Masters,QF,6-0 6-1,33,25,44,14,86,ATP-2025-0416-366,2025-0416,3,0.8312357588400704,0.6361000915471468,0.8312357588400704,0.7336679251936086,0.7432520764408908,0.7342782395054792,both_later
atp:200116,atp:105807,2025-05-07,2025,2025,clay,Rome Masters,R128,6-2 1-6 6-3,78,46,75,44,86,ATP-2025-0416-275,2025-0416,3,0.15129630902214064,0.35071711931644795,0.15129630902214064,0.2510067141692943,0.24055364007582306,0.24545285393127173,both_first
atp:209147,atp:106000,2025-05-07,2025,2025,clay,Rome Masters,R128,7-6(3) 2-6 6-4,103,58,85,48,86,ATP-2025-0416-276,2025-0416,3,0.369203451412052,0.4469026548672566,0.369203451412052,0.40805305313965434,0.4116640909510872,0.4053981858830171,both_first
atp:124186,atp:208103,2025-05-07,2025,2025,clay,Rome Masters,R128,2-6 6-3 7-6(5),111,58,96,52,86,ATP-2025-0416-277,2025-0416,3,0.25545816318934395,0.40949038754958805,0.25545816318934395,0.332474275369466,0.32890532865417965,0.3338169668555814,both_first
atp:134868,atp:200175,2025-05-07,2025,2025,clay,Rome Masters,R128,4-6 6-3 6-0,73,51,71,36,86,ATP-2025-0416-278,2025-0416,3,0.47965711114657394,0.492065913945682,0.47965711114657394,0.48586151254612797,0.48643391387517537,0.4882112226468298,both_first
atp:111815,atp:106331,2025-05-07,2025,2025,clay,Rome Masters,R128,6-3 6-2,55,41,48,28,86,ATP-2025-0416-279,2025-0416,3,0.7163436930408341,0.5776930119011291,0.7163436930408341,0.6470183524709816,0.6496720165389007,0.6460723652875822,both_first
atp:126535,atp:206499,2025-05-07,2025,2025,clay,Rome Masters,R128,6-3 1-6 7-5,80,49,88,54,86,ATP-2025-0416-280,2025-0416,3,0.4015667773339785,0.4657613671040586,0.4015667773339785,0.43366407221901854,0.4338989957421835,0.43149745641187787,both_first
atp:111442,atp:208659,2025-05-07,2025,2025,clay,Rome Masters,R128,3-6 6-3 7-6(5),80,59,92,62,86,ATP-2025-0416-281,2025-0416,3,0.38323051118974455,0.45257857796765333,0.38323051118974455,0.41790454457869897,0.42134874094851105,0.41952187750515607,both_first
atp:202261,atp:209098,2025-05-07,2025,2025,clay,Rome Masters,R128,6-4 6-4,79,51,55,33,86,ATP-2025-0416-282,2025-0416,3,0.3283007601233953,0.42950869697894417,0.3283007601233953,0.37890472855116974,0.38290083479987086,0.38110186007390395,both_first
atp:105583,atp:106415,2025-05-07,2025,2025,clay,Rome Masters,R128,7-5 6-1,60,40,55,31,86,ATP-2025-0416-283,2025-0416,3,0.7123840186918484,0.580622520598108,0.7123840186918484,0.6465032696449782,0.6467218567427679,0.6431465409296899,both_first
atp:111513,atp:144869,2025-05-07,2025,2025,clay,Rome Masters,R128,6-3 6-2,41,33,51,28,86,ATP-2025-0416-284,2025-0416,3,0.44836092841536584,0.47436679890143424,0.44836092841536584,0.46136386365840004,0.4655056439831037,0.46743649106151264,both_first
atp:208882,atp:132283,2025-05-07,2025,2025,clay,Rome Masters,R128,6-2 6-3,58,35,57,27,86,ATP-2025-0416-285,2025-0416,3,0.17774289963012144,0.3595056454073848,0.17774289963012144,0.2686242725187531,0.2648047531247998,0.2680749896380696,both_first
atp:208859,atp:202358,2025-05-07,2025,2025,clay,Rome Masters,R128,6-0 2-6 6-3,84,53,77,41,86,ATP-2025-0416-286,2025-0416,3,0.6584723247004562,0.5675007628928899,0.6584723247004562,0.6129865437966731,0.6077019147511277,0.6111556008610612,both_first
atp:207681,atp:127157,2025-05-07,2025,2025,clay,Rome Masters,R128,6-1 7-5,60,41,58,26,86,ATP-2025-0416-287,2025-0416,3,0.3384586123646235,0.4356118400976503,0.3384586123646235,0.3870352262311369,0.39012650616111977,0.3899952506437093,both_first
atp:144895,atp:208014,2025-05-07,2025,2025,clay,Rome Masters,R128,3-6 6-1 7-5,101,61,87,51,86,ATP-2025-0416-288,2025-0416,3,0.7840720636526156,0.609429356118401,0.7840720636526156,0.6967507098855084,0.7025988370130661,0.69598781699567,both_first
atp:200240,atp:111460,2025-05-07,2025,2025,clay,Rome Masters,R128,6-4 6-3,56,37,72,39,86,ATP-2025-0416-289,2025-0416,3,0.24188480099587412,0.39447665547757094,0.24188480099587412,0.3181807282367225,0.31830278440634413,0.3183333068146902,both_first
atp:209260,atp:207352,2025-05-07,2025,2025,clay,Rome Masters,R128,7-6(4) 6-3,65,46,70,45,86,ATP-2025-0416-290,2025-0416,3,0.44537686759138173,0.4887702166615807,0.44537686759138173,0.4670735421264812,0.4635036869865691,0.46164174475083275,both_first
atp:208134,atp:207925,2025-05-07,2025,2025,clay,Rome Masters,R128,6-3 6-4,56,39,64,37,86,ATP-2025-0416-291,2025-0416,3,0.0568722334417799,0.25233445224290507,0.0568722334417799,0.15460334284234248,0.13328008938124425,0.15591551861286432,both_first
atp:205734,atp:132686,2025-05-07,2025,2025,clay,Rome Masters,R128,6-1 4-6 6-4,99,62,88,51,86,ATP-2025-0416-292,2025-0416,3,0.39016509535365945,0.46533414708574916,0.39016509535365945,0.4277496212197043,0.4261086983435915,0.4261322882932472,both_first
atp:210530,atp:124187,2025-05-07,2025,2025,clay,Rome Masters,R128,6-4 7-6(11),73,51,80,49,86,ATP-2025-0416-293,2025-0416,3,0.5839978350466548,0.5336893500152579,0.5839978350466548,0.5588435925309563,0.5562947710092276,0.558416372512647,both_first
atp:105138,atp:208286,2025-05-07,2025,2025,clay,Rome Masters,R128,6-4 6-3,76,46,55,27,86,ATP-2025-0416-294,2025-0416,3,0.4307272083427886,0.4797985962770827,0.4307272083427886,0.45526290230993566,0.4536526356322386,0.45694126666757984,both_first
atp:206681,atp:211663,2025-05-07,2025,2025,clay,Rome Masters,R128,6-3 7-6(4),67,49,68,41,86,ATP-2025-0416-295,2025-0416,3,0.4298689559645926,0.4722917302410741,0.4298689559645926,0.4510803431028334,0.4530742041826492,0.45196529885504577,both_first
atp:209263,atp:126239,2025-05-07,2025,2025,clay,Rome Masters,R128,7-6(4) 7-6(4),106,66,84,53,86,ATP-2025-0416-296,2025-0416,3,0.1783334031405915,0.34473603906011596,0.1783334031405915,0.26153472110035375,0.26532879970005796,0.2609854382196702,both_first
atp:124079,atp:208233,2025-05-07,2025,2025,clay,Rome Masters,R128,6-4 6-2,54,37,63,34,86,ATP-2025-0416-297,2025-0416,3,0.5236754491625017,0.5057979859627708,0.5236754491625017,0.5147367175626363,0.5157901924316475,0.5153165161589134,both_first
atp:106218,atp:209113,2025-05-07,2025,2025,clay,Rome Masters,R128,3-6 6-3 6-4,85,58,79,54,86,ATP-2025-0416-298,2025-0416,3,0.4086906623628973,0.46356423558132437,0.4086906623628973,0.43612744897211086,0.43874577194283576,0.4359748703941432,both_first
atp:122330,atp:126128,2025-05-07,2025,2025,clay,Rome Masters,R128,6-3 7-6(4),71,50,76,46,86,ATP-2025-0416-299,2025-0416,3,0.317501176995594,0.43677143729020446,0.317501176995594,0.37713630714289925,0.3751498804944537,0.37588516280356443,both_first
atp:207985,atp:104926,2025-05-07,2025,2025,clay,Rome Masters,R128,6-2 6-3,53,32,55,26,86,ATP-2025-0416-300,2025-0416,3,0.4978181056808143,0.49627708269758924,0.4978181056808143,0.49704759418920175,0.4985453986576556,0.4975968770698853,both_first
atp:126846,atp:134457,2025-05-07,2025,2025,clay,Rome Masters,R128,7-6(2) 6-2,64,46,60,38,86,ATP-2025-0416-301,2025-0416,3,0.4303940302921204,0.4763808361306073,0.4303940302921204,0.4533874332113639,0.4534281040875065,0.45427238896357625,both_first
atp:144719,atp:144642,2025-05-07,2025,2025,clay,Rome Masters,R128,4-6 6-2 7-5,94,59,109,61,86,ATP-2025-0416-302,2025-0416,3,0.848656539496831,0.65721696673787,0.848656539496831,0.7529367531173505,0.7594016400399471,0.7550423374933041,both_first
atp:124116,atp:106148,2025-05-07,2025,2025,clay,Rome Masters,R128,6-3 0-0 RET,25,20,41,22,86,ATP-2025-0416-303,2025-0416,3,0.28916261514560176,0.4317058285016784,0.28916261514560176,0.36043422182364004,0.3544269026885751,0.3564366630808875,both_first
atp:111797,atp:200384,2025-05-07,2025,2025,clay,Rome Masters,R128,7-6(4) 6-4,70,52,80,52,86,ATP-2025-0416-304,2025-0416,3,0.6605728250433031,0.5513884650595057,0.6605728250433031,0.6059806450514044,0.6091876052213043,0.6057365193266562,both_first
atp:207411,atp:207686,2025-05-07,2025,2025,clay,Rome Masters,R128,6-2 6-4,54,40,65,35,86,ATP-2025-0416-305,2025-0416,3,0.44867374361749773,0.4790051876716509,0.44867374361749773,0.46383946564457434,0.46571542500042756,0.4634122456262649,both_first
atp:208363,atp:210748,2025-05-07,2025,2025,clay,Rome Masters,R128,6-3 6-3,60,39,51,29,86,ATP-2025-0416-306,2025-0416,3,0.840641075747423,0.6719255416539518,0.840641075747423,0.7562833087006874,0.751881167570185,0.7550321643613527,both_first
atp:100644,atp:209950,2025-05-07,2025,2025,clay,Rome Masters,R16,7-6(3) 6-1,64,41,75,39,86,ATP-2025-0416-355,2025-0416,3,0.8177756920302566,0.6317668599328654,0.8177756920302566,0.724771275981561,0.7312354525134387,0.7229708487615427,both_later
atp:207518,atp:106421,2025-05-07,2025,2025,clay,Rome Masters,R16,7-5 6-4,58,43,58,37,86,ATP-2025-0416-356,2025-0416,3,0.7052480850776315,0.5717119316447971,0.7052480850776315,0.6384800083612143,0.6414378748785458,0.6353674053706742,both_later
atp:207989,atp:111575,2025-05-07,2025,2025,clay,Rome Masters,R16,6-3 3-6 7-5,105,60,88,53,86,ATP-2025-0416-357,2025-0416,3,0.8558885105233833,0.6447665547757095,0.8558885105233833,0.7503275326495464,0.7663298037770769,0.750937846961417,both_later
atp:207733,atp:144895,2025-05-07,2025,2025,clay,Rome Masters,R16,1-6 6-4 6-3,72,47,79,50,86,ATP-2025-0416-358,2025-0416,3,0.7406941721909317,0.5886786695148001,0.7406941721909317,0.6646864208528659,0.6681256378376434,0.6604142206697716,both_later
atp:126205,atp:200282,2025-05-07,2025,2025,clay,Rome Masters,R16,7-5 6-3,74,46,72,38,86,ATP-2025-0416-359,2025-0416,3,0.5003632441549847,0.49353066829417147,0.5003632441549847,0.4969469562245781,0.5002421627936583,0.5035383507927806,both_later
atp:128034,atp:210150,2025-05-07,2025,2025,clay,Rome Masters,R16,7-6(5) 4-6 7-6(5),130,87,115,81,86,ATP-2025-0416-360,2025-0416,3,0.6231684539778444,0.5405859017393958,0.6231684539778444,0.58187717785862,0.583059507009412,0.5814194421247172,both_later
atp:134770,atp:144719,2025-05-07,2025,2025,clay,Rome Masters,R16,6-3 6-4,54,42,61,39,86,ATP-2025-0416-361,2025-0416,3,0.7748564005618727,0.6026548672566372,0.7748564005618727,0.6887556339092549,0.6950761927177506,0.6878706781570425,both_later
atp:206173,atp:202103,2025-05-07,2025,2025,clay,Rome Masters,R16,7-6(2) 6-3,91,55,86,47,86,ATP-2025-0416-362,2025-0416,3,0.9276805749487929,0.7164784864205066,0.9276805749487929,0.8220795306846498,0.8456735351963214,0.8230255178680492,both_later
atp:100644,atp:209147,2025-05-07,2025,2025,clay,Rome Masters,R32,6-4 6-0,45,30,66,27,86,ATP-2025-0416-339,2025-0416,3,0.9852702418340343,0.873085138846506,0.9852702418340343,0.9291776903402702,0.9427854642369411,0.9308865704135079,both_later
atp:209950,atp:126774,2025-05-07,2025,2025,clay,Rome Masters,R32,2-6 6-4 6-2,73,48,76,46,86,ATP-2025-0416-340,2025-0416,3,0.46137898020097307,0.4835825450106805,0.46137898020097307,0.4724807626058268,0.47422413392810214,0.4725112783214203,both_later
atp:106421,atp:200615,2025-05-07,2025,2025,clay,Rome Masters,R32,6-4 6-1,62,39,57,31,86,ATP-2025-0416-341,2025-0416,3,0.5708349324145918,0.5242905096124504,0.5708349324145918,0.5475627210135211,0.5474003088352324,0.5462810609585929,both_later
atp:207518,atp:206909,2025-05-07,2025,2025,clay,Rome Masters,R32,6-4 6-3,52,38,49,32,86,ATP-2025-0416-342,2025-0416,3,0.6856482959408311,0.5620079340860543,0.6856482959408311,0.6238281150134427,0.6271247525134425,0.6299007424165552,mixed_first_later
atp:207989,atp:111513,2025-05-07,2025,2025,clay,Rome Masters,R32,7-6(2) 6-2,66,44,72,40,86,ATP-2025-0416-343,2025-0416,3,0.8684624053356954,0.6657613671040586,0.8684624053356954,0.767111886219877,0.7787312093412956,0.7629312331835634,both_later
atp:111575,atp:208859,2025-05-07,2025,2025,clay,Rome Masters,R32,6-3 6-0,40,27,41,14,86,ATP-2025-0416-344,2025-0416,3,0.8204602568042303,0.6404333231614281,0.8204602568042303,0.7304467899828292,0.7336027886853643,0.7258999483593931,both_later
atp:144895,atp:208029,2025-05-07,2025,2025,clay,Rome Masters,R32,7-5 5-7 7-6(4),113,73,135,81,86,ATP-2025-0416-345,2025-0416,3,0.23314099439428465,0.40595056454073847,0.23314099439428465,0.31954577946751156,0.31135909898451136,0.32131569097193635,both_later
atp:207733,atp:200240,2025-05-07,2025,2025,clay,Rome Masters,R32,6-4 6-3,49,38,79,46,86,ATP-2025-0416-346,2025-0416,3,0.87136337856646,0.6665547757094904,0.87136337856646,0.7689590771379752,0.7816620447807863,0.7762218174492355,both_later
atp:200282,atp:106198,2025-05-07,2025,2025,clay,Rome Masters,R32,6-4 6-4,62,42,57,35,86,ATP-2025-0416-347,2025-0416,3,0.8888728216331991,0.6829722306988099,0.8888728216331991,0.7859225261660046,0.7999826478970401,0.7859835575971916,both_later
atp:126205,atp:207830,2025-05-07,2025,2025,clay,Rome Masters,R32,6-3 6-7(5) 6-4,99,66,86,55,86,ATP-2025-0416-348,2025-0416,3,0.5322438368103851,0.5062252059810802,0.5322438368103851,0.5192345213957327,0.5215124748060639,0.5224997029642404,both_later
atp:210150,atp:206681,2025-05-07,2025,2025,clay,Rome Masters,R32,6-4 7-6(2),64,46,72,43,86,ATP-2025-0416-349,2025-0416,3,0.5114604715016636,0.5014647543484895,0.5114604715016636,0.5064626129250765,0.5076410578306936,0.5090564487505267,both_later
atp:128034,atp:106218,2025-05-07,2025,2025,clay,Rome Masters,R32,6-3 1-6 6-1,70,45,64,37,86,ATP-2025-0416-350,2025-0416,3,0.6905752504650141,0.5720781202319194,0.6905752504650141,0.6313266853484667,0.6306966664622645,0.6306858553210026,both_later
atp:134770,atp:126610,2025-05-07,2025,2025,clay,Rome Masters,R32,7-5 2-0 RET,35,28,44,27,86,ATP-2025-0416-351,2025-0416,3,0.5300066932683523,0.5110466890448581,0.5300066932683523,0.5205266911566051,0.5200178247688461,0.5201605025694829,both_later
atp:144719,atp:200624,2025-05-07,2025,2025,clay,Rome Masters,R32,6-4 6-2,52,35,54,29,86,ATP-2025-0416-352,2025-0416,3,0.4259017130567242,0.4780286847726579,0.4259017130567242,0.45196519891469106,0.4503983467610965,0.4508971488689175,both_later
atp:202103,atp:124116,2025-05-07,2025,2025,clay,Rome Masters,R32,6-2 6-4,53,39,51,30,86,ATP-2025-0416-353,2025-0416,3,0.7885722473171425,0.6087580103753433,0.7885722473171425,0.6986651288462429,0.7063164325878597,0.6986040974150558,both_later
atp:206173,atp:207411,2025-05-07,2025,2025,clay,Rome Masters,R32,6-4 6-2,52,34,58,26,86,ATP-2025-0416-354,2025-0416,3,0.9809191768504043,0.8358559658223985,0.9809191768504043,0.9083875713364014,0.9325500830471902,0.9074110684374084,both_later
atp:100644,atp:200116,2025-05-07,2025,2025,clay,Rome Masters,R64,6-2 6-1,45,29,44,17,86,ATP-2025-0416-307,2025-0416,3,0.9897807644213963,0.8695453158376564,0.9897807644213963,0.9296630401295263,0.9547310274395001,0.9290527258176557,mixed_first_later
atp:209147,atp:133430,2025-05-07,2025,2025,clay,Rome Masters,R64,6-3 6-4,73,47,66,36,86,ATP-2025-0416-308,2025-0416,3,0.14556185350904474,0.3186145865120537,0.14556185350904474,0.23208822001054924,0.23507101514267476,0.2345294772580317,mixed_first_later
atp:126774,atp:124186,2025-05-07,2025,2025,clay,Rome Masters,R64,6-2 7-6(3),57,41,73,40,86,ATP-2025-0416-309,2025-0416,3,0.8141849349399604,0.6238938053097345,0.8141849349399604,0.7190393701248474,0.7280907023043703,0.7193445272807828,mixed_first_later
atp:209950,atp:134868,2025-05-07,2025,2025,clay,Rome Masters,R64,6-2 6-2,45,34,53,28,86,ATP-2025-0416-310,2025-0416,3,0.6630897737339554,0.5604211168751907,0.6630897737339554,0.611755445304573,0.6109710755102643,0.6112671938550766,mixed_first_later
atp:106421,atp:111815,2025-05-07,2025,2025,clay,Rome Masters,R64,6-4 6-2,50,35,77,41,86,ATP-2025-0416-311,2025-0416,3,0.549755571584866,0.5195910894110467,0.549755571584866,0.5346733304979563,0.5332314643200176,0.5361075691308523,mixed_first_later
atp:200615,atp:126535,2025-05-07,2025,2025,clay,Rome Masters,R64,6-1 7-6(4),68,47,59,36,86,ATP-2025-0416-312,2025-0416,3,0.8236588019336768,0.6470247177296308,0.8236588019336768,0.7353417598316538,0.7364420114665943,0.7337244269051967,mixed_first_later
atp:207518,atp:202261,2025-05-07,2025,2025,clay,Rome Masters,R64,6-3 6-2,53,39,65,35,86,ATP-2025-0416-314,2025-0416,3,0.8982245907786712,0.6926762282575526,0.8982245907786712,0.7954504095181119,0.8102703431335144,0.7972508367381302,mixed_first_later
atp:207989,atp:105583,2025-05-07,2025,2025,clay,Rome Masters,R64,6-3 6-3,51,35,67,36,86,ATP-2025-0416-315,2025-0416,3,0.9154532135302385,0.7049435459261519,0.9154532135302385,0.8101983797281952,0.8303452554532643,0.8080927953522417,mixed_first_later
atp:111513,atp:210506,2025-05-07,2025,2025,clay,Rome Masters,R64,6-0 6-3,55,36,49,22,86,ATP-2025-0416-316,2025-0416,3,0.8223588493004854,0.6346353371986573,0.8223588493004854,0.7284970932495713,0.7352856154031758,0.7234314844610452,mixed_first_later
atp:111575,atp:208882,2025-05-07,2025,2025,clay,Rome Masters,R64,6-4 5-7 6-1,103,63,96,54,86,ATP-2025-0416-317,2025-0416,3,0.9192618399637642,0.7290509612450412,0.9192618399637642,0.8241564006044027,0.8350119674573563,0.8218982376504814,mixed_first_later
atp:208859,atp:105777,2025-05-07,2025,2025,clay,Rome Masters,R64,7-5 6-3,58,41,77,43,86,ATP-2025-0416-318,2025-0416,3,0.12007186779851743,0.31934696368629845,0.12007186779851743,0.21970941574240793,0.20951800804357912,0.22004508861393676,mixed_first_later
atp:208029,atp:207681,2025-05-07,2025,2025,clay,Rome Masters,R64,3-6 6-3 6-4,136,80,96,59,86,ATP-2025-0416-319,2025-0416,3,0.8037755670797841,0.6286542569423254,0.8037755670797841,0.7162149120110548,0.7191078738033017,0.7147806733781588,mixed_first_later
atp:144895,atp:200005,2025-05-07,2025,2025,clay,Rome Masters,R64,6-3 4-0 RET,39,25,51,22,86,ATP-2025-0416-320,2025-0416,3,0.31303778760496337,0.43774794018919744,0.31303778760496337,0.3753928638970804,0.37192432585179025,0.37185304088823085,mixed_first_later
atp:200240,atp:202104,2025-05-07,2025,2025,clay,Rome Masters,R64,3-6 6-4 6-4,95,57,91,54,86,ATP-2025-0416-321,2025-0416,3,0.13418930640833684,0.33320109856576136,0.13418930640833684,0.23369520248704911,0.2239241006512347,0.2326881838724626,mixed_first_later
atp:207733,atp:209260,2025-05-07,2025,2025,clay,Rome Masters,R64,6-1 6-4,65,43,53,27,86,ATP-2025-0416-322,2025-0416,3,0.6339257756573127,0.5441257247482454,0.6339257756573127,0.589025750202779,0.5905075225802727,0.5895445173678691,mixed_first_later
atp:200282,atp:208134,2025-05-07,2025,2025,clay,Rome Masters,R64,6-4 7-5,58,38,90,49,86,ATP-2025-0416-323,2025-0416,3,0.956482993107533,0.7668904485810192,0.956482993107533,0.8616867208442761,0.8869616017096179,0.8660199524585575,mixed_first_later
atp:106198,atp:205734,2025-05-07,2025,2025,clay,Rome Masters,R64,4-6 6-3 6-4,88,57,88,51,86,ATP-2025-0416-324,2025-0416,3,0.30282150677369135,0.42932560268538295,0.30282150677369135,0.3660735547295372,0.36448925018060657,0.3643036432251124,mixed_first_later
atp:207830,atp:210530,2025-05-07,2025,2025,clay,Rome Masters,R64,6-4 6-4,54,36,64,35,86,ATP-2025-0416-325,2025-0416,3,0.7711015855868084,0.6209032651815685,0.7711015855868084,0.6960024253841884,0.6920444106767542,0.6940494195862025,mixed_first_later
atp:126205,atp:105138,2025-05-07,2025,2025,clay,Rome Masters,R64,6-1 6-4,45,33,53,29,86,ATP-2025-0416-326,2025-0416,3,0.7411243034678132,0.5797070491303021,0.7411243034678132,0.6604156762990576,0.668456780857819,0.6679835737662533,mixed_first_later
atp:206681,atp:126094,2025-05-07,2025,2025,clay,Rome Masters,R64,7-5 4-6 6-3,104,63,108,63,86,ATP-2025-0416-327,2025-0416,3,0.23410630268712937,0.4031431187061337,0.23410630268712937,0.3186247106966315,0.3121302951158342,0.31825852210950917,mixed_first_later
atp:210150,atp:209263,2025-05-07,2025,2025,clay,Rome Masters,R64,7-6(4) 7-5,73,53,71,50,86,ATP-2025-0416-328,2025-0416,3,0.829231650165476,0.6574000610314312,0.829231650165476,0.7433158555984536,0.7414389637242101,0.7454214399744072,mixed_first_later
atp:128034,atp:124079,2025-05-07,2025,2025,clay,Rome Masters,R64,6-1 7-5,50,38,60,33,86,ATP-2025-0416-329,2025-0416,3,0.7204750063316518,0.5745804089105889,0.7204750063316518,0.6475277076211203,0.652764381939783,0.6505792791804734,mixed_first_later
atp:106218,atp:126203,2025-05-07,2025,2025,clay,Rome Masters,R64,7-6(4) 7-6(3),77,50,71,43,86,ATP-2025-0416-330,2025-0416,3,0.1507877473410868,0.346750076289289,0.1507877473410868,0.2487689118151879,0.24007093741552069,0.25078294904436094,mixed_first_later
atp:134770,atp:122330,2025-05-07,2025,2025,clay,Rome Masters,R64,6-4 4-6 6-3,78,56,95,58,86,ATP-2025-0416-331,2025-0416,3,0.9100321110619247,0.7052487030820873,0.9100321110619247,0.807640407072006,0.8238546645433822,0.80724370276929,mixed_first_later
atp:126610,atp:207985,2025-05-07,2025,2025,clay,Rome Masters,R64,6-4 7-6(0),66,49,81,48,86,ATP-2025-0416-332,2025-0416,3,0.8549757149780198,0.6823619163869393,0.8549757149780198,0.7686688156824796,0.7654475088153436,0.772086575828955,mixed_first_later
atp:200624,atp:126846,2025-05-07,2025,2025,clay,Rome Masters,R64,6-3 6-4,65,47,65,39,86,ATP-2025-0416-333,2025-0416,3,0.817182918851869,0.6362221544095209,0.817182918851869,0.726702536630695,0.7307146132123686,0.7268856309242562,mixed_first_later
atp:144719,atp:210097,2025-05-07,2025,2025,clay,Rome Masters,R64,6-2 6-1,47,34,56,26,86,ATP-2025-0416-334,2025-0416,3,0.5645584898180346,0.5184925236496796,0.5645584898180346,0.5415255067338571,0.5431728097988311,0.5451263611738937,mixed_first_later
atp:124116,atp:126207,2025-05-07,2025,2025,clay,Rome Masters,R64,6-2 6-7(2) 6-3,88,62,80,55,86,ATP-2025-0416-335,2025-0416,3,0.33194880900240187,0.4490997863899908,0.33194880900240187,0.39052429769619634,0.3855027743695932,0.38341413596290375,mixed_first_later
atp:202103,atp:111797,2025-05-07,2025,2025,clay,Rome Masters,R64,7-6(4) 6-3,77,53,78,48,86,ATP-2025-0416-336,2025-0416,3,0.5932544195809967,0.5350930729325603,0.5932544195809967,0.5641737462567784,0.5625760943585774,0.5615799104313284,mixed_first_later
atp:207411,atp:200221,2025-05-07,2025,2025,clay,Rome Masters,R64,6-0 6-2,45,28,47,18,86,ATP-2025-0416-337,2025-0416,3,0.2721303295588298,0.4111382361916387,0.2721303295588298,0.34163428287523423,0.34166258417714274,0.3466388602325733,mixed_first_later
atp:206173,atp:208363,2025-05-07,2025,2025,clay,Rome Masters,R64,6-3 6-4,63,41,60,34,86,ATP-2025-0416-338,2025-0416,3,0.9694285399531843,0.7971010070186146,0.9694285399531843,0.8832647734858995,0.9092429833993451,0.8785958690000892,mixed_first_later
atp:207989,atp:207518,2025-05-07,2025,2025,clay,Rome Masters,SF,6-3 7-6(4),72,43,93,48,86,ATP-2025-0416-367,2025-0416,3,0.7790516564292168,0.6036924015868173,0.7790516564292168,0.691372029008017,0.698486054930232,0.6930809090812547,both_later
atp:206173,atp:126205,2025-05-07,2025,2025,clay,Rome Masters,SF,1-6 6-0 6-3,61,39,74,40,86,ATP-2025-0416-368,2025-0416,3,0.9242445573509807,0.7124504119621605,0.9242445573509807,0.8183474846565706,0.8412614894882635,0.8178287174914806,both_later
atp:104925,atp:128034,2025-05-18,2025,2025,clay,Geneva,F,5-7 7-6(2) 7-6(2),110,79,123,81,86,ATP-2025-0322-385,2025-0322,3,0.8113853398569447,0.629325602685383,0.8113853398569447,0.7203554712711638,0.7256556103885016,0.7223084770691498,both_later
atp:104925,atp:208286,2025-05-18,2025,2025,clay,Geneva,QF,6-4 6-4,57,39,68,40,86,ATP-2025-0322-379,2025-0322,3,0.8992973129929474,0.6965822398535245,0.8992973129929474,0.7979397764232359,0.8114756914333185,0.7913178661394398,both_later
atp:111815,atp:200615,2025-05-18,2025,2025,clay,Geneva,QF,7-6(6) 6-4,66,48,79,49,86,ATP-2025-0322-380,2025-0322,3,0.5206729322930737,0.506896551724138,0.5206729322930737,0.5137847420086058,0.5137863209740423,0.5136321634306382,both_later
atp:124116,atp:111575,2025-05-18,2025,2025,clay,Geneva,QF,4-6 6-4 6-4,84,58,84,56,86,ATP-2025-0322-381,2025-0322,3,0.21170189645576193,0.38672566371681416,0.21170189645576193,0.2992137800862881,0.29391089640090473,0.30086162872833866,both_later
atp:128034,atp:126203,2025-05-18,2025,2025,clay,Geneva,QF,6-3 7-6(5),71,52,69,48,86,ATP-2025-0322-382,2025-0322,3,0.3132017832897796,0.4316447970704913,0.3132017832897796,0.3724232901801354,0.37204307882058296,0.3715688501435166,both_later
atp:104925,atp:105916,2025-05-18,2025,2025,clay,Geneva,R16,6-2 6-3,48,38,53,27,86,ATP-2025-0322-371,2025-0322,3,0.8886085776062509,0.6819346963686298,0.8886085776062509,0.7852716369874404,0.7996974259105947,0.7846002912443827,mixed_first_later
atp:208286,atp:206681,2025-05-18,2025,2025,clay,Geneva,R16,6-3 7-6(3),75,53,76,47,86,ATP-2025-0322-372,2025-0322,3,0.5195871918538556,0.5084223375038145,0.5195871918538556,0.514004764678835,0.5130618413139013,0.5123569160367845,both_later
atp:111815,atp:207830,2025-05-18,2025,2025,clay,Geneva,R16,3-6 6-2 4-3 RET,63,38,97,52,86,ATP-2025-0322-373,2025-0322,3,0.40794354736734806,0.46722612145254805,0.40794354736734806,0.43758483440994805,0.4382381653230478,0.4343501685570338,mixed_first_later
atp:200615,atp:207985,2025-05-18,2025,2025,clay,Geneva,R16,6-4 6-3,63,43,43,29,86,ATP-2025-0322-374,2025-0322,3,0.680367850263323,0.5829417149832163,0.680367850263323,0.6316547826232697,0.6233148018075543,0.630922405449025,both_later
atp:124116,atp:132686,2025-05-18,2025,2025,clay,Geneva,R16,7-6(2) 7-6(4),88,59,87,54,86,ATP-2025-0322-375,2025-0322,3,0.3377532147096283,0.45154104363747327,0.3377532147096283,0.3946471291735508,0.38962664844575723,0.38884914321078,both_later
atp:111575,atp:105453,2025-05-18,2025,2025,clay,Geneva,R16,7-5 2-5 RET,55,34,56,35,86,ATP-2025-0322-376,2025-0322,3,0.711869307101385,0.57268843454379,0.711869307101385,0.6422788708225875,0.6463393360220597,0.6430722794280193,mixed_first_later
atp:128034,atp:126239,2025-05-18,2025,2025,clay,Geneva,R16,6-4 6-1,50,39,47,27,86,ATP-2025-0322-377,2025-0322,3,0.6242407249890995,0.5374122673176686,0.6242407249890995,0.580826496153384,0.5837997638564197,0.5850986963364784,both_later
atp:126203,atp:111460,2025-05-18,2025,2025,clay,Geneva,R16,6-4 7-6(5),74,52,71,48,86,ATP-2025-0322-378,2025-0322,3,0.7891360007597643,0.6137625877326823,0.7891360007597643,0.7014492942462234,0.7067842705857491,0.7042872557964217,mixed_first_later
atp:105916,atp:200267,2025-05-18,2025,2025,clay,Geneva,R32,6-2 6-3,51,32,59,30,86,ATP-2025-0322-359,2025-0322,3,0.4299750805464824,0.4737564845895636,0.4299750805464824,0.451865782568023,0.4531457368473219,0.4563210770446785,both_first
atp:206681,atp:106264,2025-05-18,2025,2025,clay,Geneva,R32,6-1 6-1,33,29,38,15,86,ATP-2025-0322-360,2025-0322,3,0.81011192193486,0.6487335978028684,0.81011192193486,0.7294227598688643,0.7245527414797434,0.7264627354562918,both_first
atp:208286,atp:200384,2025-05-18,2025,2025,clay,Geneva,R32,6-7(6) 6-4 6-4,95,61,95,58,86,ATP-2025-0322-361,2025-0322,3,0.6080324151371347,0.5301495270064083,0.6080324151371347,0.5690909710717715,0.5726568538121506,0.5689078767782103,both_first
atp:111815,atp:208502,2025-05-18,2025,2025,clay,Geneva,R32,7-6(2) 6-3,72,41,72,38,86,ATP-2025-0322-362,2025-0322,3,0.6876454880371712,0.5689044858101923,0.6876454880371712,0.6282749869236817,0.628570647728146,0.6248877424927999,both_first
atp:207985,atp:105583,2025-05-18,2025,2025,clay,Geneva,R32,6-4 6-1,55,32,55,24,86,ATP-2025-0322-363,2025-0322,3,0.2955524141054775,0.4165090021361001,0.2955524141054775,0.3560307081207888,0.359152332817123,0.3529486208458422,both_first
atp:200615,atp:111797,2025-05-18,2025,2025,clay,Geneva,R32,6-4 3-6 7-5,94,59,100,62,86,ATP-2025-0322-364,2025-0322,3,0.46867444378470097,0.49407995117485504,0.46867444378470097,0.48137719747977803,0.47910109065832435,0.4800039902780691,both_first
atp:132686,atp:210506,2025-05-18,2025,2025,clay,Geneva,R32,4-6 6-3 6-3,86,60,74,48,86,ATP-2025-0322-365,2025-0322,3,0.7138514410592713,0.5652425999389685,0.7138514410592713,0.6395470204991199,0.6478136201527093,0.6451313964527361,both_first
atp:124116,atp:123809,2025-05-18,2025,2025,clay,Geneva,R32,6-1 6-2,39,30,51,25,86,ATP-2025-0322-366,2025-0322,3,0.5864163985996371,0.5368629844369851,0.5864163985996371,0.5616396915183111,0.5579337066037118,0.5595951385735445,both_first
atp:105453,atp:210530,2025-05-18,2025,2025,clay,Geneva,R32,4-6 6-4 6-4,98,64,96,57,86,ATP-2025-0322-367,2025-0322,3,0.6218981867814904,0.5479707049130302,0.6218981867814904,0.5849344458472603,0.5821831533238994,0.5823406100218103,both_first
atp:128034,atp:209070,2025-05-18,2025,2025,clay,Geneva,R32,6-3 6-4,61,40,49,30,86,ATP-2025-0322-368,2025-0322,3,0.8315149234259709,0.6550198352151358,0.8315149234259709,0.7432673793205533,0.7435053289218128,0.7426265492930892,both_first
atp:126239,atp:200175,2025-05-18,2025,2025,clay,Geneva,R32,6-4 6-2,52,38,56,33,86,ATP-2025-0322-369,2025-0322,3,0.4345369614403736,0.47876106194690266,0.4345369614403736,0.45664901169363814,0.45621842564516224,0.45735087315228934,both_first
atp:111460,atp:144719,2025-05-18,2025,2025,clay,Geneva,R32,4-6 6-3 7-6(5),91,68,99,65,86,ATP-2025-0322-370,2025-0322,3,0.42082560276055425,0.4777845590479097,0.42082560276055425,0.44930508090423193,0.4469693446555217,0.4480234208493037,both_first
atp:104925,atp:111815,2025-05-18,2025,2025,clay,Geneva,SF,6-4 6-7(6) 6-1,82,63,91,56,86,ATP-2025-0322-383,2025-0322,3,0.8673747435445244,0.6644797070491303,0.8673747435445244,0.7659272252968273,0.7776393751764429,0.7622043079944165,both_later
atp:128034,atp:124116,2025-05-18,2025,2025,clay,Geneva,SF,6-3 6-4,47,40,59,36,86,ATP-2025-0322-384,2025-0322,3,0.7379671662418413,0.5923405553860238,0.7379671662418413,0.6651538608139326,0.6660306226437854,0.6621633206857666,both_later
atp:207925,atp:126094,2025-05-18,2025,2025,clay,Hamburg,F,6-2 6-4,72,44,46,23,86,ATP-2025-0414-385,2025-0414,3,0.38389776927046887,0.46594446139761975,0.38389776927046887,0.4249211153340443,0.42180751570926717,0.4237004867103031,both_later
atp:207925,atp:105138,2025-05-18,2025,2025,clay,Hamburg,QF,7-6(4) 6-0,53,38,49,26,86,ATP-2025-0414-379,2025-0414,3,0.7125628122216133,0.576594446139762,0.7125628122216133,0.6445786291806876,0.646854783099435,0.6414660261901475,both_later
atp:144869,atp:208103,2025-05-18,2025,2025,clay,Hamburg,QF,7-5 6-3,64,42,74,40,86,ATP-2025-0414-380,2025-0414,3,0.5499261435152285,0.5220933780897162,0.5499261435152285,0.5360097608024723,0.5333458110974205,0.53668110654553,both_later
atp:126094,atp:209260,2025-05-18,2025,2025,clay,Hamburg,QF,6-1 3-6 6-3,80,55,77,47,86,ATP-2025-0414-381,2025-0414,3,0.7443630751614628,0.5913030210558438,0.7443630751614628,0.6678330481086533,0.6709563861577829,0.6662157151821961,both_later
atp:200000,atp:124186,2025-05-18,2025,2025,clay,Hamburg,QF,7-6(4) 6-7(6) 6-3,114,73,109,68,86,ATP-2025-0414-382,2025-0414,3,0.6614047897021182,0.5541959108941105,0.6614047897021182,0.6078003502981144,0.6097767302178649,0.6113706890225574,both_later
atp:105138,atp:126207,2025-05-18,2025,2025,clay,Hamburg,R16,6-2 6-3,62,42,47,26,86,ATP-2025-0414-371,2025-0414,3,0.40840088342415537,0.4646628013426915,0.40840088342415537,0.43653184238342346,0.43854890853874917,0.4396444453739635,both_later
atp:207925,atp:200221,2025-05-18,2025,2025,clay,Hamburg,R16,6-4 7-5,75,43,69,34,86,ATP-2025-0414-372,2025-0414,3,0.55345209633994,0.5167836435764419,0.55345209633994,0.5351178699581909,0.5357105141430669,0.5367046871690545,both_later
atp:208103,atp:202103,2025-05-18,2025,2025,clay,Hamburg,R16,7-5 6-2,64,39,75,36,86,ATP-2025-0414-373,2025-0414,3,0.49382233003291437,0.5038449801647849,0.49382233003291437,0.4988336550988496,0.4958814369220116,0.4925779334021758,both_later
atp:144869,atp:200116,2025-05-18,2025,2025,clay,Hamburg,R16,6-4 6-4,68,46,80,48,86,ATP-2025-0414-374,2025-0414,3,0.9234028114274258,0.7206896551724138,0.9234028114274258,0.8220462332999198,0.8401937157420578,0.8201237432175273,both_later
atp:209260,atp:206909,2025-05-18,2025,2025,clay,Hamburg,R16,7-5 6-7(7) 6-2,104,60,116,60,86,ATP-2025-0414-375,2025-0414,3,0.40724944531938956,0.4642966127555691,0.40724944531938956,0.43577302903747933,0.43776643370835966,0.43690211051443995,both_later
atp:126094,atp:211514,2025-05-18,2025,2025,clay,Hamburg,R16,6-3 7-5,79,49,65,35,86,ATP-2025-0414-376,2025-0414,3,0.8877416990190545,0.722947818126335,0.8877416990190545,0.8053447585726947,0.7987637396095414,0.8080301415449255,both_later
atp:200000,atp:208659,2025-05-18,2025,2025,clay,Hamburg,R16,6-2 6-4,48,36,52,27,86,ATP-2025-0414-377,2025-0414,3,0.5612328837412695,0.5281965212084223,0.5612328837412695,0.5447147024748459,0.5409360246196333,0.5437687152914464,both_later
atp:124186,atp:100644,2025-05-18,2025,2025,clay,Hamburg,R16,6-3 4-6 7-6(5),96,63,99,61,86,ATP-2025-0414-378,2025-0414,3,0.04145119252240363,0.23329264571254196,0.04145119252240363,0.1373719191174728,0.10968761953005408,0.13377106467743619,both_later
atp:126207,atp:207352,2025-05-18,2025,2025,clay,Hamburg,R32,7-5 6-2,63,43,62,34,86,ATP-2025-0414-355,2025-0414,3,0.4620655748949997,0.4853524565151053,0.4620655748949997,0.4737090157050525,0.4746833602919518,0.4774319330074632,both_first
atp:105138,atp:106218,2025-05-18,2025,2025,clay,Hamburg,R32,7-6(5) 6-0,65,39,58,27,86,ATP-2025-0414-356,2025-0414,3,0.5172073692829566,0.5053707659444614,0.5172073692829566,0.511289067613709,0.5114740968260333,0.5133641362740691,both_first
atp:207925,atp:126964,2025-05-18,2025,2025,clay,Hamburg,R32,5-7 6-2 6-2,106,57,106,50,86,ATP-2025-0414-357,2025-0414,3,0.8892970707102793,0.7145865120537077,0.8892970707102793,0.8019417913819935,0.8004411811235752,0.7990122826850146,both_first
atp:200221,atp:104792,2025-05-18,2025,2025,clay,Hamburg,R32,6-3 6-3,65,40,59,31,86,ATP-2025-0414-358,2025-0414,3,0.6279864590369353,0.539853524565151,0.6279864590369353,0.5839199918010431,0.5863893460543551,0.5863612490485256,both_first
atp:202103,atp:124079,2025-05-18,2025,2025,clay,Hamburg,R32,6-2 6-3,53,27,57,20,86,ATP-2025-0414-359,2025-0414,3,0.7669981993633237,0.5889227952395484,0.7669981993633237,0.677960497301436,0.6887522013402718,0.6812561945855373,both_first
atp:208103,atp:127339,2025-05-18,2025,2025,clay,Hamburg,R32,6-4 3-6 6-2,74,51,88,51,86,ATP-2025-0414-360,2025-0414,3,0.7743904952253303,0.6157155935306683,0.7743904952253303,0.6950530443779993,0.6946989841343169,0.698653898818036,both_first
atp:144869,atp:207681,2025-05-18,2025,2025,clay,Hamburg,R32,7-6(4) 6-3,75,49,65,38,86,ATP-2025-0414-361,2025-0414,3,0.8326536781793814,0.6444613976197742,0.8326536781793814,0.7385575378995778,0.7445401585228091,0.7360552492209083,both_first
atp:200116,atp:202104,2025-05-18,2025,2025,clay,Hamburg,R32,6-3 2-6 6-4,116,63,73,39,86,ATP-2025-0414-362,2025-0414,3,0.11008693567291986,0.31495270064083003,0.11008693567291986,0.21251981815687493,0.1988917141480773,0.21288600674399732,both_first
atp:206909,atp:209920,2025-05-18,2025,2025,clay,Hamburg,R32,6-5 RET,39,19,34,15,86,ATP-2025-0414-363,2025-0414,3,0.9802111228363262,0.8918217882209338,0.9802111228363262,0.93601645552863,0.9309751053916491,0.9353145940699787,both_first
atp:209260,atp:212309,2025-05-18,2025,2025,clay,Hamburg,R32,6-1 6-4,57,40,45,25,86,ATP-2025-0414-364,2025-0414,3,0.8205635047251997,0.6494049435459261,0.8205635047251997,0.7349842241355629,0.7336941185284008,0.7347706141264082,both_first
atp:211514,atp:105526,2025-05-18,2025,2025,clay,Hamburg,R32,7-6(4) 7-6(4),87,60,70,52,86,ATP-2025-0414-365,2025-0414,3,0.1649345854461566,0.3150747635032041,0.1649345854461566,0.24000467447468038,0.25325868068260216,0.24357501319912345,both_first
atp:126094,atp:106000,2025-05-18,2025,2025,clay,Hamburg,R32,6-4 6-3,67,40,65,35,86,ATP-2025-0414-366,2025-0414,3,0.9108885057065867,0.7096429661275557,0.9108885057065867,0.8102657359170713,0.8248686813866235,0.8082516986878983,both_first
atp:200000,atp:127157,2025-05-18,2025,2025,clay,Hamburg,R32,6-3 6-3,48,37,59,34,86,ATP-2025-0414-367,2025-0414,3,0.5622858265083933,0.5204455294476655,0.5622858265083933,0.5413656779780294,0.5416440011273596,0.5417013508495583,both_first
atp:208659,atp:122330,2025-05-18,2025,2025,clay,Hamburg,R32,7-6(6) 6-4,79,55,65,43,86,ATP-2025-0414-368,2025-0414,3,0.6399388105329256,0.5556606652425999,0.6399388105329256,0.5977997378877627,0.5946926502529324,0.597128392144705,both_first
atp:124186,atp:111200,2025-05-18,2025,2025,clay,Hamburg,R32,6-3 7-5,86,49,67,34,86,ATP-2025-0414-369,2025-0414,3,0.6965168182807355,0.5786695148001221,0.6965168182807355,0.6375931665404289,0.6350269283223758,0.634327984971921,both_first
atp:100644,atp:206499,2025-05-18,2025,2025,clay,Hamburg,R32,6-1 7-6(5),49,39,74,41,86,ATP-2025-0414-370,2025-0414,3,0.9702438961034985,0.8064388159902349,0.9702438961034985,0.8883413560468667,0.9107647749114482,0.8883413560468667,both_first
atp:207925,atp:144869,2025-05-18,2025,2025,clay,Hamburg,SF,2-6 7-5 6-4,106,64,101,63,86,ATP-2025-0414-383,2025-0414,3,0.4410728157274643,0.48272810497406166,0.4410728157274643,0.461900460350763,0.46061356656993996,0.4597948759748094,both_later
atp:126094,atp:200000,2025-05-18,2025,2025,clay,Hamburg,SF,6-1 6-4,55,40,51,29,86,ATP-2025-0414-384,2025-0414,3,0.7061951410534707,0.567683857186451,0.7061951410534707,0.6369394991199608,0.6421367906893016,0.634071021854169,both_later
atp:207989,atp:206173,2025-05-26,2025,2025,clay,Roland Garros,F,4-6 6-7(4) 6-4 7-6(3) 7-6(2),194,117,191,116,86,ATP-2025-520-401,2025-520,5,0.32636678674776304,0.39124198962465667,0.32636678674776304,0.35880438818620985,0.38151818534960047,0.3564241623699145,both_later
atp:207518,atp:126207,2025-05-26,2025,2025,clay,Roland Garros,QF,6-2 4-6 7-5 6-2,108,77,114,68,86,ATP-2025-520-395,2025-520,5,0.8084660529772546,0.7108635947512969,0.8084660529772546,0.7596648238642758,0.7231316327873184,0.7592681195615598,both_later
atp:104925,atp:100644,2025-05-26,2025,2025,clay,Roland Garros,QF,4-6 6-3 6-2 6-4,119,84,103,66,86,ATP-2025-520-396,2025-520,5,0.4076013894284507,0.4411046689044858,0.4076013894284507,0.4243530291664682,0.4380056423063086,0.42221692907492114,both_later
atp:207989,atp:126205,2025-05-26,2025,2025,clay,Roland Garros,QF,6-0 6-1 6-4,55,48,87,44,86,ATP-2025-520-397,2025-520,5,0.9100277408441565,0.8097955447055234,0.9100277408441565,0.8599116427748399,0.8238495005601404,0.8586604984355052,both_later
atp:206173,atp:122330,2025-05-26,2025,2025,clay,Roland Garros,QF,6-1 7-5 6-0,77,57,89,45,86,ATP-2025-520-398,2025-520,5,0.9972178571114807,0.9742752517546537,0.9972178571114807,0.9857465544330672,0.9805671310865547,0.9866620259008732,both_later
atp:200443,atp:109739,2025-05-26,2025,2025,clay,Roland Garros,R128,7-6(3) 4-6 6-3 2-6 6-2,152,96,153,94,86,ATP-2025-520-275,2025-520,5,0.5568484718356655,0.5357033872444309,0.5568484718356655,0.5462759295400482,0.5379902059380653,0.5514330854753549,both_first
atp:126214,atp:209070,2025-05-26,2025,2025,clay,Roland Garros,R128,5-7 6-3 6-2 1-6 6-3,154,96,120,76,86,ATP-2025-520-276,2025-520,5,0.9084007496720861,0.8098565761367104,0.9084007496720861,0.8591286629043982,0.82193437081147,0.8614478572895066,both_first
atp:207686,atp:105583,2025-05-26,2025,2025,clay,Roland Garros,R128,6-2 6-4 7-6(4),100,66,100,59,86,ATP-2025-520-277,2025-520,5,0.3206430399336756,0.3830027464144034,0.3206430399336756,0.3518228931740395,0.37741248682445233,0.3534097103849031,both_first
atp:210012,atp:105932,2025-05-26,2025,2025,clay,Roland Garros,R128,7-6(0) 2-6 7-6(9) 2-6 6-2,159,102,182,115,86,ATP-2025-520-278,2025-520,5,0.6355092991969443,0.5946597497711321,0.6355092991969443,0.6150845244840382,0.5916080886827826,0.6179835174654236,both_first
atp:124187,atp:208014,2025-05-26,2025,2025,clay,Roland Garros,R128,1-6 6-3 7-5 7-6(3),113,78,125,83,86,ATP-2025-520-279,2025-520,5,0.6266301327343073,0.587519072322246,0.6266301327343073,0.6070746025282767,0.5854509959442937,0.6028329180607759,both_first
atp:124116,atp:105526,2025-05-26,2025,2025,clay,Roland Garros,R128,7-6(5) 6-3 6-7(5) 6-2,145,100,133,87,86,ATP-2025-520-280,2025-520,5,0.18247910481166132,0.2886481537992066,0.18247910481166132,0.23556362930543395,0.26898850728712254,0.2295215176179149,both_first
atp:207182,atp:122298,2025-05-26,2025,2025,clay,Roland Garros,R128,6-2 7-5 7-5,122,78,125,68,86,ATP-2025-520-281,2025-520,5,0.053939617488693976,0.12892889838266708,0.053939617488693976,0.09143425793568052,0.12902271235530086,0.09027466074312636,both_first
atp:144719,atp:200116,2025-05-26,2025,2025,clay,Roland Garros,R128,6-4 6-1 7-5,88,61,107,57,86,ATP-2025-520-282,2025-520,5,0.8976768762207298,0.8041806530363137,0.8976768762207298,0.8509287646285217,0.809657000112594,0.852088361821076,both_first
atp:144895,atp:202127,2025-05-26,2025,2025,clay,Roland Garros,R128,6-3 7-6(6) 6-3,109,71,111,64,86,ATP-2025-520-283,2025-520,5,0.7996901922628917,0.7197741837046079,0.7996901922628917,0.7597321879837498,0.7156338782971822,0.7605561123047752,both_first
atp:104792,atp:106198,2025-05-26,2025,2025,clay,Roland Garros,R128,4-6 3-6 6-1 7-6(4) 6-1,147,93,155,87,86,ATP-2025-520-284,2025-520,5,0.7899301188633314,0.7033567287152884,0.7899301188633314,0.7466434237893099,0.707444094111923,0.7453922794499752,both_first
atp:209209,atp:207352,2025-05-26,2025,2025,clay,Roland Garros,R128,5-7 7-6(3) 7-6(4) 6-1,166,111,129,89,86,ATP-2025-520-285,2025-520,5,0.17449509780511496,0.24293561184009765,0.17449509780511496,0.2087153548226063,0.2619098323683688,0.2145743722165642,both_first
atp:209098,atp:111794,2025-05-26,2025,2025,clay,Roland Garros,R128,6-3 6-3 7-6(2),99,63,90,49,86,ATP-2025-520-286,2025-520,5,0.6652047913615972,0.6132133048519988,0.6652047913615972,0.639209048106798,0.6124725124423245,0.6369814008684702,both_first
atp:206681,atp:208134,2025-05-26,2025,2025,clay,Roland Garros,R128,6-2 6-3 7-6(3),88,65,106,63,86,ATP-2025-520-287,2025-520,5,0.9179880403372945,0.8296917912725054,0.9179880403372945,0.8738399158049,0.8334409358805173,0.8735957900801516,both_first
atp:208103,atp:111442,2025-05-26,2025,2025,clay,Roland Garros,R128,6-4 6-2 6-1,78,52,78,40,86,ATP-2025-520-288,2025-520,5,0.8226072986428702,0.7233750381446445,0.8226072986428702,0.7729911683937574,0.7355063638076259,0.7748831427605563,both_first
atp:200240,atp:106329,2025-05-26,2025,2025,clay,Roland Garros,R128,6-4 6-3 4-6 6-7(6) 6-1,131,94,166,101,86,ATP-2025-520-289,2025-520,5,0.21929274695285136,0.3004272200183094,0.21929274695285136,0.25985998348558037,0.3001616028225536,0.25964637347642566,both_first
atp:200175,atp:202104,2025-05-26,2025,2025,clay,Roland Garros,R128,6-7(3) 6-7(4) 6-4 6-2 6-2,163,99,189,101,86,ATP-2025-520-290,2025-520,5,0.41543429528658476,0.4429966432712847,0.41543429528658476,0.4292154692789347,0.4433205509524539,0.43150414794844955,both_first
atp:105732,atp:126127,2025-05-26,2025,2025,clay,Roland Garros,R128,7-5 3-6 4-6 7-5 6-2,146,92,155,97,86,ATP-2025-520-291,2025-520,5,0.5573486544681538,0.538754958803784,0.5573486544681538,0.548051806635969,0.5383260993212295,0.54719736659935,both_first
atp:134868,atp:106218,2025-05-26,2025,2025,clay,Roland Garros,R128,4-6 6-3 6-4 7-5,108,82,136,83,86,ATP-2025-520-292,2025-520,5,0.6289701543558308,0.5778761061946903,0.6289701543558308,0.6034231302752606,0.5870703775683787,0.6031484888349188,both_first
atp:144870,atp:206499,2025-05-26,2025,2025,clay,Roland Garros,R128,4-6 6-4 6-4 6-1,111,75,116,67,86,ATP-2025-520-293,2025-520,5,0.3214074381948394,0.36682941714983214,0.3214074381948394,0.3441184276723358,0.3779619982640624,0.3425621261770657,both_first
atp:209263,atp:133975,2025-05-26,2025,2025,clay,Roland Garros,R128,6-4 6-2 6-0,68,49,90,40,86,ATP-2025-520-294,2025-520,5,0.6270162451510927,0.5976502898992981,0.6270162451510927,0.6123332675251953,0.5857180433603425,0.6105328403051771,both_first
atp:200384,atp:200259,2025-05-26,2025,2025,clay,Roland Garros,R128,2-6 6-0 2-6 6-3 6-4,145,83,124,68,86,ATP-2025-520-295,2025-520,5,0.4645039129066453,0.4808971620384498,0.4645039129066453,0.47270053747254753,0.4763138088400467,0.4702897959406586,both_first
atp:104755,atp:209279,2025-05-26,2025,2025,clay,Roland Garros,R128,6-2 2-6 6-3 6-0,95,58,114,58,86,ATP-2025-520-296,2025-520,5,0.4698788529561645,0.4776014647543485,0.4698788529561645,0.4737401588552565,0.47990571906693563,0.47215334164439293,both_first
atp:123755,atp:208316,2025-05-26,2025,2025,clay,Roland Garros,R128,7-6(6) 6-3 3-6 6-7(4) 7-5,200,122,155,99,86,ATP-2025-520-297,2025-520,5,0.6876345484424412,0.6286542569423254,0.6876345484424412,0.6581444026923833,0.6285627204215335,0.6607077228022398,both_first
atp:105916,atp:209262,2025-05-26,2025,2025,clay,Roland Garros,R128,6-4 6-2 6-2,74,52,101,53,86,ATP-2025-520-298,2025-520,5,0.6910772827448836,0.6349404943545927,0.6910772827448836,0.663008888549738,0.6310615747796894,0.6633750771368605,both_first
atp:207985,atp:104527,2025-05-26,2025,2025,clay,Roland Garros,R128,7-6(6) 6-3 6-2,81,64,86,52,86,ATP-2025-520-299,2025-520,5,0.39972881634402263,0.42554165395178517,0.39972881634402263,0.4126352351479039,0.43264603943631896,0.41516803954216697,both_first
atp:106000,atp:202058,2025-05-26,2025,2025,clay,Roland Garros,R128,3-6 6-4 6-3 7-5,137,89,148,88,86,ATP-2025-520-300,2025-520,5,0.3900412137191866,0.41937747940189196,0.3900412137191866,0.40470934656053925,0.4260238157346142,0.4087069053032918,both_first
atp:207411,atp:208859,2025-05-26,2025,2025,clay,Roland Garros,R128,3-6 6-7(7) 6-4 7-6(1) 6-1,147,103,178,105,86,ATP-2025-520-301,2025-520,5,0.5706319596033325,0.545834604821483,0.5706319596033325,0.5582332822124078,0.547263467630524,0.5634209538633079,both_first
atp:207925,atp:105227,2025-05-26,2025,2025,clay,Roland Garros,R128,6-2 6-1 6-3,70,50,74,37,86,ATP-2025-520-302,2025-520,5,0.6652419778061619,0.6122368019530058,0.6652419778061619,0.6387393898795839,0.6124989337588318,0.6356267868890437,both_first
atp:105807,atp:207681,2025-05-26,2025,2025,clay,Roland Garros,R128,6-2 7-6(3) 7-5,118,76,106,58,86,ATP-2025-520-303,2025-520,5,0.7601828112977569,0.6829111992676228,0.7601828112977569,0.7215470052826898,0.6833307936262143,0.7189836851728333,both_first
atp:122330,atp:105902,2025-05-26,2025,2025,clay,Roland Garros,R128,6-2 6-4 6-4,101,71,92,52,86,ATP-2025-520-304,2025-520,5,0.8270674155060181,0.7296612755569118,0.8270674155060181,0.778364345531465,0.7394906562041502,0.779279816999271,both_first
atp:202385,atp:210262,2025-05-26,2025,2025,clay,Roland Garros,R128,6-1 3-6 6-3 6-2,105,73,95,58,86,ATP-2025-520-305,2025-520,5,0.8324779277103552,0.7754348489472078,0.8324779277103552,0.8039563883287815,0.7443802607007819,0.8013015210721444,both_first
atp:132686,atp:208021,2025-05-26,2025,2025,clay,Roland Garros,R128,3-6 6-7(3) 6-4 6-3 6-3,161,101,185,108,86,ATP-2025-520-306,2025-520,5,0.8563733341319991,0.7947207812023191,0.8563733341319991,0.8255470576671591,0.7667993740405362,0.8286901763732928,both_first
atp:207678,atp:210506,2025-05-26,2025,2025,clay,Roland Garros,R128,6-3 6-2 6-4,79,54,89,44,86,ATP-2025-520-307,2025-520,5,0.4176478269636392,0.44037229173024106,0.4176478269636392,0.42901005934694014,0.44481953974890015,0.4305663608422102,both_first
atp:208659,atp:200267,2025-05-26,2025,2025,clay,Roland Garros,R128,4-6 6-3 7-6(5) 6-4,127,86,138,88,86,ATP-2025-520-308,2025-520,5,0.39084032303515287,0.42889838266707353,0.39084032303515287,0.4098693528511132,0.4265712644864841,0.4096557428419585,both_first
atp:211663,atp:128034,2025-05-26,2025,2025,clay,Roland Garros,R128,6-2 6-4 6-2,71,54,79,43,86,ATP-2025-520-309,2025-520,5,0.41845597574448584,0.4475740006103143,0.41845597574448584,0.4330149881774001,0.4453665011001772,0.436920999773372,both_first
atp:208286,atp:200000,2025-05-26,2025,2025,clay,Roland Garros,R128,5-7 2-6 6-3 6-4 6-2,172,105,137,89,86,ATP-2025-520-310,2025-520,5,0.4378723910939925,0.46185535550808665,0.4378723910939925,0.4498638733010396,0.45846239431418,0.44519496881522935,both_first
atp:208363,atp:206909,2025-05-26,2025,2025,clay,Roland Garros,R128,7-6(2) 4-6 6-1 6-2,138,82,124,62,86,ATP-2025-520-311,2025-520,5,0.3993498866297458,0.43371986573085136,0.3993498866297458,0.4165348761802986,0.43238758779163067,0.4160161090152086,both_first
atp:133430,atp:124079,2025-05-26,2025,2025,clay,Roland Garros,R128,6-2 6-0 6-3,71,44,67,28,86,ATP-2025-520-312,2025-520,5,0.6959911920597196,0.6232224595666769,0.6959911920597196,0.6596068258131982,0.6346428165482096,0.6643672774457889,both_first
atp:200221,atp:208010,2025-05-26,2025,2025,clay,Roland Garros,R128,6-3 6-2 6-7(4) 6-3,129,84,128,71,86,ATP-2025-520-313,2025-520,5,0.7754362899526882,0.6949343912114739,0.7754362899526882,0.7351853405820811,0.6955460934662643,0.7343614162610557,both_first
atp:200615,atp:106415,2025-05-26,2025,2025,clay,Roland Garros,R128,7-5 6-4 1-2 RET,63,51,83,53,86,ATP-2025-520-314,2025-520,3,0.6860287209424948,0.5695148001220629,0.6860287209424948,0.6277717605322788,0.6273999569823878,0.6266731947709117,both_first
atp:111575,atp:126846,2025-05-26,2025,2025,clay,Roland Garros,R128,6-4 6-4 6-4,87,59,102,58,86,ATP-2025-520-315,2025-520,5,0.8931209145142056,0.7949649069270674,0.8931209145142056,0.8440429107206365,0.8046082843720347,0.8418762949134959,both_first
atp:200624,atp:209260,2025-05-26,2025,2025,clay,Roland Garros,R128,6-2 4-6 6-3 6-2,107,72,96,53,86,ATP-2025-520-316,2025-520,5,0.6492598913153476,0.5936832468721391,0.6492598913153476,0.6214715690937433,0.6012137680734567,0.6249808763869994,both_first
atp:200005,atp:106331,2025-05-26,2025,2025,clay,Roland Garros,R128,7-5 6-3 7-6(3),116,76,118,64,86,ATP-2025-520-317,2025-520,5,0.7819412401565448,0.6887702166615807,0.7819412401565448,0.7353557284090627,0.7008488655760179,0.7355998541338109,both_first
atp:111460,atp:207830,2025-05-26,2025,2025,clay,Roland Garros,R128,7-6(4) 4-1 RET,46,35,57,34,86,ATP-2025-520-318,2025-520,3,0.3444381374461187,0.44183704607873053,0.3444381374461187,0.3931375917624246,0.3943527006888431,0.39582297473465533,both_first
atp:126774,atp:144869,2025-05-26,2025,2025,clay,Roland Garros,R128,7-5 6-3 6-4,93,66,108,62,86,ATP-2025-520-319,2025-520,5,0.5477566316949415,0.5261824839792493,0.5477566316949415,0.5369695578370954,0.5318917495462159,0.5390751422130491,both_first
atp:210150,atp:124186,2025-05-26,2025,2025,clay,Roland Garros,R128,7-5 6-7(5) 7-5 6-3,135,97,139,90,86,ATP-2025-520-320,2025-520,5,0.6232680684268493,0.5831858407079646,0.6232680684268493,0.6032269545674069,0.5831282578188637,0.6033490174297811,both_first
atp:209113,atp:202103,2025-05-26,2025,2025,clay,Roland Garros,R128,7-5 6-3 6-4,94,67,88,55,86,ATP-2025-520-321,2025-520,5,0.32605637776020385,0.3844675007628929,0.32605637776020385,0.35526193926154837,0.38129605196298,0.3510507705096412,both_first
atp:126094,atp:144750,2025-05-26,2025,2025,clay,Roland Garros,R128,6-4 4-6 6-3 6-1,103,72,114,64,86,ATP-2025-520-322,2025-520,5,0.8948563029968578,0.8013121757705218,0.8948563029968578,0.8480842393836898,0.8065203506763945,0.8475349565030063,both_first
atp:210319,atp:105777,2025-05-26,2025,2025,clay,Roland Garros,R128,2-6 3-6 6-2 RET,86,49,84,49,86,ATP-2025-520-323,2025-520,3,0.04092184889007926,0.20778150747635032,0.04092184889007926,0.1243516781832148,0.10881796273509785,0.1218799052201388,both_first
atp:126207,atp:126128,2025-05-26,2025,2025,clay,Roland Garros,R128,6-4 7-5 6-4,99,70,93,69,86,ATP-2025-520-324,2025-520,5,0.525501329651495,0.5170277693011901,0.525501329651495,0.5212645494763426,0.5170090850565122,0.5180909150546154,both_first
atp:209950,atp:111797,2025-05-26,2025,2025,clay,Roland Garros,R128,6-3 6-4 6-7(6) 6-3,126,92,162,96,86,ATP-2025-520-325,2025-520,5,0.6581861109470648,0.6107720476045163,0.6581861109470648,0.6344790792757906,0.6074996618619013,0.6287116090286133,both_first
atp:210097,atp:132283,2025-05-26,2025,2025,clay,Roland Garros,R128,6-4 4-6 3-6 6-2 6-3,140,92,126,77,86,ATP-2025-520-326,2025-520,5,0.5024074218454374,0.5032956972841013,0.5024074218454374,0.5028515595647693,0.5016049547872216,0.505536942537,both_first
atp:126205,atp:209284,2025-05-26,2025,2025,clay,Roland Garros,R128,6-7(5) 6-2 6-3 6-1,126,77,121,63,86,ATP-2025-520-327,2025-520,5,0.9420655212661647,0.8757094903875496,0.9420655212661647,0.9088875058268572,0.8652007300383283,0.9079415186434576,both_first
atp:111815,atp:106421,2025-05-26,2025,2025,clay,Roland Garros,R128,7-5 6-3 4-6 1-6 7-5,171,102,154,97,86,ATP-2025-520-328,2025-520,5,0.43960109595459584,0.46484589563625267,0.43960109595459584,0.45222349579542426,0.4596245797337477,0.4503925528598124,both_first
atp:208029,atp:105138,2025-05-26,2025,2025,clay,Roland Garros,R128,6-7(4) 6-4 6-3 6-2,135,90,117,73,86,ATP-2025-520-329,2025-520,5,0.7722087809876007,0.6785779676533414,0.7722087809876007,0.725393374320471,0.6929364652589632,0.724813575724194,both_first
atp:200282,atp:111513,2025-05-26,2025,2025,clay,Roland Garros,R128,6-3 6-4 7-6(6),99,66,108,63,86,ATP-2025-520-330,2025-520,5,0.5254246559842634,0.5124504119621606,0.5254246559842634,0.518937533973212,0.5169578954955505,0.525376349963447,both_first
atp:207518,atp:105870,2025-05-26,2025,2025,clay,Roland Garros,R128,7-5 6-2 6-0,70,53,99,51,86,ATP-2025-520-331,2025-520,5,0.7919139009117814,0.6993896856881294,0.7919139009117814,0.7456517932999553,0.7090965965170761,0.7441260075202789,both_first
atp:134770,atp:105077,2025-05-26,2025,2025,clay,Roland Garros,R128,6-3 6-4 6-2,80,55,90,51,86,ATP-2025-520-332,2025-520,5,0.9680332756075948,0.8967043027158987,0.9680332756075948,0.9323687891617467,0.9066765178687234,0.9326434306020885,both_first
atp:104925,atp:111456,2025-05-26,2025,2025,clay,Roland Garros,R128,6-3 6-3 6-3,71,55,79,44,86,ATP-2025-520-333,2025-520,5,0.9850419781219478,0.9326518156850778,0.9850419781219478,0.9588468969035129,0.9422215379294456,0.9603116512520022,both_first
atp:207733,atp:208233,2025-05-26,2025,2025,clay,Roland Garros,R128,3-6 6-1 6-4 6-2,101,70,111,63,86,ATP-2025-520-334,2025-520,5,0.7714784877030316,0.69896246566982,0.7714784877030316,0.7352204766864259,0.692347896065596,0.730337962191461,both_first
atp:127157,atp:126203,2025-05-26,2025,2025,clay,Roland Garros,R128,7-5 3-6 6-3 6-1,112,77,110,71,86,ATP-2025-520-335,2025-520,5,0.14729567669173804,0.24952700640830028,0.14729567669173804,0.19841134155001916,0.23673800973257011,0.1995709387425733,both_first
atp:100644,atp:210530,2025-05-26,2025,2025,clay,Roland Garros,R128,6-3 6-3 6-4,74,60,90,52,86,ATP-2025-520-336,2025-520,5,0.9761889688233307,0.9279523954836741,0.9761889688233307,0.9520706821535024,0.9224186036473917,0.953596467933179,both_first
atp:207989,atp:206748,2025-05-26,2025,2025,clay,Roland Garros,R128,6-3 6-4 6-2,86,61,85,48,86,ATP-2025-520-337,2025-520,5,0.9849303854758571,0.933750381446445,0.9849303854758571,0.959340383461151,0.9419470581733381,0.959859150626241,both_first
atp:206173,atp:126239,2025-05-26,2025,2025,clay,Roland Garros,R128,6-4 6-3 7-5,89,65,88,52,86,ATP-2025-520-338,2025-520,5,0.9851632032171366,0.9355813243820568,0.9851632032171366,0.9603722637995966,0.9425206080218526,0.9592736980382295,both_first
atp:126207,atp:127157,2025-05-26,2025,2025,clay,Roland Garros,R16,6-3 6-4 7-6(4),96,65,99,55,86,ATP-2025-520-387,2025-520,5,0.5434974593532854,0.5305767470247177,0.5434974593532854,0.5370371031890016,0.5290390778655643,0.5362742102991633,both_later
atp:126205,atp:200615,2025-05-26,2025,2025,clay,Roland Garros,R16,6-3 6-3 6-3,88,62,72,41,86,ATP-2025-520-388,2025-520,5,0.6754136246443443,0.6128471162648764,0.6754136246443443,0.6441303704546104,0.6197567147505544,0.643245414702398,both_later
atp:207518,atp:208029,2025-05-26,2025,2025,clay,Roland Garros,R16,7-5 3-6 6-3 6-2,124,78,120,69,86,ATP-2025-520-389,2025-520,5,0.6520590361122951,0.592462618248398,0.6520590361122951,0.6222608271803465,0.6031804721990168,0.6214674185749147,both_later
atp:104925,atp:111815,2025-05-26,2025,2025,clay,Roland Garros,R16,6-2 6-3 6-2,90,56,69,30,86,ATP-2025-520-390,2025-520,5,0.9176349099049677,0.8225511138236191,0.9176349099049677,0.8700930118642933,0.833007250526184,0.8675602074700304,both_later
atp:122330,atp:207733,2025-05-26,2025,2025,clay,Roland Garros,R16,5-7 6-3 6-2 6-4,129,85,106,66,86,ATP-2025-520-391,2025-520,5,0.15949534102231344,0.26173329264571255,0.15949534102231344,0.210614316834013,0.24824545819555294,0.20731861954991168,both_later
atp:100644,atp:134868,2025-05-26,2025,2025,clay,Roland Garros,R16,6-4 3-0 RET,34,24,38,18,86,ATP-2025-520-392,2025-520,5,0.9405723571977788,0.8463533719865731,0.9405723571977788,0.8934628645921759,0.863084981772967,0.896972171885432,both_later
atp:207989,atp:210097,2025-05-26,2025,2025,clay,Roland Garros,R16,7-6(8) 6-3 4-6 6-4,142,96,129,85,86,ATP-2025-520-393,2025-520,5,0.9567603688526708,0.8739395788831248,0.9567603688526708,0.9153499738678978,0.8874076147455258,0.9172114325191032,both_later
atp:206173,atp:126094,2025-05-26,2025,2025,clay,Roland Garros,R16,6-1 6-3 6-4,68,54,89,49,86,ATP-2025-520-394,2025-520,5,0.9223785276881792,0.8217577052181874,0.9223785276881792,0.8720681164531833,0.8389011051800905,0.8716103807192803,both_later
atp:111815,atp:207985,2025-05-26,2025,2025,clay,Roland Garros,R32,6-3 7-6(1) 6-2,106,67,106,53,86,ATP-2025-520-371,2025-520,5,0.7333223293154297,0.6686298443698505,0.7333223293154297,0.7009760868426401,0.6624794395840766,0.7012202125673883,both_later
atp:134868,atp:210319,2025-05-26,2025,2025,clay,Roland Garros,R32,4-6 6-1 6-7(2) 6-1 6-4,139,98,153,94,86,ATP-2025-520-372,2025-520,5,0.8977793724887483,0.8205981080256332,0.8977793724887483,0.8591887402571907,0.8097716711291907,0.8594633816975326,both_later
atp:122330,atp:210012,2025-05-26,2025,2025,clay,Roland Garros,R32,7-5 6-1 6-2,68,58,68,46,86,ATP-2025-520-373,2025-520,5,0.6026642230684355,0.5600549282880684,0.6026642230684355,0.5813595756782519,0.5689869160694344,0.5880425173932351,both_later
atp:127157,atp:209098,2025-05-26,2025,2025,clay,Roland Garros,R32,4-6 6-3 6-3 6-2,104,73,128,68,86,ATP-2025-520-374,2025-520,5,0.5182440147687789,0.5057979859627708,0.5182440147687789,0.5120210003657748,0.5121656769215505,0.5097628374118536,both_later
atp:200615,atp:132686,2025-05-26,2025,2025,clay,Roland Garros,R32,6-4 7-6(11) 7-6(5),118,83,134,84,86,ATP-2025-520-375,2025-520,5,0.5124039225274453,0.5015257857796765,0.5124039225274453,0.506964854153561,0.5082702243664594,0.5131595444190477,both_later
atp:126207,atp:200624,2025-05-26,2025,2025,clay,Roland Garros,R32,7-6(6) 6-3 6-4,100,75,107,69,86,ATP-2025-520-376,2025-520,5,0.37089078206752474,0.41437290204455296,0.37089078206752474,0.39263184205603885,0.41283331322152084,0.39229616918451,both_later
atp:210097,atp:209263,2025-05-26,2025,2025,clay,Roland Garros,R32,6-3 6-3 6-4,82,57,101,57,86,ATP-2025-520-378,2025-520,5,0.8576422976157438,0.7830027464144034,0.8576422976157438,0.8203225220150736,0.7680315530865993,0.8217567606479697,both_later
atp:126205,atp:111575,2025-05-26,2025,2025,clay,Roland Garros,R32,6-3 3-6 7-6(7) 3-6 6-3,159,94,166,99,86,ATP-2025-520-379,2025-520,5,0.4977958451084332,0.5003051571559353,0.4977958451084332,0.49905050113218424,0.4985305581174587,0.4971890424809789,both_later
atp:208029,atp:111460,2025-05-26,2025,2025,clay,Roland Garros,R32,4-6 6-2 5-7 7-5 6-2,136,94,143,88,86,ATP-2025-520-380,2025-520,5,0.7077628760205744,0.6360390601159597,0.7077628760205744,0.671900968068267,0.6432953260115822,0.6761426525357679,both_later
atp:207518,atp:208363,2025-05-26,2025,2025,clay,Roland Garros,R32,4-6 6-4 6-3 6-2,115,70,132,68,86,ATP-2025-520-381,2025-520,5,0.8206455047437375,0.7276472383277388,0.8206455047437375,0.7741463715357382,0.7337666681867374,0.7695995299123021,both_later
atp:104925,atp:209209,2025-05-26,2025,2025,clay,Roland Garros,R32,6-3 6-4 6-2,75,57,90,52,86,ATP-2025-520-382,2025-520,5,0.9907261886225392,0.9550503509307293,0.9907261886225392,0.9728882697766343,0.9574731688550514,0.9728882697766343,both_later
atp:207733,atp:211663,2025-05-26,2025,2025,clay,Roland Garros,R32,6-2 6-4 6-2,68,54,84,46,86,ATP-2025-520-383,2025-520,5,0.6029564817796784,0.5628013426914861,0.6029564817796784,0.5828789122355822,0.5691864725923209,0.5855948109234065,both_later
atp:100644,atp:207925,2025-05-26,2025,2025,clay,Roland Garros,R32,6-2 7-6(4) 6-1,92,61,101,52,86,ATP-2025-520-384,2025-520,5,0.9011981893813439,0.8029600244125725,0.9011981893813439,0.8520791068969582,0.8136251082239006,0.8501261010989722,both_later
atp:207989,atp:106000,2025-05-26,2025,2025,clay,Roland Garros,R32,6-1 6-3 4-6 6-4,131,81,126,68,86,ATP-2025-520-385,2025-520,5,0.9953000116139792,0.9660360085444004,0.9953000116139792,0.9806680100791898,0.9726237850040478,0.9814919344002151,both_later
atp:206173,atp:208103,2025-05-26,2025,2025,clay,Roland Garros,R32,6-0 6-1 6-2,55,46,81,36,86,ATP-2025-520-386,2025-520,5,0.951980209178682,0.8659444613976198,0.951980209178682,0.9089623352881508,0.879879265377692,0.9109763725173239,both_later
atp:210319,atp:207686,2025-05-26,2025,2025,clay,Roland Garros,R64,6-4 4-6 6-7(5) 7-6(3) 7-5,195,126,179,115,86,ATP-2025-520-339,2025-520,5,0.16141226396361003,0.2370155630149527,0.16141226396361003,0.19921391348928136,0.25002012060935025,0.19808483201232074,both_later
atp:111815,atp:144870,2025-05-26,2025,2025,clay,Roland Garros,R64,7-6(7) 6-2 6-1,94,62,104,54,86,ATP-2025-520-340,2025-520,5,0.8929017490074781,0.8212694537686909,0.8929017490074781,0.8570856013880845,0.8043677488367917,0.8566278656541815,both_later
atp:208363,atp:124187,2025-05-26,2025,2025,clay,Roland Garros,R64,6-1 7-6(1) 6-3,99,66,99,54,86,ATP-2025-520-341,2025-520,5,0.802243430264074,0.7154409520903265,0.802243430264074,0.7588421911772003,0.7178017357400046,0.757560531122272,both_later
atp:209098,atp:207678,2025-05-26,2025,2025,clay,Roland Garros,R64,6-3 6-4 7-5,95,57,105,55,86,ATP-2025-520-342,2025-520,5,0.7575929806504398,0.6799816905706438,0.7575929806504398,0.7187873356105419,0.6812854217747345,0.716498656941027,both_later
atp:111460,atp:200175,2025-05-26,2025,2025,clay,Roland Garros,R64,4-6 6-3 7-6(2) 7-5,150,102,126,85,86,ATP-2025-520-343,2025-520,5,0.41780739576015924,0.44482758620689655,0.41780739576015924,0.4313174909835279,0.4449275502147123,0.43403338967135213,both_later
atp:134868,atp:209113,2025-05-26,2025,2025,clay,Roland Garros,R64,7-5 7-6(3) 1-6 6-3,133,81,113,69,86,ATP-2025-520-344,2025-520,5,0.5215876631886825,0.5103753433018005,0.5215876631886825,0.5159815032452415,0.5143967474911172,0.5171411004377957,both_later
atp:211663,atp:105732,2025-05-26,2025,2025,clay,Roland Garros,R64,7-6(4) 7-6(4) 6-4,108,69,127,75,86,ATP-2025-520-345,2025-520,5,0.7118219847302164,0.6537381751602075,0.7118219847302164,0.682780079945212,0.6463041782505098,0.6774398297163441,both_later
atp:207925,atp:208286,2025-05-26,2025,2025,clay,Roland Garros,R64,6-3 6-3 6-7(6) 6-1,122,75,121,61,86,ATP-2025-520-346,2025-520,5,0.678738339704965,0.6175465364662801,0.678738339704965,0.6481424380856226,0.6221427697472833,0.6479288280764679,both_later
atp:127157,atp:200240,2025-05-26,2025,2025,clay,Roland Garros,R64,6-2 4-6 6-3 7-5,155,98,112,68,86,ATP-2025-520-347,2025-520,5,0.8090229061193343,0.7205065608788526,0.8090229061193343,0.7647647334990935,0.7236118993296535,0.7617436776553339,both_later
atp:106000,atp:208659,2025-05-26,2025,2025,clay,Roland Garros,R64,7-6(4) 6-3 4-6 6-4,133,92,108,75,86,ATP-2025-520-348,2025-520,5,0.25893764659045937,0.325877326823314,0.25893764659045937,0.29240748670688665,0.33159092410323654,0.29545905826623975,both_later
atp:209209,atp:133430,2025-05-26,2025,2025,clay,Roland Garros,R64,7-6(5) 7-6(6) 4-6 4-6 6-3,170,111,182,111,86,ATP-2025-520-349,2025-520,5,0.14970018877546878,0.2447665547757095,0.14970018877546878,0.19723337177558914,0.23903640861708034,0.19888122041763978,both_later
atp:208103,atp:200221,2025-05-26,2025,2025,clay,Roland Garros,R64,6-3 3-6 6-1 6-2,101,72,98,59,86,ATP-2025-520-350,2025-520,5,0.5690939787023074,0.5445529447665548,0.5690939787023074,0.5568234617344311,0.5462268704472046,0.5584102789452947,both_later
atp:200615,atp:126214,2025-05-26,2025,2025,clay,Roland Garros,R64,7-5 6-3 6-4,86,60,104,59,86,ATP-2025-520-351,2025-520,5,0.34812181404255105,0.3991150442477876,0.34812181404255105,0.3736184291451693,0.3969467159482108,0.3786535222181019,both_later
atp:111575,atp:124116,2025-05-26,2025,2025,clay,Roland Garros,R64,7-5 3-6 7-5 4-6 6-2,173,108,183,107,86,ATP-2025-520-352,2025-520,5,0.8406356586555941,0.7418675617943241,0.8406356586555941,0.7912516102249592,0.7518761384288002,0.7899089187388437,both_later
atp:200624,atp:202385,2025-05-26,2025,2025,clay,Roland Garros,R64,6-1 6-2 7-6(2),98,62,87,42,86,ATP-2025-520-353,2025-520,5,0.8130098710822958,0.7264266097039975,0.8130098710822958,0.7697182403931466,0.7270668661927675,0.7741430191542087,both_later
atp:207985,atp:200005,2025-05-26,2025,2025,clay,Roland Garros,R64,6-3 4-4 RET,50,32,77,40,86,ATP-2025-520-354,2025-520,3,0.2718837403541463,0.4035703387244431,0.2718837403541463,0.3377270395392947,0.3414758755629639,0.3405344853738995,both_later
atp:209263,atp:126774,2025-05-26,2025,2025,clay,Roland Garros,R64,6-4 5-7 6-2 6-4,123,84,119,75,86,ATP-2025-520-355,2025-520,5,0.03841832549162683,0.09383582545010681,0.03841832549162683,0.06612707547086683,0.10464031494320765,0.0652116040030609,both_later
atp:210012,atp:210150,2025-05-26,2025,2025,clay,Roland Garros,R64,2-6 1-6 6-4 6-3 6-3,133,79,122,77,86,ATP-2025-520-356,2025-520,5,0.22981760163259715,0.2976808056148917,0.22981760163259715,0.26374920362374443,0.30869495191481966,0.2661904608712269,both_later
atp:126094,atp:200443,2025-05-26,2025,2025,clay,Roland Garros,R64,7-6(1) 6-1 7-6(5),101,75,115,68,86,ATP-2025-520-357,2025-520,5,0.9400321233024431,0.8627097955447055,0.9400321233024431,0.9013709594235744,0.8623250337166694,0.8996010479191495,both_later
atp:126207,atp:105807,2025-05-26,2025,2025,clay,Roland Garros,R64,6-4 6-3 6-1,66,52,85,48,86,ATP-2025-520-358,2025-520,5,0.4575662752091095,0.4742447360390601,0.4575662752091095,0.4659055056240848,0.47167300305091603,0.46672942994511013,both_later
atp:209950,atp:144719,2025-05-26,2025,2025,clay,Roland Garros,R64,7-6(3) 7-6(4) 2-6 0-6 6-4,173,95,158,95,86,ATP-2025-520-359,2025-520,5,0.6797660831657262,0.6173024107415319,0.6797660831657262,0.648534246953629,0.6228817786299632,0.6476187754858231,both_later
atp:126205,atp:105916,2025-05-26,2025,2025,clay,Roland Garros,R64,4-6 2-6 6-3 7-5 6-4,138,92,141,92,86,ATP-2025-520-361,2025-520,5,0.6958405736409754,0.6266402197131523,0.6958405736409754,0.6612403966770639,0.6345327865503451,0.661423490970625,both_later
atp:208029,atp:207182,2025-05-26,2025,2025,clay,Roland Garros,R64,6-3 7-6(5) 6-3,97,68,102,59,86,ATP-2025-520-362,2025-520,5,0.980004112178739,0.9325907842538907,0.980004112178739,0.9562974482163149,0.9305188440828156,0.956480542509876,both_later
atp:122330,atp:200282,2025-05-26,2025,2025,clay,Roland Garros,R64,2-6 2-6 6-4 6-3 6-2,130,80,128,80,86,ATP-2025-520-363,2025-520,5,0.1218864888996278,0.22883735123588647,0.1218864888996278,0.17536192006775714,0.2114083407113559,0.17423283859079652,both_later
atp:207518,atp:123755,2025-05-26,2025,2025,clay,Roland Garros,R64,6-4 6-0 6-4,81,59,77,42,86,ATP-2025-520-364,2025-520,5,0.951629773873963,0.8682636557827281,0.951629773873963,0.9099467148283455,0.8793399416311017,0.9080547404615467,both_later
atp:132686,atp:134770,2025-05-26,2025,2025,clay,Roland Garros,R64,2-6 6-4 6-1 6-0,95,61,99,49,86,ATP-2025-520-365,2025-520,5,0.15903151115625822,0.25776624961855354,0.15903151115625822,0.2083988803874059,0.24781473677268198,0.211511483377946,both_later
atp:104925,atp:144895,2025-05-26,2025,2025,clay,Roland Garros,R64,6-3 6-2 7-6(1),107,69,106,55,86,ATP-2025-520-366,2025-520,5,0.9755002666440981,0.9021361000915471,0.9755002666440981,0.9388181833678226,0.9210130919253253,0.9415035663400533,both_later
atp:207733,atp:104792,2025-05-26,2025,2025,clay,Roland Garros,R64,6-3 4-6 6-3 7-5,116,78,153,83,86,ATP-2025-520-367,2025-520,5,0.6947130333965299,0.6262740311260299,0.6947130333965299,0.6604935322612799,0.6337096208060778,0.6587236207568552,both_later
atp:100644,atp:207411,2025-05-26,2025,2025,clay,Roland Garros,R64,3-6 6-1 6-2 6-3,101,68,122,63,86,ATP-2025-520-368,2025-520,5,0.9793696526960355,0.9244736039060116,0.9793696526960355,0.9519216283010236,0.9291319233321291,0.9540577283925706,both_later
atp:207989,atp:206681,2025-05-26,2025,2025,clay,Roland Garros,R64,6-1 4-6 6-1 6-2,92,63,113,55,86,ATP-2025-520-369,2025-520,5,0.9721922319665884,0.8981690570643882,0.9721922319665884,0.9351806445154883,0.9144711440518356,0.9372862288914419,both_later
atp:206173,atp:104755,2025-05-26,2025,2025,clay,Roland Garros,R64,6-3 6-0 6-4,72,54,81,44,86,ATP-2025-520-370,2025-520,5,0.9960570864796285,0.9702471772963076,0.9960570864796285,0.9831521318879681,0.9755869889449439,0.9825723332916909,both_later
atp:207989,atp:207518,2025-05-26,2025,2025,clay,Roland Garros,SF,4-6 7-6(3) 6-0 2-0 RET,81,56,102,54,86,ATP-2025-520-399,2025-520,5,0.8251968618282239,0.7242294781812634,0.8251968618282239,0.7747131700047436,0.7378146686893945,0.7737061513901571,both_later
atp:206173,atp:104925,2025-05-26,2025,2025,clay,Roland Garros,SF,6-4 7-5 7-6(3),111,79,114,73,86,ATP-2025-520-400,2025-520,5,0.759667818788227,0.6702776930119011,0.759667818788227,0.714972755900064,0.6829234329882073,0.7176581388722947,both_later
atp:126203,atp:100644,2025-06-09,2025,2025,grass,Stuttgart,F,6-3 7-6(0),59,49,64,41,86,ATP-2025-0321-385,2025-0321,3,0.3774907436238147,0.44934391211473906,0.3774907436238147,0.4134173278692769,0.4173953512854864,0.41695715087812646,both_later
atp:126203,atp:105916,2025-06-09,2025,2025,grass,Stuttgart,QF,6-3 6-4,55,41,58,36,86,ATP-2025-0321-379,2025-0321,3,0.7845331100176329,0.6226731766859933,0.7845331100176329,0.7036031433518131,0.7029783398512985,0.7021078732877302,both_later
atp:200000,atp:211514,2025-06-09,2025,2025,grass,Stuttgart,QF,7-6(3) 6-3,60,49,77,47,86,ATP-2025-0321-380,2025-0321,3,0.8246555370499845,0.6687519072322246,0.8246555370499845,0.7467037221411046,0.7373310041084702,0.7510979851865729,both_later
atp:210097,atp:208103,2025-06-09,2025,2025,grass,Stuttgart,QF,6-4 6-4,44,40,48,35,86,ATP-2025-0321-381,2025-0321,3,0.3480205254002448,0.43518462007934083,0.3480205254002448,0.3916025727397928,0.39687548383445637,0.3903209126848646,both_later
atp:100644,atp:206909,2025-06-09,2025,2025,grass,Stuttgart,QF,7-5 6-4,66,49,64,41,86,ATP-2025-0321-382,2025-0321,3,0.8299078032466247,0.650259383582545,0.8299078032466247,0.7400835934145849,0.7420497067996964,0.7409075177356101,both_later
atp:126203,atp:111460,2025-06-09,2025,2025,grass,Stuttgart,R16,6-3 7-6(6),69,54,64,46,86,ATP-2025-0321-371,2025-0321,3,0.7104012705397955,0.5816600549282881,0.7104012705397955,0.6460306627340417,0.6452495304514797,0.6481057313944019,mixed_first_later
atp:105916,atp:126239,2025-06-09,2025,2025,grass,Stuttgart,R16,7-6(4) 6-3,59,49,64,43,86,ATP-2025-0321-372,2025-0321,3,0.6592917876174554,0.5601159597192554,0.6592917876174554,0.6097038736683554,0.6082812352003327,0.6092461379344525,both_later
atp:200000,atp:208659,2025-06-09,2025,2025,grass,Stuttgart,R16,6-4 6-4,50,39,60,38,86,ATP-2025-0321-373,2025-0321,3,0.5998703216698359,0.5352761672261215,0.5998703216698359,0.5675732444479786,0.5670805990499135,0.5698314074019,mixed_first_later
atp:211514,atp:210506,2025-06-09,2025,2025,grass,Stuttgart,R16,6-4 6-4,47,40,69,40,86,ATP-2025-0321-374,2025-0321,3,0.22890935791399933,0.3602380225816295,0.22890935791399933,0.29457369024781443,0.3079643983684508,0.29655721176139394,both_later
atp:208103,atp:105526,2025-06-09,2025,2025,grass,Stuttgart,R16,6-4 7-5,65,47,75,48,86,ATP-2025-0321-375,2025-0321,3,0.6026620150182418,0.5313701556301496,0.6026620150182418,0.5670160853241957,0.5689854085007512,0.5714408640852576,both_later
atp:210097,atp:105732,2025-06-09,2025,2025,grass,Stuttgart,R16,7-6(4) 7-5,77,58,77,53,86,ATP-2025-0321-376,2025-0321,3,0.7240984688098987,0.5898382667073543,0.7240984688098987,0.6569683677586264,0.6554890159911766,0.6564801163091301,mixed_first_later
atp:206909,atp:210530,2025-06-09,2025,2025,grass,Stuttgart,R16,7-6(5) 6-3,55,45,81,51,86,ATP-2025-0321-377,2025-0321,3,0.7177095965001464,0.591608178211779,0.7177095965001464,0.6546588873559627,0.6506927801591974,0.6538654787505309,both_later
atp:100644,atp:144895,2025-06-09,2025,2025,grass,Stuttgart,R16,6-2 7-6(7),78,48,69,38,86,ATP-2025-0321-378,2025-0321,3,0.9508303835357959,0.7618858712236802,0.9508303835357959,0.856358127379738,0.8781157441036563,0.8560529702238027,mixed_first_later
atp:111460,atp:132283,2025-06-09,2025,2025,grass,Stuttgart,R32,6-7(6) 7-5 6-4,108,74,101,67,86,ATP-2025-0321-359,2025-0321,3,0.5802917563402918,0.5296612755569118,0.5802917563402918,0.5549765159486018,0.5537862773951644,0.5557699245540336,both_first
atp:105916,atp:105870,2025-06-09,2025,2025,grass,Stuttgart,R32,7-5 6-4,69,47,71,44,86,ATP-2025-0321-360,2025-0321,3,0.4995371179899801,0.49548367409215743,0.4995371179899801,0.4975103960410687,0.49969141194434374,0.4990361818207453,both_first
atp:126239,atp:133430,2025-06-09,2025,2025,grass,Stuttgart,R32,6-4 2-6 6-0,66,46,73,41,86,ATP-2025-0321-361,2025-0321,3,0.27443288313070013,0.4033872444308819,0.27443288313070013,0.338910063780791,0.34340326653323516,0.3460812569452707,both_first
atp:208659,atp:126128,2025-06-09,2025,2025,grass,Stuttgart,R32,7-6(10) 3-6 7-5,119,82,97,75,86,ATP-2025-0321-362,2025-0321,3,0.380932975686684,0.44812328349099784,0.380932975686684,0.4145281295888409,0.41976778345724447,0.41696938683632334,both_first
atp:211514,atp:105902,2025-06-09,2025,2025,grass,Stuttgart,R32,4-6 6-4 7-6(5),105,70,104,68,86,ATP-2025-0321-363,2025-0321,3,0.44706130399601396,0.4819957277998169,0.44706130399601396,0.46452851589791544,0.4646339223504062,0.4597070328341376,both_first
atp:210506,atp:104792,2025-06-09,2025,2025,grass,Stuttgart,R32,6-4 4-6 6-3,82,58,93,58,86,ATP-2025-0321-364,2025-0321,3,0.5819913606465458,0.5300884955752212,0.5819913606465458,0.5560399281108834,0.554936239268364,0.5547277523403618,both_first
atp:208103,atp:126127,2025-06-09,2025,2025,grass,Stuttgart,R32,6-4 6-4,56,43,69,42,86,ATP-2025-0321-365,2025-0321,3,0.6962041511356308,0.5729935916997254,0.6962041511356308,0.6345988714176781,0.6347984161426156,0.6372232229587218,both_first
atp:105526,atp:208286,2025-06-09,2025,2025,grass,Stuttgart,R32,6-4 6-4,54,41,65,40,86,ATP-2025-0321-366,2025-0321,3,0.7453519855161765,0.5930729325602685,0.7453519855161765,0.6692124590382225,0.671721806422775,0.6686021447263519,both_first
atp:105732,atp:106000,2025-06-09,2025,2025,grass,Stuttgart,R32,6-4 3-0 RET,44,31,34,21,86,ATP-2025-0321-367,2025-0321,3,0.6225481371217246,0.5473603906011596,0.6225481371217246,0.5849542638614421,0.5826314723478869,0.5859307667604351,both_first
atp:206909,atp:207985,2025-06-09,2025,2025,grass,Stuttgart,R32,4-6 7-6(4) 6-1,85,58,86,53,86,ATP-2025-0321-368,2025-0321,3,0.6925530552613095,0.5796460176991151,0.6925530552613095,0.6360995364802122,0.6321352915214509,0.6373201651039535,both_first
atp:210530,atp:106415,2025-06-09,2025,2025,grass,Stuttgart,R32,6-7(3) 7-6(3) 0-0 RET,80,53,77,54,86,ATP-2025-0321-369,2025-0321,3,0.6536167061983369,0.5649984742142203,0.6536167061983369,0.6093075902062786,0.6042766509119785,0.6081479930137245,both_first
atp:144895,atp:104926,2025-06-09,2025,2025,grass,Stuttgart,R32,6-4 6-7(3) 6-3,101,68,87,58,86,ATP-2025-0321-370,2025-0321,3,0.6562814097843147,0.5543790051876717,0.6562814097843147,0.6053302074859932,0.6061548340513904,0.6058794903666767,both_first
atp:126203,atp:200000,2025-06-09,2025,2025,grass,Stuttgart,SF,6-4 7-6(5),57,49,67,48,86,ATP-2025-0321-383,2025-0321,3,0.7086028141172583,0.5913640524870308,0.7086028141172583,0.6499834333021446,0.6439168392261148,0.6465961888712627,both_later
atp:100644,atp:210097,2025-06-09,2025,2025,grass,Stuttgart,SF,7-6(8) 7-6(1),75,60,97,65,86,ATP-2025-0321-384,2025-0321,3,0.8355675941267666,0.6630149527006408,0.8355675941267666,0.7492912734137037,0.7472013009851014,0.7480706447899625,both_later
atp:209113,atp:200267,2025-06-09,2025,2025,grass,s Hertogenbosch,F,7-5 7-6(8),77,58,81,55,86,ATP-2025-0440-385,2025-0440,3,0.2791347623556691,0.40143423863289596,0.2791347623556691,0.3402845004942825,0.3469427500578404,0.34751672508994924,both_later
atp:200005,atp:132686,2025-06-09,2025,2025,grass,s Hertogenbosch,QF,6-1 6-4,48,37,49,28,86,ATP-2025-0440-379,2025-0440,3,0.8534443932801768,0.6595361611229783,0.8534443932801768,0.7564902772015776,0.763972531144502,0.7565513086327647,both_later
atp:209113,atp:111575,2025-06-09,2025,2025,grass,s Hertogenbosch,QF,7-6(6) 6-4,74,50,79,49,86,ATP-2025-0440-380,2025-0440,3,0.19705459026014122,0.37390906316753125,0.19705459026014122,0.28548182671383626,0.28160032483956243,0.28331521090669554,both_later
atp:200267,atp:210136,2025-06-09,2025,2025,grass,s Hertogenbosch,QF,7-6(2) 7-6(4),91,60,99,60,86,ATP-2025-0440-381,2025-0440,3,0.5741049911196555,0.5310039670430272,0.5741049911196555,0.5525544790813414,0.5496061780853052,0.5532868562555862,both_later
atp:124187,atp:106421,2025-06-09,2025,2025,grass,s Hertogenbosch,QF,7-6(5) 7-6(5),78,60,77,57,86,ATP-2025-0440-382,2025-0440,3,0.0979354012216013,0.2911504424778761,0.0979354012216013,0.1945429218497387,0.18538935470331272,0.19146083457479213,both_later
atp:200005,atp:105554,2025-06-09,2025,2025,grass,s Hertogenbosch,R16,7-5 6-3,70,49,57,33,86,ATP-2025-0440-371,2025-0440,3,0.8533838539702752,0.6523954836740922,0.8533838539702752,0.7528896688221837,0.7639143514367942,0.7563989761154397,mixed_first_later
atp:111575,atp:111456,2025-06-09,2025,2025,grass,s Hertogenbosch,R16,6-3 5-7 7-6(4),103,72,108,70,86,ATP-2025-0440-373,2025-0440,3,0.7295762165550409,0.5814769606347269,0.7295762165550409,0.6555265885948839,0.6596307225956807,0.6563199972003158,mixed_first_later
atp:209113,atp:111442,2025-06-09,2025,2025,grass,s Hertogenbosch,R16,4-6 6-1 7-5,88,62,82,53,86,ATP-2025-0440-374,2025-0440,3,0.20745111530679441,0.3689655172413793,0.20745111530679441,0.2882083162740869,0.2903731785426397,0.29135143498022054,both_later
atp:200267,atp:200615,2025-06-09,2025,2025,grass,s Hertogenbosch,R16,6-7(3) 6-2 7-6(3),128,72,127,66,86,ATP-2025-0440-376,2025-0440,3,0.5090172409773275,0.5035398230088496,0.5090172409773275,0.5062785319930885,0.5060118561074987,0.5034710861584837,mixed_first_later
atp:124187,atp:111797,2025-06-09,2025,2025,grass,s Hertogenbosch,R16,7-6(5) 6-3,62,46,57,39,86,ATP-2025-0440-377,2025-0440,3,0.28465278375594505,0.4041806530363137,0.28465278375594505,0.34441671839612936,0.3510716587235266,0.3441725926713811,both_later
atp:106421,atp:105173,2025-06-09,2025,2025,grass,s Hertogenbosch,R16,7-6(6) 6-4,63,48,98,58,86,ATP-2025-0440-378,2025-0440,3,0.8324314529813173,0.6295086969789442,0.8324314529813173,0.7309700749801307,0.7443379894068569,0.7341131936862644,mixed_first_later
atp:105554,atp:208014,2025-06-09,2025,2025,grass,s Hertogenbosch,R32,3-6 6-4 6-3,96,55,88,51,86,ATP-2025-0440-359,2025-0440,3,0.4962041434037037,0.5034177601464754,0.4962041434037037,0.4998109517750896,0.49746940192640277,0.4980715559862583,both_first
atp:202261,atp:144869,2025-06-09,2025,2025,grass,s Hertogenbosch,R32,7-6(6) 7-5,77,49,103,57,86,ATP-2025-0440-360,2025-0440,3,0.5851887208022344,0.5401586817210864,0.5851887208022344,0.5626737012616604,0.5571015804229638,0.5551058037944647,both_first
atp:132686,atp:210460,2025-06-09,2025,2025,grass,s Hertogenbosch,R32,7-6(2) 6-2,54,43,69,39,86,ATP-2025-0440-361,2025-0440,3,0.5220404315431784,0.5067744888617638,0.5220404315431784,0.5144074602024711,0.5146989126872079,0.5144379759180646,both_first
atp:111456,atp:208233,2025-06-09,2025,2025,grass,s Hertogenbosch,R32,6-1 6-7(4) 6-3,103,69,78,46,86,ATP-2025-0440-362,2025-0440,3,0.4780857046923369,0.49316447970704913,0.4780857046923369,0.485625092199693,0.48538526851794256,0.4852589036125706,both_first
atp:209113,atp:126846,2025-06-09,2025,2025,grass,s Hertogenbosch,R32,7-5 7-6(2),77,56,64,45,86,ATP-2025-0440-363,2025-0440,3,0.3765992656930276,0.460207506866036,0.3765992656930276,0.4184033862795318,0.41678017415049734,0.413642934646941,both_first
atp:111442,atp:206499,2025-06-09,2025,2025,grass,s Hertogenbosch,R32,6-4 6-4,46,40,63,41,86,ATP-2025-0440-364,2025-0440,3,0.7956391189437361,0.6281660054928289,0.7956391189437361,0.7119025622182824,0.7122162326979029,0.7126044236769337,both_first
atp:128034,atp:105138,2025-06-09,2025,2025,grass,s Hertogenbosch,R32,7-6(2) 6-4,66,52,76,51,86,ATP-2025-0440-365,2025-0440,3,0.6750677603722128,0.5615196826365578,0.6750677603722128,0.6182937215043853,0.6195088974030799,0.6183547529355724,both_first
atp:210136,atp:111513,2025-06-09,2025,2025,grass,s Hertogenbosch,R32,6-2 6-4,52,38,60,33,86,ATP-2025-0440-366,2025-0440,3,0.5580294277065775,0.5206286237412268,0.5580294277065775,0.5393290257239021,0.5387833364522785,0.5410379057971398,both_first
atp:200267,atp:210696,2025-06-09,2025,2025,grass,s Hertogenbosch,R32,6-3 1-6 7-6(3),125,74,98,63,86,ATP-2025-0440-367,2025-0440,3,0.8556225693769343,0.6987183399450717,0.8556225693769343,0.777170454661003,0.7660725091904677,0.7748817759914881,both_first
atp:111797,atp:209260,2025-06-09,2025,2025,grass,s Hertogenbosch,R32,5-7 6-4 7-6(3),111,77,113,76,86,ATP-2025-0440-368,2025-0440,3,0.6555158925463659,0.5559047909673482,0.6555158925463659,0.605710341756857,0.6056148836054063,0.6068089075182241,both_first
atp:124187,atp:207411,2025-06-09,2025,2025,grass,s Hertogenbosch,R32,6-7(5) 7-6(5) 6-2,107,76,120,77,86,ATP-2025-0440-369,2025-0440,3,0.4174391813937727,0.46551724137931033,0.4174391813937727,0.44147821138654153,0.4446782999787063,0.441447695670948,both_first
atp:105173,atp:106331,2025-06-09,2025,2025,grass,s Hertogenbosch,R32,6-1 6-3,56,39,65,34,86,ATP-2025-0440-370,2025-0440,3,0.5528975859817199,0.5151357949343912,0.5528975859817199,0.5340166904580556,0.5353384990612802,0.5351762876506097,both_first
atp:209113,atp:200005,2025-06-09,2025,2025,grass,s Hertogenbosch,SF,6-3 7-6(4),64,50,68,44,86,ATP-2025-0440-383,2025-0440,3,0.1122959986449647,0.30274641440341776,0.1122959986449647,0.20752120652419123,0.20127679366599036,0.21170185956050494,both_later
atp:200267,atp:124187,2025-06-09,2025,2025,grass,s Hertogenbosch,SF,6-1 6-4,47,36,52,28,86,ATP-2025-0440-384,2025-0440,3,0.7859447966633802,0.6324382056759231,0.7859447966633802,0.7091915011696517,0.7041422734795403,0.7083065454174393,both_later
atp:207989,atp:208103,2025-06-16,2025,2025,grass,Queen's Club,F,7-5 6-7(5) 6-2,83,68,100,64,86,ATP-2025-0311-385,2025-0311,3,0.7315960635689166,0.5942325297528227,0.7315960635689166,0.6629142966608697,0.6611650319250986,0.6615716051747543,both_later
atp:207733,atp:206909,2025-06-16,2025,2025,grass,Queen's Club,QF,6-4 5-7 6-4,102,71,105,69,86,ATP-2025-0311-379,2025-0311,3,0.7001578279654775,0.5679890143423864,0.7001578279654775,0.634073421153932,0.637693300161584,0.6347142511813961,both_later
atp:208103,atp:207985,2025-06-16,2025,2025,grass,Queen's Club,QF,7-5 6-2,54,39,58,32,86,ATP-2025-0311-380,2025-0311,3,0.7974437703498497,0.6383582545010681,0.7974437703498497,0.7179010124254589,0.7137354242812528,0.7195793767831031,both_later
atp:105138,atp:208029,2025-06-16,2025,2025,grass,Queen's Club,QF,7-6(5) 6-7(4) 6-2,88,71,129,82,86,ATP-2025-0311-381,2025-0311,3,0.4204218200817764,0.47705218187366494,0.4204218200817764,0.4487370009777207,0.4466963190087522,0.44989659817027483,both_later
atp:207989,atp:126239,2025-06-16,2025,2025,grass,Queen's Club,QF,7-5 6-4,60,45,54,38,86,ATP-2025-0311-382,2025-0311,3,0.934817077619503,0.7411351846200793,0.934817077619503,0.8379761311197911,0.8551323364019777,0.8405089355140543,both_later
atp:207733,atp:200615,2025-06-16,2025,2025,grass,Queen's Club,R16,3-6 6-2 7-6(5),83,59,95,63,86,ATP-2025-0311-371,2025-0311,3,0.7704817308435697,0.608452853219408,0.7704817308435697,0.6894672920314888,0.6915457002617149,0.6879720219674059,both_later
atp:206909,atp:105554,2025-06-16,2025,2025,grass,Queen's Club,R16,7-5 7-6(4),77,55,72,48,86,ATP-2025-0311-372,2025-0311,3,0.7114514217048691,0.5819652120842234,0.7114514217048691,0.6467083168945462,0.6460289355010426,0.6457012982799597,both_later
atp:207985,atp:144895,2025-06-16,2025,2025,grass,Queen's Club,R16,6-3 2-6 6-2,81,51,78,45,86,ATP-2025-0311-373,2025-0311,3,0.48487262224432026,0.49218797680805615,0.48487262224432026,0.4885302995261882,0.4899133713476934,0.49078846248010943,both_later
atp:208103,atp:209113,2025-06-16,2025,2025,grass,Queen's Club,R16,6-4 6-2,45,36,50,31,86,ATP-2025-0311-374,2025-0311,3,0.8620659894158041,0.6769301190112909,0.8620659894158041,0.7694980542135474,0.7723633337301645,0.769070834195238,both_later
atp:105138,atp:210150,2025-06-16,2025,2025,grass,Queen's Club,R16,3-6 6-3 7-5,91,62,100,64,86,ATP-2025-0311-375,2025-0311,3,0.6092669424298017,0.5353371986573086,0.6092669424298017,0.5723020705435551,0.5735022073647534,0.5744686863506958,both_later
atp:208029,atp:111456,2025-06-16,2025,2025,grass,Queen's Club,R16,2-6 6-1 6-1,62,43,66,34,86,ATP-2025-0311-376,2025-0311,3,0.7035106240657135,0.5725053402502289,0.7035106240657135,0.6380079821579712,0.6401574824618546,0.6391065479193383,both_later
atp:126239,atp:124187,2025-06-16,2025,2025,grass,Queen's Club,R16,7-5 7-6(3),67,52,82,55,86,ATP-2025-0311-377,2025-0311,3,0.6777442296646339,0.5715898687824229,0.6777442296646339,0.6246670492235284,0.6214285900415912,0.6254604578289602,both_later
atp:207989,atp:144719,2025-06-16,2025,2025,grass,Queen's Club,R16,6-4 6-7(7) 7-5,126,81,130,77,86,ATP-2025-0311-378,2025-0311,3,0.9534247407493603,0.7598718339945072,0.9534247407493603,0.8566482873719338,0.8821199719048769,0.8588149031790744,both_later
atp:207733,atp:202385,2025-06-16,2025,2025,grass,Queen's Club,R32,6-3 6-1,45,33,62,33,86,ATP-2025-0311-355,2025-0311,3,0.8169266904541396,0.640311260299054,0.8169266904541396,0.7286189753765968,0.7304896875978957,0.7301447611562732,both_first
atp:200615,atp:126846,2025-06-16,2025,2025,grass,Queen's Club,R32,6-2 6-7(9) 7-6(3),113,81,113,71,86,ATP-2025-0311-356,2025-0311,3,0.5916971221756205,0.5329569728410132,0.5916971221756205,0.5623270475083169,0.5615176776764432,0.5601909474167697,both_first
atp:206909,atp:208659,2025-06-16,2025,2025,grass,Queen's Club,R32,6-7(10) 7-6(5) 6-4,108,84,127,90,86,ATP-2025-0311-357,2025-0311,3,0.5535152546268002,0.5208117180347879,0.5535152546268002,0.537163486330794,0.5357528894933578,0.5383230835233482,both_first
atp:105554,atp:126207,2025-06-16,2025,2025,grass,Queen's Club,R32,7-5 6-2,62,42,65,35,86,ATP-2025-0311-358,2025-0311,3,0.23734540947773014,0.4007018614586512,0.23734540947773014,0.3190236354681907,0.3147095778944484,0.3157889696152764,both_first
atp:144895,atp:126203,2025-06-16,2025,2025,grass,Queen's Club,R32,6-7(5) 7-6(7) 7-5,121,84,113,80,86,ATP-2025-0311-359,2025-0311,3,0.10265152754191201,0.3091547146780592,0.10265152754191201,0.2059031211099856,0.19071008302545905,0.20306515955978727,both_first
atp:207985,atp:106109,2025-06-16,2025,2025,grass,Queen's Club,R32,6-2 6-4,49,36,50,31,86,ATP-2025-0311-360,2025-0311,3,0.49188079470367574,0.4933475740006103,0.49188079470367574,0.492614184352143,0.49458693212850163,0.4948418315904708,both_first
atp:209113,atp:126129,2025-06-16,2025,2025,grass,Queen's Club,R32,6-1 3-6 6-4,78,54,80,50,86,ATP-2025-0311-361,2025-0311,3,0.5664639068334423,0.5304546841623436,0.5664639068334423,0.548459295497893,0.5444553519061784,0.5422035738012192,both_first
atp:208103,atp:200282,2025-06-16,2025,2025,grass,Queen's Club,R32,6-4 6-2,47,36,63,36,86,ATP-2025-0311-362,2025-0311,3,0.4096206054288711,0.4606347268843454,0.4096206054288711,0.43512766615660825,0.4393773749272926,0.43293053463387404,both_first
atp:210150,atp:111815,2025-06-16,2025,2025,grass,Queen's Club,R32,7-6(6) 1-6 6-1,98,63,85,59,86,ATP-2025-0311-363,2025-0311,3,0.3797577296369946,0.4594751296917913,0.3797577296369946,0.41961642966439294,0.4189583061061264,0.41961642966439294,both_first
atp:105138,atp:132686,2025-06-16,2025,2025,grass,Queen's Club,R32,6-7(6) 7-5 6-4,95,71,119,77,86,ATP-2025-0311-364,2025-0311,3,0.673426084642731,0.5600549282880684,0.673426084642731,0.6167405064653997,0.6183336232999206,0.6171066950525221,both_first
atp:111456,atp:104792,2025-06-16,2025,2025,grass,Queen's Club,R32,6-4 6-4,55,39,60,34,86,ATP-2025-0311-365,2025-0311,3,0.4296312764258958,0.47168141592920354,0.4296312764258958,0.4506563461775497,0.4529139889187707,0.45508112493861164,both_first
atp:208029,atp:106331,2025-06-16,2025,2025,grass,Queen's Club,R32,6-3 6-4,63,48,54,36,86,ATP-2025-0311-366,2025-0311,3,0.7507303512816438,0.596429661275557,0.7507303512816438,0.6735800062786004,0.6759031775712219,0.6765705464067664,both_first
atp:126239,atp:210097,2025-06-16,2025,2025,grass,Queen's Club,R32,7-6(5) 7-6(4),74,57,85,57,86,ATP-2025-0311-367,2025-0311,3,0.35213093196506956,0.43902960024412574,0.35213093196506956,0.3955802661045976,0.39976196186683677,0.39298643027914754,both_first
atp:124187,atp:200116,2025-06-16,2025,2025,grass,Queen's Club,R32,7-6(6) 6-4,65,50,74,46,86,ATP-2025-0311-368,2025-0311,3,0.5158459695900612,0.5073848031736344,0.5158459695900612,0.5116153863818478,0.5105659454195807,0.5096623805838618,both_first
atp:144719,atp:111442,2025-06-16,2025,2025,grass,Queen's Club,R32,7-5 0-0 RET,33,26,36,23,86,ATP-2025-0311-369,2025-0311,3,0.2735847343029846,0.42078120231919436,0.2735847343029846,0.34718296831108947,0.34276265496345587,0.3430328309903693,both_first
atp:207989,atp:200443,2025-06-16,2025,2025,grass,Queen's Club,R32,6-4 7-6(4),62,51,85,56,86,ATP-2025-0311-370,2025-0311,3,0.9456195495053011,0.7689044858101922,0.9456195495053011,0.8572620176577467,0.8703312086406562,0.8547902446946707,both_first
atp:208103,atp:207733,2025-06-16,2025,2025,grass,Queen's Club,SF,6-4 4-6 7-5,95,66,88,62,86,ATP-2025-0311-383,2025-0311,3,0.43225688350835767,0.479127250534025,0.43225688350835767,0.45569206702119136,0.4546831981418856,0.45730939994764847,both_later
atp:207989,atp:105138,2025-06-16,2025,2025,grass,Queen's Club,SF,6-4 6-4,58,43,72,42,86,ATP-2025-0311-384,2025-0311,3,0.8989355439382485,0.6836435764418676,0.8989355439382485,0.791289560190058,0.8110685862478264,0.7979419861894477,both_later
atp:122330,atp:106421,2025-06-16,2025,2025,grass,Halle,F,6-3 7-6(4),69,52,68,44,86,ATP-2025-0500-385,2025-0500,3,0.36744708055544173,0.45697284101312174,0.36744708055544173,0.41220996078428174,0.41044573282545627,0.4116911936191917,both_later
atp:100644,atp:207925,2025-06-16,2025,2025,grass,Halle,QF,6-4 7-6(6),71,53,69,48,86,ATP-2025-0500-379,2025-0500,3,0.9107462223893105,0.7155019835215136,0.9107462223893105,0.813124102955412,0.8246999233081225,0.8137344172672827,both_later
atp:106421,atp:210506,2025-06-16,2025,2025,grass,Halle,QF,6-4 6-3,65,44,56,36,86,ATP-2025-0500-380,2025-0500,3,0.6807313243036835,0.5631675312786085,0.6807313243036835,0.621949427791146,0.6235764665499198,0.6201490005711277,both_later
atp:111575,atp:144869,2025-06-16,2025,2025,grass,Halle,QF,6-3 6-2,44,36,49,28,86,ATP-2025-0500-381,2025-0500,3,0.7159949060445359,0.5922184925236497,0.7159949060445359,0.6541066992840927,0.6494116187429495,0.6460810660829942,both_later
atp:122330,atp:207830,2025-06-16,2025,2025,grass,Halle,QF,7-6(2) 6-3,69,49,72,42,86,ATP-2025-0500-382,2025-0500,3,0.6480182142674558,0.5568812938663412,0.6480182142674558,0.6024497540668985,0.6003426251096654,0.6020530497641825,both_later
atp:100644,atp:132283,2025-06-16,2025,2025,grass,Halle,R16,3-6 6-4 7-6(2),82,65,104,69,86,ATP-2025-0500-371,2025-0500,3,0.8566137263313679,0.6788220933780897,0.8566137263313679,0.7677179098547289,0.7670324481208399,0.7631405525156992,both_later
atp:207925,atp:133430,2025-06-16,2025,2025,grass,Halle,R16,7-6(2) 4-6 7-6(5),114,69,111,64,86,ATP-2025-0500-372,2025-0500,3,0.3235051284159546,0.4369545315837656,0.3235051284159546,0.3802298299998601,0.37946807129845983,0.3769341327157588,both_later
atp:106421,atp:111460,2025-06-16,2025,2025,grass,Halle,R16,6-2 7-5,49,41,60,36,86,ATP-2025-0500-373,2025-0500,3,0.5839194028763635,0.5266097039975588,0.5839194028763635,0.5552645534369611,0.556241647206282,0.5603911936566743,both_later
atp:210506,atp:126774,2025-06-16,2025,2025,grass,Halle,R16,7-6(5) 7-5,71,53,79,53,86,ATP-2025-0500-374,2025-0500,3,0.5889685844508418,0.5205675923100397,0.5889685844508418,0.5547680883804407,0.5596648870193975,0.5591318357103157,both_later
atp:111575,atp:200000,2025-06-16,2025,2025,grass,Halle,R16,6-3 1-6 6-3,68,44,63,42,86,ATP-2025-0500-375,2025-0500,3,0.4784003620464953,0.48413182789136405,0.4784003620464953,0.4812660949689297,0.48559526104936934,0.4831580693357286,both_later
atp:144869,atp:126094,2025-06-16,2025,2025,grass,Halle,R16,6-3 6-7(4) 7-6(6),100,66,123,75,86,ATP-2025-0500-376,2025-0500,3,0.29596999359390286,0.4209032651815685,0.29596999359390286,0.3584366293877357,0.35946001475364797,0.356788780745685,both_later
atp:207830,atp:206681,2025-06-16,2025,2025,grass,Halle,R16,6-2 6-3,39,30,52,25,86,ATP-2025-0500-377,2025-0500,3,0.6041655018852276,0.5362526701251145,0.6041655018852276,0.570209086005171,0.5700122961485145,0.5716128089224735,both_later
atp:122330,atp:206173,2025-06-16,2025,2025,grass,Halle,R16,3-6 6-3 6-4,92,63,90,60,86,ATP-2025-0500-378,2025-0500,3,0.08239932442609996,0.28230088495575223,0.08239932442609996,0.1823501046909261,0.167034751031957,0.17835254594817357,both_later
atp:100644,atp:106218,2025-06-16,2025,2025,grass,Halle,R32,6-2 6-1,44,34,65,31,86,ATP-2025-0500-355,2025-0500,3,0.897215826172961,0.694995422642661,0.897215826172961,0.7961056244078111,0.8091417895117309,0.7976314101874875,both_first
atp:132283,atp:105526,2025-06-16,2025,2025,grass,Halle,R32,6-3 6-2,48,38,43,26,86,ATP-2025-0500-356,2025-0500,3,0.41033059109581155,0.4635032041501373,0.41033059109581155,0.4369168976229744,0.43985942274168793,0.4396633120263922,both_first
atp:207925,atp:211663,2025-06-16,2025,2025,grass,Halle,R32,5-7 7-6(3) 7-6(8),138,93,120,86,86,ATP-2025-0500-357,2025-0500,3,0.45815045413709343,0.47845590479096733,0.45815045413709343,0.4683031794640304,0.47206400038925833,0.4694932923721781,both_first
atp:133430,atp:200005,2025-06-16,2025,2025,grass,Halle,R32,6-4 4-6 7-6(4),106,65,95,63,86,ATP-2025-0500-358,2025-0500,3,0.37191959602671476,0.46222154409520905,0.37191959602671476,0.41707057006096193,0.4135456315187319,0.41295094845583524,both_first
atp:106421,atp:127157,2025-06-16,2025,2025,grass,Halle,R32,6-3 6-3,57,38,47,29,86,ATP-2025-0500-359,2025-0500,3,0.889091613130815,0.6857796765334148,0.889091613130815,0.7874356448321149,0.8002190271430741,0.7883511162999208,both_first
atp:111460,atp:126127,2025-06-16,2025,2025,grass,Halle,R32,6-4 6-4,50,37,83,45,86,ATP-2025-0500-360,2025-0500,3,0.5929204491979233,0.531797375648459,0.5929204491979233,0.5623589124231911,0.5623490526113333,0.5672719426337496,both_first
atp:126774,atp:209260,2025-06-16,2025,2025,grass,Halle,R32,6-4 3-6 7-6(5),95,66,86,66,86,ATP-2025-0500-361,2025-0500,3,0.6667402471770906,0.5601159597192554,0.6667402471770906,0.613428103448173,0.6135641331573671,0.6174256621909255,both_first
atp:210506,atp:202103,2025-06-16,2025,2025,grass,Halle,R32,2-6 7-5 6-4,82,55,96,62,86,ATP-2025-0500-362,2025-0500,3,0.5795533748020851,0.5241074153188893,0.5795533748020851,0.5518303950604873,0.5532869073744456,0.5526848350971061,both_first
atp:111575,atp:200267,2025-06-16,2025,2025,grass,Halle,R32,7-5 6-3,55,41,78,47,86,ATP-2025-0500-363,2025-0500,3,0.5991242314323337,0.536740921574611,0.5991242314323337,0.5679325765034724,0.5665719484669112,0.5663457592926087,both_first
atp:200000,atp:111513,2025-06-16,2025,2025,grass,Halle,R32,6-3 6-7(6) 6-1,92,68,79,52,86,ATP-2025-0500-364,2025-0500,3,0.7546441985539396,0.5943545926151969,0.7546441985539396,0.6744993955845682,0.6789661374546726,0.6819452301893897,both_first
atp:144869,atp:124079,2025-06-16,2025,2025,grass,Halle,R32,6-1 6-3,40,32,62,31,86,ATP-2025-0500-365,2025-0500,3,0.6869930976887083,0.5599938968568813,0.6869930976887083,0.6234934972727948,0.6280980409431449,0.6278877603182632,both_first
atp:126094,atp:124116,2025-06-16,2025,2025,grass,Halle,R32,6-3 6-4,47,40,53,34,86,ATP-2025-0500-366,2025-0500,3,0.6951173710143271,0.5621910283796155,0.6951173710143271,0.6286541996969713,0.6340047026471776,0.6329569155956591,both_first
atp:207830,atp:207411,2025-06-16,2025,2025,grass,Halle,R32,7-5 3-6 6-3,93,60,89,55,86,ATP-2025-0500-367,2025-0500,3,0.6654330763994396,0.5645102227647238,0.6654330763994396,0.6149716495820817,0.6126347236617786,0.6148190710041141,both_first
atp:206681,atp:200175,2025-06-16,2025,2025,grass,Halle,R32,6-7(3) 6-4 6-4,109,77,121,78,86,ATP-2025-0500-368,2025-0500,3,0.3986148376218681,0.4686908758010375,0.3986148376218681,0.4336528567114528,0.4318861129303452,0.4309369580236286,both_first
atp:122330,atp:124186,2025-06-16,2025,2025,grass,Halle,R32,6-4 6-4,49,40,59,38,86,ATP-2025-0500-369,2025-0500,3,0.7006475596530104,0.579584986267928,0.7006475596530104,0.6401162729604692,0.6380526987833979,0.6352642741810979,both_first
atp:206173,atp:105870,2025-06-16,2025,2025,grass,Halle,R32,7-5 6-3,62,46,66,42,86,ATP-2025-0500-370,2025-0500,3,0.9270224264261777,0.7304546841623436,0.9270224264261777,0.8287385552942607,0.844821642660737,0.8332243654865097,both_first
atp:106421,atp:100644,2025-06-16,2025,2025,grass,Halle,SF,7-6(3) 6-7(1) 6-4,118,78,112,76,86,ATP-2025-0500-383,2025-0500,3,0.22404685404770716,0.39350015257857796,0.22404685404770716,0.30877350331314257,0.30403470072169264,0.3060270889097248,both_later
atp:122330,atp:111575,2025-06-16,2025,2025,grass,Halle,SF,4-6 7-6(5) 6-4,100,72,96,72,86,ATP-2025-0500-384,2025-0500,3,0.46512523021193086,0.4879768080561489,0.46512523021193086,0.47655101913403985,0.47672916394889936,0.4767341134276011,both_later
atp:134868,atp:144895,2025-06-22,2025,2025,grass,Mallorca,F,7-5 7-6(3),81,58,73,51,86,ATP-2025-8994-385,2025-8994,3,0.655442098421053,0.554684162343607,0.655442098421053,0.60506313038233,0.6055628500987861,0.6053377718226718,both_later
atp:200000,atp:209098,2025-06-22,2025,2025,grass,Mallorca,QF,3-6 6-1 6-4,77,55,78,49,86,ATP-2025-8994-379,2025-8994,3,0.6192026438086432,0.5443088190418065,0.6192026438086432,0.5817557314252249,0.580325600431063,0.5825491400306566,both_later
atp:134868,atp:209113,2025-06-22,2025,2025,grass,Mallorca,QF,6-4 6-4,54,41,61,40,86,ATP-2025-8994-380,2025-8994,3,0.7251474230011691,0.5891058895331096,0.7251474230011691,0.6571266562671394,0.6562799810395108,0.652854456084045,both_later
atp:210506,atp:105138,2025-06-22,2025,2025,grass,Mallorca,QF,6-4 7-6(4),72,49,71,45,86,ATP-2025-8994-381,2025-8994,3,0.5195972318683177,0.5044552944766555,0.5195972318683177,0.5120262631724866,0.5130685403725451,0.5141013318328467,both_later
atp:144895,atp:210530,2025-06-22,2025,2025,grass,Mallorca,QF,6-2 7-5,65,44,74,39,86,ATP-2025-8994-382,2025-8994,3,0.5390267275426937,0.5192249008239244,0.5390267275426937,0.5291258141833091,0.5260472477277662,0.5287596255961866,both_later
atp:200000,atp:126239,2025-06-22,2025,2025,grass,Mallorca,R16,7-5 6-3,57,42,83,47,86,ATP-2025-8994-371,2025-8994,3,0.7301383291029729,0.593561184009765,0.7301383291029729,0.661849756556369,0.6600573220274611,0.6625516180150202,mixed_first_later
atp:209098,atp:126128,2025-06-22,2025,2025,grass,Mallorca,R16,6-4 3-6 7-6(4),104,71,102,72,86,ATP-2025-8994-372,2025-8994,3,0.36096389165892573,0.4495880378394873,0.36096389165892573,0.4052759647492065,0.40593668950274236,0.4035670846759688,both_later
atp:134868,atp:210319,2025-06-22,2025,2025,grass,Mallorca,R16,7-5 6-4,63,45,75,48,86,ATP-2025-8994-373,2025-8994,3,0.8020532144563347,0.634330180042722,0.8020532144563347,0.7181916972495284,0.717639854932126,0.7197785144603919,mixed_first_later
atp:209113,atp:111513,2025-06-22,2025,2025,grass,Mallorca,R16,6-3 3-6 6-3,78,57,76,51,86,ATP-2025-8994-374,2025-8994,3,0.4209920217732614,0.4738175160207507,0.4209920217732614,0.44740476889700603,0.44708186061592886,0.44752683175938013,both_later
atp:105138,atp:106071,2025-06-22,2025,2025,grass,Mallorca,R16,6-3 6-3,50,35,55,29,86,ATP-2025-8994-375,2025-8994,3,0.7928701777288117,0.6454989319499542,0.7928701777288117,0.7191845548393829,0.7098953463258756,0.7171094861790229,both_later
atp:210506,atp:200587,2025-06-22,2025,2025,grass,Mallorca,R16,6-4 6-4,53,34,62,33,86,ATP-2025-8994-376,2025-8994,3,0.881689896792031,0.7090326518156851,0.881689896792031,0.7953612743038581,0.7923288698177245,0.7930115642031562,mixed_first_later
atp:144895,atp:127157,2025-06-22,2025,2025,grass,Mallorca,R16,7-6(3) 7-6(3),78,55,84,53,86,ATP-2025-8994-377,2025-8994,3,0.6446768317195863,0.5496185535550808,0.6446768317195863,0.5971476926373336,0.5980021553223642,0.5949505611145993,both_later
atp:210530,atp:210097,2025-06-22,2025,2025,grass,Mallorca,R16,6-4 7-6(2),70,46,78,43,86,ATP-2025-8994-378,2025-8994,3,0.3147289492289085,0.4182789136405249,0.3147289492289085,0.3665039314347167,0.37314805484345387,0.36925034583813443,mixed_first_later
atp:126239,atp:106000,2025-06-22,2025,2025,grass,Mallorca,R32,6-4 4-6 7-5,94,64,100,66,86,ATP-2025-8994-359,2025-8994,3,0.7013119222548334,0.581537992065914,0.7013119222548334,0.6414249571603736,0.6385405451045285,0.6376104927111823,both_first
atp:209098,atp:210460,2025-06-22,2025,2025,grass,Mallorca,R32,6-0 6-4,42,32,52,28,86,ATP-2025-8994-360,2025-8994,3,0.6519951881558359,0.5678669514800122,0.6519951881558359,0.6099310698179241,0.603135567333936,0.6093817869372404,both_first
atp:126128,atp:124186,2025-06-22,2025,2025,grass,Mallorca,R32,7-6(5) 7-5,85,55,80,49,86,ATP-2025-8994-361,2025-8994,3,0.7640610979308672,0.6169972535855965,0.7640610979308672,0.6905291757582319,0.6864088233179096,0.6841208754835905,both_first
atp:210319,atp:200116,2025-06-22,2025,2025,grass,Mallorca,R32,6-3 6-2,54,39,51,29,86,ATP-2025-8994-362,2025-8994,3,0.5347457636707841,0.51287763198047,0.5347457636707841,0.5238116978256271,0.5231845995889411,0.5239032449724076,both_first
atp:111513,atp:207352,2025-06-22,2025,2025,grass,Mallorca,R32,6-4 6-4,62,41,65,37,86,ATP-2025-8994-363,2025-8994,3,0.3253790658017069,0.426396093988404,0.3253790658017069,0.37588757989505545,0.3808111504558926,0.3805259686652721,both_first
atp:209113,atp:144719,2025-06-22,2025,2025,grass,Mallorca,R32,7-5 6-3,68,46,61,39,86,ATP-2025-8994-364,2025-8994,3,0.40228181198315377,0.4625267012511443,0.40228181198315377,0.43240425661714904,0.4343861593724587,0.43136672228696904,both_first
atp:105138,atp:144869,2025-06-22,2025,2025,grass,Mallorca,R32,5-7 6-3 6-2,87,55,82,46,86,ATP-2025-8994-365,2025-8994,3,0.6335182517016724,0.5457125419591089,0.6335182517016724,0.5896153968303907,0.5902244683638529,0.5899510697019195,both_first
atp:106071,atp:208014,2025-06-22,2025,2025,grass,Mallorca,R32,3-6 7-5 6-2,86,58,82,51,86,ATP-2025-8994-366,2025-8994,3,0.3227845906244263,0.4119316447970705,0.3227845906244263,0.36735811771074844,0.37895106372298326,0.3753532351962534,both_first
atp:200587,atp:126127,2025-06-22,2025,2025,grass,Mallorca,R32,2-6 6-4 6-4,81,55,83,56,86,ATP-2025-8994-367,2025-8994,3,0.13391035550441746,0.29865730851388467,0.13391035550441746,0.21628383200915108,0.22364581527836228,0.21686363060542813,both_first
atp:127157,atp:104926,2025-06-22,2025,2025,grass,Mallorca,R32,6-3 3-6 6-3,91,57,76,50,86,ATP-2025-8994-368,2025-8994,3,0.5019291594465108,0.49853524565151053,0.5019291594465108,0.5002322025490107,0.5012861098432113,0.5004152968425719,both_first
atp:144895,atp:124079,2025-06-22,2025,2025,grass,Mallorca,R32,4-6 6-3 6-0,94,60,81,44,86,ATP-2025-8994-369,2025-8994,3,0.6844582828761434,0.5654256942325298,0.6844582828761434,0.6249419885543366,0.6262645127975409,0.625369208572646,both_first
atp:210530,atp:211514,2025-06-22,2025,2025,grass,Mallorca,R32,6-4 6-4,58,43,52,36,86,ATP-2025-8994-370,2025-8994,3,0.6117748383881901,0.5479096734818432,0.6117748383881901,0.5798422559350167,0.575221146163982,0.5825886703384344,both_first
atp:134868,atp:200000,2025-06-22,2025,2025,grass,Mallorca,SF,6-4 6-4,75,49,53,38,86,ATP-2025-8994-383,2025-8994,3,0.4006215764748115,0.46423558132438203,0.4006215764748115,0.43242857889959674,0.4332547743589953,0.4324590946151903,both_later
atp:144895,atp:210506,2025-06-22,2025,2025,grass,Mallorca,SF,6-4 7-6(3),76,49,72,41,86,ATP-2025-8994-384,2025-8994,3,0.3277323703427069,0.4433628318584071,0.3277323703427069,0.38554760110055697,0.38249471469672935,0.3862189468436147,both_later
atp:126203,atp:202385,2025-06-23,2025,2025,grass,Eastbourne,F,7-5 6-1,66,43,51,27,86,ATP-2025-0741-385,2025-0741,3,0.8479791482046611,0.6697894415624046,0.8479791482046611,0.7588842948835328,0.7587598171876958,0.7606847221035512,both_later
atp:202385,atp:105554,2025-06-23,2025,2025,grass,Eastbourne,QF,6-2 6-3,38,32,63,32,86,ATP-2025-0741-379,2025-0741,3,0.5907277603748566,0.5369240158681721,0.5907277603748566,0.5638258881215144,0.5608592011810518,0.5617813351767478,both_later
atp:200005,atp:126129,2025-06-23,2025,2025,grass,Eastbourne,QF,7-6(4) 6-1,53,36,67,33,86,ATP-2025-0741-380,2025-0741,3,0.90414973232215,0.7122062862374122,0.90414973232215,0.8081780092797811,0.8169978375214035,0.8080559464174071,both_later
atp:200221,atp:210150,2025-06-23,2025,2025,grass,Eastbourne,QF,6-4 7-5,76,50,85,49,86,ATP-2025-0741-381,2025-0741,3,0.5608680315615671,0.5213610009154714,0.5608680315615671,0.5411145162385192,0.5406907538309191,0.5399854347615587,both_later
atp:126203,atp:106218,2025-06-23,2025,2025,grass,Eastbourne,QF,7-5 4-6 7-5,99,68,102,64,86,ATP-2025-0741-382,2025-0741,3,0.8283112536654804,0.6343912114739091,0.8283112536654804,0.7313512325696947,0.7406091797478098,0.738156237147052,both_later
atp:105554,atp:126205,2025-06-23,2025,2025,grass,Eastbourne,R16,6-4 3-6 6-3,76,49,97,57,86,ATP-2025-0741-371,2025-0741,3,0.13060837988566965,0.3369850472993592,0.13060837988566965,0.23379671359251442,0.2203330000205648,0.2310197834735031,mixed_first_later
atp:202385,atp:132686,2025-06-23,2025,2025,grass,Eastbourne,R16,6-4 6-4,58,41,57,34,86,ATP-2025-0741-372,2025-0741,3,0.6013959869960069,0.5406469331705829,0.6013959869960069,0.5710214600832949,0.568121273266689,0.5721200258446619,both_later
atp:200005,atp:132283,2025-06-23,2025,2025,grass,Eastbourne,R16,7-5 6-4,65,49,65,43,86,ATP-2025-0741-373,2025-0741,3,0.7093961769124728,0.5738480317363442,0.7093961769124728,0.6416221043244086,0.6445044123064313,0.6433004686820527,mixed_first_later
atp:126129,atp:208233,2025-06-23,2025,2025,grass,Eastbourne,R16,6-3 6-4,66,45,53,34,86,ATP-2025-0741-374,2025-0741,3,0.3235228367585577,0.4252975282270369,0.3235228367585577,0.37441018249279734,0.37948077344071757,0.3717247995205666,both_later
atp:200221,atp:105902,2025-06-23,2025,2025,grass,Eastbourne,R16,6-7(3) 6-3 6-4,114,76,86,55,86,ATP-2025-0741-375,2025-0741,3,0.7097444422985364,0.5758010375343302,0.7097444422985364,0.6427727399164334,0.6447625028013974,0.6438713056778004,both_later
atp:210150,atp:124187,2025-06-23,2025,2025,grass,Eastbourne,R16,7-5 6-3,64,47,72,42,86,ATP-2025-0741-376,2025-0741,3,0.7181587528682684,0.5856881293866342,0.7181587528682684,0.6519234411274513,0.6510287946328388,0.659277728585492,mixed_first_later
atp:106218,atp:207985,2025-06-23,2025,2025,grass,Eastbourne,R16,6-3 6-1,42,31,51,23,86,ATP-2025-0741-377,2025-0741,3,0.6195008376601213,0.541867561794324,0.6195008376601213,0.5806841997272227,0.580530953405626,0.5798602754061974,both_later
atp:126203,atp:211663,2025-06-23,2025,2025,grass,Eastbourne,R16,6-3 6-7(5) 7-5,106,73,90,62,86,ATP-2025-0741-378,2025-0741,3,0.8107589747180802,0.6418980775099176,0.8107589747180802,0.7263285261139989,0.7251127668121381,0.725413054646193,mixed_first_later
atp:105554,atp:200175,2025-06-23,2025,2025,grass,Eastbourne,R32,3-6 6-4 6-4,95,59,78,48,86,ATP-2025-0741-359,2025-0741,3,0.42415942721513755,0.4738175160207507,0.42415942721513755,0.4489884716179441,0.44922208130517466,0.44721856011351935,both_first
atp:202385,atp:207681,2025-06-23,2025,2025,grass,Eastbourne,R32,7-6(6) 6-4,68,47,74,45,86,ATP-2025-0741-360,2025-0741,3,0.5189367381418749,0.500976502898993,0.5189367381418749,0.509956620520434,0.5126278475668177,0.5103533248231498,both_first
atp:132686,atp:209957,2025-06-23,2025,2025,grass,Eastbourne,R32,4-6 6-3 6-3,86,56,105,59,86,ATP-2025-0741-361,2025-0741,3,0.6966157125365887,0.5808056148916693,0.6966157125365887,0.638710663714129,0.6350992199795173,0.6381308651178519,both_first
atp:132283,atp:206681,2025-06-23,2025,2025,grass,Eastbourne,R32,6-2 6-4,54,39,52,29,86,ATP-2025-0741-362,2025-0741,3,0.692261557507589,0.5696368629844369,0.692261557507589,0.630949210246013,0.6319230859327604,0.6320782917229737,both_first
atp:208233,atp:111460,2025-06-23,2025,2025,grass,Eastbourne,R32,6-4 6-2,49,39,49,29,86,ATP-2025-0741-363,2025-0741,3,0.3146839358890509,0.4227952395483674,0.3146839358890509,0.3687395877187092,0.3731155082012248,0.3700822792048245,both_first
atp:126129,atp:111815,2025-06-23,2025,2025,grass,Eastbourne,R32,6-4 6-4,68,45,53,32,86,ATP-2025-0741-364,2025-0741,3,0.21997164548971654,0.3861763808361306,0.21997164548971654,0.3030740131629236,0.30071661234595826,0.2999614101723834,both_first
atp:200221,atp:202358,2025-06-23,2025,2025,grass,Eastbourne,R32,7-6(6) 6-2,60,48,79,48,86,ATP-2025-0741-365,2025-0741,3,0.8599002017526739,0.6793713762587733,0.8599002017526739,0.7696357890057236,0.7702354012940145,0.7697578518680976,both_first
atp:105902,atp:126846,2025-06-23,2025,2025,grass,Eastbourne,R32,6-3 6-7(5) 6-1,96,69,91,55,86,ATP-2025-0741-366,2025-0741,3,0.35844304489441475,0.44659749771132135,0.35844304489441475,0.40252027130286805,0.40417827245862714,0.4007198440828497,both_first
atp:124187,atp:207785,2025-06-23,2025,2025,grass,Eastbourne,R32,7-6(6) 3-6 7-6(1),103,75,115,82,86,ATP-2025-0741-367,2025-0741,3,0.5694015140254145,0.5366188587122368,0.5694015140254145,0.5530101863688257,0.5464341086931712,0.5512707905799944,both_first
atp:207985,atp:207925,2025-06-23,2025,2025,grass,Eastbourne,R32,6-2 6-2,44,31,63,29,86,ATP-2025-0741-368,2025-0741,3,0.42105075331015307,0.4677754043332316,0.42105075331015307,0.44441307882169234,0.44712156742668174,0.44435204739050527,both_first
atp:106218,atp:209260,2025-06-23,2025,2025,grass,Eastbourne,R32,6-4 7-5,74,48,66,40,86,ATP-2025-0741-369,2025-0741,3,0.714669758358206,0.5847116264876412,0.714669758358206,0.6496906924229235,0.6484232338099575,0.6509723524778519,both_first
atp:211663,atp:200267,2025-06-23,2025,2025,grass,Eastbourne,R32,6-7(8) 6-0 6-3,90,64,102,57,86,ATP-2025-0741-370,2025-0741,3,0.4749075235323141,0.4879768080561489,0.4749075235323141,0.4814421657942315,0.4832638720538217,0.4828458887115339,both_first
atp:202385,atp:200005,2025-06-23,2025,2025,grass,Eastbourne,SF,6-7(7) 6-4 6-4,104,65,103,60,86,ATP-2025-0741-383,2025-0741,3,0.2137423241602587,0.3830637778455905,0.2137423241602587,0.2984030510029246,0.29559936250812563,0.2971213909479963,both_later
atp:126203,atp:200221,2025-06-23,2025,2025,grass,Eastbourne,SF,6-3 3-6 6-1,77,54,65,41,86,ATP-2025-0741-384,2025-0741,3,0.845696780869476,0.6535550808666464,0.845696780869476,0.7496259308680612,0.7566059495405938,0.7462386864371793,both_later
atp:206173,atp:207989,2025-06-30,2025,2025,grass,Wimbledon,F,4-6 6-4 6-4 6-4,117,81,121,77,86,ATP-2025-540-226,2025-540,5,0.6753896674447016,0.6115044247787611,0.6753896674447016,0.6434470461117314,0.6197395466223272,0.6446981904510661,both_later
atp:206173,atp:210097,2025-06-30,2025,2025,grass,Wimbledon,QF,7-6(2) 6-4 6-4,86,70,101,65,86,ATP-2025-540-220,2025-540,5,0.9433827652382739,0.8638083613060726,0.9433827652382739,0.9035955632721733,0.8670863740973367,0.9014899788962196,both_later
atp:104925,atp:207925,2025-06-30,2025,2025,grass,Wimbledon,QF,6-7(6) 6-2 7-5 6-4,116,85,142,85,86,ATP-2025-540-221,2025-540,5,0.968826241954348,0.9057369545315838,0.968826241954348,0.9372815982429659,0.9081293947146601,0.9346572467019223,both_later
atp:126203,atp:111575,2025-06-30,2025,2025,grass,Wimbledon,QF,6-3 6-4 1-6 7-6(4),105,76,119,76,86,ATP-2025-540-222,2025-540,5,0.7710163406771781,0.6768080561489167,0.7710163406771781,0.7239121984130474,0.6919757963402581,0.7283980086052964,both_later
atp:207989,atp:111815,2025-06-30,2025,2025,grass,Wimbledon,QF,6-2 6-3 6-3,76,56,83,45,86,ATP-2025-540-223,2025-540,5,0.9248998510029443,0.8326212999694843,0.9248998510029443,0.8787605754862142,0.842096245273956,0.8778756197340019,both_later
atp:206173,atp:208134,2025-06-30,2025,2025,grass,Wimbledon,R128,6-4 6-3 6-0,65,53,88,45,86,ATP-2025-540-100,2025-540,5,0.9990600067199571,0.9899603295697285,0.9990600067199571,0.9945101681448427,0.9904894571406727,0.994235526704501,both_first
atp:126846,atp:202358,2025-06-30,2025,2025,grass,Wimbledon,R128,6-3 6-4 4-6 7-6(5),126,84,144,84,86,ATP-2025-540-101,2025-540,5,0.8438300965555031,0.767683857186451,0.8438300965555031,0.8057569768709771,0.7548541264801163,0.8007218837980445,both_first
atp:124079,atp:207785,2025-06-30,2025,2025,grass,Wimbledon,R128,2-6 6-2 6-4 6-2,99,58,95,47,86,ATP-2025-540-102,2025-540,5,0.6375421016266902,0.5993591699725359,0.6375421016266902,0.6184506357996131,0.5930225534363255,0.6200984844416637,both_first
atp:208363,atp:133430,2025-06-30,2025,2025,grass,Wimbledon,R128,3-6 6-4 6-1 6-4,104,70,111,64,86,ATP-2025-540-103,2025-540,5,0.05991137423629282,0.14125724748245347,0.05991137423629282,0.10058431085937314,0.13759561989896738,0.10076740515293434,both_first
atp:105777,atp:106415,2025-06-30,2025,2025,grass,Wimbledon,R128,6-2 6-3 6-4,67,56,87,51,86,ATP-2025-540-104,2025-540,5,0.9847072093385646,0.936740921574611,0.9847072093385646,0.9607240654565878,0.9414004663445885,0.9585879653650407,both_first
atp:144895,atp:207681,2025-06-30,2025,2025,grass,Wimbledon,R128,6-4 6-4 6-2,87,60,98,54,86,ATP-2025-540-105,2025-540,5,0.43317167580297156,0.45697284101312174,0.43317167580297156,0.44507225840804665,0.45529927479720755,0.4440347240778666,both_first
atp:124116,atp:209098,2025-06-30,2025,2025,grass,Wimbledon,R128,7-6(8) 3-1 RET,50,41,65,42,86,ATP-2025-540-106,2025-540,5,0.3804442790289706,0.41815685077815073,0.3804442790289706,0.3993005649035607,0.4194312471516774,0.39975830063746365,both_first
atp:126205,atp:208902,2025-06-30,2025,2025,grass,Wimbledon,R128,6-4 6-4 6-2,72,57,82,52,86,ATP-2025-540-107,2025-540,5,0.9653043725963663,0.9121452548062252,0.9653043725963663,0.9387248137012958,0.9017852377857623,0.9362835564538132,both_first
atp:210097,atp:106109,2025-06-30,2025,2025,grass,Wimbledon,R128,6-4 7-6(1) 7-6(4),108,78,115,75,86,ATP-2025-540-108,2025-540,5,0.6969621451125367,0.638297223069881,0.6969621451125367,0.6676296840912088,0.6353525189341745,0.6710779599532779,both_first
atp:208014,atp:105676,2025-06-30,2025,2025,grass,Wimbledon,R128,6-3 6-1 6-1,65,51,63,31,86,ATP-2025-540-109,2025-540,5,0.26214267686546383,0.3441257247482453,0.26214267686546383,0.3031342008068546,0.33405360569789383,0.2986483906146056,both_first
atp:105916,atp:206499,2025-06-30,2025,2025,grass,Wimbledon,R128,6-3 6-7(5) 6-1 5-7 6-4,161,116,146,95,86,ATP-2025-540-110,2025-540,5,0.7981083948630862,0.7160512664021972,0.7981083948630862,0.7570798306326416,0.7142962418473626,0.7549437305410944,both_first
atp:104792,atp:200005,2025-06-30,2025,2025,grass,Wimbledon,R128,6-4 3-6 6-7(5) 7-5 6-2,161,105,170,107,86,ATP-2025-540-111,2025-540,5,0.1766316560279186,0.2674702471772963,0.1766316560279186,0.22205095160260746,0.2638166677534267,0.22363776881347103,both_first
atp:206909,atp:207352,2025-06-30,2025,2025,grass,Wimbledon,R128,6-4 4-6 7-6(1) 6-4,131,90,148,89,86,ATP-2025-540-112,2025-540,5,0.5285278889364079,0.5189807750991761,0.5285278889364079,0.523754332017792,0.5190300736710765,0.5234796905774501,both_first
atp:124187,atp:207686,2025-06-30,2025,2025,grass,Wimbledon,R128,6-3 7-5 7-6(4),106,74,93,59,86,ATP-2025-540-113,2025-540,5,0.41262784245124995,0.44592615196826363,0.41262784245124995,0.42927699720975676,0.4414181966884313,0.42701883425583553,both_first
atp:132283,atp:210262,2025-06-30,2025,2025,grass,Wimbledon,R128,6-3 6-4 6-2,74,58,85,49,86,ATP-2025-540-114,2025-540,5,0.904949893952383,0.8420811718034787,0.904949893952383,0.8735155328779309,0.8179197835272191,0.8721118099606284,both_first
atp:105932,atp:207518,2025-06-30,2025,2025,grass,Wimbledon,R128,6-2 4-6 7-5 6-1,111,78,107,66,86,ATP-2025-540-115,2025-540,5,0.03602764186374643,0.1023802258162954,0.03602764186374643,0.06920393384002091,0.10054495822530055,0.06935651241798857,both_first
atp:207733,atp:202104,2025-06-30,2025,2025,grass,Wimbledon,R128,6-2 6-2 2-1 RET,41,36,63,34,86,ATP-2025-540-116,2025-540,5,0.9751380128944722,0.9128166005492829,0.9751380128944722,0.9439773067218775,0.9202801361456998,0.9431838981164458,both_first
atp:105227,atp:209920,2025-06-30,2025,2025,grass,Wimbledon,R128,6-3 6-4 6-3,75,55,85,50,86,ATP-2025-540-117,2025-540,5,0.9922152182796012,0.9763503204150137,0.9922152182796012,0.9842827693473075,0.9620152734341272,0.9840691593381528,both_first
atp:206681,atp:210317,2025-06-30,2025,2025,grass,Wimbledon,R128,6-1 6-4 6-3,83,58,93,51,86,ATP-2025-540-118,2025-540,5,0.7789269485932216,0.715929203539823,0.7789269485932216,0.7474280760665224,0.6983843447397348,0.7469703403326193,both_first
atp:144719,atp:122330,2025-06-30,2025,2025,grass,Wimbledon,R128,6-4 3-6 4-6 7-6(5) 6-2,151,97,148,93,86,ATP-2025-540-119,2025-540,5,0.24830623688834766,0.3253890753738175,0.24830623688834766,0.2868476561310826,0.32334446253274624,0.2873359075805791,both_first
atp:207925,atp:202320,2025-06-30,2025,2025,grass,Wimbledon,R128,6-3 7-6(7) 6-1,85,67,89,57,86,ATP-2025-540-120,2025-540,5,0.6566794017718309,0.6167531278608483,0.6566794017718309,0.6367162648163396,0.6064356777137825,0.6371434848346491,both_first
atp:209957,atp:144869,2025-06-30,2025,2025,grass,Wimbledon,R128,7-6(4) 6-3 7-5,108,75,104,69,86,ATP-2025-540-121,2025-540,5,0.24165508348420048,0.31354897772352763,0.24165508348420048,0.27760203060386407,0.3181215395953488,0.2743673647509498,both_first
atp:106218,atp:200116,2025-06-30,2025,2025,grass,Wimbledon,R128,7-6(6) 7-6(4) 6-3,108,73,124,70,86,ATP-2025-540-122,2025-540,5,0.8441866227203777,0.7635337198657308,0.8441866227203777,0.8038601712930542,0.7551880445870465,0.8047146113296731,both_first
atp:210150,atp:200384,2025-06-30,2025,2025,grass,Wimbledon,R128,6-1 4-6 6-2 6-2,91,68,102,58,86,ATP-2025-540-123,2025-540,5,0.628260027157933,0.5870308208727495,0.628260027157933,0.6076454240153413,0.5865787019438089,0.606821499694316,both_first
atp:200282,atp:106148,2025-06-30,2025,2025,grass,Wimbledon,R128,6-2 6-2 7-6(2),88,61,95,51,86,ATP-2025-540-124,2025-540,5,0.9666734615964412,0.8943240768996032,0.9666734615964412,0.9304987692480222,0.9042187603591485,0.9291865934775004,both_first
atp:209070,atp:200443,2025-06-30,2025,2025,grass,Wimbledon,R128,6-3 7-6(6) 4-6 6-7(5) 6-1,163,115,176,113,86,ATP-2025-540-125,2025-540,5,0.41385484754848995,0.4356118400976503,0.41385484754848995,0.42473334382307015,0.442250179841222,0.43043978263906035,both_first
atp:200416,atp:111460,2025-06-30,2025,2025,grass,Wimbledon,R128,7-6(4) 6-3 6-4,106,79,80,60,86,ATP-2025-540-126,2025-540,5,0.01909746651238799,0.042264266097039975,0.01909746651238799,0.030680866304713984,0.06748719891275247,0.03101653917624282,both_first
atp:207830,atp:106000,2025-06-30,2025,2025,grass,Wimbledon,R128,6-3 6-2 6-4,73,55,83,45,86,ATP-2025-540-127,2025-540,5,0.7895307858751116,0.7062252059810803,0.7895307858751116,0.7478779959280959,0.7071121735704455,0.7502277060287978,both_first
atp:200175,atp:210506,2025-06-30,2025,2025,grass,Wimbledon,R128,6-2 3-6 6-3 3-6 7-6(6),147,102,151,99,86,ATP-2025-540-128,2025-540,5,0.36667459004706954,0.41986573085138845,0.36667459004706954,0.393270160449229,0.409909448447844,0.3918969532475201,both_first
atp:207411,atp:111153,2025-06-30,2025,2025,grass,Wimbledon,R128,6-3 6-7(5) 6-7(7) 6-3 7-6(3),188,132,193,125,86,ATP-2025-540-129,2025-540,5,0.3943581383339767,0.42981385413487944,0.3943581383339767,0.4120859962344281,0.42897862158769345,0.41104846190424804,both_first
atp:105554,atp:126652,2025-06-30,2025,2025,grass,Wimbledon,R128,6-1 7-5 6-2,82,59,82,45,86,ATP-2025-540-130,2025-540,5,0.8978808788647951,0.8192554165395178,0.8978808788647951,0.8585681477021565,0.8098852829660614,0.8576526762343506,both_first
atp:104925,atp:124186,2025-06-30,2025,2025,grass,Wimbledon,R128,6-1 6-7(7) 6-2 6-2,103,78,172,92,86,ATP-2025-540-131,2025-540,5,0.9816990642216712,0.9265486725663716,0.9816990642216712,0.9541238683940214,0.9343116465630703,0.9538797426692731,both_first
atp:126203,atp:208659,2025-06-30,2025,2025,grass,Wimbledon,R128,6-7(6) 6-7(8) 6-4 7-6(6) 6-4,160,129,185,132,86,ATP-2025-540-132,2025-540,5,0.8042616849315447,0.7252670125114434,0.8042616849315447,0.7647643487214941,0.7195231216373044,0.7651000215930228,both_first
atp:209113,atp:127157,2025-06-30,2025,2025,grass,Wimbledon,R128,6-1 6-2 6-4,74,54,71,37,86,ATP-2025-540-133,2025-540,5,0.5529995822642585,0.5373512358864816,0.5529995822642585,0.54517540907537,0.5354069235883402,0.5408421774610886,both_first
atp:122298,atp:208286,2025-06-30,2025,2025,grass,Wimbledon,R128,7-6(4) 7-6(5) 6-4,121,87,136,88,86,ATP-2025-540-134,2025-540,5,0.577904862306308,0.5494354592615197,0.577904862306308,0.5636701607839139,0.5521724914089201,0.5691629895907493,both_first
atp:200221,atp:200587,2025-06-30,2025,2025,grass,Wimbledon,R128,6-2 6-4 7-5,84,61,87,50,86,ATP-2025-540-135,2025-540,5,0.8795813047604604,0.8035703387244431,0.8795813047604604,0.8415758217424517,0.7901197641387748,0.8403857088343041,both_first
atp:209259,atp:200615,2025-06-30,2025,2025,grass,Wimbledon,R128,6-4 6-1 4-6 6-4,114,77,124,75,86,ATP-2025-540-136,2025-540,5,0.157070179579168,0.2420811718034788,0.157070179579168,0.1995756756913234,0.24598766583583237,0.1993620656821687,both_first
atp:209260,atp:126128,2025-06-30,2025,2025,grass,Wimbledon,R128,7-6(3) 1-6 6-7(2) 6-3 6-1,148,94,166,101,86,ATP-2025-540-137,2025-540,5,0.11878174918025124,0.2125419591089411,0.11878174918025124,0.16566185414459617,0.2081666973532516,0.16535669698866087,both_first
atp:111442,atp:200240,2025-06-30,2025,2025,grass,Wimbledon,R128,3-6 4-6 6-3 7-6(1) 6-1,158,107,149,97,86,ATP-2025-540-138,2025-540,5,0.943929853448019,0.8722917302410742,0.943929853448019,0.9081107918445466,0.8678749583684229,0.9074699618170825,both_first
atp:126127,atp:106421,2025-06-30,2025,2025,grass,Wimbledon,R128,7-6(2) 3-6 7-6(3) 6-2,119,89,146,91,86,ATP-2025-540-139,2025-540,5,0.2802946779116596,0.3562099481232835,0.2802946779116596,0.31825231301747153,0.34781287068837763,0.31706220010932384,both_first
atp:132686,atp:202103,2025-06-30,2025,2025,grass,Wimbledon,R128,4-6 6-3 7-6(5) 6-0,113,81,116,68,86,ATP-2025-540-140,2025-540,5,0.36158390655922257,0.411443393347574,0.36158390655922257,0.3865136499533983,0.406368729346317,0.3839503298435417,both_first
atp:126129,atp:105583,2025-06-30,2025,2025,grass,Wimbledon,R128,6-3 6-2 6-4,93,62,75,43,86,ATP-2025-540-141,2025-540,5,0.4242849761171519,0.4517851693622215,0.4242849761171519,0.43803507273968667,0.4493068662072541,0.43309152681353474,both_first
atp:208278,atp:206748,2025-06-30,2025,2025,grass,Wimbledon,R128,2-6 3-6 6-3 7-6(6) 7-5,170,111,140,97,86,ATP-2025-540-142,2025-540,5,0.2537771976696816,0.3177601464754348,0.2537771976696816,0.2857686720725582,0.3276033135258396,0.28772167787054415,both_first
atp:111575,atp:111456,2025-06-30,2025,2025,grass,Wimbledon,R128,7-5 6-4 6-4,106,75,92,57,86,ATP-2025-540-143,2025-540,5,0.7675145957248735,0.6846811107720476,0.7675145957248735,0.7260978532484605,0.689165329628424,0.7239007217257263,both_first
atp:111794,atp:126610,2025-06-30,2025,2025,grass,Wimbledon,R128,4-6 6-2 6-4 5-7 6-3,134,92,136,87,86,ATP-2025-540-144,2025-540,5,0.15088352516693188,0.2306682941714983,0.15088352516693188,0.1907759096692151,0.24016189667585086,0.18921960817394504,both_first
atp:210319,atp:211902,2025-06-30,2025,2025,grass,Wimbledon,R128,4-6 6-2 7-6(11) 6-2,124,83,120,68,86,ATP-2025-540-145,2025-540,5,0.7365686205044804,0.6774183704607873,0.7365686205044804,0.7069934954826338,0.6649591157932417,0.705559256849738,both_first
atp:106426,atp:208210,2025-06-30,2025,2025,grass,Wimbledon,R128,7-6(8) 6-4 6-4,96,75,104,71,86,ATP-2025-540-146,2025-540,5,0.7837779932110464,0.7121452548062253,0.7837779932110464,0.7479616240086358,0.7023569385761265,0.7465273853757398,both_first
atp:126239,atp:100644,2025-06-30,2025,2025,grass,Wimbledon,R128,7-6(3) 6-7(8) 6-3 6-7(5) 6-4,174,130,189,134,86,ATP-2025-540-147,2025-540,5,0.03795117710569307,0.10744583460482149,0.03795117710569307,0.07269850585525728,0.10384849290252864,0.07309521015797318,both_first
atp:111797,atp:208029,2025-06-30,2025,2025,grass,Wimbledon,R128,4-6 4-6 7-5 6-3 6-4,139,101,150,98,86,ATP-2025-540-148,2025-540,5,0.3312563206437236,0.3880683552029295,0.3312563206437236,0.3596623379233266,0.38500947291401116,0.3586248035931465,both_first
atp:210530,atp:210460,2025-06-30,2025,2025,grass,Wimbledon,R128,7-6(5) 6-3 6-2,95,70,93,55,86,ATP-2025-540-149,2025-540,5,0.5147450684032802,0.5116570033567287,0.5147450684032802,0.5132010358800044,0.5098316293092936,0.5144216645037456,both_first
atp:211663,atp:207985,2025-06-30,2025,2025,grass,Wimbledon,R128,6-4 6-1 7-6(5),90,67,96,58,86,ATP-2025-540-150,2025-540,5,0.6287269401559162,0.5882514494964907,0.6287269401559162,0.6084891948262035,0.586901957859343,0.6116323135323372,both_first
atp:202385,atp:134868,2025-06-30,2025,2025,grass,Wimbledon,R128,6-2 7-5 6-3,100,65,109,59,86,ATP-2025-540-151,2025-540,5,0.407395313479926,0.4397619774183705,0.407395313479926,0.42357864544914825,0.43786558138926635,0.42110687248607226,both_first
atp:208103,atp:106198,2025-06-30,2025,2025,grass,Wimbledon,R128,4-6 6-2 6-2 7-6(0),102,79,114,70,86,ATP-2025-540-152,2025-540,5,0.9757755724436781,0.9236801953005798,0.9757755724436781,0.9497278838721289,0.9215730231896851,0.9496363367253484,both_first
atp:208233,atp:200610,2025-06-30,2025,2025,grass,Wimbledon,R128,6-7(2) 6-3 6-4 6-4,110,87,131,85,86,ATP-2025-540-153,2025-540,5,0.7703151454337258,0.700061031431187,0.7703151454337258,0.7351880884324564,0.6914117574479998,0.7390025528816477,both_first
atp:111815,atp:105138,2025-06-30,2025,2025,grass,Wimbledon,R128,6-3 3-6 6-4 7-6(3),143,90,113,76,86,ATP-2025-540-154,2025-540,5,0.5212044946949652,0.511901129081477,0.5212044946949652,0.5165528118882211,0.5141410416173354,0.5178649876587429,both_first
atp:126207,atp:209284,2025-06-30,2025,2025,grass,Wimbledon,R128,6-3 6-4 6-2,78,56,82,48,86,ATP-2025-540-155,2025-540,5,0.9189596744722969,0.8391516631064998,0.9189596744722969,0.8790556687893983,0.8346383434889201,0.8801542345507655,both_first
atp:126094,atp:111513,2025-06-30,2025,2025,grass,Wimbledon,R128,6-0 7-6(5) 6-7(9) 7-6(6),142,105,163,105,86,ATP-2025-540-156,2025-540,5,0.7702067999414876,0.6868782422947818,0.7702067999414876,0.7285425211181347,0.6913246616937144,0.7279016910906706,both_first
atp:144750,atp:200267,2025-06-30,2025,2025,grass,Wimbledon,R128,7-6(7) 7-6(2) 6-7(5) 6-2,173,114,163,101,86,ATP-2025-540-157,2025-540,5,0.4170374130131812,0.44574305767470246,0.4170374130131812,0.43139023534394183,0.4444062971463992,0.42958980812392356,both_first
atp:105173,atp:106331,2025-06-30,2025,2025,grass,Wimbledon,R128,6-2 6-4 6-3,72,52,103,54,86,ATP-2025-540-158,2025-540,5,0.5630375121923314,0.5490692706743974,0.5630375121923314,0.5560533914333644,0.5421495464686132,0.5535511027546949,both_first
atp:208316,atp:126774,2025-06-30,2025,2025,grass,Wimbledon,R128,6-3 6-2 RET,50,37,60,34,86,ATP-2025-540-159,2025-540,5,0.20001253251678935,0.26942325297528225,0.20001253251678935,0.2347178927460358,0.28411427400825323,0.23752533858064062,both_first
atp:200000,atp:105902,2025-06-30,2025,2025,grass,Wimbledon,R128,6-2 3-6 6-7(2) 6-4 6-4,136,94,171,105,86,ATP-2025-540-160,2025-540,5,0.8702916750529684,0.7746414403417761,0.8702916750529684,0.8224665576973722,0.7805760996053419,0.8209102562021022,both_first
atp:105526,atp:209209,2025-06-30,2025,2025,grass,Wimbledon,R128,6-2 5-7 6-3 6-3,103,76,127,75,86,ATP-2025-540-161,2025-540,5,0.8684884247505706,0.7826975892584681,0.8684884247505706,0.8255930070045194,0.7787573749690466,0.8260202270228287,both_first
atp:210472,atp:209857,2025-06-30,2025,2025,grass,Wimbledon,R128,6-4 6-4 6-4,78,62,95,57,86,ATP-2025-540-162,2025-540,5,0.3816203869054264,0.41443393347574,0.3816203869054264,0.39802716019058315,0.4202410079544036,0.3971727201539643,both_first
atp:207989,atp:104926,2025-06-30,2025,2025,grass,Wimbledon,R128,7-5 6-7(5) 7-5 2-6 6-1,189,118,168,102,86,ATP-2025-540-163,2025-540,5,0.9937177718524199,0.9612755569118095,0.9937177718524199,0.9774966643821148,0.9669402128173388,0.9775882115288954,both_first
atp:206173,atp:105777,2025-06-30,2025,2025,grass,Wimbledon,R16,3-6 5-7 2-2 RET,59,39,85,59,86,ATP-2025-540-212,2025-540,5,0.7768128547945913,0.6873054623130912,0.7768128547945913,0.7320591585538412,0.6966633857216602,0.7328220514436795,both_later
atp:210097,atp:132283,2025-06-30,2025,2025,grass,Wimbledon,R16,3-6 6-1 7-6(1) 7-5,126,87,118,76,86,ATP-2025-540-213,2025-540,5,0.5247037348042113,0.515929203539823,0.5247037348042113,0.5203164691720171,0.5164766091878296,0.5226356635571254,both_later
atp:207925,atp:105227,2025-06-30,2025,2025,grass,Wimbledon,R16,6-4 6-4 6-7(4) 7-6(3),150,105,143,96,86,ATP-2025-540-214,2025-540,5,0.2473961039928888,0.3252670125114434,0.2473961039928888,0.2863315582521661,0.3226327539155272,0.2864536211145402,both_later
atp:104925,atp:200282,2025-06-30,2025,2025,grass,Wimbledon,R16,1-6 6-4 6-4 6-4,129,77,113,64,86,ATP-2025-540-215,2025-540,5,0.7735993830719026,0.6829111992676228,0.7735993830719026,0.7282552911697626,0.6940591454950034,0.7253868139039708,both_later
atp:126203,atp:111442,2025-06-30,2025,2025,grass,Wimbledon,R16,6-1 3-0 RET,24,23,28,11,86,ATP-2025-540-216,2025-540,5,0.7908714420092368,0.7020750686603601,0.7908714420092368,0.7464732553347984,0.7082274703356232,0.7437573566469742,both_later
atp:111575,atp:111794,2025-06-30,2025,2025,grass,Wimbledon,R16,6-4 6-2 6-3,70,53,90,51,86,ATP-2025-540-217,2025-540,5,0.7050787644919899,0.6475129691791273,0.7050787644919899,0.6762958668355585,0.641312992911818,0.6768756654318357,both_later
atp:111815,atp:111797,2025-06-30,2025,2025,grass,Wimbledon,R16,6-3 7-6(4) 6-7(7) 6-7(5) 6-3,196,138,178,122,86,ATP-2025-540-218,2025-540,5,0.6082757128719931,0.5632285627097956,0.6082757128719931,0.5857521377908943,0.5728234126069351,0.589475055093305,both_later
atp:207989,atp:126094,2025-06-30,2025,2025,grass,Wimbledon,R16,6-7(5) 6-3 6-4 6-4,116,88,123,82,86,ATP-2025-540-219,2025-540,5,0.8901736784218759,0.7907537381751603,0.8901736784218759,0.840463708298518,0.8013910015620451,0.8373816210235714,both_later
atp:206173,atp:124079,2025-06-30,2025,2025,grass,Wimbledon,R32,6-1 6-3 6-1,74,53,79,39,86,ATP-2025-540-196,2025-540,5,0.9982074564999381,0.9826365578272811,0.9982074564999381,0.9904220071636096,0.9854410547052035,0.9906356171727644,both_later
atp:105777,atp:124116,2025-06-30,2025,2025,grass,Wimbledon,R32,6-3 6-4 7-6(0),97,70,91,57,86,ATP-2025-540-197,2025-540,5,0.9268052221103944,0.8316447970704913,0.9268052221103944,0.8792250095904428,0.8445412161156216,0.883314115479976,both_later
atp:210097,atp:105916,2025-06-30,2025,2025,grass,Wimbledon,R32,6-3 7-6(4) 6-2,91,66,86,53,86,ATP-2025-540-198,2025-540,5,0.5127040570050758,0.5036618858712237,0.5127040570050758,0.5081829714381498,0.5084703841296877,0.5114481530066575,both_later
atp:132283,atp:206909,2025-06-30,2025,2025,grass,Wimbledon,R32,6-7(5) 7-6(8) 7-6(2) 3-6 7-6(3),188,131,199,138,86,ATP-2025-540-199,2025-540,5,0.4411378927235014,0.4664937442783033,0.4411378927235014,0.45381581850090236,0.46065728894184127,0.451954359849697,both_later
atp:105227,atp:144719,2025-06-30,2025,2025,grass,Wimbledon,R32,6-3 3-6 6-2 6-4,134,83,102,65,86,ATP-2025-540-200,2025-540,5,0.8265952571344223,0.7295392126945377,0.8265952571344223,0.7780672349144799,0.7390669205931738,0.7786165177951636,both_later
atp:207925,atp:210150,2025-06-30,2025,2025,grass,Wimbledon,R32,6-2 6-4 6-2,79,57,93,50,86,ATP-2025-540-201,2025-540,5,0.5369576484069057,0.5210558437595362,0.5369576484069057,0.529006746083221,0.5246634179817475,0.5299222175510269,both_later
atp:200282,atp:200416,2025-06-30,2025,2025,grass,Wimbledon,R32,6-4 7-6(5) 6-3,93,70,111,70,86,ATP-2025-540-202,2025-540,5,0.9953431037889721,0.9874580408910589,0.9953431037889721,0.9914005723400154,0.9727875789916044,0.9900578808539001,both_later
atp:104925,atp:200175,2025-06-30,2025,2025,grass,Wimbledon,R32,6-3 6-0 6-4,69,52,89,45,86,ATP-2025-540-203,2025-540,5,0.9747967266254091,0.9076899603295697,0.9747967266254091,0.9412433434774894,0.9195935011348845,0.94289119211954,both_later
atp:126203,atp:200221,2025-06-30,2025,2025,grass,Wimbledon,R32,6-4 6-3 6-7(5) 6-1,120,84,130,76,86,ATP-2025-540-204,2025-540,5,0.8874777873108273,0.793500152578578,0.8874777873108273,0.8404889699447027,0.7984800978194168,0.837864618403659,both_later
atp:111442,atp:209260,2025-06-30,2025,2025,grass,Wimbledon,R32,6-4 6-4 3-6 6-3,126,87,117,77,86,ATP-2025-540-205,2025-540,5,0.8427626647608317,0.7476655477570949,0.8427626647608317,0.7952141062589633,0.7538562562996345,0.7959464834332081,both_later
atp:111575,atp:132686,2025-06-30,2025,2025,grass,Wimbledon,R32,7-6(6) 4-6 4-6 6-3 7-6(8),171,117,169,113,86,ATP-2025-540-206,2025-540,5,0.7937892703788266,0.703051571559353,0.7937892703788266,0.7484204209690899,0.7106643791147831,0.7478406223728128,both_later
atp:111794,atp:126239,2025-06-30,2025,2025,grass,Wimbledon,R32,6-3 7-6(4) 7-6(6),119,81,113,72,86,ATP-2025-540-207,2025-540,5,0.5452055985792417,0.529844369850473,0.5452055985792417,0.5375249842148573,0.530182843509433,0.5385625185450373,both_later
atp:111797,atp:211663,2025-06-30,2025,2025,grass,Wimbledon,R32,6-3 6-4 3-6 7-6(4),133,94,132,87,86,ATP-2025-540-208,2025-540,5,0.447200769144978,0.46661580714067746,0.447200769144978,0.45690828814282775,0.46472748121597657,0.4527581508221076,both_later
atp:111815,atp:208233,2025-06-30,2025,2025,grass,Wimbledon,R32,7-6(5) 6-4 6-3,103,66,108,61,86,ATP-2025-540-209,2025-540,5,0.6348543760906273,0.5864205065608789,0.6348543760906273,0.6106374413257531,0.5911527750074728,0.6104543470321919,both_later
atp:126094,atp:105173,2025-06-30,2025,2025,grass,Wimbledon,R32,7-5 6-2 6-3,99,68,79,48,86,ATP-2025-540-210,2025-540,5,0.7783670329895904,0.6847421422032347,0.7783670329895904,0.7315545875964126,0.697927950352098,0.7317071661743801,both_later
atp:207989,atp:105526,2025-06-30,2025,2025,grass,Wimbledon,R32,6-1 3-6 6-3 6-4,108,74,122,71,86,ATP-2025-540-211,2025-540,5,0.8739616728500493,0.7707964601769911,0.8739616728500493,0.8223790665135202,0.7843108164708754,0.8248813551921897,both_later
atp:206173,atp:126846,2025-06-30,2025,2025,grass,Wimbledon,R64,6-1 6-1 6-3,80,57,65,30,86,ATP-2025-540-164,2025-540,5,0.9837829614127314,0.9319804699420201,0.9837829614127314,0.9578817156773758,0.9391689611319719,0.9584920299892463,both_later
atp:124079,atp:208363,2025-06-30,2025,2025,grass,Wimbledon,R64,7-5 7-5 7-6(6),129,79,109,66,86,ATP-2025-540-165,2025-540,5,0.5919118867493194,0.561641745498932,0.5919118867493194,0.5767768161241257,0.5616636009601776,0.5764106275370033,both_later
atp:105777,atp:144895,2025-06-30,2025,2025,grass,Wimbledon,R64,7-5 4-6 7-5 7-5,138,91,149,88,86,ATP-2025-540-166,2025-540,5,0.9489908927510206,0.8639304241684468,0.9489908927510206,0.9064606584597337,0.8753299231711527,0.9060944698726112,both_later
atp:124116,atp:126205,2025-06-30,2025,2025,grass,Wimbledon,R64,1-6 7-5 6-4 7-5,142,88,113,73,86,ATP-2025-540-167,2025-540,5,0.12039830323534122,0.2187061336588343,0.12039830323534122,0.16955221844708776,0.20985895060993642,0.170772847070829,both_later
atp:210097,atp:208014,2025-06-30,2025,2025,grass,Wimbledon,R64,6-2 7-5 6-4,93,68,98,58,86,ATP-2025-540-168,2025-540,5,0.7158932386986833,0.6468416234360695,0.7158932386986833,0.6813674310673764,0.6493357353969733,0.678926173819894,both_later
atp:105916,atp:104792,2025-06-30,2025,2025,grass,Wimbledon,R64,6-4 1-6 4-6 7-6(5) 6-4,175,100,161,96,86,ATP-2025-540-169,2025-540,5,0.6078655531597614,0.5662191028379615,0.6078655531597614,0.5870423279988615,0.5725426337645972,0.5867676865585197,both_later
atp:206909,atp:124187,2025-06-30,2025,2025,grass,Wimbledon,R64,7-5 6-2 6-7(6) 6-3,112,89,130,83,86,ATP-2025-540-170,2025-540,5,0.8590229552926626,0.7690875801037534,0.8590229552926626,0.814055267698208,0.7693774069913005,0.815031770597201,both_later
atp:132283,atp:105932,2025-06-30,2025,2025,grass,Wimbledon,R64,6-1 6-3 6-7(3) 7-6(4),120,86,131,79,86,ATP-2025-540-171,2025-540,5,0.912251312312664,0.829264571254196,0.912251312312664,0.8707579417834299,0.8264909303777801,0.8691100931413793,both_later
atp:105227,atp:207733,2025-06-30,2025,2025,grass,Wimbledon,R64,6-4 6-3 1-6 6-4,104,73,109,69,86,ATP-2025-540-172,2025-540,5,0.344540295840952,0.3986267927982911,0.344540295840952,0.3715835443196216,0.39442473605542916,0.3693253813657003,both_later
atp:144719,atp:206681,2025-06-30,2025,2025,grass,Wimbledon,R64,6-2 6-3 7-6(9),104,71,101,59,86,ATP-2025-540-173,2025-540,5,0.5571916034817709,0.5319804699420202,0.5571916034817709,0.5445860367118955,0.5382206284239728,0.5478207025648097,both_later
atp:207925,atp:209957,2025-06-30,2025,2025,grass,Wimbledon,R64,6-1 7-6(6) 6-2,96,64,90,46,86,ATP-2025-540-174,2025-540,5,0.8025111246625831,0.7255721696673787,0.8025111246625831,0.7640416471649809,0.7180296570492144,0.7681307530545141,both_later
atp:210150,atp:106218,2025-06-30,2025,2025,grass,Wimbledon,R64,6-4 3-6 6-4 7-6(4),129,84,129,81,86,ATP-2025-540-175,2025-540,5,0.4098561147814033,0.444278303326213,0.4098561147814033,0.42706720905380813,0.4395372906300901,0.4272197876317758,both_later
atp:200282,atp:209070,2025-06-30,2025,2025,grass,Wimbledon,R64,4-6 6-2 6-4 6-0,97,67,120,64,86,ATP-2025-540-176,2025-540,5,0.9629674759913139,0.8932865425694233,0.9629674759913139,0.9281270092803686,0.8977204276258646,0.9258383306108537,both_later
atp:200416,atp:207830,2025-06-30,2025,2025,grass,Wimbledon,R64,7-6(5) 6-7(8) 6-7(5) 7-5 7-6(5),204,145,205,141,86,ATP-2025-540-177,2025-540,5,0.0411177087744047,0.07821177906621911,0.0411177087744047,0.0596647439203119,0.10914027954862805,0.05819998957182243,both_later
atp:200175,atp:207411,2025-06-30,2025,2025,grass,Wimbledon,R64,1-6 6-3 6-2 6-4,88,65,112,67,86,ATP-2025-540-178,2025-540,5,0.6912173679309092,0.634330180042722,0.6912173679309092,0.6627737739868156,0.6311634291521693,0.6605156110328942,both_later
atp:104925,atp:105554,2025-06-30,2025,2025,grass,Wimbledon,R64,6-3 6-2 6-0,58,49,91,43,86,ATP-2025-540-179,2025-540,5,0.9856652875952336,0.935764418675618,0.9856652875952336,0.9607148531354258,0.9437694583568583,0.9602266016859293,both_later
atp:126203,atp:209113,2025-06-30,2025,2025,grass,Wimbledon,R64,3-6 6-3 7-6(0) 4-6 6-3,133,100,162,105,86,ATP-2025-540-180,2025-540,5,0.9543846334207533,0.8781507476350321,0.9543846334207533,0.9162676905278927,0.8836249712343967,0.9164202691058603,both_later
atp:200221,atp:122298,2025-06-30,2025,2025,grass,Wimbledon,R64,6-1 4-6 6-3 7-6(5),125,83,137,76,86,ATP-2025-540-181,2025-540,5,0.5452449028842664,0.5330180042722001,0.5452449028842664,0.5391314535782332,0.5302091661658556,0.5351033791198873,both_later
atp:209260,atp:209259,2025-06-30,2025,2025,grass,Wimbledon,R64,6-4 6-3 6-3,102,62,106,56,86,ATP-2025-540-182,2025-540,5,0.6234080505314601,0.591608178211779,0.6234080505314601,0.6075081143716196,0.5832248758245846,0.6065621271882201,both_later
atp:111442,atp:126127,2025-06-30,2025,2025,grass,Wimbledon,R64,7-5 6-7(2) 4-6 6-2 6-4,170,109,173,107,86,ATP-2025-540-183,2025-540,5,0.5905614791804761,0.5568812938663412,0.5905614791804761,0.5737213865234086,0.560746274939708,0.5757354237525816,both_later
atp:132686,atp:126129,2025-06-30,2025,2025,grass,Wimbledon,R64,6-3 6-4 7-6(7),114,80,112,67,86,ATP-2025-540-184,2025-540,5,0.6489279852092042,0.5991150442477876,0.6489279852092042,0.624021514728496,0.600980831690622,0.6263712248291977,both_later
atp:111575,atp:208278,2025-06-30,2025,2025,grass,Wimbledon,R64,1-6 7-6(7) 4-6 6-3 6-4,176,103,149,93,86,ATP-2025-540-185,2025-540,5,0.9425096298266555,0.8630149527006409,0.9425096298266555,0.9027622912636482,0.8658344360457567,0.901663725502281,both_later
atp:111794,atp:210319,2025-06-30,2025,2025,grass,Wimbledon,R64,6-1 6-4 6-3,80,55,77,40,86,ATP-2025-540-186,2025-540,5,0.7475689493035104,0.6876106194690266,0.7475689493035104,0.7175897843862684,0.6734415521926418,0.714690791404883,both_later
atp:126239,atp:106426,2025-06-30,2025,2025,grass,Wimbledon,R64,3-6 6-3 7-6(3) 4-6 6-3,159,105,154,102,86,ATP-2025-540-187,2025-540,5,0.45718679005890805,0.46624961855355507,0.45718679005890805,0.46171820430623156,0.4714189863078637,0.4632439900859081,both_later
atp:111797,atp:210530,2025-06-30,2025,2025,grass,Wimbledon,R64,6-2 6-2 6-3,63,52,86,45,86,ATP-2025-540-188,2025-540,5,0.6056246467335782,0.5759231003967044,0.6056246467335782,0.5907738735651413,0.5710096079488585,0.5891870563542776,both_later
atp:211663,atp:202385,2025-06-30,2025,2025,grass,Wimbledon,R64,6-4 5-7 6-2 6-4,128,81,144,83,86,ATP-2025-540-189,2025-540,5,0.5432124968256008,0.5312480927677754,0.5432124968256008,0.537230294796688,0.5288483050934291,0.5412278535394406,both_later
atp:208233,atp:208103,2025-06-30,2025,2025,grass,Wimbledon,R64,7-6(4) 6-1 7-5,101,72,86,54,86,ATP-2025-540-190,2025-540,5,0.19131438980295642,0.277113213304852,0.19131438980295642,0.2342138015539042,0.276679072704538,0.23155893429726704,both_later
atp:111815,atp:126207,2025-06-30,2025,2025,grass,Wimbledon,R64,4-6 6-4 6-3 7-5,120,83,138,82,86,ATP-2025-540-191,2025-540,5,0.3773920268296033,0.42841013121757704,0.3773920268296033,0.4029010790235902,0.4173272458891141,0.3971946402076,both_later
atp:126094,atp:144750,2025-06-30,2025,2025,grass,Wimbledon,R64,6-7(1) 6-4 7-6(5) 6-3,119,93,130,87,86,ATP-2025-540-192,2025-540,5,0.6758263105942455,0.6205370765944461,0.6758263105942455,0.6481816935943459,0.620052508729764,0.6472357064109464,both_later
atp:105173,atp:208316,2025-06-30,2025,2025,grass,Wimbledon,R64,6-4 6-4 5-7 7-6(1),129,96,146,94,86,ATP-2025-540-193,2025-540,5,0.7455665108083007,0.6788220933780897,0.7455665108083007,0.7121943020931952,0.6718879873922959,0.7133233835701558,both_later
atp:105526,atp:200000,2025-06-30,2025,2025,grass,Wimbledon,R64,3-6 7-6(9) 6-3 6-4,133,84,148,89,86,ATP-2025-540-194,2025-540,5,0.4891630406210666,0.49218797680805615,0.4891630406210666,0.49067550871456134,0.49277473180089404,0.4890276600725107,both_later
atp:207989,atp:210472,2025-06-30,2025,2025,grass,Wimbledon,R64,6-1 6-4 6-4,96,61,77,38,86,ATP-2025-540-195,2025-540,5,0.9916711646092247,0.966707354287458,0.9916711646092247,0.9791892594483413,0.960320990932139,0.9772667693659489,both_later
atp:206173,atp:104925,2025-06-30,2025,2025,grass,Wimbledon,SF,6-3 6-3 6-4,73,56,92,53,86,ATP-2025-540-224,2025-540,5,0.5975401065938599,0.5571864510222765,0.5975401065938599,0.5773632788080683,0.5654925355032799,0.5812387746884466,both_later
atp:207989,atp:126203,2025-06-30,2025,2025,grass,Wimbledon,SF,6-4 5-7 6-3 7-6(6),113,87,121,86,86,ATP-2025-540-225,2025-540,5,0.6425011070150761,0.591486115349405,0.6425011070150761,0.6169936111822405,0.5964810887670625,0.6148575110906933,both_later
atp:122330,atp:207678,2025-07-14,2025,2025,clay,Gstaad,F,6-4 4-6 6-3,94,61,100,57,87,ATP-2025-0314-385,2025-0314,3,0.5867221359300504,0.5295392126945377,0.5867221359300504,0.558130674312294,0.5581409992965009,0.5573982971380493,both_later
atp:122330,atp:207681,2025-07-14,2025,2025,clay,Gstaad,QF,6-4 6-3,62,43,53,34,87,ATP-2025-0314-379,2025-0314,3,0.4999669414702339,0.497009459871834,0.4999669414702339,0.49848820067103394,0.4999779609801381,0.5024552436981929,both_later
atp:209070,atp:208843,2025-07-14,2025,2025,clay,Gstaad,QF,7-6(3) 3-6 7-5,87,63,100,70,87,ATP-2025-0314-380,2025-0314,3,0.489511877694655,0.5014037229173024,0.489511877694655,0.4954578003059787,0.4930073486283967,0.4938709830951151,both_later
atp:209860,atp:208882,2025-07-14,2025,2025,clay,Gstaad,QF,6-3 3-6 6-1,95,59,94,52,87,ATP-2025-0314-381,2025-0314,3,0.4863326358741443,0.496032956972841,0.4863326358741443,0.49118279642349266,0.49088716276734523,0.4910912492767121,both_later
atp:207678,atp:134770,2025-07-14,2025,2025,clay,Gstaad,QF,6-2 1-6 6-3,87,46,79,42,87,ATP-2025-0314-382,2025-0314,3,0.06764640753376445,0.264174549893195,0.06764640753376445,0.16591047871347972,0.14818028144082682,0.16673440303450504,both_later
atp:122330,atp:207686,2025-07-14,2025,2025,clay,Gstaad,R16,6-2 6-3,52,35,49,26,87,ATP-2025-0314-371,2025-0314,3,0.40857964807586694,0.469179127250534,0.40857964807586694,0.43887938766320045,0.43867035640951,0.4408323934611864,mixed_first_later
atp:207681,atp:106148,2025-07-14,2025,2025,clay,Gstaad,R16,6-1 6-4,47,37,50,29,87,ATP-2025-0314-372,2025-0314,3,0.27194820182404145,0.4107720476045163,0.27194820182404145,0.3413601247142789,0.3415246889996576,0.33998691751257004,both_later
atp:209070,atp:144869,2025-07-14,2025,2025,clay,Gstaad,R16,6-3 4-6 6-4,112,73,71,52,87,ATP-2025-0314-373,2025-0314,3,0.11614353491808004,0.31458651205370763,0.11614353491808004,0.21536502348589384,0.20538383556630604,0.21597533779776446,mixed_first_later
atp:208843,atp:208859,2025-07-14,2025,2025,clay,Gstaad,R16,7-6(3) 7-6(3),87,66,78,55,87,ATP-2025-0314-374,2025-0314,3,0.4454926876859017,0.4683246872139152,0.4454926876859017,0.4569086874499084,0.4635814155768147,0.45907530325704915,both_later
atp:209860,atp:111794,2025-07-14,2025,2025,clay,Gstaad,R16,1-6 7-5 6-1,79,51,84,49,87,ATP-2025-0314-375,2025-0314,3,0.3237020687574714,0.4224900823924321,0.3237020687574714,0.3730960755749517,0.37960932491187604,0.37221111982273936,both_later
atp:208882,atp:200452,2025-07-14,2025,2025,clay,Gstaad,R16,4-6 6-4 6-1,92,59,81,44,87,ATP-2025-0314-376,2025-0314,3,0.5141439293345352,0.5074458346048215,0.5141439293345352,0.5107948819696784,0.5094306839809997,0.5064921660709906,mixed_first_later
atp:207678,atp:105676,2025-07-14,2025,2025,clay,Gstaad,R16,5-7 6-4 6-1,87,57,94,56,87,ATP-2025-0314-377,2025-0314,3,0.22318583880835266,0.39929813854134877,0.22318583880835266,0.3112419886748507,0.30333555271319373,0.30388770121680986,both_later
atp:134770,atp:208502,2025-07-14,2025,2025,clay,Gstaad,R16,7-5 7-6(6),74,54,78,51,87,ATP-2025-0314-378,2025-0314,3,0.8777934544426788,0.6827891364052487,0.8777934544426788,0.7802912954239638,0.7882594875096168,0.7830377098273815,mixed_first_later
atp:207686,atp:104527,2025-07-14,2025,2025,clay,Gstaad,R32,6-3 6-2,64,46,54,30,87,ATP-2025-0314-359,2025-0314,3,0.49782940652797986,0.4977418370460787,0.49782940652797986,0.4977856217870293,0.4985529326350579,0.49946398614467347,both_first
atp:106148,atp:126535,2025-07-14,2025,2025,clay,Gstaad,R32,1-6 6-2 7-6(5),95,57,98,59,87,ATP-2025-0314-360,2025-0314,3,0.8494342202534068,0.6630759841318279,0.8494342202534068,0.7562551021926174,0.7601399551040111,0.753356109211232,both_first
atp:207681,atp:105477,2025-07-14,2025,2025,clay,Gstaad,R32,6-3 6-4,53,42,57,36,87,ATP-2025-0314-361,2025-0314,3,0.6459320564980827,0.5494354592615197,0.6459320564980827,0.5976837578798012,0.5988807338672448,0.6008879080171219,both_first
atp:209070,atp:105932,2025-07-14,2025,2025,clay,Gstaad,R32,4-6 7-5 7-6(5),115,79,123,81,87,ATP-2025-0314-362,2025-0314,3,0.5880103035525939,0.5394873359780287,0.5880103035525939,0.5637488197653113,0.5590146651694682,0.5607277639215518,both_first
atp:208843,atp:123921,2025-07-14,2025,2025,clay,Gstaad,R32,7-5 4-6 7-5,90,65,103,65,87,ATP-2025-0314-363,2025-0314,3,0.7542999686044731,0.6454379005187671,0.7542999686044731,0.6998689345616201,0.678696047397019,0.6987703688002531,both_first
atp:208859,atp:126239,2025-07-14,2025,2025,clay,Gstaad,R32,6-1 7-5,51,42,49,30,87,ATP-2025-0314-364,2025-0314,3,0.3353664971106439,0.4338419285932255,0.3353664971106439,0.3846042128519347,0.3879332934463175,0.3854891686041471,both_first
atp:209860,atp:111513,2025-07-14,2025,2025,clay,Gstaad,R32,7-6(4) 1-6 6-4,94,61,83,57,87,ATP-2025-0314-365,2025-0314,3,0.10732195026061496,0.28498626792798293,0.10732195026061496,0.19615410909429895,0.19587754661197143,0.1968864862685437,both_first
atp:111794,atp:209279,2025-07-14,2025,2025,clay,Gstaad,R32,6-4 3-6 6-2,73,51,94,56,87,ATP-2025-0314-366,2025-0314,3,0.448619531334122,0.47668599328654254,0.448619531334122,0.46265276231033226,0.4656790700900094,0.4654296924293436,both_first
atp:208882,atp:207494,2025-07-14,2025,2025,clay,Gstaad,R32,6-3 6-1,46,33,45,21,87,ATP-2025-0314-367,2025-0314,3,0.4826301114762165,0.49218797680805615,0.4826301114762165,0.4874090441421363,0.4884174849871486,0.49082680428861175,both_first
atp:105676,atp:212021,2025-07-14,2025,2025,clay,Gstaad,R32,7-6(2) 6-3,72,55,96,57,87,ATP-2025-0314-368,2025-0314,3,0.9218133168763681,0.7360085444003662,0.9218133168763681,0.8289109306383672,0.8381909394216289,0.830284137840076,both_first
atp:207678,atp:105526,2025-07-14,2025,2025,clay,Gstaad,R32,6-3 3-6 6-3,90,61,116,69,87,ATP-2025-0314-369,2025-0314,3,0.153443545877163,0.34223375038144643,0.153443545877163,0.24783864812930473,0.2425843339722096,0.25137847113815426,both_first
atp:208502,atp:105732,2025-07-14,2025,2025,clay,Gstaad,R32,4-6 6-4 6-2,77,57,78,52,87,ATP-2025-0314-370,2025-0314,3,0.491964127991601,0.4936527311565456,0.491964127991601,0.49280842957407334,0.4946424957104715,0.493022039583228,both_first
atp:122330,atp:209070,2025-07-14,2025,2025,clay,Gstaad,SF,6-1 7-5,53,40,58,32,87,ATP-2025-0314-383,2025-0314,3,0.6116793662476289,0.5375953616112298,0.6116793662476289,0.5746373639294293,0.5751556679104766,0.5778109983511566,both_later
atp:207678,atp:209860,2025-07-14,2025,2025,clay,Gstaad,SF,6-3 6-3,54,39,54,32,87,ATP-2025-0314-384,2025-0314,3,0.6180092522553348,0.5520598108025633,0.6180092522553348,0.585034531528949,0.5795041045090532,0.5862551601526902,both_later
atp:209260,atp:207411,2025-07-14,2025,2025,clay,Bastad,F,6-4 3-6 6-3,72,51,85,56,87,ATP-2025-0316-385,2025-0316,3,0.6415425053640854,0.5496185535550808,0.6415425053640854,0.5955805294595831,0.5958116396447432,0.596953736661292,both_later
atp:207411,atp:134868,2025-07-14,2025,2025,clay,Bastad,QF,4-6 7-6(3) 6-3,98,64,109,66,87,ATP-2025-0316-379,2025-0316,3,0.3398394942945707,0.4334757400061031,0.3398394942945707,0.3866576171503369,0.3911042211180421,0.3848877056459121,both_later
atp:200116,atp:209209,2025-07-14,2025,2025,clay,Bastad,QF,6-3 7-5,57,38,77,41,87,ATP-2025-0316-380,2025-0316,3,0.4579539824546179,0.488037839487336,0.4579539824546179,0.47299591097097693,0.471932504545738,0.47131754661333275,both_later
atp:209260,atp:202104,2025-07-14,2025,2025,clay,Bastad,QF,6-0 6-2,38,29,51,22,87,ATP-2025-0316-381,2025-0316,3,0.3809800435661595,0.4633201098565761,0.3809800435661595,0.42215007671136784,0.41980019146935166,0.4223636867205225,both_later
atp:202103,atp:106000,2025-07-14,2025,2025,clay,Bastad,QF,6-0 3-6 6-3,77,46,69,34,87,ATP-2025-0316-382,2025-0316,3,0.8663914022585077,0.6686298443698505,0.8663914022585077,0.7675106233141791,0.7766554967933198,0.7675106233141791,both_later
atp:134868,atp:126504,2025-07-14,2025,2025,clay,Bastad,R16,4-6 7-6(6) 6-3,103,66,93,58,87,ATP-2025-0316-371,2025-0316,3,0.8247753085261647,0.6644797070491303,0.8247753085261647,0.7446275077876474,0.737437965909395,0.7439256463289963,mixed_first_later
atp:207411,atp:200240,2025-07-14,2025,2025,clay,Bastad,R16,7-6(3) 7-5,76,50,112,66,87,ATP-2025-0316-372,2025-0316,3,0.6532203004675833,0.5578577967653342,0.6532203004675833,0.6055390486164587,0.6039975686783071,0.6071563815429158,both_later
atp:209209,atp:132686,2025-07-14,2025,2025,clay,Bastad,R16,3-6 7-6(1) 6-3,87,62,81,56,87,ATP-2025-0316-373,2025-0316,3,0.21282307981985024,0.38184314922184925,0.21282307981985024,0.29733311452084976,0.29483944829194325,0.2958988758879538,mixed_first_later
atp:200116,atp:122298,2025-07-14,2025,2025,clay,Bastad,R16,7-6(3) 5-7 6-3,124,77,94,62,87,ATP-2025-0316-374,2025-0316,3,0.2045769150766202,0.3779981690570644,0.2045769150766202,0.2912875420668423,0.2879652796798149,0.2933626107272024,both_later
atp:209260,atp:111200,2025-07-14,2025,2025,clay,Bastad,R16,6-2 6-2,50,36,49,26,87,ATP-2025-0316-375,2025-0316,3,0.786000622612146,0.6162038449801648,0.786000622612146,0.7011022337961554,0.7041883619136746,0.6985999451174858,both_later
atp:202104,atp:149282,2025-07-14,2025,2025,clay,Bastad,R16,3-6 6-2 7-5,81,48,101,55,87,ATP-2025-0316-376,2025-0316,3,0.8955232515314281,0.7133048519987794,0.8955232515314281,0.8044140517651037,0.8072587699707283,0.804200441755949,mixed_first_later
atp:106000,atp:200384,2025-07-14,2025,2025,clay,Bastad,R16,4-6 6-2 6-2,77,53,80,45,87,ATP-2025-0316-377,2025-0316,3,0.33448232068504025,0.44220323466585293,0.33448232068504025,0.38834277767544656,0.3873051528882933,0.3905704249137743,both_later
atp:202103,atp:208363,2025-07-14,2025,2025,clay,Bastad,R16,6-3 6-3,59,38,69,37,87,ATP-2025-0316-378,2025-0316,3,0.6519853480439944,0.5579188281965212,0.6519853480439944,0.6049520881202578,0.6031286468783309,0.6023277365792141,mixed_first_later
atp:126504,atp:210262,2025-07-14,2025,2025,clay,Bastad,R32,2-6 6-3 6-3,87,54,81,47,87,ATP-2025-0316-359,2025-0316,3,0.6639825962311163,0.5839792493133964,0.6639825962311163,0.6239809227722564,0.6116045729977158,0.6254151614051523,both_first
atp:207411,atp:212478,2025-07-14,2025,2025,clay,Bastad,R32,6-3 6-2,49,38,66,35,87,ATP-2025-0316-360,2025-0316,3,0.7165399042248553,0.5972841013121758,0.7165399042248553,0.6569120027685156,0.6498185498986758,0.657857989951915,both_first
atp:200240,atp:106198,2025-07-14,2025,2025,clay,Bastad,R32,6-1 3-0 RET,32,22,31,10,87,ATP-2025-0316-361,2025-0316,3,0.49812385981929636,0.5011595971925542,0.49812385981929636,0.49964172850592525,0.49874923661836107,0.497841301285907,both_first
atp:209209,atp:209284,2025-07-14,2025,2025,clay,Bastad,R32,6-3 3-6 7-5,116,63,116,62,87,ATP-2025-0316-362,2025-0316,3,0.5975141937425185,0.542722001830943,0.5975141937425185,0.5701180977867307,0.5654748850495637,0.5635572189341216,both_first
atp:122298,atp:144707,2025-07-14,2025,2025,clay,Bastad,R32,6-4 6-1,45,32,49,23,87,ATP-2025-0316-363,2025-0316,3,0.5875897960729719,0.5350320415013732,0.5875897960729719,0.5613109187871725,0.558729417636121,0.5625315474109138,both_first
atp:200116,atp:106426,2025-07-14,2025,2025,clay,Bastad,R32,6-4 6-4,71,39,83,42,87,ATP-2025-0316-364,2025-0316,3,0.17690499299548337,0.3647543484894721,0.17690499299548337,0.2708296707424777,0.2640599426430924,0.2714094693387548,both_first
atp:209260,atp:209920,2025-07-14,2025,2025,clay,Bastad,R32,6-2 2-6 6-2,91,57,81,47,87,ATP-2025-0316-365,2025-0316,3,0.9719692264595449,0.8736954531583766,0.9719692264595449,0.9228323398089607,0.9140417174740851,0.9222830569282772,both_first
atp:111200,atp:207729,2025-07-14,2025,2025,clay,Bastad,R32,6-3 3-6 6-2,73,51,77,45,87,ATP-2025-0316-366,2025-0316,3,0.5962366391948645,0.5335062557216966,0.5962366391948645,0.5648714474582806,0.5646049358027919,0.5674652832837307,both_first
atp:149282,atp:106329,2025-07-14,2025,2025,clay,Bastad,R32,5-7 6-3 7-6(2),106,69,104,62,87,ATP-2025-0316-367,2025-0316,3,0.20779962833462645,0.3623130912419896,0.20779962833462645,0.285056359788308,0.2906642716325108,0.2869178184395134,both_first
atp:106000,atp:124116,2025-07-14,2025,2025,clay,Bastad,R32,6-4 6-4,56,38,64,37,87,ATP-2025-0316-368,2025-0316,3,0.38539702818901567,0.45721696673787,0.38539702818901567,0.4213069974634428,0.42283773219661175,0.42182576462853283,both_first
atp:200384,atp:202358,2025-07-14,2025,2025,clay,Bastad,R32,6-4 6-3,64,41,55,33,87,ATP-2025-0316-369,2025-0316,3,0.764837860546716,0.6077204760451632,0.764837860546716,0.6862791682959396,0.6870275205119799,0.6864317468739073,both_first
atp:208363,atp:144642,2025-07-14,2025,2025,clay,Bastad,R32,7-5 7-5,75,46,82,44,87,ATP-2025-0316-370,2025-0316,3,0.8257765570240163,0.6359169972535856,0.8257765570240163,0.730846777138801,0.7383332879160435,0.7359429016429206,both_first
atp:207411,atp:200116,2025-07-14,2025,2025,clay,Bastad,SF,6-3 7-6(3),70,47,64,39,87,ATP-2025-0316-383,2025-0316,3,0.6868250814142186,0.5806835520292951,0.6868250814142186,0.6337543167217569,0.6279763732574092,0.6275901421718637,both_later
atp:209260,atp:202103,2025-07-14,2025,2025,clay,Bastad,SF,6-2 3-6 7-6(3),96,57,96,53,87,ATP-2025-0316-384,2025-0316,3,0.3403762051655568,0.44659749771132135,0.3403762051655568,0.3934868514384391,0.391483947141152,0.3924188013926655,both_later
atp:133430,atp:206499,2025-07-14,2025,2025,hard,Los Cabos,F,6-4 6-2,51,38,50,30,87,ATP-2025-7480-385,2025-7480,3,0.8359791577954929,0.6450106805004577,0.8359791577954929,0.7404949191479753,0.7475787094333648,0.7393658376710147,both_later
atp:200443,atp:105902,2025-07-14,2025,2025,hard,Los Cabos,QF,3-6 6-3 6-4,81,51,85,52,87,ATP-2025-7480-379,2025-7480,3,0.5022810364720878,0.5125724748245346,0.5022810364720878,0.5074267556483112,0.5015206968424425,0.5050465298320158,both_later
atp:133430,atp:209262,2025-07-14,2025,2025,hard,Los Cabos,QF,6-3 6-2,55,37,53,27,87,ATP-2025-7480-380,2025-7480,3,0.7983384386693255,0.6221849252364968,0.7983384386693255,0.7102616819529112,0.7144905225977902,0.7097734305034147,both_later
atp:206499,atp:126663,2025-07-14,2025,2025,hard,Los Cabos,QF,6-3 6-1,51,34,66,31,87,ATP-2025-7480-381,2025-7480,3,0.6115402714317731,0.5603600854440036,0.6115402714317731,0.5859501784378884,0.5750602774454032,0.5785348595486605,both_later
atp:126094,atp:207182,2025-07-14,2025,2025,hard,Los Cabos,QF,5-7 6-4 6-3,83,55,91,58,87,ATP-2025-7480-382,2025-7480,3,0.9759210605380763,0.8192554165395178,0.9759210605380763,0.897588238538797,0.9218699500952973,0.8994802129055959,both_later
atp:105902,atp:200221,2025-07-14,2025,2025,hard,Los Cabos,R16,6-3 6-4,65,42,63,35,87,ATP-2025-7480-371,2025-7480,3,0.2266604299144692,0.40472993591699724,0.2266604299144692,0.31569518291573323,0.306150805031696,0.3122163913380707,mixed_first_later
atp:200443,atp:210460,2025-07-14,2025,2025,hard,Los Cabos,R16,6-1 6-0,40,30,42,15,87,ATP-2025-7480-372,2025-7480,3,0.41786936542778735,0.47387854745193775,0.41786936542778735,0.44587395643986255,0.4449694951028541,0.44401249778865715,both_later
atp:133430,atp:207181,2025-07-14,2025,2025,hard,Los Cabos,R16,6-1 6-2,47,33,40,17,87,ATP-2025-7480-373,2025-7480,3,0.9165902893233244,0.7364967958498627,0.9165902893233244,0.8265435425865936,0.8317289536104175,0.8244379582106399,mixed_first_later
atp:209262,atp:127157,2025-07-14,2025,2025,hard,Los Cabos,R16,6-3 6-4,61,45,49,31,87,ATP-2025-7480-374,2025-7480,3,0.5999059390554479,0.5392432102532805,0.5999059390554479,0.5695745746543641,0.5671048857232313,0.5689032289113065,both_later
atp:206499,atp:210545,2025-07-14,2025,2025,hard,Los Cabos,R16,7-5 6-4,65,41,64,36,87,ATP-2025-7480-375,2025-7480,3,0.6688388070002597,0.5713457430576747,0.6688388070002597,0.6200922750289672,0.6150583144328324,0.6170101877540206,both_later
atp:126663,atp:111460,2025-07-14,2025,2025,hard,Los Cabos,R16,6-4 6-7(5) 6-3,103,68,109,63,87,ATP-2025-7480-376,2025-7480,3,0.31545745743081627,0.41309124198962466,0.31545745743081627,0.36427434971022044,0.3736746086972197,0.3641828025634399,mixed_first_later
atp:207182,atp:207352,2025-07-14,2025,2025,hard,Los Cabos,R16,3-6 7-5 7-6(6),113,76,123,80,87,ATP-2025-7480-377,2025-7480,3,0.06907803202299062,0.2589258468111077,0.06907803202299062,0.16400193941704916,0.15008186396269257,0.16168274503194083,both_later
atp:126094,atp:207834,2025-07-14,2025,2025,hard,Los Cabos,R16,6-3 6-2,46,34,69,36,87,ATP-2025-7480-378,2025-7480,3,0.9855146614484974,0.8864510222764724,0.9855146614484974,0.9359828418624849,0.9433930552744,0.9347927289543372,mixed_first_later
atp:105902,atp:105173,2025-07-14,2025,2025,hard,Los Cabos,R32,6-3 6-4,67,45,60,34,87,ATP-2025-7480-359,2025-7480,3,0.3995988338720761,0.47082697589258465,0.3995988338720761,0.4352129048823304,0.43255738909017977,0.4337481505338409,both_first
atp:210460,atp:200711,2025-07-14,2025,2025,hard,Los Cabos,R32,6-4 6-1,44,33,54,29,87,ATP-2025-7480-360,2025-7480,3,0.8916666169984319,0.7365578272810498,0.8916666169984319,0.8141122221397408,0.8030160806753339,0.811823543470226,both_first
atp:200443,atp:210202,2025-07-14,2025,2025,hard,Los Cabos,R32,7-6(5) 6-2,67,44,67,37,87,ATP-2025-7480-361,2025-7480,3,0.8188056727458826,0.651235886481538,0.8188056727458826,0.7350207796137103,0.732142059225006,0.7361498610906709,both_first
atp:207181,atp:212256,2025-07-14,2025,2025,hard,Los Cabos,R32,6-4 6-2,56,39,67,35,87,ATP-2025-7480-362,2025-7480,3,0.5055721179672586,0.5041501373207202,0.5055721179672586,0.5048611276439894,0.503714830750997,0.5048611276439894,both_first
atp:209262,atp:200059,2025-07-14,2025,2025,hard,Los Cabos,R32,4-6 6-4 6-1,81,59,85,52,87,ATP-2025-7480-363,2025-7480,3,0.37852072380334634,0.45386023802258163,0.37852072380334634,0.41619048091296396,0.41810571222483817,0.41643460663771226,both_first
atp:127157,atp:106283,2025-07-14,2025,2025,hard,Los Cabos,R32,6-4 6-3,58,40,59,34,87,ATP-2025-7480-364,2025-7480,3,0.3640551794476398,0.4517851693622215,0.3640551794476398,0.40792017440493067,0.4080890234159405,0.41005627449647786,both_first
atp:206499,atp:200273,2025-07-14,2025,2025,hard,Los Cabos,R32,6-1 3-6 6-3,71,51,81,47,87,ATP-2025-7480-365,2025-7480,3,0.672782561343096,0.5692706743973146,0.672782561343096,0.6210266178702053,0.6178733790142592,0.6217895107600435,both_first
atp:210545,atp:210317,2025-07-14,2025,2025,hard,Los Cabos,R32,6-1 6-2,52,35,44,19,87,ATP-2025-7480-366,2025-7480,3,0.6252765402314681,0.5601769911504425,0.6252765402314681,0.5927267656909553,0.5845152924754151,0.587020326874965,both_first
atp:126663,atp:208230,2025-07-14,2025,2025,hard,Los Cabos,R32,6-3 6-2,49,38,42,25,87,ATP-2025-7480-367,2025-7480,3,0.3162904148125671,0.4087580103753433,0.3162904148125671,0.3625242125939552,0.37427622023004464,0.3629514326122646,both_first
atp:207352,atp:209246,2025-07-14,2025,2025,hard,Los Cabos,R32,7-6(5) 6-2,85,53,69,40,87,ATP-2025-7480-368,2025-7480,3,0.8722728466558597,0.6957277998169057,0.8722728466558597,0.7840003232363827,0.7825865923852608,0.7832984617777314,both_first
atp:207182,atp:126846,2025-07-14,2025,2025,hard,Los Cabos,R32,7-6(4) 6-3,79,49,60,35,87,ATP-2025-7480-369,2025-7480,3,0.17715874398874934,0.36353371986573085,0.17715874398874934,0.2703462319272401,0.26428565014561956,0.2669589874963582,both_first
atp:207834,atp:106121,2025-07-14,2025,2025,hard,Los Cabos,R32,3-6 7-5 6-4,82,57,90,57,87,ATP-2025-7480-370,2025-7480,3,0.19370490553478192,0.3446139761977418,0.19370490553478192,0.26915944086626187,0.2787355033553728,0.27172276097611847,both_first
atp:133430,atp:200443,2025-07-14,2025,2025,hard,Los Cabos,SF,6-2 6-2,52,36,37,20,87,ATP-2025-7480-383,2025-7480,3,0.871599161464758,0.6718645102227647,0.871599161464758,0.7717318358437614,0.781901471831752,0.769931408623743,both_later
atp:206499,atp:126094,2025-07-14,2025,2025,hard,Los Cabos,SF,3-6 6-4 6-4,95,58,98,61,87,ATP-2025-7480-384,2025-7480,3,0.11715045060157132,0.3254501068050046,0.11715045060157132,0.22130027870328794,0.20644908883036542,0.2219716244463456,both_later
atp:209260,atp:126535,2025-07-20,2025,2025,clay,Umag,F,6-3 6-3,43,36,53,32,87,ATP-2025-0439-386,2025-0439,3,0.8134609615578429,0.631339639914556,0.8134609615578429,0.7224003007361994,0.7274595988603869,0.7231326779104441,both_later
atp:209260,atp:209976,2025-07-20,2025,2025,clay,Umag,QF,1-6 6-2 6-3,74,42,73,42,87,ATP-2025-0439-380,2025-0439,3,0.6308017527002243,0.5512053707659444,0.6308017527002243,0.5910035617330844,0.58833951707258,0.5875247701554218,both_later
atp:200116,atp:208010,2025-07-20,2025,2025,clay,Umag,QF,6-4 5-2 RET,43,30,64,33,87,ATP-2025-0439-381,2025-0439,3,0.3312290868572394,0.43152273420811715,0.3312290868572394,0.3813759105326783,0.3849900668408959,0.3837866520645672,both_later
atp:106000,atp:208169,2025-07-20,2025,2025,clay,Umag,QF,3-6 7-5 6-2,81,55,115,64,87,ATP-2025-0439-382,2025-0439,3,0.50663608599696,0.49938968568812936,0.50663608599696,0.5030128858425447,0.50442420165688,0.507224054594452,both_later
atp:126535,atp:207411,2025-07-20,2025,2025,clay,Umag,QF,7-5 6-3,47,40,72,43,87,ATP-2025-0439-383,2025-0439,3,0.3069616924383322,0.4159597192554165,0.3069616924383322,0.3614607058468744,0.36751131804814646,0.36521413886487863,both_later
atp:209260,atp:202358,2025-07-20,2025,2025,clay,Umag,R16,7-5 6-0,59,41,63,33,87,ATP-2025-0439-372,2025-0439,3,0.8324435920896553,0.6498931949954226,0.8324435920896553,0.741168393542539,0.7443490301253278,0.7447387322669821,mixed_first_later
atp:209976,atp:105932,2025-07-20,2025,2025,clay,Umag,R16,2-6 6-3 6-2,77,52,73,45,87,ATP-2025-0439-373,2025-0439,3,0.7382750078004995,0.6066829417149833,0.7382750078004995,0.6724789747577413,0.6662667422992019,0.6709837046936584,both_later
atp:200116,atp:208859,2025-07-20,2025,2025,clay,Umag,R16,6-7(5) 6-2 6-3,101,65,91,52,87,ATP-2025-0439-374,2025-0439,3,0.3746094149974109,0.45379920659139455,0.3746094149974109,0.41420431079440273,0.41540590019725776,0.4122818207120103,mixed_first_later
atp:208010,atp:209279,2025-07-20,2025,2025,clay,Umag,R16,6-3 6-3,49,33,58,26,87,ATP-2025-0439-375,2025-0439,3,0.47087824036103054,0.49127250534025024,0.47087824036103054,0.4810753728506404,0.4805732797800093,0.4800988699516474,both_later
atp:208169,atp:200240,2025-07-20,2025,2025,clay,Umag,R16,6-2 6-3,48,29,56,23,87,ATP-2025-0439-376,2025-0439,3,0.5294990532624393,0.5094598718339945,0.5294990532624393,0.5194794625482169,0.519678730670306,0.5196320411261846,both_later
atp:106000,atp:104527,2025-07-20,2025,2025,clay,Umag,R16,6-4 7-5,86,46,68,35,87,ATP-2025-0439-377,2025-0439,3,0.33355874616664166,0.4409826060421117,0.33355874616664166,0.3872706761043767,0.3866485411151381,0.3861721103430096,mixed_first_later
atp:207411,atp:208363,2025-07-20,2025,2025,clay,Umag,R16,6-3 6-4,62,44,61,35,87,ATP-2025-0439-378,2025-0439,3,0.3354707970596362,0.4409215746109246,0.3354707970596362,0.3881961858352804,0.38800736108063283,0.3895388773213958,both_later
atp:126535,atp:202103,2025-07-20,2025,2025,clay,Umag,R16,6-7(2) 6-4 7-5,124,64,112,55,87,ATP-2025-0439-379,2025-0439,3,0.09566699456184058,0.2963991455599634,0.09566699456184058,0.19603307006090198,0.18279128598942726,0.19316459279511008,mixed_first_later
atp:202358,atp:206748,2025-07-20,2025,2025,clay,Umag,R32,7-5 6-4,69,46,69,38,87,ATP-2025-0439-360,2025-0439,3,0.29047303347159786,0.4221849252364968,0.29047303347159786,0.35632897935404734,0.3553986744546048,0.35605433791370555,both_first
atp:209976,atp:209284,2025-07-20,2025,2025,clay,Umag,R32,6-4 6-2,64,35,69,31,87,ATP-2025-0439-361,2025-0439,3,0.7291572940859536,0.6026548672566372,0.7291572940859536,0.6659060806712954,0.6593129879244964,0.6715209723405051,both_first
atp:105932,atp:106148,2025-07-20,2025,2025,clay,Umag,R32,6-3 6-4,57,31,71,35,87,ATP-2025-0439-362,2025-0439,3,0.12058090948114833,0.32374122673176686,0.12058090948114833,0.22216106810645758,0.21004950139022427,0.21834660365726627,both_first
atp:208859,atp:212063,2025-07-20,2025,2025,clay,Umag,R32,4-6 6-1 6-2,81,56,63,38,87,ATP-2025-0439-363,2025-0439,3,0.6991301637082127,0.5931949954226426,0.6991301637082127,0.6461625795654277,0.6369397195422526,0.6428668822813264,both_first
atp:209279,atp:105583,2025-07-20,2025,2025,clay,Umag,R32,6-3 6-4,66,45,51,30,87,ATP-2025-0439-364,2025-0439,3,0.3189493535771795,0.4308513884650595,0.3189493535771795,0.3749003710211195,0.3761935826190748,0.3752055281770548,both_first
atp:208010,atp:111794,2025-07-20,2025,2025,clay,Umag,R32,6-2 6-4,54,35,48,23,87,ATP-2025-0439-365,2025-0439,3,0.5246783328059589,0.5051876716509002,0.5246783328059589,0.5149330022284295,0.5164596515402788,0.5157569265494548,both_first
atp:200240,atp:209920,2025-07-20,2025,2025,clay,Umag,R32,3-6 6-4 6-3,104,59,82,45,87,ATP-2025-0439-366,2025-0439,3,0.901390433836106,0.7657918828196522,0.901390433836106,0.833591158327879,0.8138434663546287,0.8330723911627891,both_first
atp:208169,atp:106426,2025-07-20,2025,2025,clay,Umag,R32,6-3 6-3,56,41,46,29,87,ATP-2025-0439-367,2025-0439,3,0.2531174610453728,0.3900823924321025,0.2531174610453728,0.32159992673873766,0.32709147731930177,0.32019620382143527,both_first
atp:104527,atp:208223,2025-07-20,2025,2025,clay,Umag,R32,6-4 6-1,50,32,43,20,87,ATP-2025-0439-368,2025-0439,3,0.7588580814857724,0.6188281965212085,0.7588580814857724,0.6888431390034904,0.682283567628435,0.6869206489210979,both_first
atp:208363,atp:144642,2025-07-20,2025,2025,clay,Umag,R32,6-1 6-2,39,29,46,20,87,ATP-2025-0439-369,2025-0439,3,0.825988569305181,0.6404333231614281,0.825988569305181,0.7332109462333045,0.7385231369575789,0.7368423163889348,both_first
atp:207411,atp:209890,2025-07-20,2025,2025,clay,Umag,R32,6-3 6-3,49,37,52,32,87,ATP-2025-0439-370,2025-0439,3,0.7181607297400701,0.5976502898992981,0.7181607297400701,0.6579055098196841,0.6510302739201332,0.6576308683793424,both_first
atp:126535,atp:105732,2025-07-20,2025,2025,clay,Umag,R32,6-4 7-6(1),57,45,85,50,87,ATP-2025-0439-371,2025-0439,3,0.30438716275468447,0.4276777540433323,0.30438716275468447,0.3660324583990084,0.3656335482281601,0.36569678552747953,both_first
atp:209260,atp:200116,2025-07-20,2025,2025,clay,Umag,SF,7-6(6) 6-3,69,52,70,46,87,ATP-2025-0439-384,2025-0439,3,0.813945920020945,0.6317058285016783,0.813945920020945,0.7228258742613116,0.727882239710962,0.7255722886647294,both_later
atp:126535,atp:106000,2025-07-20,2025,2025,clay,Umag,SF,6-2 6-1,48,32,76,34,87,ATP-2025-0439-385,2025-0439,3,0.4105110503183298,0.4678364357644187,0.4105110503183298,0.43917374304137424,0.4399819239062315,0.43679351722507886,both_later
atp:122330,atp:209070,2025-07-21,2025,2025,clay,Kitzbuhel,F,6-4 6-3,61,42,61,36,87,ATP-2025-0319-386,2025-0319,3,0.6149830639873856,0.5378394873359781,0.6149830639873856,0.5764112756616818,0.5774233699193421,0.5757399299186241,both_later
atp:126239,atp:105870,2025-07-21,2025,2025,clay,Kitzbuhel,QF,6-4 3-6 6-1,80,54,91,55,87,ATP-2025-0319-380,2025-0319,3,0.44190180732181517,0.4804089105889533,0.44190180732181517,0.46115535895538423,0.46117047348034507,0.4634745533404926,both_later
atp:209070,atp:105526,2025-07-21,2025,2025,clay,Kitzbuhel,QF,6-3 6-4,63,45,56,37,87,ATP-2025-0319-381,2025-0319,3,0.14104820155943218,0.33796155019835217,0.14104820155943218,0.2395048758788922,0.23069209028693435,0.23520215998020433,both_later
atp:122298,atp:205734,2025-07-21,2025,2025,clay,Kitzbuhel,QF,7-6(2) 6-2,63,42,81,43,87,ATP-2025-0319-382,2025-0319,3,0.5646367683679355,0.5218492523649679,0.5646367683679355,0.5432430103664517,0.5432254851766201,0.5419308345959299,both_later
atp:122330,atp:207686,2025-07-21,2025,2025,clay,Kitzbuhel,QF,6-4 6-2,56,41,64,33,87,ATP-2025-0319-383,2025-0319,3,0.4060779393024498,0.46533414708574916,0.4060779393024498,0.43570604319409945,0.4369699286272352,0.4368351246710601,both_later
atp:105870,atp:202104,2025-07-21,2025,2025,clay,Kitzbuhel,R16,5-7 6-3 7-5,105,68,117,70,87,ATP-2025-0319-372,2025-0319,3,0.42190949599388033,0.4758925846811108,0.42190949599388033,0.44890104033749556,0.447702045096938,0.45009115324564325,mixed_first_later
atp:126239,atp:105613,2025-07-21,2025,2025,clay,Kitzbuhel,R16,6-7(3) 6-4 6-4,99,71,102,70,87,ATP-2025-0319-373,2025-0319,3,0.6682554228022063,0.5661580714067745,0.6682554228022063,0.6172067471044904,0.6146426828883971,0.6182442814346705,both_later
atp:105526,atp:124079,2025-07-21,2025,2025,clay,Kitzbuhel,R16,6-2 6-2,43,30,66,32,87,ATP-2025-0319-374,2025-0319,3,0.7472294919427314,0.5833689350015258,0.7472294919427314,0.6652992134721285,0.6731778839795254,0.6658790120684057,mixed_first_later
atp:209070,atp:207681,2025-07-21,2025,2025,clay,Kitzbuhel,R16,6-4 7-6(7),69,51,73,49,87,ATP-2025-0319-375,2025-0319,3,0.38912372251113836,0.4545315837656393,0.38912372251113836,0.4218276531383888,0.4253949914749497,0.4273815133764114,both_later
atp:122298,atp:209209,2025-07-21,2025,2025,clay,Kitzbuhel,R16,6-3 7-6(4),72,51,70,44,87,ATP-2025-0319-376,2025-0319,3,0.7543855375757607,0.595453158376564,0.7543855375757607,0.6749193479761624,0.6787631739346925,0.6777573095263607,both_later
atp:205734,atp:105138,2025-07-21,2025,2025,clay,Kitzbuhel,R16,7-5 7-5,64,42,90,50,87,ATP-2025-0319-377,2025-0319,3,0.47186854000468764,0.49090631675312785,0.47186854000468764,0.48138742837890774,0.4812346847163006,0.4829132141585843,mixed_first_later
atp:207686,atp:105916,2025-07-21,2025,2025,clay,Kitzbuhel,R16,7-5 6-4,60,41,62,35,87,ATP-2025-0319-378,2025-0319,3,0.3901899663430005,0.45776624961855356,0.3901899663430005,0.42397810798077706,0.4261257390817135,0.4253207994668924,both_later
atp:122330,atp:202058,2025-07-21,2025,2025,clay,Kitzbuhel,R16,6-3 6-4,65,47,53,34,87,ATP-2025-0319-379,2025-0319,3,0.4835883539610166,0.4937747940189197,0.4835883539610166,0.48868157398996814,0.4890567187593886,0.4926791327327207,mixed_first_later
atp:105870,atp:209903,2025-07-21,2025,2025,clay,Kitzbuhel,R32,7-5 6-2,64,43,75,40,87,ATP-2025-0319-360,2025-0319,3,0.8209019296616274,0.6501983521513579,0.8209019296616274,0.7355501409064926,0.7339936265979031,0.7324985693471396,both_first
atp:105613,atp:200384,2025-07-21,2025,2025,clay,Kitzbuhel,R32,6-3 6-4,64,44,59,34,87,ATP-2025-0319-361,2025-0319,3,0.396591567734896,0.46490692706743975,0.396591567734896,0.4307492474011679,0.4305048775430606,0.42754509726384715,both_first
atp:126239,atp:105487,2025-07-21,2025,2025,clay,Kitzbuhel,R32,7-6(4) 4-6 6-3,115,73,110,67,87,ATP-2025-0319-362,2025-0319,3,0.5910048673370925,0.5375953616112298,0.5910048673370925,0.5643001144741611,0.5610474096403796,0.5601194614378474,both_first
atp:105526,atp:124116,2025-07-21,2025,2025,clay,Kitzbuhel,R32,6-4 6-2,51,36,59,30,87,ATP-2025-0319-363,2025-0319,3,0.7697429280122603,0.6042416844675008,0.7697429280122603,0.6869923062398806,0.6909519405044758,0.6862294133500423,both_first
atp:209070,atp:209860,2025-07-21,2025,2025,clay,Kitzbuhel,R32,6-3 3-6 7-5,92,63,82,58,87,ATP-2025-0319-364,2025-0319,3,0.5891188578769185,0.5389380530973451,0.5891188578769185,0.5640284554871318,0.5597668748678838,0.5639979397715382,both_first
atp:207681,atp:207729,2025-07-21,2025,2025,clay,Kitzbuhel,R32,6-3 7-6(1),67,48,61,38,87,ATP-2025-0319-365,2025-0319,3,0.6953558409907669,0.5858101922490082,0.6953558409907669,0.6405830166198876,0.6341787916484016,0.6426275695646542,both_first
atp:209209,atp:144869,2025-07-21,2025,2025,clay,Kitzbuhel,R32,7-5 5-7 6-3,103,65,98,60,87,ATP-2025-0319-366,2025-0319,3,0.10656916651531534,0.3073848031736344,0.10656916651531534,0.20697698484447488,0.19505121898910147,0.21094402787163385,both_first
atp:122298,atp:111797,2025-07-21,2025,2025,clay,Kitzbuhel,R32,6-4 4-6 6-3,83,56,86,55,87,ATP-2025-0319-367,2025-0319,3,0.40722341726370326,0.47516020750686605,0.40722341726370326,0.44119181238528465,0.4377487415985236,0.4377435365232157,both_first
atp:205734,atp:211514,2025-07-21,2025,2025,clay,Kitzbuhel,R32,7-5 6-3,61,45,70,41,87,ATP-2025-0319-368,2025-0319,3,0.6817261737246624,0.5811107720476045,0.6817261737246624,0.6314184728861334,0.6242930990610586,0.6363925345278789,both_first
atp:105916,atp:212082,2025-07-21,2025,2025,clay,Kitzbuhel,R32,6-2 2-6 6-3,70,48,81,48,87,ATP-2025-0319-369,2025-0319,3,0.8424995692158828,0.6867561794324077,0.8424995692158828,0.7646278743241453,0.7536107350425338,0.7577313226000073,both_first
atp:207686,atp:123755,2025-07-21,2025,2025,clay,Kitzbuhel,R32,2-6 6-3 6-4,106,61,93,54,87,ATP-2025-0319-370,2025-0319,3,0.6304990033241754,0.5429661275556912,0.6304990033241754,0.5867325654399334,0.5881296394610321,0.583955635320922,both_first
atp:202058,atp:210262,2025-07-21,2025,2025,clay,Kitzbuhel,R32,6-2 6-2,43,30,57,27,87,ATP-2025-0319-371,2025-0319,3,0.8147713887016141,0.6589258468111078,0.8147713887016141,0.7368486177563609,0.7286026450604686,0.7351092219675297,both_first
atp:209070,atp:126239,2025-07-21,2025,2025,clay,Kitzbuhel,SF,7-5 6-3,61,45,58,37,87,ATP-2025-0319-384,2025-0319,3,0.2534101446155672,0.3991150442477876,0.2534101446155672,0.3262625944316774,0.32731860470215407,0.3258658901289615,both_later
atp:122330,atp:122298,2025-07-21,2025,2025,clay,Kitzbuhel,SF,6-3 6-4,57,41,63,36,87,ATP-2025-0319-385,2025-0319,3,0.3410326643441486,0.4411657003356729,0.3410326643441486,0.3910991823399107,0.39194818046920404,0.39363198673417377,both_later
atp:200282,atp:200221,2025-07-21,2025,2025,hard,Washington,F,5-7 6-1 7-6(3),113,71,108,63,87,ATP-2025-0418-385,2025-0418,3,0.8302131637949585,0.6270064083002747,0.8302131637949585,0.7286097860476166,0.7423258503574182,0.7276027674330301,both_later
atp:200282,atp:206909,2025-07-21,2025,2025,hard,Washington,QF,6-4 6-4,66,42,56,28,87,ATP-2025-0418-379,2025-0418,3,0.7349298243436101,0.5883735123588648,0.7349298243436101,0.6616516683512375,0.6637060235691964,0.6599733039935933,both_later
atp:144895,atp:106421,2025-07-21,2025,2025,hard,Washington,QF,1-6 6-4 6-4,83,51,81,53,87,ATP-2025-0418-380,2025-0418,3,0.059345944779155696,0.27644186756179434,0.059345944779155696,0.167893906170475,0.13679984002514997,0.16203488877651712,both_later
atp:210097,atp:126207,2025-07-21,2025,2025,hard,Washington,QF,7-6(2) 6-4,57,45,89,55,87,ATP-2025-0418-381,2025-0418,3,0.5141708476440373,0.5037839487335978,0.5141708476440373,0.5089773981888175,0.5094486375181916,0.508367083876947,both_later
atp:200221,atp:126203,2025-07-21,2025,2025,hard,Washington,QF,7-6(3) 3-6 7-5,131,77,120,70,87,ATP-2025-0418-382,2025-0418,3,0.1530640245670077,0.34974061641745496,0.1530640245670077,0.2514023204922313,0.24222627084303178,0.25558297352854503,both_later
atp:206909,atp:111815,2025-07-21,2025,2025,hard,Washington,R16,7-6(3) 6-3,60,45,75,45,87,ATP-2025-0418-371,2025-0418,3,0.4954791752275787,0.4968873970094599,0.4954791752275787,0.4961832861185193,0.49698607118917193,0.5005775491639877,both_later
atp:200282,atp:208103,2025-07-21,2025,2025,hard,Washington,R16,7-6(4) 6-7(6) 6-4,98,71,121,74,87,ATP-2025-0418-372,2025-0418,3,0.7882320750251894,0.6116264876411351,0.7882320750251894,0.6999292813331623,0.7060343674376427,0.6973964769388993,both_later
atp:144895,atp:105554,2025-07-21,2025,2025,hard,Washington,R16,6-2 7-6(4),56,38,62,33,87,ATP-2025-0418-373,2025-0418,3,0.4069058545609539,0.47259688739700945,0.4069058545609539,0.43975137097898165,0.4375328682036237,0.4411856096118776,both_later
atp:106421,atp:200059,2025-07-21,2025,2025,hard,Washington,R16,6-3 6-2,38,32,65,33,87,ATP-2025-0418-374,2025-0418,3,0.8489161158276636,0.6508086664632285,0.8489161158276636,0.7498623911454461,0.7596479016673419,0.7472380396044025,both_later
atp:126207,atp:207925,2025-07-21,2025,2025,hard,Washington,R16,6-1 6-4,63,40,52,27,87,ATP-2025-0418-375,2025-0418,3,0.7141124055544474,0.5723832773878548,0.7141124055544474,0.6432478414711511,0.6480079669590623,0.6447736272508277,both_later
atp:210097,atp:209113,2025-07-21,2025,2025,hard,Washington,R16,6-3 6-2,42,36,44,26,87,ATP-2025-0418-376,2025-0418,3,0.6800505875618041,0.5600549282880684,0.6800505875618041,0.6200527579249362,0.6230864747552141,0.6231958766310699,both_later
atp:200221,atp:210530,2025-07-21,2025,2025,hard,Washington,R16,6-2 6-2,48,34,55,27,87,ATP-2025-0418-377,2025-0418,3,0.6783915902190067,0.5649984742142203,0.6783915902190067,0.6216950322166135,0.621893589316267,0.6229766922715418,both_later
atp:126203,atp:208286,2025-07-21,2025,2025,hard,Washington,R16,6-3 6-4,61,44,76,43,87,ATP-2025-0418-378,2025-0418,3,0.8629428548357017,0.6647848642050657,0.8629428548357017,0.7638638595203837,0.7732288459407559,0.7603850679427211,both_later
atp:111815,atp:207518,2025-07-21,2025,2025,hard,Washington,R32,3-6 6-2 6-3,91,58,73,46,87,ATP-2025-0418-355,2025-0418,3,0.5618906759033803,0.51495270064083,0.5618906759033803,0.5384216882721051,0.5413782858750692,0.5399169583361881,mixed_first_later
atp:206909,atp:210319,2025-07-21,2025,2025,hard,Washington,R32,6-3 6-4,57,42,56,35,87,ATP-2025-0418-356,2025-0418,3,0.9428610843755147,0.7664021971315227,0.9428610843755147,0.8546316407535187,0.8663373962548643,0.8516411006253528,mixed_first_later
atp:208103,atp:208260,2025-07-21,2025,2025,hard,Washington,R32,6-4 6-7(5) 6-3,87,66,91,59,87,ATP-2025-0418-357,2025-0418,3,0.7940289868536023,0.6189502593835825,0.7940289868536023,0.7064896231185924,0.7108651747075523,0.7038042401463618,mixed_first_later
atp:200282,atp:207352,2025-07-21,2025,2025,hard,Washington,R32,7-6(5) 6-2,67,47,64,38,87,ATP-2025-0418-358,2025-0418,3,0.7530503467672095,0.5933780897162039,0.7530503467672095,0.6732142182417067,0.6777167046507931,0.6732142182417067,mixed_first_later
atp:144895,atp:124186,2025-07-21,2025,2025,hard,Washington,R32,6-0 6-1,42,28,36,11,87,ATP-2025-0418-359,2025-0418,3,0.4733531617135307,0.49707049130302106,0.4733531617135307,0.4852118265082759,0.48222608636718195,0.4805734377380592,mixed_first_later
atp:105554,atp:210506,2025-07-21,2025,2025,hard,Washington,R32,6-4 6-4,79,48,61,36,87,ATP-2025-0418-360,2025-0418,3,0.3673217809638933,0.46216051266402197,0.3673217809638933,0.41474114681395763,0.41035876405611693,0.4128186567315652,mixed_first_later
atp:200059,atp:200615,2025-07-21,2025,2025,hard,Washington,R32,7-5 5-7 6-3,113,73,90,56,87,ATP-2025-0418-361,2025-0418,3,0.3800343221522453,0.4474519377479402,0.3800343221522453,0.41374312995009277,0.4191488633858953,0.41972421020642475,mixed_first_later
atp:106421,atp:124187,2025-07-21,2025,2025,hard,Washington,R32,3-6 7-5 6-1,76,56,99,62,87,ATP-2025-0418-362,2025-0418,3,0.8866248254228977,0.6887091852303937,0.8866248254228977,0.7876670053266457,0.7975652950702372,0.7869651438679944,mixed_first_later
atp:126207,atp:206499,2025-07-21,2025,2025,hard,Washington,R32,7-5 3-6 6-3,80,61,84,58,87,ATP-2025-0418-363,2025-0418,3,0.800009970262224,0.6263350625572169,0.800009970262224,0.7131725164097205,0.7159047959961317,0.7077102033184786,mixed_first_later
atp:207925,atp:106415,2025-07-21,2025,2025,hard,Washington,R32,6-2 7-6(3),71,45,64,34,87,ATP-2025-0418-364,2025-0418,3,0.5011584692342883,0.49395788831248094,0.5011584692342883,0.4975581787733846,0.5007723135906259,0.5006097503327377,mixed_first_later
atp:209113,atp:206681,2025-07-21,2025,2025,hard,Washington,R32,6-3 6-4,53,41,69,41,87,ATP-2025-0418-365,2025-0418,3,0.4790136017303638,0.49768080561489164,0.4790136017303638,0.48834720367262774,0.48600449996906653,0.4877979207919442,mixed_first_later
atp:210097,atp:111456,2025-07-21,2025,2025,hard,Washington,R32,6-3 6-4,47,40,60,36,87,ATP-2025-0418-366,2025-0418,3,0.6842391083484052,0.5671345743057675,0.6842391083484052,0.6256868413270864,0.6261061792222005,0.6267854070884534,mixed_first_later
atp:210530,atp:126094,2025-07-21,2025,2025,hard,Washington,R32,7-5 6-2,77,48,62,35,87,ATP-2025-0418-367,2025-0418,3,0.12927587826990503,0.33954836740921573,0.12927587826990503,0.23441212283956037,0.21898616358076328,0.23181828701411028,mixed_first_later
atp:200221,atp:144719,2025-07-21,2025,2025,hard,Washington,R32,6-4 6-2,57,37,54,29,87,ATP-2025-0418-368,2025-0418,3,0.6554022912158881,0.5463838877021666,0.6554022912158881,0.6008930894590274,0.6055347825551103,0.6045854910458446,mixed_first_later
atp:208286,atp:132283,2025-07-21,2025,2025,hard,Washington,R32,7-5 7-5,70,47,77,45,87,ATP-2025-0418-369,2025-0418,3,0.5275825723816967,0.5101312175770522,0.5275825723816967,0.5188568949793744,0.518398757777214,0.5165071848786726,mixed_first_later
atp:126203,atp:126846,2025-07-21,2025,2025,hard,Washington,R32,6-3 6-2,48,38,52,29,87,ATP-2025-0418-370,2025-0418,3,0.9067588256346265,0.7083613060726274,0.9067588256346265,0.8075600658536269,0.8200163208489467,0.8053934500464863,mixed_first_later
atp:111815,atp:126129,2025-07-21,2025,2025,hard,Washington,R64,6-3 7-6(4),76,52,60,41,87,ATP-2025-0418-339,2025-0418,3,0.886862704109433,0.6976197741837046,0.886862704109433,0.7922412391465687,0.7978201254836997,0.7910206105228276,both_first
atp:210319,atp:106331,2025-07-21,2025,2025,hard,Washington,R64,6-3 6-2,51,38,52,30,87,ATP-2025-0418-340,2025-0418,3,0.11280259078110262,0.303967043027159,0.11280259078110262,0.2083848169041308,0.20182093197421627,0.21003266554618144,both_first
atp:208260,atp:200175,2025-07-21,2025,2025,hard,Washington,R64,1-6 6-2 6-2,83,51,68,39,87,ATP-2025-0418-341,2025-0418,3,0.250238688611037,0.40991760756789747,0.250238688611037,0.3300781480894672,0.32485253523301727,0.329834022364719,both_first
atp:207352,atp:105676,2025-07-21,2025,2025,hard,Washington,R64,6-4 7-5,68,46,74,45,87,ATP-2025-0418-342,2025-0418,3,0.6132385722988466,0.5372291730241074,0.6132385722988466,0.575233872661477,0.5762254359824549,0.5754169669550382,both_first
atp:124186,atp:202320,2025-07-21,2025,2025,hard,Washington,R64,6-4 6-4,59,42,62,37,87,ATP-2025-0418-343,2025-0418,3,0.5708493661430023,0.5213610009154714,0.5708493661430023,0.5461051835292369,0.5474100401755057,0.5482717993363775,both_first
atp:105554,atp:200267,2025-07-21,2025,2025,hard,Washington,R64,3-6 6-4 6-3,84,54,98,56,87,ATP-2025-0418-344,2025-0418,3,0.485968266938655,0.5025022886786695,0.485968266938655,0.4942352778086623,0.4906441465416039,0.4906954547998127,both_first
atp:200059,atp:104792,2025-07-21,2025,2025,hard,Washington,R64,6-3 6-1,50,35,49,25,87,ATP-2025-0418-345,2025-0418,3,0.369625792866099,0.4603906011595972,0.369625792866099,0.4150081970128481,0.4119568627028575,0.4094543367748255,both_first
atp:124187,atp:209326,2025-07-21,2025,2025,hard,Washington,R64,7-6(4) 6-7(5) 6-3,108,80,100,70,87,ATP-2025-0418-346,2025-0418,3,0.7059979445344673,0.5924015868172109,0.7059979445344673,0.649199765675839,0.6419912035825751,0.647063665584292,both_first
atp:206499,atp:111460,2025-07-21,2025,2025,hard,Washington,R64,6-2 3-6 6-3,83,54,87,53,87,ATP-2025-0418-347,2025-0418,3,0.412251230977976,0.4636862984436985,0.412251230977976,0.43796876471083723,0.44116275011890455,0.4421799334627445,both_first
atp:106415,atp:202385,2025-07-21,2025,2025,hard,Washington,R64,6-4 5-7 6-1,91,53,104,54,87,ATP-2025-0418-348,2025-0418,3,0.39515117665397953,0.4617943240768996,0.39515117665397953,0.4284727503654395,0.42952074779973193,0.43073091331936086,both_first
atp:206681,atp:126127,2025-07-21,2025,2025,hard,Washington,R64,7-5 6-1,60,39,58,29,87,ATP-2025-0418-349,2025-0418,3,0.40634889640218613,0.46765334147085746,0.40634889640218613,0.4370011189365218,0.43715418743913204,0.43611616318430946,both_first
atp:111456,atp:212256,2025-07-21,2025,2025,hard,Washington,R64,6-4 6-1,49,34,48,26,87,ATP-2025-0418-350,2025-0418,3,0.8154045403726913,0.6515410436374733,0.8154045403726913,0.7334727920050823,0.7291560783828646,0.7324047419593087,both_first
atp:210530,atp:207182,2025-07-21,2025,2025,hard,Washington,R64,6-1 6-4,53,36,60,30,87,ATP-2025-0418-351,2025-0418,3,0.8175744898203218,0.646292340555386,0.8175744898203218,0.7319334151878538,0.731058590605561,0.7304076294081774,both_first
atp:144719,atp:106218,2025-07-21,2025,2025,hard,Washington,R64,7-5 6-3,67,48,67,41,87,ATP-2025-0418-352,2025-0418,3,0.32634256379908494,0.4415929203539823,0.32634256379908494,0.3839677420765336,0.38150085317681576,0.38174009483820587,both_first
atp:208286,atp:127157,2025-07-21,2025,2025,hard,Washington,R64,4-6 6-2 7-6(2),95,63,113,67,87,ATP-2025-0418-353,2025-0418,3,0.727132878644587,0.5768385718645103,0.727132878644587,0.6519857252545487,0.6577798814540838,0.6508871594931815,both_first
atp:126846,atp:208659,2025-07-21,2025,2025,hard,Washington,R64,6-4 3-6 6-3,86,59,84,56,87,ATP-2025-0418-354,2025-0418,3,0.49268942247589737,0.5042111687519072,0.49268942247589737,0.4984502956139023,0.4951260886897336,0.49243869964197673,both_first
atp:200282,atp:144895,2025-07-21,2025,2025,hard,Washington,SF,6-4 6-3,58,36,66,31,87,ATP-2025-0418-383,2025-0418,3,0.9359862492570198,0.7190418065303631,0.9359862492570198,0.8275140278936914,0.8567230515796527,0.8286736250862456,both_later
atp:200221,atp:210097,2025-07-21,2025,2025,hard,Washington,SF,6-2 7-5,52,38,55,32,87,ATP-2025-0418-384,2025-0418,3,0.35451908696234136,0.4566676838571864,0.35451908696234136,0.40559338540976386,0.4014351266648844,0.40052777662123784,both_later
atp:210097,atp:111575,2025-07-27,2025,2025,hard,Canada Masters,F,6-7(5) 6-4 7-6(3),108,78,101,72,87,ATP-2025-0421-369,2025-0421,3,0.4446769267447404,0.48504729935916996,0.4446769267447404,0.4648621130519552,0.4630338990944756,0.4626954972448145,both_later
atp:126203,atp:126094,2025-07-27,2025,2025,hard,Canada Masters,QF,6-3 7-6(4),73,54,57,39,87,ATP-2025-0421-363,2025-0421,3,0.6356292795186896,0.5458956362526701,0.6356292795186896,0.5907624578856798,0.5916915217838745,0.5917999922158599,both_later
atp:210097,atp:200282,2025-07-27,2025,2025,hard,Canada Masters,QF,6-3 6-4,60,41,66,38,87,ATP-2025-0421-364,2025-0421,3,0.3176528651684499,0.4351235886481538,0.3176528651684499,0.37638822690830187,0.3752592669921727,0.3766018369174566,both_later
atp:111575,atp:210506,2025-07-27,2025,2025,hard,Canada Masters,QF,6-4 7-6(3),73,53,88,54,87,ATP-2025-0421-365,2025-0421,3,0.7041510101406816,0.5670125114433934,0.7041510101406816,0.6355817607920375,0.6406291294953075,0.6343916478838898,both_later
atp:100644,atp:200615,2025-07-27,2025,2025,hard,Canada Masters,QF,6-7(8) 6-4 6-3,100,72,103,65,87,ATP-2025-0421-366,2025-0421,3,0.8499605422629491,0.6523344522429051,0.8499605422629491,0.7511474972529271,0.7606405319230887,0.7512695601153012,both_later
atp:106148,atp:200116,2025-07-27,2025,2025,hard,Canada Masters,R128,6-4 4-1 RET,36,26,60,31,87,ATP-2025-0421-275,2025-0421,3,0.8286802568691723,0.6417760146475435,0.8286802568691723,0.7352281357583579,0.7409416375778984,0.7363877329509121,both_first
atp:209263,atp:106432,2025-07-27,2025,2025,hard,Canada Masters,R128,4-6 6-2 7-6(2),94,62,90,52,87,ATP-2025-0421-276,2025-0421,3,0.22447013538764307,0.36933170582850167,0.22447013538764307,0.2969009206080724,0.304378037835772,0.2962295748650147,both_first
atp:111456,atp:105676,2025-07-27,2025,2025,hard,Canada Masters,R128,6-4 6-4,49,39,74,42,87,ATP-2025-0421-277,2025-0421,3,0.4856311278141703,0.49389685688129387,0.4856311278141703,0.48976399234773205,0.4904192863468406,0.48753634510940436,both_first
atp:105807,atp:208119,2025-07-27,2025,2025,hard,Canada Masters,R128,2-6 6-4 6-4,84,53,85,55,87,ATP-2025-0421-278,2025-0421,3,0.8312085000695557,0.6593530668294172,0.8312085000695557,0.7452807834494865,0.7432273569705913,0.7441517019725258,both_first
atp:207729,atp:206499,2025-07-27,2025,2025,hard,Canada Masters,R128,7-5 7-6(3),79,55,97,59,87,ATP-2025-0421-279,2025-0421,3,0.32252142931468747,0.42297833384192857,0.32252142931468747,0.372749881578308,0.3787621556134574,0.3721700829820309,both_first
atp:144895,atp:202385,2025-07-27,2025,2025,hard,Canada Masters,R128,6-2 6-1,37,26,53,21,87,ATP-2025-0421-280,2025-0421,3,0.28376212192801736,0.41370155630149524,0.28376212192801736,0.3487318391147563,0.3504069939224761,0.34876235483034984,both_first
atp:207352,atp:200240,2025-07-27,2025,2025,hard,Canada Masters,R128,7-6(4) 6-2,68,45,75,40,87,ATP-2025-0421-281,2025-0421,3,0.8855003573989022,0.6907842538907537,0.8855003573989022,0.788142305644828,0.7963637553533779,0.7886305570943244,both_first
atp:200384,atp:208233,2025-07-27,2025,2025,hard,Canada Masters,R128,3-6 6-4 2-0 RET,81,46,67,38,87,ATP-2025-0421-282,2025-0421,3,0.2905804863752867,0.4258468111077205,0.2905804863752867,0.35821364874150363,0.35547829654217933,0.3569625044021688,both_first
atp:105173,atp:106218,2025-07-27,2025,2025,hard,Canada Masters,R128,6-4 6-4,49,37,68,40,87,ATP-2025-0421-283,2025-0421,3,0.2885265692689809,0.42383277387854745,0.2885265692689809,0.3561796715737642,0.3539547200447743,0.35666792302326067,both_first
atp:210319,atp:106415,2025-07-27,2025,2025,hard,Canada Masters,R128,7-6(1) 6-2,63,47,78,46,87,ATP-2025-0421-284,2025-0421,3,0.10888542918163432,0.31049740616417454,0.10888542918163432,0.20969141767290445,0.1975859304879833,0.2070975818474543,both_first
atp:206681,atp:106198,2025-07-27,2025,2025,hard,Canada Masters,R128,6-2 6-2,40,33,53,28,87,ATP-2025-0421-285,2025-0421,3,0.9315635876219753,0.7389380530973452,0.9315635876219753,0.8352508203596603,0.8507682903396666,0.8354339146532215,both_first
atp:200008,atp:126239,2025-07-27,2025,2025,hard,Canada Masters,R128,7-6(2) 6-3,69,50,67,40,87,ATP-2025-0421-286,2025-0421,3,0.3887399067413455,0.45508086664632286,0.3887399067413455,0.4219103866938342,0.4251318463704685,0.42017099090500293,both_first
atp:207681,atp:106000,2025-07-27,2025,2025,hard,Canada Masters,R128,6-3 7-5,55,38,62,34,87,ATP-2025-0421-287,2025-0421,3,0.7621150554313658,0.6097955447055233,0.7621150554313658,0.6859553000684446,0.6848620467753361,0.6813474270138214,both_first
atp:106331,atp:202358,2025-07-27,2025,2025,hard,Canada Masters,R128,6-1 6-2,51,33,63,28,87,ATP-2025-0421-288,2025-0421,3,0.8530875871669882,0.6531278608483368,0.8530875871669882,0.7531077240076625,0.7636297759762872,0.7535959754571591,both_first
atp:126846,atp:124079,2025-07-27,2025,2025,hard,Canada Masters,R128,7-5 6-3,66,40,76,39,87,ATP-2025-0421-289,2025-0421,3,0.6631762577786187,0.559688739700946,0.6631762577786187,0.6114324987397823,0.6110324200253076,0.609052272923487,both_first
atp:133297,atp:127157,2025-07-27,2025,2025,hard,Canada Masters,R128,3-6 6-1 6-4,69,48,77,46,87,ATP-2025-0421-290,2025-0421,3,0.6905233695883852,0.5693317058285017,0.6905233695883852,0.6299275377084435,0.6306589663324134,0.6288289719470763,both_first
atp:126128,atp:200259,2025-07-27,2025,2025,hard,Canada Masters,R128,4-6 6-2 7-6(9),95,66,102,64,87,ATP-2025-0421-291,2025-0421,3,0.7247046613258594,0.5971620384498016,0.7247046613258594,0.6609333498878305,0.6559459936724608,0.6571188854386392,both_first
atp:105487,atp:105577,2025-07-27,2025,2025,hard,Canada Masters,R128,6-2 3-6 6-3,68,46,79,44,87,ATP-2025-0421-292,2025-0421,3,0.3096466372685602,0.43048519987793715,0.3096466372685602,0.37006591857324866,0.3694645588082842,0.363932259738949,both_first
atp:207182,atp:200267,2025-07-27,2025,2025,hard,Canada Masters,R128,6-1 7-6(4),58,45,70,41,87,ATP-2025-0421-293,2025-0421,3,0.13774518531556112,0.3325297528227037,0.13774518531556112,0.2351374690691324,0.2274504809707328,0.2316586774914699,both_first
atp:126663,atp:207985,2025-07-27,2025,2025,hard,Canada Masters,R128,6-2 6-3,38,32,64,35,87,ATP-2025-0421-294,2025-0421,3,0.41143236591996035,0.4567897467195606,0.41143236591996035,0.43411105631976044,0.4406072002768507,0.43502652778756634,both_first
atp:124187,atp:124116,2025-07-27,2025,2025,hard,Canada Masters,R128,7-6(6) 7-5,89,62,80,55,87,ATP-2025-0421-295,2025-0421,3,0.47900238512497295,0.49090631675312785,0.47900238512497295,0.48495435093905037,0.4859970149004392,0.48419145804921215,both_first
atp:210530,atp:212256,2025-07-27,2025,2025,hard,Canada Masters,R128,6-4 7-5,68,47,69,40,87,ATP-2025-0421-296,2025-0421,3,0.7189319374185618,0.5936222154409521,0.7189319374185618,0.656277076429757,0.6516076258069154,0.6554226363931381,both_first
atp:144642,atp:104792,2025-07-27,2025,2025,hard,Canada Masters,R128,6-4 4-6 7-6(3),122,76,97,62,87,ATP-2025-0421-297,2025-0421,3,0.06323977757517975,0.24684162343606958,0.06323977757517975,0.15504070050562466,0.1422171451947386,0.15400316617544463,both_first
atp:105902,atp:209992,2025-07-27,2025,2025,hard,Canada Masters,R128,6-3 7-6(3),66,46,61,35,87,ATP-2025-0421-298,2025-0421,3,0.28643423587248407,0.42871528837351236,0.28643423587248407,0.3575747621229982,0.3523990649884468,0.3535772033802457,both_first
atp:208659,atp:208278,2025-07-27,2025,2025,hard,Canada Masters,R128,6-4 6-2,50,37,55,31,87,ATP-2025-0421-299,2025-0421,3,0.7117102548425944,0.5792187976808056,0.7117102548425944,0.6454645262617,0.6462211767917105,0.6464105134450995,both_first
atp:200175,atp:111460,2025-07-27,2025,2025,hard,Canada Masters,R128,4-6 6-4 7-5,117,75,95,62,87,ATP-2025-0421-300,2025-0421,3,0.5819875049740881,0.5270369240158682,0.5819875049740881,0.5545122144949781,0.5549336296795252,0.550484140036632,both_first
atp:212531,atp:208316,2025-07-27,2025,2025,hard,Canada Masters,R128,6-3 7-6(4),87,51,64,35,87,ATP-2025-0421-301,2025-0421,3,0.5021051254945402,0.5088495575221239,0.5021051254945402,0.505477341508332,0.5014034216032963,0.4992521355272518,both_first
atp:207494,atp:210696,2025-07-27,2025,2025,hard,Canada Masters,R128,6-4 6-2,60,40,50,31,87,ATP-2025-0421-302,2025-0421,3,0.635586726168458,0.5599328654256942,0.635586726168458,0.5977597957970762,0.5916619298782453,0.5984921729713208,both_first
atp:144719,atp:202297,2025-07-27,2025,2025,hard,Canada Masters,R128,6-3 6-0,34,28,53,24,87,ATP-2025-0421-303,2025-0421,3,0.7430440589858767,0.6088800732377174,0.7430440589858767,0.6759620661117971,0.6699370749011557,0.6741921546073723,both_first
atp:144869,atp:105732,2025-07-27,2025,2025,hard,Canada Masters,R128,6-4 4-6 7-5,86,60,94,59,87,ATP-2025-0421-304,2025-0421,3,0.6375207156739937,0.5476045163259079,0.6375207156739937,0.5925626159999509,0.5930076629314622,0.5934170560365697,both_first
atp:209262,atp:211663,2025-07-27,2025,2025,hard,Canada Masters,R128,7-6(5) 6-4,64,50,76,51,87,ATP-2025-0421-305,2025-0421,3,0.1777440301842574,0.34790967348184315,0.1777440301842574,0.26282685183305027,0.26480575711187476,0.26160622320930904,both_first
atp:200443,atp:126127,2025-07-27,2025,2025,hard,Canada Masters,R128,4-6 6-0 6-3,94,62,81,45,87,ATP-2025-0421-306,2025-0421,3,0.1991951068524761,0.38043942630454686,0.1991951068524761,0.2898172665785115,0.28342100738569886,0.288352512230022,both_first
atp:126203,atp:208103,2025-07-27,2025,2025,hard,Canada Masters,R16,7-6(4) 6-7(5) 7-6(5),133,96,125,91,87,ATP-2025-0421-355,2025-0421,3,0.807319970076609,0.6232224595666769,0.807319970076609,0.7152712148216429,0.7221449081819308,0.7177124720691255,both_later
atp:126094,atp:200221,2025-07-27,2025,2025,hard,Canada Masters,R16,6-7(3) 7-6(2) 3-0 RET,90,69,107,69,87,ATP-2025-0421-356,2025-0421,3,0.7607610521495263,0.5911809581934696,0.7607610521495263,0.675971005171498,0.6837885625144116,0.6750250179880986,both_later
atp:210097,atp:207925,2025-07-27,2025,2025,hard,Canada Masters,R16,6-4 4-6 7-6(1),112,70,101,63,87,ATP-2025-0421-357,2025-0421,3,0.7129595336501956,0.5831248092767776,0.7129595336501956,0.6480421714634865,0.6471498258531458,0.6476759828763642,both_later
atp:200282,atp:126207,2025-07-27,2025,2025,hard,Canada Masters,R16,6-2 4-6 6-4,92,56,90,52,87,ATP-2025-0421-358,2025-0421,3,0.7108889742535869,0.5631064998474214,0.7108889742535869,0.6369977370505042,0.6456113834277726,0.6387981642705225,both_later
atp:111575,atp:134770,2025-07-27,2025,2025,hard,Canada Masters,R16,6-4 7-5,54,42,72,43,87,ATP-2025-0421-359,2025-0421,3,0.6185305685467649,0.543698504729936,0.6185305685467649,0.5811145366383504,0.5798628966659969,0.577300072189159,both_later
atp:210506,atp:210530,2025-07-27,2025,2025,hard,Canada Masters,R16,6-3 6-3,65,42,66,35,87,ATP-2025-0421-360,2025-0421,3,0.695779564333128,0.566585291425084,0.695779564333128,0.6311824278791061,0.634488222668728,0.6294125163746812,both_later
atp:200615,atp:208029,2025-07-27,2025,2025,hard,Canada Masters,R16,4-6 6-2 6-3,77,57,97,58,87,ATP-2025-0421-361,2025-0421,3,0.4385523751888975,0.4807750991760757,0.4385523751888975,0.4596637371824866,0.4589196048137465,0.4556966941553276,both_later
atp:100644,atp:202103,2025-07-27,2025,2025,hard,Canada Masters,R16,6-4 1-0 RET,29,19,35,17,87,ATP-2025-0421-362,2025-0421,3,0.9382087659732583,0.7377174244736039,0.9382087659732583,0.8379630952234312,0.8597812129642528,0.831402216370822,both_later
atp:126203,atp:209113,2025-07-27,2025,2025,hard,Canada Masters,R32,6-4 6-2,48,38,63,35,87,ATP-2025-0421-339,2025-0421,3,0.871305913464215,0.6672871528837351,0.871305913464215,0.7692965331739751,0.7816037195601672,0.7680453888346404,both_later
atp:208103,atp:209950,2025-07-27,2025,2025,hard,Canada Masters,R32,3-6 6-3 6-4,88,59,76,54,87,ATP-2025-0421-340,2025-0421,3,0.37909910787172485,0.46264876411351846,0.37909910787172485,0.4208739359926217,0.41850443188916336,0.42258281606585935,both_later
atp:200221,atp:210150,2025-07-27,2025,2025,hard,Canada Masters,R32,6-2 6-4,48,34,57,29,87,ATP-2025-0421-341,2025-0421,3,0.43272552314869117,0.484070796460177,0.43272552314869117,0.4583981598044341,0.45499882990379703,0.45369873960303037,both_later
atp:126094,atp:132283,2025-07-27,2025,2025,hard,Canada Masters,R32,5-7 6-4 6-3,86,60,110,67,87,ATP-2025-0421-342,2025-0421,3,0.7847071390835292,0.6131522734208117,0.7847071390835292,0.6989297062521704,0.703121669328369,0.6985330019494546,both_later
atp:210097,atp:206909,2025-07-27,2025,2025,hard,Canada Masters,R32,6-7(8) 6-2 7-6(5),111,76,104,70,87,ATP-2025-0421-343,2025-0421,3,0.549398854233969,0.5172108635947513,0.549398854233969,0.5333048589143601,0.5329923447636702,0.5340372360886049,both_later
atp:207925,atp:206681,2025-07-27,2025,2025,hard,Canada Masters,R32,6-2 4-6 6-3,84,55,99,55,87,ATP-2025-0421-344,2025-0421,3,0.4334554151359982,0.4821788220933781,0.4334554151359982,0.45781711861468816,0.4554903274382685,0.4554979242295798,both_later
atp:126207,atp:126846,2025-07-27,2025,2025,hard,Canada Masters,R32,6-3 4-6 6-3,83,56,100,61,87,ATP-2025-0421-346,2025-0421,3,0.7734339282249713,0.6061946902654868,0.7734339282249713,0.689814309245229,0.6939254338225173,0.6847792161722964,both_later
atp:134770,atp:132686,2025-07-27,2025,2025,hard,Canada Masters,R32,7-5 6-4,80,51,69,40,87,ATP-2025-0421-347,2025-0421,3,0.6455077167698117,0.5461397619774184,0.6455077167698117,0.595823739373615,0.598583636739579,0.5969223051349821,both_later
atp:111575,atp:207182,2025-07-27,2025,2025,hard,Canada Masters,R32,6-7(6) 6-4 6-1,82,58,103,60,87,ATP-2025-0421-348,2025-0421,3,0.9648952239741838,0.796490692706744,0.9648952239741838,0.8806929583404639,0.9010656440298886,0.8828290584320111,both_later
atp:210530,atp:124187,2025-07-27,2025,2025,hard,Canada Masters,R32,7-6(3) 6-3,82,58,57,42,87,ATP-2025-0421-349,2025-0421,3,0.48736738097862725,0.49231003967043024,0.48736738097862725,0.48983871032452875,0.49157725818546955,0.48941149030621933,both_later
atp:210506,atp:207518,2025-07-27,2025,2025,hard,Canada Masters,R32,3-6 7-6(4) 6-4,109,71,99,67,87,ATP-2025-0421-350,2025-0421,3,0.46826454433939374,0.49182178822093375,0.46826454433939374,0.48004316628016375,0.47882721893824587,0.47735778330793305,both_later
atp:208029,atp:124186,2025-07-27,2025,2025,hard,Canada Masters,R32,6-2 6-4,49,37,46,29,87,ATP-2025-0421-351,2025-0421,3,0.800046403454212,0.6121757705218187,0.800046403454212,0.7061110869880154,0.7159356731192287,0.7080640927860014,both_later
atp:200615,atp:106421,2025-07-27,2025,2025,hard,Canada Masters,R32,5-7 6-4 6-4,103,69,110,69,87,ATP-2025-0421-352,2025-0421,3,0.23907042283913849,0.40296002441257245,0.23907042283913849,0.32101522362585544,0.31607794772069775,0.3199471735800819,both_later
atp:202103,atp:144869,2025-07-27,2025,2025,hard,Canada Masters,R32,6-3 6-4,71,45,64,37,87,ATP-2025-0421-353,2025-0421,3,0.41053975384669844,0.4704607873054623,0.41053975384669844,0.4405002705760804,0.44000140789350034,0.44251430780525336,both_later
atp:100644,atp:208286,2025-07-27,2025,2025,hard,Canada Masters,R32,6-7(5) 6-3 6-2,106,74,104,62,87,ATP-2025-0421-354,2025-0421,3,0.9227441196110103,0.7156240463838877,0.9227441196110103,0.819184082997449,0.8393616310023565,0.8156442599885995,both_later
atp:126203,atp:106148,2025-07-27,2025,2025,hard,Canada Masters,R64,7-5 7-6(1),78,53,88,51,87,ATP-2025-0421-307,2025-0421,3,0.8804638481026381,0.6728410131217577,0.8804638481026381,0.7766524306121979,0.7910423673346099,0.778208732107468,mixed_first_later
atp:209113,atp:209263,2025-07-27,2025,2025,hard,Canada Masters,R64,6-3 7-6(5),65,47,91,54,87,ATP-2025-0421-308,2025-0421,3,0.8166673119792234,0.6629539212694537,0.8166673119792234,0.7398106166243386,0.730262124866839,0.7413974338352022,mixed_first_later
atp:208103,atp:111456,2025-07-27,2025,2025,hard,Canada Masters,R64,7-6(2) 6-4,66,48,71,44,87,ATP-2025-0421-309,2025-0421,3,0.5807828876396576,0.5231309124198963,0.5807828876396576,0.5519569000297769,0.5541185056480401,0.5527808243508022,mixed_first_later
atp:209950,atp:105807,2025-07-27,2025,2025,hard,Canada Masters,R64,6-3 6-4,68,45,63,37,87,ATP-2025-0421-310,2025-0421,3,0.6661174731280517,0.5585291425083918,0.6661174731280517,0.6123233078182218,0.613121211958047,0.6127810435521247,mixed_first_later
atp:210150,atp:207729,2025-07-27,2025,2025,hard,Canada Masters,R64,6-4 6-4,63,46,64,40,87,ATP-2025-0421-311,2025-0421,3,0.8719648661493152,0.6974977113213305,0.8719648661493152,0.7847312887353228,0.7822731955807986,0.7794825856532356,mixed_first_later
atp:200221,atp:144895,2025-07-27,2025,2025,hard,Canada Masters,R64,6-4 6-3,63,37,53,26,87,ATP-2025-0421-312,2025-0421,3,0.7097827760269534,0.5723222459566677,0.7097827760269534,0.6410525109918106,0.6447909169720076,0.639984460946037,mixed_first_later
atp:132283,atp:207352,2025-07-27,2025,2025,hard,Canada Masters,R64,6-1 6-4,53,37,42,22,87,ATP-2025-0421-313,2025-0421,3,0.37143493881924333,0.4597802868477266,0.37143493881924333,0.41560761283348496,0.4132101254807418,0.40929085970562407,mixed_first_later
atp:126094,atp:200384,2025-07-27,2025,2025,hard,Canada Masters,R64,6-2 6-3,64,40,54,27,87,ATP-2025-0421-314,2025-0421,3,0.9446875947540082,0.7422337503814465,0.9446875947540082,0.8434606725677274,0.8689725526815391,0.8402565224304066,mixed_first_later
atp:210097,atp:105173,2025-07-27,2025,2025,hard,Canada Masters,R64,6-2 6-3,50,40,48,29,87,ATP-2025-0421-315,2025-0421,3,0.7969862997542376,0.6119316447970705,0.7969862997542376,0.704458972275654,0.7133498209971761,0.7044284565600605,mixed_first_later
atp:206909,atp:210319,2025-07-27,2025,2025,hard,Canada Masters,R64,7-6(6) 6-4,70,52,92,60,87,ATP-2025-0421-316,2025-0421,3,0.9451619620540821,0.77165090021361,0.9451619620540821,0.8584064311338461,0.8696628987719808,0.857368896803666,mixed_first_later
atp:206681,atp:200000,2025-07-27,2025,2025,hard,Canada Masters,R64,6-4 6-4,64,41,59,33,87,ATP-2025-0421-317,2025-0421,3,0.38994346845870664,0.4597192554165395,0.38994346845870664,0.42483136193762305,0.4259568377565464,0.42550270768068077,mixed_first_later
atp:207925,atp:200008,2025-07-27,2025,2025,hard,Canada Masters,R64,6-4 5-7 6-4,110,65,88,55,87,ATP-2025-0421-318,2025-0421,3,0.5955886136075125,0.5366188587122368,0.5955886136075125,0.5661037361598746,0.5641638516080135,0.5666225033249647,mixed_first_later
atp:200282,atp:207681,2025-07-27,2025,2025,hard,Canada Masters,R64,6-4 6-2,53,39,58,31,87,ATP-2025-0421-319,2025-0421,3,0.8656046986522504,0.6617943240768996,0.8656046986522504,0.763699511364575,0.7758705517628447,0.7647980771259422,mixed_first_later
atp:106331,atp:126774,2025-07-27,2025,2025,hard,Canada Masters,R64,6-4 4-6 6-2,93,58,76,45,87,ATP-2025-0421-320,2025-0421,3,0.34552113423998704,0.4418980775099176,0.34552113423998704,0.3937096058749523,0.3951160771714432,0.39538797023259653,mixed_first_later
atp:126846,atp:111815,2025-07-27,2025,2025,hard,Canada Masters,R64,6-3 6-7(2) 6-3,87,68,94,64,87,ATP-2025-0421-321,2025-0421,3,0.254870580429005,0.40662191028379613,0.254870580429005,0.33074624535640057,0.3284505512474462,0.33184481111776765,mixed_first_later
atp:126207,atp:133297,2025-07-27,2025,2025,hard,Canada Masters,R64,1-6 7-5 7-6(5),94,65,95,70,87,ATP-2025-0421-322,2025-0421,3,0.6970792691265574,0.5712847116264876,0.6970792691265574,0.6341819903765225,0.6354381758237787,0.6329003303215942,mixed_first_later
atp:134770,atp:126128,2025-07-27,2025,2025,hard,Canada Masters,R64,6-3 6-3,61,39,49,27,87,ATP-2025-0421-323,2025-0421,3,0.561542600153932,0.5172718950259384,0.561542600153932,0.5394072475899352,0.5411442499074154,0.5406278762136765,mixed_first_later
atp:132686,atp:105487,2025-07-27,2025,2025,hard,Canada Masters,R64,5-7 7-6(3) 6-2,111,77,134,83,87,ATP-2025-0421-324,2025-0421,3,0.7590985989005005,0.6046078730546232,0.7590985989005005,0.6818532359775618,0.6824735463746106,0.6791373372897376,mixed_first_later
atp:207182,atp:209279,2025-07-27,2025,2025,hard,Canada Masters,R64,6-2 7-5,62,43,66,39,87,ATP-2025-0421-325,2025-0421,3,0.2092220167581193,0.380622520598108,0.2092220167581193,0.29492226867811366,0.2918503672605073,0.2926641057241924,mixed_first_later
atp:111575,atp:126663,2025-07-27,2025,2025,hard,Canada Masters,R64,6-4 6-2,65,43,59,30,87,ATP-2025-0421-326,2025-0421,3,0.8741838610808605,0.7167226121452548,0.8741838610808605,0.7954532366130577,0.7845383854243241,0.7970400538239213,mixed_first_later
atp:124187,atp:207830,2025-07-27,2025,2025,hard,Canada Masters,R64,7-6(5) 6-7(5) 6-3,107,80,106,75,87,ATP-2025-0421-327,2025-0421,3,0.2450294239368859,0.39478181263350626,0.2450294239368859,0.3199056182851961,0.3207776543412808,0.3233233784316715,mixed_first_later
atp:210530,atp:133430,2025-07-27,2025,2025,hard,Canada Masters,R64,7-6(4) 7-5,72,47,75,45,87,ATP-2025-0421-328,2025-0421,3,0.1786016092106614,0.36255721696673787,0.1786016092106614,0.27057941308869965,0.26556659056847015,0.27659100906062517,mixed_first_later
atp:210506,atp:144642,2025-07-27,2025,2025,hard,Canada Masters,R64,7-6(7) 6-3,70,44,89,49,87,ATP-2025-0421-329,2025-0421,3,0.9181386845579702,0.7334452242905096,0.9181386845579702,0.8257919544242399,0.8336261867590248,0.8222826471309839,mixed_first_later
atp:207518,atp:105902,2025-07-27,2025,2025,hard,Canada Masters,R64,7-5 6-1,55,41,61,35,87,ATP-2025-0421-330,2025-0421,3,0.8008313333101342,0.6172413793103448,0.8008313333101342,0.7090363563102395,0.7166014353011003,0.7089142934478654,mixed_first_later
atp:208029,atp:208659,2025-07-27,2025,2025,hard,Canada Masters,R64,7-6(7) 6-3,59,51,58,44,87,ATP-2025-0421-331,2025-0421,3,0.7431182305568892,0.6044247787610619,0.7431182305568892,0.6737715046589756,0.6699943446977586,0.6719405617233638,mixed_first_later
atp:124186,atp:200175,2025-07-27,2025,2025,hard,Canada Masters,R64,2-6 6-3 7-5,100,60,72,47,87,ATP-2025-0421-332,2025-0421,3,0.35729580078190026,0.4509307293256027,0.35729580078190026,0.40411326505375145,0.40337702377107437,0.4078361823561622,mixed_first_later
atp:200615,atp:212531,2025-07-27,2025,2025,hard,Canada Masters,R64,7-6(7) 6-3,72,55,67,47,87,ATP-2025-0421-333,2025-0421,3,0.8713590099231946,0.6849252364967958,0.8713590099231946,0.7781421232099952,0.781657610363582,0.7778064503384664,mixed_first_later
atp:106421,atp:207494,2025-07-27,2025,2025,hard,Canada Masters,R64,7-6(3) 6-4,67,41,82,43,87,ATP-2025-0421-334,2025-0421,3,0.9727266353697614,0.8175465364662802,0.9727266353697614,0.8951365859180208,0.9155058934111614,0.8917188257715454,mixed_first_later
atp:202103,atp:144719,2025-07-27,2025,2025,hard,Canada Masters,R64,7-6(4) 4-6 6-4,118,76,105,65,87,ATP-2025-0421-335,2025-0421,3,0.5702444799331268,0.516966737870003,0.5702444799331268,0.5436056089015648,0.5470022592935743,0.5467487276076985,mixed_first_later
atp:144869,atp:134868,2025-07-27,2025,2025,hard,Canada Masters,R64,6-4 7-6(4),78,51,82,47,87,ATP-2025-0421-336,2025-0421,3,0.4536049170393114,0.48608483368935,0.4536049170393114,0.4698448753643307,0.4690204482026631,0.4726523211989355,mixed_first_later
atp:208286,atp:209262,2025-07-27,2025,2025,hard,Canada Masters,R64,6-3 3-6 6-3,96,62,84,53,87,ATP-2025-0421-337,2025-0421,3,0.6261254655762516,0.5404638388770217,0.6261254655762516,0.5832946522266367,0.5851020448949257,0.5869260223822668,mixed_first_later
atp:100644,atp:200443,2025-07-27,2025,2025,hard,Canada Masters,R64,7-6(6) 6-4,61,48,81,52,87,ATP-2025-0421-338,2025-0421,3,0.9696456681467776,0.8094293561184009,0.9696456681467776,0.8895375121325892,0.9096466104074145,0.8910938136278593,mixed_first_later
atp:210097,atp:126203,2025-07-27,2025,2025,hard,Canada Masters,SF,6-4 6-3,51,38,61,35,87,ATP-2025-0421-367,2025-0421,3,0.28951727136609995,0.42242905096124506,0.28951727136609995,0.3559731611636725,0.35469004508372665,0.35411170251246715,both_later
atp:111575,atp:100644,2025-07-27,2025,2025,hard,Canada Masters,SF,6-3 4-6 7-6(4),105,68,102,65,87,ATP-2025-0421-368,2025-0421,3,0.2221829712744867,0.3961245041196216,0.2221829712744867,0.3091537376970541,0.3025199430436726,0.3073227947614423,both_later
atp:207989,atp:206173,2025-08-07,2025,2025,hard,Cincinnati Masters,F,5-0 RET,13,9,16,4,87,ATP-2025-0422-369,2025-0422,3,0.33874082695860486,0.4426914861153494,0.33874082695860486,0.3907161565369771,0.39032641064733736,0.3906856408213836,both_later
atp:207989,atp:126094,2025-08-07,2025,2025,hard,Cincinnati Masters,QF,6-3 4-6 7-5,86,57,95,60,87,ATP-2025-0422-363,2025-0422,3,0.7866377245082024,0.6044247787610619,0.7866377245082024,0.6955312516346321,0.7047146617525696,0.6955617673502257,both_later
atp:100644,atp:210097,2025-08-07,2025,2025,hard,Cincinnati Masters,QF,6-2 6-2,49,35,58,30,87,ATP-2025-0422-364,2025-0422,3,0.7921644220658747,0.626396093988404,0.7921644220658747,0.7092802580271393,0.7093057124239096,0.7076934408162758,both_later
atp:209279,atp:208029,2025-08-07,2025,2025,hard,Cincinnati Masters,QF,6-2 6-3,53,36,57,30,87,ATP-2025-0422-365,2025-0422,3,0.18015796340364978,0.36127555691180957,0.18015796340364978,0.27071676015772966,0.2669436288828178,0.27395142601064393,both_later
atp:206173,atp:200000,2025-08-07,2025,2025,hard,Cincinnati Masters,QF,6-0 6-2,39,28,45,16,87,ATP-2025-0422-366,2025-0422,3,0.9442490334251058,0.7554775709490388,0.9442490334251058,0.8498633021870723,0.8683365274037556,0.8493445350219823,both_later
atp:106000,atp:208233,2025-08-07,2025,2025,hard,Cincinnati Masters,R128,7-6(7) 7-6(5),102,63,100,57,87,ATP-2025-0422-275,2025-0422,3,0.27423913278839235,0.41321330485199875,0.27423913278839235,0.34372621882019555,0.34325698421132605,0.3448858160127497,both_first
atp:209098,atp:206499,2025-08-07,2025,2025,hard,Cincinnati Masters,R128,6-2 6-3,35,32,54,29,87,ATP-2025-0422-276,2025-0422,3,0.7880061769170579,0.6173024107415319,0.7880061769170579,0.7026542938292949,0.7058471523599137,0.707201135452731,both_first
atp:208134,atp:202058,2025-08-07,2025,2025,hard,Cincinnati Masters,R128,6-4 7-6(5),72,47,75,43,87,ATP-2025-0422-277,2025-0422,3,0.4556498829628073,0.47686908758010377,0.4556498829628073,0.46625948527145555,0.47039003319995304,0.47025704401420804,both_first
atp:210319,atp:200175,2025-08-07,2025,2025,hard,Cincinnati Masters,R128,7-6(5) 6-4,65,45,75,46,87,ATP-2025-0422-278,2025-0422,3,0.089049676499187,0.2901739395788831,0.089049676499187,0.18961180803903505,0.17505796251678735,0.18613301646137256,both_first
atp:210530,atp:209857,2025-08-07,2025,2025,hard,Cincinnati Masters,R128,6-3 6-4,67,47,52,35,87,ATP-2025-0422-279,2025-0422,3,0.6399426609524217,0.5510222764723833,0.6399426609524217,0.5954824687124025,0.5946953354714584,0.5971913487856402,both_first
atp:212021,atp:200516,2025-08-07,2025,2025,hard,Cincinnati Masters,R128,3-6 6-3 6-2,82,57,90,53,87,ATP-2025-0422-280,2025-0422,3,0.3373002989564774,0.42932560268538295,0.3373002989564774,0.3833129508209302,0.38930555673449985,0.38129891359175716,both_first
atp:207681,atp:144719,2025-08-07,2025,2025,hard,Cincinnati Masters,R128,6-4 6-4,68,44,56,35,87,ATP-2025-0422-281,2025-0422,3,0.5685383764891924,0.5324687213915167,0.5685383764891924,0.5505035489403545,0.5458525182101692,0.5448886572711449,both_first
atp:124187,atp:106198,2025-08-07,2025,2025,hard,Cincinnati Masters,R128,7-5 7-6(3),72,56,74,50,87,ATP-2025-0422-282,2025-0422,3,0.8383118399987052,0.663137015563015,0.8383118399987052,0.75072442778086,0.7497251719372857,0.746635321891327,both_first
atp:210460,atp:126846,2025-08-07,2025,2025,hard,Cincinnati Masters,R128,7-6(5) 7-5,74,49,82,50,87,ATP-2025-0422-283,2025-0422,3,0.47390198200246525,0.48864815379920656,0.47390198200246525,0.4812750679008359,0.48259253318214834,0.48200744507508064,both_first
atp:210696,atp:106218,2025-08-07,2025,2025,hard,Cincinnati Masters,R128,6-2 3-6 6-3,72,52,82,50,87,ATP-2025-0422-284,2025-0422,3,0.108055408145606,0.2842538907537382,0.108055408145606,0.1961546494496721,0.19668029139839702,0.1969785737706974,both_first
atp:202385,atp:124186,2025-08-07,2025,2025,hard,Cincinnati Masters,R128,7-6(2) 5-7 6-1,111,71,95,57,87,ATP-2025-0422-285,2025-0422,3,0.6883731463760089,0.5740921574610924,0.6883731463760089,0.6312326519185507,0.6290981258078902,0.6275402503317334,both_first
atp:208316,atp:124116,2025-08-07,2025,2025,hard,Cincinnati Masters,R128,5-7 6-3 6-3,81,60,90,59,87,ATP-2025-0422-286,2025-0422,3,0.264111498793,0.39160817821177907,0.264111498793,0.32785983850238953,0.33556125564015366,0.33323060444685093,both_first
atp:200443,atp:208363,2025-08-07,2025,2025,hard,Cincinnati Masters,R128,4-6 7-6(3) 6-1,96,62,106,59,87,ATP-2025-0422-287,2025-0422,3,0.5180721332885823,0.5072017088800732,0.5180721332885823,0.5126369210843278,0.5120510052309143,0.5088224566351365,both_first
atp:207729,atp:200587,2025-08-07,2025,2025,hard,Cincinnati Masters,R128,6-3 7-6(3),70,48,80,48,87,ATP-2025-0422-288,2025-0422,3,0.5721266036721835,0.5294781812633507,0.5721266036721835,0.5508023924677671,0.5482713436828248,0.5489714495321552,both_first
atp:105138,atp:127157,2025-08-07,2025,2025,hard,Cincinnati Masters,R128,7-6(5) 7-6(1),76,53,87,55,87,ATP-2025-0422-289,2025-0422,3,0.7512385833581632,0.5886176380836131,0.7512385833581632,0.6699281107208881,0.6762999434266593,0.6720642108124353,both_first
atp:200116,atp:105453,2025-08-07,2025,2025,hard,Cincinnati Masters,R128,7-5 6-3,67,45,73,41,87,ATP-2025-0422-290,2025-0422,3,0.18601834382650612,0.36920964296612757,0.18601834382650612,0.27761399339631687,0.27208659892911863,0.27575253474511147,both_first
atp:126128,atp:126214,2025-08-07,2025,2025,hard,Cincinnati Masters,R128,6-3 6-3,47,37,50,32,87,ATP-2025-0422-291,2025-0422,3,0.5018894050780618,0.5025633201098566,0.5018894050780618,0.5022263625939591,0.5012596067162073,0.5017686268600563,both_first
atp:144895,atp:111456,2025-08-07,2025,2025,hard,Cincinnati Masters,R128,7-5 6-3,70,45,52,31,87,ATP-2025-0422-292,2025-0422,3,0.33241803064286773,0.4473909063167531,0.33241803064286773,0.3899044684798104,0.38583686874622886,0.38923312273675276,both_first
atp:209409,atp:208659,2025-08-07,2025,2025,hard,Cincinnati Masters,R128,6-3 6-2,46,36,42,26,87,ATP-2025-0422-293,2025-0422,3,0.25419141033492526,0.38764113518462007,0.25419141033492526,0.32091627275977264,0.3279244282721995,0.32149607135604974,both_first
atp:106148,atp:200384,2025-08-07,2025,2025,hard,Cincinnati Masters,R128,6-4 5-7 6-3,100,65,79,50,87,ATP-2025-0422-294,2025-0422,3,0.7695917716398936,0.5939884040280745,0.7695917716398936,0.681790087833984,0.6908305463881896,0.6825224650082288,both_first
atp:209279,atp:106415,2025-08-07,2025,2025,hard,Cincinnati Masters,R128,6-2 6-2,44,31,81,38,87,ATP-2025-0422-295,2025-0422,3,0.3711470227875167,0.45416539517851695,0.3711470227875167,0.4126562089830168,0.41301076775759366,0.4164706734322081,both_first
atp:211663,atp:207352,2025-08-07,2025,2025,hard,Cincinnati Masters,R128,4-6 6-2 7-5,86,59,93,54,87,ATP-2025-0422-296,2025-0422,3,0.6447595580477599,0.547787610619469,0.6447595580477599,0.5962735843336144,0.5980600349624023,0.5982265901316004,both_first
atp:200267,atp:207985,2025-08-07,2025,2025,hard,Cincinnati Masters,R128,6-1 6-4,56,37,51,26,87,ATP-2025-0422-297,2025-0422,3,0.6290644266710743,0.5424168446750076,0.6290644266710743,0.585740635673041,0.5871356654658785,0.5903790244432576,both_first
atp:207182,atp:106432,2025-08-07,2025,2025,hard,Cincinnati Masters,R128,6-3 7-5,54,44,72,43,87,ATP-2025-0422-298,2025-0422,3,0.1483480571427881,0.3331400671345743,0.1483480571427881,0.2407440621386812,0.23774585012887473,0.24190365933123537,both_first
atp:126127,atp:208286,2025-08-07,2025,2025,hard,Cincinnati Masters,R128,6-7(1) 6-3 6-4,128,84,95,63,87,ATP-2025-0422-299,2025-0422,3,0.6056993864029921,0.5362526701251145,0.6056993864029921,0.5709760282640532,0.5710607108447346,0.5709760282640532,both_first
atp:206681,atp:212256,2025-08-07,2025,2025,hard,Cincinnati Masters,R128,6-1 4-6 6-4,94,62,95,57,87,ATP-2025-0422-300,2025-0422,3,0.8245096364320721,0.6550808666463228,0.8245096364320721,0.7397952515391975,0.7372007475376661,0.7386966857778303,both_first
atp:144869,atp:209992,2025-08-07,2025,2025,hard,Cincinnati Masters,R128,6-7(5) 7-6(4) 6-4,120,79,114,74,87,ATP-2025-0422-301,2025-0422,3,0.5647674022494916,0.5150747635032041,0.5647674022494916,0.5399210828763479,0.5433133942986872,0.5423013086926433,both_first
atp:126239,atp:132686,2025-08-07,2025,2025,hard,Cincinnati Masters,R128,6-3 6-3,55,40,58,36,87,ATP-2025-0422-302,2025-0422,3,0.48690095444274284,0.5006103143118706,0.48690095444274284,0.49375563437730674,0.49126619271430383,0.49259603718475253,both_first
atp:124079,atp:111797,2025-08-07,2025,2025,hard,Cincinnati Masters,R128,1-6 6-4 6-3,94,55,73,48,87,ATP-2025-0422-303,2025-0422,3,0.3419510740479137,0.4521513579493439,0.3419510740479137,0.3970512159986288,0.3925972640967471,0.39247385865959916,both_first
atp:105173,atp:111442,2025-08-07,2025,2025,hard,Cincinnati Masters,R128,6-2 6-2,45,34,68,34,87,ATP-2025-0422-304,2025-0422,3,0.2669614176537166,0.41492218492523647,0.2669614176537166,0.34094180128947654,0.3377368085298938,0.33953807837217415,both_first
atp:202104,atp:105676,2025-08-07,2025,2025,hard,Cincinnati Masters,R128,6-1 6-3,59,41,61,31,87,ATP-2025-0422-305,2025-0422,3,0.23133171416426415,0.405462313091242,0.23133171416426415,0.3183970136277531,0.3099104691622802,0.3162303978206124,both_first
atp:123755,atp:200240,2025-08-07,2025,2025,hard,Cincinnati Masters,R128,6-2 6-4,64,39,67,32,87,ATP-2025-0422-306,2025-0422,3,0.5636666257861732,0.5137320720170888,0.5636666257861732,0.538699348901631,0.5425727390100492,0.5431546433782866,both_first
atp:207989,atp:208134,2025-08-07,2025,2025,hard,Cincinnati Masters,R16,6-1 6-4,46,34,66,35,87,ATP-2025-0422-355,2025-0422,3,0.9930499579913279,0.8887091852303937,0.9930499579913279,0.9408795716108608,0.9647029956366532,0.9392317229688101,both_later
atp:126094,atp:207681,2025-08-07,2025,2025,hard,Cincinnati Masters,R16,6-2 6-3,47,32,52,25,87,ATP-2025-0422-356,2025-0422,3,0.8024519972659161,0.6268843454379005,0.8024519972659161,0.7146681713519083,0.717979304187744,0.7129287755630771,both_later
atp:100644,atp:111575,2025-08-07,2025,2025,hard,Cincinnati Masters,R16,7-5 3-0 RET,34,24,54,27,87,ATP-2025-0422-357,2025-0422,3,0.775114529478253,0.6090631675312786,0.775114529478253,0.6920888485047658,0.6952853059055885,0.6898917169820316,both_later
atp:210097,atp:208103,2025-08-07,2025,2025,hard,Cincinnati Masters,R16,6-4 6-4,51,38,63,37,87,ATP-2025-0422-358,2025-0422,3,0.6027205611217666,0.5382056759231004,0.6027205611217666,0.5704631185224336,0.5690253819803084,0.5701579613664982,both_later
atp:208029,atp:126207,2025-08-07,2025,2025,hard,Cincinnati Masters,R16,6-4 3-1 RET,40,28,48,24,87,ATP-2025-0422-359,2025-0422,3,0.5152083371024564,0.4996338114128776,0.5152083371024564,0.507421074257667,0.5101406291619176,0.5112050229912648,both_later
atp:209279,atp:126203,2025-08-07,2025,2025,hard,Cincinnati Masters,R16,3-6 7-5 6-3,83,57,92,60,87,ATP-2025-0422-360,2025-0422,3,0.0665172359361649,0.26124504119621605,0.0665172359361649,0.16388113856619047,0.14666836193987537,0.16385062285059693,both_later
atp:200000,atp:126127,2025-08-07,2025,2025,hard,Cincinnati Masters,R16,6-4 6-3,51,38,48,27,87,ATP-2025-0422-361,2025-0422,3,0.5155172862604099,0.5016478486420507,0.5155172862604099,0.5085825674512303,0.5103467033677888,0.5127632204875441,both_later
atp:206173,atp:105173,2025-08-07,2025,2025,hard,Cincinnati Masters,R16,6-4 7-6(4),62,48,83,52,87,ATP-2025-0422-362,2025-0422,3,0.9909390063547199,0.8683857186451023,0.9909390063547199,0.9296623624999111,0.9581046752968957,0.930059066802627,both_later
atp:207989,atp:209098,2025-08-07,2025,2025,hard,Cincinnati Masters,R32,6-4 6-4,57,41,79,46,87,ATP-2025-0422-339,2025-0422,3,0.8539389256992633,0.6593530668294172,0.8539389256992633,0.7566459962643403,0.7644481633797654,0.7525263746592137,both_later
atp:208134,atp:210150,2025-08-07,2025,2025,hard,Cincinnati Masters,R32,6-2 2-1 RET,31,23,32,16,87,ATP-2025-0422-340,2025-0422,3,0.12878847044127412,0.3347268843454379,0.12878847044127412,0.231757677393356,0.21849205324347865,0.23212386598047838,both_later
atp:126094,atp:200615,2025-08-07,2025,2025,hard,Cincinnati Masters,R32,6-7(5) 7-6(5) 7-5,124,87,127,82,87,ATP-2025-0422-341,2025-0422,3,0.6662513981885648,0.5584681110772047,0.6662513981885648,0.6123597546328847,0.613216441361412,0.6131531632383166,both_later
atp:207681,atp:124187,2025-08-07,2025,2025,hard,Cincinnati Masters,R32,6-7(4) 6-4 7-5,103,70,123,76,87,ATP-2025-0422-342,2025-0422,3,0.5709211117287776,0.5252059810802563,0.5709211117287776,0.5480635464045169,0.5474584123167464,0.5523052308720178,both_later
atp:100644,atp:206909,2025-08-07,2025,2025,hard,Cincinnati Masters,R32,6-4 6-4,61,43,59,37,87,ATP-2025-0422-343,2025-0422,3,0.8355339455034555,0.6501373207201709,0.8355339455034555,0.7428356331118132,0.7471704619107241,0.744147808882335,both_later
atp:111575,atp:202385,2025-08-07,2025,2025,hard,Cincinnati Masters,R32,6-3 6-3,58,39,52,28,87,ATP-2025-0422-344,2025-0422,3,0.6890916905000022,0.5734818431492219,0.6890916905000022,0.631286766824612,0.6296193563884291,0.6306154210815543,both_later
atp:208103,atp:200443,2025-08-07,2025,2025,hard,Cincinnati Masters,R32,7-6(5) 7-6(3),71,55,81,55,87,ATP-2025-0422-345,2025-0422,3,0.7679293246809744,0.6118706133658834,0.7679293246809744,0.6898999690234289,0.6894973666468465,0.6872451017667918,both_later
atp:210097,atp:105138,2025-08-07,2025,2025,hard,Cincinnati Masters,R32,7-6(3) 6-3,78,52,60,40,87,ATP-2025-0422-346,2025-0422,3,0.6493721233809298,0.5496185535550808,0.6493721233809298,0.5994953384680053,0.6012925466762333,0.5999530742019084,both_later
atp:208029,atp:210506,2025-08-07,2025,2025,hard,Cincinnati Masters,R32,7-6(4) 6-3,67,46,62,40,87,ATP-2025-0422-347,2025-0422,3,0.6432671329757793,0.550717119316448,0.6432671329757793,0.5969921261461136,0.5970163646693959,0.5950086046325341,both_later
atp:126207,atp:200005,2025-08-07,2025,2025,hard,Cincinnati Masters,R32,6-4 6-4,59,39,66,38,87,ATP-2025-0422-348,2025-0422,3,0.40212353794078537,0.470155630149527,0.40212353794078537,0.4361395840451562,0.4342783384575235,0.43589545832040794,both_later
atp:209279,atp:211663,2025-08-07,2025,2025,hard,Cincinnati Masters,R32,6-3 6-4,60,42,64,37,87,ATP-2025-0422-349,2025-0422,3,0.1367850631175295,0.3282575526396094,0.1367850631175295,0.23252130787856945,0.22650212354974475,0.2316973835575441,both_later
atp:126203,atp:132283,2025-08-07,2025,2025,hard,Cincinnati Masters,R32,7-6(4) 7-5,66,53,83,56,87,ATP-2025-0422-350,2025-0422,3,0.8540567132394121,0.6594751296917912,0.8540567132394121,0.7567659214656017,0.7645615480151651,0.7579255186581559,both_later
atp:126127,atp:126774,2025-08-07,2025,2025,hard,Cincinnati Masters,R32,6-7(4) 6-3 6-4,103,70,108,68,87,ATP-2025-0422-351,2025-0422,3,0.4899663955736054,0.496032956972841,0.4899663955736054,0.49299967627322316,0.49331043147522924,0.4919316262274496,both_later
atp:200000,atp:126239,2025-08-07,2025,2025,hard,Cincinnati Masters,R32,7-6(4) 4-2 RET,50,39,81,48,87,ATP-2025-0422-352,2025-0422,3,0.6395864301908429,0.5444919133353677,0.6395864301908429,0.5920391717631053,0.594446935214587,0.5913678260200477,both_later
atp:105173,atp:126205,2025-08-07,2025,2025,hard,Cincinnati Masters,R32,5-7 6-3 6-4,108,70,95,62,87,ATP-2025-0422-353,2025-0422,3,0.09160516546438086,0.3123893805309734,0.09160516546438086,0.20199727299767714,0.17807256528882326,0.19937292145663352,both_later
atp:206173,atp:209113,2025-08-07,2025,2025,hard,Cincinnati Masters,R32,6-2 7-6(6),62,45,84,45,87,ATP-2025-0422-354,2025-0422,3,0.9764916237527741,0.8160207506866036,0.9764916237527741,0.8962561872196888,0.9230413843859748,0.8950355585959476,both_later
atp:207989,atp:106000,2025-08-07,2025,2025,hard,Cincinnati Masters,R64,6-1 2-6 6-3,73,45,83,45,87,ATP-2025-0422-307,2025-0422,3,0.9923327174661986,0.8871833994507171,0.9923327174661986,0.9397580584584578,0.9623868990106844,0.9363097825963889,mixed_first_later
atp:209098,atp:134868,2025-08-07,2025,2025,hard,Cincinnati Masters,R64,6-4 7-6(3),72,53,72,47,87,ATP-2025-0422-308,2025-0422,3,0.5800062808822894,0.5380225816295392,0.5800062808822894,0.5590144312559143,0.5535931934606237,0.5552609982379101,mixed_first_later
atp:208134,atp:133430,2025-08-07,2025,2025,hard,Cincinnati Masters,R64,6-7(5) 6-3 6-4,101,69,103,64,87,ATP-2025-0422-309,2025-0422,3,0.07938758189788223,0.28931949954226427,0.07938758189788223,0.18435354072007326,0.16331072245786812,0.17889122762883125,mixed_first_later
atp:210150,atp:210319,2025-08-07,2025,2025,hard,Cincinnati Masters,R64,6-4 6-2,58,40,50,29,87,ATP-2025-0422-310,2025-0422,3,0.944618370238512,0.7546841623436069,0.944618370238512,0.8496512662910595,0.8688720189105771,0.8521230392541355,mixed_first_later
atp:126094,atp:210530,2025-08-07,2025,2025,hard,Cincinnati Masters,R64,7-6(4) 6-3,67,49,74,44,87,ATP-2025-0422-311,2025-0422,3,0.8715765137205067,0.6605126640219713,0.8715765137205067,0.766044588871239,0.781878466015108,0.7657394317153037,mixed_first_later
atp:200615,atp:212021,2025-08-07,2025,2025,hard,Cincinnati Masters,R64,7-6(3) 6-3,99,62,67,40,87,ATP-2025-0422-312,2025-0422,3,0.9130616710844035,0.7367409215746109,0.9130616710844035,0.8249012963295073,0.8274606577591225,0.8205680647152258,mixed_first_later
atp:207681,atp:209260,2025-08-07,2025,2025,hard,Cincinnati Masters,R64,6-4 3-1 RET,33,28,43,24,87,ATP-2025-0422-313,2025-0422,3,0.8147661961097898,0.6328043942630455,0.8147661961097898,0.7237852951864177,0.7285981093741326,0.7234191065992953,mixed_first_later
atp:124187,atp:200282,2025-08-07,2025,2025,hard,Cincinnati Masters,R64,7-6(6) 6-4,76,55,69,49,87,ATP-2025-0422-314,2025-0422,3,0.1165260306641284,0.3155630149527006,0.1165260306641284,0.21604452280841452,0.20578895145951873,0.21839423290911636,mixed_first_later
atp:100644,atp:210460,2025-08-07,2025,2025,hard,Cincinnati Masters,R64,6-3 6-3,50,36,51,30,87,ATP-2025-0422-315,2025-0422,3,0.9494681469915028,0.7817210863594751,0.9494681469915028,0.865594616675489,0.8760486050047169,0.8630007808500388,mixed_first_later
atp:206909,atp:210696,2025-08-07,2025,2025,hard,Cincinnati Masters,R64,4-6 6-3 7-6(5),107,70,100,63,87,ATP-2025-0422-316,2025-0422,3,0.9124394005771701,0.737839487335978,0.9124394005771701,0.825139443956574,0.8267156672398572,0.8249563496630129,mixed_first_later
atp:202385,atp:209070,2025-08-07,2025,2025,hard,Cincinnati Masters,R64,7-5 6-1,65,47,81,46,87,ATP-2025-0422-317,2025-0422,3,0.5270026198355949,0.5134269148611535,0.5270026198355949,0.5202147673483742,0.5180114813794046,0.51749886866055,mixed_first_later
atp:111575,atp:208316,2025-08-07,2025,2025,hard,Cincinnati Masters,R64,6-4 7-6(6),63,43,92,53,87,ATP-2025-0422-318,2025-0422,3,0.9239358700045759,0.7440646933170583,0.9239358700045759,0.8340002816608171,0.8408693288548948,0.8336951245048818,mixed_first_later
atp:200443,atp:106421,2025-08-07,2025,2025,hard,Cincinnati Masters,R64,6-7(0) 6-4 6-1,106,68,81,51,87,ATP-2025-0422-319,2025-0422,3,0.054431503558923885,0.23658834299664327,0.054431503558923885,0.1455099232777836,0.12974347159376032,0.14984315489206493,mixed_first_later
atp:208103,atp:207729,2025-08-07,2025,2025,hard,Cincinnati Masters,R64,4-6 6-1 6-4,71,54,77,49,87,ATP-2025-0422-320,2025-0422,3,0.8475173105288074,0.6725358559658224,0.8475173105288074,0.760026583247315,0.758322908117655,0.7605148346968114,mixed_first_later
atp:105138,atp:111815,2025-08-07,2025,2025,hard,Cincinnati Masters,R64,6-4 6-3,74,48,64,38,87,ATP-2025-0422-321,2025-0422,3,0.38963891732753664,0.46106194690265484,0.38963891732753664,0.4253504321150957,0.4257481287701446,0.4258081678489987,mixed_first_later
atp:210097,atp:200116,2025-08-07,2025,2025,hard,Cincinnati Masters,R64,6-3 3-1 RET,44,32,38,23,87,ATP-2025-0422-322,2025-0422,3,0.9167818988379346,0.7253890753738175,0.9167818988379346,0.821085487105876,0.8319629116985742,0.8205056885095989,mixed_first_later
atp:208029,atp:126128,2025-08-07,2025,2025,hard,Cincinnati Masters,R64,7-5 7-6(5),84,55,70,45,87,ATP-2025-0422-323,2025-0422,3,0.6171094186022692,0.5403417760146475,0.6171094186022692,0.5787255973084584,0.5788850425421606,0.5768641386572531,mixed_first_later
atp:210506,atp:144895,2025-08-07,2025,2025,hard,Cincinnati Masters,R64,3-6 6-3 6-4,87,55,92,53,87,ATP-2025-0422-324,2025-0422,3,0.7229110310431434,0.5803173634421728,0.7229110310431434,0.6516141972426581,0.6545948332618259,0.6483184999585567,mixed_first_later
atp:200005,atp:209409,2025-08-07,2025,2025,hard,Cincinnati Masters,R64,6-3 6-4,57,42,45,32,87,ATP-2025-0422-325,2025-0422,3,0.9560433480843251,0.7784253890753738,0.9560433480843251,0.8672343685798495,0.8862570740890309,0.8677531357449395,mixed_first_later
atp:126207,atp:106148,2025-08-07,2025,2025,hard,Cincinnati Masters,R64,6-4 6-3,54,32,74,37,87,ATP-2025-0422-326,2025-0422,3,0.699900725793066,0.5654256942325298,0.699900725793066,0.6326632100127978,0.6375046937542653,0.6342500272236615,mixed_first_later
atp:209279,atp:207925,2025-08-07,2025,2025,hard,Cincinnati Masters,R64,6-4 3-6 7-6(5),106,68,94,67,87,ATP-2025-0422-327,2025-0422,3,0.37143218388442745,0.46277082697589256,0.37143218388442745,0.41710150543016,0.4132082180841291,0.41408044958640045,mixed_first_later
atp:211663,atp:200221,2025-08-07,2025,2025,hard,Cincinnati Masters,R64,6-7(4) 5-4 RET,65,39,68,41,87,ATP-2025-0422-328,2025-0422,3,0.726046562392814,0.5960024412572474,0.726046562392814,0.6610245018250307,0.6569587798815675,0.6551349687154793,mixed_first_later
atp:132283,atp:200267,2025-08-07,2025,2025,hard,Cincinnati Masters,R64,6-3 7-6(4),66,49,64,42,87,ATP-2025-0422-329,2025-0422,3,0.5362641805576089,0.5091547146780592,0.5362641805576089,0.522709447617834,0.5241997237918564,0.5243572962598848,mixed_first_later
atp:126203,atp:207182,2025-08-07,2025,2025,hard,Cincinnati Masters,R64,6-4 6-4,53,42,50,34,87,ATP-2025-0422-330,2025-0422,3,0.9832210414684461,0.8588037839487336,0.9832210414684461,0.9210124127085899,0.9378363795917791,0.9233926385248852,mixed_first_later
atp:126127,atp:207518,2025-08-07,2025,2025,hard,Cincinnati Masters,R64,5-7 6-4 7-6(4),110,65,110,67,87,ATP-2025-0422-331,2025-0422,3,0.5284523300874494,0.5120842233750381,0.5284523300874494,0.5202682767312438,0.5189796100375441,0.5210616853366756,mixed_first_later
atp:126774,atp:206681,2025-08-07,2025,2025,hard,Cincinnati Masters,R64,7-6(3) 6-2,63,45,65,40,87,ATP-2025-0422-332,2025-0422,3,0.600993933890755,0.526853829722307,0.600993933890755,0.563923881806531,0.5678469566505159,0.5669754533658841,mixed_first_later
atp:200000,atp:144869,2025-08-07,2025,2025,hard,Cincinnati Masters,R64,6-2 7-6(3),67,49,66,39,87,ATP-2025-0422-333,2025-0422,3,0.5818574787232592,0.5264876411351846,0.5818574787232592,0.554172559929222,0.5548456277576451,0.552799352727513,mixed_first_later
atp:126239,atp:134770,2025-08-07,2025,2025,hard,Cincinnati Masters,R64,6-7(5) 6-4 6-2,95,67,88,55,87,ATP-2025-0422-334,2025-0422,3,0.35029471667067025,0.45160207506866035,0.35029471667067025,0.4009483958696653,0.3984735622353121,0.39920900008083404,mixed_first_later
atp:126205,atp:124079,2025-08-07,2025,2025,hard,Cincinnati Masters,R64,6-2 6-2,56,38,65,32,87,ATP-2025-0422-335,2025-0422,3,0.9565522099242796,0.753768690875801,0.9565522099242796,0.8551604504000403,0.8870727898203501,0.8587307891244834,mixed_first_later
atp:105173,atp:207830,2025-08-07,2025,2025,hard,Cincinnati Masters,R64,6-3 6-3,59,40,75,37,87,ATP-2025-0422-336,2025-0422,3,0.18945086137779316,0.38581019224900825,0.18945086137779316,0.28763052681340073,0.27506892970856595,0.28558597386863416,mixed_first_later
atp:209113,atp:202104,2025-08-07,2025,2025,hard,Cincinnati Masters,R64,7-5 6-4,56,39,67,39,87,ATP-2025-0422-337,2025-0422,3,0.749563309542908,0.5861153494049436,0.749563309542908,0.6678393294739258,0.6749931794948838,0.671012963895653,mixed_first_later
atp:206173,atp:123755,2025-08-07,2025,2025,hard,Cincinnati Masters,R64,6-1 6-1,36,30,48,21,87,ATP-2025-0422-338,2025-0422,3,0.9965016936142723,0.9137320720170888,0.9965016936142723,0.9551168828156806,0.9774228548923204,0.9565511214485765,mixed_first_later
atp:207989,atp:100644,2025-08-07,2025,2025,hard,Cincinnati Masters,SF,6-4 6-3,51,37,61,32,87,ATP-2025-0422-367,2025-0422,3,0.5454278050472555,0.5145254806225206,0.5454278050472555,0.529976642834888,0.5303316611248398,0.5333333715501765,both_later
atp:206173,atp:209279,2025-08-07,2025,2025,hard,Cincinnati Masters,SF,7-6(4) 6-2,60,49,58,39,87,ATP-2025-0422-368,2025-0422,3,0.9905739634859456,0.8754653646628013,0.9905739634859456,0.9330196640743735,0.9570247913223748,0.9334773998082764,both_later
atp:105916,atp:122298,2025-08-17,2025,2025,hard,Winston-Salem,F,6-3 7-6(3),72,46,72,39,87,ATP-2025-6242-385,2025-6242,3,0.571302601504572,0.5180653036313702,0.571302601504572,0.5446839525679711,0.5477156381846459,0.5459961283384929,both_later
atp:105916,atp:144719,2025-08-17,2025,2025,hard,Winston-Salem,QF,7-5 6-3,52,32,63,31,87,ATP-2025-6242-379,2025-6242,3,0.6548744844014428,0.5534635337198658,0.6548744844014428,0.6041690090606543,0.6051627122549564,0.6067018134549174,both_later
atp:200624,atp:200175,2025-08-17,2025,2025,hard,Winston-Salem,QF,6-1 6-4,60,39,51,27,87,ATP-2025-6242-380,2025-6242,3,0.7481747424278163,0.5903875495880379,0.7481747424278163,0.6692811460079271,0.6739124038228079,0.6681520645309664,both_later
atp:208659,atp:209098,2025-08-17,2025,2025,hard,Winston-Salem,QF,7-6(8) 6-2,63,48,64,42,87,ATP-2025-6242-381,2025-6242,3,0.27656816549304414,0.40375343301800426,0.27656816549304414,0.3401607992555242,0.3450131402579459,0.3393368749344989,both_later
atp:122298,atp:207352,2025-08-17,2025,2025,hard,Winston-Salem,QF,6-3 5-7 6-3,88,58,106,60,87,ATP-2025-6242-382,2025-6242,3,0.3539410384878104,0.44623130912419895,0.3539410384878104,0.40008617380600464,0.40103039776000304,0.40295465107179657,both_later
atp:105916,atp:105138,2025-08-17,2025,2025,hard,Winston-Salem,R16,6-4 6-3,50,38,59,36,87,ATP-2025-6242-371,2025-6242,3,0.5076756000350142,0.4982911199267623,0.5076756000350142,0.5029833599808883,0.5051172900241908,0.5070114344392342,both_later
atp:144719,atp:132283,2025-08-17,2025,2025,hard,Winston-Salem,R16,4-6 6-4 6-1,78,53,81,47,87,ATP-2025-6242-372,2025-6242,3,0.4133138230012632,0.4698504729935917,0.4133138230012632,0.44158214799742745,0.4418833824854133,0.4432299966394781,both_later
atp:200175,atp:209260,2025-08-17,2025,2025,hard,Winston-Salem,R16,6-3 6-1,41,29,50,24,87,ATP-2025-6242-373,2025-6242,3,0.8515502043148381,0.6484284406469332,0.8515502043148381,0.7499893224808856,0.7621568748865147,0.7533155354805805,both_later
atp:200624,atp:111794,2025-08-17,2025,2025,hard,Winston-Salem,R16,6-7(3) 6-3 6-4,102,73,85,59,87,ATP-2025-6242-374,2025-6242,3,0.8380299082961535,0.6584375953616113,0.8380299082961535,0.7482337518288824,0.749465076341765,0.7498205690397459,both_later
atp:208659,atp:124186,2025-08-17,2025,2025,hard,Winston-Salem,R16,6-3 6-2,49,36,53,31,87,ATP-2025-6242-375,2025-6242,3,0.5164199153730467,0.510924626182484,0.5164199153730467,0.5136722707777653,0.5109487974338301,0.5121464849980888,both_later
atp:209098,atp:209113,2025-08-17,2025,2025,hard,Winston-Salem,R16,6-4 6-2,51,38,59,33,87,ATP-2025-6242-376,2025-6242,3,0.6747393218373993,0.5607873054623131,0.6747393218373993,0.6177633136498561,0.6192736348826543,0.6169699050444244,mixed_first_later
atp:122298,atp:202104,2025-08-17,2025,2025,hard,Winston-Salem,R16,0-6 6-1 6-4,65,38,69,40,87,ATP-2025-6242-377,2025-6242,3,0.734117106418526,0.5770216661580714,0.734117106418526,0.6555693862882987,0.663085570147538,0.6562407320313564,both_later
atp:207352,atp:208363,2025-08-17,2025,2025,hard,Winston-Salem,R16,6-4 6-4,65,41,60,36,87,ATP-2025-6242-378,2025-6242,3,0.8384659987878793,0.6397009459871834,0.8384659987878793,0.7390834723875314,0.7498674694742692,0.7411585410478914,both_later
atp:105916,atp:134868,2025-08-17,2025,2025,hard,Winston-Salem,R32,6-3 4-6 6-3,84,54,103,55,87,ATP-2025-6242-355,2025-6242,3,0.45216225106602886,0.4794934391211474,0.45216225106602886,0.4658278450935881,0.46805389597075575,0.46750620945123234,mixed_first_later
atp:105138,atp:106331,2025-08-17,2025,2025,hard,Winston-Salem,R32,6-4 0-0 RET,37,21,26,10,87,ATP-2025-6242-356,2025-6242,3,0.5798765262110003,0.5236191638693928,0.5798765262110003,0.5517478450401965,0.55350543933098,0.5539754922785243,mixed_first_later
atp:144719,atp:208233,2025-08-17,2025,2025,hard,Winston-Salem,R32,6-3 6-1,48,32,55,25,87,ATP-2025-6242-357,2025-6242,3,0.47747416489881506,0.49090631675312785,0.47747416489881506,0.48419024082597145,0.48497712735807785,0.4831221907801979,mixed_first_later
atp:132283,atp:207969,2025-08-17,2025,2025,hard,Winston-Salem,R32,6-3 6-7(2) 7-6(3),110,73,112,68,87,ATP-2025-6242-358,2025-6242,3,0.7870773508732263,0.6329874885566067,0.7870773508732263,0.7100324197149165,0.7050781800259188,0.7094221054030458,mixed_first_later
atp:209260,atp:111456,2025-08-17,2025,2025,hard,Winston-Salem,R32,7-6(5) 6-7(6) 6-4,120,82,104,70,87,ATP-2025-6242-359,2025-6242,3,0.14412671529181,0.346750076289289,0.14412671529181,0.2454383957905495,0.23368493233687146,0.24583510009326537,mixed_first_later
atp:200175,atp:206499,2025-08-17,2025,2025,hard,Winston-Salem,R32,6-4 7-6(5),71,48,70,43,87,ATP-2025-6242-360,2025-6242,3,0.671498127605869,0.5482758620689655,0.671498127605869,0.6098869948374173,0.6169555154846209,0.6125418620940544,mixed_first_later
atp:200624,atp:200240,2025-08-17,2025,2025,hard,Winston-Salem,R32,6-3 6-4,60,41,59,34,87,ATP-2025-6242-361,2025-6242,3,0.9457676004592516,0.752731156545621,0.9457676004592516,0.8492493785024362,0.8705479438416985,0.8526976543645053,mixed_first_later
atp:111794,atp:132686,2025-08-17,2025,2025,hard,Winston-Salem,R32,6-1 6-3,48,34,60,31,87,ATP-2025-6242-362,2025-6242,3,0.3686302171991044,0.4518462007934086,0.3686302171991044,0.4102382089962565,0.4112665964561099,0.40923119038167,mixed_first_later
atp:124186,atp:210464,2025-08-17,2025,2025,hard,Winston-Salem,R32,6-7(3) 6-3 7-5,97,69,107,65,87,ATP-2025-6242-363,2025-6242,3,0.8748080467521143,0.7045163259078425,0.8748080467521143,0.7896621863299784,0.7851785963836818,0.7907607520913456,mixed_first_later
atp:208659,atp:124079,2025-08-17,2025,2025,hard,Winston-Salem,R32,2-6 6-3 7-6(3),93,63,71,52,87,ATP-2025-6242-364,2025-6242,3,0.6522556180330782,0.5571864510222765,0.6522556180330782,0.6047210345276773,0.6033187433238187,0.6011506958032342,mixed_first_later
atp:209098,atp:207985,2025-08-17,2025,2025,hard,Winston-Salem,R32,6-4 7-6(2),65,46,71,46,87,ATP-2025-6242-365,2025-6242,3,0.7958057228224747,0.6361000915471468,0.7958057228224747,0.7159529071848107,0.7123562645213043,0.7140914485336054,mixed_first_later
atp:122298,atp:208286,2025-08-17,2025,2025,hard,Winston-Salem,R32,6-3 6-3,47,36,74,39,87,ATP-2025-6242-367,2025-6242,3,0.4647538146717187,0.488037839487336,0.4647538146717187,0.4763958270795273,0.4764808748510566,0.47868450574904214,mixed_first_later
atp:202104,atp:105807,2025-08-17,2025,2025,hard,Winston-Salem,R32,7-5 6-2,84,49,57,28,87,ATP-2025-6242-368,2025-6242,3,0.22158530201978494,0.4021666158071407,0.22158530201978494,0.3118759589134628,0.3020332142138468,0.3068713815561238,mixed_first_later
atp:208363,atp:106218,2025-08-17,2025,2025,hard,Winston-Salem,R32,6-2 6-2,54,35,56,26,87,ATP-2025-6242-369,2025-6242,3,0.1930277305485704,0.37824229478181265,0.1930277305485704,0.28563501266519153,0.2781539878069831,0.28639790555502975,mixed_first_later
atp:207352,atp:126774,2025-08-17,2025,2025,hard,Winston-Salem,R32,6-3 6-2,61,37,56,27,87,ATP-2025-6242-370,2025-6242,3,0.4998765618145261,0.5017699115044247,0.4998765618145261,0.5008232366594754,0.499917707875422,0.49880919943030244,mixed_first_later
atp:105916,atp:200384,2025-08-17,2025,2025,hard,Winston-Salem,R64,6-3 6-3,56,38,67,34,87,ATP-2025-6242-339,2025-6242,3,0.8164553285549473,0.6161428135489777,0.8164553285549473,0.7162990710519626,0.730076239158879,0.7184046554279162,both_first
atp:106331,atp:126128,2025-08-17,2025,2025,hard,Winston-Salem,R64,6-3 6-3,64,41,56,33,87,ATP-2025-6242-340,2025-6242,3,0.3823528164124784,0.4594751296917913,0.3823528164124784,0.42091397305213485,0.42074502598610114,0.42439276462979736,both_first
atp:208233,atp:207681,2025-08-17,2025,2025,hard,Winston-Salem,R64,6-4 6-3,52,32,57,27,87,ATP-2025-6242-341,2025-6242,3,0.45678603494659537,0.4829111992676228,0.45678603494659537,0.4698486171071091,0.47115071200471575,0.4684754099054002,both_first
atp:207969,atp:126846,2025-08-17,2025,2025,hard,Winston-Salem,R64,6-4 6-2,44,33,52,28,87,ATP-2025-6242-342,2025-6242,3,0.2793233814397392,0.40155630149527005,0.2793233814397392,0.3404398414675046,0.34708432522460986,0.3424843944122712,both_first
atp:111456,atp:200587,2025-08-17,2025,2025,hard,Winston-Salem,R64,6-4 6-7(2) 7-6(2),112,77,107,71,87,ATP-2025-6242-343,2025-6242,3,0.8828692355705781,0.681080256332011,0.8828692355705781,0.7819747459512945,0.7935717006001536,0.7873149961801624,both_first
atp:206499,atp:209209,2025-08-17,2025,2025,hard,Winston-Salem,R64,7-6(2) 7-6(8),86,62,98,66,87,ATP-2025-6242-344,2025-6242,3,0.567622589221379,0.5332010985657614,0.567622589221379,0.5504118438935701,0.5452356216704447,0.5440340593345223,both_first
atp:200240,atp:124116,2025-08-17,2025,2025,hard,Winston-Salem,R64,3-6 6-4 6-3,84,57,88,57,87,ATP-2025-6242-345,2025-6242,3,0.24974237701478158,0.40057979859627707,0.24974237701478158,0.3251610878055293,0.3244656131269766,0.3272971878970765,both_first
atp:111794,atp:111797,2025-08-17,2025,2025,hard,Winston-Salem,R64,7-6(6) 6-4,63,49,67,48,87,ATP-2025-6242-346,2025-6242,3,0.473256380973838,0.4921269453768691,0.473256380973838,0.4826916631753535,0.4821614634916843,0.48348507178078537,both_first
atp:210464,atp:106432,2025-08-17,2025,2025,hard,Winston-Salem,R64,6-4 7-6(5),77,54,65,47,87,ATP-2025-6242-347,2025-6242,3,0.10045083365921682,0.26893500152578576,0.10045083365921682,0.18469291759250128,0.18824052537395525,0.18148876745518058,both_first
atp:124079,atp:105676,2025-08-17,2025,2025,hard,Winston-Salem,R64,6-3 6-3,62,38,57,29,87,ATP-2025-6242-348,2025-6242,3,0.20275828718256936,0.39301190112908146,0.20275828718256936,0.2978850941558254,0.28643493226677375,0.29504713260562704,both_first
atp:209098,atp:126239,2025-08-17,2025,2025,hard,Winston-Salem,R64,6-3 7-6(9),72,49,68,42,87,ATP-2025-6242-349,2025-6242,3,0.6798444709287155,0.562679279829112,0.6798444709287155,0.6212618753789138,0.6229381720769095,0.623916742635551,both_first
atp:210460,atp:209920,2025-08-17,2025,2025,hard,Winston-Salem,R64,6-2 7-6(2),74,52,66,40,87,ATP-2025-6242-350,2025-6242,3,0.9485604856358082,0.8271284711626488,0.9485604856358082,0.8878444783992285,0.8746841988779526,0.8879360255460091,both_first
atp:122298,atp:200443,2025-08-17,2025,2025,hard,Winston-Salem,R64,2-6 7-5 6-3,92,62,92,62,87,ATP-2025-6242-351,2025-6242,3,0.7081190994857393,0.5684772657918828,0.7081190994857393,0.638298182638811,0.6435588446337167,0.6451031872161683,both_first
atp:105807,atp:106415,2025-08-17,2025,2025,hard,Winston-Salem,R64,6-0 6-3,41,33,41,18,87,ATP-2025-6242-352,2025-6242,3,0.584114077146192,0.5274641440341776,0.584114077146192,0.5557891105901849,0.556373507226067,0.5554229220030624,both_first
atp:208363,atp:202290,2025-08-17,2025,2025,hard,Winston-Salem,R64,6-3 6-3,52,37,65,36,87,ATP-2025-6242-353,2025-6242,3,0.6156350589497351,0.5401586817210864,0.6156350589497351,0.5778968703354108,0.5778713779127129,0.5829014476927498,both_first
atp:207352,atp:202358,2025-08-17,2025,2025,hard,Winston-Salem,R64,6-7(2) 6-3 7-6(4),103,72,135,83,87,ATP-2025-6242-354,2025-6242,3,0.9200865113827323,0.7278303326212999,0.9200865113827323,0.8239584220020162,0.8360347085425575,0.8256367863596603,both_first
atp:122298,atp:208659,2025-08-17,2025,2025,hard,Winston-Salem,SF,6-4 7-5,62,44,64,39,87,ATP-2025-6242-384,2025-6242,3,0.5825762106094687,0.537900518767165,0.5825762106094687,0.5602383646883169,0.5553321198658946,0.5600857861103492,both_later
atp:207989,atp:206173,2025-08-25,2025,2025,hard,Us Open,F,6-2 3-6 6-1 6-4,89,65,112,65,87,ATP-2025-560-226,2025-560,5,0.3034349568780293,0.377631980469942,0.3034349568780293,0.34053346867398565,0.3649378202403145,0.3406250158207662,both_later
atp:206173,atp:207518,2025-08-25,2025,2025,hard,Us Open,QF,6-1 6-4 6-2,75,57,66,38,87,ATP-2025-560-220,2025-560,5,0.9854472211395319,0.9343606957583155,0.9854472211395319,0.9599039584489237,0.943225016343909,0.9571270283299125,both_later
atp:200000,atp:200282,2025-08-25,2025,2025,hard,Us Open,QF,4-6 7-6(7) 7-5 7-6(4),148,95,163,100,87,ATP-2025-560-221,2025-560,5,0.19867659719305894,0.29157766249618555,0.19867659719305894,0.24512712984462226,0.28298067827333173,0.2465613684775182,both_later
atp:104925,atp:126203,2025-08-25,2025,2025,hard,Us Open,QF,6-3 7-5 3-6 6-4,139,91,117,78,87,ATP-2025-560-222,2025-560,5,0.6746044254213716,0.6112602990540128,0.6746044254213716,0.6429323622376921,0.6191770271918985,0.6460754809438258,both_later
atp:207989,atp:208103,2025-08-25,2025,2025,hard,Us Open,QF,6-4 6-2 6-4,71,57,86,51,87,ATP-2025-560-223,2025-560,5,0.9519463360996494,0.8656393042416844,0.9519463360996494,0.908792820170667,0.8798270627504958,0.906839814372681,both_later
atp:206173,atp:200240,2025-08-25,2025,2025,hard,Us Open,R128,6-1 6-1 6-2,68,48,63,27,87,ATP-2025-560-100,2025-560,5,0.9996340564581737,0.995575221238938,0.9996340564581737,0.9976046388485559,0.9949086622562875,0.9966281359495629,both_first
atp:200615,atp:200325,2025-08-25,2025,2025,hard,Us Open,R128,6-3 6-4 7-6(3),85,63,110,62,87,ATP-2025-560-101,2025-560,5,0.5605909038957353,0.5375343301800427,0.5605909038957353,0.549062617037889,0.5405044719765856,0.5508325285423138,both_first
atp:208316,atp:207352,2025-08-25,2025,2025,hard,Us Open,R128,6-1 6-4 7-6(1),95,69,90,57,87,ATP-2025-560-102,2025-560,5,0.09967235880874689,0.16908758010375344,0.09967235880874689,0.13437996945625016,0.18736143251677412,0.13853010677697034,both_first
atp:133430,atp:105916,2025-08-25,2025,2025,hard,Us Open,R128,6-4 6-4 6-0,79,49,86,39,87,ATP-2025-560-103,2025-560,5,0.7134314337357391,0.6306682941714983,0.7134314337357391,0.6720498639536188,0.6475009503353101,0.6769018627329901,both_first
atp:122330,atp:105227,2025-08-25,2025,2025,hard,Us Open,R128,6-4 6-1 6-4,79,58,78,46,87,ATP-2025-560-104,2025-560,5,0.29698708338542373,0.3701251144339335,0.29698708338542373,0.33355609890967863,0.3602088610067703,0.3325490802950921,both_first
atp:209262,atp:132283,2025-08-25,2025,2025,hard,Us Open,R128,6-3 7-6(8) 1-6 1-6 7-6(6),159,103,177,116,87,ATP-2025-560-105,2025-560,5,0.3900931268716763,0.4245041196216051,0.3900931268716763,0.4072986232466407,0.42605938682333955,0.4087938933107237,both_first
atp:132686,atp:200587,2025-08-25,2025,2025,hard,Us Open,R128,6-4 6-2 6-3,83,57,87,46,87,ATP-2025-560-106,2025-560,5,0.9120738068940925,0.8247482453463534,0.9120738068940925,0.8684110261202229,0.8262790268220511,0.8713100191016083,both_first
atp:126205,atp:209284,2025-08-25,2025,2025,hard,Us Open,R128,6-3 6-3 6-1,73,54,83,44,87,ATP-2025-560-107,2025-560,5,0.9748286293763713,0.9262435154104364,0.9748286293763713,0.9505360723934038,0.9196575281070245,0.949223896622882,both_first
atp:207518,atp:208659,2025-08-25,2025,2025,hard,Us Open,R128,6-7(3) 6-3 6-4 6-4,100,87,125,89,87,ATP-2025-560-108,2025-560,5,0.7091411809417598,0.6370155630149527,0.7091411809417598,0.6730783719783562,0.6443155038923817,0.6724985733820792,both_first
atp:105676,atp:111460,2025-08-25,2025,2025,hard,Us Open,R128,6-7(2) 6-4 6-3 7-5,149,87,159,88,87,ATP-2025-560-109,2025-560,5,0.6129748119517233,0.5760451632590784,0.6129748119517233,0.5945099876054009,0.5760444092064095,0.5880711716151659,both_first
atp:202385,atp:126846,2025-08-25,2025,2025,hard,Us Open,R128,6-3 6-7(4) 6-4 3-6 6-4,168,101,169,99,87,ATP-2025-560-110,2025-560,5,0.7039407247596052,0.6386634116570034,0.7039407247596052,0.6713020682083043,0.6404742181929118,0.6716987725110202,both_first
atp:207925,atp:208859,2025-08-25,2025,2025,hard,Us Open,R128,7-5 4-6 6-4 3-6 6-3,161,98,163,96,87,ATP-2025-560-111,2025-560,5,0.7420842294849834,0.6696063472688435,0.7420842294849834,0.7058452883769135,0.6691964851830063,0.708805312789486,both_first
atp:209113,atp:106000,2025-08-25,2025,2025,hard,Us Open,R128,7-6(4) 4-6 7-5 7-5,136,94,149,97,87,ATP-2025-560-112,2025-560,5,0.841381112160185,0.7430881904180653,0.841381112160185,0.7922346512891252,0.7525688674656337,0.7945538456742335,both_first
atp:144719,atp:210262,2025-08-25,2025,2025,hard,Us Open,R128,6-0 6-3 5-7 6-2,117,74,95,48,87,ATP-2025-560-113,2025-560,5,0.8579172677208783,0.7980164784864205,0.8579172677208783,0.8279668731036494,0.7682991556128627,0.8269293387734693,both_first
atp:200267,atp:202358,2025-08-25,2025,2025,hard,Us Open,R128,6-3 6-4 6-3,68,43,78,35,87,ATP-2025-560-114,2025-560,5,0.886323144244415,0.7958803783948734,0.886323144244415,0.8411017613196442,0.7972424417871508,0.838843598365723,both_first
atp:207733,atp:144870,2025-08-25,2025,2025,hard,Us Open,R128,6-4 7-5 6-7(7) 6-2,133,93,129,80,87,ATP-2025-560-115,2025-560,5,0.9678062770159962,0.9141592920353983,0.9678062770159962,0.9409827845256973,0.9062633172353216,0.9399757659111108,both_first
atp:100644,atp:126214,2025-08-25,2025,2025,hard,Us Open,R128,6-2 7-6(4) 6-4,100,73,86,58,87,ATP-2025-560-116,2025-560,5,0.9299389736962344,0.8309124198962465,0.9299389736962344,0.8804256967962405,0.8486221320176467,0.8780149552643515,both_first
atp:207985,atp:105138,2025-08-25,2025,2025,hard,Us Open,R128,7-5 6-2 5-7 6-4,148,93,131,74,87,ATP-2025-560-117,2025-560,5,0.25614566154280044,0.32654867256637166,0.25614566154280044,0.2913471670545861,0.32943697360751606,0.28991292842169014,both_first
atp:126128,atp:104792,2025-08-25,2025,2025,hard,Us Open,R128,6-4 2-6 6-1 3-6 6-4,119,74,117,70,87,ATP-2025-560-118,2025-560,5,0.42060830884987344,0.44842844064693316,0.42060830884987344,0.43451837474840327,0.4468224220186134,0.4332977461246621,both_first
atp:200000,atp:126129,2025-08-25,2025,2025,hard,Us Open,R128,6-4 7-6(8) 6-4,107,70,110,65,87,ATP-2025-560-119,2025-560,5,0.9224082599449877,0.8367104058590173,0.9224082599449877,0.8795593329020025,0.8389385235029115,0.8825803887457621,both_first
atp:200443,atp:200005,2025-08-25,2025,2025,hard,Us Open,R128,6-4 7-6(4) 5-7 6-1,118,91,132,87,87,ATP-2025-560-120,2025-560,5,0.06555168139162874,0.15230393652731156,0.06555168139162874,0.10892780895947016,0.14536686545400931,0.10962967041812136,both_first
atp:209409,atp:206499,2025-08-25,2025,2025,hard,Us Open,R128,6-4 7-5 7-6(4),103,74,100,66,87,ATP-2025-560-121,2025-560,5,0.24841985007934442,0.31983521513579494,0.24841985007934442,0.2841275326075697,0.32343324078635083,0.28720961988251625,both_first
atp:207729,atp:105902,2025-08-25,2025,2025,hard,Us Open,R128,6-3 7-5 6-4,87,59,91,50,87,ATP-2025-560-122,2025-560,5,0.3522011631784597,0.39588037839487333,0.3522011631784597,0.37404077078666653,0.3998112068098998,0.3712638406676552,both_first
atp:126094,atp:209976,2025-08-25,2025,2025,hard,Us Open,R128,6-4 6-4 6-4,87,64,78,50,87,ATP-2025-560-123,2025-560,5,0.8665864254787115,0.7747635032041501,0.8665864254787115,0.8206749643414308,0.7768503840414238,0.8224753915614491,both_first
atp:111575,atp:210460,2025-08-25,2025,2025,hard,Us Open,R128,6-7(5) 6-3 7-5 6-1,125,86,129,75,87,ATP-2025-560-124,2025-560,5,0.8702852618177125,0.7877631980469942,0.8702852618177125,0.8290242299323534,0.7805696125456931,0.829176808510321,both_first
atp:111794,atp:106198,2025-08-25,2025,2025,hard,Us Open,R128,6-1 6-4 6-7(5) 6-4,141,83,148,77,87,ATP-2025-560-125,2025-560,5,0.8759863077716065,0.7991760756789746,0.8759863077716065,0.8375811917252906,0.7863907933776277,0.834499104450344,both_first
atp:209857,atp:124079,2025-08-25,2025,2025,hard,Us Open,R128,6-4 6-2 6-3,83,59,101,55,87,ATP-2025-560-126,2025-560,5,0.4916970756914791,0.49346963686298445,0.4916970756914791,0.49258335627723177,0.4944644344322288,0.4925528405616382,both_first
atp:202103,atp:208286,2025-08-25,2025,2025,hard,Us Open,R128,3-6 2-6 7-5 6-4 6-3,146,93,138,85,87,ATP-2025-560-127,2025-560,5,0.4360460227779013,0.4581324382056759,0.4360460227779013,0.4470892304917886,0.4572339398697315,0.44895068914299396,both_first
atp:126774,atp:124186,2025-08-25,2025,2025,hard,Us Open,R128,4-6 6-0 6-1 7-6(5),105,77,111,63,87,ATP-2025-560-128,2025-560,5,0.7826769044200211,0.6925541653951786,0.7826769044200211,0.7376155349075999,0.7014523049347638,0.7371883148892904,both_first
atp:127157,atp:209098,2025-08-25,2025,2025,hard,Us Open,R128,7-5 6-7(3) 7-6(7) 6-7(5) 6-4,181,125,197,132,87,ATP-2025-560-129,2025-560,5,0.1202641334529733,0.2128471162648764,0.1202641334529733,0.16655562485892486,0.20971886561028966,0.1710719507667674,both_first
atp:208278,atp:200384,2025-08-25,2025,2025,hard,Us Open,R128,6-4 6-3 6-4,85,50,96,45,87,ATP-2025-560-130,2025-560,5,0.4211126137262114,0.4485505035093073,0.4211126137262114,0.43483155861775935,0.44716338868434885,0.4337940242875793,both_first
atp:200282,atp:106331,2025-08-25,2025,2025,hard,Us Open,R128,6-3 6-4 6-4,78,61,93,59,87,ATP-2025-560-131,2025-560,5,0.9189060455490374,0.8183399450717119,0.9189060455490374,0.8686229953103747,0.834572094067043,0.8675244295490077,both_first
atp:104925,atp:210530,2025-08-25,2025,2025,hard,Us Open,R128,6-1 7-6(3) 6-2,94,61,89,42,87,ATP-2025-560-132,2025-560,5,0.9892240736575388,0.9490082392432102,0.9892240736575388,0.9691161564503745,0.9531611430894468,0.9675598549551045,both_first
atp:208260,atp:200436,2025-08-25,2025,2025,hard,Us Open,R128,6-4 6-2 7-5,85,51,88,39,87,ATP-2025-560-133,2025-560,5,0.7795368747007954,0.7144034177601465,0.7795368747007954,0.746970146230471,0.698881999007759,0.7488316048816763,both_first
atp:111815,atp:200624,2025-08-25,2025,2025,hard,Us Open,R128,7-5 6-4 RET,78,53,76,46,87,ATP-2025-560-134,2025-560,5,0.35215032810743524,0.4109551418980775,0.35215032810743524,0.3815527350027564,0.39977556236048506,0.3777077548379715,both_first
atp:207681,atp:210506,2025-08-25,2025,2025,hard,Us Open,R128,1-6 6-3 6-4 6-4,110,69,106,66,87,ATP-2025-560-135,2025-560,5,0.38700939036629495,0.4240768996032957,0.38700939036629495,0.4055431449847953,0.4239447490687117,0.4066417107461624,both_first
atp:126207,atp:106415,2025-08-25,2025,2025,hard,Us Open,R128,6-3 7-6(6) 6-3,108,70,101,55,87,ATP-2025-560-136,2025-560,5,0.7608479852819401,0.668080561489167,0.7608479852819401,0.7144642733855535,0.6838574185481839,0.7185838949906802,both_first
atp:102093,atp:210464,2025-08-25,2025,2025,hard,Us Open,R128,6-3 6-4 6-4,85,64,78,51,87,ATP-2025-560-137,2025-560,5,0.9373202493977938,0.8852303936527312,0.9373202493977938,0.9112753215252625,0.8585531278199452,0.9118551201215396,both_first
atp:105526,atp:111456,2025-08-25,2025,2025,hard,Us Open,R128,3-6 7-6(4) 6-3 6-3,130,84,132,76,87,ATP-2025-560-138,2025-560,5,0.6163479997315722,0.5785474519377479,0.6163479997315722,0.59744772583466,0.578361443989114,0.5944877014220875,both_first
atp:208029,atp:122298,2025-08-25,2025,2025,hard,Us Open,R128,6-3 7-6(4) 7-6(2),121,78,110,63,87,ATP-2025-560-139,2025-560,5,0.7595849506575505,0.669118095819347,0.7595849506575505,0.7143515232384487,0.6828579136283254,0.7154806047154094,both_first
atp:210150,atp:111797,2025-08-25,2025,2025,hard,Us Open,R128,7-6(5) 6-3 6-4,106,70,97,58,87,ATP-2025-560-140,2025-560,5,0.7435981310891823,0.6574000610314312,0.7435981310891823,0.7004990960603068,0.6703650281048223,0.7026046804362603,both_first
atp:200259,atp:206681,2025-08-25,2025,2025,hard,Us Open,R128,6-4 3-6 7-6(7) 6-2,130,84,126,79,87,ATP-2025-560-141,2025-560,5,0.2920080776827116,0.34613976197741836,0.2920080776827116,0.31907391983006494,0.3565352472105761,0.3221560071050116,both_first
atp:211663,atp:200175,2025-08-25,2025,2025,hard,Us Open,R128,7-6(3) 7-6(5) 6-3,101,71,123,75,87,ATP-2025-560-142,2025-560,5,0.7906171338058653,0.7020750686603601,0.7906171338058653,0.7463461012331127,0.708015699784931,0.7461630069395515,both_first
atp:207830,atp:208134,2025-08-25,2025,2025,hard,Us Open,R128,6-3 6-1 6-1,58,45,72,36,87,ATP-2025-560-143,2025-560,5,0.9484217299342701,0.859231003967043,0.9484217299342701,0.9038263669506565,0.8744765117640485,0.9044671969781207,both_first
atp:206909,atp:207411,2025-08-25,2025,2025,hard,Us Open,R128,6-2 6-7(5) 2-6 6-2 7-6(7),149,105,147,95,87,ATP-2025-560-144,2025-560,5,0.8791351253195727,0.7903265181568507,0.8791351253195727,0.8347308217382117,0.7896544215954744,0.8325947216466646,both_first
atp:208843,atp:210319,2025-08-25,2025,2025,hard,Us Open,R128,6-3 6-2 3-6 7-6(5),129,85,124,75,87,ATP-2025-560-145,2025-560,5,0.730553060587331,0.6826060421116875,0.730553060587331,0.7065795513495092,0.6603722633711175,0.7052063441478005,both_first
atp:144750,atp:202104,2025-08-25,2025,2025,hard,Us Open,R128,6-3 7-5 6-4,84,59,94,50,87,ATP-2025-560-146,2025-560,5,0.7719135323717204,0.6827281049740617,0.7719135323717204,0.727320818672891,0.692698429633282,0.7304334216634312,both_first
atp:126203,atp:207182,2025-08-25,2025,2025,hard,Us Open,R128,7-5 6-2 6-3,88,65,100,60,87,ATP-2025-560-147,2025-560,5,0.995299274853422,0.9703692401586818,0.995299274853422,0.9828342575060518,0.9726209893059105,0.9821323960474007,both_first
atp:210097,atp:209860,2025-08-25,2025,2025,hard,Us Open,R128,6-3 6-2 6-4,88,62,91,53,87,ATP-2025-560-148,2025-560,5,0.9263777478725767,0.8539212694537687,0.9263777478725767,0.8901495086631727,0.8439903476253164,0.8875861885533161,both_first
atp:105807,atp:208010,2025-08-25,2025,2025,hard,Us Open,R128,7-6(7) 6-4 6-2,98,72,118,72,87,ATP-2025-560-149,2025-560,5,0.713907351533016,0.655202929508697,0.713907351533016,0.6845551405208565,0.6478552532622585,0.6830598704567734,both_first
atp:111442,atp:144895,2025-08-25,2025,2025,hard,Us Open,R128,6-2 6-4 1-6 6-3,100,67,113,66,87,ATP-2025-560-150,2025-560,5,0.7917945009897467,0.694995422642661,0.7917945009897467,0.7433949618162039,0.7089969647181568,0.7456836404857186,both_first
atp:105173,atp:134868,2025-08-25,2025,2025,hard,Us Open,R128,7-5 6-4 6-0,86,62,99,51,87,ATP-2025-560-151,2025-560,5,0.2302675565071148,0.32471772963075984,0.2302675565071148,0.27749264306893734,0.30905648059475266,0.2738002414821201,both_first
atp:208103,atp:106432,2025-08-25,2025,2025,hard,Us Open,R128,3-6 6-4 7-6(5) 6-1,118,81,122,74,87,ATP-2025-560-152,2025-560,5,0.6586365054046586,0.6020445529447666,0.6586365054046586,0.6303405291747126,0.6078179531456327,0.6290283534041907,both_first
atp:144869,atp:200116,2025-08-25,2025,2025,hard,Us Open,R128,6-3 6-2 6-0,67,49,65,28,87,ATP-2025-560-153,2025-560,5,0.9032109478825842,0.8107110161733293,0.9032109478825842,0.8569609820279567,0.815920345069703,0.8590360506883168,both_first
atp:209920,atp:123755,2025-08-25,2025,2025,hard,Us Open,R128,6-4 6-4 6-4,95,65,106,63,87,ATP-2025-560-154,2025-560,5,0.06329018250605478,0.11159597192554166,0.06329018250605478,0.08744307721579822,0.14228633133057003,0.0865276057479923,both_first
atp:134770,atp:124116,2025-08-25,2025,2025,hard,Us Open,R128,6-1 6-2 7-6(5),90,65,89,53,87,ATP-2025-560-155,2025-560,5,0.7599873250782182,0.6666158071406775,0.7599873250782182,0.7133015661094478,0.6831761260993481,0.7161395276596462,both_first
atp:126127,atp:106421,2025-08-25,2025,2025,hard,Us Open,R128,6-3 7-5 6-7(5) 0-6 6-4,157,99,149,92,87,ATP-2025-560-156,2025-560,5,0.17321222260644095,0.269179127250534,0.17321222260644095,0.22119567492848746,0.260760359740586,0.22397260504749877,both_first
atp:106218,atp:208363,2025-08-25,2025,2025,hard,Us Open,R128,6-0 7-5 4-6 5-7 6-4,171,103,155,85,87,ATP-2025-560-157,2025-560,5,0.8525328160088192,0.7519377479401892,0.8525328160088192,0.8022352819745042,0.7630975381463677,0.8028150805707813,both_first
atp:126239,atp:106148,2025-08-25,2025,2025,hard,Us Open,R128,7-6(2) 7-5 4-6 6-2,122,89,146,93,87,ATP-2025-560-158,2025-560,5,0.5005435307428491,0.5037229173024107,0.5005435307428491,0.5021332240226299,0.5003623539078613,0.5026214754721263,both_first
atp:200221,atp:207686,2025-08-25,2025,2025,hard,Us Open,R128,6-1 6-1 6-2,66,47,62,27,87,ATP-2025-560-159,2025-560,5,0.7266081423874415,0.6511748550503509,0.7266081423874415,0.6888914987188962,0.6573831185647079,0.6879149958199032,both_first
atp:209260,atp:208014,2025-08-25,2025,2025,hard,Us Open,R128,6-2 6-1 6-2,62,48,68,34,87,ATP-2025-560-160,2025-560,5,0.2863610831396707,0.3668904485810192,0.2863610831396707,0.326625765860345,0.35234460964720576,0.32369625716336603,both_first
atp:208118,atp:207969,2025-08-25,2025,2025,hard,Us Open,R128,7-5 6-4 7-6(4),119,78,123,72,87,ATP-2025-560-161,2025-560,5,0.3219653189869175,0.3628623741226732,0.3219653189869175,0.34241384655479534,0.3783628117419864,0.34250539370157596,both_first
atp:208233,atp:209992,2025-08-25,2025,2025,hard,Us Open,R128,7-6(0) 1-6 6-3 3-0 RET,106,65,123,66,87,ATP-2025-560-162,2025-560,5,0.42257114182605504,0.45318889227952397,0.42257114182605504,0.4378800170527895,0.4481491721275389,0.4438000658779344,both_first
atp:207989,atp:124187,2025-08-25,2025,2025,hard,Us Open,R128,6-4 7-5 6-4,84,67,105,65,87,ATP-2025-560-163,2025-560,5,0.9794763211705227,0.9214830637778456,0.9794763211705227,0.9504796924741842,0.9293639103154382,0.9513646482263965,both_first
atp:206173,atp:122330,2025-08-25,2025,2025,hard,Us Open,R16,6-1 6-1 6-1,53,41,79,34,87,ATP-2025-560-212,2025-560,5,0.996807539759244,0.9718950259383583,0.996807539759244,0.9843512828488011,0.9787345597057149,0.9834358113809951,both_later
atp:207518,atp:144719,2025-08-25,2025,2025,hard,Us Open,R16,6-3 6-0 6-1,65,48,56,25,87,ATP-2025-560-213,2025-560,5,0.7360357255314496,0.6497101007018614,0.7360357255314496,0.6928729131166556,0.6645513492613816,0.6930865231258103,both_later
atp:200000,atp:126094,2025-08-25,2025,2025,hard,Us Open,R16,7-5 6-3 6-4,91,67,93,56,87,ATP-2025-560-214,2025-560,5,0.2882924144854738,0.3593225511138236,0.2882924144854738,0.3238074827996487,0.3537808060618876,0.32475346998304816,both_later
atp:200282,atp:209857,2025-08-25,2025,2025,hard,Us Open,R16,6-3 6-2 6-1,77,49,70,29,87,ATP-2025-560-215,2025-560,5,0.9709947626984711,0.9157461092462619,0.9709947626984711,0.9433704359723665,0.9121812044612836,0.9434619831191471,both_later
atp:104925,atp:105526,2025-08-25,2025,2025,hard,Us Open,R16,6-3 6-3 6-2,74,53,78,41,87,ATP-2025-560-216,2025-560,5,0.943025949502048,0.8512969179127251,0.943025949502048,0.8971614337073865,0.8665737807984003,0.8973140122853542,both_later
atp:126203,atp:207830,2025-08-25,2025,2025,hard,Us Open,R16,6-4 6-3 6-3,69,56,81,50,87,ATP-2025-560-217,2025-560,5,0.793144607691124,0.6916386939273726,0.793144607691124,0.7423916508092483,0.7101248320312418,0.7444667194696084,both_later
atp:208103,atp:105173,2025-08-25,2025,2025,hard,Us Open,R16,7-6(4) 6-4 2-6 6-2,117,70,137,75,87,ATP-2025-560-218,2025-560,5,0.7583501981493994,0.6729020445529448,0.7583501981493994,0.7156261213511721,0.6818826282928327,0.7108046382873943,both_later
atp:207989,atp:126239,2025-08-25,2025,2025,hard,Us Open,R16,7-6(3) 6-3 6-4,86,70,89,59,87,ATP-2025-560-219,2025-560,5,0.974836377648471,0.9109246261824839,0.974836377648471,0.9428805019154775,0.919673083340609,0.9426363761907293,both_later
atp:206173,atp:133430,2025-08-25,2025,2025,hard,Us Open,R32,5-7 6-4 6-3 6-3,110,77,126,75,87,ATP-2025-560-196,2025-560,5,0.9534471476745933,0.8679584986267928,0.9534471476745933,0.9107028231506931,0.8821549552020409,0.9107333388662866,both_later
atp:122330,atp:126205,2025-08-25,2025,2025,hard,Us Open,R32,7-6(5) 6-7(4) 6-3 6-7(5) 6-1,179,127,160,108,87,ATP-2025-560-197,2025-560,5,0.06945022228361096,0.165669819957278,0.06945022228361096,0.11756002112044447,0.15057348445867316,0.1183839454414698,both_later
atp:207518,atp:207925,2025-08-25,2025,2025,hard,Us Open,R32,6-3 6-2 2-0 RET,62,41,54,25,87,ATP-2025-560-198,2025-560,5,0.6607360226289462,0.6007628928898383,0.6607360226289462,0.6307494577593922,0.6093031372247291,0.6294372819888704,both_later
atp:144719,atp:200267,2025-08-25,2025,2025,hard,Us Open,R32,6-1 6-4 6-4,81,51,82,37,87,ATP-2025-560-199,2025-560,5,0.4380717389473366,0.4628928898382667,0.4380717389473366,0.4504823143928016,0.4585964416124346,0.4484682771636286,both_later
atp:200000,atp:100644,2025-08-25,2025,2025,hard,Us Open,R32,4-6 7-6(7) 6-4 6-4,129,94,133,86,87,ATP-2025-560-200,2025-560,5,0.09424108302392897,0.19545315837656393,0.09424108302392897,0.14484712070024647,0.18114468837172945,0.14460299497549822,both_later
atp:126094,atp:209409,2025-08-25,2025,2025,hard,Us Open,R32,2-6 6-4 6-3 4-6 6-3,139,93,142,90,87,ATP-2025-560-201,2025-560,5,0.9833451828017085,0.9362526701251145,0.9833451828017085,0.9597989264634115,0.9381292660026158,0.959310675013915,both_later
atp:209857,atp:111794,2025-08-25,2025,2025,hard,Us Open,R32,5-3 RET,25,13,23,9,87,ATP-2025-560-202,2025-560,5,0.36093732402507694,0.4030210558437595,0.36093732402507694,0.38197918993441826,0.40591817264395996,0.3781342097696334,both_later
atp:200282,atp:127157,2025-08-25,2025,2025,hard,Us Open,R32,6-7(7) 6-3 6-4 2-0 RET,111,80,110,68,87,ATP-2025-560-203,2025-560,5,0.9752482719346489,0.9074458346048215,0.9752482719346489,0.9413470532697352,0.9205027710557104,0.9410724118293934,both_later
atp:104925,atp:111815,2025-08-25,2025,2025,hard,Us Open,R32,6-4 6-7(4) 6-2 6-3,104,81,126,78,87,ATP-2025-560-204,2025-560,5,0.9226336093510025,0.8246261824839792,0.9226336093510025,0.8736298959174909,0.8392223266512382,0.8749420716880127,both_later
atp:105526,atp:126207,2025-08-25,2025,2025,hard,Us Open,R32,6-4 6-3 7-6(7),84,62,112,67,87,ATP-2025-560-205,2025-560,5,0.3921282474025157,0.4357339029600244,0.3921282474025157,0.41393107518127004,0.42745312277822317,0.40865185638358925,both_later
atp:207830,atp:200259,2025-08-25,2025,2025,hard,Us Open,R32,7-5 6-3 6-1,77,53,85,40,87,ATP-2025-560-206,2025-560,5,0.8369852516021494,0.7584070796460177,0.8369852516021494,0.7976961656240835,0.7485029430068743,0.7958957384040652,both_later
atp:126203,atp:208843,2025-08-25,2025,2025,hard,Us Open,R32,7-6(3) 6-7(9) 6-4 6-4,127,96,129,89,87,ATP-2025-560-207,2025-560,5,0.9415362928122352,0.8797375648458956,0.9415362928122352,0.9106369288290654,0.8644482335625289,0.9102402245263495,both_later
atp:105173,atp:210097,2025-08-25,2025,2025,hard,Us Open,R32,3-6 6-3 4-6 6-4 RET,130,83,107,72,87,ATP-2025-560-208,2025-560,5,0.15410640682625262,0.2570949038754959,0.15410640682625262,0.20560065535087424,0.24320884001425683,0.20340352382814003,both_later
atp:208103,atp:209920,2025-08-25,2025,2025,hard,Us Open,R32,6-4 6-4 6-4,83,56,114,61,87,ATP-2025-560-209,2025-560,5,0.9912966281911042,0.9722612145254806,0.9912966281911042,0.9817789213582924,0.9591785226704918,0.981870468505073,both_later
atp:126239,atp:126127,2025-08-25,2025,2025,hard,Us Open,R32,4-6 6-3 6-3 6-2,112,79,101,64,87,ATP-2025-560-210,2025-560,5,0.3460515376523547,0.4018004272200183,0.3460515376523547,0.37392598243618647,0.3954897190409768,0.3752076424911148,both_later
atp:207989,atp:209260,2025-08-25,2025,2025,hard,Us Open,R32,6-2 6-4 6-0,70,50,77,36,87,ATP-2025-560-211,2025-560,5,0.9991801652725023,0.9882514494964907,0.9991801652725023,0.9937158073844965,0.9913117576187919,0.994081995971619,both_later
atp:206173,atp:200615,2025-08-25,2025,2025,hard,Us Open,R64,6-3 6-2 6-2,81,57,75,37,87,ATP-2025-560-164,2025-560,5,0.9724322886180111,0.8996948428440646,0.9724322886180111,0.9360635657310379,0.914934958750684,0.9368264586208761,both_later
atp:133430,atp:208316,2025-08-25,2025,2025,hard,Us Open,R64,7-6(6) 3-6 7-6(4) 6-3,133,85,167,97,87,ATP-2025-560-165,2025-560,5,0.9434475547498643,0.8757705218187366,0.9434475547498643,0.9096090382843005,0.8671795950247959,0.9100057425870164,both_later
atp:122330,atp:209262,2025-08-25,2025,2025,hard,Us Open,R64,6-3 6-3 6-3,89,62,79,47,87,ATP-2025-560-166,2025-560,5,0.5145075608803936,0.5119621605126641,0.5145075608803936,0.5132348606965289,0.5096732156399573,0.5126245463846582,both_later
atp:126205,atp:132686,2025-08-25,2025,2025,hard,Us Open,R64,7-6(6) 6-3 5-7 5-7 7-5,176,112,185,110,87,ATP-2025-560-167,2025-560,5,0.8734051797975149,0.7671956057369546,0.8734051797975149,0.8203003927672348,0.7837415886609684,0.8199342041801123,both_later
atp:207518,atp:105676,2025-08-25,2025,2025,hard,Us Open,R64,6-4 6-0 6-2,85,53,71,30,87,ATP-2025-560-168,2025-560,5,0.5971323064695783,0.5657918828196521,0.5971323064695783,0.5814620946446152,0.5652147875124989,0.5783800073696685,both_later
atp:207925,atp:202385,2025-08-25,2025,2025,hard,Us Open,R64,5-7 6-3 6-4 2-6 7-6(3),203,122,154,98,87,ATP-2025-560-169,2025-560,5,0.3781770592013295,0.4151052792187977,0.3781770592013295,0.3966411692100636,0.41786873865897417,0.39822798642092716,both_later
atp:144719,atp:209113,2025-08-25,2025,2025,hard,Us Open,R64,7-5 6-3 7-5,108,66,104,55,87,ATP-2025-560-170,2025-560,5,0.3656808275104289,0.4138236191638694,0.3656808275104289,0.38975222333714915,0.4092191660880914,0.39259018488734754,both_later
atp:100644,atp:207985,2025-08-25,2025,2025,hard,Us Open,R64,6-4 6-4 6-4,102,63,96,54,87,ATP-2025-560-172,2025-560,5,0.977624730468686,0.9279523954836741,0.977624730468686,0.9527885629761801,0.9254018971079794,0.9525444372514318,both_later
atp:200000,atp:126128,2025-08-25,2025,2025,hard,Us Open,R64,6-1 7-6(4) 7-6(5),106,77,129,76,87,ATP-2025-560-173,2025-560,5,0.5618134866942914,0.5408910588953311,0.5618134866942914,0.5513522727948112,0.5413263841507413,0.5486363741069871,both_later
atp:209409,atp:200443,2025-08-25,2025,2025,hard,Us Open,R64,7-6(5) 6-2 4-6 6-4,130,84,135,75,87,ATP-2025-560-174,2025-560,5,0.3098031533941413,0.367683857186451,0.3098031533941413,0.3387435052902962,0.36957826378118436,0.34069651108828214,both_later
atp:126094,atp:207729,2025-08-25,2025,2025,hard,Us Open,R64,6-3 6-3 5-7 7-6(4),132,89,133,83,87,ATP-2025-560-175,2025-560,5,0.9665227969018172,0.912938663411657,0.9665227969018172,0.939730730156737,0.9039489837398049,0.9368317371753516,both_later
atp:111794,atp:111575,2025-08-25,2025,2025,hard,Us Open,R64,2-6 6-7(4) 6-4 7-5 7-6(5),217,138,172,114,87,ATP-2025-560-176,2025-560,5,0.12816057362023908,0.2166310649984742,0.12816057362023908,0.17239581930935666,0.21785435914242113,0.17315871219919493,both_later
atp:209857,atp:202103,2025-08-25,2025,2025,hard,Us Open,R64,3-6 4-6 6-4 6-4 6-2,139,88,178,104,87,ATP-2025-560-177,2025-560,5,0.24566117852918104,0.31800427220018307,0.24566117852918104,0.28183272536468207,0.3212734746216168,0.28271768111689444,both_later
atp:127157,atp:126774,2025-08-25,2025,2025,hard,Us Open,R64,7-6(5) 1-6 4-6 6-3 7-5,174,107,163,106,87,ATP-2025-560-178,2025-560,5,0.1514205051055287,0.25410436374732986,0.1514205051055287,0.20276243442642927,0.24067141896650582,0.20196902582099752,both_later
atp:200282,atp:208278,2025-08-25,2025,2025,hard,Us Open,R64,6-2 6-4 6-2,92,57,84,40,87,ATP-2025-560-179,2025-560,5,0.9918446657867155,0.9535245651510528,0.9918446657867155,0.9726846154688842,0.9608567068563959,0.9734169926431289,both_later
atp:104925,atp:208260,2025-08-25,2025,2025,hard,Us Open,R64,6-7(5) 6-3 6-3 6-1,104,80,115,70,87,ATP-2025-560-180,2025-560,5,0.9960129332600449,0.9705523344522429,0.9960129332600449,0.9832826338561439,0.9754088387034536,0.9823366466727445,both_later
atp:111815,atp:207681,2025-08-25,2025,2025,hard,Us Open,R64,7-6(5) 6-3 6-7(0) 7-6(4),165,98,167,95,87,ATP-2025-560-181,2025-560,5,0.7039259729796643,0.64122673176686,0.7039259729796643,0.6725763523732622,0.640463352267869,0.6695247808139091,both_later
atp:126207,atp:102093,2025-08-25,2025,2025,hard,Us Open,R64,6-4 7-5 6-7(8) 7-5,123,100,142,100,87,ATP-2025-560-182,2025-560,5,0.6307654332653294,0.595514189807751,0.6307654332653294,0.6131398115365402,0.588314336962136,0.6125294972246695,both_later
atp:105526,atp:208029,2025-08-25,2025,2025,hard,Us Open,R64,7-6(5) 2-6 6-3 4-6 7-5,159,107,159,107,87,ATP-2025-560-183,2025-560,5,0.37584897413919915,0.4173634421727189,0.37584897413919915,0.39660620815595904,0.41626217883062294,0.3988643711098803,both_later
atp:200259,atp:210150,2025-08-25,2025,2025,hard,Us Open,R64,6-7(2) 7-6(5) 3-6 6-4 7-6(7),184,120,184,122,87,ATP-2025-560-184,2025-560,5,0.22218490699386745,0.2937137625877327,0.22218490699386745,0.25794933479080007,0.30252151865108506,0.2567592218826524,both_later
atp:207830,atp:211663,2025-08-25,2025,2025,hard,Us Open,R64,7-6(4) 6-2 6-3,93,69,79,54,87,ATP-2025-560-185,2025-560,5,0.3854767140943859,0.4280439426304547,0.3854767140943859,0.40676032836242026,0.42289246524980817,0.40593640404139497,both_later
atp:208843,atp:206909,2025-08-25,2025,2025,hard,Us Open,R64,4-6 7-6(2) 7-5 3-6 7-6(8),170,112,198,129,87,ATP-2025-560-186,2025-560,5,0.18849673050000348,0.2601464754348489,0.18849673050000348,0.2243216029674262,0.27424210515498615,0.22117848426129255,both_later
atp:126203,atp:144750,2025-08-25,2025,2025,hard,Us Open,R64,4-6 7-6(3) 6-2 6-4,135,89,147,84,87,ATP-2025-560-187,2025-560,5,0.8811191611186792,0.7853829722306989,0.8811191611186792,0.8332510666746891,0.791729293302837,0.8344106638672432,both_later
atp:210097,atp:105807,2025-08-25,2025,2025,hard,Us Open,R64,6-4 6-2 6-4,78,53,85,44,87,ATP-2025-560-188,2025-560,5,0.6776836982828912,0.6102837961550198,0.6776836982828912,0.6439837472189556,0.6213851239899943,0.6462419101728768,both_later
atp:105173,atp:111442,2025-08-25,2025,2025,hard,Us Open,R64,6-4 6-7(5) 6-3 6-3,127,88,134,84,87,ATP-2025-560-189,2025-560,5,0.22251897539482138,0.3195300579798596,0.22251897539482138,0.2710245166873405,0.3027933613609074,0.26885790088019984,both_later
atp:208103,atp:144869,2025-08-25,2025,2025,hard,Us Open,R64,3-6 6-0 6-2 6-4,88,63,114,63,87,ATP-2025-560-190,2025-560,5,0.5396007919414965,0.5201403722917303,0.5396007919414965,0.5298705821166134,0.5264312775531517,0.5334104051254629,both_later
atp:209920,atp:134770,2025-08-25,2025,2025,hard,Us Open,R64,6-4 3-6 3-6 6-4 7-5,161,95,140,90,87,ATP-2025-560-191,2025-560,5,0.006063210520635485,0.019987793713762587,0.006063210520635485,0.013025502117199037,0.032307255961891164,0.012994986401605506,both_later
atp:126127,atp:106218,2025-08-25,2025,2025,hard,Us Open,R64,2-6 4-6 7-5 6-3 6-4,163,101,153,96,87,ATP-2025-560-192,2025-560,5,0.560083682349066,0.5401586817210864,0.560083682349066,0.5501211820350762,0.5401635602221708,0.5484733333930256,both_later
atp:126239,atp:200221,2025-08-25,2025,2025,hard,Us Open,R64,6-4 3-6 2-6 6-2 6-3,132,83,130,83,87,ATP-2025-560-193,2025-560,5,0.42223376451649886,0.4486115349404943,0.42223376451649886,0.4354226497284966,0.44792119232896976,0.4417394028563575,both_later
atp:209260,atp:208118,2025-08-25,2025,2025,hard,Us Open,R64,6-0 7-6(3) 2-6 6-4,111,74,103,63,87,ATP-2025-560-194,2025-560,5,0.6677293844504877,0.6228562709795544,0.6677293844504877,0.6452928277150211,0.6142680795488071,0.6463913934763882,both_later
atp:207989,atp:208233,2025-08-25,2025,2025,hard,Us Open,R64,6-1 6-0 6-3,58,45,83,39,87,ATP-2025-560-195,2025-560,5,0.9836309212878023,0.9285016783643576,0.9836309212878023,0.9560662998260799,0.9388066538286582,0.9558221741013317,both_later
atp:206173,atp:200000,2025-08-25,2025,2025,hard,Us Open,SF,6-1 3-6 6-3 6-4,109,78,111,69,87,ATP-2025-560-224,2025-560,5,0.9752758345091921,0.9084223375038145,0.9752758345091921,0.9418490860065033,0.9205584872687991,0.9420932117312515,both_later
atp:207989,atp:104925,2025-08-25,2025,2025,hard,Us Open,SF,6-4 7-6(4) 6-2,89,63,93,55,87,ATP-2025-560-225,2025-560,5,0.5123954804231016,0.5072017088800732,0.5123954804231016,0.5097985946515874,0.508264594373108,0.5096155003580263,both_later
atp:122330,atp:208316,2025-09-17,2025,2025,hard,Hangzhou,F,7-6(4) 7-6(4),85,62,73,54,88,ATP-2025-4713-385,2025-4713,3,0.7305028268252997,0.5969179127250535,0.7305028268252997,0.6637103697751765,0.6603341078227993,0.6657854384355366,both_later
atp:200059,atp:106421,2025-09-17,2025,2025,hard,Hangzhou,QF,5-7 7-6(5) 6-4,114,75,111,75,88,ATP-2025-4713-379,2025-4713,3,0.15121682512414117,0.3575526396093988,0.15121682512414117,0.25438473236677,0.24047824208614407,0.2509059407891075,both_later
atp:122330,atp:207494,2025-09-17,2025,2025,hard,Hangzhou,QF,6-1 6-1,38,29,49,20,88,ATP-2025-4713-380,2025-4713,3,0.7103514852057108,0.5759231003967044,0.7103514852057108,0.6431372928012076,0.6452126030688017,0.648508058745669,both_later
atp:144895,atp:144869,2025-09-17,2025,2025,hard,Hangzhou,QF,3-6 3-0 RET,32,23,36,23,88,ATP-2025-4713-381,2025-4713,3,0.2925592996556927,0.42609093683246874,0.2925592996556927,0.35932511824408075,0.35694291781392634,0.3599049168403578,both_later
atp:208316,atp:210530,2025-09-17,2025,2025,hard,Hangzhou,QF,7-6(0) 4-6 6-2,107,68,96,56,88,ATP-2025-4713-382,2025-4713,3,0.28900185920481497,0.41418980775099173,0.28900185920481497,0.35159583347790335,0.3543075934334036,0.3508634563036586,both_later
atp:106421,atp:210460,2025-09-17,2025,2025,hard,Hangzhou,R16,6-2 6-3,48,34,52,27,88,ATP-2025-4713-371,2025-4713,3,0.9114297687161163,0.7231309124198962,0.9114297687161163,0.8172803405680062,0.825511710667286,0.8163343533846068,mixed_first_later
atp:200059,atp:200624,2025-09-17,2025,2025,hard,Hangzhou,R16,4-6 6-1 6-4,89,61,65,44,88,ATP-2025-4713-372,2025-4713,3,0.2587438789848351,0.4136405248703082,0.2587438789848351,0.33619220192757165,0.3314416991526939,0.3332321775149992,both_later
atp:122330,atp:126846,2025-09-17,2025,2025,hard,Hangzhou,R16,6-7(6) 6-4 6-4,91,70,109,73,88,ATP-2025-4713-373,2025-4713,3,0.5129965639828247,0.5011595971925542,0.5129965639828247,0.5070780805876894,0.5086654603761452,0.506589829138193,mixed_first_later
atp:207494,atp:111190,2025-09-17,2025,2025,hard,Hangzhou,R16,6-4 6-3,49,32,76,39,88,ATP-2025-4713-374,2025-4713,3,0.18443067799260543,0.3624961855355508,0.18443067799260543,0.2734634317640781,0.2706997630835677,0.27520282755290937,both_later
atp:144869,atp:208014,2025-09-17,2025,2025,hard,Hangzhou,R16,6-1 6-4,51,39,63,36,88,ATP-2025-4713-375,2025-4713,3,0.7679131424734156,0.5961855355508087,0.7679131424734156,0.6820493390121121,0.689484406876493,0.6844295648284076,both_later
atp:144895,atp:209070,2025-09-17,2025,2025,hard,Hangzhou,R16,6-7(1) 6-3 7-6(3),135,86,111,71,88,ATP-2025-4713-376,2025-4713,3,0.3092225662065353,0.4344522429050961,0.3092225662065353,0.3718374045558157,0.36915639547270723,0.37153224739988044,mixed_first_later
atp:210530,atp:206748,2025-09-17,2025,2025,hard,Hangzhou,R16,6-4 6-3,53,42,57,33,88,ATP-2025-4713-377,2025-4713,3,0.5156581124958308,0.5080561489166922,0.5156581124958308,0.5118571307062615,0.5104406382522941,0.5098430934770884,both_later
atp:208316,atp:126094,2025-09-17,2025,2025,hard,Hangzhou,R16,6-4 7-6(2),74,51,76,46,88,ATP-2025-4713-378,2025-4713,3,0.06086175509773659,0.23420811718034787,0.06086175509773659,0.14753493613904223,0.13892606646024677,0.14729081041429398,mixed_first_later
atp:210460,atp:105227,2025-09-17,2025,2025,hard,Hangzhou,R32,4-6 6-4 6-3,93,59,89,55,88,ATP-2025-4713-359,2025-4713,3,0.31038214957853416,0.427372596887397,0.31038214957853416,0.36887737323296554,0.36999874052722065,0.36869427893940443,both_first
atp:200624,atp:200443,2025-09-17,2025,2025,hard,Hangzhou,R32,7-5 6-3,62,43,64,38,88,ATP-2025-4713-360,2025-4713,3,0.8852137777194501,0.6878547451937748,0.8852137777194501,0.7865342614566124,0.7960583354305624,0.7858934314291484,both_first
atp:200059,atp:105173,2025-09-17,2025,2025,hard,Hangzhou,R32,4-6 7-6(5) 7-5,103,63,109,70,88,ATP-2025-4713-361,2025-4713,3,0.6537110233592793,0.5536466280134269,0.6537110233592793,0.6036788256863531,0.6043430652865842,0.6056318314843391,both_first
atp:126846,atp:105676,2025-09-17,2025,2025,hard,Hangzhou,R32,6-4 1-6 6-1,83,50,73,48,88,ATP-2025-4713-362,2025-4713,3,0.36032960404289177,0.45733902960024414,0.36032960404289177,0.40883431682156796,0.4054945206326378,0.4129539384266946,both_first
atp:111190,atp:207352,2025-09-17,2025,2025,hard,Hangzhou,R32,6-7(2) 6-4 7-6(3),115,82,106,76,88,ATP-2025-4713-363,2025-4713,3,0.4141638051711994,0.4678364357644187,0.4141638051711994,0.441000120467809,0.44245960823787595,0.44133579333933787,both_first
atp:207494,atp:126610,2025-09-17,2025,2025,hard,Hangzhou,R32,6-3 6-3,51,38,63,35,88,ATP-2025-4713-364,2025-4713,3,0.11211579841101542,0.307995117485505,0.11211579841101542,0.21005545794826022,0.20108298653160575,0.20868225074655136,both_first
atp:208014,atp:200116,2025-09-17,2025,2025,hard,Hangzhou,R32,7-6(2) 6-4,82,50,114,62,88,ATP-2025-4713-365,2025-4713,3,0.6607699707750144,0.5711626487641135,0.6607699707750144,0.615966309769564,0.6093271718960216,0.6094054309169549,both_first
atp:144869,atp:106000,2025-09-17,2025,2025,hard,Hangzhou,R32,6-2 6-4,46,34,52,27,88,ATP-2025-4713-366,2025-4713,3,0.8274888512184655,0.6395178516936222,0.8274888512184655,0.7335033514560438,0.7398692668155845,0.7317029242360256,both_first
atp:209070,atp:208286,2025-09-17,2025,2025,hard,Hangzhou,R32,6-4 3-6 7-5,90,62,98,64,88,ATP-2025-4713-367,2025-4713,3,0.5244335183080459,0.510924626182484,0.5244335183080459,0.5176790722452649,0.5162962228026836,0.5146885321170989,both_first
atp:210530,atp:208363,2025-09-17,2025,2025,hard,Hangzhou,R32,5-7 6-3 6-4,102,64,84,50,88,ATP-2025-4713-368,2025-4713,3,0.6302824765760048,0.5433323161428135,0.6302824765760048,0.5868073963594092,0.5879795587283079,0.5861665663319451,both_first
atp:206748,atp:111806,2025-09-17,2025,2025,hard,Hangzhou,R32,6-3 6-2,59,42,57,29,88,ATP-2025-4713-369,2025-4713,3,0.5906337767854531,0.5401586817210864,0.5906337767854531,0.5653962292532697,0.5607953733227282,0.5633516763085031,both_first
atp:208316,atp:206499,2025-09-17,2025,2025,hard,Hangzhou,R32,4-6 7-6(6) 6-3,90,65,124,75,88,ATP-2025-4713-370,2025-4713,3,0.3324226014282219,0.43048519987793715,0.3324226014282219,0.3814539006530795,0.38584012259261047,0.38270504499241426,both_first
atp:122330,atp:200059,2025-09-17,2025,2025,hard,Hangzhou,SF,6-3 6-3,45,37,55,32,88,ATP-2025-4713-383,2025-4713,3,0.38475732659897494,0.45965822398535244,0.38475732659897494,0.4222077752921637,0.42239826237785266,0.4216584924114801,both_later
atp:208316,atp:144895,2025-09-17,2025,2025,hard,Hangzhou,SF,6-3 6-2,52,37,52,29,88,ATP-2025-4713-384,2025-4713,3,0.299927964502788,0.42560268538297225,0.299927964502788,0.36276532494288016,0.36236964150396195,0.35501433318212333,both_later
atp:126214,atp:207518,2025-09-17,2025,2025,hard,Chengdu,F,6-3 2-6 7-6(5),123,76,81,59,88,ATP-2025-7581-385,2025-7581,3,0.4906891314711081,0.4947512969179127,0.4906891314711081,0.4927202141945104,0.49379235564811685,0.4938798113870646,both_later
atp:126214,atp:106331,2025-09-17,2025,2025,hard,Chengdu,QF,4-6 7-5 6-2,97,63,94,55,88,ATP-2025-7581-379,2025-7581,3,0.6103838812425324,0.5383277387854746,0.6103838812425324,0.5743558100140035,0.5742674964047809,0.5787500730594719,both_later
atp:206909,atp:106218,2025-09-17,2025,2025,hard,Chengdu,QF,6-3 2-6 7-6(3),94,61,84,57,88,ATP-2025-7581-380,2025-7581,3,0.5707047700441089,0.5207506866036009,0.5707047700441089,0.5457277283238549,0.5473125543087309,0.5451479297275779,both_later
atp:207686,atp:106121,2025-09-17,2025,2025,hard,Chengdu,QF,7-6(2) 3-6 6-2,76,60,106,69,88,ATP-2025-7581-381,2025-7581,3,0.640168077748057,0.545834604821483,0.640168077748057,0.59300134128477,0.594852549418882,0.5955036299634395,both_later
atp:207518,atp:105932,2025-09-17,2025,2025,hard,Chengdu,QF,6-3 6-3,53,36,57,32,88,ATP-2025-7581-382,2025-7581,3,0.863869763652786,0.6706438815990236,0.863869763652786,0.7672568226259048,0.7741462801000571,0.768019715515743,both_later
atp:126214,atp:209260,2025-09-17,2025,2025,hard,Chengdu,R16,6-4 6-3,69,48,56,36,88,ATP-2025-7581-371,2025-7581,3,0.8769226246836354,0.6710100701861459,0.8769226246836354,0.7739663474348906,0.7873575514410487,0.7762550261044054,mixed_first_later
atp:106331,atp:212044,2025-09-17,2025,2025,hard,Chengdu,R16,6-2 6-4,64,43,68,38,88,ATP-2025-7581-372,2025-7581,3,0.7296993203806984,0.593561184009765,0.7296993203806984,0.6616302521952317,0.6597241231271674,0.6576326934524792,both_later
atp:206909,atp:209992,2025-09-17,2025,2025,hard,Chengdu,R16,7-5 6-3,72,49,67,41,88,ATP-2025-7581-373,2025-7581,3,0.643040884289355,0.5512053707659444,0.643040884289355,0.5971231275276497,0.5968582397429267,0.5965433289313726,mixed_first_later
atp:106218,atp:132283,2025-09-17,2025,2025,hard,Chengdu,R16,6-4 6-4,62,45,67,42,88,ATP-2025-7581-374,2025-7581,3,0.576096827926682,0.5255111382361917,0.576096827926682,0.5508039830814369,0.5509509826858522,0.5491561344393863,both_later
atp:207686,atp:208659,2025-09-17,2025,2025,hard,Chengdu,R16,6-7(2) 7-6(5) 6-4,90,75,108,80,88,ATP-2025-7581-375,2025-7581,3,0.4747973292722955,0.49438510833079036,0.4747973292722955,0.48459121880154293,0.4831903057896487,0.482699244434744,both_later
atp:106121,atp:134868,2025-09-17,2025,2025,hard,Chengdu,R16,3-6 6-4 6-3,74,55,80,56,88,ATP-2025-7581-376,2025-7581,3,0.18690086130516298,0.37122368019530055,0.18690086130516298,0.27906227075023177,0.27285544472274464,0.2780857678512388,mixed_first_later
atp:105932,atp:111456,2025-09-17,2025,2025,hard,Chengdu,R16,6-2 7-6(4),60,44,87,50,88,ATP-2025-7581-377,2025-7581,3,0.18374741298163375,0.3615196826365578,0.18374741298163375,0.27263354780909577,0.27010146223306525,0.27251148494672167,both_later
atp:207518,atp:209976,2025-09-17,2025,2025,hard,Chengdu,R16,7-5 3-6 6-2,72,54,90,55,88,ATP-2025-7581-378,2025-7581,3,0.647952763365428,0.5611534940494355,0.647952763365428,0.6045531287074317,0.6002967270974366,0.5997011299280604,mixed_first_later
atp:126214,atp:111442,2025-09-17,2025,2025,hard,Chengdu,R32,6-4 6-3,58,43,50,32,88,ATP-2025-7581-359,2025-7581,3,0.4863197114737583,0.4987793713762588,0.4863197114737583,0.4925495414250085,0.4908785429185051,0.49102375564533196,both_first
atp:106331,atp:111460,2025-09-17,2025,2025,hard,Chengdu,R32,6-7(3) 6-3 6-4,88,65,93,63,88,ATP-2025-7581-360,2025-7581,3,0.5343671678490948,0.5122673176685993,0.5343671678490948,0.5233172427588471,0.5229315303301629,0.5240191042174982,both_first
atp:212044,atp:111815,2025-09-17,2025,2025,hard,Chengdu,R32,6-7(3) 6-4 7-6(2),120,81,115,78,88,ATP-2025-7581-361,2025-7581,3,0.14687172351415592,0.3346658529142508,0.14687172351415592,0.2407687882142034,0.2363311545398226,0.23890732956299798,both_first
atp:209992,atp:200267,2025-09-17,2025,2025,hard,Chengdu,R32,6-1 5-7 6-4,88,63,74,51,88,ATP-2025-7581-362,2025-7581,3,0.5384787627182605,0.5100091547146781,0.5384787627182605,0.5242439587164693,0.5256807135052706,0.5312625733029813,both_first
atp:106218,atp:210319,2025-09-17,2025,2025,hard,Chengdu,R32,7-5 6-4,68,50,62,40,88,ATP-2025-7581-363,2025-7581,3,0.9272932381862159,0.733811412877632,0.9272932381862159,0.8305523255319239,0.8451717780177231,0.8290570554678409,both_first
atp:132283,atp:207678,2025-09-17,2025,2025,hard,Chengdu,R32,4-6 6-3 6-1,86,58,79,48,88,ATP-2025-7581-364,2025-7581,3,0.7844609792314057,0.6196826365578273,0.7844609792314057,0.7020718078946164,0.7029189462027962,0.7018581978854618,both_first
atp:208659,atp:209209,2025-09-17,2025,2025,hard,Chengdu,R32,3-6 6-1 6-4,71,52,95,56,88,ATP-2025-7581-365,2025-7581,3,0.6103330880103063,0.5410131217577052,0.6103330880103063,0.5756731048840058,0.5742326851227335,0.57942653790201,both_first
atp:207686,atp:104792,2025-09-17,2025,2025,hard,Chengdu,R32,6-7(3) 6-3 1-0 RET,86,55,64,42,88,ATP-2025-7581-366,2025-7581,3,0.2376249172714406,0.3981995727799817,0.2376249172714406,0.31791224502571114,0.31493154331297807,0.31785121359452406,both_first
atp:106121,atp:209409,2025-09-17,2025,2025,hard,Chengdu,R32,6-3 6-2,50,35,67,34,88,ATP-2025-7581-367,2025-7581,3,0.6323046903826808,0.5520598108025633,0.6323046903826808,0.592182250592622,0.5893819948679854,0.5897409933451396,both_first
atp:105932,atp:126129,2025-09-17,2025,2025,hard,Chengdu,R32,7-6(5) 6-3,73,44,71,39,88,ATP-2025-7581-368,2025-7581,3,0.530537474307005,0.5114128776319805,0.530537474307005,0.5209751759694927,0.5203724012808315,0.5184423715752298,both_first
atp:111456,atp:122298,2025-09-17,2025,2025,hard,Chengdu,R32,6-4 3-6 6-3,88,57,78,51,88,ATP-2025-7581-369,2025-7581,3,0.524531692021555,0.505981080256332,0.524531692021555,0.5152563861389435,0.5163617592704642,0.5128761603226482,both_first
atp:209976,atp:209279,2025-09-17,2025,2025,hard,Chengdu,R32,6-4 6-3,53,37,61,36,88,ATP-2025-7581-370,2025-7581,3,0.6027433525690558,0.5403417760146475,0.6027433525690558,0.5715425642918517,0.5690409435795207,0.5728547400623735,both_first
atp:126214,atp:206909,2025-09-17,2025,2025,hard,Chengdu,SF,6-4 7-6(0),59,48,65,45,88,ATP-2025-7581-383,2025-7581,3,0.4412052993348761,0.48492523649679586,0.4412052993348761,0.463065267915836,0.46070257568566664,0.45806069055849696,both_later
atp:207518,atp:207686,2025-09-17,2025,2025,hard,Chengdu,SF,6-3 6-1,40,32,55,27,88,ATP-2025-7581-384,2025-7581,3,0.7245081267199498,0.570674397314617,0.7245081267199498,0.6475912620172835,0.6557977995666029,0.6520770722095324,both_later
atp:126203,atp:100644,2025-09-19,2025,2025,hard,Laver Cup,RR,6-3 7-6(4),64,49,65,40,88,ATP-2025-9210-389,2025-9210,3,0.39508142747652947,0.4668599328654257,0.39508142747652947,0.4309706801709776,0.42947307517670485,0.42794962432721806,unknown
atp:207989,atp:202103,2025-09-19,2025,2025,hard,Laver Cup,RR,6-2 6-1,53,35,46,18,88,ATP-2025-9210-390,2025-9210,3,0.9586163325666602,0.7645102227647238,0.9586163325666602,0.8615632776656921,0.8904230604678527,0.8622346234087497,unknown
atp:200282,atp:210150,2025-09-19,2025,2025,hard,Laver Cup,RR,6-3 6-4,64,46,60,36,88,ATP-2025-9210-391,2025-9210,3,0.779276916516674,0.6012511443393348,0.779276916516674,0.6902640304280043,0.6986698291389051,0.6888603075107019,unknown
atp:126203,atp:207989,2025-09-19,2025,2025,hard,Laver Cup,RR,6-3 6-2,51,38,43,24,88,ATP-2025-9210-392,2025-9210,3,0.3448510908379187,0.4494659749771132,0.3448510908379187,0.39715853290751596,0.39464385413005243,0.3910553897888098,unknown
atp:202103,atp:208029,2025-09-19,2025,2025,hard,Laver Cup,RR,6-3 7-6(5),84,53,66,40,88,ATP-2025-9210-393,2025-9210,3,0.27330042360371,0.4224900823924321,0.27330042360371,0.347895252998071,0.3425477648456633,0.34356202138378966,unknown
atp:200282,atp:100644,2025-09-19,2025,2025,hard,Laver Cup,RR,6-1 6-4,60,40,50,24,88,ATP-2025-9210-394,2025-9210,3,0.31846580524214485,0.44385108330790357,0.31846580524214485,0.3811584442750242,0.3758452420411841,0.37828996700923234,unknown
atp:211663,atp:207925,2025-09-19,2025,2025,hard,Laver Cup,RR,6-4 6-3,50,35,60,32,88,ATP-2025-9210-395,2025-9210,3,0.7848346636628558,0.6134574305767471,0.7848346636628558,0.6991460471198014,0.7032267259294149,0.7040590773303599,unknown
atp:210150,atp:210506,2025-09-19,2025,2025,hard,Laver Cup,RR,6-1 6-7(3) [10-8],58,41,72,40,88,ATP-2025-9210-396,2025-9210,3,0.5521618624119132,0.5224595666768386,0.5521618624119132,0.5373107145443758,0.5348449854582801,0.533862438682307,unknown
atp:134770,atp:124187,2025-09-19,2025,2025,hard,Laver Cup,RR,6-4 7-6(4),64,54,65,47,88,ATP-2025-9210-397,2025-9210,3,0.7124152639063659,0.5767165090021361,0.7124152639063659,0.644565886454251,0.646745084483285,0.6462747665274887,unknown
atp:207989,atp:126203,2025-09-24,2025,2025,hard,Tokyo,F,6-4 6-4,63,41,66,38,88,ATP-2025-0329-385,2025-0329,3,0.6549774643330009,0.5574916081782118,0.6549774643330009,0.6062345362556063,0.6052352949851978,0.6037932790081239,both_later
atp:126203,atp:200624,2025-09-24,2025,2025,hard,Tokyo,QF,6-3 6-7(5) 6-3,120,80,81,57,88,ATP-2025-0329-379,2025-0329,3,0.6689983134279726,0.5648153799206591,0.6689983134279726,0.6169068466743158,0.6151719897282146,0.6141299165553046,both_later
atp:202385,atp:208029,2025-09-24,2025,2025,hard,Tokyo,QF,6-3 6-3,62,39,58,32,88,ATP-2025-0329-380,2025-0329,3,0.36783718131223947,0.4527006408300275,0.36783718131223947,0.4102689110711335,0.41071645283671904,0.4058746480256651,both_later
atp:134770,atp:126846,2025-09-24,2025,2025,hard,Tokyo,QF,6-3 6-2,48,38,39,23,88,ATP-2025-0329-381,2025-0329,3,0.7371192846243477,0.5874580408910589,0.7371192846243477,0.6622886627577034,0.6653807771215294,0.6619529898861745,both_later
atp:207989,atp:206909,2025-09-24,2025,2025,hard,Tokyo,QF,6-2 6-4,45,37,64,37,88,ATP-2025-0329-382,2025-0329,3,0.8778763470203902,0.6783338419285933,0.8778763470203902,0.7781050944744917,0.7883454824809387,0.7750840386307322,both_later
atp:126203,atp:132686,2025-09-24,2025,2025,hard,Tokyo,R16,7-5 7-6(4),66,43,96,52,88,ATP-2025-0329-371,2025-0329,3,0.8661381379520877,0.6622825755263961,0.8661381379520877,0.764210356739242,0.7764025873087026,0.7667736768490985,both_later
atp:200624,atp:200647,2025-09-24,2025,2025,hard,Tokyo,R16,6-1 6-4,71,48,47,27,88,ATP-2025-0329-372,2025-0329,3,0.9466287980283248,0.772627403112603,0.9466287980283248,0.8596281005704639,0.8718136335684228,0.8575835476256973,both_later
atp:208029,atp:210319,2025-09-24,2025,2025,hard,Tokyo,R16,6-4 6-2,53,36,49,26,88,ATP-2025-0329-373,2025-0329,3,0.9612524008299914,0.7920353982300885,0.9612524008299914,0.87664389953004,0.8948039426928102,0.879115672493116,both_later
atp:202385,atp:209260,2025-09-24,2025,2025,hard,Tokyo,R16,7-6(7) 6-1,60,42,68,37,88,ATP-2025-0329-374,2025-0329,3,0.8753774700317475,0.6863289594140982,0.8753774700317475,0.7808532147229228,0.7857638155706397,0.7768556559801704,both_later
atp:126846,atp:127157,2025-09-24,2025,2025,hard,Tokyo,R16,6-4 6-2,50,37,57,33,88,ATP-2025-0329-375,2025-0329,3,0.6002214418829855,0.5339945071711931,0.6002214418829855,0.5671079745270893,0.5673200372015426,0.5684506660132047,both_later
atp:134770,atp:126610,2025-09-24,2025,2025,hard,Tokyo,R16,7-6(4) 6-2,57,44,64,42,88,ATP-2025-0329-376,2025-0329,3,0.47481388460336,0.4892584681110772,0.47481388460336,0.4820361763572186,0.48320135827322264,0.4846300121826687,both_later
atp:206909,atp:105916,2025-09-24,2025,2025,hard,Tokyo,R16,7-5 6-3,72,47,69,38,88,ATP-2025-0329-377,2025-0329,3,0.5913533317317644,0.5283796155019835,0.5913533317317644,0.5598664736168739,0.5612841142252509,0.5589204864334745,both_later
atp:207989,atp:200267,2025-09-24,2025,2025,hard,Tokyo,R16,6-4 6-3,60,34,52,26,88,ATP-2025-0329-378,2025-0329,3,0.9593018859369992,0.7712847116264876,0.9593018859369992,0.8652932987817434,0.8915510080296845,0.8658730973780204,both_later
atp:126203,atp:209113,2025-09-24,2025,2025,hard,Tokyo,R32,4-6 6-3 7-6(3),105,72,82,59,88,ATP-2025-0329-355,2025-0329,3,0.8684563565317412,0.6680195300579799,0.8684563565317412,0.7682379432948605,0.7787251268587208,0.7651253403043204,both_first
atp:132686,atp:133297,2025-09-24,2025,2025,hard,Tokyo,R32,2-6 6-4 6-1,82,51,84,46,88,ATP-2025-0329-356,2025-0329,3,0.5179488389475507,0.502990540128166,0.5179488389475507,0.5104696895378584,0.5119687496989156,0.5121785696110961,both_first
atp:200624,atp:106218,2025-09-24,2025,2025,hard,Tokyo,R32,4-6 6-3 7-6(4),108,71,97,64,88,ATP-2025-0329-357,2025-0329,3,0.6984490037022614,0.5800732377174245,0.6984490037022614,0.6392611207098429,0.6364406663450127,0.6334936504626656,both_first
atp:200647,atp:207830,2025-09-24,2025,2025,hard,Tokyo,R32,6-3 7-6(4),64,47,83,50,88,ATP-2025-0329-358,2025-0329,3,0.07451378931437183,0.26264876411351845,0.07451378931437183,0.16858127671394513,0.15715417954882283,0.16946623246615755,both_first
atp:208029,atp:209098,2025-09-24,2025,2025,hard,Tokyo,R32,7-6(7) 6-1,63,44,64,37,88,ATP-2025-0329-359,2025-0329,3,0.5121883511260242,0.5028074458346048,0.5121883511260242,0.5074978984803145,0.5081264617906547,0.5083828542325269,both_first
atp:210319,atp:210506,2025-09-24,2025,2025,hard,Tokyo,R32,7-5 6-2,55,41,66,38,88,ATP-2025-0329-360,2025-0329,3,0.06630989061843788,0.26313701556301494,0.06630989061843788,0.16472345309072642,0.14638955464854686,0.16383849733851402,both_first
atp:209260,atp:106415,2025-09-24,2025,2025,hard,Tokyo,R32,7-6(9) 6-3,73,52,80,49,88,ATP-2025-0329-361,2025-0329,3,0.18144967603642892,0.36310649984742144,0.18144967603642892,0.2722780879419252,0.2680828951446102,0.27597048952874237,both_first
atp:202385,atp:200005,2025-09-24,2025,2025,hard,Tokyo,R32,7-6(4) 6-3,69,47,68,41,88,ATP-2025-0329-362,2025-0329,3,0.2907488605781872,0.4166310649984742,0.2907488605781872,0.3536899627883307,0.35560304214894434,0.3585724772832956,both_first
atp:127157,atp:133430,2025-09-24,2025,2025,hard,Tokyo,R32,7-5 6-3,62,42,69,41,88,ATP-2025-0329-363,2025-0329,3,0.13346571909839428,0.3352151357949344,0.13346571909839428,0.23434042744666433,0.2232017358940436,0.23388269171276138,both_first
atp:126846,atp:106000,2025-09-24,2025,2025,hard,Tokyo,R32,6-4 3-6 6-3,80,56,74,51,88,ATP-2025-0329-364,2025-0329,3,0.6935878252143042,0.5699420201403723,0.6935878252143042,0.6317649226773383,0.6328890782592181,0.6343587585027883,both_first
atp:126610,atp:144719,2025-09-24,2025,2025,hard,Tokyo,R32,6-4 6-2,57,40,63,36,88,ATP-2025-0329-365,2025-0329,3,0.7527449052160239,0.5921574610924626,0.7527449052160239,0.6724511831542432,0.6774775964438787,0.6737938746403587,both_first
atp:134770,atp:208278,2025-09-24,2025,2025,hard,Tokyo,R32,4-6 6-1 6-1,63,43,79,38,88,ATP-2025-0329-366,2025-0329,3,0.8989110085157069,0.6904180653036314,0.8989110085157069,0.7946645369096692,0.8110409986061115,0.7965565112764681,both_first
atp:105916,atp:126207,2025-09-24,2025,2025,hard,Tokyo,R32,3-6 6-1 7-5,82,57,103,58,88,ATP-2025-0329-367,2025-0329,3,0.3639982674723844,0.45196826365578274,0.3639982674723844,0.4079832655640836,0.4080494371050145,0.407891718417303,both_first
atp:206909,atp:111442,2025-09-24,2025,2025,hard,Tokyo,R32,6-7(6) 7-6(4) 6-2,116,78,119,74,88,ATP-2025-0329-368,2025-0329,3,0.5482182956371525,0.5151357949343912,0.5482182956371525,0.5316770452857719,0.5322011107934486,0.5292357880382894,both_first
atp:200267,atp:126214,2025-09-24,2025,2025,hard,Tokyo,R32,1-6 7-6(2) 7-6(4),102,66,115,73,88,ATP-2025-0329-369,2025-0329,3,0.36925096855800504,0.45788831248092765,0.36925096855800504,0.4135696405194663,0.4116970341674804,0.4138137662442146,both_first
atp:207989,atp:202104,2025-09-24,2025,2025,hard,Tokyo,R32,6-4 6-2,56,36,54,30,88,ATP-2025-0329-370,2025-0329,3,0.9899554850458706,0.8643576441867562,0.9899554850458706,0.9271565646163134,0.955230355019662,0.9225792072772838,both_first
atp:126203,atp:202385,2025-09-24,2025,2025,hard,Tokyo,SF,6-4 6-3,62,46,58,37,88,ATP-2025-0329-383,2025-0329,3,0.8268973548584727,0.6443393347574,0.8268973548584727,0.7356183448079363,0.7393379824399724,0.7345502947621628,both_later
atp:207989,atp:134770,2025-09-24,2025,2025,hard,Tokyo,SF,3-6 6-3 6-4,80,56,90,59,88,ATP-2025-0329-384,2025-0329,3,0.8908096793735322,0.6744888617638084,0.8908096793735322,0.7826492705686703,0.8020821392242203,0.7855787792656492,both_later
atp:206173,atp:210530,2025-09-25,2025,2025,hard,Beijing,F,6-2 6-2,53,37,43,22,88,ATP-2025-0747-385,2025-0747,3,0.990417609240345,0.8649679584986268,0.990417609240345,0.927692783869486,0.9565670718622199,0.928730318199666,both_later
atp:106421,atp:100644,2025-09-25,2025,2025,hard,Beijing,QF,6-3 6-3,52,39,57,33,88,ATP-2025-0747-379,2025-0747,3,0.3340562996382642,0.44275251754653644,0.3340562996382642,0.38840440859240033,0.38700233624507563,0.392066294463624,both_later
atp:210530,atp:207518,2025-09-25,2025,2025,hard,Beijing,QF,4-6 6-3 3-0 RET,78,51,59,38,88,ATP-2025-0747-380,2025-0747,3,0.27807078317411277,0.42126945376869085,0.27807078317411277,0.34967011847140184,0.34614354824651583,0.349853212764963,both_later
atp:200282,atp:210150,2025-09-25,2025,2025,hard,Beijing,QF,4-1 RET,9,8,26,12,88,ATP-2025-0747-381,2025-0747,3,0.783971559488423,0.6059505645407385,0.783971559488423,0.6949610620145807,0.7025161495504855,0.6951136405925484,both_later
atp:206173,atp:206681,2025-09-25,2025,2025,hard,Beijing,QF,6-1 7-5,53,35,53,25,88,ATP-2025-0747-382,2025-0747,3,0.9753784122058031,0.8038754958803784,0.9753784122058031,0.8896269540430908,0.9207660608470073,0.8893523126027489,both_later
atp:100644,atp:144895,2025-09-25,2025,2025,hard,Beijing,R16,7-5 3-6 6-3,95,57,88,56,88,ATP-2025-0747-371,2025-0747,3,0.9733536526723465,0.8010680500457735,0.9733536526723465,0.88721085135906,0.9167304288382805,0.8867531156251571,both_later
atp:106421,atp:200221,2025-09-25,2025,2025,hard,Beijing,R16,6-3 6-3,56,32,60,27,88,ATP-2025-0747-372,2025-0747,3,0.8450898580126923,0.6445834604821483,0.8450898580126923,0.7448366592474203,0.7560354173785331,0.7411137419450096,both_later
atp:207518,atp:105173,2025-09-25,2025,2025,hard,Beijing,R16,6-3 6-3,52,37,51,26,88,ATP-2025-0747-373,2025-0747,3,0.7376356664361485,0.5808056148916693,0.7376356664361485,0.659220640663909,0.6657764636879493,0.6605633321500242,both_later
atp:210530,atp:207925,2025-09-25,2025,2025,hard,Beijing,R16,6-3 6-2,59,36,49,22,88,ATP-2025-0747-374,2025-0747,3,0.40629989345593365,0.47253585596582237,0.40629989345593365,0.439417874710878,0.43712086558046287,0.4384108560962915,both_later
atp:210150,atp:209070,2025-09-25,2025,2025,hard,Beijing,R16,6-3 2-6 6-4,81,51,88,52,88,ATP-2025-0747-375,2025-0747,3,0.5728697641796663,0.5247177296307598,0.5728697641796663,0.5487937469052131,0.5487726578523281,0.5510519098591343,both_later
atp:200282,atp:126239,2025-09-25,2025,2025,hard,Beijing,R16,6-3 3-6 7-6(2),83,65,97,67,88,ATP-2025-0747-376,2025-0747,3,0.860566046554477,0.6564845895636253,0.860566046554477,0.7585253180590512,0.7708881335262386,0.7552906522061369,both_later
atp:206681,atp:124186,2025-09-25,2025,2025,hard,Beijing,R16,6-3 7-6(5),74,50,67,40,88,ATP-2025-0747-377,2025-0747,3,0.6594541558878029,0.553707659444614,0.6594541558878029,0.6065809076662084,0.6083960653123396,0.6057874990607766,both_later
atp:206173,atp:209279,2025-09-25,2025,2025,hard,Beijing,R16,6-4 5-7 6-0,92,56,83,44,88,ATP-2025-0747-378,2025-0747,3,0.9918622418351919,0.8829111992676228,0.9918622418351919,0.9373867205514074,0.9609112116728223,0.9374477519825944,both_later
atp:100644,atp:132283,2025-09-25,2025,2025,hard,Beijing,R32,6-4 6-3,50,38,59,33,88,ATP-2025-0747-355,2025-0747,3,0.9166966534481105,0.7131827891364052,0.9166966534481105,0.8149397212922578,0.8318587974654206,0.8150312684390384,both_first
atp:144895,atp:134868,2025-09-25,2025,2025,hard,Beijing,R32,6-4 7-5,80,54,54,38,88,ATP-2025-0747-356,2025-0747,3,0.2540459331095381,0.40186145865120537,0.2540459331095381,0.3279536958803717,0.32781166930710204,0.3294184502288612,both_first
atp:200221,atp:200116,2025-09-25,2025,2025,hard,Beijing,R32,6-1 6-3,44,35,46,23,88,ATP-2025-0747-357,2025-0747,3,0.8695469330359601,0.6772352761672261,0.8695469330359601,0.7733911046015931,0.779823684922893,0.7700648916018983,both_first
atp:106421,atp:111815,2025-09-25,2025,2025,hard,Beijing,R32,6-3 6-4,43,30,61,30,88,ATP-2025-0747-358,2025-0747,3,0.7584330590254503,0.5939273725968874,0.7584330590254503,0.6761802158111689,0.6819480204933619,0.6721826570684164,both_first
atp:207518,atp:208659,2025-09-25,2025,2025,hard,Beijing,R32,7-6(3) 6-7(4) 6-4,111,81,98,72,88,ATP-2025-0747-359,2025-0747,3,0.6768117983886238,0.5622520598108026,0.6768117983886238,0.6195319290997132,0.6207592928150987,0.6181282061824107,both_first
atp:105173,atp:122330,2025-09-25,2025,2025,hard,Beijing,R32,6-3 6-2,45,35,44,23,88,ATP-2025-0747-360,2025-0747,3,0.4599568316456707,0.48864815379920656,0.4599568316456707,0.47430249272243863,0.4732727608819253,0.47225793977767205,both_first
atp:210530,atp:202103,2025-09-25,2025,2025,hard,Beijing,R32,4-6 6-3 6-4,93,55,89,50,88,ATP-2025-0747-361,2025-0747,3,0.40014029199934315,0.47656393042416845,0.40014029199934315,0.43835211121175577,0.4329266380892886,0.4364906525605504,both_first
atp:207925,atp:126094,2025-09-25,2025,2025,hard,Beijing,R32,7-6(3) 6-3,79,51,75,45,88,ATP-2025-0747-362,2025-0747,3,0.179900979471331,0.373664937442783,0.179900979471331,0.276782958457057,0.26671658366708195,0.2747994369434775,both_first
atp:210150,atp:200175,2025-09-25,2025,2025,hard,Beijing,R32,7-5 6-4,88,51,75,42,88,ATP-2025-0747-363,2025-0747,3,0.6027893180154744,0.5392432102532805,0.6027893180154744,0.5710162641343774,0.5690723284887885,0.5684224283089273,both_first
atp:209070,atp:209992,2025-09-25,2025,2025,hard,Beijing,R32,0-6 7-6(5) 7-5,110,65,84,58,88,ATP-2025-0747-364,2025-0747,3,0.5518984904318927,0.5150747635032041,0.5518984904318927,0.5334866269675484,0.5346683397445939,0.5337917841234837,both_first
atp:126239,atp:105676,2025-09-25,2025,2025,hard,Beijing,R32,6-4 3-6 6-4,100,64,75,53,88,ATP-2025-0747-365,2025-0747,3,0.46339266102560384,0.48779371376258773,0.46339266102560384,0.4755931873940958,0.47557082648155097,0.4762340174215599,both_first
atp:200282,atp:207352,2025-09-25,2025,2025,hard,Beijing,R32,6-4 6-0,51,35,57,29,88,ATP-2025-0747-366,2025-0747,3,0.7589453443054698,0.5968568812938664,0.7589453443054698,0.6779011127996681,0.6823524864343661,0.676802547038301,both_first
atp:124186,atp:111575,2025-09-25,2025,2025,hard,Beijing,R32,4-6 7-6(5) 6-4,108,72,106,69,88,ATP-2025-0747-367,2025-0747,3,0.152333905425954,0.35694232529752823,0.152333905425954,0.25463811536174114,0.24153639860978843,0.2539057381874964,both_first
atp:206681,atp:126127,2025-09-25,2025,2025,hard,Beijing,R32,7-6(1) 6-3,59,45,78,47,88,ATP-2025-0747-368,2025-0747,3,0.40387098922170855,0.4633811412877632,0.40387098922170855,0.4336260652547359,0.4354683311244639,0.4365860896673084,both_first
atp:209279,atp:111190,2025-09-25,2025,2025,hard,Beijing,R32,6-4 6-2,48,39,63,37,88,ATP-2025-0747-369,2025-0747,3,0.30370124333231124,0.4329874885566066,0.30370124333231124,0.36834436594445896,0.3651324491739757,0.3667270330180018,both_first
atp:206173,atp:105227,2025-09-25,2025,2025,hard,Beijing,R32,6-2 6-2,47,34,53,25,88,ATP-2025-0747-370,2025-0747,3,0.9598556998012115,0.7797070491303021,0.9598556998012115,0.8697813744657568,0.8924679501821081,0.8673096015026809,both_first
atp:210530,atp:106421,2025-09-25,2025,2025,hard,Beijing,SF,5-7 7-5 4-0 RET,103,56,80,42,88,ATP-2025-0747-383,2025-0747,3,0.07139622225545263,0.28230088495575223,0.07139622225545263,0.17684855360560242,0.15312591628084446,0.1778250565045954,both_later
atp:206173,atp:200282,2025-09-25,2025,2025,hard,Beijing,SF,6-3 4-6 6-2,96,66,77,46,88,ATP-2025-0747-384,2025-0747,3,0.8535899194666233,0.6476350320415014,0.8535899194666233,0.7506124757540624,0.7641124261543224,0.746798011304871,both_later
atp:200473,atp:126239,2025-10-01,2025,2025,hard,Shanghai Masters,F,4-6 6-3 6-3,72,55,89,57,88,ATP-2025-5014-369,2025-5014,3,0.29164023452002913,0.41357949343912115,0.29164023452002913,0.35260986397957517,0.356263063342918,0.35236573825482687,both_later
atp:200473,atp:208029,2025-10-01,2025,2025,hard,Shanghai Masters,QF,2-6 7-6(4) 6-4,121,73,98,62,88,ATP-2025-5014-363,2025-5014,3,0.1595596072278626,0.3244736039060116,0.1595596072278626,0.2420166055669371,0.24830509641956486,0.24049081978726056,both_later
atp:104925,atp:200267,2025-10-01,2025,2025,hard,Shanghai Masters,QF,6-3 7-5,67,47,64,39,88,ATP-2025-5014-364,2025-5014,3,0.9501239968983493,0.7579798596277083,0.9501239968983493,0.8540519282630288,0.8770408813159387,0.8507562309789274,both_later
atp:126239,atp:200000,2025-10-01,2025,2025,hard,Shanghai Masters,QF,6-3 6-4,54,42,57,36,88,ATP-2025-5014-365,2025-5014,3,0.36333855630982304,0.45160207506866035,0.36333855630982304,0.4074703156892417,0.4075904549477004,0.40737876854246113,both_later
atp:106421,atp:200282,2025-10-01,2025,2025,hard,Shanghai Masters,QF,6-4 6-4,69,47,71,42,88,ATP-2025-5014-366,2025-5014,3,0.5199699171797579,0.5161733292645713,0.5199699171797579,0.5180716232221646,0.5133172135882832,0.5142876744885667,both_later
atp:127157,atp:209262,2025-10-01,2025,2025,hard,Shanghai Masters,R128,6-3 6-4,48,40,59,36,88,ATP-2025-5014-275,2025-5014,3,0.404874896053473,0.4620994812328349,0.404874896053473,0.43348718864315394,0.4361515632973385,0.435501225872327,both_first
atp:202385,atp:208389,2025-10-01,2025,2025,hard,Shanghai Masters,R128,7-6(2) 6-1,54,44,68,41,88,ATP-2025-5014-276,2025-5014,3,0.8351507231156279,0.6738175160207507,0.8351507231156279,0.7544841195681893,0.7468194190499612,0.7484114921650766,both_first
atp:208233,atp:200443,2025-10-01,2025,2025,hard,Shanghai Masters,R128,7-6(6) 6-1,58,45,54,37,88,ATP-2025-5014-277,2025-5014,3,0.6401616955463346,0.5551724137931034,0.6401616955463346,0.597667054669719,0.5948480979117164,0.5950427031286754,both_first
atp:200473,atp:111513,2025-10-01,2025,2025,hard,Shanghai Masters,R128,6-3 6-4,55,40,61,37,88,ATP-2025-5014-278,2025-5014,3,0.34999542864851174,0.43371986573085136,0.34999542864851174,0.3918576471896815,0.39826340264918375,0.39301724438223573,both_first
atp:202104,atp:111190,2025-10-01,2025,2025,hard,Shanghai Masters,R128,2-6 6-3 6-4,88,52,84,51,88,ATP-2025-5014-279,2025-5014,3,0.2381128989590561,0.3967958498626793,0.2381128989590561,0.3174543744108677,0.3153188360020147,0.32276410892414203,both_first
atp:111442,atp:200416,2025-10-01,2025,2025,hard,Shanghai Masters,R128,4-6 6-3 6-4,89,63,78,53,88,ATP-2025-5014-280,2025-5014,3,0.9786145718410404,0.8885260909368324,0.9786145718410404,0.9335703313889364,0.9275030822752085,0.9340585828384329,both_first
atp:208134,atp:124116,2025-10-01,2025,2025,hard,Shanghai Masters,R128,3-6 6-3 6-2,81,56,78,52,88,ATP-2025-5014-281,2025-5014,3,0.2799798949262627,0.41437290204455296,0.2799798949262627,0.3471763984854078,0.34757685086114715,0.3496176557328903,both_first
atp:206681,atp:104527,2025-10-01,2025,2025,hard,Shanghai Masters,R128,6-1 4-6 6-4,80,55,75,47,88,ATP-2025-5014-282,2025-5014,3,0.5953876526866245,0.5270369240158682,0.5953876526866245,0.5612122883512464,0.5640270913305426,0.5640502499014447,both_first
atp:105227,atp:105932,2025-10-01,2025,2025,hard,Shanghai Masters,R128,6-3 7-6(5),63,49,63,43,88,ATP-2025-5014-283,2025-5014,3,0.8418167671335602,0.6633811412877632,0.8418167671335602,0.7525989542106617,0.7529743292201376,0.7475638611377291,both_first
atp:105870,atp:132283,2025-10-01,2025,2025,hard,Shanghai Masters,R128,2-6 6-3 6-1,71,47,66,39,88,ATP-2025-5014-284,2025-5014,3,0.3675488934425597,0.4476960634726884,0.3675488934425597,0.40762247845762406,0.4105163947571393,0.4093618742464553,both_first
atp:144719,atp:105916,2025-10-01,2025,2025,hard,Shanghai Masters,R128,4-6 7-5 6-1,93,66,85,54,88,ATP-2025-5014-285,2025-5014,3,0.3477271060844299,0.4534330180042722,0.3477271060844299,0.40058006204435104,0.3966691042696986,0.3981693205124621,both_first
atp:106415,atp:207686,2025-10-01,2025,2025,hard,Shanghai Masters,R128,6-1 6-2,65,42,46,23,88,ATP-2025-5014-286,2025-5014,3,0.5994887970746233,0.5337503814464449,0.5994887970746233,0.5666195892605341,0.5668204711348345,0.5666806206917212,both_first
atp:200267,atp:200624,2025-10-01,2025,2025,hard,Shanghai Masters,R128,6-4 7-5,63,42,68,38,88,ATP-2025-5014-287,2025-5014,3,0.2095989348456145,0.37976808056148914,0.2095989348456145,0.29468350770355184,0.29216414980165667,0.29871158216189786,both_first
atp:105173,atp:126610,2025-10-01,2025,2025,hard,Shanghai Masters,R128,7-5 7-6(5),62,53,77,53,88,ATP-2025-5014-288,2025-5014,3,0.2262890890845706,0.40057979859627707,0.2262890890845706,0.31343444384042385,0.3058507031668279,0.31026080941869666,both_first
atp:126127,atp:124187,2025-10-01,2025,2025,hard,Shanghai Masters,R128,7-6(2) 6-4,65,49,71,45,88,ATP-2025-5014-289,2025-5014,3,0.6901920023628607,0.5729935916997254,0.6901920023628607,0.6315927970312931,0.6304182172741305,0.6328439413706277,both_first
atp:105676,atp:124186,2025-10-01,2025,2025,hard,Shanghai Masters,R128,6-7(6) 6-1 6-1,84,58,82,46,88,ATP-2025-5014-290,2025-5014,3,0.6533536628969763,0.5512053707659444,0.6533536628969763,0.6022795168314603,0.6040914509088445,0.601455592510435,both_first
atp:207681,atp:200259,2025-10-01,2025,2025,hard,Shanghai Masters,R128,6-4 6-2,56,39,55,30,88,ATP-2025-5014-291,2025-5014,3,0.6252934957994694,0.5496185535550808,0.6252934957994694,0.5874560246772751,0.5845270087935094,0.5906296590990023,both_first
atp:207352,atp:207678,2025-10-01,2025,2025,hard,Shanghai Masters,R128,6-3 6-7(5) 6-3,117,79,97,65,88,ATP-2025-5014-292,2025-5014,3,0.8727437266631362,0.6803478791577663,0.8727437266631362,0.7765458029104513,0.7830663701776498,0.7764542557636707,both_first
atp:207411,atp:212044,2025-10-01,2025,2025,hard,Shanghai Masters,R128,6-7(1) 6-2 7-6(3),104,72,97,66,88,ATP-2025-5014-293,2025-5014,3,0.5098479835634496,0.5011595971925542,0.5098479835634496,0.505503790378002,0.50656579409973,0.5045272874790089,both_first
atp:126214,atp:106218,2025-10-01,2025,2025,hard,Shanghai Masters,R128,6-4 6-3,58,43,50,32,88,ATP-2025-5014-294,2025-5014,3,0.511985540024305,0.49847421422032345,0.511985540024305,0.5052298771223143,0.5079912104748072,0.5087086686999767,both_first
atp:111460,atp:111456,2025-10-01,2025,2025,hard,Shanghai Masters,R128,6-3 6-2,51,38,46,28,88,ATP-2025-5014-295,2025-5014,3,0.4230676347822022,0.4746109246261825,0.4230676347822022,0.44883927970419235,0.44848462384369386,0.44899185828216004,both_first
atp:106331,atp:106000,2025-10-01,2025,2025,hard,Shanghai Masters,R128,6-2 6-4,70,47,62,35,88,ATP-2025-5014-296,2025-5014,3,0.7609312344282048,0.6055233445224291,0.7609312344282048,0.6832272894753169,0.683923365181423,0.6846920438238064,both_first
atp:126239,atp:209098,2025-10-01,2025,2025,hard,Shanghai Masters,R128,6-7(3) 1-0 RET,46,30,68,40,88,ATP-2025-5014-297,2025-5014,3,0.3250312230161007,0.4321330485199878,0.3250312230161007,0.3785821357680442,0.38056201206840734,0.37760563286905124,both_first
atp:208316,atp:208363,2025-10-01,2025,2025,hard,Shanghai Masters,R128,3-6 6-4 6-4,91,58,82,48,88,ATP-2025-5014-298,2025-5014,3,0.3888660110654403,0.45251754653646625,0.3888660110654403,0.42069177880095326,0.4252183095707278,0.4228278788925004,both_first
atp:200116,atp:209279,2025-10-01,2025,2025,hard,Shanghai Masters,R128,4-4 RET,26,16,27,15,88,ATP-2025-5014-299,2025-5014,3,0.29442321113315734,0.42255111382361915,0.29442321113315734,0.35848716247838824,0.35831962600056183,0.35424547801088746,both_first
atp:111794,atp:210319,2025-10-01,2025,2025,hard,Shanghai Masters,R128,6-3 6-4,47,40,51,33,88,ATP-2025-5014-300,2025-5014,3,0.8150604426285195,0.6517851693622215,0.8150604426285195,0.7334228059953705,0.7288552112907876,0.7305238130139851,both_first
atp:132686,atp:122298,2025-10-01,2025,2025,hard,Shanghai Masters,R128,7-6(5) 7-6(5),90,58,80,56,88,ATP-2025-5014-301,2025-5014,3,0.5161080526779753,0.5087885260909368,0.5161080526779753,0.5124482893844561,0.5107407666637072,0.5096408435498513,both_first
atp:209992,atp:206499,2025-10-01,2025,2025,hard,Shanghai Masters,R128,6-4 3-6 6-3,77,54,84,56,88,ATP-2025-5014-302,2025-5014,3,0.6448579271261708,0.542844064693317,0.6448579271261708,0.593850995909744,0.5981288634039673,0.5950105931022982,both_first
atp:207494,atp:200059,2025-10-01,2025,2025,hard,Shanghai Masters,R128,7-5 0-0 RET,31,20,40,20,88,ATP-2025-5014-303,2025-5014,3,0.20424091302476308,0.36988098870918523,0.20424091302476308,0.28706095086697414,0.28768293772330383,0.2886782837934313,both_first
atp:208286,atp:210536,2025-10-01,2025,2025,hard,Shanghai Masters,R128,7-6(3) 6-4,66,44,72,45,88,ATP-2025-5014-304,2025-5014,3,0.8160545503256756,0.6484894720781202,0.8160545503256756,0.7322720112018979,0.7297250357158078,0.729403533936106,both_first
atp:209070,atp:124079,2025-10-01,2025,2025,hard,Shanghai Masters,R128,6-3 3-6 7-5,78,57,114,68,88,ATP-2025-5014-305,2025-5014,3,0.7899468371128449,0.6085138846505951,0.7899468371128449,0.69923036088172,0.7074579953893537,0.7055471140095808,both_first
atp:210530,atp:200175,2025-10-01,2025,2025,hard,Shanghai Masters,R128,4-6 6-3 6-4,84,59,95,58,88,ATP-2025-5014-306,2025-5014,3,0.3602244380785261,0.4553860238022582,0.3602244380785261,0.4078052309403921,0.40542119027531376,0.4083850295366692,both_first
atp:200473,atp:134868,2025-10-01,2025,2025,hard,Shanghai Masters,R16,4-6 7-6(1) 6-4,103,72,81,62,88,ATP-2025-5014-355,2025-5014,3,0.22082839567321785,0.35828501678364355,0.22082839567321785,0.2895567062284307,0.30141609662306595,0.28873278190740537,both_later
atp:208029,atp:208659,2025-10-01,2025,2025,hard,Shanghai Masters,R16,6-4 6-7(7) 6-3,93,72,96,66,88,ATP-2025-5014-356,2025-5014,3,0.7346831854071123,0.6058895331095514,0.7346831854071123,0.6702863592583319,0.6635176632744552,0.6636949646901292,both_later
atp:104925,atp:144719,2025-10-01,2025,2025,hard,Shanghai Masters,R16,6-3 5-7 6-2,84,60,86,55,88,ATP-2025-5014-357,2025-5014,3,0.968502735356331,0.7860543179737565,0.968502735356331,0.8772785266650438,0.9075348710102512,0.8777362623989466,both_later
atp:200267,atp:209113,2025-10-01,2025,2025,hard,Shanghai Masters,R16,3-6 7-5 7-6(8),101,68,100,67,88,ATP-2025-5014-358,2025-5014,3,0.44205328982152253,0.4851693622215441,0.44205328982152253,0.4636113260215333,0.46127222457845096,0.4626653388381339,both_later
atp:200000,atp:207518,2025-10-01,2025,2025,hard,Shanghai Masters,R16,6-4 6-2,53,38,58,34,88,ATP-2025-5014-359,2025-5014,3,0.543563557935443,0.5161733292645713,0.543563557935443,0.5298684436000072,0.5290833301390385,0.5293801921505106,both_later
atp:126239,atp:208103,2025-10-01,2025,2025,hard,Shanghai Masters,R16,6-3 7-6(5),56,49,65,45,88,ATP-2025-5014-360,2025-5014,3,0.4102439157626981,0.46978944156240465,0.4102439157626981,0.44001667866255134,0.4398005816913357,0.43910120719474544,both_later
atp:200282,atp:132686,2025-10-01,2025,2025,hard,Shanghai Masters,R16,7-5 6-2,54,43,86,47,88,ATP-2025-5014-361,2025-5014,3,0.8523584703800425,0.6454989319499542,0.8523584703800425,0.7489287011649983,0.7629304458960827,0.7546656556965822,both_later
atp:106421,atp:210530,2025-10-01,2025,2025,hard,Shanghai Masters,R16,7-6(6) 6-7(1) 6-4,111,69,114,71,88,ATP-2025-5014-362,2025-5014,3,0.9218926979313375,0.7155019835215136,0.9218926979313375,0.8186973407264255,0.8382905463605446,0.8161645363321626,both_later
atp:134868,atp:206173,2025-10-01,2025,2025,hard,Shanghai Masters,R32,6-7(3) 7-5 3-2 RET,99,68,79,59,88,ATP-2025-5014-339,2025-5014,3,0.05834729214765823,0.24708574916081782,0.05834729214765823,0.15271652065423802,0.13538648613392257,0.15463901073663044,both_later
atp:200473,atp:207830,2025-10-01,2025,2025,hard,Shanghai Masters,R32,6-0 3-1 RET,26,22,52,23,88,ATP-2025-5014-340,2025-5014,3,0.15685829102928597,0.32612145254806224,0.15685829102928597,0.2414898717886741,0.24578972127567975,0.23675993587167687,both_later
atp:208029,atp:200005,2025-10-01,2025,2025,hard,Shanghai Masters,R32,6-4 6-4,52,39,54,34,88,ATP-2025-5014-341,2025-5014,3,0.42004415495222086,0.479066219102838,0.42004415495222086,0.4495551870275294,0.4464409171920154,0.4479988855322593,both_later
atp:208659,atp:126203,2025-10-01,2025,2025,hard,Shanghai Masters,R32,6-4 7-5,57,45,61,44,88,ATP-2025-5014-342,2025-5014,3,0.1367018122676677,0.3098260604211169,0.1367018122676677,0.2232639363443923,0.22641976160365934,0.2183203904182403,both_later
atp:104925,atp:105870,2025-10-01,2025,2025,hard,Shanghai Masters,R32,4-6 7-5 6-3,89,66,87,58,88,ATP-2025-5014-343,2025-5014,3,0.9708470254365075,0.8006408300274641,0.9708470254365075,0.8857439277319858,0.9119013528156823,0.8873307449428494,both_later
atp:144719,atp:106415,2025-10-01,2025,2025,hard,Shanghai Masters,R32,6-4 5-7 6-1,98,65,74,43,88,ATP-2025-5014-344,2025-5014,3,0.43773920699281743,0.48108025633201096,0.43773920699281743,0.45940973166241417,0.4583728332834912,0.45767033587358297,both_later
atp:200267,atp:202103,2025-10-01,2025,2025,hard,Shanghai Masters,R32,7-6(1) 6-3,76,49,80,44,88,ATP-2025-5014-345,2025-5014,3,0.48279274827354796,0.5006713457430577,0.48279274827354796,0.49173204700830286,0.4885259815965795,0.48886356974251094,both_later
atp:209113,atp:105676,2025-10-01,2025,2025,hard,Shanghai Masters,R32,3-0 RET,10,8,8,3,88,ATP-2025-5014-346,2025-5014,3,0.4861488343536882,0.49664327128471164,0.4861488343536882,0.49139605281919996,0.49076457684127284,0.4881308712506921,both_later
atp:207518,atp:209260,2025-10-01,2025,2025,hard,Shanghai Masters,R32,7-5 7-6(1),87,56,77,46,88,ATP-2025-5014-347,2025-5014,3,0.892702154829934,0.685108330790357,0.892702154829934,0.7889052428101455,0.8041488751451927,0.7896071042687967,both_later
atp:200000,atp:207411,2025-10-01,2025,2025,hard,Shanghai Masters,R32,6-4 7-5,63,45,57,38,88,ATP-2025-5014-348,2025-5014,3,0.8333579569799908,0.6514189807750992,0.8333579569799908,0.7423884688775451,0.745181599298539,0.7420222802904226,both_later
atp:208103,atp:133430,2025-10-01,2025,2025,hard,Shanghai Masters,R32,6-4 6-4,56,38,75,41,88,ATP-2025-5014-349,2025-5014,3,0.3650676293317421,0.45367714372902046,0.3650676293317421,0.40937238653038127,0.40879301185422806,0.41153900233752194,both_later
atp:126239,atp:100644,2025-10-01,2025,2025,hard,Shanghai Masters,R32,4-6 6-3 6-2,78,58,71,46,88,ATP-2025-5014-350,2025-5014,3,0.09002928866392768,0.2888312480927678,0.09002928866392768,0.18943026837834773,0.17621787744704392,0.1875993254427359,both_later
atp:200282,atp:111794,2025-10-01,2025,2025,hard,Shanghai Masters,R32,6-1 7-5,45,34,75,38,88,ATP-2025-5014-351,2025-5014,3,0.9038339471199203,0.705981080256332,0.9038339471199203,0.8049075136881261,0.8166348938761776,0.8060365951650867,both_later
atp:132686,atp:209992,2025-10-01,2025,2025,hard,Shanghai Masters,R32,7-6(5) 4-6 6-3,101,68,93,62,88,ATP-2025-5014-352,2025-5014,3,0.5100769488837257,0.4991455599633811,0.5100769488837257,0.5046112544235534,0.5067184713241046,0.5061675559188235,both_later
atp:106421,atp:200221,2025-10-01,2025,2025,hard,Shanghai Masters,R32,6-3 7-6(5),61,48,80,49,88,ATP-2025-5014-353,2025-5014,3,0.8367676270764267,0.636283185840708,0.8367676270764267,0.7365254064585673,0.7483028279851188,0.7347860106697361,both_later
atp:210530,atp:111815,2025-10-01,2025,2025,hard,Shanghai Masters,R32,7-6(4) 6-3,74,47,69,38,88,ATP-2025-5014-354,2025-5014,3,0.24198554962503108,0.4043637473298749,0.24198554962503108,0.323174648477453,0.3183822544374467,0.3210995798170929,both_later
atp:206173,atp:127157,2025-10-01,2025,2025,hard,Shanghai Masters,R64,6-3 6-3,54,39,61,35,88,ATP-2025-5014-307,2025-5014,3,0.9914155647210725,0.883155324992371,0.9914155647210725,0.9372854448567218,0.9595392964222517,0.9372244134255348,mixed_first_later
atp:134868,atp:202385,2025-10-01,2025,2025,hard,Shanghai Masters,R64,6-1 1-6 6-1,67,42,60,31,88,ATP-2025-5014-308,2025-5014,3,0.5312481480822625,0.5083613060726274,0.5312481480822625,0.519804727077445,0.5208471913541175,0.524290537269694,mixed_first_later
atp:207830,atp:208233,2025-10-01,2025,2025,hard,Shanghai Masters,R64,6-3 6-4,70,47,88,51,88,ATP-2025-5014-309,2025-5014,3,0.7436654557054756,0.5927677754043332,0.7436654557054756,0.6682166155549044,0.6704170501863074,0.6673011440870985,mixed_first_later
atp:200473,atp:122330,2025-10-01,2025,2025,hard,Shanghai Masters,R64,3-6 6-3 6-4,83,59,80,56,88,ATP-2025-5014-310,2025-5014,3,0.3473638039886688,0.43634421727189504,0.3473638039886688,0.3918540106302819,0.39641351020209514,0.38990100483229595,mixed_first_later
atp:208029,atp:202104,2025-10-01,2025,2025,hard,Shanghai Masters,R64,7-5 6-4,68,41,71,38,88,ATP-2025-5014-311,2025-5014,3,0.8736804935001332,0.6670430271589869,0.8736804935001332,0.77036176032956,0.7840230703699966,0.7712162003661789,mixed_first_later
atp:200005,atp:111442,2025-10-01,2025,2025,hard,Shanghai Masters,R64,6-3 7-6(4),71,51,75,47,88,ATP-2025-5014-312,2025-5014,3,0.6835563714325494,0.5634726884345438,0.6835563714325494,0.6235145299335466,0.6256131701329921,0.6256506300250937,mixed_first_later
atp:208659,atp:208134,2025-10-01,2025,2025,hard,Shanghai Masters,R64,6-3 7-6(4),76,54,65,41,88,ATP-2025-5014-313,2025-5014,3,0.682103608512941,0.5707354287458041,0.682103608512941,0.6264195186293726,0.6245651512574049,0.6237951670883289,mixed_first_later
atp:126203,atp:206681,2025-10-01,2025,2025,hard,Shanghai Masters,R64,2-6 7-6(4) 7-6(1),93,70,109,76,88,ATP-2025-5014-314,2025-5014,3,0.8502202011845811,0.656240463838877,0.8502202011845811,0.7532303325117291,0.7608877576903894,0.7512162952825561,mixed_first_later
atp:104925,atp:105227,2025-10-01,2025,2025,hard,Shanghai Masters,R64,7-6(2) 6-4,73,55,56,41,88,ATP-2025-5014-315,2025-5014,3,0.9016395300629758,0.6991455599633811,0.9016395300629758,0.8003925450131785,0.8141266689044974,0.8026812236826932,mixed_first_later
atp:105870,atp:126207,2025-10-01,2025,2025,hard,Shanghai Masters,R64,6-7(9) 6-2 6-1,96,65,98,58,88,ATP-2025-5014-316,2025-5014,3,0.19821166109444224,0.3821483063777846,0.19821166109444224,0.2901799837361134,0.282585462745514,0.2881964622225339,mixed_first_later
atp:144719,atp:207925,2025-10-01,2025,2025,hard,Shanghai Masters,R64,7-5 6-1,53,41,61,36,88,ATP-2025-5014-317,2025-5014,3,0.43684734605556047,0.4804089105889533,0.43684734605556047,0.45862812832225686,0.4577730055786697,0.4570718268269868,mixed_first_later
atp:106415,atp:126094,2025-10-01,2025,2025,hard,Shanghai Masters,R64,2-6 6-1 6-4,74,52,65,43,88,ATP-2025-5014-318,2025-5014,3,0.1884064744991904,0.3808056148916692,0.1884064744991904,0.2846060446954298,0.2741638058513959,0.28265303889744386,mixed_first_later
atp:200267,atp:134770,2025-10-01,2025,2025,hard,Shanghai Masters,R64,3-6 7-5 4-1 RET,67,51,84,54,88,ATP-2025-5014-319,2025-5014,3,0.31433055292592427,0.43219407995117487,0.31433055292592427,0.37326231643854957,0.3728599490531707,0.37393366218160723,mixed_first_later
atp:202103,atp:105173,2025-10-01,2025,2025,hard,Shanghai Masters,R64,7-6(3) 7-6(4),82,56,89,56,88,ATP-2025-5014-320,2025-5014,3,0.6105180098004441,0.5340555386023802,0.6105180098004441,0.5722867742014122,0.5743594261349867,0.5746670000177077,mixed_first_later
atp:209113,atp:126127,2025-10-01,2025,2025,hard,Shanghai Masters,R64,6-4 6-4,49,40,61,38,88,ATP-2025-5014-321,2025-5014,3,0.38781789483100604,0.4566066524259994,0.38781789483100604,0.4222122736285027,0.424499499043482,0.4227310407935927,mixed_first_later
atp:105676,atp:210097,2025-10-01,2025,2025,hard,Shanghai Masters,R64,6-2 6-4,52,39,43,27,88,ATP-2025-5014-322,2025-5014,3,0.32467640814199417,0.43957888312480925,0.32467640814199417,0.38212764563340174,0.38030780238544776,0.37727564685403037,mixed_first_later
atp:207518,atp:207681,2025-10-01,2025,2025,hard,Shanghai Masters,R64,6-4 6-0,43,32,48,24,88,ATP-2025-5014-323,2025-5014,3,0.6197320098043123,0.5396093988404028,0.6197320098043123,0.5796707043223576,0.5806901750080357,0.5787247171389581,mixed_first_later
atp:209260,atp:207352,2025-10-01,2025,2025,hard,Shanghai Masters,R64,6-4 6-4,52,39,55,34,88,ATP-2025-5014-324,2025-5014,3,0.10779654674728258,0.3138541348794629,0.10779654674728258,0.21082534081337273,0.19639724187450702,0.2063090149055302,mixed_first_later
atp:207411,atp:210150,2025-10-01,2025,2025,hard,Shanghai Masters,R64,4-6 7-6(2) 6-4,101,72,102,68,88,ATP-2025-5014-325,2025-5014,3,0.17327904922215817,0.3553555080866646,0.17327904922215817,0.2643172786544114,0.26082032207710254,0.26327974432423135,mixed_first_later
atp:200000,atp:126214,2025-10-01,2025,2025,hard,Shanghai Masters,R64,6-3 6-3,67,44,54,31,88,ATP-2025-5014-326,2025-5014,3,0.5506031267672539,0.5161122978333842,0.5506031267672539,0.533357712300319,0.5337996854269466,0.5362567052817044,mixed_first_later
atp:208103,atp:111460,2025-10-01,2025,2025,hard,Shanghai Masters,R64,6-4 7-5,58,45,60,39,88,ATP-2025-5014-327,2025-5014,3,0.6372395545648212,0.55773573390296,0.6372395545648212,0.5974876442338906,0.5928119168113025,0.5944971041057245,mixed_first_later
atp:133430,atp:106331,2025-10-01,2025,2025,hard,Shanghai Masters,R64,6-3 6-2,54,37,49,24,88,ATP-2025-5014-328,2025-5014,3,0.7407277985583707,0.5883735123588648,0.7407277985583707,0.6645506554586178,0.6681515187219037,0.6647642654677725,mixed_first_later
atp:126239,atp:210506,2025-10-01,2025,2025,hard,Shanghai Masters,R64,6-3 6-4,64,41,60,35,88,ATP-2025-5014-329,2025-5014,3,0.4234848838733152,0.47784559047909675,0.4234848838733152,0.450665237176206,0.4487664900817449,0.4512145200568895,mixed_first_later
atp:100644,atp:208316,2025-10-01,2025,2025,hard,Shanghai Masters,R64,6-4 6-4,61,44,62,40,88,ATP-2025-5014-330,2025-5014,3,0.9794015033785114,0.858132438205676,0.9794015033785114,0.9187669707920937,0.9292011438309706,0.917119122150043,mixed_first_later
atp:200282,atp:200116,2025-10-01,2025,2025,hard,Shanghai Masters,R64,6-4 6-2,45,37,63,36,88,ATP-2025-5014-331,2025-5014,3,0.9769409699153022,0.8239548367409216,0.9769409699153022,0.9004479033281119,0.9239719374810963,0.9040487577681485,mixed_first_later
atp:111794,atp:206909,2025-10-01,2025,2025,hard,Shanghai Masters,R64,6-4 6-0,49,33,54,26,88,ATP-2025-5014-332,2025-5014,3,0.26220533184259204,0.4043027158986878,0.26220533184259204,0.33325402387063996,0.3341016444519432,0.328829245109578,mixed_first_later
atp:132686,atp:126846,2025-10-01,2025,2025,hard,Shanghai Masters,R64,7-6(7) 6-4,73,50,75,47,88,ATP-2025-5014-333,2025-5014,3,0.6095321194248143,0.5337503814464449,0.6095321194248143,0.5716412504356296,0.5736838583998265,0.5735942562336156,mixed_first_later
atp:209992,atp:111575,2025-10-01,2025,2025,hard,Shanghai Masters,R64,7-6(3) 6-3,65,45,62,38,88,ATP-2025-5014-334,2025-5014,3,0.24691801945222336,0.4025938358254501,0.24691801945222336,0.32475592763883676,0.32225852550165696,0.3278685306293768,mixed_first_later
atp:106421,atp:207494,2025-10-01,2025,2025,hard,Shanghai Masters,R64,6-1 6-1,35,28,43,16,88,ATP-2025-5014-335,2025-5014,3,0.971492014657914,0.8116264876411352,0.971492014657914,0.8915592511495246,0.913127384867854,0.8905827482505316,mixed_first_later
atp:200221,atp:208286,2025-10-01,2025,2025,hard,Shanghai Masters,R64,6-4 6-4,64,45,58,39,88,ATP-2025-5014-336,2025-5014,3,0.534245504590833,0.5079951174855051,0.534245504590833,0.521120311038169,0.5228502086546376,0.5229207382581873,mixed_first_later
atp:111815,atp:209070,2025-10-01,2025,2025,hard,Shanghai Masters,R64,6-3 0-6 7-6(5),68,49,84,58,88,ATP-2025-5014-337,2025-5014,3,0.6059134786363175,0.5357033872444309,0.6059134786363175,0.5708084329403742,0.571207105728769,0.5707168857935936,mixed_first_later
atp:210530,atp:144895,2025-10-01,2025,2025,hard,Shanghai Masters,R64,4-6 6-4 6-4,81,47,101,57,88,ATP-2025-5014-338,2025-5014,3,0.5243008653437335,0.5050045773573391,0.5243008653437335,0.5146527213505363,0.5162076706100145,0.5171855257447993,mixed_first_later
atp:200473,atp:104925,2025-10-01,2025,2025,hard,Shanghai Masters,SF,6-3 6-4,57,40,61,34,88,ATP-2025-5014-367,2025-5014,3,0.031516236648474215,0.16212999694842845,0.031516236648474215,0.09682311679845133,0.09249991754787082,0.09544990959674245,both_later
atp:126239,atp:106421,2025-10-01,2025,2025,hard,Shanghai Masters,SF,4-6 6-2 6-4,111,69,78,51,88,ATP-2025-5014-368,2025-5014,3,0.14330401666698037,0.3472993591699725,0.14330401666698037,0.24530168791847645,0.232887761572199,0.24810913375308125,both_later
atp:134770,atp:200005,2025-10-13,2025,2025,hard,Stockholm,F,6-2 6-3,39,36,49,27,88,ATP-2025-0429-385,2025-0429,3,0.36057729562301294,0.46222154409520905,0.36057729562301294,0.411399419859111,0.4056672113064992,0.4070051568136426,both_later
atp:134770,atp:200624,2025-10-13,2025,2025,hard,Stockholm,QF,6-7(5) 6-4 6-4,100,70,109,70,88,ATP-2025-0429-379,2025-0429,3,0.37200430308067245,0.4521513579493439,0.37200430308067245,0.4120778305150082,0.41360426026206576,0.41680776643200546,both_later
atp:133430,atp:111200,2025-10-13,2025,2025,hard,Stockholm,QF,6-4 6-7(3) 6-1,91,58,107,58,88,ATP-2025-0429-380,2025-0429,3,0.8850769289163051,0.6794934391211473,0.8850769289163051,0.7822851840187262,0.795912604126635,0.7808509453858303,both_later
atp:200005,atp:132283,2025-10-13,2025,2025,hard,Stockholm,QF,6-7(3) 6-0 6-3,110,72,90,55,88,ATP-2025-0429-381,2025-0429,3,0.7615133030733676,0.6023497101007018,0.7615133030733676,0.6819315065870347,0.684384690172663,0.6837014180914596,both_later
atp:208029,atp:144869,2025-10-13,2025,2025,hard,Stockholm,QF,6-7(4) 6-3 6-4,81,57,120,68,88,ATP-2025-0429-382,2025-0429,3,0.6468656355783629,0.5509612450411963,0.6468656355783629,0.5989134403097796,0.5995346807490048,0.5988218931629989,both_later
atp:134770,atp:105227,2025-10-13,2025,2025,hard,Stockholm,R16,7-6(2) 6-4,51,43,96,55,88,ATP-2025-0429-371,2025-0429,3,0.5695931235151452,0.5253280439426304,0.5695931235151452,0.5474605837288878,0.5465632383176535,0.5454160307841214,mixed_first_later
atp:200624,atp:111794,2025-10-13,2025,2025,hard,Stockholm,R16,6-4 4-6 7-5,101,68,124,76,88,ATP-2025-0429-372,2025-0429,3,0.837276323428463,0.649160817821178,0.837276323428463,0.7432185706248204,0.7487707669941338,0.7467889093492636,both_later
atp:133430,atp:209863,2025-10-13,2025,2025,hard,Stockholm,R16,6-2 5-7 6-1,78,51,104,51,88,ATP-2025-0429-373,2025-0429,3,0.9490741274885143,0.7842844064693317,0.9490741274885143,0.866679266978923,0.8754550602775822,0.8633530539792281,mixed_first_later
atp:111200,atp:207985,2025-10-13,2025,2025,hard,Stockholm,R16,6-2 6-2,46,34,51,26,88,ATP-2025-0429-374,2025-0429,3,0.4528715931930415,0.47973756484589564,0.4528715931930415,0.46630457901946853,0.4685291752643982,0.4651754975425079,both_later
atp:132283,atp:206499,2025-10-13,2025,2025,hard,Stockholm,R16,7-6(3) 6-1,62,47,52,31,88,ATP-2025-0429-375,2025-0429,3,0.6380499140198,0.545834604821483,0.6380499140198,0.5919422594206416,0.5933761917708292,0.5956041452918652,both_later
atp:200005,atp:126610,2025-10-13,2025,2025,hard,Stockholm,R16,7-6(5) 6-3,59,45,65,43,88,ATP-2025-0429-376,2025-0429,3,0.6079350703857248,0.5401586817210864,0.6079350703857248,0.5740468760534057,0.5725902184083608,0.5762440075761398,mixed_first_later
atp:144869,atp:200175,2025-10-13,2025,2025,hard,Stockholm,R16,6-4 4-6 6-3,117,74,74,49,88,ATP-2025-0429-377,2025-0429,3,0.5398845404846372,0.5094598718339945,0.5398845404846372,0.5246722061593159,0.5266211101810819,0.5281204820213848,both_later
atp:208029,atp:105916,2025-10-13,2025,2025,hard,Stockholm,R16,6-4 6-4,70,45,68,39,88,ATP-2025-0429-378,2025-0429,3,0.648818242031543,0.5521818736649374,0.648818242031543,0.6005000578482402,0.6009038245728757,0.598760662059409,mixed_first_later
atp:105227,atp:149282,2025-10-13,2025,2025,hard,Stockholm,R32,7-5 6-3,59,45,71,46,88,ATP-2025-0429-359,2025-0429,3,0.8383317917775985,0.6646017699115044,0.8383317917775985,0.7514667808445514,0.7497435854562975,0.7541216481011886,both_first
atp:111794,atp:209209,2025-10-13,2025,2025,hard,Stockholm,R32,6-2 6-2,59,38,60,29,88,ATP-2025-0429-360,2025-0429,3,0.5935972803715341,0.5419285932255111,0.5935972803715341,0.5677629367985226,0.5628092137334064,0.5679765468076774,both_first
atp:200624,atp:200615,2025-10-13,2025,2025,hard,Stockholm,R32,6-7(4) 6-1 6-3,92,58,112,58,88,ATP-2025-0429-361,2025-0429,3,0.6295402686238376,0.542722001830943,0.6295402686238376,0.5861311352273904,0.5874652650337353,0.5859175252182356,both_first
atp:209863,atp:124116,2025-10-13,2025,2025,hard,Stockholm,R32,6-3 6-4,65,46,52,35,88,ATP-2025-0429-362,2025-0429,3,0.17523851482729141,0.3441257247482453,0.17523851482729141,0.25968211978776834,0.2625743805293063,0.2620013141728767,both_first
atp:111200,atp:144707,2025-10-13,2025,2025,hard,Stockholm,R32,6-2 7-6(4),63,45,69,43,88,ATP-2025-0429-363,2025-0429,3,0.24106226037940337,0.39716203844980164,0.24106226037940337,0.31911214941460253,0.31765351998563124,0.31664037645152654,both_first
atp:207985,atp:134868,2025-10-13,2025,2025,hard,Stockholm,R32,6-3 6-7(6) 7-6(5),101,71,113,71,88,ATP-2025-0429-364,2025-0429,3,0.26100545013794796,0.4003356728715288,0.26100545013794796,0.3306705615047384,0.33318098242282834,0.3292058071562489,both_first
atp:206499,atp:200116,2025-10-13,2025,2025,hard,Stockholm,R32,4-6 7-5 4-0 RET,89,54,77,44,88,ATP-2025-0429-365,2025-0429,3,0.6977445456288622,0.5737259688739701,0.6977445456288622,0.6357352572514161,0.6359249086005636,0.6397633317097622,both_first
atp:132283,atp:209259,2025-10-13,2025,2025,hard,Stockholm,R32,6-4 6-2,60,40,60,32,88,ATP-2025-0429-366,2025-0429,3,0.7731448246686438,0.6342691486115349,0.7731448246686438,0.7037069866400893,0.6936918832633499,0.7018760437044775,both_first
atp:126610,atp:206748,2025-10-13,2025,2025,hard,Stockholm,R32,6-4 6-2,61,39,50,28,88,ATP-2025-0429-367,2025-0429,3,0.7560967500515396,0.6080866646322857,0.7560967500515396,0.6820917073419126,0.6801073413412126,0.6841362602866792,both_first
atp:200175,atp:124186,2025-10-13,2025,2025,hard,Stockholm,R32,6-4 6-1,46,29,64,29,88,ATP-2025-0429-368,2025-0429,3,0.6415739925847452,0.550717119316448,0.6415739925847452,0.5961455559505966,0.5958336221594598,0.5959014302258483,both_first
atp:144869,atp:210136,2025-10-13,2025,2025,hard,Stockholm,R32,7-6(5) 6-7(5) 6-3,104,68,100,65,88,ATP-2025-0429-369,2025-0429,3,0.5184286625559065,0.5075068660360086,0.5184286625559065,0.5129677642959576,0.5122888675083265,0.509885677021011,both_first
atp:105916,atp:207411,2025-10-13,2025,2025,hard,Stockholm,R32,6-1 6-2,51,33,41,16,88,ATP-2025-0429-370,2025-0429,3,0.7884014350237526,0.621391516631065,0.7884014350237526,0.7048964758274088,0.7061747761985419,0.703126564322984,both_first
atp:134770,atp:133430,2025-10-13,2025,2025,hard,Stockholm,SF,6-3 6-4,63,43,54,32,88,ATP-2025-0429-383,2025-0429,3,0.4149828713612984,0.4732682331400671,0.4149828713612984,0.44412555225068273,0.44301469388216086,0.4399448992143691,both_later
atp:200005,atp:208029,2025-10-13,2025,2025,hard,Stockholm,SF,4-6 2-2 RET,47,29,52,32,88,ATP-2025-0429-384,2025-0429,3,0.5817861497747002,0.5253890753738175,0.5817861497747002,0.5535876125742589,0.5547973540500967,0.5537401911522265,both_later
atp:200000,atp:208103,2025-10-13,2025,2025,hard,Brussels,F,7-6(2) 6-7(6) 6-2,101,78,113,75,88,ATP-2025-7485-385,2025-7485,3,0.5473580768267923,0.5135489777235276,0.5473580768267923,0.5304535272751599,0.531624702304623,0.5299652758256634,both_later
atp:200000,atp:208118,2025-10-13,2025,2025,hard,Brussels,QF,6-2 7-6(6),73,50,65,40,88,ATP-2025-7485-379,2025-7485,3,0.9488697865962554,0.7848336893500153,0.9488697865962554,0.8668517379731353,0.8751480019342547,0.8653259521934589,both_later
atp:209920,atp:200221,2025-10-13,2025,2025,hard,Brussels,QF,7-6(5) 6-1,75,52,73,45,88,ATP-2025-7485-380,2025-7485,3,0.017398235488753775,0.10701861458651206,0.017398235488753775,0.062208425037632915,0.06361226049846029,0.06382575796409004,both_later
atp:208103,atp:126127,2025-10-13,2025,2025,hard,Brussels,QF,6-7(8) 6-1 4-1 RET,67,53,88,51,88,ATP-2025-7485-381,2025-7485,3,0.46698138434079817,0.4838877021666158,0.46698138434079817,0.475434543253707,0.4779697800317388,0.47851663052865356,both_later
atp:208659,atp:207518,2025-10-13,2025,2025,hard,Brussels,QF,6-4 7-6(8),62,51,69,49,88,ATP-2025-7485-382,2025-7485,3,0.32802534900597013,0.4347574000610314,0.32802534900597013,0.3813913745335008,0.3827040753697102,0.38493119754235033,both_later
atp:200000,atp:106000,2025-10-13,2025,2025,hard,Brussels,R16,7-6(3) 4-6 7-6(5),105,74,139,91,88,ATP-2025-7485-371,2025-7485,3,0.8730764039191533,0.6672871528837351,0.8730764039191533,0.7701817784014442,0.783405785172397,0.7755525443459056,mixed_first_later
atp:208118,atp:122298,2025-10-13,2025,2025,hard,Brussels,R16,7-5 6-0,46,36,58,29,88,ATP-2025-7485-372,2025-7485,3,0.09114526219119873,0.2774183704607873,0.09114526219119873,0.18428181632599303,0.17753271033469684,0.18403769060124478,both_later
atp:200221,atp:106218,2025-10-13,2025,2025,hard,Brussels,R16,6-7(5) 6-1 6-4,99,69,90,58,88,ATP-2025-7485-373,2025-7485,3,0.47684560425715394,0.491028379615502,0.47684560425715394,0.483936991936328,0.4845576004044701,0.4857374191563463,mixed_first_later
atp:209920,atp:207681,2025-10-13,2025,2025,hard,Brussels,R16,7-5 3-6 7-6(10),98,68,113,78,88,ATP-2025-7485-374,2025-7485,3,0.03016175597558579,0.1350320415013732,0.03016175597558579,0.0825968987384795,0.08999442322237962,0.08473299883002665,both_later
atp:126127,atp:208316,2025-10-13,2025,2025,hard,Brussels,R16,7-6(3) 4-6 6-1,80,62,96,59,88,ATP-2025-7485-375,2025-7485,3,0.8658319107849597,0.6866951480012207,0.8658319107849597,0.7762635293930902,0.7760970573808913,0.7744936178886654,both_later
atp:208103,atp:211451,2025-10-13,2025,2025,hard,Brussels,R16,6-3 6-2,46,37,57,30,88,ATP-2025-7485-376,2025-7485,3,0.8684244246626971,0.689075373817516,0.8684244246626971,0.7787498992401065,0.7786930191484635,0.7812827036343696,mixed_first_later
atp:208659,atp:105932,2025-10-13,2025,2025,hard,Brussels,R16,7-5 0-0 RET,28,24,33,23,88,ATP-2025-7485-377,2025-7485,3,0.703837334327469,0.578608483368935,0.703837334327469,0.641222908848202,0.6403980660263676,0.6412839402793891,both_later
atp:207518,atp:105870,2025-10-13,2025,2025,hard,Brussels,R16,7-6(3) 7-5,67,53,68,50,88,ATP-2025-7485-378,2025-7485,3,0.7413133136606816,0.5915471467805921,0.7413133136606816,0.6664302302206369,0.6686023536632753,0.6627988600650067,mixed_first_later
atp:106000,atp:210748,2025-10-13,2025,2025,hard,Brussels,R32,6-7(5) 6-2 7-6(3),93,71,139,82,88,ATP-2025-7485-359,2025-7485,3,0.5468526028757742,0.5227036924015869,0.5468526028757742,0.5347781476386806,0.531286047569402,0.5302313060152444,both_first
atp:208118,atp:124079,2025-10-13,2025,2025,hard,Brussels,R32,6-4 6-1,47,37,49,26,88,ATP-2025-7485-360,2025-7485,3,0.24184595307825707,0.3781202319194385,0.24184595307825707,0.3099830924988478,0.3182721381617568,0.32060256152539646,both_first
atp:122298,atp:211663,2025-10-13,2025,2025,hard,Brussels,R32,7-5 7-6(2),72,51,96,55,88,ATP-2025-7485-361,2025-7485,3,0.22024230890248606,0.38635947512969177,0.22024230890248606,0.3033008920160889,0.3009377033490658,0.3028126405665924,both_first
atp:106218,atp:208233,2025-10-13,2025,2025,hard,Brussels,R32,6-3 6-4,55,42,63,37,88,ATP-2025-7485-362,2025-7485,3,0.6411812521325043,0.5424168446750076,0.6411812521325043,0.591799048403756,0.5955594674304918,0.5963764057427856,both_first
atp:207681,atp:105676,2025-10-13,2025,2025,hard,Brussels,R32,7-6(5) 6-4,70,46,63,37,88,ATP-2025-7485-363,2025-7485,3,0.4478581844226593,0.48370460787305464,0.4478581844226593,0.46578139614785696,0.4651684604976252,0.46410303179021273,both_first
atp:209920,atp:200267,2025-10-13,2025,2025,hard,Brussels,R32,6-4 7-6(5),74,51,82,53,88,ATP-2025-7485-364,2025-7485,3,0.030035257838561546,0.13863289594140982,0.030035257838561546,0.08433407688998568,0.08975812188910731,0.08436459260557921,both_first
atp:208316,atp:202104,2025-10-13,2025,2025,hard,Brussels,R32,6-2 6-3,45,37,58,32,88,ATP-2025-7485-365,2025-7485,3,0.37996621411975545,0.4517241379310345,0.37996621411975545,0.41584517602539495,0.4191019433819918,0.41563156601624024,both_first
atp:126127,atp:124187,2025-10-13,2025,2025,hard,Brussels,R32,6-4 6-4,52,42,54,34,88,ATP-2025-7485-366,2025-7485,3,0.6949283623909485,0.5731156545620995,0.6949283623909485,0.634022008476524,0.6338667511023004,0.6350900585222976,both_first
atp:211451,atp:127157,2025-10-13,2025,2025,hard,Brussels,R32,6-4 6-7(10) 6-3,110,75,92,61,88,ATP-2025-7485-367,2025-7485,3,0.31284189129082185,0.42242905096124506,0.31284189129082185,0.36763547112603345,0.37178244880026134,0.36635381107110515,both_first
atp:208659,atp:200325,2025-10-13,2025,2025,hard,Brussels,R32,7-6(4) 6-7(5) 6-4,109,83,97,74,88,ATP-2025-7485-368,2025-7485,3,0.33581200282860507,0.44128776319804697,0.33581200282860507,0.38854988301332605,0.38824962168355037,0.3879395687014554,both_first
atp:105932,atp:111460,2025-10-13,2025,2025,hard,Brussels,R32,6-4 6-4,66,48,66,40,88,ATP-2025-7485-369,2025-7485,3,0.251571954774044,0.4026548672566372,0.251571954774044,0.3271134110153406,0.325890598375867,0.3246416380522646,both_first
atp:105870,atp:208286,2025-10-13,2025,2025,hard,Brussels,R32,6-7(4) 6-4 6-4,95,70,102,67,88,ATP-2025-7485-370,2025-7485,3,0.32615793786333186,0.4415318889227952,0.32615793786333186,0.38384491339306354,0.38136873645800345,0.3831125362188188,both_first
atp:200000,atp:209920,2025-10-13,2025,2025,hard,Brussels,SF,7-6(2) 6-4,69,51,74,48,88,ATP-2025-7485-383,2025-7485,3,0.987570951187403,0.9062252059810803,0.987570951187403,0.9468980785842416,0.948671088287483,0.9467760157218675,both_later
atp:208103,atp:208659,2025-10-13,2025,2025,hard,Brussels,SF,7-6(3) 7-6(7),67,60,81,61,88,ATP-2025-7485-384,2025-7485,3,0.6530009065311769,0.5623130912419896,0.6530009065311769,0.6076569988865832,0.6038431436108579,0.6041171758777337,both_later
atp:106421,atp:144895,2025-10-13,2025,2025,hard,Almaty,F,7-5 4-6 6-3,94,59,96,57,88,ATP-2025-9410-386,2025-9410,3,0.9358003934582522,0.7281354897772353,0.9358003934582522,0.8319679416177437,0.8564693680932972,0.8305031872692543,both_later
atp:106421,atp:206681,2025-10-13,2025,2025,hard,Almaty,QF,7-5 6-2,59,45,53,32,88,ATP-2025-9410-380,2025-9410,3,0.8420536156457015,0.6416539517851694,0.8420536156457015,0.7418537837154354,0.7531949556258328,0.7421589408713707,both_later
atp:105902,atp:207925,2025-10-13,2025,2025,hard,Almaty,QF,6-3 6-2,55,42,85,45,88,ATP-2025-9410-381,2025-9410,3,0.3186560631890949,0.43091241989624657,0.3186560631890949,0.37478424154267076,0.3759823191226012,0.3778968445332108,both_later
atp:210506,atp:208278,2025-10-13,2025,2025,hard,Almaty,QF,6-3 3-6 6-2,101,60,92,49,88,ATP-2025-9410-382,2025-9410,3,0.8593016370870553,0.6539212694537687,0.8593016370870553,0.756611453270412,0.7696497303666987,0.7579541447565273,both_later
atp:144895,atp:105526,2025-10-13,2025,2025,hard,Almaty,QF,6-4 7-5,80,47,64,36,88,ATP-2025-9410-383,2025-9410,3,0.25852546077605804,0.413457430576747,0.25852546077605804,0.3359914456764025,0.3312734435979151,0.33943972153847146,both_later
atp:106421,atp:200443,2025-10-13,2025,2025,hard,Almaty,R16,7-5 7-6(0),90,61,69,45,88,ATP-2025-9410-372,2025-9410,3,0.9383502759455293,0.7489472078120232,0.9383502759455293,0.8436487418787763,0.8599774920537473,0.8437402890255569,mixed_first_later
atp:206681,atp:206909,2025-10-13,2025,2025,hard,Almaty,R16,7-6(5) 6-1,59,44,61,38,88,ATP-2025-9410-373,2025-9410,3,0.38965030529431954,0.46124504119621607,0.38965030529431954,0.4254476732452678,0.42575593353227337,0.4252645789517066,both_later
atp:207925,atp:208014,2025-10-13,2025,2025,hard,Almaty,R16,6-4 7-5,58,41,66,39,88,ATP-2025-9410-374,2025-9410,3,0.6837882329142687,0.5607262740311261,0.6837882329142687,0.6222572534726973,0.6257805640197184,0.6243018064174639,mixed_first_later
atp:105902,atp:209113,2025-10-13,2025,2025,hard,Almaty,R16,7-6(3) 6-7(3) 6-4,95,75,115,80,88,ATP-2025-9410-375,2025-9410,3,0.2767430197261436,0.41943851083307904,0.2767430197261436,0.34809076527961136,0.34514478628045214,0.3499522239308167,both_later
atp:210506,atp:126846,2025-10-13,2025,2025,hard,Almaty,R16,6-3 6-2,47,36,51,29,88,ATP-2025-9410-376,2025-9410,3,0.6697294978025153,0.5648153799206591,0.6697294978025153,0.6172724388615872,0.6156932758011275,0.6170588288524326,both_later
atp:208278,atp:209260,2025-10-13,2025,2025,hard,Almaty,R16,6-3 6-3,45,33,61,34,88,ATP-2025-9410-377,2025-9410,3,0.5484853058277128,0.5137320720170888,0.5484853058277128,0.5311086889224008,0.5323800485237186,0.5308645631976525,mixed_first_later
atp:144895,atp:207686,2025-10-13,2025,2025,hard,Almaty,R16,7-5 6-3,69,43,73,39,88,ATP-2025-9410-378,2025-9410,3,0.48514737265192936,0.48608483368935,0.48514737265192936,0.4856161031706397,0.49009662980798857,0.4888202533079604,both_later
atp:105526,atp:111575,2025-10-13,2025,2025,hard,Almaty,R16,4-6 7-6(5) 6-3,108,73,107,73,88,ATP-2025-9410-379,2025-9410,3,0.347178010964416,0.44562099481232836,0.347178010964416,0.39639950288837217,0.3962827727111205,0.3985356029799193,mixed_first_later
atp:200443,atp:209262,2025-10-13,2025,2025,hard,Almaty,R32,7-6(4) 6-7(3) 6-2,110,76,96,66,88,ATP-2025-9410-360,2025-9410,3,0.3993931887527947,0.4647238327738785,0.3993931887527947,0.4320585107633366,0.43241712459880044,0.42906797063517066,both_first
atp:206681,atp:208134,2025-10-13,2025,2025,hard,Almaty,R32,7-6(3) 6-3,60,43,69,41,88,ATP-2025-9410-361,2025-9410,3,0.8132584185458303,0.6298748855660665,0.8132584185458303,0.7215666520559484,0.7272832122700884,0.7185150804965954,both_first
atp:206909,atp:209098,2025-10-13,2025,2025,hard,Almaty,R32,7-6(5) 6-2,59,46,71,47,88,ATP-2025-9410-362,2025-9410,3,0.46339851222844974,0.4906621910283796,0.46339851222844974,0.4770303516284147,0.4755747389421459,0.4749857986836481,both_first
atp:208014,atp:207608,2025-10-13,2025,2025,hard,Almaty,R32,7-6(3) 2-6 6-3,101,62,79,53,88,ATP-2025-9410-363,2025-9410,3,0.613718576297128,0.5440646933170583,0.613718576297128,0.5788916348070932,0.5765549419152657,0.5762672832660496,both_first
atp:105902,atp:200259,2025-10-13,2025,2025,hard,Almaty,R32,6-3 6-4,57,43,55,35,88,ATP-2025-9410-364,2025-9410,3,0.4513211046018742,0.4826670735428746,0.4513211046018742,0.4669940890723744,0.46749021032138033,0.46198951171503533,both_first
atp:209113,atp:212788,2025-10-13,2025,2025,hard,Almaty,R32,6-3 6-1,37,32,59,31,88,ATP-2025-9410-365,2025-9410,3,0.8050787132184125,0.643240768996033,0.8050787132184125,0.7241597411072227,0.7202219508452378,0.7220846724468626,both_first
atp:210506,atp:202320,2025-10-13,2025,2025,hard,Almaty,R32,6-2 6-3,63,40,47,23,88,ATP-2025-9410-366,2025-9410,3,0.727391341552177,0.5961245041196216,0.727391341552177,0.6617579228358993,0.6579754041280601,0.6577298483775533,both_first
atp:126846,atp:209916,2025-10-13,2025,2025,hard,Almaty,R32,6-4 3-6 6-1,79,51,100,56,88,ATP-2025-9410-367,2025-9410,3,0.8732854789830683,0.7087274946597498,0.8732854789830683,0.7910064868214091,0.7836192866902434,0.7924712411698985,both_first
atp:208278,atp:209070,2025-10-13,2025,2025,hard,Almaty,R32,6-4 6-4,64,45,56,36,88,ATP-2025-9410-368,2025-9410,3,0.1704489749495566,0.35425694232529753,0.1704489749495566,0.2623529586374271,0.2582726798122918,0.264763700169316,both_first
atp:144895,atp:106071,2025-10-13,2025,2025,hard,Almaty,R32,6-1 7-6(9),84,57,80,47,88,ATP-2025-9410-369,2025-9410,3,0.751036465870726,0.6145559963381141,0.751036465870726,0.68279623110442,0.6761421201421284,0.6834980925630714,both_first
atp:207686,atp:111513,2025-10-13,2025,2025,hard,Almaty,R32,7-6(1) 7-6(12),91,66,97,66,88,ATP-2025-9410-370,2025-9410,3,0.4661555281024995,0.4903570338724443,0.4661555281024995,0.47825628098747186,0.47741783736158916,0.4782257652718784,both_first
atp:105526,atp:111456,2025-10-13,2025,2025,hard,Almaty,R32,2-6 6-3 6-4,74,54,65,47,88,ATP-2025-9410-371,2025-9410,3,0.5929151499488857,0.5270369240158682,0.5929151499488857,0.559976036982377,0.5623454503044655,0.5647670043305613,both_first
atp:106421,atp:105902,2025-10-13,2025,2025,hard,Almaty,SF,6-7(8) 6-3 6-2,94,69,100,61,88,ATP-2025-9410-384,2025-9410,3,0.9453425031817233,0.750778150747635,0.9453425031817233,0.8480603269646791,0.8699262993448525,0.8466260883317832,both_later
atp:144895,atp:210506,2025-10-13,2025,2025,hard,Almaty,SF,7-5 6-4,98,56,69,38,88,ATP-2025-9410-385,2025-9410,3,0.2826118866019186,0.42480927677754043,0.2826118866019186,0.3537105816897295,0.3495476145103572,0.3524289216348012,both_later
atp:211663,atp:200221,2025-10-20,2025,2025,hard,Basel,F,6-3 6-4,61,42,69,37,88,ATP-2025-0328-385,2025-0328,3,0.7239493496679027,0.5811107720476045,0.7239493496679027,0.6525300608577536,0.6553766538879766,0.6540863623530238,both_later
atp:144719,atp:200000,2025-10-20,2025,2025,hard,Basel,QF,6-3 0-0 RET,29,23,34,20,88,ATP-2025-0328-379,2025-0328,3,0.27145615700486003,0.4155324992371071,0.27145615700486003,0.34349432812098357,0.3411519895199189,0.348407358331542,both_later
atp:211663,atp:133430,2025-10-20,2025,2025,hard,Basel,QF,3-6 6-3 4-1 RET,63,37,71,38,88,ATP-2025-0328-380,2025-0328,3,0.5534716214210421,0.5104363747329875,0.5534716214210421,0.5319539980770148,0.5357236142105263,0.5382402354892821,both_later
atp:200221,atp:134770,2025-10-20,2025,2025,hard,Basel,QF,7-6(1) 0-0 RET,34,27,51,32,88,ATP-2025-0328-381,2025-0328,3,0.4011054073381834,0.47021666158071407,0.4011054073381834,0.4356610344594487,0.4335845739821941,0.43627134877131934,both_later
atp:200005,atp:124187,2025-10-20,2025,2025,hard,Basel,QF,7-6(0) 6-4,58,48,62,44,88,ATP-2025-0328-382,2025-0328,3,0.8045995583520341,0.6393957888312481,0.8045995583520341,0.7219976735916411,0.7198119758283784,0.7217840635824864,both_later
atp:144719,atp:210097,2025-10-20,2025,2025,hard,Basel,R16,6-3 6-4,53,41,60,38,88,ATP-2025-0328-371,2025-0328,3,0.23130342382743216,0.3996032956972841,0.23130342382743216,0.3154533597623581,0.3098877849232594,0.3143242782853975,both_later
atp:200000,atp:105227,2025-10-20,2025,2025,hard,Basel,R16,7-6(2) 7-6(2),68,56,75,52,88,ATP-2025-0328-372,2025-0328,3,0.5586078007232472,0.5181263350625572,0.5586078007232472,0.5383670678929022,0.5391718608832059,0.5387637721956181,both_later
atp:133430,atp:208316,2025-10-20,2025,2025,hard,Basel,R16,7-6(3) 6-2,62,44,61,38,88,ATP-2025-0328-373,2025-0328,3,0.9103146880645572,0.7273420811718034,0.9103146880645572,0.8188283846181803,0.8241887937045402,0.820598296122605,both_later
atp:200221,atp:202385,2025-10-20,2025,2025,hard,Basel,R16,6-7(6) 6-4 7-5,120,78,97,64,88,ATP-2025-0328-375,2025-0328,3,0.4805536195737901,0.4957277998169057,0.4805536195737901,0.4881407096953479,0.4870321125172381,0.4844483081085307,both_later
atp:134770,atp:104527,2025-10-20,2025,2025,hard,Basel,R16,6-4 7-6(5),64,45,72,46,88,ATP-2025-0328-376,2025-0328,3,0.694630051657854,0.5668294171498321,0.694630051657854,0.6307297344038431,0.6336490762028861,0.6318283001652102,both_later
atp:124187,atp:122298,2025-10-20,2025,2025,hard,Basel,R16,7-6(5) 6-7(7) 6-3,114,88,112,83,88,ATP-2025-0328-377,2025-0328,3,0.4112760595957271,0.4655782728104974,0.4112760595957271,0.4384271662031123,0.44050113513899114,0.4418449263495877,both_later
atp:200005,atp:126203,2025-10-20,2025,2025,hard,Basel,R16,6-3 6-4,65,46,58,38,88,ATP-2025-0328-378,2025-0328,3,0.3435253650821868,0.4467805920048825,0.3435253650821868,0.39515297854353465,0.39370882693357756,0.39377977134182574,both_later
atp:210097,atp:111794,2025-10-20,2025,2025,hard,Basel,R32,6-7(2) 6-3 7-6(7),114,77,113,77,88,ATP-2025-0328-355,2025-0328,3,0.770979661062313,0.619377479401892,0.770979661062313,0.6951785702321025,0.6919462755297456,0.6942325830487031,both_first
atp:144719,atp:200329,2025-10-20,2025,2025,hard,Basel,R32,6-2 6-4,56,40,54,32,88,ATP-2025-0328-356,2025-0328,3,0.7390021130876553,0.6044247787610619,0.7390021130876553,0.6717134459243586,0.6668248254265186,0.6698825029887467,both_first
atp:105227,atp:105676,2025-10-20,2025,2025,hard,Basel,R32,7-6(9) 7-5,72,57,72,52,88,ATP-2025-0328-357,2025-0328,3,0.5552620068631258,0.5208117180347879,0.5552620068631258,0.5380368624489569,0.5369251109872898,0.5361143723665645,both_first
atp:200000,atp:209113,2025-10-20,2025,2025,hard,Basel,R32,6-2 7-5,64,44,89,47,88,ATP-2025-0328-358,2025-0328,3,0.6274228023095659,0.5408910588953311,0.6274228023095659,0.5841569306024486,0.5859992976018115,0.5842789934648227,both_first
atp:133430,atp:106218,2025-10-20,2025,2025,hard,Basel,R32,6-7(3) 6-0 7-6(4),102,67,94,57,88,ATP-2025-0328-359,2025-0328,3,0.6562913728651303,0.5560878852609094,0.6562913728651303,0.6061896290630198,0.6061618634796412,0.6059455033382716,both_first
atp:208316,atp:209920,2025-10-20,2025,2025,hard,Basel,R32,6-4 7-6(5),78,52,58,43,88,ATP-2025-0328-360,2025-0328,3,0.8731318939198475,0.7349099786389991,0.8731318939198475,0.8040209362794233,0.7834624355137246,0.8053636277655386,both_first
atp:211663,atp:208659,2025-10-20,2025,2025,hard,Basel,R32,7-6(6) 6-3,68,52,66,45,88,ATP-2025-0328-361,2025-0328,3,0.7893901260249075,0.6276167226121453,0.7893901260249075,0.7085034243185264,0.7069953164397984,0.7118906687494083,both_first
atp:210150,atp:148679,2025-10-20,2025,2025,hard,Basel,R32,7-6(1) 6-7(7) 6-3,109,82,105,72,88,ATP-2025-0328-362,2025-0328,3,0.8625557405217517,0.6824839792493134,0.8625557405217517,0.7725198598855325,0.7728464586830261,0.7734353313533384,both_first
atp:200221,atp:132283,2025-10-20,2025,2025,hard,Basel,R32,7-6(2) 6-4,72,50,82,50,88,ATP-2025-0328-363,2025-0328,3,0.5590179778033832,0.5186145865120537,0.5590179778033832,0.5388162821577185,0.5394474348710342,0.5416847594235104,both_first
atp:202385,atp:124186,2025-10-20,2025,2025,hard,Basel,R32,6-4 6-3,45,36,56,34,88,ATP-2025-0328-364,2025-0328,3,0.6870004426408288,0.5664632285627098,0.6870004426408288,0.6267318356017693,0.628103360173935,0.6275557599227947,both_first
atp:104527,atp:200175,2025-10-20,2025,2025,hard,Basel,R32,6-1 7-6(3),59,42,60,35,88,ATP-2025-0328-365,2025-0328,3,0.4175215651079311,0.4682636557827281,0.4175215651079311,0.44289261044532957,0.4447340698303846,0.4408175417849695,both_first
atp:134770,atp:111460,2025-10-20,2025,2025,hard,Basel,R32,6-1 7-6(3),57,42,58,35,88,ATP-2025-0328-366,2025-0328,3,0.6934047281552944,0.5750076289288983,0.6934047281552944,0.6342061785420964,0.6327556437173291,0.6332601913586969,both_first
atp:122298,atp:208103,2025-10-20,2025,2025,hard,Basel,R32,6-2 6-2,58,40,62,32,88,ATP-2025-0328-367,2025-0328,3,0.39778161248156946,0.4634421727189503,0.39778161248156946,0.4306118926002599,0.43131745077032774,0.4355554385264118,both_first
atp:124187,atp:202104,2025-10-20,2025,2025,hard,Basel,R32,6-3 6-4,51,42,66,41,88,ATP-2025-0328-368,2025-0328,3,0.6168010629280367,0.5457125419591089,0.6168010629280367,0.5812568024435728,0.5786729720269486,0.5816229910306951,both_first
atp:200005,atp:200624,2025-10-20,2025,2025,hard,Basel,R32,6-3 6-4,54,41,48,29,88,ATP-2025-0328-369,2025-0328,3,0.5120517994084428,0.5023191943851083,0.5120517994084428,0.5071854968967755,0.5080353975827229,0.5074601383371173,both_first
atp:126203,atp:200473,2025-10-20,2025,2025,hard,Basel,R32,4-6 7-6(4) 7-5,116,73,111,69,88,ATP-2025-0328-370,2025-0328,3,0.9295128567832943,0.7732987488556606,0.9295128567832943,0.8514058028194775,0.8480627307135746,0.8499105327553944,both_first
atp:211663,atp:144719,2025-10-20,2025,2025,hard,Basel,SF,7-6(4) 7-5,75,55,80,52,88,ATP-2025-0328-383,2025-0328,3,0.8351008018823646,0.6446444919133354,0.8351008018823646,0.73987264689785,0.7467737143070861,0.739475942595134,both_later
atp:200221,atp:200005,2025-10-20,2025,2025,hard,Basel,SF,7-6(4) 3-1 RET,58,43,48,33,88,ATP-2025-0328-384,2025-0328,3,0.26763604543769554,0.4224900823924321,0.26763604543769554,0.3450630639150638,0.3382506391488791,0.3442391395940385,both_later
atp:206173,atp:100644,2025-10-20,2025,2025,hard,Vienna,F,3-6 6-3 7-5,84,63,102,66,88,ATP-2025-0337-385,2025-0337,3,0.687154996548583,0.562679279829112,0.687154996548583,0.6249171381888475,0.6282152970255531,0.6254359053539376,both_later
atp:207518,atp:144895,2025-10-20,2025,2025,hard,Vienna,QF,6-3 6-4,65,44,53,32,88,ATP-2025-0337-380,2025-0337,3,0.745906835115572,0.5927067439731462,0.745906835115572,0.6693067895443591,0.6721517189961593,0.6656754193887289,both_later
atp:200282,atp:126610,2025-10-20,2025,2025,hard,Vienna,QF,6-1 7-6(4),72,43,65,33,88,ATP-2025-0337-381,2025-0337,3,0.711783702566833,0.572627403112603,0.711783702566833,0.6422055528397179,0.6462757381844151,0.6431210243075239,both_later
atp:206173,atp:122330,2025-10-20,2025,2025,hard,Vienna,QF,6-4 6-4,45,40,69,42,88,ATP-2025-0337-382,2025-0337,3,0.9855636975431303,0.8496490692706744,0.9855636975431303,0.9176063834069024,0.9435154263891411,0.9182166977187729,both_later
atp:100644,atp:208286,2025-10-20,2025,2025,hard,Vienna,R16,6-4 6-4,53,41,59,38,88,ATP-2025-0337-371,2025-0337,3,0.9177204817458599,0.7166615807140677,0.9177204817458599,0.8171910312299637,0.8331122698302157,0.8101419009278582,both_later
atp:134868,atp:206909,2025-10-20,2025,2025,hard,Vienna,R16,7-6(4) 7-6(2),82,63,92,63,88,ATP-2025-0337-372,2025-0337,3,0.4588696362576926,0.48608483368935,0.4588696362576926,0.47247723497352134,0.4725452982104838,0.4725687821203019,both_later
atp:207518,atp:144869,2025-10-20,2025,2025,hard,Vienna,R16,6-3 6-4,63,45,55,33,88,ATP-2025-0337-373,2025-0337,3,0.5404311741963572,0.5100701861458651,0.5404311741963572,0.5252506801711112,0.526986844606134,0.524609850143647,both_later
atp:144895,atp:106421,2025-10-20,2025,2025,hard,Vienna,R16,7-6(3) 6-4,89,50,71,38,88,ATP-2025-0337-374,2025-0337,3,0.06042640957360096,0.27259688739700944,0.06042640957360096,0.1665116484853052,0.1383177199444108,0.16419245410019687,both_later
atp:126610,atp:111815,2025-10-20,2025,2025,hard,Vienna,R16,7-6(6) 6-7(9) 6-4,124,86,117,78,88,ATP-2025-0337-375,2025-0337,3,0.5185556659506324,0.5100701861458651,0.5185556659506324,0.5143129260482487,0.5123736008412828,0.5141603474702812,both_later
atp:200282,atp:209209,2025-10-20,2025,2025,hard,Vienna,R16,6-4 6-4,57,43,69,44,88,ATP-2025-0337-376,2025-0337,3,0.9426192048749767,0.7573085138846506,0.9426192048749767,0.8499638593798137,0.8659911075379705,0.8489568407652271,both_later
atp:122330,atp:202103,2025-10-20,2025,2025,hard,Vienna,R16,6-4 6-2,66,46,50,31,88,ATP-2025-0337-377,2025-0337,3,0.42861917420789075,0.4776624961855355,0.42861917420789075,0.4531408351967131,0.45223161387573907,0.45185917514178486,both_later
atp:206173,atp:207925,2025-10-20,2025,2025,hard,Vienna,R16,6-2 7-6(4),65,47,79,49,88,ATP-2025-0337-378,2025-0337,3,0.9777787235008568,0.8194995422642661,0.9777787235008568,0.8986391328825615,0.9257263279466742,0.901141421561231,both_later
atp:100644,atp:207985,2025-10-20,2025,2025,hard,Vienna,R32,6-4 1-6 7-6(5),80,58,103,69,88,ATP-2025-0337-355,2025-0337,3,0.9511467359065198,0.7866646322856271,0.9511467359065198,0.8689056840960734,0.878599208760558,0.8694854826923506,both_first
atp:208286,atp:206499,2025-10-20,2025,2025,hard,Vienna,R32,7-5 6-4,71,49,76,48,88,ATP-2025-0337-356,2025-0337,3,0.6748578506798627,0.5621910283796155,0.6748578506798627,0.6185244395297391,0.6193585300727661,0.6188295966856744,both_first
atp:206909,atp:209260,2025-10-20,2025,2025,hard,Vienna,R32,6-2 7-5,54,40,81,47,88,ATP-2025-0337-357,2025-0337,3,0.8963380369887111,0.7053707659444614,0.8963380369887111,0.8008544014665862,0.808163598339837,0.7954836355221249,both_first
atp:134868,atp:111575,2025-10-20,2025,2025,hard,Vienna,R32,6-3 5-7 6-4,82,63,87,61,88,ATP-2025-0337-358,2025-0337,3,0.35009883143715353,0.4433628318584071,0.35009883143715353,0.39673083164778034,0.39833601705993654,0.39724959881287036,both_first
atp:207518,atp:209098,2025-10-20,2025,2025,hard,Vienna,R32,6-4 6-3,49,39,59,34,88,ATP-2025-0337-359,2025-0337,3,0.40507277698467736,0.4633201098565761,0.40507277698467736,0.43419644342062674,0.43628620036630916,0.43709543640201215,both_first
atp:144869,atp:149282,2025-10-20,2025,2025,hard,Vienna,R32,6-3 6-3,44,36,50,28,88,ATP-2025-0337-360,2025-0337,3,0.8322743963639961,0.6567287152883735,0.8322743963639961,0.7445015558261848,0.7441951731946839,0.7470038445048544,both_first
atp:144895,atp:106000,2025-10-20,2025,2025,hard,Vienna,R32,6-3 6-0,37,30,48,22,88,ATP-2025-0337-361,2025-0337,3,0.6718086367068505,0.5594446139761977,0.6718086367068505,0.6156266253415241,0.6171773150566489,0.6172134425523877,both_first
atp:106421,atp:132686,2025-10-20,2025,2025,hard,Vienna,R32,6-4 6-7(7) 6-2,98,69,102,65,88,ATP-2025-0337-362,2025-0337,3,0.861438135256503,0.6534940494354593,0.861438135256503,0.7574660923459812,0.7717450235857106,0.7569473251808911,both_first
atp:111815,atp:126094,2025-10-20,2025,2025,hard,Vienna,R32,6-2 6-7(5) 6-2,82,61,96,56,88,ATP-2025-0337-363,2025-0337,3,0.3427589976039324,0.4425083918217882,0.3427589976039324,0.3926336947128603,0.3931678832559357,0.3933355561715115,both_first
atp:126610,atp:200615,2025-10-20,2025,2025,hard,Vienna,R32,7-6(5) 6-3,59,46,66,44,88,ATP-2025-0337-364,2025-0337,3,0.528751150541075,0.5060421116875191,0.528751150541075,0.517396631114297,0.5191791866651834,0.5166032225088653,both_first
atp:209209,atp:200116,2025-10-20,2025,2025,hard,Vienna,R32,7-5 7-6(6),92,55,89,50,88,ATP-2025-0337-365,2025-0337,3,0.6286480897504104,0.5548062252059811,0.6286480897504104,0.5917271574781957,0.5868473612745211,0.5907506545792027,both_first
atp:200282,atp:200514,2025-10-20,2025,2025,hard,Vienna,R32,6-4 6-1,49,39,58,33,88,ATP-2025-0337-366,2025-0337,3,0.9025024992832833,0.6978028684772658,0.9025024992832833,0.8001526838802746,0.815110169369752,0.8028685825680988,both_first
atp:122330,atp:126214,2025-10-20,2025,2025,hard,Vienna,R32,6-4 6-4,54,42,56,38,88,ATP-2025-0337-367,2025-0337,3,0.32187565911331617,0.43359780286847727,0.32187565911331617,0.3777367309908967,0.3782984083726566,0.3798117996512568,both_first
atp:202103,atp:210506,2025-10-20,2025,2025,hard,Vienna,R32,6-3 6-1,50,35,51,25,88,ATP-2025-0337-368,2025-0337,3,0.39891705849538606,0.46545620994812326,0.39891705849538606,0.43218663422175463,0.43209231881660803,0.4319119927814129,both_first
atp:207925,atp:207830,2025-10-20,2025,2025,hard,Vienna,R32,7-6(6) 6-2,60,48,81,52,88,ATP-2025-0337-369,2025-0337,3,0.2805200176907538,0.41626487641135185,0.2805200176907538,0.3483924470510528,0.3479817737711854,0.35242052150939884,both_first
atp:206173,atp:127157,2025-10-20,2025,2025,hard,Vienna,R32,6-0 6-2,32,28,45,18,88,ATP-2025-0337-370,2025-0337,3,0.9917607334369125,0.8784559047909674,0.9917607334369125,0.93510831911394,0.9605970261287224,0.938098859242106,both_first
atp:100644,atp:207518,2025-10-20,2025,2025,hard,Vienna,SF,6-4 7-5,58,44,64,43,88,ATP-2025-0337-383,2025-0337,3,0.8861743657484683,0.6759536161122979,0.8861743657484683,0.7810639909303831,0.7970833559132313,0.7829864810127756,both_later
atp:206173,atp:200282,2025-10-20,2025,2025,hard,Vienna,SF,6-3 6-4,57,38,50,27,88,ATP-2025-0337-384,2025-0337,3,0.8449899344819692,0.6373817516020751,0.8449899344819692,0.7411858430420222,0.7559415737270739,0.7397516044091262,both_later
atp:206173,atp:200000,2025-10-27,2025,2025,hard,Paris Masters,F,6-4 7-6(4),61,51,73,50,88,ATP-2025-0352-373,2025-0352,3,0.942678191688081,0.750717119316448,0.942678191688081,0.8466976555022645,0.8660754996754769,0.8429442224842603,both_later
atp:206173,atp:210097,2025-10-27,2025,2025,hard,Paris Masters,QF,6-3 6-3,40,32,51,28,88,ATP-2025-0352-367,2025-0352,3,0.9016222611169555,0.7076289288983827,0.9016222611169555,0.8046255950076691,0.8141070256319186,0.801574023448316,both_later
atp:100644,atp:106421,2025-10-27,2025,2025,hard,Paris Masters,QF,2-6 6-3 7-6(5),93,59,97,59,88,ATP-2025-0352-368,2025-0352,3,0.6604998945742591,0.5552944766554776,0.6604998945742591,0.6078971856148683,0.6091359805351698,0.6075309970277459,both_later
atp:122330,atp:200282,2025-10-27,2025,2025,hard,Paris Masters,QF,6-7(5) 6-4 7-5,111,75,106,72,88,ATP-2025-0352-369,2025-0352,3,0.09174304541419613,0.3048825144949649,0.09174304541419613,0.19831277995458052,0.17823418948056793,0.19956392429391528,both_later
atp:200000,atp:200473,2025-10-27,2025,2025,hard,Paris Masters,QF,6-2 6-2,39,33,61,31,88,ATP-2025-0352-370,2025-0352,3,0.8094795291928416,0.6587427525175465,0.8094795291928416,0.7341111408551941,0.7240061342195573,0.7291675949290422,both_later
atp:206173,atp:202103,2025-10-27,2025,2025,hard,Paris Masters,R16,7-5 6-1,49,35,64,31,88,ATP-2025-0352-359,2025-0352,3,0.9805141135272402,0.8287763198046995,0.9805141135272402,0.9046452166659698,0.9316463125152209,0.9017767394001779,both_later
atp:210097,atp:126094,2025-10-27,2025,2025,hard,Paris Masters,R16,7-6(6) 6-3,58,47,72,48,88,ATP-2025-0352-360,2025-0352,3,0.4001612742503048,0.4624656698199573,0.4001612742503048,0.43131347203513104,0.43294094514617915,0.43354111927345873,both_later
atp:100644,atp:200221,2025-10-27,2025,2025,hard,Paris Masters,R16,6-2 6-4,57,39,62,33,88,ATP-2025-0352-361,2025-0352,3,0.9082130391477086,0.6984742142203235,0.9082130391477086,0.803343626684016,0.8217143541877566,0.802824859518926,both_later
atp:106421,atp:132283,2025-10-27,2025,2025,hard,Paris Masters,R16,3-6 7-6(5) 6-4,96,64,111,73,88,ATP-2025-0352-362,2025-0352,3,0.8542518993252659,0.6427525175465365,0.8542518993252659,0.7485022084359012,0.7647495218984713,0.7530185343437437,both_later
atp:200282,atp:111575,2025-10-27,2025,2025,hard,Paris Masters,R16,6-2 6-2,52,37,45,24,88,ATP-2025-0352-363,2025-0352,3,0.6357992008940412,0.5461397619774184,0.6357992008940412,0.5909694814357298,0.5918096944092142,0.5903286514082656,both_later
atp:122330,atp:126203,2025-10-27,2025,2025,hard,Paris Masters,R16,7-6(5) 6-2,70,49,80,48,88,ATP-2025-0352-364,2025-0352,3,0.08972198753037107,0.29346963686298444,0.08972198753037107,0.19159581219667776,0.1758545981702225,0.19092446645362007,both_later
atp:200000,atp:127157,2025-10-27,2025,2025,hard,Paris Masters,R16,3-6 6-3 6-2,74,55,94,57,88,ATP-2025-0352-365,2025-0352,3,0.8062416843601303,0.6229173024107415,0.8062416843601303,0.7145794933854359,0.7212186654896272,0.71314525475254,both_later
atp:200473,atp:111815,2025-10-27,2025,2025,hard,Paris Masters,R16,7-6(4) 6-4,77,54,57,46,88,ATP-2025-0352-366,2025-0352,3,0.1810258890087046,0.3316753127860848,0.1810258890087046,0.2563506008973947,0.26770948236348174,0.2598904239062443,both_later
atp:206173,atp:200267,2025-10-27,2025,2025,hard,Paris Masters,R32,6-4 6-2,48,36,70,40,88,ATP-2025-0352-343,2025-0352,3,0.9802419210705388,0.8271284711626488,0.9802419210705388,0.9036851961165937,0.9310431463907327,0.9025866303552267,mixed_first_later
atp:202103,atp:200175,2025-10-27,2025,2025,hard,Paris Masters,R32,7-5 1-6 7-6(4),102,62,117,68,88,ATP-2025-0352-344,2025-0352,3,0.45171091254549106,0.484070796460177,0.45171091254549106,0.467890854502834,0.46775144885232217,0.4670974458974022,both_later
atp:126094,atp:210530,2025-10-27,2025,2025,hard,Paris Masters,R32,6-4 6-4,66,44,62,38,88,ATP-2025-0352-345,2025-0352,3,0.8698408159886353,0.6694842844064693,0.8698408159886353,0.7696625501975523,0.7801203790289412,0.7650241614273356,both_later
atp:210097,atp:207925,2025-10-27,2025,2025,hard,Paris Masters,R32,7-6(4) 6-3,64,52,64,46,88,ATP-2025-0352-346,2025-0352,3,0.7086226407208662,0.5794018919743668,0.7086226407208662,0.6440122663476164,0.6439315168162398,0.6424254491367529,mixed_first_later
atp:100644,atp:200116,2025-10-27,2025,2025,hard,Paris Masters,R32,6-7(5) 6-1 7-5,92,69,109,68,88,ATP-2025-0352-347,2025-0352,3,0.9901557495611221,0.8765639304241685,0.9901557495611221,0.9333598399926453,0.9558067261176599,0.9380897759096425,mixed_first_later
atp:200221,atp:209070,2025-10-27,2025,2025,hard,Paris Masters,R32,7-6(5) 6-4,76,54,84,55,88,ATP-2025-0352-348,2025-0352,3,0.5085370230223434,0.5016478486420507,0.5085370230223434,0.5050924358321971,0.5056916559711125,0.5047567629606682,both_later
atp:132283,atp:207518,2025-10-27,2025,2025,hard,Paris Masters,R32,3-6 6-3 6-1,70,50,70,45,88,ATP-2025-0352-350,2025-0352,3,0.399510950540366,0.47216966737870003,0.399510950540366,0.435840308959533,0.43249744808560336,0.43050005873066516,mixed_first_later
atp:200282,atp:209113,2025-10-27,2025,2025,hard,Paris Masters,R32,7-6(8) 4-6 6-3,95,60,107,62,88,ATP-2025-0352-351,2025-0352,3,0.8538238989226307,0.6456209948123284,0.8538238989226307,0.7497224468674795,0.7643374730195736,0.7488985225464542,mixed_first_later
atp:111575,atp:211663,2025-10-27,2025,2025,hard,Paris Masters,R32,6-1 3-6 6-3,68,49,79,48,88,ATP-2025-0352-352,2025-0352,3,0.47705124259982107,0.49218797680805615,0.47705124259982107,0.4846196097039386,0.48469485475966273,0.48730499267616934,both_later
atp:122330,atp:144895,2025-10-27,2025,2025,hard,Paris Masters,R32,6-3 7-5,70,49,65,41,88,ATP-2025-0352-353,2025-0352,3,0.5511075191944165,0.5175770521818737,0.5511075191944165,0.534342285688145,0.5341378938261042,0.5332132042111845,both_later
atp:126203,atp:126846,2025-10-27,2025,2025,hard,Paris Masters,R32,7-6(4) 6-2,72,50,69,40,88,ATP-2025-0352-354,2025-0352,3,0.9056505531164212,0.702014037229173,0.9056505531164212,0.8038322951727971,0.8187298050101014,0.8075857281908014,mixed_first_later
atp:127157,atp:134770,2025-10-27,2025,2025,hard,Paris Masters,R32,6-3 7-5,63,46,56,36,88,ATP-2025-0352-355,2025-0352,3,0.18585097187320362,0.37525175465364663,0.18585097187320362,0.2805513632634251,0.2719406214963593,0.27725566597932383,mixed_first_later
atp:200000,atp:124186,2025-10-27,2025,2025,hard,Paris Masters,R32,5-7 7-6(5) 7-6(4),119,81,116,82,88,ATP-2025-0352-356,2025-0352,3,0.7455235063811464,0.5897772352761672,0.7455235063811464,0.6676503708286567,0.6718546702797911,0.6673452136727215,both_later
atp:200473,atp:126239,2025-10-27,2025,2025,hard,Paris Masters,R32,6-7(9) 6-3 6-4,108,72,109,68,88,ATP-2025-0352-357,2025-0352,3,0.28970632124718165,0.4008849557522124,0.28970632124718165,0.345295638499697,0.35483027128989575,0.34828617862786304,both_later
atp:111815,atp:207989,2025-10-27,2025,2025,hard,Paris Masters,R32,4-6 6-3 6-4,92,65,95,59,88,ATP-2025-0352-358,2025-0352,3,0.1144952520567218,0.3279523954836741,0.1144952520567218,0.22122382377019795,0.20363156293844378,0.22186465379766207,mixed_first_later
atp:200267,atp:210506,2025-10-27,2025,2025,hard,Paris Masters,R64,6-3 2-6 6-2,78,46,81,45,88,ATP-2025-0352-319,2025-0352,3,0.3834894031495719,0.46539517851693624,0.3834894031495719,0.4244422908332541,0.4215267624128575,0.42084143639321747,both_first
atp:200175,atp:206499,2025-10-27,2025,2025,hard,Paris Masters,R64,6-4 1-6 7-6(2),96,62,105,65,88,ATP-2025-0352-320,2025-0352,3,0.6691610005661587,0.5554165395178517,0.6691610005661587,0.6122887700420052,0.6152879473752609,0.6155844673261065,both_first
atp:202103,atp:106000,2025-10-27,2025,2025,hard,Paris Masters,R64,6-3 6-3,55,34,55,27,88,ATP-2025-0352-321,2025-0352,3,0.7693787658756922,0.6057674702471773,0.7693787658756922,0.6875731180614347,0.6906595308511383,0.6884275580980537,both_first
atp:126094,atp:207985,2025-10-27,2025,2025,hard,Paris Masters,R64,6-1 6-4,48,33,69,33,88,ATP-2025-0352-322,2025-0352,3,0.8723470704095416,0.6877937137625877,0.8723470704095416,0.7800703920860647,0.7826621690998917,0.7780563548568917,both_first
atp:210530,atp:132686,2025-10-27,2025,2025,hard,Paris Masters,R64,6-2 7-6(7),63,45,69,41,88,ATP-2025-0352-323,2025-0352,3,0.3729282353589523,0.45556911809581935,0.3729282353589523,0.41424867672738586,0.41424355256320905,0.4145233181677276,both_first
atp:207925,atp:207830,2025-10-27,2025,2025,hard,Paris Masters,R64,6-1 6-4,44,38,44,24,88,ATP-2025-0352-324,2025-0352,3,0.2795710907064466,0.4190112908147696,0.2795710907064466,0.3492911907606081,0.34727020491901606,0.3482841721460216,both_first
atp:200116,atp:144869,2025-10-27,2025,2025,hard,Paris Masters,R64,7-5 6-3,69,44,63,36,88,ATP-2025-0352-325,2025-0352,3,0.13607967703545157,0.32880683552029294,0.13607967703545157,0.23244325627787227,0.22580360220110846,0.23326718059889756,both_first
atp:209070,atp:209260,2025-10-27,2025,2025,hard,Paris Masters,R64,7-6(5) 7-6(4),87,59,83,56,88,ATP-2025-0352-326,2025-0352,3,0.8561430386979471,0.6538602380225816,0.8561430386979471,0.7550016383602643,0.7665762418357773,0.7579006313416498,both_first
atp:200221,atp:208316,2025-10-27,2025,2025,hard,Paris Masters,R64,4-6 6-1 6-4,80,58,81,52,88,ATP-2025-0352-327,2025-0352,3,0.8350427799737861,0.664113518462008,0.8350427799737861,0.749578149217897,0.7467206001975927,0.7458247161998928,both_first
atp:106421,atp:144719,2025-10-27,2025,2025,hard,Paris Masters,R64,6-1 6-3,53,36,45,23,88,ATP-2025-0352-328,2025-0352,3,0.9194906339622889,0.7008544400366189,0.9194906339622889,0.8101725369994539,0.8352952651248456,0.811789869925911,both_first
atp:105777,atp:208659,2025-10-27,2025,2025,hard,Paris Masters,R64,7-6(5) 6-1,65,46,76,44,88,ATP-2025-0352-329,2025-0352,3,0.8312366870399603,0.6577052181873665,0.8312366870399603,0.7444709526136635,0.7432529182025911,0.7428231039716128,both_first
atp:132283,atp:200624,2025-10-27,2025,2025,hard,Paris Masters,R64,6-2 6-3,48,33,68,34,88,ATP-2025-0352-330,2025-0352,3,0.24940373375786543,0.4057674702471773,0.24940373375786543,0.32758560200252135,0.3242014517558797,0.32746353914014725,both_first
atp:209113,atp:134868,2025-10-27,2025,2025,hard,Paris Masters,R64,6-3 6-4,57,45,50,32,88,ATP-2025-0352-331,2025-0352,3,0.4091431253743605,0.47082697589258465,0.4091431253743605,0.4399850506334726,0.43905310832285277,0.4372081205144613,both_first
atp:211663,atp:133430,2025-10-27,2025,2025,hard,Paris Masters,R64,5-7 6-4 6-3,96,65,86,52,88,ATP-2025-0352-332,2025-0352,3,0.5537160396387849,0.5247177296307598,0.5537160396387849,0.5392168846347724,0.5358876082386087,0.5380878031578118,both_first
atp:111575,atp:210319,2025-10-27,2025,2025,hard,Paris Masters,R64,6-1 6-1,39,29,43,18,88,ATP-2025-0352-333,2025-0352,3,0.9729156562506643,0.8162038449801647,0.9729156562506643,0.8945597506154146,0.9158738390295301,0.8963906935510264,both_first
atp:122330,atp:200615,2025-10-27,2025,2025,hard,Paris Masters,R64,6-4 6-3,58,39,57,35,88,ATP-2025-0352-334,2025-0352,3,0.27577402965999614,0.4198046994202014,0.27577402965999614,0.3477893645400988,0.3444148948744291,0.3486132888611241,both_first
atp:144895,atp:124187,2025-10-27,2025,2025,hard,Paris Masters,R64,3-6 7-5 6-1,72,53,89,57,88,ATP-2025-0352-335,2025-0352,3,0.46574892601855633,0.48285016783643575,0.46574892601855633,0.47429954692749604,0.4771460687083058,0.47579481699157905,both_first
atp:126846,atp:209279,2025-10-27,2025,2025,hard,Paris Masters,R64,6-4 2-6 6-4,95,61,80,53,88,ATP-2025-0352-336,2025-0352,3,0.5503542153292219,0.5163564235581325,0.5503542153292219,0.5333553194436772,0.53363279804252,0.5329280994253678,both_first
atp:127157,atp:106218,2025-10-27,2025,2025,hard,Paris Masters,R64,6-2 7-6(5),69,46,69,42,88,ATP-2025-0352-337,2025-0352,3,0.23509218999035073,0.3973451327433628,0.23509218999035073,0.3162186613668568,0.3129167275068363,0.3135332783946261,both_first
atp:124186,atp:206909,2025-10-27,2025,2025,hard,Paris Masters,R64,6-2 7-5,62,44,59,34,88,ATP-2025-0352-338,2025-0352,3,0.25435503618628386,0.41138236191638694,0.25435503618628386,0.3328686990513354,0.3280512270793213,0.33527944058322434,both_first
atp:200000,atp:207681,2025-10-27,2025,2025,hard,Paris Masters,R64,6-7(2) 6-3 6-3,80,58,100,58,88,ATP-2025-0352-339,2025-0352,3,0.654726017089748,0.5538297223069881,0.654726017089748,0.604277869698368,0.605058078792917,0.6058341711936381,both_first
atp:200473,atp:208103,2025-10-27,2025,2025,hard,Paris Masters,R64,6-1 6-3,39,32,45,24,88,ATP-2025-0352-340,2025-0352,3,0.22498803883455126,0.3642660970399756,0.22498803883455126,0.29462706793726345,0.3047977965964668,0.29554253940506936,both_first
atp:126239,atp:206681,2025-10-27,2025,2025,hard,Paris Masters,R64,7-6(5) 7-6(4),94,64,84,57,88,ATP-2025-0352-341,2025-0352,3,0.4596090343093674,0.4862679279829112,0.4596090343093674,0.4729384811461393,0.4730400587918708,0.47501354980649935,both_first
atp:111815,atp:202104,2025-10-27,2025,2025,hard,Paris Masters,R64,6-3 6-4,73,43,48,27,88,ATP-2025-0352-342,2025-0352,3,0.8488847811828929,0.6501373207201709,0.8488847811828929,0.7495110509515319,0.759618165006181,0.747619076584733,both_first
atp:206173,atp:100644,2025-10-27,2025,2025,hard,Paris Masters,SF,6-0 6-1,31,24,49,19,88,ATP-2025-0352-371,2025-0352,3,0.6882052977080889,0.5671956057369545,0.6882052977080889,0.6277004517225218,0.6289764202217764,0.6275783888601476,both_later
atp:200000,atp:122330,2025-10-27,2025,2025,hard,Paris Masters,SF,7-6(3) 6-4,61,43,69,43,88,ATP-2025-0352-372,2025-0352,3,0.7238534928187385,0.5803783948733597,0.7238534928187385,0.6521159438460491,0.6553044358762844,0.6512615038094303,both_later
atp:210530,atp:111815,2025-11-02,2025,2025,hard,Metz,F,6-3 3-6 7-6(6),113,70,84,58,89,ATP-2025-0341-385,2025-0341,3,0.24566204009862008,0.4068660360085444,0.24566204009862008,0.32626403805358223,0.3212741504951751,0.3240363908152545,both_later
atp:210530,atp:126610,2025-11-02,2025,2025,hard,Metz,QF,5-7 6-2 6-3,80,59,73,48,89,ATP-2025-0341-379,2025-0341,3,0.24209404084720626,0.39758925846811105,0.24209404084720626,0.31984164965765866,0.3184678184221128,0.32045196396952924,both_later
atp:126964,atp:202127,2025-11-02,2025,2025,hard,Metz,QF,6-4 3-6 6-4,84,58,86,60,89,ATP-2025-0341-380,2025-0341,3,0.546507161197711,0.5206896551724138,0.546507161197711,0.5335984081850624,0.5310546310825627,0.5285327993965363,both_later
atp:132283,atp:127157,2025-11-02,2025,2025,hard,Metz,QF,6-4 7-6(6),77,59,84,56,89,ATP-2025-0341-381,2025-0341,3,0.6795211778288092,0.5641440341776015,0.6795211778288092,0.6218326060032053,0.6227056152901354,0.6240297375259396,both_later
atp:111815,atp:208021,2025-11-02,2025,2025,hard,Metz,QF,4-6 7-6(2) 6-4,106,72,103,67,89,ATP-2025-0341-382,2025-0341,3,0.8827519735383587,0.7163564235581324,0.8827519735383587,0.7995541985482455,0.7934478887904052,0.8014461729150444,both_later
atp:210530,atp:121411,2025-11-02,2025,2025,hard,Metz,R16,7-6(3) 6-3,68,49,77,47,89,ATP-2025-0341-371,2025-0341,3,0.7105809252589104,0.5866036008544401,0.7105809252589104,0.6485922630566752,0.645382803015436,0.6523151803590859,mixed_first_later
atp:126610,atp:126846,2025-11-02,2025,2025,hard,Metz,R16,7-6(5) 6-3,59,47,63,40,89,ATP-2025-0341-372,2025-0341,3,0.735645605637474,0.5968568812938664,0.735645605637474,0.6662512434656702,0.6642530121293753,0.6678075449609402,both_later
atp:126964,atp:122330,2025-11-02,2025,2025,hard,Metz,R16,7-5 3-6 7-5,109,73,84,64,89,ATP-2025-0341-373,2025-0341,3,0.3148916541612367,0.42035398230088494,0.3148916541612367,0.3676228182310608,0.3732656863234908,0.36963685546023384,mixed_first_later
atp:202127,atp:210696,2025-11-02,2025,2025,hard,Metz,R16,6-7(4) 7-6(6) 7-6(6),125,87,119,81,89,ATP-2025-0341-374,2025-0341,3,0.578666640278921,0.5368629844369851,0.578666640278921,0.557764812357953,0.5526873816666615,0.5605112267613708,both_later
atp:127157,atp:200384,2025-11-02,2025,2025,hard,Metz,R16,4-6 6-0 0-0 RET,42,30,55,32,89,ATP-2025-0341-375,2025-0341,3,0.5691135704368967,0.5185535550808666,0.5691135704368967,0.5438335627588817,0.5462400720979858,0.5494789701436849,both_later
atp:132283,atp:207925,2025-11-02,2025,2025,hard,Metz,R16,2-6 6-3 7-5,78,56,97,63,89,ATP-2025-0341-376,2025-0341,3,0.5228879794878222,0.507934086054318,0.5228879794878222,0.5154110327710701,0.515264579267667,0.5131223541015553,mixed_first_later
atp:111815,atp:209070,2025-11-02,2025,2025,hard,Metz,R16,6-7(1) 7-6(7) 6-2,108,74,109,69,89,ATP-2025-0341-377,2025-0341,3,0.6039193415664146,0.535764418675618,0.6039193415664146,0.5698418801210163,0.5698441171334034,0.5694146601027068,both_later
atp:208021,atp:200385,2025-11-02,2025,2025,hard,Metz,R16,6-0 6-2,41,30,45,19,89,ATP-2025-0341-378,2025-0341,3,0.4621983448159282,0.4812633506255722,0.4621983448159282,0.4717308477207502,0.4747721567765687,0.47249374061058846,mixed_first_later
atp:210530,atp:200259,2025-11-02,2025,2025,hard,Metz,R32,6-3 6-3,41,36,67,36,89,ATP-2025-0341-359,2025-0341,3,0.5451787107771643,0.5172108635947513,0.5451787107771643,0.5311947871859578,0.5301648364835881,0.5302182842869648,both_first
atp:126610,atp:111460,2025-11-02,2025,2025,hard,Metz,R32,6-2 6-4,44,37,46,29,89,ATP-2025-0341-360,2025-0341,3,0.6975922417422161,0.5785474519377479,0.6975922417422161,0.638069846839982,0.6358134503181047,0.6343164138219778,both_first
atp:126846,atp:144895,2025-11-02,2025,2025,hard,Metz,R32,3-6 7-6(6) 7-6(8),112,79,114,82,89,ATP-2025-0341-361,2025-0341,3,0.5350899582684833,0.5084833689350016,0.5350899582684833,0.5217866636017424,0.5234146865221362,0.526943819537049,both_first
atp:126964,atp:208659,2025-11-02,2025,2025,hard,Metz,R32,7-6(10) 6-3,69,55,75,52,89,ATP-2025-0341-362,2025-0341,3,0.3421852630839628,0.4250534025022887,0.3421852630839628,0.38361933279312577,0.39276270317663253,0.38450428854533814,both_first
atp:210696,atp:208859,2025-11-02,2025,2025,hard,Metz,R32,3-6 6-3 6-4,96,64,100,63,89,ATP-2025-0341-363,2025-0341,3,0.3399603263514783,0.4237107110161733,0.3399603263514783,0.3818355186838258,0.3911897243464256,0.3846124488028371,both_first
atp:202127,atp:206499,2025-11-02,2025,2025,hard,Metz,R32,6-3 6-2,43,37,52,27,89,ATP-2025-0341-364,2025-0341,3,0.33206044044400385,0.4329874885566066,0.33206044044400385,0.38252396450030524,0.38558226973408455,0.38014373868400986,both_first
atp:127157,atp:126239,2025-11-02,2025,2025,hard,Metz,R32,6-4 6-4,68,47,64,41,89,ATP-2025-0341-365,2025-0341,3,0.31917177139324,0.427372596887397,0.31917177139324,0.3732721841403185,0.37635375757538975,0.3786734658003734,both_first
atp:200384,atp:209279,2025-11-02,2025,2025,hard,Metz,R32,6-4 6-1,39,33,48,27,89,ATP-2025-0341-366,2025-0341,3,0.37731584455498557,0.452212389380531,0.37731584455498557,0.4147641169677583,0.41727468457268774,0.41870064427932374,both_first
atp:132283,atp:123828,2025-11-02,2025,2025,hard,Metz,R32,4-6 6-4 6-4,86,59,94,58,89,ATP-2025-0341-367,2025-0341,3,0.7283932622308095,0.6027769301190113,0.7283932622308095,0.6655850961749104,0.6587339289191825,0.6610992859826614,both_first
atp:111815,atp:208316,2025-11-02,2025,2025,hard,Metz,R32,6-3 6-7(2) 6-3,84,66,89,62,89,ATP-2025-0341-368,2025-0341,3,0.874031378660313,0.6926762282575526,0.874031378660313,0.7833538034589328,0.7843821921032144,0.7877785822199947,both_first
atp:209070,atp:105173,2025-11-02,2025,2025,hard,Metz,R32,6-3 7-6(4),66,50,69,47,89,ATP-2025-0341-369,2025-0341,3,0.6707678428649331,0.5544400366188588,0.6707678428649331,0.6126039397418959,0.6164340961339407,0.6144043669619141,both_first
atp:208021,atp:209414,2025-11-02,2025,2025,hard,Metz,R32,4-6 6-3 6-4,103,69,98,63,89,ATP-2025-0341-370,2025-0341,3,0.2697023859769825,0.3911199267622826,0.2697023859769825,0.33041115636963253,0.3398217385904079,0.330319609222852,both_first
atp:210530,atp:126964,2025-11-02,2025,2025,hard,Metz,SF,6-1 6-4,45,36,45,27,89,ATP-2025-0341-383,2025-0341,3,0.666926828392101,0.5740921574610924,0.666926828392101,0.6205094929265967,0.6136968749638331,0.6174579213672438,both_later
atp:111815,atp:132283,2025-11-02,2025,2025,hard,Metz,SF,4-6 6-2 6-4,69,55,86,53,89,ATP-2025-0341-384,2025-0341,3,0.6444614177318119,0.5522429050961245,0.6444614177318119,0.5983521614139682,0.5978514560547308,0.6006103243678895,both_later
atp:104925,atp:207518,2025-11-02,2025,2025,hard,Athens,F,4-6 6-3 7-5,97,64,96,60,89,ATP-2025-5100-385,2025-5100,3,0.9132113898570782,0.7026243515410436,0.9132113898570782,0.8079178706990608,0.8276402422054262,0.8049273305708948,both_later
atp:207518,atp:124186,2025-11-02,2025,2025,hard,Athens,QF,6-2 6-4,53,38,72,36,89,ATP-2025-5100-379,2025-5100,3,0.7185308479431362,0.5683552029295087,0.7185308479431362,0.6434430254363224,0.6513072921390778,0.6520179415181045,both_later
atp:200624,atp:200175,2025-11-02,2025,2025,hard,Athens,QF,6-3 6-2,45,38,49,27,89,ATP-2025-5100-380,2025-5100,3,0.7475261727287236,0.590631675312786,0.7475261727287236,0.6690789240207549,0.673408319267984,0.6695976911858448,both_later
atp:105870,atp:106218,2025-11-02,2025,2025,hard,Athens,QF,7-6(3) 6-4,58,48,67,45,89,ATP-2025-5100-381,2025-5100,3,0.2816764169363021,0.42554165395178517,0.2816764169363021,0.35360903544404365,0.34884785175897054,0.35186963965521234,both_later
atp:104925,atp:132686,2025-11-02,2025,2025,hard,Athens,QF,7-6(1) 6-4,61,49,80,51,89,ATP-2025-5100-382,2025-5100,3,0.9406567303322262,0.7337503814464449,0.9406567303322262,0.8372035558893356,0.8632039324888762,0.8377833544856126,both_later
atp:207518,atp:104527,2025-11-02,2025,2025,hard,Athens,R16,4-6 7-6(5) 6-4,100,69,108,72,89,ATP-2025-5100-371,2025-5100,3,0.6592116070825225,0.5534025022886787,0.6592116070825225,0.6063070546856006,0.6082245352448843,0.6059713818140717,mixed_first_later
atp:124186,atp:144869,2025-11-02,2025,2025,hard,Athens,R16,6-7(2) 7-6(4) 7-6(3),130,90,119,87,89,ATP-2025-5100-372,2025-5100,3,0.32189866227580705,0.43677143729020446,0.32189866227580705,0.37933504978300575,0.37831493220856177,0.38070825698471467,both_later
atp:200175,atp:209260,2025-11-02,2025,2025,hard,Athens,R16,4-6 6-2 6-3,84,54,92,49,89,ATP-2025-5100-373,2025-5100,3,0.8508136035736954,0.6565456209948123,0.8508136035736954,0.7536796122842538,0.7614534146469282,0.7510247450276166,mixed_first_later
atp:200624,atp:106000,2025-11-02,2025,2025,hard,Athens,R16,4-6 6-3 6-3,84,60,80,49,89,ATP-2025-5100-374,2025-5100,3,0.9328856074462385,0.7290509612450412,0.9328856074462385,0.8309682843456399,0.852530722499711,0.832646648703284,both_later
atp:105870,atp:200240,2025-11-02,2025,2025,hard,Athens,R16,6-2 5-7 7-5,91,63,115,67,89,ATP-2025-5100-375,2025-5100,3,0.6957269847270039,0.5727494659749771,0.6957269847270039,0.6342382253509905,0.6344498183991241,0.6414704499466573,both_later
atp:106218,atp:206909,2025-11-02,2025,2025,hard,Athens,R16,7-6(7) 6-1,77,50,61,36,89,ATP-2025-5100-376,2025-5100,3,0.4270399258801962,0.4745498931949954,0.4270399258801962,0.4507949095375958,0.45116641337599733,0.4494217023358869,mixed_first_later
atp:132686,atp:208118,2025-11-02,2025,2025,hard,Athens,R16,5-7 6-3 6-4,91,65,99,63,89,ATP-2025-5100-377,2025-5100,3,0.9097058782736716,0.72990540128166,0.9097058782736716,0.8198056397776659,0.8234694715621836,0.818035728273241,both_later
atp:104925,atp:126214,2025-11-02,2025,2025,hard,Athens,R16,7-6(3) 6-1,59,47,62,36,89,ATP-2025-5100-378,2025-5100,3,0.9082513428333769,0.7021971315227342,0.9082513428333769,0.8052242371780556,0.8217592345652744,0.8037594828295661,mixed_first_later
atp:104527,atp:122298,2025-11-02,2025,2025,hard,Athens,R32,2-6 7-6(5) 7-5,111,72,86,65,89,ATP-2025-5100-359,2025-5100,3,0.44111218287019593,0.480103753433018,0.44111218287019593,0.460607968151607,0.4606400157120447,0.46176756534416113,both_first
atp:144869,atp:111456,2025-11-02,2025,2025,hard,Athens,R32,6-7(5) 7-6(3) 6-3,114,80,106,70,89,ATP-2025-5100-360,2025-5100,3,0.5481721137734552,0.5178822093378089,0.5481721137734552,0.5330271615556321,0.5321701629188196,0.5302502314366209,both_first
atp:124186,atp:105526,2025-11-02,2025,2025,hard,Athens,R32,6-3 2-6 7-6(6),114,70,80,55,89,ATP-2025-5100-361,2025-5100,3,0.28144281994247955,0.42554165395178517,0.28144281994247955,0.3534922369471324,0.3486729948160557,0.35385842553425473,both_first
atp:200175,atp:111794,2025-11-02,2025,2025,hard,Athens,R32,7-6(4) 7-6(4),89,57,93,55,89,ATP-2025-5100-362,2025-5100,3,0.6441990179710066,0.5579798596277082,0.6441990179710066,0.6010894387993575,0.5976679168129108,0.596115377157612,both_first
atp:106000,atp:207985,2025-11-02,2025,2025,hard,Athens,R32,6-4 6-2,47,34,56,29,89,ATP-2025-5100-363,2025-5100,3,0.38990071450716124,0.45349404943545923,0.38990071450716124,0.42169738197131024,0.42592754041928477,0.422887494879458,both_first
atp:200624,atp:200615,2025-11-02,2025,2025,hard,Athens,R32,4-6 6-3 6-4,82,60,86,57,89,ATP-2025-5100-364,2025-5100,3,0.6296609536449244,0.5450411962160513,0.6296609536449244,0.5873510749304878,0.5875488746668125,0.5864966348938689,both_first
atp:200240,atp:124187,2025-11-02,2025,2025,hard,Athens,R32,6-4 6-3,54,41,60,37,89,ATP-2025-5100-365,2025-5100,3,0.28836754891259186,0.420415013732072,0.28836754891259186,0.35439128132233194,0.35383661565645474,0.35320116841418425,both_first
atp:105870,atp:129814,2025-11-02,2025,2025,hard,Athens,R32,6-4 6-2,56,40,59,33,89,ATP-2025-5100-366,2025-5100,3,0.6876461182021428,0.5862984436985047,0.6876461182021428,0.6369722809503238,0.6285711043756269,0.6346530865652155,both_first
atp:106218,atp:124079,2025-11-02,2025,2025,hard,Athens,R32,6-4 6-1,48,36,64,34,89,ATP-2025-5100-367,2025-5100,3,0.8223163739675058,0.623405553860238,0.8223163739675058,0.7228609639138719,0.735247888313872,0.7231966367854008,both_first
atp:132686,atp:208852,2025-11-02,2025,2025,hard,Athens,R32,7-6(4) 6-3,64,52,61,44,89,ATP-2025-5100-368,2025-5100,3,0.9169655676746471,0.7401586817210863,0.9169655676746471,0.8285621246978667,0.8321873898286157,0.826273446028352,both_first
atp:208118,atp:111513,2025-11-02,2025,2025,hard,Athens,R32,1-6 7-6(6) 6-2,90,57,85,56,89,ATP-2025-5100-369,2025-5100,3,0.1367034509399956,0.32233750381446447,0.1367034509399956,0.22952047737723003,0.22642138298198916,0.22576704435922573,both_first
atp:126214,atp:200443,2025-11-02,2025,2025,hard,Athens,R32,7-6(7) 6-7(6) 7-5,126,87,115,81,89,ATP-2025-5100-370,2025-5100,3,0.7732705268044308,0.6093072932560268,0.7732705268044308,0.6912889100302289,0.6937934173367988,0.696995348846219,both_first
atp:207518,atp:200624,2025-11-02,2025,2025,hard,Athens,SF,6-0 5-7 7-5,103,65,84,50,89,ATP-2025-5100-383,2025-5100,3,0.3158589319538876,0.43506255721696674,0.3158589319538876,0.37546074458542716,0.37396463552218334,0.37311103448472527,both_later
atp:104925,atp:105870,2025-11-02,2025,2025,hard,Athens,SF,6-3 6-4,51,37,48,30,89,ATP-2025-5100-384,2025-5100,3,0.9731073861079065,0.8047909673481843,0.9731073861079065,0.8889491767280454,0.9162481146267994,0.8913904339755279,both_later
atp:206173,atp:207989,2025-11-09,2025,2025,hard,Tour Finals,F,7-6(4) 7-5,78,55,72,49,89,ATP-2025-0605-385,2025-0605,3,0.6586830720563882,0.5483979249313397,0.6586830720563882,0.6035404984938639,0.6078508678467894,0.6064700071908429,both_later
atp:200000,atp:210097,2025-11-09,2025,2025,hard,Tour Finals,RR,4-6 7-6(7) 7-5,93,71,104,72,89,ATP-2025-0605-371,2025-0605,3,0.4388547689363358,0.47198657308513886,0.4388547689363358,0.45542067101073735,0.4591229018769552,0.4576178025334715,unknown
atp:200000,atp:100644,2025-11-09,2025,2025,hard,Tour Finals,RR,6-4 7-6(4),73,52,78,51,89,ATP-2025-0605-372,2025-0605,3,0.1489489976774405,0.3424168446750076,0.1489489976774405,0.24568292117622403,0.23832002520015028,0.2473002541026812,unknown
atp:100644,atp:210097,2025-11-09,2025,2025,hard,Tour Finals,RR,6-3 7-6(6),54,44,71,44,89,ATP-2025-0605-373,2025-0605,3,0.7869694583274754,0.6222459566676839,0.7869694583274754,0.7046077074975796,0.7049889393079597,0.7059809146992886,unknown
atp:206173,atp:200000,2025-11-09,2025,2025,hard,Tour Finals,RR,7-5 6-1,51,41,71,39,89,ATP-2025-0605-374,2025-0605,3,0.9409999054494438,0.7424778761061946,0.9409999054494438,0.8417388907778192,0.8636884840939864,0.8423492050896899,unknown
atp:206173,atp:210097,2025-11-09,2025,2025,hard,Tour Finals,RR,6-3 7-6(3),63,47,66,44,89,ATP-2025-0605-375,2025-0605,3,0.8991767604743414,0.7078120231919438,0.8991767604743414,0.8034943918331425,0.811339962385906,0.7998630216775124,unknown
atp:206173,atp:100644,2025-11-09,2025,2025,hard,Tour Finals,RR,6-4 6-3,68,47,52,34,89,ATP-2025-0605-376,2025-0605,3,0.6864330891269096,0.5663411657003357,0.6864330891269096,0.6263871274136226,0.6276925900419934,0.623244008707489,unknown
atp:200282,atp:126203,2025-11-09,2025,2025,hard,Tour Finals,RR,7-6(3) 6-3,66,46,69,42,89,ATP-2025-0605-377,2025-0605,3,0.4351503997880392,0.4782117790662191,0.4351503997880392,0.45668108942712915,0.45663128946070414,0.45570458652813617,unknown
atp:207518,atp:200282,2025-11-09,2025,2025,hard,Tour Finals,RR,7-5 3-6 7-5,90,60,110,70,89,ATP-2025-0605-378,2025-0605,3,0.2048318083169092,0.39081476960634726,0.2048318083169092,0.29782328896162824,0.2881793462225412,0.29965423189724005,unknown
atp:126203,atp:207518,2025-11-09,2025,2025,hard,Tour Finals,RR,6-3 6-4,56,43,86,49,89,ATP-2025-0605-379,2025-0605,3,0.8152370390910757,0.6265181568507782,0.8152370390910757,0.720877597970927,0.7290095931783713,0.7205724408149916,unknown
atp:207989,atp:200282,2025-11-09,2025,2025,hard,Tour Finals,RR,7-6(5) 6-2,72,44,58,31,89,ATP-2025-0605-380,2025-0605,3,0.7308364163064794,0.5786695148001221,0.7308364163064794,0.6547529655533008,0.6605875341198219,0.653044085480063,unknown
atp:207989,atp:126203,2025-11-09,2025,2025,hard,Tour Finals,RR,6-7(2) 7-5 6-3,128,85,114,72,89,ATP-2025-0605-381,2025-0605,3,0.6524006612804656,0.5508391821788221,0.6524006612804656,0.6016199217296438,0.6034207761618937,0.6001856830967479,unknown
atp:207989,atp:207518,2025-11-09,2025,2025,hard,Tour Finals,RR,6-4 6-1,52,39,56,31,89,ATP-2025-0605-382,2025-0605,3,0.9189325991329182,0.7077509917607568,0.9189325991329182,0.8133417954468376,0.8346048941727678,0.8093747524196786,unknown
atp:206173,atp:200282,2025-11-09,2025,2025,hard,Tour Finals,SF,7-5 6-2,59,44,88,48,89,ATP-2025-0605-383,2025-0605,3,0.8441946096658753,0.6438510833079035,0.8441946096658753,0.7440228464868894,0.7551955286696775,0.7420393249733099,both_first
atp:207989,atp:200000,2025-11-09,2025,2025,hard,Tour Finals,SF,6-2 6-4,51,38,57,33,89,ATP-2025-0605-384,2025-0605,3,0.8906346750091908,0.6836435764418676,0.8906346750091908,0.7871391257255291,0.8018917929129945,0.7866203585604392,both_first
atp:210530,atp:210696,2025-12-17,2025,2025,hard,Next Gen Finals,F,4-3(4) 4-2 4-1,52,41,48,31,89,ATP-2025-7696-400,2025-7696,5,0.8080948086531786,0.7396093988404028,0.8080948086531786,0.7738521037467907,0.7228117539048878,0.7710446579121859,both_later
atp:210460,atp:211514,2025-12-17,2025,2025,hard,Next Gen Finals,RR,4-3(3) 4-2 4-3(5),55,44,61,38,89,ATP-2025-7696-386,2025-7696,5,0.6262573571707148,0.596551724137931,0.6262573571707148,0.6114045406543229,0.585193230965809,0.6113740249387294,unknown
atp:209976,atp:211514,2025-12-17,2025,2025,hard,Next Gen Finals,RR,4-1 2-4 4-3(3) 4-1,71,50,66,40,89,ATP-2025-7696-387,2025-7696,5,0.7054882311228785,0.6619774183704608,0.7054882311228785,0.6837328247466696,0.6416150327043224,0.6805591903249424,unknown
atp:210460,atp:209976,2025-12-17,2025,2025,hard,Next Gen Finals,RR,4-2 4-3(7) 3-4(3) 4-2,73,51,80,51,89,ATP-2025-7696-388,2025-7696,5,0.4148796883591835,0.4361000915471468,0.4148796883591835,0.42548988995316517,0.44294477592984866,0.42738186431996406,unknown
atp:210696,atp:211514,2025-12-17,2025,2025,hard,Next Gen Finals,RR,3-4(7) 4-2 4-2 4-2,67,54,76,47,89,ATP-2025-7696-389,2025-7696,5,0.33896493933752897,0.36762282575526395,0.33896493933752897,0.3532938825463965,0.39048512725595547,0.35488069975726005,unknown
atp:210696,atp:210460,2025-12-17,2025,2025,hard,Next Gen Finals,RR,4-3(2) 4-3(8) 4-1,68,46,58,35,89,ATP-2025-7696-390,2025-7696,5,0.22412938489499926,0.2843759536161123,0.22412938489499926,0.2542526692555558,0.30410166319463333,0.2524217263199439,unknown
atp:210696,atp:209976,2025-12-17,2025,2025,hard,Next Gen Finals,RR,4-3(4) 2-4 4-2 4-0,71,45,71,38,89,ATP-2025-7696-391,2025-7696,5,0.1596523415154544,0.22761672261214524,0.1596523415154544,0.19363453206379982,0.24839113527167125,0.19366504777939336,unknown
atp:149282,atp:212588,2025-12-17,2025,2025,hard,Next Gen Finals,RR,4-1 4-2 1-4 4-2,61,34,59,30,89,ATP-2025-7696-392,2025-7696,5,0.5006591486359598,0.5056759231003967,0.5006591486359598,0.5031675358681782,0.5004394325653979,0.4976136756301557,unknown
atp:212588,atp:212021,2025-12-17,2025,2025,hard,Next Gen Finals,RR,4-3(7) 4-1 4-3(2),57,45,61,38,89,ATP-2025-7696-393,2025-7696,5,0.5918455551130682,0.5758620689655173,0.5918455551130682,0.5838538120392928,0.5616185300629779,0.5806191461863786,unknown
atp:149282,atp:212021,2025-12-17,2025,2025,hard,Next Gen Finals,RR,4-1 3-4(7) 4-2 4-3(4),74,51,78,46,89,ATP-2025-7696-394,2025-7696,5,0.5934764189530601,0.5664021971315227,0.5934764189530601,0.5799393080422914,0.5627270332162273,0.5847302753904757,unknown
atp:212588,atp:210530,2025-12-17,2025,2025,hard,Next Gen Finals,RR,1-4 4-3(3) 1-4 4-2 4-3(4),95,51,80,50,89,ATP-2025-7696-395,2025-7696,5,0.2635572503498084,0.32654867256637166,0.2635572503498084,0.29505296145809,0.3351372250173896,0.29474780430215475,unknown
atp:210530,atp:149282,2025-12-17,2025,2025,hard,Next Gen Finals,RR,3-4(2) 4-1 4-2 4-2,69,50,65,42,89,ATP-2025-7696-396,2025-7696,5,0.737399114434776,0.6793103448275862,0.737399114434776,0.7083547296311812,0.6655951683282921,0.7077138996037169,unknown
atp:210530,atp:212021,2025-12-17,2025,2025,hard,Next Gen Finals,RR,1-4 4-1 4-3(4) 4-3(2),69,50,65,44,89,ATP-2025-7696-397,2025-7696,5,0.8170056145792144,0.7399755874275252,0.8170056145792144,0.7784906010033699,0.7305589563400327,0.7811759839756005,unknown
atp:210696,atp:149282,2025-12-17,2025,2025,hard,Next Gen Finals,SF,4-3(4) 4-3(8) 4-2,63,43,66,36,89,ATP-2025-7696-398,2025-7696,5,0.41132060581427987,0.4375038144644492,0.41132060581427987,0.42441221013936453,0.4405313636517429,0.42380189582749395,both_first
atp:210530,atp:210460,2025-12-17,2025,2025,hard,Next Gen Finals,SF,4-2 4-1 4-3(3),50,31,50,22,89,ATP-2025-7696-399,2025-7696,5,0.5169554521707574,0.5075678974671957,0.5169554521707574,0.5122616748189766,0.5113060430997164,0.512688894837286,both_first
