match_id,tourney_id,p1,p2,p,y,round,retired,both_seen,n,loss_sum,correct,arm,mode
2013-ausopen-1101,2013-580,104925,103908,0.9992659775364903,1,R128,False,True,1,0.0007342919898985533,1,ordinary,frozen
2013-ausopen-1102,2013-580,105992,105053,0.32921261986095685,1,R128,False,True,1,1.1110514759779093,0,ordinary,frozen
2013-ausopen-1105,2013-580,105023,103926,0.9469867686582419,1,R128,False,False,1,0.05447015774346333,1,ordinary,frozen
2013-ausopen-1109,2013-580,104338,105723,0.9297397948917878,0,R128,False,False,1,2.655549712874419,0,ordinary,frozen
2013-ausopen-1110,2013-580,104731,103893,0.956462211150112,1,R128,False,True,1,0.04451399830504717,1,ordinary,frozen
2013-ausopen-1112,2013-580,105676,104269,0.7679414055044902,0,R128,False,True,1,1.4607653767237156,0,ordinary,frozen
2013-ausopen-1116,2013-580,103188,104607,0.007707278211299843,0,R128,False,True,1,0.0077371327772407135,1,ordinary,frozen
2013-ausopen-1117,2013-580,103970,103694,0.9999986871217891,1,R128,False,True,1,1.312879072749315e-06,1,ordinary,frozen
2013-ausopen-1119,2013-580,105357,105147,0.6105463103316658,0,R128,False,False,1,0.9430103176121836,0,ordinary,frozen
2013-ausopen-1120,2013-580,105077,104571,0.009056911479409093,0,R128,False,True,1,0.009098174635637859,1,ordinary,frozen
2013-ausopen-1121,2013-580,104022,105051,0.6041464737781793,1,R128,False,True,1,0.5039386041919472,1,ordinary,frozen
2013-ausopen-1124,2013-580,103812,105453,0.020838424917141586,0,R128,False,True,1,0.02105860912673059,1,ordinary,frozen
2013-ausopen-1125,2013-580,104597,105449,0.9514654490103075,1,R128,False,True,1,0.04975190503312958,1,ordinary,frozen
2013-ausopen-1128,2013-580,104620,105668,0.2964211107744624,0,R128,False,True,1,0.3515752705120995,1,ordinary,frozen
2013-ausopen-1132,2013-580,103720,104386,0.1290950103622713,0,R128,False,True,1,0.13822239001092598,1,ordinary,frozen
2013-ausopen-1133,2013-580,105223,105173,0.9617121248531337,1,R128,False,True,1,0.03904011961401712,1,ordinary,frozen
2013-ausopen-1140,2013-580,104594,105227,0.10716246435750021,0,R128,False,True,1,0.1133506456285295,1,ordinary,frozen
2013-ausopen-1141,2013-580,104468,103835,0.974344248303797,1,R128,False,True,1,0.025990600100417233,1,ordinary,frozen
2013-ausopen-1144,2013-580,104792,105238,0.553620857565772,1,R128,False,True,1,0.591275199149659,1,ordinary,frozen
2013-ausopen-1148,2013-580,104898,104918,0.008262637239412068,0,R128,False,True,1,0.008296962032796503,1,ordinary,frozen
2013-ausopen-1149,2013-580,104542,103566,0.9483651514240297,1,R128,False,True,1,0.053015670063170976,1,ordinary,frozen
2013-ausopen-1150,2013-580,104424,106291,0.9446807873399372,1,R128,False,False,1,0.05690819972735366,1,ordinary,frozen
2013-ausopen-1151,2013-580,105902,106093,0.8898366294557452,1,R128,False,True,1,0.11671739551486769,1,ordinary,frozen
2013-ausopen-1153,2013-580,103163,103813,0.9034721485390291,0,R128,False,True,1,2.3379236961029695,0,ordinary,frozen
2013-ausopen-1154,2013-580,104471,105842,0.1760110743469896,1,R128,False,False,1,1.737208363497441,0,ordinary,frozen
2013-ausopen-1156,2013-580,103656,104755,0.09409702497573219,0,R128,False,True,1,0.09882307025856428,1,ordinary,frozen
2013-ausopen-1157,2013-580,105683,104225,0.9388369271093545,1,R128,False,True,1,0.06311348140586381,1,ordinary,frozen
2013-ausopen-1160,2013-580,104327,104259,0.11115913118335824,0,R128,False,True,1,0.11783705969693367,1,ordinary,frozen
2013-ausopen-1162,2013-580,106071,104919,0.6562783388702147,1,R128,False,True,1,0.42117028296833703,1,ordinary,frozen
2013-ausopen-1164,2013-580,105332,103819,0.0001471349812743278,0,R128,False,True,1,0.00014714580668756275,1,ordinary,frozen
2013-ausopen-1201,2013-580,104925,105992,0.9994353810563583,1,R64,False,True,1,0.0005647784009420076,1,ordinary,frozen
2013-ausopen-1202,2013-580,103852,103285,0.7531383984730613,0,R64,False,True,1,1.3989274170954895,0,ordinary,frozen
2013-ausopen-1203,2013-580,105023,104548,0.6495795546249412,1,R64,True,True,1,0.43142996442163356,1,ordinary,frozen
2013-ausopen-1204,2013-580,104735,104527,0.10508819434393067,0,R64,True,True,1,0.11103010672918438,1,ordinary,frozen
2013-ausopen-1205,2013-580,105723,104731,0.05468748790019431,0,R64,False,False,1,0.05623970552308171,1,ordinary,frozen
2013-ausopen-1206,2013-580,103598,104269,0.7317000038110755,0,R64,False,True,1,1.315649535755089,0,ordinary,frozen
2013-ausopen-1208,2013-580,105558,104607,0.0004252676063362784,0,R64,False,True,1,0.00042535805824986606,1,ordinary,frozen
2013-ausopen-1209,2013-580,103970,105065,0.9999941887661644,1,R64,False,True,1,5.811250720869002e-06,1,ordinary,frozen
2013-ausopen-1210,2013-580,105147,104571,0.01480771499520651,0,R64,False,True,1,0.014918443658830044,1,ordinary,frozen
2013-ausopen-1212,2013-580,104122,105453,0.11494692833352763,0,R64,False,True,1,0.1221076677875007,1,ordinary,frozen
2013-ausopen-1213,2013-580,104597,104593,0.9985281011688361,1,R64,False,True,1,0.001472983138372819,1,ordinary,frozen
2013-ausopen-1214,2013-580,104500,105668,0.018754544962911714,0,R64,False,True,1,0.018932641705582506,1,ordinary,frozen
2013-ausopen-1215,2013-580,103898,104273,0.6824395618817768,1,R64,False,True,1,0.38208130986353556,1,ordinary,frozen
2013-ausopen-1216,2013-580,105041,104386,0.01595039693956855,0,R64,False,True,1,0.016078973586145934,1,ordinary,frozen
2013-ausopen-1217,2013-580,105223,103794,0.9853525704928068,1,R64,False,True,1,0.01475576226853374,1,ordinary,frozen
2013-ausopen-1218,2013-580,104871,104719,0.8860445357776009,1,R64,False,True,1,0.12098806352568121,1,ordinary,frozen
2013-ausopen-1220,2013-580,104330,105227,0.005165875496674837,0,R64,False,False,1,0.005179264762925444,1,ordinary,frozen
2013-ausopen-1221,2013-580,104468,105028,0.8378204251539139,1,R64,False,True,1,0.17695149125585774,1,ordinary,frozen
2013-ausopen-1222,2013-580,104229,104792,0.029701448458601218,0,R64,False,True,1,0.030151469746598356,1,ordinary,frozen
2013-ausopen-1223,2013-580,104252,105575,0.9512809480631055,0,R64,False,True,1,3.0216851151931796,0,ordinary,frozen
2013-ausopen-1224,2013-580,105311,104918,7.918949011452796e-05,0,R64,False,False,1,7.919262576774187e-05,1,ordinary,frozen
2013-ausopen-1225,2013-580,104542,104424,0.8594068049903467,1,R64,False,True,1,0.15151288936872095,1,ordinary,frozen
2013-ausopen-1226,2013-580,105902,104882,0.23034265000285625,0,R64,False,True,1,0.2618098631800021,1,ordinary,frozen
2013-ausopen-1228,2013-580,104268,104755,0.08482468302368161,0,R64,False,True,1,0.08863962880736763,1,ordinary,frozen
2013-ausopen-1230,2013-580,104804,104259,0.024649381254535273,0,R64,False,False,1,0.024958263658390812,1,ordinary,frozen
2013-ausopen-1231,2013-580,104978,106071,0.18897265733687538,0,R64,False,True,1,0.20945351068397514,1,ordinary,frozen
2013-ausopen-1232,2013-580,103786,103819,0.000553179391607416,0,R64,False,True,1,0.0005533324517761558,1,ordinary,frozen
2013-ausopen-1301,2013-580,104925,103285,0.9998751965377259,1,R32,False,True,1,0.00012481125087419306,1,ordinary,frozen
2013-ausopen-1302,2013-580,105023,104527,0.2833588640698742,0,R32,False,True,1,0.3331800714466435,1,ordinary,frozen
2013-ausopen-1303,2013-580,104731,104269,0.6970500247032119,1,R32,False,True,1,0.3608980993433852,1,ordinary,frozen
2013-ausopen-1304,2013-580,103781,104607,0.014848858432981369,0,R32,False,True,1,0.014960206366006857,1,ordinary,frozen
2013-ausopen-1305,2013-580,103970,104571,0.9571106474420095,1,R32,False,True,1,0.04383627515089047,1,ordinary,frozen
2013-ausopen-1306,2013-580,105539,105453,0.029222676432255394,0,R32,False,False,1,0.02965816390297385,1,ordinary,frozen
2013-ausopen-1307,2013-580,104597,105668,0.5995246797257806,1,R32,False,True,1,0.5116181381796271,1,ordinary,frozen
2013-ausopen-1308,2013-580,103898,104386,0.09771362006890405,0,R32,False,True,1,0.10282331492981617,1,ordinary,frozen
2013-ausopen-1309,2013-580,105223,104871,0.9369699106884056,0,R32,False,True,1,2.7641430584885147,0,ordinary,frozen
2013-ausopen-1310,2013-580,104312,105227,0.22568080575010502,1,R32,False,True,1,1.4886336419734962,0,ordinary,frozen
2013-ausopen-1311,2013-580,104468,104792,0.21731873156357304,1,R32,False,True,1,1.5263901940378573,0,ordinary,frozen
2013-ausopen-1312,2013-580,105575,104918,0.0006260814577178188,0,R32,False,True,1,0.000626277528555483,1,ordinary,frozen
2013-ausopen-1313,2013-580,104542,104882,0.7844075300911233,1,R32,False,True,1,0.24282658489582065,1,ordinary,frozen
2013-ausopen-1314,2013-580,104471,104755,0.00016972068309703846,0,R32,False,True,1,0.00016973508728198905,1,ordinary,frozen
2013-ausopen-1315,2013-580,105683,104259,0.464726254139331,1,R32,False,True,1,0.7663067475227531,0,ordinary,frozen
2013-ausopen-1316,2013-580,106071,103819,0.0013679615349745666,0,R32,False,True,1,0.001368898048528931,1,ordinary,frozen
2013-ausopen-1401,2013-580,104925,104527,0.9914714725518301,1,R16,False,True,1,0.008565103446465694,1,ordinary,frozen
2013-ausopen-1402,2013-580,104731,104607,0.08589223298951913,0,R16,False,True,1,0.08980680746481742,1,ordinary,frozen
2013-ausopen-1403,2013-580,103970,105453,0.9536007802769194,1,R16,False,True,1,0.047510164427972686,1,ordinary,frozen
2013-ausopen-1404,2013-580,104597,104386,0.43585882692212047,1,R16,True,True,1,0.8304368795279032,0,ordinary,frozen
2013-ausopen-1405,2013-580,104871,104312,0.25162913067416315,1,R16,False,True,1,1.3797989791642224,0,ordinary,frozen
2013-ausopen-1406,2013-580,104468,104918,0.008401913478829076,0,R16,False,True,1,0.008437408511173503,1,ordinary,frozen
2013-ausopen-1407,2013-580,104542,104755,0.3760788308745281,1,R16,False,True,1,0.9779565009859205,0,ordinary,frozen
2013-ausopen-1408,2013-580,105683,103819,0.02078296248134176,0,R16,False,True,1,0.02100196794870937,1,ordinary,frozen
2013-ausopen-1501,2013-580,104925,104607,0.9380325300966572,1,QF,False,True,1,0.0639706503036374,1,ordinary,frozen
2013-ausopen-1502,2013-580,103970,104597,0.8404678179058827,1,QF,False,True,1,0.17379661609211852,1,ordinary,frozen
2013-ausopen-1503,2013-580,104871,104918,0.0051972821612215935,0,QF,False,True,1,0.0052108350112049185,1,ordinary,frozen
2013-ausopen-1504,2013-580,104542,103819,0.05992597078324571,0,QF,False,True,1,0.06179665233315037,1,ordinary,frozen
2013-ausopen-1601,2013-580,104925,103970,0.8858846495709796,1,SF,False,True,1,0.12116852921062765,1,ordinary,frozen
2013-ausopen-1602,2013-580,104918,103819,0.29792087804912026,1,SF,False,True,1,1.210927337633008,0,ordinary,frozen
2013-ausopen-1701,2013-580,104925,104918,0.8368456669998063,1,F,False,True,1,0.17811561378602148,1,ordinary,frozen
2013-frenchopen-1101,2013-520,104925,105676,0.9975581461541031,1,R128,False,True,1,0.0024448400332117387,1,ordinary,frozen
2013-frenchopen-1103,2013-520,104864,106298,0.29793806986169824,0,R128,False,False,1,0.35373365927721295,1,ordinary,frozen
2013-frenchopen-1106,2013-520,106071,103812,0.9205640158071423,0,R128,True,True,1,2.5328038119724123,0,ordinary,frozen
2013-frenchopen-1108,2013-520,106210,104259,0.0232785759959599,0,R128,False,False,1,0.023553801677600156,1,ordinary,frozen
2013-frenchopen-1109,2013-520,103163,105558,0.9844850818204101,1,R128,False,True,1,0.015636534069659775,1,ordinary,frozen
2013-frenchopen-1110,2013-520,106058,104198,0.8820082593448195,1,R128,False,True,1,0.1255538586826608,1,ordinary,frozen
2013-frenchopen-1112,2013-520,104122,104545,0.16758393850179037,0,R128,False,True,1,0.1834228892401024,1,ordinary,frozen
2013-frenchopen-1115,2013-520,104269,102967,0.9616934382501666,1,R128,False,True,1,0.03905955036052858,1,ordinary,frozen
2013-frenchopen-1116,2013-520,103917,104386,0.024730483117692492,0,R128,False,True,1,0.025041418611754247,1,ordinary,frozen
2013-frenchopen-1117,2013-520,104745,104978,0.9999608545348935,1,R128,False,True,1,3.9146231310241924e-05,1,ordinary,frozen
2013-frenchopen-1121,2013-520,105332,104571,0.10868612080401086,1,R128,False,True,1,2.2192911765029653,0,ordinary,frozen
2013-frenchopen-1122,2013-520,103997,105270,0.9529825656554635,1,R128,False,True,1,0.048158669665827825,1,ordinary,frozen
2013-frenchopen-1124,2013-520,105028,105453,0.09293453684960898,0,R128,False,True,1,0.09754065600251545,1,ordinary,frozen
2013-frenchopen-1125,2013-520,104527,105217,0.9360435299793803,1,R128,False,True,1,0.0660932971977067,1,ordinary,frozen
2013-frenchopen-1128,2013-520,105077,105668,0.00536315369853251,0,R128,False,True,1,0.005377587035930992,1,ordinary,frozen
2013-frenchopen-1129,2013-520,104252,104797,0.7773779641749454,0,R128,True,True,1,1.5022798521153953,0,ordinary,frozen
2013-frenchopen-1130,2013-520,103722,103786,0.32441683204678945,0,R128,False,True,1,0.39217900857849736,1,ordinary,frozen
2013-frenchopen-1132,2013-520,104660,104755,1.4512860732483071e-05,0,R128,False,True,1,1.4512966045065317e-05,1,ordinary,frozen
2013-frenchopen-1133,2013-520,104607,104792,0.8319162528580683,0,R128,False,True,1,1.78329292889373,0,ordinary,frozen
2013-frenchopen-1134,2013-520,105208,104297,0.9988942468860346,1,R128,False,True,1,0.0011063649099784373,1,ordinary,frozen
2013-frenchopen-1137,2013-520,104312,104919,0.8507372558122599,1,R128,False,True,1,0.16165194565777158,1,ordinary,frozen
2013-frenchopen-1138,2013-520,104882,105902,0.7724270627597066,1,R128,False,True,1,0.2582176918073536,1,ordinary,frozen
2013-frenchopen-1139,2013-520,104651,104273,0.22029699024389,0,R128,False,False,1,0.24884218852768195,1,ordinary,frozen
2013-frenchopen-1140,2013-520,104890,104597,0.0017578756358702942,0,R128,False,True,1,0.0017594225123226462,1,ordinary,frozen
2013-frenchopen-1141,2013-520,105683,103598,0.5673802756454753,1,R128,False,True,1,0.5667255199090577,1,ordinary,frozen
2013-frenchopen-1142,2013-520,104327,103566,0.3807211456864995,0,R128,False,True,1,0.47919961611726297,1,ordinary,frozen
2013-frenchopen-1144,2013-520,105011,104731,0.004685068671035737,0,R128,False,True,1,0.0046960780050446385,1,ordinary,frozen
2013-frenchopen-1145,2013-520,104719,103852,0.028296701049000103,0,R128,False,True,1,0.028704769112147793,1,ordinary,frozen
2013-frenchopen-1146,2013-520,105311,104424,0.05336545429105577,1,R128,False,False,1,2.9305916657496835,0,ordinary,frozen
2013-frenchopen-1148,2013-520,104594,103970,0.014612938025223732,0,R128,False,True,1,0.014720758677592786,1,ordinary,frozen
2013-frenchopen-1149,2013-520,104542,105379,0.9956820715682958,1,R128,False,False,1,0.00432727760709464,1,ordinary,frozen
2013-frenchopen-1150,2013-520,103813,103908,0.1692269977904478,1,R128,False,True,1,1.776514283129316,0,ordinary,frozen
2013-frenchopen-1152,2013-520,103794,104871,0.31037419174306446,0,R128,False,True,1,0.3716061353663965,1,ordinary,frozen
2013-frenchopen-1154,2013-520,104678,103484,0.8280097787442982,1,R128,False,True,1,0.188730314588961,1,ordinary,frozen
2013-frenchopen-1156,2013-520,104332,105227,0.12772651191103068,0,R128,False,True,1,0.13665227111619427,1,ordinary,frozen
2013-frenchopen-1157,2013-520,104468,103720,0.5259336694446649,1,R128,False,True,1,0.6425801779135366,1,ordinary,frozen
2013-frenchopen-1158,2013-520,105173,104655,0.8854677204520411,0,R128,False,False,1,2.1668985782696772,0,ordinary,frozen
2013-frenchopen-1160,2013-520,105041,105023,0.09486192389418863,0,R128,False,True,1,0.09966777663720831,1,ordinary,frozen
2013-frenchopen-1161,2013-520,103898,105575,0.7192822178832088,1,R128,False,True,1,0.32950148383355116,1,ordinary,frozen
2013-frenchopen-1163,2013-520,104500,103926,0.5117678489239847,1,R128,False,False,1,0.6698841768389351,1,ordinary,frozen
2013-frenchopen-1164,2013-520,105807,103819,2.407936829659519e-05,0,R128,False,False,1,2.4079658209237925e-05,1,ordinary,frozen
2013-frenchopen-1201,2013-520,104925,105550,0.9999980777606976,1,R64,False,False,1,1.9222411499031003e-06,1,ordinary,frozen
2013-frenchopen-1202,2013-520,106298,105777,0.1277375448884236,0,R64,False,False,1,0.13666491972619976,1,ordinary,frozen
2013-frenchopen-1205,2013-520,103163,106058,0.5197417698133451,1,R64,False,True,1,0.654423187264347,1,ordinary,frozen
2013-frenchopen-1206,2013-520,105992,104545,0.3803908756912958,0,R64,False,True,1,0.4786664444201821,1,ordinary,frozen
2013-frenchopen-1208,2013-520,104269,104386,0.07413478590525352,0,R64,False,True,1,0.0770266120635284,1,ordinary,frozen
2013-frenchopen-1209,2013-520,104745,105373,0.9992565902864124,1,R64,False,True,1,0.0007436861796155243,1,ordinary,frozen
2013-frenchopen-1210,2013-520,104586,104926,0.44874270587836823,0,R64,False,True,1,0.595553620341944,1,ordinary,frozen
2013-frenchopen-1211,2013-520,105332,103997,0.27696217773828136,1,R64,False,True,1,1.2838743245786473,0,ordinary,frozen
2013-frenchopen-1212,2013-520,104813,105453,0.07902105600611661,0,R64,False,True,1,0.08231810510121965,1,ordinary,frozen
2013-frenchopen-1213,2013-520,104527,104547,0.9915283913588004,1,R64,False,False,1,0.008507696678041894,1,ordinary,frozen
2013-frenchopen-1215,2013-520,104797,103786,0.7390739687735361,0,R64,False,True,1,1.343518317088895,0,ordinary,frozen
2013-frenchopen-1216,2013-520,104308,104755,0.0017368172537342245,0,R64,False,False,1,0.0017383272694882267,1,ordinary,frozen
2013-frenchopen-1217,2013-520,104792,105208,0.49078469167534633,1,R64,False,True,1,0.7117497571873452,0,ordinary,frozen
2013-frenchopen-1219,2013-520,104312,104882,0.4656868869474485,1,R64,False,True,1,0.7642417871152826,0,ordinary,frozen
2013-frenchopen-1220,2013-520,104273,104597,0.06743153600072299,0,R64,False,True,1,0.0698127103209041,1,ordinary,frozen
2013-frenchopen-1221,2013-520,105683,103566,0.8053303792146663,1,R64,False,True,1,0.21650267679597804,1,ordinary,frozen
2013-frenchopen-1224,2013-520,103656,103970,0.031173866266585866,0,R64,False,True,1,0.031670111742287406,1,ordinary,frozen
2013-frenchopen-1225,2013-520,104542,103813,0.9871730204740887,1,R64,False,True,1,0.01290995554594919,1,ordinary,frozen
2013-frenchopen-1226,2013-520,105138,104871,0.15221572506116193,0,R64,False,False,1,0.1651290683143653,1,ordinary,frozen
2013-frenchopen-1228,2013-520,106401,105227,0.0047771392862997145,0,R64,False,False,1,0.0047885862866735495,1,ordinary,frozen
2013-frenchopen-1229,2013-520,104468,104655,0.9449366930711962,1,R64,False,False,1,0.05663734519147394,1,ordinary,frozen
2013-frenchopen-1230,2013-520,104225,105023,0.07530190342758848,0,R64,False,True,1,0.07828797682781578,1,ordinary,frozen
2013-frenchopen-1231,2013-520,103898,104735,0.5345370623688545,1,R64,False,True,1,0.626354210661178,1,ordinary,frozen
2013-frenchopen-1232,2013-520,104500,103819,1.5873537129238906e-05,0,R64,False,True,1,1.5873663115162632e-05,1,ordinary,frozen
2013-frenchopen-1301,2013-520,104925,105777,0.9998786189816112,1,R32,False,True,1,0.0001213883856607497,1,ordinary,frozen
2013-frenchopen-1302,2013-520,103812,104259,0.018823245089191275,0,R32,False,True,1,0.01900265734845423,1,ordinary,frozen
2013-frenchopen-1303,2013-520,103163,104545,0.47688985668382855,1,R32,False,True,1,0.7404697231768962,0,ordinary,frozen
2013-frenchopen-1304,2013-520,104022,104386,0.16916674375418495,1,R32,False,True,1,1.776870401044645,0,ordinary,frozen
2013-frenchopen-1305,2013-520,104745,104926,0.9994368630340207,1,R32,False,True,1,0.0005632955871536357,1,ordinary,frozen
2013-frenchopen-1306,2013-520,105332,105453,0.10313044835265528,0,R32,False,True,1,0.1088448548708945,1,ordinary,frozen
2013-frenchopen-1307,2013-520,104527,105668,0.5795238794893225,1,R32,False,True,1,0.5455484099946788,1,ordinary,frozen
2013-frenchopen-1308,2013-520,103786,104755,0.01823642699014495,0,R32,False,True,1,0.018404760297605724,1,ordinary,frozen
2013-frenchopen-1309,2013-520,104792,103990,0.81558907151362,0,R32,False,True,1,1.6905887045052304,0,ordinary,frozen
2013-frenchopen-1311,2013-520,105683,104731,0.5857169317181259,0,R32,False,True,1,0.8812057989891025,0,ordinary,frozen
2013-frenchopen-1312,2013-520,103852,103970,0.053612284718384126,0,R32,False,True,1,0.055102946873872474,1,ordinary,frozen
2013-frenchopen-1313,2013-520,104542,104871,0.9277588902987656,1,R32,False,True,1,0.07498339644248687,1,ordinary,frozen
2013-frenchopen-1314,2013-520,104678,105227,0.1411713220045681,1,R32,False,True,1,1.9577810765016403,0,ordinary,frozen
2013-frenchopen-1315,2013-520,104468,105023,0.40787018366859984,1,R32,False,True,1,0.8968063324899502,0,ordinary,frozen
2013-frenchopen-1316,2013-520,103898,103819,0.0020243088126580045,0,R32,False,True,1,0.002026360495035904,1,ordinary,frozen
2013-frenchopen-1401,2013-520,104925,104259,0.9959001167099708,1,R16,False,True,1,0.004108310854098407,1,ordinary,frozen
2013-frenchopen-1402,2013-520,103163,104022,0.5110449873713199,1,R16,False,True,1,0.6712976547448924,1,ordinary,frozen
2013-frenchopen-1403,2013-520,104745,105453,0.9980862975629315,1,R16,False,True,1,0.0019155359050921747,1,ordinary,frozen
2013-frenchopen-1404,2013-520,104527,104755,0.2630366246266802,1,R16,False,True,1,1.335461999364081,0,ordinary,frozen
2013-frenchopen-1405,2013-520,103990,104597,0.16736674834677812,1,R16,False,True,1,1.7875677765787672,0,ordinary,frozen
2013-frenchopen-1406,2013-520,104731,103970,0.039883628841147725,0,R16,False,True,1,0.040700781909662656,1,ordinary,frozen
2013-frenchopen-1407,2013-520,104542,104678,0.8767364143740242,1,R16,False,True,1,0.13154888552071417,1,ordinary,frozen
2013-frenchopen-1408,2013-520,104468,103819,0.0024950187016111935,0,R16,False,True,1,0.002498136447741501,1,ordinary,frozen
2013-frenchopen-1501,2013-520,104925,103163,0.9988145311042019,1,QF,False,True,1,0.0011861721198713042,1,ordinary,frozen
2013-frenchopen-1503,2013-520,103990,103970,0.021049137234858482,0,QF,False,True,1,0.021273828962381922,1,ordinary,frozen
2013-frenchopen-1504,2013-520,104542,103819,0.05758286359530908,1,QF,False,True,1,2.85453026257017,0,ordinary,frozen
2013-frenchopen-1601,2013-520,104925,104745,0.5096190121729071,0,SF,False,True,1,0.7125726638166102,0,ordinary,frozen
2013-frenchopen-1602,2013-520,103970,104542,0.8019899126872314,1,SF,False,True,1,0.2206592488914414,1,ordinary,frozen
2013-frenchopen-1701,2013-520,104745,103970,0.8821897449145127,1,F,False,True,1,0.1253481158239848,1,ordinary,frozen
2013-wimbledon-1101,2013-540,104925,104252,0.989736420204902,1,R128,False,True,1,0.01031661351952334,1,ordinary,frozen
2013-wimbledon-1104,2013-540,105992,104871,0.6116154125861484,0,R128,False,True,1,0.945759225602968,0,ordinary,frozen
2013-wimbledon-1105,2013-540,104468,103852,0.39212166220828415,0,R128,False,True,1,0.4977805193553665,1,ordinary,frozen
2013-wimbledon-1108,2013-540,104098,103163,0.03648314789139196,0,R128,False,True,1,0.037165300768365946,1,ordinary,frozen
2013-wimbledon-1109,2013-540,104755,104719,0.9973335495102801,1,R128,False,True,1,0.002670011800942398,1,ordinary,frozen
2013-wimbledon-1112,2013-540,106071,105023,0.30325813224257814,1,R128,False,True,1,1.1931709145593326,0,ordinary,frozen
2013-wimbledon-1116,2013-540,105373,104607,0.0717036122316394,0,R128,False,True,1,0.07440421381687007,1,ordinary,frozen
2013-wimbledon-1117,2013-540,103970,104651,0.9991809435093149,1,R128,False,False,1,0.0008193921007208429,1,ordinary,frozen
2013-wimbledon-1121,2013-540,105683,104122,0.8591091220571772,1,R128,False,True,1,0.15185933123924625,1,ordinary,frozen
2013-wimbledon-1124,2013-540,104471,104259,0.006595679032939752,1,R128,True,True,1,5.021340536332961,0,ordinary,frozen
2013-wimbledon-1129,2013-540,105777,104620,0.305231174801564,1,R128,False,True,1,1.1866858393048305,0,ordinary,frozen
2013-wimbledon-1132,2013-540,105077,105223,0.00161013699228636,0,R128,False,True,1,0.0016114346559846038,1,ordinary,frozen
2013-wimbledon-1133,2013-540,104745,104327,0.9994845664668884,0,R128,False,True,1,7.570502199558309,0,ordinary,frozen
2013-wimbledon-1140,2013-540,103720,104527,0.20109171673311133,1,R128,False,True,1,1.6039941728424485,0,ordinary,frozen
2013-wimbledon-1141,2013-540,104597,105132,0.9681496997687521,1,R128,False,True,1,0.03236855514097179,1,ordinary,frozen
2013-wimbledon-1144,2013-540,106378,105668,0.03151245998495891,0,R128,False,False,1,0.032019661457863925,1,ordinary,frozen
2013-wimbledon-1145,2013-540,104926,103781,0.699417245148816,0,R128,False,True,1,1.2020321724001364,0,ordinary,frozen
2013-wimbledon-1147,2013-540,104297,104660,0.4240688741245274,0,R128,False,True,1,0.5517671985685428,1,ordinary,frozen
2013-wimbledon-1148,2013-540,103812,103819,0.0003037381322875289,0,R128,False,True,1,0.00030378427005680144,1,ordinary,frozen
2013-wimbledon-1149,2013-540,104542,105676,0.7558153496952282,1,R128,False,True,1,0.27995817907050563,1,ordinary,frozen
2013-wimbledon-1156,2013-540,104571,105227,0.23906042462317786,0,R128,False,True,1,0.27320132588025536,1,ordinary,frozen
2013-wimbledon-1157,2013-540,104386,104678,0.8434574495787484,0,R128,False,True,1,1.8544274182809557,0,ordinary,frozen
2013-wimbledon-1160,2013-540,104898,104022,0.42361190694838813,0,R128,False,True,1,0.5509740725100896,1,ordinary,frozen
2013-wimbledon-1163,2013-540,104868,104229,0.8998369045004946,0,R128,False,True,1,2.300955466561735,0,ordinary,frozen
2013-wimbledon-1164,2013-540,103794,104918,0.0010989027665354745,0,R128,False,True,1,0.0010995070028858498,1,ordinary,frozen
2013-wimbledon-1201,2013-540,104925,104035,0.9996492997037734,1,R64,False,True,1,0.0003507618059569301,1,ordinary,frozen
2013-wimbledon-1204,2013-540,104499,103163,0.14536479935493934,0,R64,False,True,1,0.15708056700538583,1,ordinary,frozen
2013-wimbledon-1205,2013-540,104755,104424,0.8996537794473535,1,R64,False,True,1,0.10574527917275542,1,ordinary,frozen
2013-wimbledon-1206,2013-540,103484,106071,0.32423368524010865,0,R64,False,True,1,0.39190795092813374,1,ordinary,frozen
2013-wimbledon-1208,2013-540,104978,104607,0.011129880713401406,0,R64,False,True,1,0.011192281274955185,1,ordinary,frozen
2013-wimbledon-1209,2013-540,103970,105138,0.9991809435093149,1,R64,False,False,1,0.0008193921007208429,1,ordinary,frozen
2013-wimbledon-1210,2013-540,105053,105238,0.41775341034900826,0,R64,False,True,1,0.5408612274250647,1,ordinary,frozen
2013-wimbledon-1211,2013-540,105683,104997,0.8765147940860596,0,R64,False,True,1,2.0916339202600436,0,ordinary,frozen
2013-wimbledon-1213,2013-540,105453,104919,0.8440589183904121,1,R64,False,True,1,0.16953297830323558,1,ordinary,frozen
2013-wimbledon-1215,2013-540,105777,104813,0.7229574037507863,0,R64,False,True,1,1.283584007544307,0,ordinary,frozen
2013-wimbledon-1216,2013-540,105028,105223,0.0256843265106388,0,R64,False,True,1,0.026019927756944915,1,ordinary,frozen
2013-wimbledon-1219,2013-540,104545,105173,0.7161053037494974,0,R64,True,True,1,1.2591518974300862,0,ordinary,frozen
2013-wimbledon-1220,2013-540,104460,103720,0.5967169622296347,1,R64,False,True,1,0.5163123781283947,1,ordinary,frozen
2013-wimbledon-1221,2013-540,104597,105558,0.9904090218105739,1,R64,False,True,1,0.009637267833829701,1,ordinary,frozen
2013-wimbledon-1222,2013-540,103285,105668,0.17296887103732014,0,R64,True,True,1,0.1899129438413543,1,ordinary,frozen
2013-wimbledon-1224,2013-540,104660,103819,3.6295245041493216e-07,1,R64,False,True,1,14.828994001854051,0,ordinary,frozen
2013-wimbledon-1225,2013-540,104542,105208,0.6363096595947358,0,R64,True,True,1,1.0114524865795536,0,ordinary,frozen
2013-wimbledon-1226,2013-540,104269,103898,0.4471884907768039,1,R64,False,True,1,0.8047750936602557,0,ordinary,frozen
2013-wimbledon-1227,2013-540,104338,104330,0.9140354966847959,1,R64,False,False,1,0.08988587164666556,1,ordinary,frozen
2013-wimbledon-1230,2013-540,105577,104022,0.05153490486526273,0,R64,False,False,1,0.052910290353013555,1,ordinary,frozen
2013-wimbledon-1231,2013-540,103990,103917,0.7261124442765523,1,R64,False,True,1,0.320050394226682,1,ordinary,frozen
2013-wimbledon-1232,2013-540,104229,104918,0.0007869034777948753,0,R64,False,True,1,0.0007872132488538348,1,ordinary,frozen
2013-wimbledon-1301,2013-540,104925,104871,0.9989615054148453,1,R32,False,True,1,0.0010390341942761838,1,ordinary,frozen
2013-wimbledon-1302,2013-540,103852,103163,0.5338029927887753,0,R32,False,True,1,0.7631469719394282,0,ordinary,frozen
2013-wimbledon-1303,2013-540,104755,106071,0.9514344662244815,0,R32,False,True,1,3.024841181237589,0,ordinary,frozen
2013-wimbledon-1304,2013-540,104731,104607,0.10658145542096345,0,R32,False,True,1,0.11270011297147106,1,ordinary,frozen
2013-wimbledon-1305,2013-540,103970,105238,0.8959280011944593,1,R32,False,True,1,0.10989522504566292,1,ordinary,frozen
2013-wimbledon-1306,2013-540,104997,104471,0.8339779679008613,0,R32,True,True,1,1.7956347759437896,0,ordinary,frozen
2013-wimbledon-1308,2013-540,104813,105223,0.02330114245818695,0,R32,False,True,1,0.023576906241877738,1,ordinary,frozen
2013-wimbledon-1309,2013-540,103997,105332,0.7114226802732607,1,R32,False,True,1,0.3404885387934338,1,ordinary,frozen
2013-wimbledon-1311,2013-540,104597,105668,0.5905282678826553,0,R32,False,True,1,0.8928874083101841,0,ordinary,frozen
2013-wimbledon-1312,2013-540,103781,104660,0.9846880934319924,1,R32,False,True,1,0.015430344370497808,1,ordinary,frozen
2013-wimbledon-1313,2013-540,105208,104269,0.8301317289280601,0,R32,False,True,1,1.7727320183509092,0,ordinary,frozen
2013-wimbledon-1314,2013-540,104338,104932,0.6660220577364104,0,R32,False,True,1,1.0966803293132252,0,ordinary,frozen
2013-wimbledon-1315,2013-540,104678,104022,0.44132028507672694,0,R32,False,True,1,0.5821789308130559,1,ordinary,frozen
2013-wimbledon-1316,2013-540,103990,104918,0.015890978396657318,0,R32,False,True,1,0.016018593754780017,1,ordinary,frozen
2013-wimbledon-1401,2013-540,104925,103163,0.9974412612897658,1,R16,False,True,1,0.0025620178770094522,1,ordinary,frozen
2013-wimbledon-1402,2013-540,106071,104607,0.03646596264657739,0,R16,False,True,1,0.03714746497076558,1,ordinary,frozen
2013-wimbledon-1403,2013-540,103970,104471,0.9999105619840666,1,R16,False,True,1,8.944201575125783e-05,1,ordinary,frozen
2013-wimbledon-1404,2013-540,104312,105223,0.19371660562716195,0,R16,False,True,1,0.21531999235275004,1,ordinary,frozen
2013-wimbledon-1406,2013-540,105668,103781,0.8543520134577226,1,R16,False,True,1,0.1574119763776656,1,ordinary,frozen
2013-wimbledon-1407,2013-540,104269,104932,0.564880670141614,1,R16,False,True,1,0.5711407734314303,1,ordinary,frozen
2013-wimbledon-1408,2013-540,104022,104918,0.019280774571227427,0,R16,False,True,1,0.019469072994253496,1,ordinary,frozen
2013-wimbledon-1501,2013-540,104925,104607,0.9216605911656323,1,QF,False,True,1,0.08157824557922813,1,ordinary,frozen
2013-wimbledon-1502,2013-540,103970,105223,0.7401330600631749,0,QF,False,True,1,1.3475855484390522,0,ordinary,frozen
2013-wimbledon-1503,2013-540,103997,105668,0.19906505987939777,0,QF,False,True,1,0.2219755585326674,1,ordinary,frozen
2013-wimbledon-1504,2013-540,104269,104918,0.007028088418545672,0,QF,False,True,1,0.007052901760543125,1,ordinary,frozen
2013-wimbledon-1601,2013-540,104925,105223,0.9591539604050578,1,SF,False,True,1,0.04170367433042521,1,ordinary,frozen
2013-wimbledon-1602,2013-540,105668,104918,0.07170932611844058,0,SF,False,True,1,0.07441036907553714,1,ordinary,frozen
2013-wimbledon-1701,2013-540,104925,104918,0.820267322410861,0,F,False,True,1,1.7162846564871859,0,ordinary,frozen
2013-usopen-1101,2013-560,104925,105575,0.9999791982691733,1,R128,False,True,1,2.0801947185750317e-05,1,ordinary,frozen
2013-usopen-1105,2013-560,105332,104166,0.5549312894331082,0,R128,False,True,1,0.8095266029669443,0,ordinary,frozen
2013-usopen-1106,2013-560,105065,105902,0.01927708322816954,1,R128,False,True,1,3.9488382860904223,0,ordinary,frozen
2013-usopen-1108,2013-560,104330,104926,0.06045978388003991,1,R128,False,False,1,2.805776864231327,0,ordinary,frozen
2013-usopen-1109,2013-560,103163,103908,0.6170859741518377,1,R128,False,True,1,0.4827469225605752,1,ordinary,frozen
2013-usopen-1115,2013-560,103720,104548,0.5475698629868835,1,R128,False,True,1,0.6022652218031208,1,ordinary,frozen
2013-usopen-1116,2013-560,104198,105223,0.012830956601557492,0,R128,False,True,1,0.012913984306435021,1,ordinary,frozen
2013-usopen-1117,2013-560,104918,103566,0.9971879471793144,1,R128,False,True,1,0.0028160140691215387,1,ordinary,frozen
2013-usopen-1119,2013-560,105385,105373,0.1264192512527083,1,R128,False,True,1,2.068151504652025,0,ordinary,frozen
2013-usopen-1122,2013-560,105041,104500,0.5766289364556438,0,R128,False,True,1,0.8595062656864076,0,ordinary,frozen
2013-usopen-1123,2013-560,104735,105449,0.7724346900367889,1,R128,False,True,1,0.2582078174259489,1,ordinary,frozen
2013-usopen-1125,2013-560,104527,103285,0.9005316803007448,1,R128,False,True,1,0.10476993419567776,1,ordinary,frozen
2013-usopen-1126,2013-560,103484,103333,0.10847483747495554,0,R128,False,True,1,0.11482161714731448,1,ordinary,frozen
2013-usopen-1127,2013-560,104571,104424,0.5989737236229202,1,R128,False,True,1,0.5125375489024648,1,ordinary,frozen
2013-usopen-1128,2013-560,104978,104731,0.1106046320907184,0,R128,False,True,1,0.11721340902649967,1,ordinary,frozen
2013-usopen-1132,2013-560,103893,104607,0.0006146616091290591,0,R128,False,True,1,0.0006148505910198377,1,ordinary,frozen
2013-usopen-1133,2013-560,104755,103188,0.9877899385684935,1,R128,False,True,1,0.012285216624497167,1,ordinary,frozen
2013-usopen-1138,2013-560,104932,105614,0.5684413200536222,0,R128,False,True,1,0.8403517870987964,0,ordinary,frozen
2013-usopen-1140,2013-560,105341,105683,0.044596489916069584,0,R128,False,False,1,0.04562150409129284,1,ordinary,frozen
2013-usopen-1141,2013-560,105668,104216,0.9774877717318707,0,R128,False,False,1,3.793696638819238,0,ordinary,frozen
2013-usopen-1142,2013-560,106058,104332,0.5783062711840091,1,R128,True,True,1,0.5476516697059007,1,ordinary,frozen
2013-usopen-1144,2013-560,104655,104386,0.006105725271412817,0,R128,True,False,1,0.006124441434681696,1,ordinary,frozen
2013-usopen-1148,2013-560,106401,103970,0.0003571293505715214,0,R128,False,False,1,0.00035719313644503166,1,ordinary,frozen
2013-usopen-1149,2013-560,103819,104813,0.9997315193837172,1,R128,False,True,1,0.00026851666365563604,1,ordinary,frozen
2013-usopen-1150,2013-560,105053,104122,0.8806951919840278,0,R128,False,True,1,2.1260736487962153,0,ordinary,frozen
2013-usopen-1152,2013-560,105550,105023,0.05638085437069503,0,R128,False,False,1,0.05803264167002941,1,ordinary,frozen
2013-usopen-1153,2013-560,103990,104594,0.49865448129659723,1,R128,False,True,1,0.6958418453169314,0,ordinary,frozen
2013-usopen-1155,2013-560,105077,106071,0.0541923876978471,0,R128,False,True,1,0.055716100272129955,1,ordinary,frozen
2013-usopen-1156,2013-560,105554,105453,0.030484037539099416,1,R128,False,False,1,3.49055209174288,0,ordinary,frozen
2013-usopen-1157,2013-560,104545,103835,0.9568797745408727,1,R128,False,True,1,0.04407752285997496,1,ordinary,frozen
2013-usopen-1158,2013-560,104494,104792,0.7252194869989982,0,R128,False,True,1,1.291782634536328,0,ordinary,frozen
2013-usopen-1160,2013-560,123768,104259,0.02617764594536063,0,R128,False,False,1,0.02652638000857331,1,ordinary,frozen
2013-usopen-1161,2013-560,104269,104471,0.9724278739124885,0,R128,False,True,1,3.5909499409417878,0,ordinary,frozen
2013-usopen-1164,2013-560,105992,104745,0.0007147475917798166,0,R128,False,True,1,0.0007150031456180435,1,ordinary,frozen
2013-usopen-1201,2013-560,104925,103794,0.9999787267635608,1,R64,False,True,1,2.12734627176933e-05,1,ordinary,frozen
2013-usopen-1203,2013-560,104166,105065,0.9630542854974571,0,R64,False,True,1,3.298305619300901,0,ordinary,frozen
2013-usopen-1204,2013-560,104719,104330,0.405052110380019,1,R64,False,False,1,0.9037395525475791,0,ordinary,frozen
2013-usopen-1205,2013-560,103163,104229,0.9007607983559404,1,R64,False,True,1,0.10451554124267766,1,ordinary,frozen
2013-usopen-1208,2013-560,103720,105223,0.1020278897102383,1,R64,False,True,1,2.282509074540886,0,ordinary,frozen
2013-usopen-1209,2013-560,104918,104919,0.9982053508645204,1,R64,False,True,1,0.0017962614475510387,1,ordinary,frozen
2013-usopen-1210,2013-560,105385,104252,0.028777903155873558,0,R64,False,True,1,0.029200106830985402,1,ordinary,frozen
2013-usopen-1211,2013-560,104312,104500,0.9643496833870999,1,R64,False,True,1,0.0363013080438015,1,ordinary,frozen
2013-usopen-1213,2013-560,104527,103333,0.6081197072218567,1,R64,False,True,1,0.4973835295175939,1,ordinary,frozen
2013-usopen-1214,2013-560,104571,104731,0.5557966882290586,1,R64,False,True,1,0.5873527202574116,1,ordinary,frozen
2013-usopen-1215,2013-560,103898,104871,0.5693551743057612,1,R64,False,True,1,0.5632508316737991,1,ordinary,frozen
2013-usopen-1216,2013-560,106045,104607,0.0013712597570079204,0,R64,False,False,1,0.0013722007940376974,1,ordinary,frozen
2013-usopen-1217,2013-560,104755,103565,0.999662338644986,1,R64,False,True,1,0.0003377183754454342,1,ordinary,frozen
2013-usopen-1219,2013-560,103852,105614,0.846090700313396,1,R64,False,True,1,0.16712871435024226,1,ordinary,frozen
2013-usopen-1220,2013-560,104665,105683,0.1044034956447144,0,R64,False,True,1,0.1102652973968142,1,ordinary,frozen
2013-usopen-1221,2013-560,104216,106058,0.0596075229511942,0,R64,False,False,1,0.06145796208364623,1,ordinary,frozen
2013-usopen-1224,2013-560,105138,103970,0.0003571293505715214,0,R64,False,False,1,0.00035719313644503166,1,ordinary,frozen
2013-usopen-1225,2013-560,103819,104122,0.9998390195335113,1,R64,False,True,1,0.00016099342523476456,1,ordinary,frozen
2013-usopen-1226,2013-560,105173,105023,0.2583132050195969,1,R64,False,True,1,1.3535824573856863,0,ordinary,frozen
2013-usopen-1227,2013-560,103990,104433,0.9887631787581604,1,R64,False,True,1,0.011300431282995722,1,ordinary,frozen
2013-usopen-1228,2013-560,106071,105554,0.8705699090031365,0,R64,False,False,1,2.044614381469523,0,ordinary,frozen
2013-usopen-1229,2013-560,104545,104792,0.34937900633278063,1,R64,False,True,1,1.0515979679963936,0,ordinary,frozen
2013-usopen-1230,2013-560,104273,104259,0.12638304237512735,0,R64,False,True,1,0.13511326297925877,1,ordinary,frozen
2013-usopen-1232,2013-560,104297,104745,7.943181082759288e-08,0,R64,False,True,1,7.943181398229933e-08,1,ordinary,frozen
2013-usopen-1301,2013-560,104925,105311,0.9999974202356686,1,R32,False,False,1,2.5797676589762458e-06,1,ordinary,frozen
2013-usopen-1302,2013-560,105065,104719,0.19730218715058523,0,R32,False,True,1,0.21977695859054452,1,ordinary,frozen
2013-usopen-1303,2013-560,103163,104022,0.5108338912771068,0,R32,False,True,1,0.7150531565492046,0,ordinary,frozen
2013-usopen-1304,2013-560,105539,103720,0.07719287184528931,0,R32,False,False,1,0.0803350282274234,1,ordinary,frozen
2013-usopen-1305,2013-560,104918,104252,0.9399853203467996,1,R32,False,True,1,0.061891020492369504,1,ordinary,frozen
2013-usopen-1306,2013-560,104312,104797,0.6079607654589608,0,R32,False,True,1,0.9363933560852599,0,ordinary,frozen
2013-usopen-1307,2013-560,104527,104571,0.7083438605019698,1,R32,False,True,1,0.34482562451703236,1,ordinary,frozen
2013-usopen-1308,2013-560,103898,104607,0.037700639409782175,0,R32,False,True,1,0.03842969107992386,1,ordinary,frozen
2013-usopen-1309,2013-560,104755,104098,0.9984649699254377,1,R32,True,True,1,0.0015362094402896747,1,ordinary,frozen
2013-usopen-1310,2013-560,103852,105683,0.4620459508509828,0,R32,False,True,1,0.619982132971723,1,ordinary,frozen
2013-usopen-1311,2013-560,106058,104386,0.19294279573485085,0,R32,False,True,1,0.21436072813749146,1,ordinary,frozen
2013-usopen-1312,2013-560,105062,103970,0.037274847672628106,0,R32,False,True,1,0.037987315680295786,1,ordinary,frozen
2013-usopen-1313,2013-560,103819,105173,0.999428391535316,1,R32,False,True,1,0.0005717718950841759,1,ordinary,frozen
2013-usopen-1314,2013-560,103990,105554,0.8904133438831303,1,R32,False,False,1,0.11606949274144103,1,ordinary,frozen
2013-usopen-1315,2013-560,104545,104259,0.42529893910217886,0,R32,False,True,1,0.5539052674673243,1,ordinary,frozen
2013-usopen-1316,2013-560,104471,104745,1.5279803024001586e-07,0,R32,False,True,1,1.5279804191363608e-07,1,ordinary,frozen
2013-usopen-1401,2013-560,104925,104719,0.999998540044061,1,R16,False,True,1,1.4599570047682967e-06,1,ordinary,frozen
2013-usopen-1402,2013-560,104022,103720,0.596307684331361,1,R16,False,True,1,0.5169984962492722,1,ordinary,frozen
2013-usopen-1403,2013-560,104918,104797,0.987748637994209,1,R16,False,True,1,0.012327028588870354,1,ordinary,frozen
2013-usopen-1404,2013-560,104527,104607,0.21821684089795954,1,R16,False,True,1,1.5222660275442383,0,ordinary,frozen
2013-usopen-1405,2013-560,104755,105683,0.8185784769297229,1,R16,False,True,1,0.20018600780586493,1,ordinary,frozen
2013-usopen-1406,2013-560,104386,103970,0.1938563798728049,0,R16,False,True,1,0.21549336360581903,1,ordinary,frozen
2013-usopen-1407,2013-560,103819,103990,0.9950661680088232,0,R16,False,True,1,5.311639312695749,0,ordinary,frozen
2013-usopen-1408,2013-560,104259,104745,0.005438668006883298,0,R16,False,True,1,0.005453511405067309,1,ordinary,frozen
2013-usopen-1501,2013-560,104925,104022,0.9990084182477958,1,QF,False,True,1,0.0009920736946174365,1,ordinary,frozen
2013-usopen-1502,2013-560,104918,104527,0.9274507004146939,0,QF,False,True,1,2.62348895393278,0,ordinary,frozen
2013-usopen-1503,2013-560,104755,103970,0.3048638789543859,1,QF,False,True,1,1.1878899005057573,0,ordinary,frozen
2013-usopen-1504,2013-560,103990,104745,0.001078555889640922,0,QF,False,True,1,0.0010791379496049014,1,ordinary,frozen
2013-usopen-1601,2013-560,104925,104527,0.991007359672265,1,SF,False,True,1,0.00903331816886264,1,ordinary,frozen
2013-usopen-1602,2013-560,104755,104745,0.048379202942874185,0,SF,False,True,1,0.0495886459612043,1,ordinary,frozen
2013-usopen-1701,2013-560,104925,104745,0.5094235427587908,0,F,False,True,1,0.7121741359952738,0,ordinary,frozen
2013-ausopen-1101,2013-580,104925,103908,0.9992659775364903,1,R128,False,True,1,0.0007342919898985533,1,ordinary,online
2013-ausopen-1102,2013-580,105992,105053,0.32921261986095685,1,R128,False,True,1,1.1110514759779093,0,ordinary,online
2013-ausopen-1105,2013-580,105023,103926,0.9469867686582419,1,R128,False,False,1,0.05447015774346333,1,ordinary,online
2013-ausopen-1109,2013-580,104338,105723,0.9297397948917878,0,R128,False,False,1,2.655549712874419,0,ordinary,online
2013-ausopen-1110,2013-580,104731,103893,0.956462211150112,1,R128,False,True,1,0.04451399830504717,1,ordinary,online
2013-ausopen-1112,2013-580,105676,104269,0.7679414055044902,0,R128,False,True,1,1.4607653767237156,0,ordinary,online
2013-ausopen-1116,2013-580,103188,104607,0.007707278211299843,0,R128,False,True,1,0.0077371327772407135,1,ordinary,online
2013-ausopen-1117,2013-580,103970,103694,0.9999986871217891,1,R128,False,True,1,1.312879072749315e-06,1,ordinary,online
2013-ausopen-1119,2013-580,105357,105147,0.6105463103316658,0,R128,False,False,1,0.9430103176121836,0,ordinary,online
2013-ausopen-1120,2013-580,105077,104571,0.009056911479409093,0,R128,False,True,1,0.009098174635637859,1,ordinary,online
2013-ausopen-1121,2013-580,104022,105051,0.6041464737781793,1,R128,False,True,1,0.5039386041919472,1,ordinary,online
2013-ausopen-1124,2013-580,103812,105453,0.020838424917141586,0,R128,False,True,1,0.02105860912673059,1,ordinary,online
2013-ausopen-1125,2013-580,104597,105449,0.9514654490103075,1,R128,False,True,1,0.04975190503312958,1,ordinary,online
2013-ausopen-1128,2013-580,104620,105668,0.2964211107744624,0,R128,False,True,1,0.3515752705120995,1,ordinary,online
2013-ausopen-1132,2013-580,103720,104386,0.1290950103622713,0,R128,False,True,1,0.13822239001092598,1,ordinary,online
2013-ausopen-1133,2013-580,105223,105173,0.9617121248531337,1,R128,False,True,1,0.03904011961401712,1,ordinary,online
2013-ausopen-1140,2013-580,104594,105227,0.10716246435750021,0,R128,False,True,1,0.1133506456285295,1,ordinary,online
2013-ausopen-1141,2013-580,104468,103835,0.974344248303797,1,R128,False,True,1,0.025990600100417233,1,ordinary,online
2013-ausopen-1144,2013-580,104792,105238,0.553620857565772,1,R128,False,True,1,0.591275199149659,1,ordinary,online
2013-ausopen-1148,2013-580,104898,104918,0.008262637239412068,0,R128,False,True,1,0.008296962032796503,1,ordinary,online
2013-ausopen-1149,2013-580,104542,103566,0.9483651514240297,1,R128,False,True,1,0.053015670063170976,1,ordinary,online
2013-ausopen-1150,2013-580,104424,106291,0.9446807873399372,1,R128,False,False,1,0.05690819972735366,1,ordinary,online
2013-ausopen-1151,2013-580,105902,106093,0.8898366294557452,1,R128,False,True,1,0.11671739551486769,1,ordinary,online
2013-ausopen-1153,2013-580,103163,103813,0.9034721485390291,0,R128,False,True,1,2.3379236961029695,0,ordinary,online
2013-ausopen-1154,2013-580,104471,105842,0.1760110743469896,1,R128,False,False,1,1.737208363497441,0,ordinary,online
2013-ausopen-1156,2013-580,103656,104755,0.09409702497573219,0,R128,False,True,1,0.09882307025856428,1,ordinary,online
2013-ausopen-1157,2013-580,105683,104225,0.9388369271093545,1,R128,False,True,1,0.06311348140586381,1,ordinary,online
2013-ausopen-1160,2013-580,104327,104259,0.11115913118335824,0,R128,False,True,1,0.11783705969693367,1,ordinary,online
2013-ausopen-1162,2013-580,106071,104919,0.6562783388702147,1,R128,False,True,1,0.42117028296833703,1,ordinary,online
2013-ausopen-1164,2013-580,105332,103819,0.0001471349812743278,0,R128,False,True,1,0.00014714580668756275,1,ordinary,online
2013-ausopen-1201,2013-580,104925,105992,0.9989692626562054,1,R64,False,True,1,0.0010312689188380568,1,ordinary,online
2013-ausopen-1202,2013-580,103852,103285,0.7531383984730613,0,R64,False,True,1,1.3989274170954895,0,ordinary,online
2013-ausopen-1203,2013-580,105023,104548,0.6491927935375786,1,R64,True,True,1,0.4320255439307635,1,ordinary,online
2013-ausopen-1204,2013-580,104735,104527,0.10508819434393067,0,R64,True,True,1,0.11103010672918438,1,ordinary,online
2013-ausopen-1205,2013-580,105723,104731,0.9965800792734479,0,R64,False,False,1,5.678137907547011,0,ordinary,online
2013-ausopen-1206,2013-580,103598,104269,0.6653805627804517,0,R64,False,True,1,1.0947614012034503,0,ordinary,online
2013-ausopen-1208,2013-580,105558,104607,0.00045946413967997405,0,R64,False,True,1,0.00045956972567102295,1,ordinary,online
2013-ausopen-1209,2013-580,103970,105065,0.999992542731537,1,R64,False,True,1,7.457296268527274e-06,1,ordinary,online
2013-ausopen-1210,2013-580,105147,104571,0.03158486271546511,0,R64,False,True,1,0.03209442280895138,1,ordinary,online
2013-ausopen-1212,2013-580,104122,105453,0.12821241161477348,0,R64,False,True,1,0.13720947604768305,1,ordinary,online
2013-ausopen-1213,2013-580,104597,104593,0.9985845906927011,1,R64,False,True,1,0.0014164119452595592,1,ordinary,online
2013-ausopen-1214,2013-580,104500,105668,0.005791959920147444,0,R64,False,True,1,0.00580879836990245,1,ordinary,online
2013-ausopen-1215,2013-580,103898,104273,0.6824395618817768,1,R64,False,True,1,0.38208130986353556,1,ordinary,online
2013-ausopen-1216,2013-580,105041,104386,0.013697780401732794,0,R64,False,True,1,0.013792460595574913,1,ordinary,online
2013-ausopen-1217,2013-580,105223,103794,0.9889278932619354,1,R64,False,True,1,0.01113385875153601,1,ordinary,online
2013-ausopen-1218,2013-580,104871,104719,0.8860445357776009,1,R64,False,True,1,0.12098806352568121,1,ordinary,online
2013-ausopen-1220,2013-580,104330,105227,0.004987881394876232,0,R64,False,False,1,0.005000362395076869,1,ordinary,online
2013-ausopen-1221,2013-580,104468,105028,0.8395187499906608,1,R64,False,True,1,0.17492646800203282,1,ordinary,online
2013-ausopen-1222,2013-580,104229,104792,0.01860505879887452,0,R64,False,True,1,0.01878031001546466,1,ordinary,online
2013-ausopen-1223,2013-580,104252,105575,0.9512809480631055,0,R64,False,True,1,3.0216851151931796,0,ordinary,online
2013-ausopen-1224,2013-580,105311,104918,7.25270584344881e-05,0,R64,False,False,1,7.252968864876592e-05,1,ordinary,online
2013-ausopen-1225,2013-580,104542,104424,0.8602800491705418,1,R64,False,True,1,0.15049730417291798,1,ordinary,online
2013-ausopen-1226,2013-580,105902,104882,0.15359623117118693,0,R64,False,True,1,0.16675876511295298,1,ordinary,online
2013-ausopen-1228,2013-580,104268,104755,0.06692615889544054,0,R64,False,True,1,0.06927093753170295,1,ordinary,online
2013-ausopen-1230,2013-580,104804,104259,0.020078236766780187,0,R64,False,False,1,0.02028254393986776,1,ordinary,online
2013-ausopen-1231,2013-580,104978,106071,0.1407295410066824,0,R64,False,True,1,0.15167155324375134,1,ordinary,online
2013-ausopen-1232,2013-580,103786,103819,0.0005607365617275842,0,R64,False,True,1,0.0005608938332680966,1,ordinary,online
2013-ausopen-1301,2013-580,104925,103285,0.9994330180341224,1,R32,False,True,1,0.0005671427609338524,1,ordinary,online
2013-ausopen-1302,2013-580,105023,104527,0.271929351414424,0,R32,False,True,1,0.3173571907335826,1,ordinary,online
2013-ausopen-1303,2013-580,104731,104269,0.5636106684570916,1,R32,False,True,1,0.5733915700077883,1,ordinary,online
2013-ausopen-1304,2013-580,103781,104607,0.015858887084166426,0,R32,False,True,1,0.0159859847769566,1,ordinary,online
2013-ausopen-1305,2013-580,103970,104571,0.9703537448796908,1,R32,False,True,1,0.03009458852330171,1,ordinary,online
2013-ausopen-1306,2013-580,105539,105453,0.026659386292958213,0,R32,False,False,1,0.02702119257989131,1,ordinary,online
2013-ausopen-1307,2013-580,104597,105668,0.6829887049093154,1,R32,False,True,1,0.3812769570161519,1,ordinary,online
2013-ausopen-1308,2013-580,103898,104386,0.1269416360289502,0,R32,False,True,1,0.1357528708857308,1,ordinary,online
2013-ausopen-1309,2013-580,105223,104871,0.9468933390004105,0,R32,False,True,1,2.9354529160480287,0,ordinary,online
2013-ausopen-1310,2013-580,104312,105227,0.2188078528835587,1,R32,False,True,1,1.519561318385685,0,ordinary,online
2013-ausopen-1311,2013-580,104468,104792,0.30935375395783216,1,R32,False,True,1,1.1732698220930486,0,ordinary,online
2013-ausopen-1312,2013-580,105575,104918,0.7187756231474032,0,R32,False,True,1,1.2686024341378765,0,ordinary,online
2013-ausopen-1313,2013-580,104542,104882,0.8069584117987189,1,R32,False,True,1,0.21448314636637403,1,ordinary,online
2013-ausopen-1314,2013-580,104471,104755,7.641347458187761e-05,0,R32,False,True,1,7.641639424016155e-05,1,ordinary,online
2013-ausopen-1315,2013-580,105683,104259,0.4580512801037175,1,R32,False,True,1,0.780774135843638,0,ordinary,online
2013-ausopen-1316,2013-580,106071,103819,0.0025580941541461697,0,R32,False,True,1,0.0025613716676488206,1,ordinary,online
2013-ausopen-1401,2013-580,104925,104527,0.9921401711083793,1,R16,False,True,1,0.007890880158840183,1,ordinary,online
2013-ausopen-1402,2013-580,104731,104607,0.13333368957564556,0,R16,False,True,1,0.14310125468957963,1,ordinary,online
2013-ausopen-1403,2013-580,103970,105453,0.9362088876905194,1,R16,False,True,1,0.06591665679387186,1,ordinary,online
2013-ausopen-1404,2013-580,104597,104386,0.5218781373753677,1,R16,True,True,1,0.650321171657856,1,ordinary,online
2013-ausopen-1405,2013-580,104871,104312,0.3054716306509818,1,R16,False,True,1,1.185898366708678,0,ordinary,online
2013-ausopen-1406,2013-580,104468,104918,0.0067502636356576015,0,R16,False,True,1,0.006773149714755775,1,ordinary,online
2013-ausopen-1407,2013-580,104542,104755,0.364783751829771,1,R16,False,True,1,1.008450561714214,0,ordinary,online
2013-ausopen-1408,2013-580,105683,103819,0.043393786811374846,0,R16,False,True,1,0.04436345268215872,1,ordinary,online
2013-ausopen-1501,2013-580,104925,104607,0.918094696153196,1,QF,False,True,1,0.08545473883076628,1,ordinary,online
2013-ausopen-1502,2013-580,103970,104597,0.7736195990583468,1,QF,False,True,1,0.2566750002902072,1,ordinary,online
2013-ausopen-1503,2013-580,104871,104918,0.02070033657972544,0,QF,False,True,1,0.020917591949642603,1,ordinary,online
2013-ausopen-1504,2013-580,104542,103819,0.08851226238338655,0,QF,False,True,1,0.09267713792526248,1,ordinary,online
2013-ausopen-1601,2013-580,104925,103970,0.8930777870740456,1,SF,False,True,1,0.11308159431356607,1,ordinary,online
2013-ausopen-1602,2013-580,104918,103819,0.3543821447370253,1,SF,False,True,1,1.037379443187946,0,ordinary,online
2013-ausopen-1701,2013-580,104925,104918,0.7998277468280093,1,F,False,True,1,0.22335889096311617,1,ordinary,online
2013-frenchopen-1101,2013-520,104925,105676,0.9989991005617743,1,R128,False,True,1,0.0010014006725530802,1,ordinary,online
2013-frenchopen-1103,2013-520,104864,106298,0.29793806986169824,0,R128,False,False,1,0.35373365927721295,1,ordinary,online
2013-frenchopen-1106,2013-520,106071,103812,0.885197629699765,0,R128,True,True,1,2.1645431480952313,0,ordinary,online
2013-frenchopen-1108,2013-520,106210,104259,0.028933394209317145,0,R128,False,False,1,0.029360217996297573,1,ordinary,online
2013-frenchopen-1109,2013-520,103163,105558,0.9649383907570114,1,R128,False,True,1,0.03569102345636943,1,ordinary,online
2013-frenchopen-1110,2013-520,106058,104198,0.8820082593448195,1,R128,False,True,1,0.1255538586826608,1,ordinary,online
2013-frenchopen-1112,2013-520,104122,104545,0.10529355144434846,0,R128,False,True,1,0.11125960494852344,1,ordinary,online
2013-frenchopen-1115,2013-520,104269,102967,0.9869447914870052,1,R128,False,True,1,0.013141176789906886,1,ordinary,online
2013-frenchopen-1116,2013-520,103917,104386,0.0485419914447259,0,R128,False,True,1,0.04975972505868432,1,ordinary,online
2013-frenchopen-1117,2013-520,104745,104978,0.9997379144380262,1,R128,False,True,1,0.00026211991239668577,1,ordinary,online
2013-frenchopen-1121,2013-520,105332,104571,0.18605102543900298,1,R128,False,True,1,1.6817343125733966,0,ordinary,online
2013-frenchopen-1122,2013-520,103997,105270,0.9529825656554635,1,R128,False,True,1,0.048158669665827825,1,ordinary,online
2013-frenchopen-1124,2013-520,105028,105453,0.12803397116227397,0,R128,False,True,1,0.1370048135869318,1,ordinary,online
2013-frenchopen-1125,2013-520,104527,105217,0.95529923277608,1,R128,False,True,1,0.04573065483003924,1,ordinary,online
2013-frenchopen-1128,2013-520,105077,105668,0.13384597484415456,0,R128,False,True,1,0.14369252808695954,1,ordinary,online
2013-frenchopen-1129,2013-520,104252,104797,0.6861021015078452,0,R128,True,True,1,1.1586875099888958,0,ordinary,online
2013-frenchopen-1130,2013-520,103722,103786,0.244153867938849,0,R128,False,True,1,0.2799174525370873,1,ordinary,online
2013-frenchopen-1132,2013-520,104660,104755,1.0340865283839279e-05,0,R128,False,True,1,1.0340918750955286e-05,1,ordinary,online
2013-frenchopen-1133,2013-520,104607,104792,0.8799855519836921,0,R128,False,True,1,2.1201431433117066,0,ordinary,online
2013-frenchopen-1134,2013-520,105208,104297,0.9988942468860346,1,R128,False,True,1,0.0011063649099784373,1,ordinary,online
2013-frenchopen-1137,2013-520,104312,104919,0.9435476252017135,1,R128,False,True,1,0.05810843828613258,1,ordinary,online
2013-frenchopen-1138,2013-520,104882,105902,0.6309346954377643,1,R128,False,True,1,0.46055291555625866,1,ordinary,online
2013-frenchopen-1139,2013-520,104651,104273,0.23516194746072377,0,R128,False,False,1,0.26809116359345797,1,ordinary,online
2013-frenchopen-1140,2013-520,104890,104597,0.0009951997581292193,0,R128,False,True,1,0.000995695298210036,1,ordinary,online
2013-frenchopen-1141,2013-520,105683,103598,0.7829882801110979,1,R128,False,True,1,0.24463755103298684,1,ordinary,online
2013-frenchopen-1142,2013-520,104327,103566,0.28984486727157865,0,R128,False,True,1,0.34227183601313194,1,ordinary,online
2013-frenchopen-1144,2013-520,105011,104731,0.002643283732959782,0,R128,False,True,1,0.002646783375799259,1,ordinary,online
2013-frenchopen-1145,2013-520,104719,103852,0.03640729491214009,0,R128,False,True,1,0.03708657874759885,1,ordinary,online
2013-frenchopen-1146,2013-520,105311,104424,0.224947454113827,1,R128,False,False,1,1.4918884413236722,0,ordinary,online
2013-frenchopen-1148,2013-520,104594,103970,0.019509981582772368,0,R128,False,True,1,0.019702813492171005,1,ordinary,online
2013-frenchopen-1149,2013-520,104542,105379,0.9977294002408341,1,R128,False,False,1,0.002273181479575232,1,ordinary,online
2013-frenchopen-1150,2013-520,103813,103908,0.24675152343975576,1,R128,False,True,1,1.3993734266663054,0,ordinary,online
2013-frenchopen-1152,2013-520,103794,104871,0.08282829275588742,0,R128,False,True,1,0.08646057535149275,1,ordinary,online
2013-frenchopen-1154,2013-520,104678,103484,0.8280097787442982,1,R128,False,True,1,0.188730314588961,1,ordinary,online
2013-frenchopen-1156,2013-520,104332,105227,0.13826179835861097,0,R128,False,True,1,0.14880376484060567,1,ordinary,online
2013-frenchopen-1157,2013-520,104468,103720,0.5260714129026302,1,R128,False,True,1,0.642318309485211,1,ordinary,online
2013-frenchopen-1158,2013-520,105173,104655,0.4975952397986507,0,R128,False,False,1,0.6883491889499671,1,ordinary,online
2013-frenchopen-1160,2013-520,105041,105023,0.26064989767754226,0,R128,False,True,1,0.3019837187674953,1,ordinary,online
2013-frenchopen-1161,2013-520,103898,105575,0.0187836527051682,1,R128,False,True,1,3.974768324371927,0,ordinary,online
2013-frenchopen-1163,2013-520,104500,103926,0.7485611828565721,1,R128,False,False,1,0.28960233783969386,1,ordinary,online
2013-frenchopen-1164,2013-520,105807,103819,5.528755432581446e-05,0,R128,False,False,1,5.52890827389812e-05,1,ordinary,online
2013-frenchopen-1201,2013-520,104925,105550,0.9999971206245402,1,R64,False,False,1,2.8793796052505485e-06,1,ordinary,online
2013-frenchopen-1202,2013-520,106298,105777,0.5020175993034359,0,R64,False,False,1,0.6971905425486943,0,ordinary,online
2013-frenchopen-1205,2013-520,103163,106058,0.2806526975055613,1,R64,False,True,1,1.2706373260044126,0,ordinary,online
2013-frenchopen-1206,2013-520,105992,104545,0.3654794516350607,0,R64,False,True,1,0.4548856072221537,1,ordinary,online
2013-frenchopen-1208,2013-520,104269,104386,0.23909047742434095,0,R64,False,True,1,0.273240820993414,1,ordinary,online
2013-frenchopen-1209,2013-520,104745,105373,0.9989987005898814,1,R64,False,True,1,0.0010018010452589048,1,ordinary,online
2013-frenchopen-1210,2013-520,104586,104926,0.44874270587836823,0,R64,False,True,1,0.595553620341944,1,ordinary,online
2013-frenchopen-1211,2013-520,105332,103997,0.37233159639783053,1,R64,False,True,1,0.9879704335932776,0,ordinary,online
2013-frenchopen-1212,2013-520,104813,105453,0.059843610509974096,0,R64,False,True,1,0.0617090457584403,1,ordinary,online
2013-frenchopen-1213,2013-520,104527,104547,0.9948985310010665,1,R64,False,False,1,0.005114525917145667,1,ordinary,online
2013-frenchopen-1215,2013-520,104797,103786,0.7101723270205367,0,R64,False,True,1,1.2384687637321938,0,ordinary,online
2013-frenchopen-1216,2013-520,104308,104755,0.0015446651543513257,0,R64,False,False,1,0.0015458593795146212,1,ordinary,online
2013-frenchopen-1217,2013-520,104792,105208,0.6188132738970614,1,R64,False,True,1,0.479951709483785,1,ordinary,online
2013-frenchopen-1219,2013-520,104312,104882,0.41312931207271547,1,R64,False,True,1,0.8839946307357347,0,ordinary,online
2013-frenchopen-1220,2013-520,104273,104597,0.042487179377531895,0,R64,False,True,1,0.04341616833293722,1,ordinary,online
2013-frenchopen-1221,2013-520,105683,103566,0.8529543094705909,1,R64,False,True,1,0.15904929743787674,1,ordinary,online
2013-frenchopen-1224,2013-520,103656,103970,0.007476113061132461,0,R64,False,True,1,0.0075041992657050634,1,ordinary,online
2013-frenchopen-1225,2013-520,104542,103813,0.9783532645516043,1,R64,False,True,1,0.02188446297041981,1,ordinary,online
2013-frenchopen-1226,2013-520,105138,104871,0.04135189706812885,0,R64,False,False,1,0.04223121311515055,1,ordinary,online
2013-frenchopen-1228,2013-520,106401,105227,0.0028887563755191775,0,R64,False,False,1,0.0028929368851413804,1,ordinary,online
2013-frenchopen-1229,2013-520,104468,104655,0.6759598701937464,1,R64,False,False,1,0.3916215683199807,1,ordinary,online
2013-frenchopen-1230,2013-520,104225,105023,0.02211766726078484,0,R64,False,True,1,0.022365930358232002,1,ordinary,online
2013-frenchopen-1231,2013-520,103898,104735,0.666776975870181,1,R64,False,True,1,0.4052996579905184,1,ordinary,online
2013-frenchopen-1232,2013-520,104500,103819,0.0003520804965889896,0,R64,False,True,1,0.00035214249147891687,1,ordinary,online
2013-frenchopen-1301,2013-520,104925,105777,0.9997576063517029,1,R32,False,True,1,0.00024242303038563,1,ordinary,online
2013-frenchopen-1302,2013-520,103812,104259,0.11642261669714832,0,R32,False,True,1,0.12377640384473386,1,ordinary,online
2013-frenchopen-1303,2013-520,103163,104545,0.41068734781635197,1,R32,False,True,1,0.8899230648823855,0,ordinary,online
2013-frenchopen-1304,2013-520,104022,104386,0.2624615656351642,1,R32,False,True,1,1.3376506242983655,0,ordinary,online
2013-frenchopen-1305,2013-520,104745,104926,0.9975403730721973,1,R32,False,True,1,0.0024626567793372594,1,ordinary,online
2013-frenchopen-1306,2013-520,105332,105453,0.15479137249218533,0,R32,False,True,1,0.16817178563992582,1,ordinary,online
2013-frenchopen-1307,2013-520,104527,105668,0.813290357478003,1,R32,False,True,1,0.20666708992542682,1,ordinary,online
2013-frenchopen-1308,2013-520,103786,104755,0.10241478727759235,0,R32,False,True,1,0.10804721858914888,1,ordinary,online
2013-frenchopen-1309,2013-520,104792,103990,0.8143950720779434,0,R32,False,True,1,1.684134907678332,0,ordinary,online
2013-frenchopen-1311,2013-520,105683,104731,0.6271369614429521,0,R32,False,True,1,0.9865441156237554,0,ordinary,online
2013-frenchopen-1312,2013-520,103852,103970,0.021691052485348212,0,R32,False,True,1,0.021929761578106735,1,ordinary,online
2013-frenchopen-1313,2013-520,104542,104871,0.8605703347846873,1,R32,False,True,1,0.150159929559058,1,ordinary,online
2013-frenchopen-1314,2013-520,104678,105227,0.16894769744062235,1,R32,False,True,1,1.778166094558554,0,ordinary,online
2013-frenchopen-1315,2013-520,104468,105023,0.4289824212675687,1,R32,False,True,1,0.8463393369599355,0,ordinary,online
2013-frenchopen-1316,2013-520,103898,103819,0.007712222479786481,0,R32,False,True,1,0.007742115460975004,1,ordinary,online
2013-frenchopen-1401,2013-520,104925,104259,0.9952054731447577,1,R16,False,True,1,0.004806057469782473,1,ordinary,online
2013-frenchopen-1402,2013-520,103163,104022,0.4929989242781032,1,R16,False,True,1,0.7072482869335045,0,ordinary,online
2013-frenchopen-1403,2013-520,104745,105453,0.9944950847245388,1,R16,False,True,1,0.005520123159309727,1,ordinary,online
2013-frenchopen-1404,2013-520,104527,104755,0.325973921855445,1,R16,False,True,1,1.1209378951235958,0,ordinary,online
2013-frenchopen-1405,2013-520,103990,104597,0.6163835327189692,1,R16,False,True,1,0.48388589114454517,1,ordinary,online
2013-frenchopen-1406,2013-520,104731,103970,0.13840323570613822,0,R16,False,True,1,0.14896790860910172,1,ordinary,online
2013-frenchopen-1407,2013-520,104542,104678,0.8246529951615423,1,R16,False,True,1,0.19279259305486712,1,ordinary,online
2013-frenchopen-1408,2013-520,104468,103819,0.0048660165639846705,0,R16,False,True,1,0.0048778941693331515,1,ordinary,online
2013-frenchopen-1501,2013-520,104925,103163,0.9936903784826553,1,QF,False,True,1,0.006329611308898337,1,ordinary,online
2013-frenchopen-1503,2013-520,103990,103970,0.22845567785592175,0,QF,False,True,1,0.2593611595172382,1,ordinary,online
2013-frenchopen-1504,2013-520,104542,103819,0.16850059695504055,1,QF,False,True,1,1.7808159864361117,0,ordinary,online
2013-frenchopen-1601,2013-520,104925,104745,0.5796124132443897,0,SF,False,True,1,0.8665781676378986,0,ordinary,online
2013-frenchopen-1602,2013-520,103970,104542,0.6094293614321826,1,SF,False,True,1,0.49523223270477285,1,ordinary,online
2013-frenchopen-1701,2013-520,104745,103970,0.8255673963110097,1,F,False,True,1,0.19168437593698723,1,ordinary,online
2013-wimbledon-1101,2013-540,104925,104252,0.9958683212715266,1,R128,False,True,1,0.004140237696436716,1,ordinary,online
2013-wimbledon-1104,2013-540,105992,104871,0.3359958295577502,0,R128,False,True,1,0.4094668487389065,1,ordinary,online
2013-wimbledon-1105,2013-540,104468,103852,0.6997344445147835,0,R128,False,True,1,1.2030880109203699,0,ordinary,online
2013-wimbledon-1108,2013-540,104098,103163,0.017280951741346497,0,R128,False,True,1,0.017432010206771015,1,ordinary,online
2013-wimbledon-1109,2013-540,104755,104719,0.9900524428246942,1,R128,False,True,1,0.009997364706301292,1,ordinary,online
2013-wimbledon-1112,2013-540,106071,105023,0.31104926564543,1,R128,False,True,1,1.1678039689130448,0,ordinary,online
2013-wimbledon-1116,2013-540,105373,104607,0.15150256647090063,0,R128,False,True,1,0.16428821902769347,1,ordinary,online
2013-wimbledon-1117,2013-540,103970,104651,0.9999987758693609,1,R128,False,False,1,1.2241313883255258e-06,1,ordinary,online
2013-wimbledon-1121,2013-540,105683,104122,0.925188247559172,1,R128,False,True,1,0.07775805130046029,1,ordinary,online
2013-wimbledon-1124,2013-540,104471,104259,0.024116450182084862,1,R128,True,True,1,3.7248610911679214,0,ordinary,online
2013-wimbledon-1129,2013-540,105777,104620,0.4052619143020835,1,R128,False,True,1,0.903221718916759,0,ordinary,online
2013-wimbledon-1132,2013-540,105077,105223,0.015004147055975128,0,R128,False,True,1,0.015117848028022931,1,ordinary,online
2013-wimbledon-1133,2013-540,104745,104327,0.9999615270012523,0,R128,False,True,1,10.165553893946711,0,ordinary,online
2013-wimbledon-1140,2013-540,103720,104527,0.07983449683032433,1,R128,False,True,1,2.527799576830434,0,ordinary,online
2013-wimbledon-1141,2013-540,104597,105132,0.9732014982193503,1,R128,False,True,1,0.027164128596611388,1,ordinary,online
2013-wimbledon-1144,2013-540,106378,105668,0.10283398531947001,0,R128,False,False,1,0.1085143563663519,1,ordinary,online
2013-wimbledon-1145,2013-540,104926,103781,0.9311184736693957,0,R128,False,True,1,2.675367259836916,0,ordinary,online
2013-wimbledon-1147,2013-540,104297,104660,0.589682507263124,0,R128,False,True,1,0.8908240464265295,0,ordinary,online
2013-wimbledon-1148,2013-540,103812,103819,0.0013612906296313317,0,R128,False,True,1,0.001362218027454683,1,ordinary,online
2013-wimbledon-1149,2013-540,104542,105676,0.870223347406084,1,R128,False,True,1,0.13900537912432664,1,ordinary,online
2013-wimbledon-1156,2013-540,104571,105227,0.130824393798662,0,R128,False,True,1,0.14021009564929895,1,ordinary,online
2013-wimbledon-1157,2013-540,104386,104678,0.5899649834195755,0,R128,False,True,1,0.8915127166369751,0,ordinary,online
2013-wimbledon-1160,2013-540,104898,104022,0.38930246466590834,0,R128,False,True,1,0.49315347456585595,1,ordinary,online
2013-wimbledon-1163,2013-540,104868,104229,0.7720088532661799,0,R128,False,True,1,1.4784484808964287,0,ordinary,online
2013-wimbledon-1164,2013-540,103794,104918,0.0001235019904871512,0,R128,False,True,1,0.00012350961748595118,1,ordinary,online
2013-wimbledon-1201,2013-540,104925,104035,0.9991382995405923,1,R64,False,True,1,0.0008620719366653179,1,ordinary,online
2013-wimbledon-1204,2013-540,104499,103163,0.07959619664424114,0,R64,False,True,1,0.08294278854376348,1,ordinary,online
2013-wimbledon-1205,2013-540,104755,104424,0.939436162619895,1,R64,False,True,1,0.06247541068638428,1,ordinary,online
2013-wimbledon-1206,2013-540,103484,106071,0.2006813142990274,0,R64,False,True,1,0.22399555704181545,1,ordinary,online
2013-wimbledon-1208,2013-540,104978,104607,0.07126633938678674,0,R64,False,True,1,0.07393327598437202,1,ordinary,online
2013-wimbledon-1209,2013-540,103970,105138,0.9993063770843063,1,R64,False,False,1,0.0006938635833631777,1,ordinary,online
2013-wimbledon-1210,2013-540,105053,105238,0.3752074042571449,0,R64,False,True,1,0.47033553113050475,1,ordinary,online
2013-wimbledon-1211,2013-540,105683,104997,0.9038415602014314,0,R64,False,True,1,2.34175803338335,0,ordinary,online
2013-wimbledon-1213,2013-540,105453,104919,0.9387481320393956,1,R64,False,True,1,0.0632080657439661,1,ordinary,online
2013-wimbledon-1215,2013-540,105777,104813,0.8630565849139015,0,R64,False,True,1,1.988187467042429,0,ordinary,online
2013-wimbledon-1216,2013-540,105028,105223,0.007103152640008785,0,R64,False,True,1,0.007128500131443402,1,ordinary,online
2013-wimbledon-1219,2013-540,104545,105173,0.9312983434127959,0,R64,True,True,1,2.6779819666936957,0,ordinary,online
2013-wimbledon-1220,2013-540,104460,103720,0.5934936785202918,1,R64,False,True,1,0.5217287161765156,1,ordinary,online
2013-wimbledon-1221,2013-540,104597,105558,0.9943520909260561,1,R64,False,True,1,0.005663918821922487,1,ordinary,online
2013-wimbledon-1222,2013-540,103285,105668,0.551895153857489,0,R64,True,True,1,0.8027280423801625,0,ordinary,online
2013-wimbledon-1224,2013-540,104660,103819,2.5769858249217006e-05,1,R64,False,True,1,10.566305033927584,0,ordinary,online
2013-wimbledon-1225,2013-540,104542,105208,0.8256169665353723,0,R64,True,True,1,1.746501057419655,0,ordinary,online
2013-wimbledon-1226,2013-540,104269,103898,0.5577698447979316,1,R64,False,True,1,0.5838088662075498,1,ordinary,online
2013-wimbledon-1227,2013-540,104338,104330,0.9648576952287832,1,R64,False,False,1,0.03577465460150569,1,ordinary,online
2013-wimbledon-1230,2013-540,105577,104022,0.042008284218774575,0,R64,False,False,1,0.04291614845865991,1,ordinary,online
2013-wimbledon-1231,2013-540,103990,103917,0.9107822926556551,1,R64,False,True,1,0.09345138651024686,1,ordinary,online
2013-wimbledon-1232,2013-540,104229,104918,0.003963415518371532,0,R64,False,True,1,0.003971290664862941,1,ordinary,online
2013-wimbledon-1301,2013-540,104925,104871,0.9907428725557254,1,R32,False,True,1,0.009300240926139366,1,ordinary,online
2013-wimbledon-1302,2013-540,103852,103163,0.26950021568066235,0,R32,False,True,1,0.31402634304216204,1,ordinary,online
2013-wimbledon-1303,2013-540,104755,106071,0.9270769245284608,0,R32,False,True,1,2.6183501540937053,0,ordinary,online
2013-wimbledon-1304,2013-540,104731,104607,0.1762668053911324,0,R32,False,True,1,0.19390859445532455,1,ordinary,online
2013-wimbledon-1305,2013-540,103970,105238,0.8628157486883425,1,R32,False,True,1,0.14755411163378632,1,ordinary,online
2013-wimbledon-1306,2013-540,104997,104471,0.843110685254331,0,R32,True,True,1,1.852214723884277,0,ordinary,online
2013-wimbledon-1308,2013-540,104813,105223,0.02593701082002617,0,R32,False,True,1,0.026279306814666524,1,ordinary,online
2013-wimbledon-1309,2013-540,103997,105332,0.37000818437069827,1,R32,False,True,1,0.9942301536677026,0,ordinary,online
2013-wimbledon-1311,2013-540,104597,105668,0.6830287533179419,0,R32,False,True,1,1.1489442136917587,0,ordinary,online
2013-wimbledon-1312,2013-540,103781,104660,0.7013537260244064,1,R32,False,True,1,0.3547429171843772,1,ordinary,online
2013-wimbledon-1313,2013-540,105208,104269,0.685111416256839,0,R32,False,True,1,1.1555364051266164,0,ordinary,online
2013-wimbledon-1314,2013-540,104338,104932,0.6802050743172692,0,R32,False,True,1,1.1400753458666082,0,ordinary,online
2013-wimbledon-1315,2013-540,104678,104022,0.5863032830277063,0,R32,False,True,1,0.8826221413154313,0,ordinary,online
2013-wimbledon-1316,2013-540,103990,104918,0.04492045193882291,0,R32,False,True,1,0.04596064557122091,1,ordinary,online
2013-wimbledon-1401,2013-540,104925,103163,0.9824854846358746,1,R16,False,True,1,0.01766970925536277,1,ordinary,online
2013-wimbledon-1402,2013-540,106071,104607,0.05959641431705575,0,R16,False,True,1,0.06144614938969317,1,ordinary,online
2013-wimbledon-1403,2013-540,103970,104471,0.9381532692421921,1,R16,False,True,1,0.06384194327926473,1,ordinary,online
2013-wimbledon-1404,2013-540,104312,105223,0.16678918450186891,0,R16,False,True,1,0.1824685890049031,1,ordinary,online
2013-wimbledon-1406,2013-540,105668,103781,0.8215228540390594,1,R16,False,True,1,0.19659552200248084,1,ordinary,online
2013-wimbledon-1407,2013-540,104269,104932,0.6022078725175118,1,R16,False,True,1,0.5071525900915048,1,ordinary,online
2013-wimbledon-1408,2013-540,104022,104918,0.027949075532942548,0,R16,False,True,1,0.028347084467067015,1,ordinary,online
2013-wimbledon-1501,2013-540,104925,104607,0.9206602796790542,1,QF,False,True,1,0.08266417105584674,1,ordinary,online
2013-wimbledon-1502,2013-540,103970,105223,0.7217504857737944,0,QF,False,True,1,1.2792370346457764,0,ordinary,online
2013-wimbledon-1503,2013-540,103997,105668,0.1472376763961098,0,QF,False,True,1,0.15927440618547148,1,ordinary,online
2013-wimbledon-1504,2013-540,104269,104918,0.041256215718362965,0,QF,False,True,1,0.04213140946991415,1,ordinary,online
2013-wimbledon-1601,2013-540,104925,105223,0.9226083726354142,1,SF,False,True,1,0.08055043285579021,1,ordinary,online
2013-wimbledon-1602,2013-540,105668,104918,0.06876160995041455,0,SF,False,True,1,0.07123997642693007,1,ordinary,online
2013-wimbledon-1701,2013-540,104925,104918,0.7357832839080177,0,F,False,True,1,1.3309856182974473,0,ordinary,online
2013-usopen-1101,2013-560,104925,105575,0.9837630262608689,1,R128,False,True,1,0.01637023790401689,1,ordinary,online
2013-usopen-1105,2013-560,105332,104166,0.60660317071782,0,R128,False,True,1,0.932936432840594,0,ordinary,online
2013-usopen-1106,2013-560,105065,105902,0.5790336981081681,1,R128,False,True,1,0.5463946025704851,1,ordinary,online
2013-usopen-1108,2013-560,104330,104926,0.00309174890860671,1,R128,False,False,1,5.779018358343962,0,ordinary,online
2013-usopen-1109,2013-560,103163,103908,0.8233461464240367,1,R128,False,True,1,0.1943785756909735,1,ordinary,online
2013-usopen-1115,2013-560,103720,104548,0.5122713348829343,1,R128,False,True,1,0.6689008433738072,1,ordinary,online
2013-usopen-1116,2013-560,104198,105223,0.0024887956577566714,0,R128,False,True,1,0.002491897857900142,1,ordinary,online
2013-usopen-1117,2013-560,104918,103566,0.998845256600566,1,R128,False,True,1,0.0011554106292955787,1,ordinary,online
2013-usopen-1119,2013-560,105385,105373,0.14899829536582238,1,R128,False,True,1,1.9038204135999572,0,ordinary,online
2013-usopen-1122,2013-560,105041,104500,0.5442127830720357,0,R128,False,True,1,0.7857292079171349,0,ordinary,online
2013-usopen-1123,2013-560,104735,105449,0.8309475922379873,1,R128,False,True,1,0.18518855201435852,1,ordinary,online
2013-usopen-1125,2013-560,104527,103285,0.8998133779580983,1,R128,False,True,1,0.10556789498376754,1,ordinary,online
2013-usopen-1126,2013-560,103484,103333,0.041712874151657135,0,R128,False,True,1,0.042607832087326034,1,ordinary,online
2013-usopen-1127,2013-560,104571,104424,0.6614308923236067,1,R128,False,True,1,0.4133497720507464,1,ordinary,online
2013-usopen-1128,2013-560,104978,104731,0.15260646158935676,0,R128,False,True,1,0.16559006601270432,1,ordinary,online
2013-usopen-1132,2013-560,103893,104607,0.0031592907874617927,0,R128,False,True,1,0.0031642918826554674,1,ordinary,online
2013-usopen-1133,2013-560,104755,103188,0.9788446131637424,1,R128,False,True,1,0.021382369004291087,1,ordinary,online
2013-usopen-1138,2013-560,104932,105614,0.5477327176958873,0,R128,False,True,1,0.7934819413868702,0,ordinary,online
2013-usopen-1140,2013-560,105341,105683,0.04040229221919456,0,R128,False,False,1,0.04124113674307973,1,ordinary,online
2013-usopen-1141,2013-560,105668,104216,0.9781351489824992,0,R128,False,False,1,3.8228749078838558,0,ordinary,online
2013-usopen-1142,2013-560,106058,104332,0.7521752639753756,1,R128,True,True,1,0.2847859183904028,1,ordinary,online
2013-usopen-1144,2013-560,104655,104386,0.01587213490490453,0,R128,True,False,1,0.015999446169567375,1,ordinary,online
2013-usopen-1148,2013-560,106401,103970,1.0225121122552983e-05,0,R128,False,False,1,1.0225173399460327e-05,1,ordinary,online
2013-usopen-1149,2013-560,103819,104813,0.9981388931086151,1,R128,False,True,1,0.0018628409026029266,1,ordinary,online
2013-usopen-1150,2013-560,105053,104122,0.8912355641873315,0,R128,False,True,1,2.2185708747179325,0,ordinary,online
2013-usopen-1152,2013-560,105550,105023,0.15260427248259512,0,R128,False,False,1,0.16558748267469806,1,ordinary,online
2013-usopen-1153,2013-560,103990,104594,0.7624830871945883,1,R128,False,True,1,0.27117495147497506,1,ordinary,online
2013-usopen-1155,2013-560,105077,106071,0.14238729599109223,0,R128,False,True,1,0.1536026753320948,1,ordinary,online
2013-usopen-1156,2013-560,105554,105453,0.018125101943716065,1,R128,False,False,1,4.01045745377633,0,ordinary,online
2013-usopen-1157,2013-560,104545,103835,0.9622081278297946,1,R128,False,True,1,0.038524502621100534,1,ordinary,online
2013-usopen-1158,2013-560,104494,104792,0.7127945568612022,0,R128,False,True,1,1.247557489554523,0,ordinary,online
2013-usopen-1160,2013-560,123768,104259,0.022627526174891707,0,R128,False,False,1,0.022887457193457285,1,ordinary,online
2013-usopen-1161,2013-560,104269,104471,0.6588501635201403,0,R128,False,True,1,1.0754334950411777,0,ordinary,online
2013-usopen-1164,2013-560,105992,104745,0.0005604588417479263,0,R128,False,True,1,0.0005606159575119283,1,ordinary,online
2013-usopen-1201,2013-560,104925,103794,0.9999811644152292,1,R64,False,True,1,1.883576216263653e-05,1,ordinary,online
2013-usopen-1203,2013-560,104166,105065,0.25754700021979704,0,R64,False,True,1,0.29779571026813195,1,ordinary,online
2013-usopen-1204,2013-560,104719,104330,0.3928551090504353,1,R64,False,False,1,0.9343144143527622,0,ordinary,online
2013-usopen-1205,2013-560,103163,104229,0.9116696343319044,1,R64,False,True,1,0.09247759759079308,1,ordinary,online
2013-usopen-1208,2013-560,103720,105223,0.06705818298765266,1,R64,False,True,1,2.702194633633945,0,ordinary,online
2013-usopen-1209,2013-560,104918,104919,0.9998166218161588,1,R64,False,True,1,0.0001833949996761337,1,ordinary,online
2013-usopen-1210,2013-560,105385,104252,0.2717308978412158,0,R64,False,True,1,0.31708465326513113,1,ordinary,online
2013-usopen-1211,2013-560,104312,104500,0.8191126064620549,1,R64,False,True,1,0.19953371195265104,1,ordinary,online
2013-usopen-1213,2013-560,104527,103333,0.8327863369417807,1,R64,False,True,1,0.1829781679857724,1,ordinary,online
2013-usopen-1214,2013-560,104571,104731,0.29204667323872424,1,R64,False,True,1,1.2308416496282397,0,ordinary,online
2013-usopen-1215,2013-560,103898,104871,0.407286612035631,1,R64,False,True,1,0.898238134900825,0,ordinary,online
2013-usopen-1216,2013-560,106045,104607,0.001609271020572151,0,R64,False,False,1,0.001610567288064779,1,ordinary,online
2013-usopen-1217,2013-560,104755,103565,0.9994317579130897,1,R64,False,True,1,0.0005684035976326684,1,ordinary,online
2013-usopen-1219,2013-560,103852,105614,0.538958731529058,1,R64,False,True,1,0.618116275885534,1,ordinary,online
2013-usopen-1220,2013-560,104665,105683,0.09519992196793195,0,R64,False,True,1,0.10004126793789138,1,ordinary,online
2013-usopen-1221,2013-560,104216,106058,0.9963672321163821,0,R64,False,False,1,5.617760418888549,0,ordinary,online
2013-usopen-1224,2013-560,105138,103970,0.048172153815428706,0,R64,False,False,1,0.04937109438291798,1,ordinary,online
2013-usopen-1225,2013-560,103819,104122,0.9995802108100931,1,R64,False,True,1,0.00041987732605550663,1,ordinary,online
2013-usopen-1226,2013-560,105173,105023,0.02977891107300536,1,R64,False,True,1,3.513954818109881,0,ordinary,online
2013-usopen-1227,2013-560,103990,104433,0.9990670072685064,1,R64,False,True,1,0.0009334282401174445,1,ordinary,online
2013-usopen-1228,2013-560,106071,105554,0.00861947635411547,0,R64,False,False,1,0.00865683889236257,1,ordinary,online
2013-usopen-1229,2013-560,104545,104792,0.32326445950310356,1,R64,False,True,1,1.1292845306891353,0,ordinary,online
2013-usopen-1230,2013-560,104273,104259,0.14144623819644012,0,R64,False,True,1,0.15250597765419477,1,ordinary,online
2013-usopen-1232,2013-560,104297,104745,1.000690237815976e-07,0,R64,False,True,1,1.000690287885027e-07,1,ordinary,online
2013-usopen-1301,2013-560,104925,105311,0.9756438277633412,1,R32,False,False,1,0.024657689742756467,1,ordinary,online
2013-usopen-1302,2013-560,105065,104719,0.5029730169982881,0,R32,False,True,1,0.6991109626053048,0,ordinary,online
2013-usopen-1303,2013-560,103163,104022,0.6296387700395345,0,R32,False,True,1,0.9932764524215607,0,ordinary,online
2013-usopen-1304,2013-560,105539,103720,0.006616484163824247,0,R32,False,False,1,0.0066384701286898665,1,ordinary,online
2013-usopen-1305,2013-560,104918,104252,0.9868988984232738,1,R32,False,True,1,0.01318767800373069,1,ordinary,online
2013-usopen-1306,2013-560,104312,104797,0.5931004169157962,0,R32,False,True,1,0.8991888485899014,0,ordinary,online
2013-usopen-1307,2013-560,104527,104571,0.802288266632886,1,R32,False,True,1,0.22028730099245458,1,ordinary,online
2013-usopen-1308,2013-560,103898,104607,0.062005620613042406,0,R32,False,True,1,0.06401132211864391,1,ordinary,online
2013-usopen-1309,2013-560,104755,104098,0.9952788323829663,1,R32,True,True,1,0.004732347530911712,1,ordinary,online
2013-usopen-1310,2013-560,103852,105683,0.287845459816523,0,R32,False,True,1,0.33946034030279226,1,ordinary,online
2013-usopen-1311,2013-560,106058,104386,0.4479782248837435,0,R32,False,True,1,0.5941677858087031,1,ordinary,online
2013-usopen-1312,2013-560,105062,103970,0.043475840104382255,0,R32,False,True,1,0.0444492317740723,1,ordinary,online
2013-usopen-1313,2013-560,103819,105173,0.997639254176399,1,R32,False,True,1,0.0023635367773763745,1,ordinary,online
2013-usopen-1314,2013-560,103990,105554,0.26549488746255856,1,R32,False,False,1,1.3261596947470975,0,ordinary,online
2013-usopen-1315,2013-560,104545,104259,0.44974853450866337,0,R32,False,True,1,0.5973798952600092,1,ordinary,online
2013-usopen-1316,2013-560,104471,104745,0.00573707584876991,0,R32,False,True,1,0.005753596083946322,1,ordinary,online
2013-usopen-1401,2013-560,104925,104719,0.9998904268290677,1,R16,False,True,1,0.00010957917451074996,1,ordinary,online
2013-usopen-1402,2013-560,104022,103720,0.6667398794072147,1,R16,False,True,1,0.40535529502701945,1,ordinary,online
2013-usopen-1403,2013-560,104918,104797,0.9943757555140846,1,R16,False,True,1,0.0056401201024828505,1,ordinary,online
2013-usopen-1404,2013-560,104527,104607,0.32754181546192107,1,R16,False,True,1,1.116139551257571,0,ordinary,online
2013-usopen-1405,2013-560,104755,105683,0.6949550543116513,1,R16,False,True,1,0.3639081055637211,1,ordinary,online
2013-usopen-1406,2013-560,104386,103970,0.10927150414104111,0,R16,False,True,1,0.1157156163997758,1,ordinary,online
2013-usopen-1407,2013-560,103819,103990,0.9308209813380374,0,R16,False,True,1,2.671057660859031,0,ordinary,online
2013-usopen-1408,2013-560,104259,104745,0.017501780795560404,0,R16,False,True,1,0.017656747754928655,1,ordinary,online
2013-usopen-1501,2013-560,104925,104022,0.9946453998021493,1,QF,False,True,1,0.005368987451132411,1,ordinary,online
2013-usopen-1502,2013-560,104918,104527,0.8850053355991718,0,QF,False,True,1,2.1628695482097764,0,ordinary,online
2013-usopen-1503,2013-560,104755,103970,0.22285026271584107,1,QF,False,True,1,1.5012552006993491,0,ordinary,online
2013-usopen-1504,2013-560,103990,104745,0.033268184156006006,0,QF,False,True,1,0.0338341582459861,1,ordinary,online
2013-usopen-1601,2013-560,104925,104527,0.9508014569779254,1,SF,False,True,1,0.05045001112671548,1,ordinary,online
2013-usopen-1602,2013-560,104755,104745,0.0425681110173516,0,SF,False,True,1,0.04350069467927187,1,ordinary,online
2013-usopen-1701,2013-560,104925,104745,0.5669125630829154,0,F,False,True,1,0.8368156385314239,0,ordinary,online
2013-ausopen-1101,2013-580,104925,103908,0.9999047371981643,1,R128,False,True,1,9.526733962459121e-05,1,huber_2.5,frozen
2013-ausopen-1102,2013-580,105992,105053,0.28578461349358747,1,R128,False,True,1,1.2525168515570704,0,huber_2.5,frozen
2013-ausopen-1105,2013-580,105023,103926,0.9052990315079241,1,R128,False,False,1,0.09948996830367392,1,huber_2.5,frozen
2013-ausopen-1109,2013-580,104338,105723,0.8616227733091232,0,R128,False,False,1,1.9777717963691528,0,huber_2.5,frozen
2013-ausopen-1110,2013-580,104731,103893,0.9613505875762188,1,R128,False,True,1,0.0394161211649157,1,huber_2.5,frozen
2013-ausopen-1112,2013-580,105676,104269,0.6941169703742324,0,R128,False,True,1,1.184552506233195,0,huber_2.5,frozen
2013-ausopen-1116,2013-580,103188,104607,0.00868518666266286,0,R128,False,True,1,0.008723122710502204,1,huber_2.5,frozen
2013-ausopen-1117,2013-580,103970,103694,0.9999985337051452,1,R128,False,True,1,1.4662959297685956e-06,1,huber_2.5,frozen
2013-ausopen-1119,2013-580,105357,105147,0.7110838697319793,0,R128,False,False,1,1.2416188396728634,0,huber_2.5,frozen
2013-ausopen-1120,2013-580,105077,104571,0.021989106969942038,0,R128,False,True,1,0.022234470941803603,1,huber_2.5,frozen
2013-ausopen-1121,2013-580,104022,105051,0.6539504531202183,1,R128,False,True,1,0.4247236901498715,1,huber_2.5,frozen
2013-ausopen-1124,2013-580,103812,105453,0.039282939024824756,0,R128,False,True,1,0.04007533482418862,1,huber_2.5,frozen
2013-ausopen-1125,2013-580,104597,105449,0.9763486719598778,1,R128,False,True,1,0.023935510505622704,1,huber_2.5,frozen
2013-ausopen-1128,2013-580,104620,105668,0.35885637429210865,0,R128,False,True,1,0.4445017820933818,1,huber_2.5,frozen
2013-ausopen-1132,2013-580,103720,104386,0.15272636083259927,0,R128,False,True,1,0.16573156783091256,1,huber_2.5,frozen
2013-ausopen-1133,2013-580,105223,105173,0.9976435662181046,1,R128,False,True,1,0.002359214541288817,1,huber_2.5,frozen
2013-ausopen-1140,2013-580,104594,105227,0.11718753622490546,0,R128,False,True,1,0.12464248624079867,1,huber_2.5,frozen
2013-ausopen-1141,2013-580,104468,103835,0.9860286399985494,1,R128,False,True,1,0.01406987814967464,1,huber_2.5,frozen
2013-ausopen-1144,2013-580,104792,105238,0.49419764927466603,1,R128,False,True,1,0.7048197420664877,0,huber_2.5,frozen
2013-ausopen-1148,2013-580,104898,104918,0.008034220273962518,0,R128,False,True,1,0.008066668536187193,1,huber_2.5,frozen
2013-ausopen-1149,2013-580,104542,103566,0.9580554073488591,1,R128,False,True,1,0.042849666202677536,1,huber_2.5,frozen
2013-ausopen-1150,2013-580,104424,106291,0.899960325546798,1,R128,False,False,1,0.10540459935527828,1,huber_2.5,frozen
2013-ausopen-1151,2013-580,105902,106093,0.8419920980165246,1,R128,False,True,1,0.17198464956232193,1,huber_2.5,frozen
2013-ausopen-1153,2013-580,103163,103813,0.9109099943087815,0,R128,False,True,1,2.418108120367911,0,huber_2.5,frozen
2013-ausopen-1154,2013-580,104471,105842,0.10903197408692131,1,R128,False,False,1,2.2161140995218473,0,huber_2.5,frozen
2013-ausopen-1156,2013-580,103656,104755,0.06153373035839529,0,R128,False,True,1,0.06350836431365171,1,huber_2.5,frozen
2013-ausopen-1157,2013-580,105683,104225,0.9315652096065774,1,R128,False,True,1,0.07088908644539305,1,huber_2.5,frozen
2013-ausopen-1160,2013-580,104327,104259,0.147255447688988,0,R128,False,True,1,0.1592952460813755,1,huber_2.5,frozen
2013-ausopen-1162,2013-580,106071,104919,0.6466458578479428,1,R128,False,True,1,0.4359564946962702,1,huber_2.5,frozen
2013-ausopen-1164,2013-580,105332,103819,0.0001796916042153623,0,R128,False,True,1,0.00017970775068596083,1,huber_2.5,frozen
2013-ausopen-1201,2013-580,104925,105992,0.9995184832659965,1,R64,False,True,1,0.0004816327004141082,1,huber_2.5,frozen
2013-ausopen-1202,2013-580,103852,103285,0.7015179671092842,0,R64,False,True,1,1.2090455392819355,0,huber_2.5,frozen
2013-ausopen-1203,2013-580,105023,104548,0.6093115059504773,1,R64,True,True,1,0.49542563802205863,1,huber_2.5,frozen
2013-ausopen-1204,2013-580,104735,104527,0.07750544282350075,0,R64,True,True,1,0.08067380316453594,1,huber_2.5,frozen
2013-ausopen-1205,2013-580,105723,104731,0.08773541140273133,0,R64,False,False,1,0.09182521190825438,1,huber_2.5,frozen
2013-ausopen-1206,2013-580,103598,104269,0.736872878941622,0,R64,False,True,1,1.3351180135485161,0,huber_2.5,frozen
2013-ausopen-1208,2013-580,105558,104607,0.00048085080146043687,0,R64,False,True,1,0.00048096644728081226,1,huber_2.5,frozen
2013-ausopen-1209,2013-580,103970,105065,0.9999938584769736,1,R64,False,True,1,6.141541885589265e-06,1,huber_2.5,frozen
2013-ausopen-1210,2013-580,105147,104571,0.014472325726041322,0,R64,False,True,1,0.014578071328581832,1,huber_2.5,frozen
2013-ausopen-1212,2013-580,104122,105453,0.08222230682190923,0,R64,False,True,1,0.08580008198217266,1,huber_2.5,frozen
2013-ausopen-1213,2013-580,104597,104593,0.9981677619144276,1,R64,False,True,1,0.0018339186869284904,1,huber_2.5,frozen
2013-ausopen-1214,2013-580,104500,105668,0.02985142278956992,0,R64,False,True,1,0.030306046832513388,1,huber_2.5,frozen
2013-ausopen-1215,2013-580,103898,104273,0.6796305939360386,1,R64,False,True,1,0.3862058726342908,1,huber_2.5,frozen
2013-ausopen-1216,2013-580,105041,104386,0.004071646726256359,0,R64,False,True,1,0.004079958449059275,1,huber_2.5,frozen
2013-ausopen-1217,2013-580,105223,103794,0.989211611717743,1,R64,False,True,1,0.010847004910299019,1,huber_2.5,frozen
2013-ausopen-1218,2013-580,104871,104719,0.8517644548229293,1,R64,False,True,1,0.160445251850775,1,huber_2.5,frozen
2013-ausopen-1220,2013-580,104330,105227,0.015905412961762958,0,R64,False,False,1,0.01603326151074035,1,huber_2.5,frozen
2013-ausopen-1221,2013-580,104468,105028,0.8382669767640484,1,R64,False,True,1,0.17641864121451828,1,huber_2.5,frozen
2013-ausopen-1222,2013-580,104229,104792,0.015254279134791219,0,R64,False,True,1,0.015371822542737458,1,huber_2.5,frozen
2013-ausopen-1223,2013-580,104252,105575,0.736922200149299,0,R64,False,True,1,1.335305473626754,0,huber_2.5,frozen
2013-ausopen-1224,2013-580,105311,104918,0.00022306473766547474,0,R64,False,False,1,0.0002230896203044313,1,huber_2.5,frozen
2013-ausopen-1225,2013-580,104542,104424,0.8829054810821366,1,R64,False,True,1,0.12453712704976927,1,huber_2.5,frozen
2013-ausopen-1226,2013-580,105902,104882,0.2526522991518072,0,R64,False,True,1,0.2912247391607554,1,huber_2.5,frozen
2013-ausopen-1228,2013-580,104268,104755,0.1086696200548245,0,R64,False,True,1,0.11504012344353866,1,huber_2.5,frozen
2013-ausopen-1230,2013-580,104804,104259,0.043530214411683,0,R64,False,False,1,0.04450607911270999,1,huber_2.5,frozen
2013-ausopen-1231,2013-580,104978,106071,0.12557993809528045,0,R64,False,True,1,0.13419439875913045,1,huber_2.5,frozen
2013-ausopen-1232,2013-580,103786,103819,0.0005483079536430153,0,R64,False,True,1,0.000548458329419698,1,huber_2.5,frozen
2013-ausopen-1301,2013-580,104925,103285,0.9998791828962373,1,R32,False,True,1,0.00012082440273684108,1,huber_2.5,frozen
2013-ausopen-1302,2013-580,105023,104527,0.2288873595255815,0,R32,False,True,1,0.2599208194952992,1,huber_2.5,frozen
2013-ausopen-1303,2013-580,104731,104269,0.6521569574673657,1,R32,False,True,1,0.4274700137149471,1,huber_2.5,frozen
2013-ausopen-1304,2013-580,103781,104607,0.027340852725457904,0,R32,False,True,1,0.027721569295264037,1,huber_2.5,frozen
2013-ausopen-1305,2013-580,103970,104571,0.9550613384950363,1,R32,False,True,1,0.045979711773373365,1,huber_2.5,frozen
2013-ausopen-1306,2013-580,105539,105453,0.058155839183657465,0,R32,False,False,1,0.05991545246910575,1,huber_2.5,frozen
2013-ausopen-1307,2013-580,104597,105668,0.6035378809423493,1,R32,False,True,1,0.5049464716615695,1,huber_2.5,frozen
2013-ausopen-1308,2013-580,103898,104386,0.09898311617694586,0,R32,False,True,1,0.10423128256706962,1,huber_2.5,frozen
2013-ausopen-1309,2013-580,105223,104871,0.9682830926562687,0,R32,False,True,1,3.4509053855901217,0,huber_2.5,frozen
2013-ausopen-1310,2013-580,104312,105227,0.2522585574602101,1,R32,False,True,1,1.3773006958036833,0,huber_2.5,frozen
2013-ausopen-1311,2013-580,104468,104792,0.21626794310517267,1,R32,False,True,1,1.5312371627155394,0,huber_2.5,frozen
2013-ausopen-1312,2013-580,105575,104918,0.01628109987578153,0,R32,False,True,1,0.016415093346972717,1,huber_2.5,frozen
2013-ausopen-1313,2013-580,104542,104882,0.8673611874652747,1,R32,False,True,1,0.14229979441405172,1,huber_2.5,frozen
2013-ausopen-1314,2013-580,104471,104755,0.00021372291204566678,0,R32,False,True,1,0.00021374575404186337,1,huber_2.5,frozen
2013-ausopen-1315,2013-580,105683,104259,0.47375132925500235,1,R32,False,True,1,0.7470727167741289,0,huber_2.5,frozen
2013-ausopen-1316,2013-580,106071,103819,0.002266676342313272,0,R32,False,True,1,0.0022692491416712204,1,huber_2.5,frozen
2013-ausopen-1401,2013-580,104925,104527,0.9880758501195689,1,R16,False,True,1,0.011995812804958641,1,huber_2.5,frozen
2013-ausopen-1402,2013-580,104731,104607,0.08738721338860486,0,R16,False,True,1,0.09144359939764689,1,huber_2.5,frozen
2013-ausopen-1403,2013-580,103970,105453,0.957006373512675,1,R16,False,True,1,0.043945227663507044,1,huber_2.5,frozen
2013-ausopen-1404,2013-580,104597,104386,0.38867436689194573,1,R16,True,True,1,0.9450133890356872,0,huber_2.5,frozen
2013-ausopen-1405,2013-580,104871,104312,0.17903632204335987,1,R16,False,True,1,1.7201665772827877,0,huber_2.5,frozen
2013-ausopen-1406,2013-580,104468,104918,0.009335990027787493,0,R16,False,True,1,0.0093798435400698,1,huber_2.5,frozen
2013-ausopen-1407,2013-580,104542,104755,0.44366584107863205,1,R16,False,True,1,0.812683610086396,0,huber_2.5,frozen
2013-ausopen-1408,2013-580,105683,103819,0.02169447425408863,0,R16,False,True,1,0.021933259220373195,1,huber_2.5,frozen
2013-ausopen-1501,2013-580,104925,104607,0.9388000141630368,1,QF,False,True,1,0.06315279991894913,1,huber_2.5,frozen
2013-ausopen-1502,2013-580,103970,104597,0.8691383486255432,1,QF,False,True,1,0.14025296198618484,1,huber_2.5,frozen
2013-ausopen-1503,2013-580,104871,104918,0.0020463356343479538,0,QF,False,True,1,0.0020484322398394575,1,huber_2.5,frozen
2013-ausopen-1504,2013-580,104542,103819,0.0661579516916959,0,QF,False,True,1,0.06844796821481128,1,huber_2.5,frozen
2013-ausopen-1601,2013-580,104925,103970,0.8886294221200562,1,SF,False,True,1,0.11807497838245105,1,huber_2.5,frozen
2013-ausopen-1602,2013-580,104918,103819,0.2892042496311856,1,SF,False,True,1,1.2406220943684718,0,huber_2.5,frozen
2013-ausopen-1701,2013-580,104925,104918,0.8419851752493069,1,F,False,True,1,0.17199287148708023,1,huber_2.5,frozen
2013-frenchopen-1101,2013-520,104925,105676,0.9983486424333468,1,R128,False,True,1,0.0016527225604952996,1,huber_2.5,frozen
2013-frenchopen-1103,2013-520,104864,106298,0.22492434092176974,0,R128,False,False,1,0.2547946297766916,1,huber_2.5,frozen
2013-frenchopen-1106,2013-520,106071,103812,0.9101236659057712,0,R128,True,True,1,2.409320619165379,0,huber_2.5,frozen
2013-frenchopen-1108,2013-520,106210,104259,0.04159092636344702,0,R128,False,False,1,0.042480584181886,1,huber_2.5,frozen
2013-frenchopen-1109,2013-520,103163,105558,0.9892381709992161,1,R128,False,True,1,0.010820156332481463,1,huber_2.5,frozen
2013-frenchopen-1110,2013-520,106058,104198,0.8182722822861033,1,R128,False,True,1,0.2005601343356871,1,huber_2.5,frozen
2013-frenchopen-1112,2013-520,104122,104545,0.09534211591277272,0,R128,False,True,1,0.1001984353859452,1,huber_2.5,frozen
2013-frenchopen-1115,2013-520,104269,102967,0.9487477602136092,1,R128,False,True,1,0.05261231105125351,1,huber_2.5,frozen
2013-frenchopen-1116,2013-520,103917,104386,0.02099783536754553,0,R128,False,True,1,0.021221425389255474,1,huber_2.5,frozen
2013-frenchopen-1117,2013-520,104745,104978,0.999977507493376,1,R128,False,True,1,2.2492759584225855e-05,1,huber_2.5,frozen
2013-frenchopen-1121,2013-520,105332,104571,0.11870301897868757,1,R128,False,True,1,2.1311305440026027,0,huber_2.5,frozen
2013-frenchopen-1122,2013-520,103997,105270,0.9467846209252784,1,R128,False,True,1,0.054683644687920537,1,huber_2.5,frozen
2013-frenchopen-1124,2013-520,105028,105453,0.1071292099312477,0,R128,False,True,1,0.11331340054681313,1,huber_2.5,frozen
2013-frenchopen-1125,2013-520,104527,105217,0.9753968583146992,1,R128,False,True,1,0.02491085663130306,1,huber_2.5,frozen
2013-frenchopen-1128,2013-520,105077,105668,0.020627979851515814,0,R128,False,True,1,0.020843708481729586,1,huber_2.5,frozen
2013-frenchopen-1129,2013-520,104252,104797,0.8015442399769132,0,R128,True,True,1,1.6171890751146352,0,huber_2.5,frozen
2013-frenchopen-1130,2013-520,103722,103786,0.2842489242873253,0,R128,False,True,1,0.3344228320882768,1,huber_2.5,frozen
2013-frenchopen-1132,2013-520,104660,104755,5.29980091845149e-05,0,R128,False,True,1,5.299941362862571e-05,1,huber_2.5,frozen
2013-frenchopen-1133,2013-520,104607,104792,0.8237455433755365,0,R128,False,True,1,1.735826551796881,0,huber_2.5,frozen
2013-frenchopen-1134,2013-520,105208,104297,0.9989692226070528,1,R128,False,True,1,0.0010313090093142714,1,huber_2.5,frozen
2013-frenchopen-1137,2013-520,104312,104919,0.7828756951755131,1,R128,False,True,1,0.2447813501592911,1,huber_2.5,frozen
2013-frenchopen-1138,2013-520,104882,105902,0.7497834720197948,1,R128,False,True,1,0.28797081810840297,1,huber_2.5,frozen
2013-frenchopen-1139,2013-520,104651,104273,0.3046161972390241,0,R128,False,False,1,0.36329135165407617,1,huber_2.5,frozen
2013-frenchopen-1140,2013-520,104890,104597,0.003467370818543724,0,R128,False,True,1,0.0034733960806509236,1,huber_2.5,frozen
2013-frenchopen-1141,2013-520,105683,103598,0.5243437270938225,1,R128,False,True,1,0.645607841977588,1,huber_2.5,frozen
2013-frenchopen-1142,2013-520,104327,103566,0.46842115116735406,0,R128,False,True,1,0.6319037406835732,1,huber_2.5,frozen
2013-frenchopen-1144,2013-520,105011,104731,0.00951556725469052,0,R128,False,True,1,0.009561129529067689,1,huber_2.5,frozen
2013-frenchopen-1145,2013-520,104719,103852,0.031345296038802706,0,R128,False,True,1,0.0318470732578069,1,huber_2.5,frozen
2013-frenchopen-1146,2013-520,105311,104424,0.097629839474212,1,R128,False,False,1,2.326572099971946,0,huber_2.5,frozen
2013-frenchopen-1148,2013-520,104594,103970,0.011818788400027837,0,R128,False,True,1,0.011889185501715588,1,huber_2.5,frozen
2013-frenchopen-1149,2013-520,104542,105379,0.9920136979696345,1,R128,False,False,1,0.008018363355468341,1,huber_2.5,frozen
2013-frenchopen-1150,2013-520,103813,103908,0.3467054310593042,1,R128,False,True,1,1.0592797614028817,0,huber_2.5,frozen
2013-frenchopen-1152,2013-520,103794,104871,0.37884362700122837,0,R128,False,True,1,0.4761724203754522,1,huber_2.5,frozen
2013-frenchopen-1154,2013-520,104678,103484,0.8762808540407006,1,R128,False,True,1,0.13206862979452932,1,huber_2.5,frozen
2013-frenchopen-1156,2013-520,104332,105227,0.11845045827521769,0,R128,False,True,1,0.12607407710714807,1,huber_2.5,frozen
2013-frenchopen-1157,2013-520,104468,103720,0.4976030386283104,1,R128,False,True,1,0.6979526310076645,0,huber_2.5,frozen
2013-frenchopen-1158,2013-520,105173,104655,0.3590213814471518,0,R128,False,False,1,0.44475917900961626,1,huber_2.5,frozen
2013-frenchopen-1160,2013-520,105041,105023,0.03996854989138681,0,R128,False,True,1,0.040789234527064164,1,huber_2.5,frozen
2013-frenchopen-1161,2013-520,103898,105575,0.32143022888452566,1,R128,False,True,1,1.134974776322644,0,huber_2.5,frozen
2013-frenchopen-1163,2013-520,104500,103926,0.4111674124530412,1,R128,False,False,1,0.8887548178526273,0,huber_2.5,frozen
2013-frenchopen-1164,2013-520,105807,103819,6.622415880830579e-05,0,R128,False,False,1,6.622635172472729e-05,1,huber_2.5,frozen
2013-frenchopen-1201,2013-520,104925,105550,0.999993872684032,1,R64,False,False,1,6.1273347401291065e-06,1,huber_2.5,frozen
2013-frenchopen-1202,2013-520,106298,105777,0.2467628722727998,0,R64,False,False,1,0.2833751900959057,1,huber_2.5,frozen
2013-frenchopen-1205,2013-520,103163,106058,0.737625374643494,1,R64,False,True,1,0.30431920569984056,1,huber_2.5,frozen
2013-frenchopen-1206,2013-520,105992,104545,0.3265383208336373,0,R64,False,True,1,0.39532418279596326,1,huber_2.5,frozen
2013-frenchopen-1208,2013-520,104269,104386,0.09768205394039607,0,R64,False,True,1,0.10278833094129684,1,huber_2.5,frozen
2013-frenchopen-1209,2013-520,104745,105373,0.9999037959693889,1,R64,False,True,1,9.620865851562854e-05,1,huber_2.5,frozen
2013-frenchopen-1210,2013-520,104586,104926,0.3921666195023301,0,R64,False,True,1,0.49785447980732256,1,huber_2.5,frozen
2013-frenchopen-1211,2013-520,105332,103997,0.2627878854641277,1,R64,False,True,1,1.3364080913637228,0,huber_2.5,frozen
2013-frenchopen-1212,2013-520,104813,105453,0.10118353658560769,0,R64,False,True,1,0.10667642173325367,1,huber_2.5,frozen
2013-frenchopen-1213,2013-520,104527,104547,0.9872592695291426,1,R64,False,False,1,0.012822589617479136,1,huber_2.5,frozen
2013-frenchopen-1215,2013-520,104797,103786,0.7253107847218931,0,R64,False,True,1,1.2921149466512138,0,huber_2.5,frozen
2013-frenchopen-1216,2013-520,104308,104755,0.005472638656051795,0,R64,False,False,1,0.005487668402978555,1,huber_2.5,frozen
2013-frenchopen-1217,2013-520,104792,105208,0.48776111318719534,1,R64,False,True,1,0.7179295151414639,0,huber_2.5,frozen
2013-frenchopen-1219,2013-520,104312,104882,0.5432781226650519,1,R64,False,True,1,0.6101338937394631,1,huber_2.5,frozen
2013-frenchopen-1220,2013-520,104273,104597,0.08542330926740768,0,R64,False,True,1,0.08929395383344992,1,huber_2.5,frozen
2013-frenchopen-1221,2013-520,105683,103566,0.827081699451125,1,R64,False,True,1,0.1898517986914078,1,huber_2.5,frozen
2013-frenchopen-1224,2013-520,103656,103970,0.014131352704631568,0,R64,False,True,1,0.014232151006950697,1,huber_2.5,frozen
2013-frenchopen-1225,2013-520,104542,103813,0.9851535824024691,1,R64,False,True,1,0.01495772874371751,1,huber_2.5,frozen
2013-frenchopen-1226,2013-520,105138,104871,0.31439724839927696,0,R64,False,False,1,0.377456898286663,1,huber_2.5,frozen
2013-frenchopen-1228,2013-520,106401,105227,0.015022385971491817,0,R64,False,False,1,0.01513636494291848,1,huber_2.5,frozen
2013-frenchopen-1229,2013-520,104468,104655,0.9110652930271409,1,R64,False,False,1,0.09314071247144583,1,huber_2.5,frozen
2013-frenchopen-1230,2013-520,104225,105023,0.09990096656706157,0,R64,False,True,1,0.1052504845637598,1,huber_2.5,frozen
2013-frenchopen-1231,2013-520,103898,104735,0.5492196299203224,1,R64,False,True,1,0.5992568629733956,1,huber_2.5,frozen
2013-frenchopen-1232,2013-520,104500,103819,1.8047718595074922e-05,0,R64,False,True,1,1.8047881457107695e-05,1,huber_2.5,frozen
2013-frenchopen-1301,2013-520,104925,105777,0.9999273080150003,1,R32,False,True,1,7.269462719009294e-05,1,huber_2.5,frozen
2013-frenchopen-1302,2013-520,103812,104259,0.03188605313171876,0,R32,False,True,1,0.03240548492637267,1,huber_2.5,frozen
2013-frenchopen-1303,2013-520,103163,104545,0.48437842548067633,1,R32,False,True,1,0.7248888069394258,0,huber_2.5,frozen
2013-frenchopen-1304,2013-520,104022,104386,0.17496849246884602,1,R32,False,True,1,1.7431493643034814,0,huber_2.5,frozen
2013-frenchopen-1305,2013-520,104745,104926,0.9994809632085861,1,R32,False,True,1,0.0005191715376367876,1,huber_2.5,frozen
2013-frenchopen-1306,2013-520,105332,105453,0.12544341975670206,0,R32,False,True,1,0.13403828650975474,1,huber_2.5,frozen
2013-frenchopen-1307,2013-520,104527,105668,0.6824453370841479,1,R32,False,True,1,0.3820728473149712,1,huber_2.5,frozen
2013-frenchopen-1308,2013-520,103786,104755,0.024669728258033596,0,R32,False,True,1,0.024979125095644115,1,huber_2.5,frozen
2013-frenchopen-1309,2013-520,104792,103990,0.7886254621560057,0,R32,False,True,1,1.5541236581927762,0,huber_2.5,frozen
2013-frenchopen-1311,2013-520,105683,104731,0.5992408860810574,0,R32,False,True,1,0.9143947455952594,0,huber_2.5,frozen
2013-frenchopen-1312,2013-520,103852,103970,0.03781290145224292,0,R32,False,True,1,0.038546358092107845,1,huber_2.5,frozen
2013-frenchopen-1313,2013-520,104542,104871,0.964613206496417,1,R32,False,True,1,0.03602808027737991,1,huber_2.5,frozen
2013-frenchopen-1314,2013-520,104678,105227,0.2129025518562432,1,R32,False,True,1,1.5469207209814828,0,huber_2.5,frozen
2013-frenchopen-1315,2013-520,104468,105023,0.4426759250696638,1,R32,False,True,1,0.8149173227655729,0,huber_2.5,frozen
2013-frenchopen-1316,2013-520,103898,103819,0.0019355530012291774,0,R32,False,True,1,0.0019374286045499942,1,huber_2.5,frozen
2013-frenchopen-1401,2013-520,104925,104259,0.9957487955101846,1,R16,False,True,1,0.004260266551861139,1,huber_2.5,frozen
2013-frenchopen-1402,2013-520,103163,104022,0.5705656205872874,1,R16,False,True,1,0.5611270933546073,1,huber_2.5,frozen
2013-frenchopen-1403,2013-520,104745,105453,0.9985780695710568,1,R16,False,True,1,0.0014229423313659214,1,huber_2.5,frozen
2013-frenchopen-1404,2013-520,104527,104755,0.3509275847846173,1,R16,False,True,1,1.0471753879562817,0,huber_2.5,frozen
2013-frenchopen-1405,2013-520,103990,104597,0.23573156523682348,1,R16,False,True,1,1.445061556764344,0,huber_2.5,frozen
2013-frenchopen-1406,2013-520,104731,103970,0.03978815432450121,0,R16,False,True,1,0.040601346286222646,1,huber_2.5,frozen
2013-frenchopen-1407,2013-520,104542,104678,0.8652222986660778,1,R16,False,True,1,0.14476881238967268,1,huber_2.5,frozen
2013-frenchopen-1408,2013-520,104468,103819,0.002635213344183762,0,R16,False,True,1,0.0026386916308972883,1,huber_2.5,frozen
2013-frenchopen-1501,2013-520,104925,103163,0.9980974103676009,1,QF,False,True,1,0.0019044018550292154,1,huber_2.5,frozen
2013-frenchopen-1503,2013-520,103990,103970,0.028534268655597946,0,QF,False,True,1,0.028949284750342547,1,huber_2.5,frozen
2013-frenchopen-1504,2013-520,104542,103819,0.06367701465519836,1,QF,False,True,1,2.753931618959529,0,huber_2.5,frozen
2013-frenchopen-1601,2013-520,104925,104745,0.49357338656556493,0,SF,False,True,1,0.6803758553576682,1,huber_2.5,frozen
2013-frenchopen-1602,2013-520,103970,104542,0.7820979469991967,1,SF,False,True,1,0.24577529436306114,1,huber_2.5,frozen
2013-frenchopen-1701,2013-520,104745,103970,0.8925548425116241,1,F,False,True,1,0.11366731902390984,1,huber_2.5,frozen
2013-wimbledon-1101,2013-540,104925,104252,0.988806197078822,1,R128,False,True,1,0.011256925026078553,1,huber_2.5,frozen
2013-wimbledon-1104,2013-540,105992,104871,0.696033311489413,0,R128,False,True,1,1.1908371608477488,0,huber_2.5,frozen
2013-wimbledon-1105,2013-540,104468,103852,0.46573863446081143,0,R128,False,True,1,0.6268701111875669,1,huber_2.5,frozen
2013-wimbledon-1108,2013-540,104098,103163,0.02912880277238839,0,R128,False,True,1,0.02956146910066051,1,huber_2.5,frozen
2013-wimbledon-1109,2013-540,104755,104719,0.9970991622021506,1,R128,False,True,1,0.002905053382272389,1,huber_2.5,frozen
2013-wimbledon-1112,2013-540,106071,105023,0.38012849657546105,1,R128,False,True,1,0.9672459345383616,0,huber_2.5,frozen
2013-wimbledon-1116,2013-540,105373,104607,0.026624743328498846,0,R128,False,True,1,0.026985601392712784,1,huber_2.5,frozen
2013-wimbledon-1117,2013-540,103970,104651,0.9981259757592129,1,R128,False,False,1,0.0018757824211397297,1,huber_2.5,frozen
2013-wimbledon-1121,2013-540,105683,104122,0.9093776731859483,1,R128,False,True,1,0.09499478904067775,1,huber_2.5,frozen
2013-wimbledon-1124,2013-540,104471,104259,0.005801925752543305,1,R128,True,True,1,5.149565390237727,0,huber_2.5,frozen
2013-wimbledon-1129,2013-540,105777,104620,0.25194823660266163,1,R128,False,True,1,1.3785316228771984,0,huber_2.5,frozen
2013-wimbledon-1132,2013-540,105077,105223,0.0039918528212989236,0,R128,False,True,1,0.00399984153269975,1,huber_2.5,frozen
2013-wimbledon-1133,2013-540,104745,104327,0.9992219491314622,0,R128,False,True,1,7.1587186521986625,0,huber_2.5,frozen
2013-wimbledon-1140,2013-540,103720,104527,0.19411044873816685,1,R128,False,True,1,1.6393279585292737,0,huber_2.5,frozen
2013-wimbledon-1141,2013-540,104597,105132,0.9663604048760197,1,R128,False,True,1,0.034218424416594534,1,huber_2.5,frozen
2013-wimbledon-1144,2013-540,106378,105668,0.06970576925357473,0,R128,False,False,1,0.0722543657248377,1,huber_2.5,frozen
2013-wimbledon-1145,2013-540,104926,103781,0.618590666960042,0,R128,False,True,1,0.9638821156381363,0,huber_2.5,frozen
2013-wimbledon-1147,2013-540,104297,104660,0.3898516222915628,0,R128,False,True,1,0.4940531092483752,1,huber_2.5,frozen
2013-wimbledon-1148,2013-540,103812,103819,0.0006373939057398408,0,R128,False,True,1,0.0006375971275948809,1,huber_2.5,frozen
2013-wimbledon-1149,2013-540,104542,105676,0.7988770259426017,1,R128,False,True,1,0.22454825502041248,1,huber_2.5,frozen
2013-wimbledon-1156,2013-540,104571,105227,0.2918903595871209,0,R128,False,True,1,0.3451563379376624,1,huber_2.5,frozen
2013-wimbledon-1157,2013-540,104386,104678,0.8147862294473899,0,R128,False,True,1,1.6862446044985648,0,huber_2.5,frozen
2013-wimbledon-1160,2013-540,104898,104022,0.4104952662041441,0,R128,False,True,1,0.5284725288489025,1,huber_2.5,frozen
2013-wimbledon-1163,2013-540,104868,104229,0.8851043953678724,0,R128,False,True,1,2.163731348713541,0,huber_2.5,frozen
2013-wimbledon-1164,2013-540,103794,104918,0.0008796299170903397,0,R128,False,True,1,0.0008800170185064987,1,huber_2.5,frozen
2013-wimbledon-1201,2013-540,104925,104035,0.999625661281369,1,R64,False,True,1,0.0003744088008593575,1,huber_2.5,frozen
2013-wimbledon-1204,2013-540,104499,103163,0.12425352422258312,0,R64,False,True,1,0.13267864114624714,1,huber_2.5,frozen
2013-wimbledon-1205,2013-540,104755,104424,0.8898791025472126,1,R64,False,True,1,0.11666966531761007,1,huber_2.5,frozen
2013-wimbledon-1206,2013-540,103484,106071,0.23445936242795912,0,R64,False,True,1,0.2671729789811594,1,huber_2.5,frozen
2013-wimbledon-1208,2013-540,104978,104607,0.009643315664130056,0,R64,False,True,1,0.009690113533403068,1,huber_2.5,frozen
2013-wimbledon-1209,2013-540,103970,105138,0.9981259757592129,1,R64,False,False,1,0.0018757824211397297,1,huber_2.5,frozen
2013-wimbledon-1210,2013-540,105053,105238,0.3854951279340756,0,R64,False,True,1,0.4869384215031258,1,huber_2.5,frozen
2013-wimbledon-1211,2013-540,105683,104997,0.8815011648169389,0,R64,False,True,1,2.132852148134072,0,huber_2.5,frozen
2013-wimbledon-1213,2013-540,105453,104919,0.7809693318483338,1,R64,False,True,1,0.24721939771327997,1,huber_2.5,frozen
2013-wimbledon-1215,2013-540,105777,104813,0.639254142011804,0,R64,False,True,1,1.019581563062274,0,huber_2.5,frozen
2013-wimbledon-1216,2013-540,105028,105223,0.0259462831439897,0,R64,False,True,1,0.026288826084158824,1,huber_2.5,frozen
2013-wimbledon-1219,2013-540,104545,105173,0.9356826481623269,0,R64,True,True,1,2.7439258266369713,0,huber_2.5,frozen
2013-wimbledon-1220,2013-540,104460,103720,0.5650761584489912,1,R64,False,True,1,0.570794763204524,1,huber_2.5,frozen
2013-wimbledon-1221,2013-540,104597,105558,0.9872281934398218,1,R64,False,True,1,0.012854067243856742,1,huber_2.5,frozen
2013-wimbledon-1222,2013-540,103285,105668,0.21151704868838989,0,R64,True,True,1,0.2376444944848184,1,huber_2.5,frozen
2013-wimbledon-1224,2013-540,104660,103819,8.630988098085991e-07,1,R64,False,True,1,13.962736656694524,0,huber_2.5,frozen
2013-wimbledon-1225,2013-540,104542,105208,0.6455556309003423,0,R64,True,True,1,1.0372038731109874,0,huber_2.5,frozen
2013-wimbledon-1226,2013-540,104269,103898,0.49761692254999956,1,R64,False,True,1,0.6979247297954065,0,huber_2.5,frozen
2013-wimbledon-1227,2013-540,104338,104330,0.843678407644019,1,R64,False,False,1,0.16998389059506047,1,huber_2.5,frozen
2013-wimbledon-1230,2013-540,105577,104022,0.0839865312701927,0,R64,False,False,1,0.08772421056260596,1,huber_2.5,frozen
2013-wimbledon-1231,2013-540,103990,103917,0.7877244611284334,1,R64,False,True,1,0.23860691889132357,1,huber_2.5,frozen
2013-wimbledon-1232,2013-540,104229,104918,0.0003768204283389002,0,R64,False,True,1,0.0003768914429969165,1,huber_2.5,frozen
2013-wimbledon-1301,2013-540,104925,104871,0.9996306882999652,1,R32,False,True,1,0.0003693799123956703,1,huber_2.5,frozen
2013-wimbledon-1302,2013-540,103852,103163,0.42056688926083885,0,R32,False,True,1,0.5457050486812085,1,huber_2.5,frozen
2013-wimbledon-1303,2013-540,104755,106071,0.9170830506958536,0,R32,False,True,1,2.489915782924131,0,huber_2.5,frozen
2013-wimbledon-1304,2013-540,104731,104607,0.10814062584470058,0,R32,False,True,1,0.11444681112282179,1,huber_2.5,frozen
2013-wimbledon-1305,2013-540,103970,105238,0.8645947530105186,1,R32,False,True,1,0.14549437545714447,1,huber_2.5,frozen
2013-wimbledon-1306,2013-540,104997,104471,0.8455487056583518,0,R32,True,True,1,1.867876479324735,0,huber_2.5,frozen
2013-wimbledon-1308,2013-540,104813,105223,0.02570659162224951,0,R32,False,True,1,0.026042780069211,1,huber_2.5,frozen
2013-wimbledon-1309,2013-540,103997,105332,0.7259796580053642,1,R32,False,True,1,0.320233283826246,1,huber_2.5,frozen
2013-wimbledon-1311,2013-540,104597,105668,0.5941798335591268,0,R32,False,True,1,0.9018451573080203,0,huber_2.5,frozen
2013-wimbledon-1312,2013-540,103781,104660,0.98642209566842,1,R32,False,True,1,0.013670927070213439,1,huber_2.5,frozen
2013-wimbledon-1313,2013-540,105208,104269,0.8110448254779439,0,R32,False,True,1,1.6662454638931565,0,huber_2.5,frozen
2013-wimbledon-1314,2013-540,104338,104932,0.6292487359828941,0,R32,False,True,1,0.9922238886183069,0,huber_2.5,frozen
2013-wimbledon-1315,2013-540,104678,104022,0.4815840723961546,0,R32,False,True,1,0.6569774098716064,1,huber_2.5,frozen
2013-wimbledon-1316,2013-540,103990,104918,0.021045839227568856,0,R32,False,True,1,0.021270460047904477,1,huber_2.5,frozen
2013-wimbledon-1401,2013-540,104925,103163,0.9961310658673728,1,R16,False,True,1,0.0038764378187196107,1,huber_2.5,frozen
2013-wimbledon-1402,2013-540,106071,104607,0.05352919054468856,0,R16,False,True,1,0.055015149320423,1,huber_2.5,frozen
2013-wimbledon-1403,2013-540,103970,104471,0.9999220422777082,1,R16,False,True,1,7.796076115296793e-05,1,huber_2.5,frozen
2013-wimbledon-1404,2013-540,104312,105223,0.16634067317184936,0,R16,False,True,1,0.18193044109589107,1,huber_2.5,frozen
2013-wimbledon-1406,2013-540,105668,103781,0.755663421470972,1,R16,False,True,1,0.28015921163234664,1,huber_2.5,frozen
2013-wimbledon-1407,2013-540,104269,104932,0.6051270884734485,1,R16,False,True,1,0.5023167794190858,1,huber_2.5,frozen
2013-wimbledon-1408,2013-540,104022,104918,0.019947083162323295,0,R16,False,True,1,0.02014871200215323,1,huber_2.5,frozen
2013-wimbledon-1501,2013-540,104925,104607,0.9222559605747788,1,QF,False,True,1,0.08093247944705222,1,huber_2.5,frozen
2013-wimbledon-1502,2013-540,103970,105223,0.7234308377260228,0,QF,False,True,1,1.285294354491815,0,huber_2.5,frozen
2013-wimbledon-1503,2013-540,103997,105668,0.2694906737517817,0,QF,False,True,1,0.3140132809348668,1,huber_2.5,frozen
2013-wimbledon-1504,2013-540,104269,104918,0.010227969391746862,0,QF,False,True,1,0.010280634483070825,1,huber_2.5,frozen
2013-wimbledon-1601,2013-540,104925,105223,0.9554284415925675,1,SF,False,True,1,0.04559540916586878,1,huber_2.5,frozen
2013-wimbledon-1602,2013-540,105668,104918,0.05627486973406992,0,SF,False,True,1,0.057920330802224175,1,huber_2.5,frozen
2013-wimbledon-1701,2013-540,104925,104918,0.8255337932763613,0,F,False,True,1,1.7460242138379285,0,huber_2.5,frozen
2013-usopen-1101,2013-560,104925,105575,0.9987912928086201,1,R128,False,True,1,0.0012094382670808151,1,huber_2.5,frozen
2013-usopen-1105,2013-560,105332,104166,0.6772039557986675,0,R128,False,True,1,1.1307345973041445,0,huber_2.5,frozen
2013-usopen-1106,2013-560,105065,105902,0.026218964715147508,1,R128,False,True,1,3.6412722859742686,0,huber_2.5,frozen
2013-usopen-1108,2013-560,104330,104926,0.09905891767498702,1,R128,False,False,1,2.3120404778358323,0,huber_2.5,frozen
2013-usopen-1109,2013-560,103163,103908,0.8247501559137003,1,R128,False,True,1,0.19267477982987483,1,huber_2.5,frozen
2013-usopen-1115,2013-560,103720,104548,0.5634287044465791,1,R128,False,True,1,0.5737144762282246,1,huber_2.5,frozen
2013-usopen-1116,2013-560,104198,105223,0.00870739954634174,0,R128,False,True,1,0.008745530458526645,1,huber_2.5,frozen
2013-usopen-1117,2013-560,104918,103566,0.9975997145771973,1,R128,False,True,1,0.002403170725816687,1,huber_2.5,frozen
2013-usopen-1119,2013-560,105385,105373,0.2751802924412515,1,R128,False,True,1,1.290328787255902,0,huber_2.5,frozen
2013-usopen-1122,2013-560,105041,104500,0.3631284909445911,0,R128,False,True,1,0.4511873563855736,1,huber_2.5,frozen
2013-usopen-1123,2013-560,104735,105449,0.883914109816488,1,R128,False,True,1,0.12339538190599084,1,huber_2.5,frozen
2013-usopen-1125,2013-560,104527,103285,0.9222615797455507,1,R128,False,True,1,0.08092638661177243,1,huber_2.5,frozen
2013-usopen-1126,2013-560,103484,103333,0.10570135253511377,0,R128,False,True,1,0.1117155020264419,1,huber_2.5,frozen
2013-usopen-1127,2013-560,104571,104424,0.6245314352182272,1,R128,False,True,1,0.47075361406489147,1,huber_2.5,frozen
2013-usopen-1128,2013-560,104978,104731,0.09257187395862589,0,R128,False,True,1,0.0971409159340219,1,huber_2.5,frozen
2013-usopen-1132,2013-560,103893,104607,0.0005789760730407583,0,R128,False,True,1,0.0005791437444089321,1,huber_2.5,frozen
2013-usopen-1133,2013-560,104755,103188,0.9825426354070176,1,R128,False,True,1,0.01761154136394567,1,huber_2.5,frozen
2013-usopen-1138,2013-560,104932,105614,0.5390530718197509,0,R128,False,True,1,0.7744723658659347,0,huber_2.5,frozen
2013-usopen-1140,2013-560,105341,105683,0.0668838307679721,0,R128,False,False,1,0.06922557438299756,1,huber_2.5,frozen
2013-usopen-1141,2013-560,105668,104216,0.9443731744000727,0,R128,False,False,1,2.8890897192603164,0,huber_2.5,frozen
2013-usopen-1142,2013-560,106058,104332,0.4896700297609361,1,R128,True,True,1,0.714023523370065,0,huber_2.5,frozen
2013-usopen-1144,2013-560,104655,104386,0.012797227774413621,0,R128,True,False,1,0.012879817664792103,1,huber_2.5,frozen
2013-usopen-1148,2013-560,106401,103970,0.0009170605494084076,0,R128,False,False,1,0.0009174813066936547,1,huber_2.5,frozen
2013-usopen-1149,2013-560,103819,104813,0.9996596306089459,1,R128,False,True,1,0.00034042732986270597,1,huber_2.5,frozen
2013-usopen-1150,2013-560,105053,104122,0.9337498705083309,0,R128,False,True,1,2.714317859526484,0,huber_2.5,frozen
2013-usopen-1152,2013-560,105550,105023,0.0991563424169396,0,R128,False,False,1,0.1044235574258023,1,huber_2.5,frozen
2013-usopen-1153,2013-560,103990,104594,0.590430961059694,1,R128,False,True,1,0.5269025662515812,1,huber_2.5,frozen
2013-usopen-1155,2013-560,105077,106071,0.07370262867021782,0,R128,False,True,1,0.07655996054353888,1,huber_2.5,frozen
2013-usopen-1156,2013-560,105554,105453,0.06007390330858275,1,R128,False,False,1,2.8121797528973094,0,huber_2.5,frozen
2013-usopen-1157,2013-560,104545,103835,0.9751761711048681,1,R128,False,True,1,0.025137135993771702,1,huber_2.5,frozen
2013-usopen-1158,2013-560,104494,104792,0.5119526246515518,0,R128,False,True,1,0.7173427972089435,0,huber_2.5,frozen
2013-usopen-1160,2013-560,123768,104259,0.045787238048608486,0,R128,False,False,1,0.04686861148590919,1,huber_2.5,frozen
2013-usopen-1161,2013-560,104269,104471,0.9810694558435504,0,R128,False,True,1,3.9669785684556422,0,huber_2.5,frozen
2013-usopen-1164,2013-560,105992,104745,0.0005340085962105118,0,R128,False,True,1,0.000534151229581483,1,huber_2.5,frozen
2013-usopen-1201,2013-560,104925,103794,0.9999845062966748,1,R64,False,True,1,1.5493823353870098e-05,1,huber_2.5,frozen
2013-usopen-1203,2013-560,104166,105065,0.936261943691579,0,R64,False,True,1,2.752973464520953,0,huber_2.5,frozen
2013-usopen-1204,2013-560,104719,104330,0.2681638338320711,1,R64,False,False,1,1.3161571649824761,0,huber_2.5,frozen
2013-usopen-1205,2013-560,103163,104229,0.9508086256155119,1,R64,False,True,1,0.05044247158151408,1,huber_2.5,frozen
2013-usopen-1208,2013-560,103720,105223,0.11156506663690499,1,R64,False,True,1,2.1931473010036426,0,huber_2.5,frozen
2013-usopen-1209,2013-560,104918,104919,0.9965908841620407,1,R64,False,True,1,0.0034149401142133415,1,huber_2.5,frozen
2013-usopen-1210,2013-560,105385,104252,0.017712865782483482,0,R64,False,True,1,0.017871615997271325,1,huber_2.5,frozen
2013-usopen-1211,2013-560,104312,104500,0.9579414244900379,1,R64,False,True,1,0.04296864641920139,1,huber_2.5,frozen
2013-usopen-1213,2013-560,104527,103333,0.667904235208025,1,R64,False,True,1,0.40361047618961376,1,huber_2.5,frozen
2013-usopen-1214,2013-560,104571,104731,0.5604199837568433,1,R64,False,True,1,0.5790688053462956,1,huber_2.5,frozen
2013-usopen-1215,2013-560,103898,104871,0.67549805740383,1,R64,False,True,1,0.3923049973760557,1,huber_2.5,frozen
2013-usopen-1216,2013-560,106045,104607,0.003340320915964625,0,R64,False,False,1,0.0033459122425643422,1,huber_2.5,frozen
2013-usopen-1217,2013-560,104755,103565,0.9945741101644828,1,R64,False,True,1,0.0054406634399710345,1,huber_2.5,frozen
2013-usopen-1219,2013-560,103852,105614,0.780687846737665,1,R64,False,True,1,0.24757989311211276,1,huber_2.5,frozen
2013-usopen-1220,2013-560,104665,105683,0.1124352626417236,0,R64,False,True,1,0.11927381679053083,1,huber_2.5,frozen
2013-usopen-1221,2013-560,104216,106058,0.18532520238386818,0,R64,False,False,1,0.20496626670136828,1,huber_2.5,frozen
2013-usopen-1224,2013-560,105138,103970,0.0009170605494084076,0,R64,False,False,1,0.0009174813066936547,1,huber_2.5,frozen
2013-usopen-1225,2013-560,103819,104122,0.9999419902657596,1,R64,False,True,1,5.801141687012246e-05,1,huber_2.5,frozen
2013-usopen-1226,2013-560,105173,105023,0.050993445663789834,1,R64,False,True,1,2.9760581709130287,0,huber_2.5,frozen
2013-usopen-1227,2013-560,103990,104433,0.9852413490953691,1,R64,False,True,1,0.01486864336133548,1,huber_2.5,frozen
2013-usopen-1228,2013-560,106071,105554,0.8540070688553415,0,R64,False,False,1,1.9241970752633402,0,huber_2.5,frozen
2013-usopen-1229,2013-560,104545,104792,0.3789420607746075,1,R64,False,True,1,0.97037195953175,0,huber_2.5,frozen
2013-usopen-1230,2013-560,104273,104259,0.12471826677247881,0,R64,False,True,1,0.13320946361777367,1,huber_2.5,frozen
2013-usopen-1232,2013-560,104297,104745,8.808175811231165e-08,0,R64,False,True,1,8.808176199150993e-08,1,huber_2.5,frozen
2013-usopen-1301,2013-560,104925,105311,0.999991920903838,1,R32,False,False,1,8.07912879803463e-06,1,huber_2.5,frozen
2013-usopen-1302,2013-560,105065,104719,0.23270844253834297,0,R32,False,True,1,0.264888422776218,1,huber_2.5,frozen
2013-usopen-1303,2013-560,103163,104022,0.5692343259950094,0,R32,False,True,1,0.8421910165286496,0,huber_2.5,frozen
2013-usopen-1304,2013-560,105539,103720,0.10402444490473725,0,R32,False,False,1,0.1098421486391256,1,huber_2.5,frozen
2013-usopen-1305,2013-560,104918,104252,0.9328243000136581,1,R32,False,True,1,0.06953841311023537,1,huber_2.5,frozen
2013-usopen-1306,2013-560,104312,104797,0.5975042474972277,0,R32,False,True,1,0.9100707349673435,0,huber_2.5,frozen
2013-usopen-1307,2013-560,104527,104571,0.746745671464865,1,R32,False,True,1,0.29203061840105704,1,huber_2.5,frozen
2013-usopen-1308,2013-560,103898,104607,0.038967763157091904,0,R32,False,True,1,0.039747325472587434,1,huber_2.5,frozen
2013-usopen-1309,2013-560,104755,104098,0.9976300490280327,1,R32,True,True,1,0.0023727637507494556,1,huber_2.5,frozen
2013-usopen-1310,2013-560,103852,105683,0.39262932407298146,0,R32,False,True,1,0.49861600556189206,1,huber_2.5,frozen
2013-usopen-1311,2013-560,106058,104386,0.10212436139518641,0,R32,False,True,1,0.10772370734720313,1,huber_2.5,frozen
2013-usopen-1312,2013-560,105062,103970,0.02729575697998108,0,R32,False,True,1,0.02767520701075731,1,huber_2.5,frozen
2013-usopen-1313,2013-560,103819,105173,0.9999814774210942,1,R32,False,True,1,1.8522750450860433e-05,1,huber_2.5,frozen
2013-usopen-1314,2013-560,103990,105554,0.867577489404433,1,R32,False,False,1,0.1420504461884772,1,huber_2.5,frozen
2013-usopen-1315,2013-560,104545,104259,0.4604248482924046,0,R32,False,True,1,0.6169732051758666,1,huber_2.5,frozen
2013-usopen-1316,2013-560,104471,104745,9.446033505752384e-08,0,R32,False,True,1,9.446033951890158e-08,1,huber_2.5,frozen
2013-usopen-1401,2013-560,104925,104719,0.9999990040410491,1,R16,False,True,1,9.959594468342384e-07,1,huber_2.5,frozen
2013-usopen-1402,2013-560,104022,103720,0.560274251419528,1,R16,False,True,1,0.5793288804561025,1,huber_2.5,frozen
2013-usopen-1403,2013-560,104918,104797,0.9882751524750336,1,R16,False,True,1,0.011794125598709678,1,huber_2.5,frozen
2013-usopen-1404,2013-560,104527,104607,0.26175100671201257,1,R16,False,True,1,1.3403615831566995,0,huber_2.5,frozen
2013-usopen-1405,2013-560,104755,105683,0.7810552166724051,1,R16,False,True,1,0.2471094316769086,1,huber_2.5,frozen
2013-usopen-1406,2013-560,104386,103970,0.19367209249887157,0,R16,False,True,1,0.2152647860817163,1,huber_2.5,frozen
2013-usopen-1407,2013-560,103819,103990,0.993439411109299,0,R16,False,True,1,5.026674910131287,0,huber_2.5,frozen
2013-usopen-1408,2013-560,104259,104745,0.005052326266726357,0,R16,False,True,1,0.005065132419195724,1,huber_2.5,frozen
2013-usopen-1501,2013-560,104925,104022,0.9990046422486367,1,QF,False,True,1,0.0009958534488480662,1,huber_2.5,frozen
2013-usopen-1502,2013-560,104918,104527,0.9055647233909825,0,QF,False,True,1,2.3598405827443463,0,huber_2.5,frozen
2013-usopen-1503,2013-560,104755,103970,0.26880105624580375,1,QF,False,True,1,1.313783740854986,0,huber_2.5,frozen
2013-usopen-1504,2013-560,103990,104745,0.0013430626167315037,0,QF,False,True,1,0.0013439653336885281,1,huber_2.5,frozen
2013-usopen-1601,2013-560,104925,104527,0.987459455902331,1,SF,False,True,1,0.012619840363829926,1,huber_2.5,frozen
2013-usopen-1602,2013-560,104755,104745,0.034369043402867214,0,SF,False,True,1,0.03497355027077287,1,huber_2.5,frozen
2013-usopen-1701,2013-560,104925,104745,0.4937037502181444,0,F,False,True,1,0.6806333071404501,1,huber_2.5,frozen
2013-ausopen-1101,2013-580,104925,103908,0.9999047371981643,1,R128,False,True,1,9.526733962459121e-05,1,huber_2.5,online
2013-ausopen-1102,2013-580,105992,105053,0.28578461349358747,1,R128,False,True,1,1.2525168515570704,0,huber_2.5,online
2013-ausopen-1105,2013-580,105023,103926,0.9052990315079241,1,R128,False,False,1,0.09948996830367392,1,huber_2.5,online
2013-ausopen-1109,2013-580,104338,105723,0.8616227733091232,0,R128,False,False,1,1.9777717963691528,0,huber_2.5,online
2013-ausopen-1110,2013-580,104731,103893,0.9613505875762188,1,R128,False,True,1,0.0394161211649157,1,huber_2.5,online
2013-ausopen-1112,2013-580,105676,104269,0.6941169703742324,0,R128,False,True,1,1.184552506233195,0,huber_2.5,online
2013-ausopen-1116,2013-580,103188,104607,0.00868518666266286,0,R128,False,True,1,0.008723122710502204,1,huber_2.5,online
2013-ausopen-1117,2013-580,103970,103694,0.9999985337051452,1,R128,False,True,1,1.4662959297685956e-06,1,huber_2.5,online
2013-ausopen-1119,2013-580,105357,105147,0.7110838697319793,0,R128,False,False,1,1.2416188396728634,0,huber_2.5,online
2013-ausopen-1120,2013-580,105077,104571,0.021989106969942038,0,R128,False,True,1,0.022234470941803603,1,huber_2.5,online
2013-ausopen-1121,2013-580,104022,105051,0.6539504531202183,1,R128,False,True,1,0.4247236901498715,1,huber_2.5,online
2013-ausopen-1124,2013-580,103812,105453,0.039282939024824756,0,R128,False,True,1,0.04007533482418862,1,huber_2.5,online
2013-ausopen-1125,2013-580,104597,105449,0.9763486719598778,1,R128,False,True,1,0.023935510505622704,1,huber_2.5,online
2013-ausopen-1128,2013-580,104620,105668,0.35885637429210865,0,R128,False,True,1,0.4445017820933818,1,huber_2.5,online
2013-ausopen-1132,2013-580,103720,104386,0.15272636083259927,0,R128,False,True,1,0.16573156783091256,1,huber_2.5,online
2013-ausopen-1133,2013-580,105223,105173,0.9976435662181046,1,R128,False,True,1,0.002359214541288817,1,huber_2.5,online
2013-ausopen-1140,2013-580,104594,105227,0.11718753622490546,0,R128,False,True,1,0.12464248624079867,1,huber_2.5,online
2013-ausopen-1141,2013-580,104468,103835,0.9860286399985494,1,R128,False,True,1,0.01406987814967464,1,huber_2.5,online
2013-ausopen-1144,2013-580,104792,105238,0.49419764927466603,1,R128,False,True,1,0.7048197420664877,0,huber_2.5,online
2013-ausopen-1148,2013-580,104898,104918,0.008034220273962518,0,R128,False,True,1,0.008066668536187193,1,huber_2.5,online
2013-ausopen-1149,2013-580,104542,103566,0.9580554073488591,1,R128,False,True,1,0.042849666202677536,1,huber_2.5,online
2013-ausopen-1150,2013-580,104424,106291,0.899960325546798,1,R128,False,False,1,0.10540459935527828,1,huber_2.5,online
2013-ausopen-1151,2013-580,105902,106093,0.8419920980165246,1,R128,False,True,1,0.17198464956232193,1,huber_2.5,online
2013-ausopen-1153,2013-580,103163,103813,0.9109099943087815,0,R128,False,True,1,2.418108120367911,0,huber_2.5,online
2013-ausopen-1154,2013-580,104471,105842,0.10903197408692131,1,R128,False,False,1,2.2161140995218473,0,huber_2.5,online
2013-ausopen-1156,2013-580,103656,104755,0.06153373035839529,0,R128,False,True,1,0.06350836431365171,1,huber_2.5,online
2013-ausopen-1157,2013-580,105683,104225,0.9315652096065774,1,R128,False,True,1,0.07088908644539305,1,huber_2.5,online
2013-ausopen-1160,2013-580,104327,104259,0.147255447688988,0,R128,False,True,1,0.1592952460813755,1,huber_2.5,online
2013-ausopen-1162,2013-580,106071,104919,0.6466458578479428,1,R128,False,True,1,0.4359564946962702,1,huber_2.5,online
2013-ausopen-1164,2013-580,105332,103819,0.0001796916042153623,0,R128,False,True,1,0.00017970775068596083,1,huber_2.5,online
2013-ausopen-1201,2013-580,104925,105992,0.9990100427418735,1,R64,False,True,1,0.0009904475894443173,1,huber_2.5,online
2013-ausopen-1202,2013-580,103852,103285,0.7015179671092842,0,R64,False,True,1,1.2090455392819355,0,huber_2.5,online
2013-ausopen-1203,2013-580,105023,104548,0.6096392333807914,1,R64,True,True,1,0.494887917460208,1,huber_2.5,online
2013-ausopen-1204,2013-580,104735,104527,0.07750544282350075,0,R64,True,True,1,0.08067380316453594,1,huber_2.5,online
2013-ausopen-1205,2013-580,105723,104731,0.8249543075357049,0,R64,False,False,1,1.7427082393432705,0,huber_2.5,online
2013-ausopen-1206,2013-580,103598,104269,0.6825685786505084,0,R64,False,True,1,1.147493479729465,0,huber_2.5,online
2013-ausopen-1208,2013-580,105558,104607,0.0005120956602411961,0,R64,False,True,1,0.0005122268260053388,1,huber_2.5,online
2013-ausopen-1209,2013-580,103970,105065,0.9999921454667968,1,R64,False,True,1,7.854564050185083e-06,1,huber_2.5,online
2013-ausopen-1210,2013-580,105147,104571,0.027252797526607322,0,R64,False,True,1,0.02763104301634845,1,huber_2.5,online
2013-ausopen-1212,2013-580,104122,105453,0.08758344127647313,0,R64,False,True,1,0.09165864020137537,1,huber_2.5,online
2013-ausopen-1213,2013-580,104597,104593,0.9980685807050468,1,R64,False,True,1,0.0019332868903269497,1,huber_2.5,online
2013-ausopen-1214,2013-580,104500,105668,0.008092495298379472,0,R64,False,True,1,0.00812541727270292,1,huber_2.5,online
2013-ausopen-1215,2013-580,103898,104273,0.6796305939360386,1,R64,False,True,1,0.3862058726342908,1,huber_2.5,online
2013-ausopen-1216,2013-580,105041,104386,0.0033075332760131152,0,R64,False,True,1,0.00331301525542294,1,huber_2.5,online
2013-ausopen-1217,2013-580,105223,103794,0.9913045028913423,1,R64,False,True,1,0.008733523543289948,1,huber_2.5,online
2013-ausopen-1218,2013-580,104871,104719,0.8517644548229293,1,R64,False,True,1,0.160445251850775,1,huber_2.5,online
2013-ausopen-1220,2013-580,104330,105227,0.015218090462542057,0,R64,False,False,1,0.015335073962321923,1,huber_2.5,online
2013-ausopen-1221,2013-580,104468,105028,0.835750392886331,1,R64,False,True,1,0.17942528358173324,1,huber_2.5,online
2013-ausopen-1222,2013-580,104229,104792,0.008478209586693396,0,R64,False,True,1,0.008514354044108106,1,huber_2.5,online
2013-ausopen-1223,2013-580,104252,105575,0.736922200149299,0,R64,False,True,1,1.335305473626754,0,huber_2.5,online
2013-ausopen-1224,2013-580,105311,104918,0.00020549340585981115,0,R64,False,False,1,0.00020551452252267661,1,huber_2.5,online
2013-ausopen-1225,2013-580,104542,104424,0.8812837989599674,1,R64,False,True,1,0.12637557216138234,1,huber_2.5,online
2013-ausopen-1226,2013-580,105902,104882,0.19006326008078736,0,R64,False,True,1,0.21079913323069735,1,huber_2.5,online
2013-ausopen-1228,2013-580,104268,104755,0.088605122185126,0,R64,False,True,1,0.09277902029666005,1,huber_2.5,online
2013-ausopen-1230,2013-580,104804,104259,0.03526210753351541,0,R64,False,False,1,0.03589882856128927,1,huber_2.5,online
2013-ausopen-1231,2013-580,104978,106071,0.0899755551291488,0,R64,False,True,1,0.09428381733659082,1,huber_2.5,online
2013-ausopen-1232,2013-580,103786,103819,0.0005520632272360568,0,R64,False,True,1,0.0005522156702475258,1,huber_2.5,online
2013-ausopen-1301,2013-580,104925,103285,0.9994613741469195,1,R32,False,True,1,0.000538770964094682,1,huber_2.5,online
2013-ausopen-1302,2013-580,105023,104527,0.22441443312095705,0,R32,False,True,1,0.25413696476172115,1,huber_2.5,online
2013-ausopen-1303,2013-580,104731,104269,0.5157089117902451,1,R32,False,True,1,0.6622127971161412,1,huber_2.5,online
2013-ausopen-1304,2013-580,103781,104607,0.02872039238007045,0,R32,False,True,1,0.029140893728945138,1,huber_2.5,online
2013-ausopen-1305,2013-580,103970,104571,0.9651977523820467,1,R32,False,True,1,0.035422273889124264,1,huber_2.5,online
2013-ausopen-1306,2013-580,105539,105453,0.0527376114969149,0,R32,False,False,1,0.05417915078089324,1,huber_2.5,online
2013-ausopen-1307,2013-580,104597,105668,0.6261496551997481,1,R32,False,True,1,0.46816587063942267,1,huber_2.5,online
2013-ausopen-1308,2013-580,103898,104386,0.13290130197438024,0,R32,False,True,1,0.14260247012751695,1,huber_2.5,online
2013-ausopen-1309,2013-580,105223,104871,0.9709502258741839,0,R32,False,True,1,3.5387445710736154,0,huber_2.5,online
2013-ausopen-1310,2013-580,104312,105227,0.24307010596252848,1,R32,False,True,1,1.4144053753468508,0,huber_2.5,online
2013-ausopen-1311,2013-580,104468,104792,0.26930588053493126,1,R32,False,True,1,1.3119074430311735,0,huber_2.5,online
2013-ausopen-1312,2013-580,105575,104918,0.7251620704072511,0,R32,False,True,1,1.2915737019841922,0,huber_2.5,online
2013-ausopen-1313,2013-580,104542,104882,0.874664281340159,1,R32,False,True,1,0.13391514471632823,1,huber_2.5,online
2013-ausopen-1314,2013-580,104471,104755,9.537692433093795e-05,0,R32,False,True,1,9.538147299901298e-05,1,huber_2.5,online
2013-ausopen-1315,2013-580,105683,104259,0.4641428576073361,1,R32,False,True,1,0.7675628913676259,0,huber_2.5,online
2013-ausopen-1316,2013-580,106071,103819,0.0038658662827334043,0,R32,False,True,1,0.0038733580581591484,1,huber_2.5,online
2013-ausopen-1401,2013-580,104925,104527,0.9892664059298912,1,R16,False,True,1,0.010791614643969523,1,huber_2.5,online
2013-ausopen-1402,2013-580,104731,104607,0.11296573692064488,0,R16,False,True,1,0.11987166936972304,1,huber_2.5,online
2013-ausopen-1403,2013-580,103970,105453,0.9392396799713,1,R16,False,True,1,0.06268458210899697,1,huber_2.5,online
2013-ausopen-1404,2013-580,104597,104386,0.4715731403639949,1,R16,True,True,1,0.7516810662156975,0,huber_2.5,online
2013-ausopen-1405,2013-580,104871,104312,0.25673093969853955,1,R16,False,True,1,1.359726669741078,0,huber_2.5,online
2013-ausopen-1406,2013-580,104468,104918,0.007518316796155031,0,R16,False,True,1,0.007546721801322831,1,huber_2.5,online
2013-ausopen-1407,2013-580,104542,104755,0.4239295206073289,1,R16,False,True,1,0.8581880625497977,0,huber_2.5,online
2013-ausopen-1408,2013-580,105683,103819,0.04456576026495279,0,R16,False,True,1,0.04558934055347039,1,huber_2.5,online
2013-ausopen-1501,2013-580,104925,104607,0.9166336471407617,1,QF,False,True,1,0.08704739893939967,1,huber_2.5,online
2013-ausopen-1502,2013-580,103970,104597,0.8202026358869006,1,QF,False,True,1,0.19820385231695423,1,huber_2.5,online
2013-ausopen-1503,2013-580,104871,104918,0.0121799436159332,0,QF,False,True,1,0.01225472698772415,1,huber_2.5,online
2013-ausopen-1504,2013-580,104542,103819,0.09120360922972065,0,QF,False,True,1,0.09563420244668452,1,huber_2.5,online
2013-ausopen-1601,2013-580,104925,103970,0.8957277528768962,1,SF,False,True,1,0.11011875941373762,1,huber_2.5,online
2013-ausopen-1602,2013-580,104918,103819,0.339937528095168,1,SF,False,True,1,1.0789934191509214,0,huber_2.5,online
2013-ausopen-1701,2013-580,104925,104918,0.8000472824733659,1,F,False,True,1,0.22308444996902133,1,huber_2.5,online
2013-frenchopen-1101,2013-520,104925,105676,0.9991829486754421,1,R128,False,True,1,0.0008173852929166259,1,huber_2.5,online
2013-frenchopen-1103,2013-520,104864,106298,0.22492434092176974,0,R128,False,False,1,0.2547946297766916,1,huber_2.5,online
2013-frenchopen-1106,2013-520,106071,103812,0.894043740274829,0,R128,True,True,1,2.2447289141332365,0,huber_2.5,online
2013-frenchopen-1108,2013-520,106210,104259,0.04903512230233198,0,R128,False,False,1,0.05027814908755204,1,huber_2.5,online
2013-frenchopen-1109,2013-520,103163,105558,0.974894590715452,1,R128,False,True,1,0.02542592591553863,1,huber_2.5,online
2013-frenchopen-1110,2013-520,106058,104198,0.8182722822861033,1,R128,False,True,1,0.2005601343356871,1,huber_2.5,online
2013-frenchopen-1112,2013-520,104122,104545,0.06346341810622469,0,R128,False,True,1,0.06556669550770396,1,huber_2.5,online
2013-frenchopen-1115,2013-520,104269,102967,0.973790716148137,1,R128,False,True,1,0.026558868912030825,1,huber_2.5,online
2013-frenchopen-1116,2013-520,103917,104386,0.0424497053668064,0,R128,False,True,1,0.04337703227477626,1,huber_2.5,online
2013-frenchopen-1117,2013-520,104745,104978,0.999745886235478,1,R128,False,True,1,0.00025414605689540155,1,huber_2.5,online
2013-frenchopen-1121,2013-520,105332,104571,0.18401108138151312,1,R128,False,True,1,1.69275929828707,0,huber_2.5,online
2013-frenchopen-1122,2013-520,103997,105270,0.9467846209252784,1,R128,False,True,1,0.054683644687920537,1,huber_2.5,online
2013-frenchopen-1124,2013-520,105028,105453,0.14066909166746325,0,R128,False,True,1,0.15160120611102662,1,huber_2.5,online
2013-frenchopen-1125,2013-520,104527,105217,0.9825027629974382,1,R128,False,True,1,0.017652123031541966,1,huber_2.5,online
2013-frenchopen-1128,2013-520,105077,105668,0.17869582048844007,0,R128,False,True,1,0.19686173935138626,1,huber_2.5,online
2013-frenchopen-1129,2013-520,104252,104797,0.7401244035611166,0,R128,True,True,1,1.3475522377074756,0,huber_2.5,online
2013-frenchopen-1130,2013-520,103722,103786,0.21000972723056704,0,R128,False,True,1,0.23573464654695972,1,huber_2.5,online
2013-frenchopen-1132,2013-520,104660,104755,3.598691152551306e-05,0,R128,False,True,1,3.5987559069949094e-05,1,huber_2.5,online
2013-frenchopen-1133,2013-520,104607,104792,0.859660137769082,0,R128,False,True,1,1.963688210839266,0,huber_2.5,online
2013-frenchopen-1134,2013-520,105208,104297,0.9989692226070528,1,R128,False,True,1,0.0010313090093142714,1,huber_2.5,online
2013-frenchopen-1137,2013-520,104312,104919,0.8969345362960631,1,R128,False,True,1,0.10877240030444145,1,huber_2.5,online
2013-frenchopen-1138,2013-520,104882,105902,0.6275185012146036,1,R128,False,True,1,0.46598212440350645,1,huber_2.5,online
2013-frenchopen-1139,2013-520,104651,104273,0.3287125538673158,0,R128,False,False,1,0.3985578490424977,1,huber_2.5,online
2013-frenchopen-1140,2013-520,104890,104597,0.002213434947419491,0,R128,False,True,1,0.0022158882153205193,1,huber_2.5,online
2013-frenchopen-1141,2013-520,105683,103598,0.708399317336641,1,R128,False,True,1,0.3447473367432609,1,huber_2.5,online
2013-frenchopen-1142,2013-520,104327,103566,0.3434725846294472,0,R128,False,True,1,0.42079082621699027,1,huber_2.5,online
2013-frenchopen-1144,2013-520,105011,104731,0.006726003526153605,0,R128,False,True,1,0.006748725028451584,1,huber_2.5,online
2013-frenchopen-1145,2013-520,104719,103852,0.03583036061218871,0,R128,False,True,1,0.03648802538459811,1,huber_2.5,online
2013-frenchopen-1146,2013-520,105311,104424,0.23082597808532052,1,R128,False,False,1,1.466091193986726,0,huber_2.5,online
2013-frenchopen-1148,2013-520,104594,103970,0.015037840671992611,0,R128,False,True,1,0.015152055473877992,1,huber_2.5,online
2013-frenchopen-1149,2013-520,104542,105379,0.9953050805606991,1,R128,False,False,1,0.004705975191053419,1,huber_2.5,online
2013-frenchopen-1150,2013-520,103813,103908,0.4184960585046712,1,R128,False,True,1,0.8710878072458919,0,huber_2.5,online
2013-frenchopen-1152,2013-520,103794,104871,0.10016390892891602,0,R128,False,True,1,0.10554265327600419,1,huber_2.5,online
2013-frenchopen-1154,2013-520,104678,103484,0.8762808540407006,1,R128,False,True,1,0.13206862979452932,1,huber_2.5,online
2013-frenchopen-1156,2013-520,104332,105227,0.12614796006600298,0,R128,False,True,1,0.13484420835125574,1,huber_2.5,online
2013-frenchopen-1157,2013-520,104468,103720,0.5019640958669143,1,R128,False,True,1,0.6892266840257024,1,huber_2.5,online
2013-frenchopen-1158,2013-520,105173,104655,0.12361710430394385,0,R128,False,False,1,0.1319521880007326,1,huber_2.5,online
2013-frenchopen-1160,2013-520,105041,105023,0.15693757485201693,0,R128,False,True,1,0.1707142725380881,1,huber_2.5,online
2013-frenchopen-1161,2013-520,103898,105575,0.018816160690859556,1,R128,False,True,1,3.9730391671844263,0,huber_2.5,online
2013-frenchopen-1163,2013-520,104500,103926,0.7395919526651986,1,R128,False,False,1,0.30165666018655757,1,huber_2.5,online
2013-frenchopen-1164,2013-520,105807,103819,0.0001397449567462424,0,R128,False,False,1,0.00013975472198248266,1,huber_2.5,online
2013-frenchopen-1201,2013-520,104925,105550,0.9999903108295052,1,R64,False,False,1,9.689217435135525e-06,1,huber_2.5,online
2013-frenchopen-1202,2013-520,106298,105777,0.5896105114530111,0,R64,False,False,1,0.890648598155857,0,huber_2.5,online
2013-frenchopen-1205,2013-520,103163,106058,0.4693690430092487,1,R64,False,True,1,0.7563659478694427,0,huber_2.5,online
2013-frenchopen-1206,2013-520,105992,104545,0.32455261070668917,0,R64,False,True,1,0.39238000871077205,1,huber_2.5,online
2013-frenchopen-1208,2013-520,104269,104386,0.24768650352879396,0,R64,False,True,1,0.2846021582987974,1,huber_2.5,online
2013-frenchopen-1209,2013-520,104745,105373,0.9998658811849818,1,R64,False,True,1,0.00013412780975075782,1,huber_2.5,online
2013-frenchopen-1210,2013-520,104586,104926,0.3921666195023301,0,R64,False,True,1,0.49785447980732256,1,huber_2.5,online
2013-frenchopen-1211,2013-520,105332,103997,0.35148997215764566,1,R64,False,True,1,1.0455740968506146,0,huber_2.5,online
2013-frenchopen-1212,2013-520,104813,105453,0.08199463003752178,0,R64,False,True,1,0.0855520387464264,1,huber_2.5,online
2013-frenchopen-1213,2013-520,104527,104547,0.990914947959596,1,R64,False,False,1,0.009126572795827749,1,huber_2.5,online
2013-frenchopen-1215,2013-520,104797,103786,0.7094725393638406,0,R64,False,True,1,1.2360571782897243,0,huber_2.5,online
2013-frenchopen-1216,2013-520,104308,104755,0.00450400678634073,0,R64,False,False,1,0.004514180384369452,1,huber_2.5,online
2013-frenchopen-1217,2013-520,104792,105208,0.5661146725710794,1,R64,False,True,1,0.5689586195842221,1,huber_2.5,online
2013-frenchopen-1219,2013-520,104312,104882,0.4864356904525938,1,R64,False,True,1,0.7206505742692565,0,huber_2.5,online
2013-frenchopen-1220,2013-520,104273,104597,0.05800869310744976,0,R64,False,True,1,0.05975923280021299,1,huber_2.5,online
2013-frenchopen-1221,2013-520,105683,103566,0.8777460695681462,1,R64,False,True,1,0.13039794179250036,1,huber_2.5,online
2013-frenchopen-1224,2013-520,103656,103970,0.0034291200545825914,0,R64,False,True,1,0.0034350129622723047,1,huber_2.5,online
2013-frenchopen-1225,2013-520,104542,103813,0.9777844374125719,1,R64,False,True,1,0.022466044885122903,1,huber_2.5,online
2013-frenchopen-1226,2013-520,105138,104871,0.09680206003583669,0,R64,False,False,1,0.10181354696841417,1,huber_2.5,online
2013-frenchopen-1228,2013-520,106401,105227,0.009434515603922698,0,R64,False,False,1,0.009479302564374138,1,huber_2.5,online
2013-frenchopen-1229,2013-520,104468,104655,0.911323485750914,1,R64,False,False,1,0.09285735611136792,1,huber_2.5,online
2013-frenchopen-1230,2013-520,104225,105023,0.030174828959111225,0,R64,False,True,1,0.030639459769496433,1,huber_2.5,online
2013-frenchopen-1231,2013-520,103898,104735,0.6521659223241844,1,R64,False,True,1,0.427456267338252,1,huber_2.5,online
2013-frenchopen-1232,2013-520,104500,103819,0.0002875698243727157,0,R64,False,True,1,0.0002876111805033674,1,huber_2.5,online
2013-frenchopen-1301,2013-520,104925,105777,0.9998496255144849,1,R32,False,True,1,0.00015038579289165856,1,huber_2.5,online
2013-frenchopen-1302,2013-520,103812,104259,0.1346799407947496,0,R32,False,True,1,0.1446558298454062,1,huber_2.5,online
2013-frenchopen-1303,2013-520,103163,104545,0.40336481861683326,1,R32,False,True,1,0.9079138694198294,0,huber_2.5,online
2013-frenchopen-1304,2013-520,104022,104386,0.2677818505663674,1,R32,False,True,1,1.3175826203653758,0,huber_2.5,online
2013-frenchopen-1305,2013-520,104745,104926,0.9976696125528439,1,R32,False,True,1,0.0023331070259193522,1,huber_2.5,online
2013-frenchopen-1306,2013-520,105332,105453,0.18496828396459075,0,R32,False,True,1,0.20452825111758788,1,huber_2.5,online
2013-frenchopen-1307,2013-520,104527,105668,0.8222529178286682,1,R32,False,True,1,0.1957072453286094,1,huber_2.5,online
2013-frenchopen-1308,2013-520,103786,104755,0.11674953840458238,0,R32,False,True,1,0.12414647013286603,1,huber_2.5,online
2013-frenchopen-1309,2013-520,104792,103990,0.7603657807726898,0,R32,False,True,1,1.4286416047943504,0,huber_2.5,online
2013-frenchopen-1311,2013-520,105683,104731,0.6698919675871372,0,R32,False,True,1,1.1083353071477189,0,huber_2.5,online
2013-frenchopen-1312,2013-520,103852,103970,0.01596653510931042,0,R32,False,True,1,0.016095373472924116,1,huber_2.5,online
2013-frenchopen-1313,2013-520,104542,104871,0.9010452971754861,1,R32,False,True,1,0.10419974830289838,1,huber_2.5,online
2013-frenchopen-1314,2013-520,104678,105227,0.2375192330568079,1,R32,False,True,1,1.4375066774944263,0,huber_2.5,online
2013-frenchopen-1315,2013-520,104468,105023,0.45046118476785313,1,R32,False,True,1,0.7974833659834885,0,huber_2.5,online
2013-frenchopen-1316,2013-520,103898,103819,0.006512674159874474,0,R32,False,True,1,0.006533974152538089,1,huber_2.5,online
2013-frenchopen-1401,2013-520,104925,104259,0.9946383052274566,1,R16,False,True,1,0.005376120244383384,1,huber_2.5,online
2013-frenchopen-1402,2013-520,103163,104022,0.5218487392624402,1,R16,False,True,1,0.650377504619272,1,huber_2.5,online
2013-frenchopen-1403,2013-520,104745,105453,0.9952222040610507,1,R16,False,True,1,0.004789246091519454,1,huber_2.5,online
2013-frenchopen-1404,2013-520,104527,104755,0.3831681433088958,1,R16,False,True,1,0.9592813696687144,0,huber_2.5,online
2013-frenchopen-1405,2013-520,103990,104597,0.650237604081245,1,R16,False,True,1,0.43041743814727873,1,huber_2.5,online
2013-frenchopen-1406,2013-520,104731,103970,0.11961126013735757,0,R16,False,True,1,0.12739171920871006,1,huber_2.5,online
2013-frenchopen-1407,2013-520,104542,104678,0.8176746198739906,1,R16,False,True,1,0.20129079672810693,1,huber_2.5,online
2013-frenchopen-1408,2013-520,104468,103819,0.004659491857160158,0,R16,False,True,1,0.00467038112815692,1,huber_2.5,online
2013-frenchopen-1501,2013-520,104925,103163,0.993118356613355,1,QF,False,True,1,0.006905431089636315,1,huber_2.5,online
2013-frenchopen-1503,2013-520,103990,103970,0.20737990106663573,0,QF,False,True,1,0.23241124031698096,1,huber_2.5,online
2013-frenchopen-1504,2013-520,104542,103819,0.17146716193655875,1,QF,False,True,1,1.763363506298512,0,huber_2.5,online
2013-frenchopen-1601,2013-520,104925,104745,0.5686668794277097,0,SF,False,True,1,0.8408745858531461,0,huber_2.5,online
2013-frenchopen-1602,2013-520,103970,104542,0.6049495833087852,1,SF,False,True,1,0.5026101577976229,1,huber_2.5,online
2013-frenchopen-1701,2013-520,104745,103970,0.8344250569279652,1,F,False,True,1,0.1810123458711442,1,huber_2.5,online
2013-wimbledon-1101,2013-540,104925,104252,0.9947334330162149,1,R128,False,True,1,0.005280484233272863,1,huber_2.5,online
2013-wimbledon-1104,2013-540,105992,104871,0.3884807571456824,0,R128,False,True,1,0.4918088560682311,1,huber_2.5,online
2013-wimbledon-1105,2013-540,104468,103852,0.7375312188128136,0,R128,False,True,1,1.3376231328337689,0,huber_2.5,online
2013-wimbledon-1108,2013-540,104098,103163,0.018759488801956575,0,R128,False,True,1,0.01893768004891839,1,huber_2.5,online
2013-wimbledon-1109,2013-540,104755,104719,0.9925087341549912,1,R128,False,True,1,0.007519466303350313,1,huber_2.5,online
2013-wimbledon-1112,2013-540,106071,105023,0.3715533081422049,1,R128,False,True,1,0.9900629307923912,0,huber_2.5,online
2013-wimbledon-1116,2013-540,105373,104607,0.06778618504921274,0,R128,False,True,1,0.07019307542493677,1,huber_2.5,online
2013-wimbledon-1117,2013-540,103970,104651,0.9999985250329364,1,R128,False,False,1,1.4749681513621657e-06,1,huber_2.5,online
2013-wimbledon-1121,2013-540,105683,104122,0.9443547118744495,1,R128,False,True,1,0.057253429310240654,1,huber_2.5,online
2013-wimbledon-1124,2013-540,104471,104259,0.020462099780600415,1,R128,True,True,1,3.889180895151763,0,huber_2.5,online
2013-wimbledon-1129,2013-540,105777,104620,0.3539495332043958,1,R128,False,True,1,1.0386009375807324,0,huber_2.5,online
2013-wimbledon-1132,2013-540,105077,105223,0.021694102696675734,0,R128,False,True,1,0.0219328794235382,1,huber_2.5,online
2013-wimbledon-1133,2013-540,104745,104327,0.9999229762107099,0,R128,False,True,1,9.471396232007063,0,huber_2.5,online
2013-wimbledon-1140,2013-540,103720,104527,0.08362585131289166,1,R128,False,True,1,2.4814025804612965,0,huber_2.5,online
2013-wimbledon-1141,2013-540,104597,105132,0.9712954408870041,1,R128,False,True,1,0.029124592410664417,1,huber_2.5,online
2013-wimbledon-1144,2013-540,106378,105668,0.14308202383246435,0,R128,False,False,1,0.15441307538783763,1,huber_2.5,online
2013-wimbledon-1145,2013-540,104926,103781,0.8999296586443044,0,R128,False,True,1,2.3018819267164528,0,huber_2.5,online
2013-wimbledon-1147,2013-540,104297,104660,0.5677476170654523,0,R128,False,True,1,0.8387456415720528,0,huber_2.5,online
2013-wimbledon-1148,2013-540,103812,103819,0.0020693409578670776,0,R128,False,True,1,0.0020714850022168513,1,huber_2.5,online
2013-wimbledon-1149,2013-540,104542,105676,0.8767415684613711,1,R128,False,True,1,0.13154300681861766,1,huber_2.5,online
2013-wimbledon-1156,2013-540,104571,105227,0.17003767136320316,0,R128,False,True,1,0.18637496640610499,1,huber_2.5,online
2013-wimbledon-1157,2013-540,104386,104678,0.5681256627236423,0,R128,False,True,1,0.8396206189879035,0,huber_2.5,online
2013-wimbledon-1160,2013-540,104898,104022,0.3511060442938971,0,R128,False,True,1,0.4324859720753835,1,huber_2.5,online
2013-wimbledon-1163,2013-540,104868,104229,0.7714206052818049,0,R128,False,True,1,1.4758716685247872,0,huber_2.5,online
2013-wimbledon-1164,2013-540,103794,104918,9.431031910397341e-05,0,R128,False,True,1,9.431476660175032e-05,1,huber_2.5,online
2013-wimbledon-1201,2013-540,104925,104035,0.9990325359626419,1,R64,False,True,1,0.0009679323327536025,1,huber_2.5,online
2013-wimbledon-1204,2013-540,104499,103163,0.08713570561020614,0,R64,False,True,1,0.09116804646673617,1,huber_2.5,online
2013-wimbledon-1205,2013-540,104755,104424,0.9198156798576853,1,R64,False,True,1,0.08358197699216562,1,huber_2.5,online
2013-wimbledon-1206,2013-540,103484,106071,0.15529630785416332,0,R64,False,True,1,0.16876937330306324,1,huber_2.5,online
2013-wimbledon-1208,2013-540,104978,104607,0.06824506426459877,0,R64,False,True,1,0.07068544336242227,1,huber_2.5,online
2013-wimbledon-1209,2013-540,103970,105138,0.9995303535039642,1,R64,False,False,1,0.00046975681449318106,1,huber_2.5,online
2013-wimbledon-1210,2013-540,105053,105238,0.34158340798591974,0,R64,False,True,1,0.41791742942939214,1,huber_2.5,online
2013-wimbledon-1211,2013-540,105683,104997,0.9094426506124761,0,R64,False,True,1,2.4017719340863124,0,huber_2.5,online
2013-wimbledon-1213,2013-540,105453,104919,0.9178632497145838,1,R64,False,True,1,0.08570686491062474,1,huber_2.5,online
2013-wimbledon-1215,2013-540,105777,104813,0.8056460870910513,0,R64,False,True,1,1.6380744885758047,0,huber_2.5,online
2013-wimbledon-1216,2013-540,105028,105223,0.010271216517658284,0,R64,False,True,1,0.010324329464765664,1,huber_2.5,online
2013-wimbledon-1219,2013-540,104545,105173,0.9807777474108783,0,R64,True,True,1,3.951686682040928,0,huber_2.5,online
2013-wimbledon-1220,2013-540,104460,103720,0.5775445978750863,1,R64,False,True,1,0.5489696138102186,1,huber_2.5,online
2013-wimbledon-1221,2013-540,104597,105558,0.9918745407444255,1,R64,False,True,1,0.008158650719163172,1,huber_2.5,online
2013-wimbledon-1222,2013-540,103285,105668,0.5257068489500358,0,R64,True,True,1,0.7459296863252216,0,huber_2.5,online
2013-wimbledon-1224,2013-540,104660,103819,3.4034861572838463e-05,1,R64,False,True,1,10.28812521827291,0,huber_2.5,online
2013-wimbledon-1225,2013-540,104542,105208,0.8208704974489083,0,R64,True,True,1,1.719646256786327,0,huber_2.5,online
2013-wimbledon-1226,2013-540,104269,103898,0.5708368373905353,1,R64,False,True,1,0.5606518590383386,1,huber_2.5,online
2013-wimbledon-1227,2013-540,104338,104330,0.9655989540248958,1,R64,False,False,1,0.0350066924379109,1,huber_2.5,online
2013-wimbledon-1230,2013-540,105577,104022,0.06267657644046162,0,R64,False,False,1,0.06472688708048059,1,huber_2.5,online
2013-wimbledon-1231,2013-540,103990,103917,0.9074613960153923,1,R64,False,True,1,0.09710425257394668,1,huber_2.5,online
2013-wimbledon-1232,2013-540,104229,104918,0.0017086538250044739,0,R64,False,True,1,0.0017101152388888567,1,huber_2.5,online
2013-wimbledon-1301,2013-540,104925,104871,0.9934938979507157,1,R32,False,True,1,0.006527358981230427,1,huber_2.5,online
2013-wimbledon-1302,2013-540,103852,103163,0.20765761313787326,0,R32,False,True,1,0.23276167394120664,1,huber_2.5,online
2013-wimbledon-1303,2013-540,104755,106071,0.9021007315988745,0,R32,False,True,1,2.3238162023936613,0,huber_2.5,online
2013-wimbledon-1304,2013-540,104731,104607,0.14115350973563806,0,R32,False,True,1,0.15216508045997992,1,huber_2.5,online
2013-wimbledon-1305,2013-540,103970,105238,0.8266592341672827,1,R32,False,True,1,0.19036271945831165,1,huber_2.5,online
2013-wimbledon-1306,2013-540,104997,104471,0.8022432316198684,0,R32,True,True,1,1.6207174459662135,0,huber_2.5,online
2013-wimbledon-1308,2013-540,104813,105223,0.0235838433822146,0,R32,False,True,1,0.023866393470179603,1,huber_2.5,online
2013-wimbledon-1309,2013-540,103997,105332,0.390145991696836,1,R32,False,True,1,0.9412342722211208,0,huber_2.5,online
2013-wimbledon-1311,2013-540,104597,105668,0.6339494944956366,0,R32,False,True,1,1.0049839619196335,0,huber_2.5,online
2013-wimbledon-1312,2013-540,103781,104660,0.8490132688413772,1,R32,False,True,1,0.16368046400448785,1,huber_2.5,online
2013-wimbledon-1313,2013-540,105208,104269,0.684145819595732,0,R32,False,True,1,1.152474626314953,0,huber_2.5,online
2013-wimbledon-1314,2013-540,104338,104932,0.6472282411570709,0,R32,False,True,1,1.0419340066847167,0,huber_2.5,online
2013-wimbledon-1315,2013-540,104678,104022,0.5744876890684038,0,R32,False,True,1,0.8544613985280397,0,huber_2.5,online
2013-wimbledon-1316,2013-540,103990,104918,0.04133721187093696,0,R32,False,True,1,0.04221589457994518,1,huber_2.5,online
2013-wimbledon-1401,2013-540,104925,103163,0.9818736010852122,1,R16,False,True,1,0.01829269471143351,1,huber_2.5,online
2013-wimbledon-1402,2013-540,106071,104607,0.06315341478161576,0,R16,False,True,1,0.0652357399051548,1,huber_2.5,online
2013-wimbledon-1403,2013-540,103970,104471,0.974571739577314,1,R16,False,True,1,0.02575714593824208,1,huber_2.5,online
2013-wimbledon-1404,2013-540,104312,105223,0.14506308576061006,0,R16,False,True,1,0.1567275972829215,1,huber_2.5,online
2013-wimbledon-1406,2013-540,105668,103781,0.8196751440551928,1,R16,False,True,1,0.1988471830045855,1,huber_2.5,online
2013-wimbledon-1407,2013-540,104269,104932,0.6197338336550727,1,R16,False,True,1,0.4784651936751997,1,huber_2.5,online
2013-wimbledon-1408,2013-540,104022,104918,0.03474114034912393,0,R16,False,True,1,0.03535896527242826,1,huber_2.5,online
2013-wimbledon-1501,2013-540,104925,104607,0.9097696055694372,1,QF,False,True,1,0.0945638922198098,1,huber_2.5,online
2013-wimbledon-1502,2013-540,103970,105223,0.7148902486797402,0,QF,False,True,1,1.2548810804907269,0,huber_2.5,online
2013-wimbledon-1503,2013-540,103997,105668,0.16629672636157344,0,QF,False,True,1,0.18187772693488757,1,huber_2.5,online
2013-wimbledon-1504,2013-540,104269,104918,0.044140794710470777,0,QF,False,True,1,0.045144651578481965,1,huber_2.5,online
2013-wimbledon-1601,2013-540,104925,105223,0.9214349464885158,1,SF,False,True,1,0.08182309960185905,1,huber_2.5,online
2013-wimbledon-1602,2013-540,105668,104918,0.07151872910217491,0,SF,False,True,1,0.0742050697468059,1,huber_2.5,online
2013-wimbledon-1701,2013-540,104925,104918,0.7387490901491718,0,F,False,True,1,1.3422739930265848,0,huber_2.5,online
2013-usopen-1101,2013-560,104925,105575,0.9771778985534787,1,R128,False,True,1,0.02308655697110647,1,huber_2.5,online
2013-usopen-1105,2013-560,105332,104166,0.7137397053177789,0,R128,False,True,1,1.2508537608050174,0,huber_2.5,online
2013-usopen-1106,2013-560,105065,105902,0.5978860269728106,1,R128,False,True,1,0.5143551335426241,1,huber_2.5,online
2013-usopen-1108,2013-560,104330,104926,0.0024708544413733786,1,R128,False,False,1,6.003191260479907,0,huber_2.5,online
2013-usopen-1109,2013-560,103163,103908,0.8870223962121412,1,R128,False,True,1,0.11988504759769786,1,huber_2.5,online
2013-usopen-1115,2013-560,103720,104548,0.5115108114755353,1,R128,False,True,1,0.6703865570092693,1,huber_2.5,online
2013-usopen-1116,2013-560,104198,105223,0.0016273457213868857,0,R128,False,True,1,0.0016286712867325998,1,huber_2.5,online
2013-usopen-1117,2013-560,104918,103566,0.99883245277935,1,R128,False,True,1,0.001168229334891683,1,huber_2.5,online
2013-usopen-1119,2013-560,105385,105373,0.22595774294684887,1,R128,False,True,1,1.4874072753037257,0,huber_2.5,online
2013-usopen-1122,2013-560,105041,104500,0.40653337491401415,0,R128,False,True,1,0.5217743005726043,1,huber_2.5,online
2013-usopen-1123,2013-560,104735,105449,0.9011534287339944,1,R128,False,True,1,0.1040797487078665,1,huber_2.5,online
2013-usopen-1125,2013-560,104527,103285,0.9137636778619034,1,R128,False,True,1,0.09018329909786654,1,huber_2.5,online
2013-usopen-1126,2013-560,103484,103333,0.045436529094149844,0,R128,False,True,1,0.04650114153069067,1,huber_2.5,online
2013-usopen-1127,2013-560,104571,104424,0.6584115554256145,1,R128,False,True,1,0.4179250790053457,1,huber_2.5,online
2013-usopen-1128,2013-560,104978,104731,0.1723868183822715,0,R128,False,True,1,0.1892094057149608,1,huber_2.5,online
2013-usopen-1132,2013-560,103893,104607,0.0022858608109607792,0,R128,False,True,1,0.002288477378951624,1,huber_2.5,online
2013-usopen-1133,2013-560,104755,103188,0.9750628532956952,1,R128,False,True,1,0.025253345143401707,1,huber_2.5,online
2013-usopen-1138,2013-560,104932,105614,0.49671481114598803,0,R128,False,True,1,0.6865982936995724,1,huber_2.5,online
2013-usopen-1140,2013-560,105341,105683,0.05782332340241083,0,R128,False,False,1,0.059562467217461036,1,huber_2.5,online
2013-usopen-1141,2013-560,105668,104216,0.9612272653194375,0,R128,False,False,1,3.2500379937909076,0,huber_2.5,online
2013-usopen-1142,2013-560,106058,104332,0.728498055765557,1,R128,True,True,1,0.3167703221691663,1,huber_2.5,online
2013-usopen-1144,2013-560,104655,104386,0.006450611217732516,0,R128,True,False,1,0.0064715063161811396,1,huber_2.5,online
2013-usopen-1148,2013-560,106401,103970,7.993895371011935e-06,0,R128,False,False,1,7.993927322363813e-06,1,huber_2.5,online
2013-usopen-1149,2013-560,103819,104813,0.9988552340111826,1,R128,False,True,1,0.0011454217338995342,1,huber_2.5,online
2013-usopen-1150,2013-560,105053,104122,0.9125845907876508,0,R128,False,True,1,2.4370837050834093,0,huber_2.5,online
2013-usopen-1152,2013-560,105550,105023,0.15545228500217584,0,R128,False,False,1,0.16895404344487422,1,huber_2.5,online
2013-usopen-1153,2013-560,103990,104594,0.7669710009693951,1,R128,False,True,1,0.26530628671373613,1,huber_2.5,online
2013-usopen-1155,2013-560,105077,106071,0.14917807845592973,0,R128,False,True,1,0.1615524301863064,1,huber_2.5,online
2013-usopen-1156,2013-560,105554,105453,0.03704815105426228,1,R128,False,False,1,3.2955368325537853,0,huber_2.5,online
2013-usopen-1157,2013-560,104545,103835,0.9731807467114215,1,R128,False,True,1,0.027185451754468615,1,huber_2.5,online
2013-usopen-1158,2013-560,104494,104792,0.5489123070453396,0,R128,False,True,1,0.7960935172395334,0,huber_2.5,online
2013-usopen-1160,2013-560,123768,104259,0.039924813340073,0,R128,False,False,1,0.04074367814963818,1,huber_2.5,online
2013-usopen-1161,2013-560,104269,104471,0.7758981017373454,0,R128,False,True,1,1.4956544276058006,0,huber_2.5,online
2013-usopen-1164,2013-560,105992,104745,0.00038999823270062674,0,R128,False,True,1,0.00039007430178989805,1,huber_2.5,online
2013-usopen-1201,2013-560,104925,103794,0.999985621265775,1,R64,False,True,1,1.4378837600041098e-05,1,huber_2.5,online
2013-usopen-1203,2013-560,104166,105065,0.24865880169088614,0,R64,False,True,1,0.2858954050807619,1,huber_2.5,online
2013-usopen-1204,2013-560,104719,104330,0.6777386701540591,1,R64,False,False,1,0.3889935075943495,1,huber_2.5,online
2013-usopen-1205,2013-560,103163,104229,0.9400509195017235,1,R64,False,True,1,0.061821235502527196,1,huber_2.5,online
2013-usopen-1208,2013-560,103720,105223,0.0736040219386173,1,R64,False,True,1,2.609055608835213,0,huber_2.5,online
2013-usopen-1209,2013-560,104918,104919,0.9997026805521985,1,R64,False,True,1,0.00029736365599141026,1,huber_2.5,online
2013-usopen-1210,2013-560,105385,104252,0.1395052406693,0,R64,False,True,1,0.15024775360975107,1,huber_2.5,online
2013-usopen-1211,2013-560,104312,104500,0.8278490792297815,1,R64,False,True,1,0.18892441267195562,1,huber_2.5,online
2013-usopen-1213,2013-560,104527,103333,0.8468483668536845,1,R64,False,True,1,0.16623362414224982,1,huber_2.5,online
2013-usopen-1214,2013-560,104571,104731,0.3296602037844678,1,R64,False,True,1,1.10969284051353,0,huber_2.5,online
2013-usopen-1215,2013-560,103898,104871,0.44513025185483424,1,R64,False,True,1,0.8093883388470379,0,huber_2.5,online
2013-usopen-1216,2013-560,106045,104607,0.0030946679714778267,0,R64,False,False,1,0.0030994663585717976,1,huber_2.5,online
2013-usopen-1217,2013-560,104755,103565,0.9932433425010935,1,R64,False,True,1,0.006779587052310054,1,huber_2.5,online
2013-usopen-1219,2013-560,103852,105614,0.5011539580964386,1,R64,False,True,1,0.6908419235150369,1,huber_2.5,online
2013-usopen-1220,2013-560,104665,105683,0.09728986166771647,0,R64,False,True,1,0.10235377562080888,1,huber_2.5,online
2013-usopen-1221,2013-560,104216,106058,0.8841742617070536,0,R64,False,False,1,2.1556684734891087,0,huber_2.5,online
2013-usopen-1224,2013-560,105138,103970,0.04343698462807345,0,R64,False,False,1,0.0444086110675865,1,huber_2.5,online
2013-usopen-1225,2013-560,103819,104122,0.9997573118587256,1,R64,False,True,1,0.00024271759480677468,1,huber_2.5,online
2013-usopen-1226,2013-560,105173,105023,0.0066570784350025326,1,R64,False,True,1,5.012074564098216,0,huber_2.5,online
2013-usopen-1227,2013-560,103990,104433,0.9971995114549582,1,R64,False,True,1,0.002804417249663088,1,huber_2.5,online
2013-usopen-1228,2013-560,106071,105554,0.011596126083189474,0,R64,False,False,1,0.01166388549372528,1,huber_2.5,online
2013-usopen-1229,2013-560,104545,104792,0.39875356139150314,1,R64,False,True,1,0.9194116935336177,0,huber_2.5,online
2013-usopen-1230,2013-560,104273,104259,0.13147917915263532,0,R64,False,True,1,0.1409637202465203,1,huber_2.5,online
2013-usopen-1232,2013-560,104297,104745,1.0555451916490892e-07,0,R64,False,True,1,1.0555452473578757e-07,1,huber_2.5,online
2013-usopen-1301,2013-560,104925,105311,0.9888226400365983,1,R32,False,False,1,0.01124029606368881,1,huber_2.5,online
2013-usopen-1302,2013-560,105065,104719,0.5899747198737605,0,R32,False,True,1,0.8915364623401254,0,huber_2.5,online
2013-usopen-1303,2013-560,103163,104022,0.5848659971172581,0,R32,False,True,1,0.8791539123593128,0,huber_2.5,online
2013-usopen-1304,2013-560,105539,103720,0.006069015377767558,0,R32,False,False,1,0.006087506705658863,1,huber_2.5,online
2013-usopen-1305,2013-560,104918,104252,0.9855291022706275,1,R32,False,True,1,0.014576622363046363,1,huber_2.5,online
2013-usopen-1306,2013-560,104312,104797,0.5587498417755912,0,R32,False,True,1,0.8181433121524652,0,huber_2.5,online
2013-usopen-1307,2013-560,104527,104571,0.8069549909274565,1,R32,False,True,1,0.2144873855916715,1,huber_2.5,online
2013-usopen-1308,2013-560,103898,104607,0.0483921217329745,0,R32,False,True,1,0.04960222161847345,1,huber_2.5,online
2013-usopen-1309,2013-560,104755,104098,0.9947734254770559,1,R32,True,True,1,0.0052402808424921446,1,huber_2.5,online
2013-usopen-1310,2013-560,103852,105683,0.21368203373484107,0,R32,False,True,1,0.24039403112302946,1,huber_2.5,online
2013-usopen-1311,2013-560,106058,104386,0.309561677304675,0,R32,False,True,1,0.3704286327938038,1,huber_2.5,online
2013-usopen-1312,2013-560,105062,103970,0.03140150064433448,0,R32,False,True,1,0.03190509830631508,1,huber_2.5,online
2013-usopen-1313,2013-560,103819,105173,0.99983568215681,1,R32,False,True,1,0.00016433134484590027,1,huber_2.5,online
2013-usopen-1314,2013-560,103990,105554,0.22841719449904863,1,R32,False,False,1,1.476581521638725,0,huber_2.5,online
2013-usopen-1315,2013-560,104545,104259,0.45363758301274715,0,R32,False,True,1,0.6044727560574418,1,huber_2.5,online
2013-usopen-1316,2013-560,104471,104745,0.002094159784398591,0,R32,False,True,1,0.0020963556031323304,1,huber_2.5,online
2013-usopen-1401,2013-560,104925,104719,0.999954864902256,1,R16,False,True,1,4.5136116363128134e-05,1,huber_2.5,online
2013-usopen-1402,2013-560,104022,103720,0.6772370566108807,1,R16,False,True,1,0.38973390988523204,1,huber_2.5,online
2013-usopen-1403,2013-560,104918,104797,0.994014539014895,1,R16,False,True,1,0.00600344565698496,1,huber_2.5,online
2013-usopen-1404,2013-560,104527,104607,0.33121886892058483,1,R16,False,True,1,1.1049758867152624,0,huber_2.5,online
2013-usopen-1405,2013-560,104755,105683,0.6651515984073808,1,R16,False,True,1,0.4077402967770359,1,huber_2.5,online
2013-usopen-1406,2013-560,104386,103970,0.10885090968821019,0,R16,False,True,1,0.11524353631536786,1,huber_2.5,online
2013-usopen-1407,2013-560,103819,103990,0.9464920379715572,0,R16,False,True,1,2.9279248131916673,0,huber_2.5,online
2013-usopen-1408,2013-560,104259,104745,0.015600234422729526,0,R16,False,True,1,0.0157231986029419,1,huber_2.5,online
2013-usopen-1501,2013-560,104925,104022,0.9935843225554418,1,QF,False,True,1,0.006436346353891112,1,huber_2.5,online
2013-usopen-1502,2013-560,104918,104527,0.8654471538981663,0,QF,False,True,1,2.005798249287983,0,huber_2.5,online
2013-usopen-1503,2013-560,104755,103970,0.22474635949510438,1,QF,False,True,1,1.4927828037811546,0,huber_2.5,online
2013-usopen-1504,2013-560,103990,104745,0.026385948370738613,0,QF,False,True,1,0.026740304761714837,1,huber_2.5,online
2013-usopen-1601,2013-560,104925,104527,0.9458906943288937,1,SF,False,True,1,0.05562826171298656,1,huber_2.5,online
2013-usopen-1602,2013-560,104755,104745,0.034634496251163716,0,SF,False,True,1,0.035248488993261363,1,huber_2.5,online
2013-usopen-1701,2013-560,104925,104745,0.5378321972891358,0,F,False,True,1,0.771827244514065,0,huber_2.5,online
2013-ausopen-1101,2013-580,104925,103908,0.999245331097978,1,R128,False,True,1,0.0007549538079466451,1,block_16,frozen
2013-ausopen-1102,2013-580,105992,105053,0.3379064730330182,1,R128,False,True,1,1.0849861287924694,0,block_16,frozen
2013-ausopen-1105,2013-580,105023,103926,0.9457444460711343,1,R128,False,False,1,0.05578288799892022,1,block_16,frozen
2013-ausopen-1109,2013-580,104338,105723,0.9292254957746614,0,R128,False,False,1,2.6482564529491732,0,block_16,frozen
2013-ausopen-1110,2013-580,104731,103893,0.9706993180234496,1,R128,False,True,1,0.029738520825808724,1,block_16,frozen
2013-ausopen-1112,2013-580,105676,104269,0.7761419775384473,0,R128,False,True,1,1.4967432563778096,0,block_16,frozen
2013-ausopen-1116,2013-580,103188,104607,0.008031379375209799,0,R128,False,True,1,0.008063804632267569,1,block_16,frozen
2013-ausopen-1117,2013-580,103970,103694,0.9999988543774824,1,R128,False,True,1,1.145623173854708e-06,1,block_16,frozen
2013-ausopen-1119,2013-580,105357,105147,0.8136145385652161,0,R128,False,False,1,1.6799383763670461,0,block_16,frozen
2013-ausopen-1120,2013-580,105077,104571,0.008576044884997986,0,R128,False,True,1,0.008613030771501785,1,block_16,frozen
2013-ausopen-1121,2013-580,104022,105051,0.5716974914384145,1,R128,False,True,1,0.5591452886203611,1,block_16,frozen
2013-ausopen-1124,2013-580,103812,105453,0.020441164300300983,0,R128,False,True,1,0.0206529763267651,1,block_16,frozen
2013-ausopen-1125,2013-580,104597,105449,0.9506906697055488,1,R128,False,True,1,0.05056653779642634,1,block_16,frozen
2013-ausopen-1128,2013-580,104620,105668,0.3141338208886265,0,R128,False,True,1,0.3770727444673661,1,block_16,frozen
2013-ausopen-1132,2013-580,103720,104386,0.11912242871654387,0,R128,False,True,1,0.12683662832861778,1,block_16,frozen
2013-ausopen-1133,2013-580,105223,105173,0.9548961425862387,1,R128,False,True,1,0.046152695633847586,1,block_16,frozen
2013-ausopen-1140,2013-580,104594,105227,0.10571505545398499,0,R128,False,True,1,0.1117308246749697,1,block_16,frozen
2013-ausopen-1141,2013-580,104468,103835,0.975482450973242,1,R128,False,True,1,0.024823108857065852,1,block_16,frozen
2013-ausopen-1144,2013-580,104792,105238,0.5574420834958201,1,R128,False,True,1,0.5843966671505507,1,block_16,frozen
2013-ausopen-1148,2013-580,104898,104918,0.0020954361912639513,0,R128,False,True,1,0.002097634689425083,1,block_16,frozen
2013-ausopen-1149,2013-580,104542,103566,0.9442848727296753,1,R128,False,True,1,0.057327386401233936,1,block_16,frozen
2013-ausopen-1150,2013-580,104424,106291,0.972837510956481,1,R128,False,False,1,0.027538208731077013,1,block_16,frozen
2013-ausopen-1151,2013-580,105902,106093,0.878423835901924,1,R128,False,True,1,0.12962607300541232,1,block_16,frozen
2013-ausopen-1153,2013-580,103163,103813,0.8999183512737035,0,R128,False,True,1,2.301768938875479,0,block_16,frozen
2013-ausopen-1154,2013-580,104471,105842,0.12739692842997208,1,R128,False,False,1,2.0604476457895666,0,block_16,frozen
2013-ausopen-1156,2013-580,103656,104755,0.043477258440168046,0,R128,False,True,1,0.04445071457701321,1,block_16,frozen
2013-ausopen-1157,2013-580,105683,104225,0.785214550829469,1,R128,False,True,1,0.2417982853844066,1,block_16,frozen
2013-ausopen-1160,2013-580,104327,104259,0.11170835726225124,0,R128,False,True,1,0.11845516340367268,1,block_16,frozen
2013-ausopen-1162,2013-580,106071,104919,0.6445595713330503,1,R128,False,True,1,0.43918803056701966,1,block_16,frozen
2013-ausopen-1164,2013-580,105332,103819,0.00014818252016986043,0,R128,False,True,1,0.00014819350028422312,1,block_16,frozen
2013-ausopen-1201,2013-580,104925,105992,0.9993828001946704,1,R64,False,True,1,0.0006173903515368648,1,block_16,frozen
2013-ausopen-1202,2013-580,103852,103285,0.7616186341903277,0,R64,False,True,1,1.4338835103959042,0,block_16,frozen
2013-ausopen-1203,2013-580,105023,104548,0.6558225475483133,1,R64,True,True,1,0.42186503341771586,1,block_16,frozen
2013-ausopen-1204,2013-580,104735,104527,0.09980936174672071,0,R64,True,True,1,0.10514871780715321,1,block_16,frozen
2013-ausopen-1205,2013-580,105723,104731,0.053587921080609585,0,R64,False,False,1,0.055077203382299274,1,block_16,frozen
2013-ausopen-1206,2013-580,103598,104269,0.7411794677352241,0,R64,False,True,1,1.3516203830851412,0,block_16,frozen
2013-ausopen-1208,2013-580,105558,104607,0.000417801259427929,0,R64,False,True,1,0.00041788856269190804,1,block_16,frozen
2013-ausopen-1209,2013-580,103970,105065,0.9999949332256604,1,R64,False,True,1,5.066787175790437e-06,1,block_16,frozen
2013-ausopen-1210,2013-580,105147,104571,0.0026616312175431617,0,R64,False,True,1,0.0026651796557333844,1,block_16,frozen
2013-ausopen-1212,2013-580,104122,105453,0.10935270209893976,0,R64,False,True,1,0.11580677959873618,1,block_16,frozen
2013-ausopen-1213,2013-580,104597,104593,0.9986489333336622,1,R64,False,True,1,0.0013519801798106603,1,block_16,frozen
2013-ausopen-1214,2013-580,104500,105668,0.01983228124395473,0,R64,False,True,1,0.020031580372769024,1,block_16,frozen
2013-ausopen-1215,2013-580,103898,104273,0.6681330282839139,1,R64,False,True,1,0.40326798113445733,1,block_16,frozen
2013-ausopen-1216,2013-580,105041,104386,0.016481093002066606,0,R64,False,True,1,0.016618417140618822,1,block_16,frozen
2013-ausopen-1217,2013-580,105223,103794,0.9836570920433589,1,R64,False,True,1,0.016477926360210587,1,block_16,frozen
2013-ausopen-1218,2013-580,104871,104719,0.8858034222601352,1,R64,False,True,1,0.1212602240322983,1,block_16,frozen
2013-ausopen-1220,2013-580,104330,105227,0.005043827963193187,0,R64,False,False,1,0.005056590997909177,1,block_16,frozen
2013-ausopen-1221,2013-580,104468,105028,0.8586307924129011,1,R64,False,True,1,0.15241626032101271,1,block_16,frozen
2013-ausopen-1222,2013-580,104229,104792,0.030711299342075817,0,R64,False,True,1,0.031192774770210277,1,block_16,frozen
2013-ausopen-1223,2013-580,104252,105575,0.9488091272781749,0,R64,False,True,1,2.972194029980006,0,block_16,frozen
2013-ausopen-1224,2013-580,105311,104918,6.622113435868541e-05,0,R64,False,False,1,6.622332707480658e-05,1,block_16,frozen
2013-ausopen-1225,2013-580,104542,104424,0.7574201095880786,1,R64,False,True,1,0.27783721305085624,1,block_16,frozen
2013-ausopen-1226,2013-580,105902,104882,0.22629171489774347,0,R64,False,True,1,0.2565603690670324,1,block_16,frozen
2013-ausopen-1228,2013-580,104268,104755,0.08143095308719588,0,R64,False,True,1,0.0849382035945853,1,block_16,frozen
2013-ausopen-1230,2013-580,104804,104259,0.024428510257126404,0,R64,False,False,1,0.024731836373168576,1,block_16,frozen
2013-ausopen-1231,2013-580,104978,106071,0.19795329274355283,0,R64,False,True,1,0.22058843433704364,1,block_16,frozen
2013-ausopen-1232,2013-580,103786,103819,0.0006044548625751086,0,R64,False,True,1,0.0006046376190646306,1,block_16,frozen
2013-ausopen-1301,2013-580,104925,103285,0.9998722126103105,1,R32,False,True,1,0.00012779555519367027,1,block_16,frozen
2013-ausopen-1302,2013-580,105023,104527,0.2768922009776148,0,R32,False,True,1,0.32419696832159156,1,block_16,frozen
2013-ausopen-1303,2013-580,104731,104269,0.7124536634026982,1,R32,False,True,1,0.3390404027748965,1,block_16,frozen
2013-ausopen-1304,2013-580,103781,104607,0.014752998111660264,0,R32,False,True,1,0.014862905907502942,1,block_16,frozen
2013-ausopen-1305,2013-580,103970,104571,0.960093597010626,1,R32,False,True,1,0.040724502386698856,1,block_16,frozen
2013-ausopen-1306,2013-580,105539,105453,0.02858813093732972,0,R32,False,False,1,0.029004730633021197,1,block_16,frozen
2013-ausopen-1307,2013-580,104597,105668,0.6170185842632657,1,R32,False,True,1,0.4828561351685013,1,block_16,frozen
2013-ausopen-1308,2013-580,103898,104386,0.10148479860476683,0,R32,False,True,1,0.10701165426476576,1,block_16,frozen
2013-ausopen-1309,2013-580,105223,104871,0.9337488714842233,0,R32,False,True,1,2.714302780060482,0,block_16,frozen
2013-ausopen-1310,2013-580,104312,105227,0.21685984927783974,1,R32,False,True,1,1.5285039899589101,0,block_16,frozen
2013-ausopen-1311,2013-580,104468,104792,0.2313419593267914,1,R32,False,True,1,1.4638583196824695,0,block_16,frozen
2013-ausopen-1312,2013-580,105575,104918,0.0005280045958528792,0,R32,False,True,1,0.0005281440393662043,1,block_16,frozen
2013-ausopen-1313,2013-580,104542,104882,0.7872105153358934,1,R32,False,True,1,0.23925957543710327,1,block_16,frozen
2013-ausopen-1314,2013-580,104471,104755,6.755660571224799e-05,0,R32,False,True,1,6.755888776251463e-05,1,block_16,frozen
2013-ausopen-1315,2013-580,105683,104259,0.45556394014282686,1,R32,False,True,1,0.7862191986037596,0,block_16,frozen
2013-ausopen-1316,2013-580,106071,103819,0.0011936043173459122,0,R32,False,True,1,0.0011943172303262423,1,block_16,frozen
2013-ausopen-1401,2013-580,104925,104527,0.9912899547903566,1,R16,False,True,1,0.008748199364590226,1,block_16,frozen
2013-ausopen-1402,2013-580,104731,104607,0.08605112030887846,0,R16,False,True,1,0.08998063940820508,1,block_16,frozen
2013-ausopen-1403,2013-580,103970,105453,0.9573525280296755,1,R16,False,True,1,0.043583587512860046,1,block_16,frozen
2013-ausopen-1404,2013-580,104597,104386,0.4415657904252477,1,R16,True,True,1,0.8174282543541316,0,block_16,frozen
2013-ausopen-1405,2013-580,104871,104312,0.25734465826199077,1,R16,False,True,1,1.3573390098037095,0,block_16,frozen
2013-ausopen-1406,2013-580,104468,104918,0.008291851481095448,0,R16,False,True,1,0.008326420106153554,1,block_16,frozen
2013-ausopen-1407,2013-580,104542,104755,0.35956163181000567,1,R16,False,True,1,1.0228696789347902,0,block_16,frozen
2013-ausopen-1408,2013-580,105683,103819,0.019745731944642346,0,R16,False,True,1,0.01994328377137313,1,block_16,frozen
2013-ausopen-1501,2013-580,104925,104607,0.9366709397153757,1,QF,False,True,1,0.06542324335915031,1,block_16,frozen
2013-ausopen-1502,2013-580,103970,104597,0.8501966022943365,1,QF,False,True,1,0.1622876594258933,1,block_16,frozen
2013-ausopen-1503,2013-580,104871,104918,0.004550233462518984,0,QF,False,True,1,0.004560617285987845,1,block_16,frozen
2013-ausopen-1504,2013-580,104542,103819,0.05906673964428025,0,QF,False,True,1,0.060883066082325014,1,block_16,frozen
2013-ausopen-1601,2013-580,104925,103970,0.8743777099796538,1,SF,False,True,1,0.13424283423378042,1,block_16,frozen
2013-ausopen-1602,2013-580,104918,103819,0.31374139740311624,1,SF,False,True,1,1.1591862075475272,0,block_16,frozen
2013-ausopen-1701,2013-580,104925,104918,0.823328541209134,1,F,False,True,1,0.19439995843892677,1,block_16,frozen
2013-frenchopen-1101,2013-520,104925,105676,0.9976033329099339,1,R128,False,True,1,0.002399543693729798,1,block_16,frozen
2013-frenchopen-1103,2013-520,104864,106298,0.30733474635220975,0,R128,False,False,1,0.36720843596265873,1,block_16,frozen
2013-frenchopen-1106,2013-520,106071,103812,0.9160740714312308,0,R128,True,True,1,2.4778206719083253,0,block_16,frozen
2013-frenchopen-1108,2013-520,106210,104259,0.023064733033575674,0,R128,False,False,1,0.023334886077713442,1,block_16,frozen
2013-frenchopen-1109,2013-520,103163,105558,0.9848335694600401,1,R128,False,True,1,0.015282617101432226,1,block_16,frozen
2013-frenchopen-1110,2013-520,106058,104198,0.8756856597031338,1,R128,False,True,1,0.13274808839809948,1,block_16,frozen
2013-frenchopen-1112,2013-520,104122,104545,0.16106306239070317,0,R128,False,True,1,0.1756197390951752,1,block_16,frozen
2013-frenchopen-1115,2013-520,104269,102967,0.9587502370855169,1,R128,False,True,1,0.04212467901463454,1,block_16,frozen
2013-frenchopen-1116,2013-520,103917,104386,0.0235539149545173,0,R128,False,True,1,0.02383574263668901,1,block_16,frozen
2013-frenchopen-1117,2013-520,104745,104978,0.9999634559110728,1,R128,False,True,1,3.6544756678656705e-05,1,block_16,frozen
2013-frenchopen-1121,2013-520,105332,104571,0.1068345665060804,1,R128,False,True,1,2.2364737483975103,0,block_16,frozen
2013-frenchopen-1122,2013-520,103997,105270,0.953044751519291,1,R128,False,True,1,0.048093417858270524,1,block_16,frozen
2013-frenchopen-1124,2013-520,105028,105453,0.08392182169285974,0,R128,False,True,1,0.08765357045301916,1,block_16,frozen
2013-frenchopen-1125,2013-520,104527,105217,0.9368146201931636,1,R128,False,True,1,0.0652698602948297,1,block_16,frozen
2013-frenchopen-1128,2013-520,105077,105668,0.005947569647571962,0,R128,False,True,1,0.005965326883199709,1,block_16,frozen
2013-frenchopen-1129,2013-520,104252,104797,0.7531474623276553,0,R128,True,True,1,1.3989641341099535,0,block_16,frozen
2013-frenchopen-1130,2013-520,103722,103786,0.31051060122154983,0,R128,False,True,1,0.3718039570976548,1,block_16,frozen
2013-frenchopen-1132,2013-520,104660,104755,1.2557633879075916e-05,0,R128,False,True,1,1.2557712726820332e-05,1,block_16,frozen
2013-frenchopen-1133,2013-520,104607,104792,0.8344326713528591,0,R128,False,True,1,1.7983773472734983,0,block_16,frozen
2013-frenchopen-1134,2013-520,105208,104297,0.9988917977569005,1,R128,False,True,1,0.0011088167532482616,1,block_16,frozen
2013-frenchopen-1137,2013-520,104312,104919,0.8466405156313616,1,R128,False,True,1,0.1664790951642522,1,block_16,frozen
2013-frenchopen-1138,2013-520,104882,105902,0.7765084831040191,1,R128,False,True,1,0.2529477116571669,1,block_16,frozen
2013-frenchopen-1139,2013-520,104651,104273,0.20419491073764262,0,R128,False,False,1,0.22840098585726035,1,block_16,frozen
2013-frenchopen-1140,2013-520,104890,104597,0.0017195133026089112,0,R128,False,True,1,0.0017209933625062987,1,block_16,frozen
2013-frenchopen-1141,2013-520,105683,103598,0.562168872910578,1,R128,False,True,1,0.5759529886191932,1,block_16,frozen
2013-frenchopen-1142,2013-520,104327,103566,0.37163281804736525,0,R128,False,True,1,0.4646305987374511,1,block_16,frozen
2013-frenchopen-1144,2013-520,105011,104731,0.00454298400586144,0,R128,False,True,1,0.004553334718344615,1,block_16,frozen
2013-frenchopen-1145,2013-520,104719,103852,0.0266069111711517,0,R128,False,True,1,0.02696728163999145,1,block_16,frozen
2013-frenchopen-1146,2013-520,105311,104424,0.025784308040747723,1,R128,False,False,1,3.6579891875675243,0,block_16,frozen
2013-frenchopen-1148,2013-520,104594,103970,0.012958281241561405,0,R128,False,True,1,0.013042972196300783,1,block_16,frozen
2013-frenchopen-1149,2013-520,104542,105379,0.9956147162807594,1,R128,False,False,1,0.004394927279381686,1,block_16,frozen
2013-frenchopen-1150,2013-520,103813,103908,0.17601676138988298,1,R128,False,True,1,1.7371760533087766,0,block_16,frozen
2013-frenchopen-1152,2013-520,103794,104871,0.3157134157227397,0,R128,False,True,1,0.37937846624690474,1,block_16,frozen
2013-frenchopen-1154,2013-520,104678,103484,0.8281548549821136,1,R128,False,True,1,0.18855511915822643,1,block_16,frozen
2013-frenchopen-1156,2013-520,104332,105227,0.11862272460459672,0,R128,False,True,1,0.12626950930348704,1,block_16,frozen
2013-frenchopen-1157,2013-520,104468,103720,0.566554143291703,1,R128,False,True,1,0.5681826279854041,1,block_16,frozen
2013-frenchopen-1158,2013-520,105173,104655,0.8938054286459749,0,R128,False,False,1,2.242482288674564,0,block_16,frozen
2013-frenchopen-1160,2013-520,105041,105023,0.09800739648967674,0,R128,False,True,1,0.10314895905255428,1,block_16,frozen
2013-frenchopen-1161,2013-520,103898,105575,0.7250823535730129,1,R128,False,True,1,0.3214700394432566,1,block_16,frozen
2013-frenchopen-1163,2013-520,104500,103926,0.5041929149541382,1,R128,False,False,1,0.6847963163815147,1,block_16,frozen
2013-frenchopen-1164,2013-520,105807,103819,2.360223098865457e-05,0,R128,False,False,1,2.3602509525691132e-05,1,block_16,frozen
2013-frenchopen-1201,2013-520,104925,105550,0.9999980503177825,1,R64,False,False,1,1.9496841180831332e-06,1,block_16,frozen
2013-frenchopen-1202,2013-520,106298,105777,0.12745037984352411,0,R64,False,False,1,0.13633575528314854,1,block_16,frozen
2013-frenchopen-1205,2013-520,103163,106058,0.5232351145640526,1,R64,False,True,1,0.6477243660988032,1,block_16,frozen
2013-frenchopen-1206,2013-520,105992,104545,0.38545298391951943,0,R64,False,True,1,0.4868698417873642,1,block_16,frozen
2013-frenchopen-1208,2013-520,104269,104386,0.07013833117598586,0,R64,False,True,1,0.07271944709818708,1,block_16,frozen
2013-frenchopen-1209,2013-520,104745,105373,0.9993093021737514,1,R64,False,True,1,0.0006909364678847353,1,block_16,frozen
2013-frenchopen-1210,2013-520,104586,104926,0.47123873202338395,0,R64,False,True,1,0.637218238254644,1,block_16,frozen
2013-frenchopen-1211,2013-520,105332,103997,0.27903253601578093,1,R64,False,True,1,1.2764268874159344,0,block_16,frozen
2013-frenchopen-1212,2013-520,104813,105453,0.07271797285640175,0,R64,False,True,1,0.07549752328593004,1,block_16,frozen
2013-frenchopen-1213,2013-520,104527,104547,0.9916949284360728,1,R64,False,False,1,0.008339750813346243,1,block_16,frozen
2013-frenchopen-1215,2013-520,104797,103786,0.7469019815354649,0,R64,False,True,1,1.3739784405232032,0,block_16,frozen
2013-frenchopen-1216,2013-520,104308,104755,0.0015428767032570666,0,R64,False,False,1,0.0015440681631926766,1,block_16,frozen
2013-frenchopen-1217,2013-520,104792,105208,0.48810741708554595,1,R64,False,True,1,0.7172197803725998,0,block_16,frozen
2013-frenchopen-1219,2013-520,104312,104882,0.4633122030462742,1,R64,False,True,1,0.7693541475015448,0,block_16,frozen
2013-frenchopen-1220,2013-520,104273,104597,0.07363658194550254,0,R64,False,True,1,0.07648866122623081,1,block_16,frozen
2013-frenchopen-1221,2013-520,105683,103566,0.79114750532332,1,R64,False,True,1,0.23427084905055587,1,block_16,frozen
2013-frenchopen-1224,2013-520,103656,103970,0.011741017193427216,0,R64,False,True,1,0.011810487237168188,1,block_16,frozen
2013-frenchopen-1225,2013-520,104542,103813,0.9860265520428458,1,R64,False,True,1,0.01407199569254259,1,block_16,frozen
2013-frenchopen-1226,2013-520,105138,104871,0.15250323423925902,0,R64,False,False,1,0.16546825594632855,1,block_16,frozen
2013-frenchopen-1228,2013-520,106401,105227,0.004661873971893247,0,R64,False,False,1,0.004672774397157953,1,block_16,frozen
2013-frenchopen-1229,2013-520,104468,104655,0.9494002530799772,1,R64,False,False,1,0.05192480629661995,1,block_16,frozen
2013-frenchopen-1230,2013-520,104225,105023,0.25267665314422455,0,R64,False,True,1,0.29125732692306866,1,block_16,frozen
2013-frenchopen-1231,2013-520,103898,104735,0.5503661142885541,1,R64,False,True,1,0.5971715598677015,1,block_16,frozen
2013-frenchopen-1232,2013-520,104500,103819,1.4395118260289016e-05,0,R64,False,True,1,1.4395221870998208e-05,1,block_16,frozen
2013-frenchopen-1301,2013-520,104925,105777,0.9998767656314396,1,R32,False,True,1,0.00012324196253912846,1,block_16,frozen
2013-frenchopen-1302,2013-520,103812,104259,0.01868529056465261,0,R32,False,True,1,0.01886206613848241,1,block_16,frozen
2013-frenchopen-1303,2013-520,103163,104545,0.47695080483977614,1,R32,False,True,1,0.7403419279203317,0,block_16,frozen
2013-frenchopen-1304,2013-520,104022,104386,0.1550139658237097,1,R32,False,True,1,1.8642400640333903,0,block_16,frozen
2013-frenchopen-1305,2013-520,104745,104926,0.999571614236339,1,R32,False,True,1,0.000428477547055655,1,block_16,frozen
2013-frenchopen-1306,2013-520,105332,105453,0.10246407334586392,0,R32,False,True,1,0.10810212972266835,1,block_16,frozen
2013-frenchopen-1307,2013-520,104527,105668,0.5990427070681671,1,R32,False,True,1,0.5124223861324796,1,block_16,frozen
2013-frenchopen-1308,2013-520,103786,104755,0.01784647703243004,0,R32,False,True,1,0.018007645812846456,1,block_16,frozen
2013-frenchopen-1309,2013-520,104792,103990,0.8152742399137327,0,R32,False,True,1,1.6888829316250409,0,block_16,frozen
2013-frenchopen-1311,2013-520,105683,104731,0.574844370743073,0,R32,False,True,1,0.8552999906007417,0,block_16,frozen
2013-frenchopen-1312,2013-520,103852,103970,0.05183604829266421,0,R32,False,True,1,0.05322784684138807,1,block_16,frozen
2013-frenchopen-1313,2013-520,104542,104871,0.9273587186169654,1,R32,False,True,1,0.07541482104444618,1,block_16,frozen
2013-frenchopen-1314,2013-520,104678,105227,0.13805009995141893,1,R32,False,True,1,1.9801386165829187,0,block_16,frozen
2013-frenchopen-1315,2013-520,104468,105023,0.4292252541555448,1,R32,False,True,1,0.8457734298924252,0,block_16,frozen
2013-frenchopen-1316,2013-520,103898,103819,0.0020732429527742526,0,R32,False,True,1,0.002075395096069974,1,block_16,frozen
2013-frenchopen-1401,2013-520,104925,104259,0.9958075885184434,1,R16,False,True,1,0.004201224278443813,1,block_16,frozen
2013-frenchopen-1402,2013-520,103163,104022,0.5444568761934925,1,R16,False,True,1,0.6079665386555442,1,block_16,frozen
2013-frenchopen-1403,2013-520,104745,105453,0.99814119370121,1,R16,False,True,1,0.0018605360230320943,1,block_16,frozen
2013-frenchopen-1404,2013-520,104527,104755,0.2517003298351737,1,R16,False,True,1,1.379516066411953,0,block_16,frozen
2013-frenchopen-1405,2013-520,103990,104597,0.165822581679629,1,R16,False,True,1,1.7968368472461094,0,block_16,frozen
2013-frenchopen-1406,2013-520,104731,103970,0.03678495983019443,0,R16,False,True,1,0.03747858975525674,1,block_16,frozen
2013-frenchopen-1407,2013-520,104542,104678,0.8766791001331931,1,R16,False,True,1,0.13161425991757256,1,block_16,frozen
2013-frenchopen-1408,2013-520,104468,103819,0.0028109145135085684,0,R16,False,True,1,0.0028148725525893813,1,block_16,frozen
2013-frenchopen-1501,2013-520,104925,103163,0.9987674040812375,1,QF,False,True,1,0.001233356189914225,1,block_16,frozen
2013-frenchopen-1503,2013-520,103990,103970,0.01892358491271143,0,QF,False,True,1,0.01910492735636326,1,block_16,frozen
2013-frenchopen-1504,2013-520,104542,103819,0.05673817186310965,1,QF,False,True,1,2.8693080696638544,0,block_16,frozen
2013-frenchopen-1601,2013-520,104925,104745,0.5011350547445188,0,SF,False,True,1,0.6954198706537723,0,block_16,frozen
2013-frenchopen-1602,2013-520,103970,104542,0.8167839447555452,1,SF,False,True,1,0.2023806685986867,1,block_16,frozen
2013-frenchopen-1701,2013-520,104745,103970,0.8748262599756959,1,F,False,True,1,0.13372997236795098,1,block_16,frozen
2013-wimbledon-1101,2013-540,104925,104252,0.9901899857368377,1,R128,False,True,1,0.009858449480184642,1,block_16,frozen
2013-wimbledon-1104,2013-540,105992,104871,0.6206677943415253,0,R128,False,True,1,0.9693429257492117,0,block_16,frozen
2013-wimbledon-1105,2013-540,104468,103852,0.39620613358428636,0,R128,False,True,1,0.504522420065543,1,block_16,frozen
2013-wimbledon-1108,2013-540,104098,103163,0.03766094665560086,0,R128,False,True,1,0.03838844410709035,1,block_16,frozen
2013-wimbledon-1109,2013-540,104755,104719,0.9975938103928432,1,R128,False,True,1,0.002409089133510191,1,block_16,frozen
2013-wimbledon-1112,2013-540,106071,105023,0.29594663852627906,1,R128,False,True,1,1.2175761161586698,0,block_16,frozen
2013-wimbledon-1116,2013-540,105373,104607,0.07037398031927394,0,R128,False,True,1,0.07297290308609855,1,block_16,frozen
2013-wimbledon-1117,2013-540,103970,104651,0.9992825965390875,1,R128,False,False,1,0.0007176609179164617,1,block_16,frozen
2013-wimbledon-1121,2013-540,105683,104122,0.857973367476422,1,R128,False,True,1,0.15318222021320324,1,block_16,frozen
2013-wimbledon-1124,2013-540,104471,104259,0.0038205941776226064,1,R128,True,True,1,5.567349324579085,0,block_16,frozen
2013-wimbledon-1129,2013-540,105777,104620,0.3033330254705673,1,R128,False,True,1,1.192923983072062,0,block_16,frozen
2013-wimbledon-1132,2013-540,105077,105223,0.0017265923845551673,0,R128,False,True,1,0.0017280846631383033,1,block_16,frozen
2013-wimbledon-1133,2013-540,104745,104327,0.9995003329303409,0,R128,False,True,1,7.601568542007577,0,block_16,frozen
2013-wimbledon-1140,2013-540,103720,104527,0.1846970640329995,1,R128,False,True,1,1.689038287772263,0,block_16,frozen
2013-wimbledon-1141,2013-540,104597,105132,0.9686390414758923,1,R128,False,True,1,0.031863242705875594,1,block_16,frozen
2013-wimbledon-1144,2013-540,106378,105668,0.03415301417595362,0,R128,False,False,1,0.03474985708425518,1,block_16,frozen
2013-wimbledon-1145,2013-540,104926,103781,0.6779779965264142,0,R128,False,True,1,1.1331354020034745,0,block_16,frozen
2013-wimbledon-1147,2013-540,104297,104660,0.42379420297183135,0,R128,False,True,1,0.5512903955906338,1,block_16,frozen
2013-wimbledon-1148,2013-540,103812,103819,0.00029924313707526713,0,R128,False,True,1,0.00029928791923686964,1,block_16,frozen
2013-wimbledon-1149,2013-540,104542,105676,0.7570721245458403,1,R128,False,True,1,0.27829675327234993,1,block_16,frozen
2013-wimbledon-1156,2013-540,104571,105227,0.24118347606240143,0,R128,False,True,1,0.27599526475142394,1,block_16,frozen
2013-wimbledon-1157,2013-540,104386,104678,0.8426266589097227,0,R128,False,True,1,1.8491343277993009,0,block_16,frozen
2013-wimbledon-1160,2013-540,104898,104022,0.29382375351870993,0,R128,False,True,1,0.3478904317356587,1,block_16,frozen
2013-wimbledon-1163,2013-540,104868,104229,0.8899238175549622,0,R128,False,True,1,2.2065825852218834,0,block_16,frozen
2013-wimbledon-1164,2013-540,103794,104918,0.000996039002586957,0,R128,False,True,1,0.0009965353790685576,1,block_16,frozen
2013-wimbledon-1201,2013-540,104925,104035,0.9996526024503846,1,R64,False,True,1,0.0003474579061230485,1,block_16,frozen
2013-wimbledon-1204,2013-540,104499,103163,0.15257038807167866,0,R64,False,True,1,0.16554749694857945,1,block_16,frozen
2013-wimbledon-1205,2013-540,104755,104424,0.8329395911309696,1,R64,False,True,1,0.18279415909566812,1,block_16,frozen
2013-wimbledon-1206,2013-540,103484,106071,0.33517157884007054,0,R64,False,True,1,0.40822628491077834,1,block_16,frozen
2013-wimbledon-1208,2013-540,104978,104607,0.010972498965162038,0,R64,False,True,1,0.011033140835172523,1,block_16,frozen
2013-wimbledon-1209,2013-540,103970,105138,0.9992825965390875,1,R64,False,False,1,0.0007176609179164617,1,block_16,frozen
2013-wimbledon-1210,2013-540,105053,105238,0.4218922217721277,0,R64,False,True,1,0.5479949601703967,1,block_16,frozen
2013-wimbledon-1211,2013-540,105683,104997,0.8636536739298755,0,R64,False,True,1,1.9925571149004633,0,block_16,frozen
2013-wimbledon-1213,2013-540,105453,104919,0.8466058564276846,1,R64,False,True,1,0.166520033333976,1,block_16,frozen
2013-wimbledon-1215,2013-540,105777,104813,0.7340776304275867,0,R64,False,True,1,1.3245508565078337,0,block_16,frozen
2013-wimbledon-1216,2013-540,105028,105223,0.02481123562360759,0,R64,False,True,1,0.025124222234612692,1,block_16,frozen
2013-wimbledon-1219,2013-540,104545,105173,0.7069827261253039,0,R64,True,True,1,1.2275237164991184,0,block_16,frozen
2013-wimbledon-1220,2013-540,104460,103720,0.6186141806896848,1,R64,False,True,1,0.48027349515026047,1,block_16,frozen
2013-wimbledon-1221,2013-540,104597,105558,0.9905277804475161,1,R64,False,True,1,0.00951736634383858,1,block_16,frozen
2013-wimbledon-1222,2013-540,103285,105668,0.18402317232417603,0,R64,True,True,1,0.20336932187734352,1,block_16,frozen
2013-wimbledon-1224,2013-540,104660,103819,3.6137312803869784e-07,1,R64,False,True,1,14.833354816730692,0,block_16,frozen
2013-wimbledon-1225,2013-540,104542,105208,0.6331571721089851,0,R64,True,True,1,1.002821784535219,0,block_16,frozen
2013-wimbledon-1226,2013-540,104269,103898,0.4284493105784649,1,R64,False,True,1,0.8475828429744658,0,block_16,frozen
2013-wimbledon-1227,2013-540,104338,104330,0.913482341550776,1,R64,False,False,1,0.09049123389193539,1,block_16,frozen
2013-wimbledon-1230,2013-540,105577,104022,0.06013762797529759,0,R64,False,False,1,0.06202182717715725,1,block_16,frozen
2013-wimbledon-1231,2013-540,103990,103917,0.7320100130193915,1,R64,False,True,1,0.31196108612614226,1,block_16,frozen
2013-wimbledon-1232,2013-540,104229,104918,0.0007107607143888059,0,R64,False,True,1,0.0007110134245367571,1,block_16,frozen
2013-wimbledon-1301,2013-540,104925,104871,0.9989584781161034,1,R32,False,True,1,0.001042064644711502,1,block_16,frozen
2013-wimbledon-1302,2013-540,103852,103163,0.5410335891310506,0,R32,False,True,1,0.7787782505340516,0,block_16,frozen
2013-wimbledon-1303,2013-540,104755,106071,0.9580842200552815,0,R32,False,True,1,3.172092913294509,0,block_16,frozen
2013-wimbledon-1304,2013-540,104731,104607,0.1067480021388516,0,R32,False,True,1,0.11288654546074586,1,block_16,frozen
2013-wimbledon-1305,2013-540,103970,105238,0.9051121060516641,1,R32,False,True,1,0.09969646886373587,1,block_16,frozen
2013-wimbledon-1306,2013-540,104997,104471,0.88275059643036,0,R32,True,True,1,2.1434519584947846,0,block_16,frozen
2013-wimbledon-1308,2013-540,104813,105223,0.023139230019402594,0,R32,False,True,1,0.02341114479096115,1,block_16,frozen
2013-wimbledon-1309,2013-540,103997,105332,0.7094170708110616,1,R32,False,True,1,0.3433116732007334,1,block_16,frozen
2013-wimbledon-1311,2013-540,104597,105668,0.6065214437016044,0,R32,False,True,1,0.9327287074039948,0,block_16,frozen
2013-wimbledon-1312,2013-540,103781,104660,0.9847067892879493,1,R32,False,True,1,0.015411357974096016,1,block_16,frozen
2013-wimbledon-1313,2013-540,105208,104269,0.8391769540470528,0,R32,False,True,1,1.8274506119037823,0,block_16,frozen
2013-wimbledon-1314,2013-540,104338,104932,0.6610447715004165,0,R32,False,True,1,1.0818872496463703,0,block_16,frozen
2013-wimbledon-1315,2013-540,104678,104022,0.46766126647838324,0,R32,False,True,1,0.630475275112956,1,block_16,frozen
2013-wimbledon-1316,2013-540,103990,104918,0.014331909115130815,0,R32,False,True,1,0.014435602869964075,1,block_16,frozen
2013-wimbledon-1401,2013-540,104925,103163,0.9973509609883636,1,R16,False,True,1,0.0026525539242783537,1,block_16,frozen
2013-wimbledon-1402,2013-540,106071,104607,0.033246118355910875,0,R16,False,True,1,0.0338113333550394,1,block_16,frozen
2013-wimbledon-1403,2013-540,103970,104471,0.9999642666035456,1,R16,False,True,1,3.573403490737211e-05,1,block_16,frozen
2013-wimbledon-1404,2013-540,104312,105223,0.19641936131958415,0,R16,False,True,1,0.21867773956154968,1,block_16,frozen
2013-wimbledon-1406,2013-540,105668,103781,0.8439864047699981,1,R16,False,True,1,0.16961889260833599,1,block_16,frozen
2013-wimbledon-1407,2013-540,104269,104932,0.5491803939060982,1,R16,False,True,1,0.5993283050953727,1,block_16,frozen
2013-wimbledon-1408,2013-540,104022,104918,0.014989480367890499,0,R16,False,True,1,0.015102958037524351,1,block_16,frozen
2013-wimbledon-1501,2013-540,104925,104607,0.9201323830121197,1,QF,False,True,1,0.08323772471249184,1,block_16,frozen
2013-wimbledon-1502,2013-540,103970,105223,0.7638461836409407,0,QF,False,True,1,1.443271922029289,0,block_16,frozen
2013-wimbledon-1503,2013-540,103997,105668,0.2105449780861416,0,QF,False,True,1,0.23641241725274648,1,block_16,frozen
2013-wimbledon-1504,2013-540,104269,104918,0.0056490248574105105,0,QF,False,True,1,0.005665040943656687,1,block_16,frozen
2013-wimbledon-1601,2013-540,104925,105223,0.9616101408659677,1,SF,False,True,1,0.039146169431127135,1,block_16,frozen
2013-wimbledon-1602,2013-540,105668,104918,0.060899211928065425,0,SF,False,True,1,0.0628324699940546,1,block_16,frozen
2013-wimbledon-1701,2013-540,104925,104918,0.8068205199712937,0,F,False,True,1,1.6441355738760512,0,block_16,frozen
2013-usopen-1101,2013-560,104925,105575,0.9999789754585128,1,R128,False,True,1,2.1024762505994804e-05,1,block_16,frozen
2013-usopen-1105,2013-560,105332,104166,0.5437170722737561,0,R128,False,True,1,0.7846422063307001,0,block_16,frozen
2013-usopen-1106,2013-560,105065,105902,0.020930290538640907,1,R128,False,True,1,3.866557861175716,0,block_16,frozen
2013-usopen-1108,2013-560,104330,104926,0.06731063027473035,1,R128,False,False,1,2.6984371012426904,0,block_16,frozen
2013-usopen-1109,2013-560,103163,103908,0.619142500500836,1,R128,False,True,1,0.47941982196672683,1,block_16,frozen
2013-usopen-1115,2013-560,103720,104548,0.53860251377521,1,R128,False,True,1,0.6187774313760017,1,block_16,frozen
2013-usopen-1116,2013-560,104198,105223,0.014876997544118635,0,R128,False,True,1,0.014988770016628312,1,block_16,frozen
2013-usopen-1117,2013-560,104918,103566,0.9972924473116791,1,R128,False,True,1,0.0027112247387786536,1,block_16,frozen
2013-usopen-1119,2013-560,105385,105373,0.15433406016326578,1,R128,False,True,1,1.8686358040938984,0,block_16,frozen
2013-usopen-1122,2013-560,105041,104500,0.5867162060311981,0,R128,False,True,1,0.8836207695354308,0,block_16,frozen
2013-usopen-1123,2013-560,104735,105449,0.760757673695259,1,R128,False,True,1,0.27344040324277336,1,block_16,frozen
2013-usopen-1125,2013-560,104527,103285,0.9012642263279695,1,R128,False,True,1,0.10395680540024461,1,block_16,frozen
2013-usopen-1126,2013-560,103484,103333,0.10346422286919513,0,R128,False,True,1,0.10921707916959332,1,block_16,frozen
2013-usopen-1127,2013-560,104571,104424,0.4574575167287028,1,R128,False,True,1,0.7820712581876743,0,block_16,frozen
2013-usopen-1128,2013-560,104978,104731,0.10918238269615163,0,R128,False,True,1,0.11561556684809106,1,block_16,frozen
2013-usopen-1132,2013-560,103893,104607,0.00031537675479083815,0,R128,False,True,1,0.0003154264964980964,1,block_16,frozen
2013-usopen-1133,2013-560,104755,103188,0.9882880293866783,1,R128,False,True,1,0.011781096000907803,1,block_16,frozen
2013-usopen-1138,2013-560,104932,105614,0.5654629971472327,0,R128,False,True,1,0.8334741759861499,0,block_16,frozen
2013-usopen-1140,2013-560,105341,105683,0.04654954646215789,0,R128,False,False,1,0.047667818020831816,1,block_16,frozen
2013-usopen-1141,2013-560,105668,104216,0.9753163441065325,0,R128,False,False,1,3.70161395908931,0,block_16,frozen
2013-usopen-1142,2013-560,106058,104332,0.5891253010600181,1,R128,True,True,1,0.5291163827092734,1,block_16,frozen
2013-usopen-1144,2013-560,104655,104386,0.006201188885141641,0,R128,True,False,1,0.006220496116847796,1,block_16,frozen
2013-usopen-1148,2013-560,106401,103970,0.0003060411036180212,0,R128,False,False,1,0.000306087943753488,1,block_16,frozen
2013-usopen-1149,2013-560,103819,104813,0.9997619062953602,1,R128,False,True,1,0.00023812205344575106,1,block_16,frozen
2013-usopen-1150,2013-560,105053,104122,0.8846349569009189,0,R128,False,True,1,2.1596538902162,0,block_16,frozen
2013-usopen-1152,2013-560,105550,105023,0.05765774941748013,0,R128,False,False,1,0.05938674705570654,1,block_16,frozen
2013-usopen-1153,2013-560,103990,104594,0.4981435182686537,1,R128,False,True,1,0.6968670541815569,0,block_16,frozen
2013-usopen-1155,2013-560,105077,106071,0.057755745448423074,0,R128,False,True,1,0.05949074443737547,1,block_16,frozen
2013-usopen-1156,2013-560,105554,105453,0.029831406849507417,1,R128,False,False,1,3.5121935193313307,0,block_16,frozen
2013-usopen-1157,2013-560,104545,103835,0.9562917005289402,1,R128,False,True,1,0.044692286395932604,1,block_16,frozen
2013-usopen-1158,2013-560,104494,104792,0.7245754491453017,0,R128,False,True,1,1.2894415504927532,0,block_16,frozen
2013-usopen-1160,2013-560,123768,104259,0.02594951745317224,0,R128,False,False,1,0.026292146552523436,1,block_16,frozen
2013-usopen-1161,2013-560,104269,104471,0.9816765139789831,0,R128,False,True,1,3.9995716528480423,0,block_16,frozen
2013-usopen-1164,2013-560,105992,104745,0.0007247673992508128,0,R128,False,True,1,0.0007250301701151632,1,block_16,frozen
2013-usopen-1201,2013-560,104925,103794,0.9999771033362668,1,R64,False,True,1,2.289692586583589e-05,1,block_16,frozen
2013-usopen-1203,2013-560,104166,105065,0.9648102150007523,0,R64,False,True,1,3.346999437378938,0,block_16,frozen
2013-usopen-1204,2013-560,104719,104330,0.40544342242501025,1,R64,False,False,1,0.902773940623619,0,block_16,frozen
2013-usopen-1205,2013-560,103163,104229,0.900185757484921,1,R64,False,True,1,0.10515413974933134,1,block_16,frozen
2013-usopen-1208,2013-560,103720,105223,0.09741169217561302,1,R64,False,True,1,2.328809032667446,0,block_16,frozen
2013-usopen-1209,2013-560,104918,104919,0.9984438281932264,1,R64,False,True,1,0.0015573838997661878,1,block_16,frozen
2013-usopen-1210,2013-560,105385,104252,0.040120134942574576,0,R64,False,True,1,0.040947142916170805,1,block_16,frozen
2013-usopen-1211,2013-560,104312,104500,0.9641379965644038,1,R64,False,True,1,0.03652084465349522,1,block_16,frozen
2013-usopen-1213,2013-560,104527,103333,0.601809657686998,1,R64,False,True,1,0.5078140669139662,1,block_16,frozen
2013-usopen-1214,2013-560,104571,104731,0.5579749562467313,1,R64,False,True,1,0.5834411988862801,1,block_16,frozen
2013-usopen-1215,2013-560,103898,104871,0.5756010048509371,1,R64,False,True,1,0.5523405582252481,1,block_16,frozen
2013-usopen-1216,2013-560,106045,104607,0.001338336778175761,0,R64,False,False,1,0.001339233150696471,1,block_16,frozen
2013-usopen-1217,2013-560,104755,103565,0.9997059599393665,1,R64,False,True,1,0.0002940832988881827,1,block_16,frozen
2013-usopen-1219,2013-560,103852,105614,0.8484455691606065,1,R64,False,True,1,0.16434934585213812,1,block_16,frozen
2013-usopen-1220,2013-560,104665,105683,0.10818754429232545,0,R64,False,True,1,0.11449941995685747,1,block_16,frozen
2013-usopen-1221,2013-560,104216,106058,0.05954204450286441,0,R64,False,False,1,0.06138833565591629,1,block_16,frozen
2013-usopen-1224,2013-560,105138,103970,0.0003060411036180212,0,R64,False,False,1,0.000306087943753488,1,block_16,frozen
2013-usopen-1225,2013-560,103819,104122,0.9998514705227134,1,R64,False,True,1,0.00014854050888177722,1,block_16,frozen
2013-usopen-1226,2013-560,105173,105023,0.2766019679422257,1,R64,False,True,1,1.2851757450182002,0,block_16,frozen
2013-usopen-1227,2013-560,103990,104433,0.9887631787581604,1,R64,False,True,1,0.011300431282995722,1,block_16,frozen
2013-usopen-1228,2013-560,106071,105554,0.8629108472837972,0,R64,False,False,1,1.9871238150465136,0,block_16,frozen
2013-usopen-1229,2013-560,104545,104792,0.35247693067415486,1,R64,False,True,1,1.0427701037674388,0,block_16,frozen
2013-usopen-1230,2013-560,104273,104259,0.13695845668402862,0,R64,False,True,1,0.1472924508001088,1,block_16,frozen
2013-usopen-1232,2013-560,104297,104745,7.507661740857618e-08,0,R64,False,True,1,7.507662022682557e-08,1,block_16,frozen
2013-usopen-1301,2013-560,104925,105311,0.9999973824324088,1,R32,False,False,1,2.6175710170703524e-06,1,block_16,frozen
2013-usopen-1302,2013-560,105065,104719,0.19945498444629994,0,R32,False,True,1,0.22246251383076615,1,block_16,frozen
2013-usopen-1303,2013-560,103163,104022,0.543583524315167,0,R32,False,True,1,0.78434956242397,0,block_16,frozen
2013-usopen-1304,2013-560,105539,103720,0.08485934761457042,0,R32,False,False,1,0.08867750706606528,1,block_16,frozen
2013-usopen-1305,2013-560,104918,104252,0.9480708954277598,1,R32,False,True,1,0.053325995316816935,1,block_16,frozen
2013-usopen-1306,2013-560,104312,104797,0.5797058023287303,0,R32,False,True,1,0.8668003422739017,0,block_16,frozen
2013-usopen-1307,2013-560,104527,104571,0.7050473854960647,1,R32,False,True,1,0.3494902649589971,1,block_16,frozen
2013-usopen-1308,2013-560,103898,104607,0.038141084885309796,0,R32,False,True,1,0.03888749695668717,1,block_16,frozen
2013-usopen-1309,2013-560,104755,104098,0.9985030638223655,1,R32,True,True,1,0.0014980577059717144,1,block_16,frozen
2013-usopen-1310,2013-560,103852,105683,0.47906738434763685,0,R32,False,True,1,0.6521345821532278,1,block_16,frozen
2013-usopen-1311,2013-560,106058,104386,0.19513840699360013,0,R32,False,True,1,0.21708495049948523,1,block_16,frozen
2013-usopen-1312,2013-560,105062,103970,0.033815039871853574,0,R32,False,True,1,0.03439999298572864,1,block_16,frozen
2013-usopen-1313,2013-560,103819,105173,0.9993475465729897,1,R32,False,True,1,0.0006526663673749513,1,block_16,frozen
2013-usopen-1314,2013-560,103990,105554,0.8904133438831303,1,R32,False,False,1,0.11606949274144103,1,block_16,frozen
2013-usopen-1315,2013-560,104545,104259,0.4265875102431559,0,R32,False,True,1,0.5561499438432607,1,block_16,frozen
2013-usopen-1316,2013-560,104471,104745,4.6868112119506346e-08,0,R32,False,True,1,4.686811321781635e-08,1,block_16,frozen
2013-usopen-1401,2013-560,104925,104719,0.9999985290713116,1,R16,False,True,1,1.4709297702240332e-06,1,block_16,frozen
2013-usopen-1402,2013-560,104022,103720,0.5904013828355552,1,R16,False,True,1,0.5269526634974736,1,block_16,frozen
2013-usopen-1403,2013-560,104918,104797,0.9874585015187759,1,R16,False,True,1,0.01262080686833862,1,block_16,frozen
2013-usopen-1404,2013-560,104527,104607,0.21746511269600466,1,R16,False,True,1,1.525716842716758,0,block_16,frozen
2013-usopen-1405,2013-560,104755,105683,0.8321271485772319,1,R16,False,True,1,0.1837700270279714,1,block_16,frozen
2013-usopen-1406,2013-560,104386,103970,0.1779820791295167,0,R16,False,True,1,0.19599308261800724,1,block_16,frozen
2013-usopen-1407,2013-560,103819,103990,0.9951292122043606,0,R16,False,True,1,5.324499589951825,0,block_16,frozen
2013-usopen-1408,2013-560,104259,104745,0.005235025800772734,0,R16,False,True,1,0.005248776559719918,1,block_16,frozen
2013-usopen-1501,2013-560,104925,104022,0.9991688245399903,1,QF,False,True,1,0.0008315210778583071,1,block_16,frozen
2013-usopen-1502,2013-560,104918,104527,0.9332510480259186,0,QF,False,True,1,2.706816682587862,0,block_16,frozen
2013-usopen-1503,2013-560,104755,103970,0.3014987481778589,1,QF,False,True,1,1.198989414804084,0,block_16,frozen
2013-usopen-1504,2013-560,103990,104745,0.0010167542042314028,0,QF,False,True,1,0.0010172714494245199,1,block_16,frozen
2013-usopen-1601,2013-560,104925,104527,0.9908179892138025,1,SF,False,True,1,0.009224425280440715,1,block_16,frozen
2013-usopen-1602,2013-560,104755,104745,0.050718891092912305,0,SF,False,True,1,0.052050308316528356,1,block_16,frozen
2013-usopen-1701,2013-560,104925,104745,0.5011119637307737,0,F,False,True,1,0.6953735846207025,0,block_16,frozen
2013-ausopen-1101,2013-580,104925,103908,0.999245331097978,1,R128,False,True,1,0.0007549538079466451,1,block_16,online
2013-ausopen-1102,2013-580,105992,105053,0.3379064730330182,1,R128,False,True,1,1.0849861287924694,0,block_16,online
2013-ausopen-1105,2013-580,105023,103926,0.9457444460711343,1,R128,False,False,1,0.05578288799892022,1,block_16,online
2013-ausopen-1109,2013-580,104338,105723,0.9292254957746614,0,R128,False,False,1,2.6482564529491732,0,block_16,online
2013-ausopen-1110,2013-580,104731,103893,0.9706993180234496,1,R128,False,True,1,0.029738520825808724,1,block_16,online
2013-ausopen-1112,2013-580,105676,104269,0.7761419775384473,0,R128,False,True,1,1.4967432563778096,0,block_16,online
2013-ausopen-1116,2013-580,103188,104607,0.008031379375209799,0,R128,False,True,1,0.008063804632267569,1,block_16,online
2013-ausopen-1117,2013-580,103970,103694,0.9999988543774824,1,R128,False,True,1,1.145623173854708e-06,1,block_16,online
2013-ausopen-1119,2013-580,105357,105147,0.8136145385652161,0,R128,False,False,1,1.6799383763670461,0,block_16,online
2013-ausopen-1120,2013-580,105077,104571,0.008576044884997986,0,R128,False,True,1,0.008613030771501785,1,block_16,online
2013-ausopen-1121,2013-580,104022,105051,0.5716974914384145,1,R128,False,True,1,0.5591452886203611,1,block_16,online
2013-ausopen-1124,2013-580,103812,105453,0.020441164300300983,0,R128,False,True,1,0.0206529763267651,1,block_16,online
2013-ausopen-1125,2013-580,104597,105449,0.9506906697055488,1,R128,False,True,1,0.05056653779642634,1,block_16,online
2013-ausopen-1128,2013-580,104620,105668,0.3141338208886265,0,R128,False,True,1,0.3770727444673661,1,block_16,online
2013-ausopen-1132,2013-580,103720,104386,0.11912242871654387,0,R128,False,True,1,0.12683662832861778,1,block_16,online
2013-ausopen-1133,2013-580,105223,105173,0.9548961425862387,1,R128,False,True,1,0.046152695633847586,1,block_16,online
2013-ausopen-1140,2013-580,104594,105227,0.10571505545398499,0,R128,False,True,1,0.1117308246749697,1,block_16,online
2013-ausopen-1141,2013-580,104468,103835,0.975482450973242,1,R128,False,True,1,0.024823108857065852,1,block_16,online
2013-ausopen-1144,2013-580,104792,105238,0.5574420834958201,1,R128,False,True,1,0.5843966671505507,1,block_16,online
2013-ausopen-1148,2013-580,104898,104918,0.0020954361912639513,0,R128,False,True,1,0.002097634689425083,1,block_16,online
2013-ausopen-1149,2013-580,104542,103566,0.9442848727296753,1,R128,False,True,1,0.057327386401233936,1,block_16,online
2013-ausopen-1150,2013-580,104424,106291,0.972837510956481,1,R128,False,False,1,0.027538208731077013,1,block_16,online
2013-ausopen-1151,2013-580,105902,106093,0.878423835901924,1,R128,False,True,1,0.12962607300541232,1,block_16,online
2013-ausopen-1153,2013-580,103163,103813,0.8999183512737035,0,R128,False,True,1,2.301768938875479,0,block_16,online
2013-ausopen-1154,2013-580,104471,105842,0.12739692842997208,1,R128,False,False,1,2.0604476457895666,0,block_16,online
2013-ausopen-1156,2013-580,103656,104755,0.043477258440168046,0,R128,False,True,1,0.04445071457701321,1,block_16,online
2013-ausopen-1157,2013-580,105683,104225,0.785214550829469,1,R128,False,True,1,0.2417982853844066,1,block_16,online
2013-ausopen-1160,2013-580,104327,104259,0.11170835726225124,0,R128,False,True,1,0.11845516340367268,1,block_16,online
2013-ausopen-1162,2013-580,106071,104919,0.6445595713330503,1,R128,False,True,1,0.43918803056701966,1,block_16,online
2013-ausopen-1164,2013-580,105332,103819,0.00014818252016986043,0,R128,False,True,1,0.00014819350028422312,1,block_16,online
2013-ausopen-1201,2013-580,104925,105992,0.9988892352297759,1,R64,False,True,1,0.0011113821266123044,1,block_16,online
2013-ausopen-1202,2013-580,103852,103285,0.7616186341903277,0,R64,False,True,1,1.4338835103959042,0,block_16,online
2013-ausopen-1203,2013-580,105023,104548,0.6554605969900713,1,R64,True,True,1,0.42241708896566066,1,block_16,online
2013-ausopen-1204,2013-580,104735,104527,0.09980936174672071,0,R64,True,True,1,0.10514871780715321,1,block_16,online
2013-ausopen-1205,2013-580,105723,104731,0.9965955530045104,0,R64,False,False,1,5.682672762118366,0,block_16,online
2013-ausopen-1206,2013-580,103598,104269,0.6745079695284254,0,R64,False,True,1,1.1224173015915462,0,block_16,online
2013-ausopen-1208,2013-580,105558,104607,0.0004501458779754728,0,R64,False,True,1,0.00045024722404602037,1,block_16,online
2013-ausopen-1209,2013-580,103970,105065,0.9999934635751,1,R64,False,True,1,6.5364462625238265e-06,1,block_16,online
2013-ausopen-1210,2013-580,105147,104571,0.007009369726168654,0,R64,False,True,1,0.007034050758086568,1,block_16,online
2013-ausopen-1212,2013-580,104122,105453,0.1223251992399641,0,R64,False,True,1,0.13047914033508815,1,block_16,online
2013-ausopen-1213,2013-580,104597,104593,0.9987034933086164,1,R64,False,True,1,0.0012973478833365995,1,block_16,online
2013-ausopen-1214,2013-580,104500,105668,0.00583490339391734,0,R64,False,True,1,0.005851992952432516,1,block_16,online
2013-ausopen-1215,2013-580,103898,104273,0.6681330282839139,1,R64,False,True,1,0.40326798113445733,1,block_16,online
2013-ausopen-1216,2013-580,105041,104386,0.014314186941104593,0,R64,False,True,1,0.014417623171857871,1,block_16,online
2013-ausopen-1217,2013-580,105223,103794,0.9876830207705722,1,R64,False,True,1,0.01239346189054367,1,block_16,online
2013-ausopen-1218,2013-580,104871,104719,0.8858034222601352,1,R64,False,True,1,0.1212602240322983,1,block_16,online
2013-ausopen-1220,2013-580,104330,105227,0.004878020934465113,0,R64,False,False,1,0.004889957311669376,1,block_16,online
2013-ausopen-1221,2013-580,104468,105028,0.8598858837434733,1,R64,False,True,1,0.15095559186066398,1,block_16,online
2013-ausopen-1222,2013-580,104229,104792,0.019377989320732245,0,R64,False,True,1,0.019568203882642233,1,block_16,online
2013-ausopen-1223,2013-580,104252,105575,0.9488091272781749,0,R64,False,True,1,2.972194029980006,0,block_16,online
2013-ausopen-1224,2013-580,105311,104918,6.34263162349749e-05,0,R64,False,False,1,6.342832776882704e-05,1,block_16,online
2013-ausopen-1225,2013-580,104542,104424,0.762042441494141,1,R64,False,True,1,0.27175302734766615,1,block_16,online
2013-ausopen-1226,2013-580,105902,104882,0.15537055231306116,0,R64,False,True,1,0.16885727125189884,1,block_16,online
2013-ausopen-1228,2013-580,104268,104755,0.06658514714641542,0,R64,False,True,1,0.06890553295794548,1,block_16,online
2013-ausopen-1230,2013-580,104804,104259,0.01988153315399626,0,R64,False,False,1,0.020081830086727773,1,block_16,online
2013-ausopen-1231,2013-580,104978,106071,0.14757384297676784,0,R64,False,True,1,0.1596686929037227,1,block_16,online
2013-ausopen-1232,2013-580,103786,103819,0.0006124618661702307,0,R64,False,True,1,0.0006126494975542769,1,block_16,online
2013-ausopen-1301,2013-580,104925,103285,0.9994145671392501,1,R32,False,True,1,0.0005856042934785804,1,block_16,online
2013-ausopen-1302,2013-580,105023,104527,0.26593614573469815,0,R32,False,True,1,0.30915925923960397,1,block_16,online
2013-ausopen-1303,2013-580,104731,104269,0.571925530537243,1,R32,False,True,1,0.5587464874464272,1,block_16,online
2013-ausopen-1304,2013-580,103781,104607,0.015729579706572364,0,R32,False,True,1,0.01585460231389082,1,block_16,online
2013-ausopen-1305,2013-580,103970,104571,0.9753732592644246,1,R32,False,True,1,0.02493505123020848,1,block_16,online
2013-ausopen-1306,2013-580,105539,105453,0.026266843258734247,0,R32,False,False,1,0.026617979259985183,1,block_16,online
2013-ausopen-1307,2013-580,104597,105668,0.6922568511892511,1,R32,False,True,1,0.36779821999304024,1,block_16,online
2013-ausopen-1308,2013-580,103898,104386,0.13319557010755406,0,R32,False,True,1,0.14294189870488205,1,block_16,online
2013-ausopen-1309,2013-580,105223,104871,0.944483914694384,0,R32,False,True,1,2.89108247489458,0,block_16,online
2013-ausopen-1310,2013-580,104312,105227,0.21036792011352956,1,R32,False,True,1,1.5588972806867587,0,block_16,online
2013-ausopen-1311,2013-580,104468,104792,0.32255245510991165,1,R32,False,True,1,1.1314895044690294,0,block_16,online
2013-ausopen-1312,2013-580,105575,104918,0.7004818451227686,0,R32,False,True,1,1.205580245977538,0,block_16,online
2013-ausopen-1313,2013-580,104542,104882,0.8132673572160263,1,R32,False,True,1,0.2066953708302733,1,block_16,online
2013-ausopen-1314,2013-580,104471,104755,3.191332762242435e-05,0,R32,False,True,1,3.191383686349874e-05,1,block_16,online
2013-ausopen-1315,2013-580,105683,104259,0.4678802189798692,1,R32,False,True,1,0.7595429581740303,0,block_16,online
2013-ausopen-1316,2013-580,106071,103819,0.0022778584907480045,0,R32,False,True,1,0.002280456756804755,1,block_16,online
2013-ausopen-1401,2013-580,104925,104527,0.9920756017709413,1,R16,False,True,1,0.007955963138567756,1,block_16,online
2013-ausopen-1402,2013-580,104731,104607,0.13012130998305238,0,R16,False,True,1,0.1394015138178459,1,block_16,online
2013-ausopen-1403,2013-580,103970,105453,0.9408320259401095,1,R16,False,True,1,0.06099066123932484,1,block_16,online
2013-ausopen-1404,2013-580,104597,104386,0.5272668023891881,1,R16,True,True,1,0.6400485921572223,1,block_16,online
2013-ausopen-1405,2013-580,104871,104312,0.30768018097459116,1,R16,False,True,1,1.1786944089508915,0,block_16,online
2013-ausopen-1406,2013-580,104468,104918,0.006688020779589564,0,R16,False,True,1,0.006710485810986661,1,block_16,online
2013-ausopen-1407,2013-580,104542,104755,0.3654249120298172,1,R16,False,True,1,1.0066944599407024,0,block_16,online
2013-ausopen-1408,2013-580,105683,103819,0.045180273249176964,0,R16,False,True,1,0.04623272412047576,1,block_16,online
2013-ausopen-1501,2013-580,104925,104607,0.916783288990652,1,QF,False,True,1,0.08688416072852294,1,block_16,online
2013-ausopen-1502,2013-580,103970,104597,0.7844099096441279,1,QF,False,True,1,0.24282355133315825,1,block_16,online
2013-ausopen-1503,2013-580,104871,104918,0.018793922504645295,0,QF,False,True,1,0.01897277267553115,1,block_16,online
2013-ausopen-1504,2013-580,104542,103819,0.08270659189873936,0,QF,False,True,1,0.08632789268960012,1,block_16,online
2013-ausopen-1601,2013-580,104925,103970,0.8847180227133078,1,SF,False,True,1,0.12248630314687733,1,block_16,online
2013-ausopen-1602,2013-580,104918,103819,0.36657807061567693,1,SF,False,True,1,1.00354376365356,0,block_16,online
2013-ausopen-1701,2013-580,104925,104918,0.7905252928731503,1,F,False,True,1,0.2350576268000069,1,block_16,online
2013-frenchopen-1101,2013-520,104925,105676,0.9990462504106276,1,R128,False,True,1,0.000954204697908121,1,block_16,online
2013-frenchopen-1103,2013-520,104864,106298,0.30733474635220975,0,R128,False,False,1,0.36720843596265873,1,block_16,online
2013-frenchopen-1106,2013-520,106071,103812,0.8794606752007076,0,R128,True,True,1,2.1157792324088938,0,block_16,online
2013-frenchopen-1108,2013-520,106210,104259,0.028524404525025235,0,R128,False,False,1,0.028939130938246797,1,block_16,online
2013-frenchopen-1109,2013-520,103163,105558,0.9658580712985632,1,R128,False,True,1,0.03473837968559535,1,block_16,online
2013-frenchopen-1110,2013-520,106058,104198,0.8756856597031338,1,R128,False,True,1,0.13274808839809948,1,block_16,online
2013-frenchopen-1112,2013-520,104122,104545,0.10199146594420883,0,R128,False,True,1,0.107575707322209,1,block_16,online
2013-frenchopen-1115,2013-520,104269,102967,0.9860751930622074,1,R128,False,True,1,0.014022666575024061,1,block_16,online
2013-frenchopen-1116,2013-520,103917,104386,0.04679453146326129,0,R128,False,True,1,0.04792479674427661,1,block_16,online
2013-frenchopen-1117,2013-520,104745,104978,0.9997635723765926,1,R128,False,True,1,0.00023645557682397986,1,block_16,online
2013-frenchopen-1121,2013-520,105332,104571,0.19622163112753976,1,R128,False,True,1,1.6285104875327947,0,block_16,online
2013-frenchopen-1122,2013-520,103997,105270,0.953044751519291,1,R128,False,True,1,0.048093417858270524,1,block_16,online
2013-frenchopen-1124,2013-520,105028,105453,0.12354303111129775,0,R128,False,True,1,0.13186767007734806,1,block_16,online
2013-frenchopen-1125,2013-520,104527,105217,0.9555444005577722,1,R128,False,True,1,0.045474047979786596,1,block_16,online
2013-frenchopen-1128,2013-520,105077,105668,0.13751740675815532,0,R128,False,True,1,0.14794031202886235,1,block_16,online
2013-frenchopen-1129,2013-520,104252,104797,0.6581939918718211,0,R128,True,True,1,1.0735119305494052,0,block_16,online
2013-frenchopen-1130,2013-520,103722,103786,0.23433639158343603,0,R128,False,True,1,0.267012359200866,1,block_16,online
2013-frenchopen-1132,2013-520,104660,104755,7.89842636757096e-06,0,R128,False,True,1,7.898457560304752e-06,1,block_16,online
2013-frenchopen-1133,2013-520,104607,104792,0.8801960271812872,0,R128,False,True,1,2.121898431757877,0,block_16,online
2013-frenchopen-1134,2013-520,105208,104297,0.9988917977569005,1,R128,False,True,1,0.0011088167532482616,1,block_16,online
2013-frenchopen-1137,2013-520,104312,104919,0.9430991597692138,1,R128,False,True,1,0.05858384835707846,1,block_16,online
2013-frenchopen-1138,2013-520,104882,105902,0.6314864901846028,1,R128,False,True,1,0.4596787306356268,1,block_16,online
2013-frenchopen-1139,2013-520,104651,104273,0.22316593278144126,0,R128,False,False,1,0.2525285071240264,1,block_16,online
2013-frenchopen-1140,2013-520,104890,104597,0.0009679765900166436,0,R128,False,True,1,0.0009684453819001816,1,block_16,online
2013-frenchopen-1141,2013-520,105683,103598,0.7936563898576117,1,R128,False,True,1,0.23110466976765567,1,block_16,online
2013-frenchopen-1142,2013-520,104327,103566,0.2836322364125702,0,R128,False,True,1,0.33356160759216813,1,block_16,online
2013-frenchopen-1144,2013-520,105011,104731,0.0027455964701761934,0,R128,False,True,1,0.0027493725334457523,1,block_16,online
2013-frenchopen-1145,2013-520,104719,103852,0.03445521112481356,0,R128,False,True,1,0.035062788883266374,1,block_16,online
2013-frenchopen-1146,2013-520,105311,104424,0.17355944717735516,1,R128,False,False,1,1.7512351032532159,0,block_16,online
2013-frenchopen-1148,2013-520,104594,103970,0.01798118374723904,0,R128,False,True,1,0.01814480965771932,1,block_16,online
2013-frenchopen-1149,2013-520,104542,105379,0.9974734251943197,1,R128,False,False,1,0.002529771982210488,1,block_16,online
2013-frenchopen-1150,2013-520,103813,103908,0.2537758645717718,1,R128,False,True,1,1.3713038244736988,0,block_16,online
2013-frenchopen-1152,2013-520,103794,104871,0.08393818561339875,0,R128,False,True,1,0.08767143363007408,1,block_16,online
2013-frenchopen-1154,2013-520,104678,103484,0.8281548549821136,1,R128,False,True,1,0.18855511915822643,1,block_16,online
2013-frenchopen-1156,2013-520,104332,105227,0.12943949309570396,0,R128,False,True,1,0.13861801397087217,1,block_16,online
2013-frenchopen-1157,2013-520,104468,103720,0.5594319920586195,1,R128,False,True,1,0.5808333098985068,1,block_16,online
2013-frenchopen-1158,2013-520,105173,104655,0.5065120337401123,0,R128,False,False,1,0.7062568048843515,0,block_16,online
2013-frenchopen-1160,2013-520,105041,105023,0.26479315859696756,0,R128,False,True,1,0.3076034024847276,1,block_16,online
2013-frenchopen-1161,2013-520,103898,105575,0.018906760570625947,1,R128,False,True,1,3.9682357187271813,0,block_16,online
2013-frenchopen-1163,2013-520,104500,103926,0.7457281969547046,1,R128,False,False,1,0.29339409241466485,1,block_16,online
2013-frenchopen-1164,2013-520,105807,103819,5.4404596046301985e-05,0,R128,False,False,1,5.440607603001632e-05,1,block_16,online
2013-frenchopen-1201,2013-520,104925,105550,0.9999971277431117,1,R64,False,False,1,2.872261013268752e-06,1,block_16,online
2013-frenchopen-1202,2013-520,106298,105777,0.5138666041678572,0,R64,False,False,1,0.7212722157226995,0,block_16,online
2013-frenchopen-1205,2013-520,103163,106058,0.2826414724980343,1,R64,False,True,1,1.2635760661442441,0,block_16,online
2013-frenchopen-1206,2013-520,105992,104545,0.36913372461908756,0,R64,False,True,1,0.46066136381157186,1,block_16,online
2013-frenchopen-1208,2013-520,104269,104386,0.23327152383979174,0,R64,False,True,1,0.26562254790417766,1,block_16,online
2013-frenchopen-1209,2013-520,104745,105373,0.999062153679159,1,R64,False,True,1,0.0009382863738580468,1,block_16,online
2013-frenchopen-1210,2013-520,104586,104926,0.47123873202338395,0,R64,False,True,1,0.637218238254644,1,block_16,online
2013-frenchopen-1211,2013-520,105332,103997,0.3716995945522058,1,R64,False,True,1,0.9896692924726226,0,block_16,online
2013-frenchopen-1212,2013-520,104813,105453,0.05464012193888497,0,R64,False,True,1,0.056189600638104555,1,block_16,online
2013-frenchopen-1213,2013-520,104527,104547,0.9949413872103431,1,R64,False,False,1,0.005071450884937323,1,block_16,online
2013-frenchopen-1215,2013-520,104797,103786,0.7190994230236633,0,R64,False,True,1,1.269754490846506,0,block_16,online
2013-frenchopen-1216,2013-520,104308,104755,0.0010529718851758037,0,R64,False,False,1,0.0010535266495396655,1,block_16,online
2013-frenchopen-1217,2013-520,104792,105208,0.61950423431244,1,R64,False,True,1,0.47883574288796954,1,block_16,online
2013-frenchopen-1219,2013-520,104312,104882,0.4125022900034332,1,R64,False,True,1,0.8855135216993366,0,block_16,online
2013-frenchopen-1220,2013-520,104273,104597,0.045266975041114044,0,R64,False,True,1,0.046323532601067904,1,block_16,online
2013-frenchopen-1221,2013-520,105683,103566,0.8534438862732151,1,R64,False,True,1,0.15847548434163866,1,block_16,online
2013-frenchopen-1224,2013-520,103656,103970,0.0032055460741368435,0,R64,False,True,1,0.0032106948429749824,1,block_16,online
2013-frenchopen-1225,2013-520,104542,103813,0.975374573266746,1,R64,False,True,1,0.02493370405216785,1,block_16,online
2013-frenchopen-1226,2013-520,105138,104871,0.04160753209035617,0,R64,False,False,1,0.04249791067766518,1,block_16,online
2013-frenchopen-1228,2013-520,106401,105227,0.0028849134307468464,0,R64,False,False,1,0.0028890828143028286,1,block_16,online
2013-frenchopen-1229,2013-520,104468,104655,0.6776478311312327,1,R64,False,False,1,0.38912754909893316,1,block_16,online
2013-frenchopen-1230,2013-520,104225,105023,0.04434941051418061,0,R64,False,True,1,0.04536292490892295,1,block_16,online
2013-frenchopen-1231,2013-520,103898,104735,0.6791505539841641,1,R64,False,True,1,0.3869124470117479,1,block_16,online
2013-frenchopen-1232,2013-520,104500,103819,0.0003245221952660208,0,R64,False,True,1,0.00032457486398871884,1,block_16,online
2013-frenchopen-1301,2013-520,104925,105777,0.9997562127712676,1,R32,False,True,1,0.00024381694966935175,1,block_16,online
2013-frenchopen-1302,2013-520,103812,104259,0.11435504087309992,0,R32,False,True,1,0.12143913202117655,1,block_16,online
2013-frenchopen-1303,2013-520,103163,104545,0.4116068263314469,1,R32,False,True,1,0.887686690292309,0,block_16,online
2013-frenchopen-1304,2013-520,104022,104386,0.23732355934948207,1,R32,False,True,1,1.4383308396025214,0,block_16,online
2013-frenchopen-1305,2013-520,104745,104926,0.9979999513084831,1,R32,False,True,1,0.002002051459769389,1,block_16,online
2013-frenchopen-1306,2013-520,105332,105453,0.1531504881419211,0,R32,False,True,1,0.16623227206593347,1,block_16,online
2013-frenchopen-1307,2013-520,104527,105668,0.8166107228561371,1,R32,False,True,1,0.2025927690830243,1,block_16,online
2013-frenchopen-1308,2013-520,103786,104755,0.08663901370753899,0,R32,False,True,1,0.09062409176392026,1,block_16,online
2013-frenchopen-1309,2013-520,104792,103990,0.8161776469877485,0,R32,False,True,1,1.6937854605016809,0,block_16,online
2013-frenchopen-1311,2013-520,105683,104731,0.6374040153073207,0,R32,False,True,1,1.0144660543777486,0,block_16,online
2013-frenchopen-1312,2013-520,103852,103970,0.02164372586998141,0,R32,False,True,1,0.021881386807755115,1,block_16,online
2013-frenchopen-1313,2013-520,104542,104871,0.8544284496596672,1,R32,False,True,1,0.1573225135079226,1,block_16,online
2013-frenchopen-1314,2013-520,104678,105227,0.1673120649787231,1,R32,False,True,1,1.787894557757404,0,block_16,online
2013-frenchopen-1315,2013-520,104468,105023,0.43609229045201736,1,R32,False,True,1,0.8299013826845048,0,block_16,online
2013-frenchopen-1316,2013-520,103898,103819,0.007846180247101892,0,R32,False,True,1,0.00787712348308355,1,block_16,online
2013-frenchopen-1401,2013-520,104925,104259,0.9951269184545577,1,R16,False,True,1,0.004884993722412802,1,block_16,online
2013-frenchopen-1402,2013-520,103163,104022,0.5297955709097719,1,R16,False,True,1,0.6352640621078175,1,block_16,online
2013-frenchopen-1403,2013-520,104745,105453,0.9946132844968032,1,R16,False,True,1,0.005401276168132723,1,block_16,online
2013-frenchopen-1404,2013-520,104527,104755,0.2875145235671218,1,R16,False,True,1,1.246481903265454,0,block_16,online
2013-frenchopen-1405,2013-520,103990,104597,0.6149211650938902,1,R16,False,True,1,0.48626120623145724,1,block_16,online
2013-frenchopen-1406,2013-520,104731,103970,0.13199224167647872,0,R16,False,True,1,0.14155462620099318,1,block_16,online
2013-frenchopen-1407,2013-520,104542,104678,0.817535926844349,1,R16,False,True,1,0.20146042996616617,1,block_16,online
2013-frenchopen-1408,2013-520,104468,103819,0.00540854753972783,0,R16,False,True,1,0.005423226685468912,1,block_16,online
2013-frenchopen-1501,2013-520,104925,103163,0.9936426868332758,1,QF,False,True,1,0.0063776069370302816,1,block_16,online
2013-frenchopen-1503,2013-520,103990,103970,0.22224427522204432,0,QF,False,True,1,0.2513427825397984,1,block_16,online
2013-frenchopen-1504,2013-520,104542,103819,0.16091286581193764,1,QF,False,True,1,1.8268922666396106,0,block_16,online
2013-frenchopen-1601,2013-520,104925,104745,0.5758266184169281,0,SF,False,True,1,0.857612988506698,0,block_16,online
2013-frenchopen-1602,2013-520,103970,104542,0.6298785312544091,1,SF,False,True,1,0.46222828571900454,1,block_16,online
2013-frenchopen-1701,2013-520,104745,103970,0.8215093331954325,1,F,False,True,1,0.1966119804063177,1,block_16,online
2013-wimbledon-1101,2013-540,104925,104252,0.9959683431707922,1,R128,False,True,1,0.00403980586772782,1,block_16,online
2013-wimbledon-1104,2013-540,105992,104871,0.3434229865902635,0,R128,False,True,1,0.42071528304141304,1,block_16,online
2013-wimbledon-1105,2013-540,104468,103852,0.6984528048793611,0,R128,False,True,1,1.1988287406683151,0,block_16,online
2013-wimbledon-1108,2013-540,104098,103163,0.01808166805989002,0,R128,False,True,1,0.018247139116511955,1,block_16,online
2013-wimbledon-1109,2013-540,104755,104719,0.9920734129647086,1,R128,False,True,1,0.00795816943075292,1,block_16,online
2013-wimbledon-1112,2013-540,106071,105023,0.2987501888595574,1,R128,False,True,1,1.2081475435707338,0,block_16,online
2013-wimbledon-1116,2013-540,105373,104607,0.15041912987485123,0,R128,False,True,1,0.16301214507899864,1,block_16,online
2013-wimbledon-1117,2013-540,103970,104651,0.9999987010620177,1,R128,False,False,1,1.2989388259065352e-06,1,block_16,online
2013-wimbledon-1121,2013-540,105683,104122,0.9285074050914547,1,R128,False,True,1,0.07417692289381833,1,block_16,online
2013-wimbledon-1124,2013-540,104471,104259,0.019180665784463084,1,R128,True,True,1,3.953852497696404,0,block_16,online
2013-wimbledon-1129,2013-540,105777,104620,0.4075414738654529,1,R128,False,True,1,0.897612575123142,0,block_16,online
2013-wimbledon-1132,2013-540,105077,105223,0.01580179910089139,0,R128,False,True,1,0.015927978534953136,1,block_16,online
2013-wimbledon-1133,2013-540,104745,104327,0.9999614172611299,0,R128,False,True,1,10.162705561038099,0,block_16,online
2013-wimbledon-1140,2013-540,103720,104527,0.07275495311477151,1,R128,False,True,1,2.6206582911963068,0,block_16,online
2013-wimbledon-1141,2013-540,104597,105132,0.9737461342780636,1,R128,False,True,1,0.02660465173772824,1,block_16,online
2013-wimbledon-1144,2013-540,106378,105668,0.10401792528362748,0,R128,False,False,1,0.10983487210423287,1,block_16,online
2013-wimbledon-1145,2013-540,104926,103781,0.9257214584909415,0,R128,False,True,1,2.599933177732694,0,block_16,online
2013-wimbledon-1147,2013-540,104297,104660,0.6635564381439758,0,R128,False,True,1,1.0893248650457599,0,block_16,online
2013-wimbledon-1148,2013-540,103812,103819,0.001330203934133641,0,R128,False,True,1,0.0013310894407435267,1,block_16,online
2013-wimbledon-1149,2013-540,104542,105676,0.8677487284285246,1,R128,False,True,1,0.14185308960746362,1,block_16,online
2013-wimbledon-1156,2013-540,104571,105227,0.12600021656357704,0,R128,False,True,1,0.1346751511110454,1,block_16,online
2013-wimbledon-1157,2013-540,104386,104678,0.5869150894666169,0,R128,False,True,1,0.8841021126409361,0,block_16,online
2013-wimbledon-1160,2013-540,104898,104022,0.2901203363371758,0,R128,False,True,1,0.3426598111102952,1,block_16,online
2013-wimbledon-1163,2013-540,104868,104229,0.7566112412356762,0,R128,False,True,1,1.41309528370097,0,block_16,online
2013-wimbledon-1164,2013-540,103794,104918,0.00011241202614608014,0,R128,False,True,1,0.00011241834485142802,1,block_16,online
2013-wimbledon-1201,2013-540,104925,104035,0.999156376420539,1,R64,False,True,1,0.0008439796300954641,1,block_16,online
2013-wimbledon-1204,2013-540,104499,103163,0.08467718935728846,0,R64,False,True,1,0.0884784774087544,1,block_16,online
2013-wimbledon-1205,2013-540,104755,104424,0.9233747665552094,1,R64,False,True,1,0.07972009595015149,1,block_16,online
2013-wimbledon-1206,2013-540,103484,106071,0.20491121258739828,0,R64,False,True,1,0.22930148828380453,1,block_16,online
2013-wimbledon-1208,2013-540,104978,104607,0.07013692539663298,0,R64,False,True,1,0.07271793528375556,1,block_16,online
2013-wimbledon-1209,2013-540,103970,105138,0.99935749405858,1,R64,False,False,1,0.0006427124368168099,1,block_16,online
2013-wimbledon-1210,2013-540,105053,105238,0.3804460282981653,0,R64,False,True,1,0.47875546031661004,1,block_16,online
2013-wimbledon-1211,2013-540,105683,104997,0.8989234743249903,0,R64,False,True,1,2.2918773690848333,0,block_16,online
2013-wimbledon-1213,2013-540,105453,104919,0.9402739771496742,1,R64,False,True,1,0.06158398113292939,1,block_16,online
2013-wimbledon-1215,2013-540,105777,104813,0.8673616239510973,0,R64,False,True,1,2.020128830968483,0,block_16,online
2013-wimbledon-1216,2013-540,105028,105223,0.007349662263748745,0,R64,False,True,1,0.007376804102113888,1,block_16,online
2013-wimbledon-1219,2013-540,104545,105173,0.9301615349993632,0,R64,True,True,1,2.6615703464919145,0,block_16,online
2013-wimbledon-1220,2013-540,104460,103720,0.5927565585572379,1,R64,False,True,1,0.5229714894715372,1,block_16,online
2013-wimbledon-1221,2013-540,104597,105558,0.994413952444978,1,R64,False,True,1,0.005601707865386905,1,block_16,online
2013-wimbledon-1222,2013-540,103285,105668,0.5562840187150826,0,R64,True,True,1,0.8125706030243285,0,block_16,online
2013-wimbledon-1224,2013-540,104660,103819,8.623058132691659e-06,1,R64,False,True,1,11.661070764431324,0,block_16,online
2013-wimbledon-1225,2013-540,104542,105208,0.8189248946548923,0,R64,True,True,1,1.708843387124814,0,block_16,online
2013-wimbledon-1226,2013-540,104269,103898,0.5450623681778591,1,R64,False,True,1,0.6068550538427149,1,block_16,online
2013-wimbledon-1227,2013-540,104338,104330,0.9642512112071752,1,R64,False,False,1,0.036403425781365906,1,block_16,online
2013-wimbledon-1230,2013-540,105577,104022,0.05176574461083927,0,R64,False,False,1,0.053153702411601056,1,block_16,online
2013-wimbledon-1231,2013-540,103990,103917,0.9159628040199856,1,R64,False,True,1,0.08777952209757309,1,block_16,online
2013-wimbledon-1232,2013-540,104229,104918,0.0037118729670985676,0,R64,False,True,1,0.003718779062556588,1,block_16,online
2013-wimbledon-1301,2013-540,104925,104871,0.9908279301416294,1,R32,False,True,1,0.009214392279358233,1,block_16,online
2013-wimbledon-1302,2013-540,103852,103163,0.27479670762651087,0,R32,False,True,1,0.3213032601593347,1,block_16,online
2013-wimbledon-1303,2013-540,104755,106071,0.9408693033760451,0,R32,False,True,1,2.8280050879917566,0,block_16,online
2013-wimbledon-1304,2013-540,104731,104607,0.17463892837030387,0,R32,False,True,1,0.19193432581233844,1,block_16,online
2013-wimbledon-1305,2013-540,103970,105238,0.8688205035712551,1,R32,False,True,1,0.14061873020610555,1,block_16,online
2013-wimbledon-1306,2013-540,104997,104471,0.8626695502271338,0,R32,True,True,1,1.985365215320674,0,block_16,online
2013-wimbledon-1308,2013-540,104813,105223,0.026516216348342267,0,R32,False,True,1,0.026874112088124014,1,block_16,online
2013-wimbledon-1309,2013-540,103997,105332,0.3700587334330629,1,R32,False,True,1,0.9940935469332921,0,block_16,online
2013-wimbledon-1311,2013-540,104597,105668,0.6902593078208547,0,R32,False,True,1,1.1720198083863798,0,block_16,online
2013-wimbledon-1312,2013-540,103781,104660,0.723407710784111,1,R32,False,True,1,0.323782300433152,1,block_16,online
2013-wimbledon-1313,2013-540,105208,104269,0.692556555113799,0,R32,False,True,1,1.1794641277200155,0,block_16,online
2013-wimbledon-1314,2013-540,104338,104932,0.675509798535173,0,R32,False,True,1,1.1254999390879563,0,block_16,online
2013-wimbledon-1315,2013-540,104678,104022,0.6190971877003778,0,R32,False,True,1,0.9652110222231229,0,block_16,online
2013-wimbledon-1316,2013-540,103990,104918,0.043112956399889185,0,R32,False,True,1,0.04406992626129925,1,block_16,online
2013-wimbledon-1401,2013-540,104925,103163,0.9822170956533548,1,R16,False,True,1,0.017942920057732417,1,block_16,online
2013-wimbledon-1402,2013-540,106071,104607,0.058162801754791174,0,R16,False,True,1,0.059922844983875026,1,block_16,online
2013-wimbledon-1403,2013-540,103970,104471,0.9456521988047192,1,R16,False,True,1,0.055880432072225164,1,block_16,online
2013-wimbledon-1404,2013-540,104312,105223,0.1695999838410266,0,R16,False,True,1,0.18584774711124835,1,block_16,online
2013-wimbledon-1406,2013-540,105668,103781,0.8233859259926085,1,R16,False,True,1,0.1943302623445028,1,block_16,online
2013-wimbledon-1407,2013-540,104269,104932,0.5940350472499745,1,R16,False,True,1,0.5208169592557137,1,block_16,online
2013-wimbledon-1408,2013-540,104022,104918,0.022147829586482037,0,R16,False,True,1,0.022396775368790405,1,block_16,online
2013-wimbledon-1501,2013-540,104925,104607,0.9202371295652215,1,QF,False,True,1,0.08312389262333905,1,block_16,online
2013-wimbledon-1502,2013-540,103970,105223,0.7350127777301956,0,QF,False,True,1,1.3280736720082273,0,block_16,online
2013-wimbledon-1503,2013-540,103997,105668,0.14839327044604705,0,QF,False,True,1,0.16063044374655644,1,block_16,online
2013-wimbledon-1504,2013-540,104269,104918,0.03769668671863402,0,QF,False,True,1,0.03842558354001256,1,block_16,online
2013-wimbledon-1601,2013-540,104925,105223,0.9256182018642233,1,SF,False,True,1,0.07729343836060414,1,block_16,online
2013-wimbledon-1602,2013-540,105668,104918,0.0656158998020718,0,SF,False,True,1,0.0678676831082486,1,block_16,online
2013-wimbledon-1701,2013-540,104925,104918,0.7294711853397745,0,F,False,True,1,1.3073766626711558,0,block_16,online
2013-usopen-1101,2013-560,104925,105575,0.9832675365286658,1,R128,False,True,1,0.0168740325598359,1,block_16,online
2013-usopen-1105,2013-560,105332,104166,0.5933505956319889,0,R128,False,True,1,0.8998038790992805,0,block_16,online
2013-usopen-1106,2013-560,105065,105902,0.5970366746946933,1,R128,False,True,1,0.5157767358269789,1,block_16,online
2013-usopen-1108,2013-560,104330,104926,0.0033343692033649796,1,R128,False,False,1,5.703471761922908,0,block_16,online
2013-usopen-1109,2013-560,103163,103908,0.823481667478358,1,R128,False,True,1,0.19421399132643555,1,block_16,online
2013-usopen-1115,2013-560,103720,104548,0.5297083715066335,1,R128,False,True,1,0.6354286663152098,1,block_16,online
2013-usopen-1116,2013-560,104198,105223,0.0028244125777901604,0,R128,False,True,1,0.002828408757341857,1,block_16,online
2013-usopen-1117,2013-560,104918,103566,0.998829863376108,1,R128,False,True,1,0.0011708217682784446,1,block_16,online
2013-usopen-1119,2013-560,105385,105373,0.178495577216292,1,R128,False,True,1,1.7231914555691754,0,block_16,online
2013-usopen-1122,2013-560,105041,104500,0.5502450929177671,0,R128,False,True,1,0.7990524955223378,0,block_16,online
2013-usopen-1123,2013-560,104735,105449,0.8254671432457681,1,R128,False,True,1,0.19180581866027727,1,block_16,online
2013-usopen-1125,2013-560,104527,103285,0.8949481262549881,1,R128,False,True,1,0.11098952187863133,1,block_16,online
2013-usopen-1126,2013-560,103484,103333,0.03910457634021398,0,R128,False,True,1,0.03988969626641573,1,block_16,online
2013-usopen-1127,2013-560,104571,104424,0.5871849948202332,1,R128,False,True,1,0.5324153557885913,1,block_16,online
2013-usopen-1128,2013-560,104978,104731,0.15283776038098373,0,R128,False,True,1,0.16586305648733166,1,block_16,online
2013-usopen-1132,2013-560,103893,104607,0.0022577860603094652,0,R128,False,True,1,0.00226033870219315,1,block_16,online
2013-usopen-1133,2013-560,104755,103188,0.9821304359505145,1,R128,False,True,1,0.018031152614856095,1,block_16,online
2013-usopen-1138,2013-560,104932,105614,0.5388260721253376,0,R128,False,True,1,0.7739800232461833,0,block_16,online
2013-usopen-1140,2013-560,105341,105683,0.03860044650473009,0,R128,False,False,1,0.03936518795418205,1,block_16,online
2013-usopen-1141,2013-560,105668,104216,0.9780581696943873,0,R128,False,False,1,3.8193604043870155,0,block_16,online
2013-usopen-1142,2013-560,106058,104332,0.7628063582202202,1,R128,True,True,1,0.2707510699206327,1,block_16,online
2013-usopen-1144,2013-560,104655,104386,0.01665981915020795,0,R128,True,False,1,0.016800154764567105,1,block_16,online
2013-usopen-1148,2013-560,106401,103970,9.615071262473013e-06,0,R128,False,False,1,9.61511748756701e-06,1,block_16,online
2013-usopen-1149,2013-560,103819,104813,0.9981869707323341,1,R128,False,True,1,0.001814674794454893,1,block_16,online
2013-usopen-1150,2013-560,105053,104122,0.8917591448678815,0,R128,False,True,1,2.223396394817123,0,block_16,online
2013-usopen-1152,2013-560,105550,105023,0.15043507960179925,0,R128,False,False,1,0.16303091889703997,1,block_16,online
2013-usopen-1153,2013-560,103990,104594,0.7614772512450839,1,R128,False,True,1,0.27249498070432904,1,block_16,online
2013-usopen-1155,2013-560,105077,106071,0.14315829593913187,0,R128,False,True,1,0.1545020868257864,1,block_16,online
2013-usopen-1156,2013-560,105554,105453,0.01792616422871799,1,R128,False,False,1,4.021493944607399,0,block_16,online
2013-usopen-1157,2013-560,104545,103835,0.9612831641657817,1,R128,False,True,1,0.03948625767469415,1,block_16,online
2013-usopen-1158,2013-560,104494,104792,0.7099933325997704,0,R128,False,True,1,1.2378513652306327,0,block_16,online
2013-usopen-1160,2013-560,123768,104259,0.02279252243829822,0,R128,False,False,1,0.02305628759988948,1,block_16,online
2013-usopen-1161,2013-560,104269,104471,0.6634921417478329,0,R128,False,True,1,1.0891337772661152,0,block_16,online
2013-usopen-1164,2013-560,105992,104745,0.0005666424801833605,0,R128,False,True,1,0.0005668030827058749,1,block_16,online
2013-usopen-1201,2013-560,104925,103794,0.999980699788228,1,R64,False,True,1,1.9300398023472395e-05,1,block_16,online
2013-usopen-1203,2013-560,104166,105065,0.2573678767043139,0,R64,False,True,1,0.2975544803028344,1,block_16,online
2013-usopen-1204,2013-560,104719,104330,0.4069416035749573,1,R64,False,False,1,0.8990855839936149,0,block_16,online
2013-usopen-1205,2013-560,103163,104229,0.900864323864587,1,R64,False,True,1,0.10440061665877419,1,block_16,online
2013-usopen-1208,2013-560,103720,105223,0.07146933093631251,1,R64,False,True,1,2.6384868592560453,0,block_16,online
2013-usopen-1209,2013-560,104918,104919,0.9998326309742397,1,R64,False,True,1,0.00016738303351870147,1,block_16,online
2013-usopen-1210,2013-560,105385,104252,0.3148261816254747,0,R64,False,True,1,0.378082723456997,1,block_16,online
2013-usopen-1211,2013-560,104312,104500,0.81884444720531,1,R64,False,True,1,0.19986114332032975,1,block_16,online
2013-usopen-1213,2013-560,104527,103333,0.8394634675464974,1,R64,False,True,1,0.17499232033043266,1,block_16,online
2013-usopen-1214,2013-560,104571,104731,0.2892905959450185,1,R64,False,True,1,1.2403235737675211,0,block_16,online
2013-usopen-1215,2013-560,103898,104871,0.4111691076208229,1,R64,False,True,1,0.888750695044652,0,block_16,online
2013-usopen-1216,2013-560,106045,104607,0.001607308917375321,0,R64,False,False,1,0.0016086020241537142,1,block_16,online
2013-usopen-1217,2013-560,104755,103565,0.9995818311691679,1,R64,False,True,1,0.00041825628779969666,1,block_16,online
2013-usopen-1219,2013-560,103852,105614,0.5433141693006156,1,R64,False,True,1,0.6100675456973439,1,block_16,online
2013-usopen-1220,2013-560,104665,105683,0.091684714954054,0,R64,False,True,1,0.09616373042449478,1,block_16,online
2013-usopen-1221,2013-560,104216,106058,0.996277777641475,0,R64,False,False,1,5.593434380868668,0,block_16,online
2013-usopen-1224,2013-560,105138,103970,0.04784485165766644,0,R64,False,False,1,0.04902728652126465,1,block_16,online
2013-usopen-1225,2013-560,103819,104122,0.9995707101469916,1,R64,False,True,1,0.000429382024277071,1,block_16,online
2013-usopen-1226,2013-560,105173,105023,0.030433669598049065,1,R64,False,True,1,3.49220573088641,0,block_16,online
2013-usopen-1227,2013-560,103990,104433,0.999084912172084,1,R64,False,True,1,0.0009155067763850462,1,block_16,online
2013-usopen-1228,2013-560,106071,105554,0.008394883679490333,0,R64,False,False,1,0.008430319172744945,1,block_16,online
2013-usopen-1229,2013-560,104545,104792,0.32424306749750464,1,R64,False,True,1,1.126261836129779,0,block_16,online
2013-usopen-1230,2013-560,104273,104259,0.14945967530897572,0,R64,False,True,1,0.16188345534716267,1,block_16,online
2013-usopen-1232,2013-560,104297,104745,9.802326231274065e-08,0,R64,False,True,1,9.802326711702094e-08,1,block_16,online
2013-usopen-1301,2013-560,104925,105311,0.9681003187359084,1,R32,False,False,1,0.03241956201754503,1,block_16,online
2013-usopen-1302,2013-560,105065,104719,0.5003687075360634,0,R32,False,True,1,0.6938848676563045,0,block_16,online
2013-usopen-1303,2013-560,103163,104022,0.6383410688010595,0,R32,False,True,1,1.0170536902944478,0,block_16,online
2013-usopen-1304,2013-560,105539,103720,0.0066076846394691555,0,R32,False,False,1,0.006629612033864091,1,block_16,online
2013-usopen-1305,2013-560,104918,104252,0.9872381817750269,1,R32,False,True,1,0.012843949740382879,1,block_16,online
2013-usopen-1306,2013-560,104312,104797,0.5737289483991657,0,R32,False,True,1,0.8526798636841078,0,block_16,online
2013-usopen-1307,2013-560,104527,104571,0.8173914974250406,1,R32,False,True,1,0.20163710988178826,1,block_16,online
2013-usopen-1308,2013-560,103898,104607,0.07012640167118651,0,R32,False,True,1,0.07270661784769082,1,block_16,online
2013-usopen-1309,2013-560,104755,104098,0.9960336307366989,1,R32,True,True,1,0.003974256167692087,1,block_16,online
2013-usopen-1310,2013-560,103852,105683,0.28832598881590854,0,R32,False,True,1,0.34013532187577467,1,block_16,online
2013-usopen-1311,2013-560,106058,104386,0.4208597718587446,0,R32,False,True,1,0.5462106405057671,1,block_16,online
2013-usopen-1312,2013-560,105062,103970,0.04245934160196854,0,R32,False,True,1,0.04338709574998298,1,block_16,online
2013-usopen-1313,2013-560,103819,105173,0.9974860008390056,1,R32,False,True,1,0.0025171645632103916,1,block_16,online
2013-usopen-1314,2013-560,103990,105554,0.26932935918266326,1,R32,False,False,1,1.3118202647479287,0,block_16,online
2013-usopen-1315,2013-560,104545,104259,0.45257690087059144,0,R32,False,True,1,0.6025332853677854,1,block_16,online
2013-usopen-1316,2013-560,104471,104745,0.005138066982317602,0,R32,False,True,1,0.005151312237961714,1,block_16,online
2013-usopen-1401,2013-560,104925,104719,0.9998819780935981,1,R16,False,True,1,0.00011802887153509246,1,block_16,online
2013-usopen-1402,2013-560,104022,103720,0.6327146656736408,1,R16,False,True,1,0.45773572359163156,1,block_16,online
2013-usopen-1403,2013-560,104918,104797,0.9941948138072586,1,R16,False,True,1,0.005822101783311148,1,block_16,online
2013-usopen-1404,2013-560,104527,104607,0.341532381841374,1,R16,False,True,1,1.0743127820907374,0,block_16,online
2013-usopen-1405,2013-560,104755,105683,0.7126971061964171,1,R16,False,True,1,0.3386987648215237,1,block_16,online
2013-usopen-1406,2013-560,104386,103970,0.10305691692794676,0,R16,False,True,1,0.1087628714760555,1,block_16,online
2013-usopen-1407,2013-560,103819,103990,0.9294568738625099,0,R16,False,True,1,2.6515310379249923,0,block_16,online
2013-usopen-1408,2013-560,104259,104745,0.01718052513227332,0,R16,False,True,1,0.017329822833713752,1,block_16,online
2013-usopen-1501,2013-560,104925,104022,0.9943838240371606,1,QF,False,True,1,0.00563200597631194,1,block_16,online
2013-usopen-1502,2013-560,104918,104527,0.8807142792282098,0,QF,False,True,1,2.126233648812307,0,block_16,online
2013-usopen-1503,2013-560,104755,103970,0.2399646075088428,1,QF,False,True,1,1.4272638352278806,0,block_16,online
2013-usopen-1504,2013-560,103990,104745,0.033093745977242246,0,QF,False,True,1,0.033653733396108186,1,block_16,online
2013-usopen-1601,2013-560,104925,104527,0.9469257400719895,1,SF,False,True,1,0.05453460484542,1,block_16,online
2013-usopen-1602,2013-560,104755,104745,0.047630655688052484,0,SF,False,True,1,0.04880235271616715,1,block_16,online
2013-usopen-1701,2013-560,104925,104745,0.5646692357616516,0,F,False,True,1,0.8316491592745878,0,block_16,online
