match_id,tourney_id,server,opponent,surface,round,retired,both_seen,p,n,k,loss_sum,brier_sum,correct,arm,mode
2013-ausopen-1101,2013-580,104925,103908,Hard,R128,False,True,0.724019755872414,77,62,39.33345911695274,12.585305002624011,62,ordinary,frozen
2013-ausopen-1101,2013-580,103908,104925,Hard,R128,False,True,0.5222900530069908,86,53,58.80400667301011,21.09692773568287,53,ordinary,frozen
2013-ausopen-1102,2013-580,105992,105053,Hard,R128,False,True,0.6181515983181629,116,75,75.54861175490078,26.6021824786583,75,ordinary,frozen
2013-ausopen-1102,2013-580,105053,105992,Hard,R128,False,True,0.645862202525342,131,78,89.1168570344153,31.890572395312695,78,ordinary,frozen
2013-ausopen-1105,2013-580,105023,103926,Hard,R128,False,False,0.7127690963421419,116,86,66.54347260956791,22.336330454397245,86,ordinary,frozen
2013-ausopen-1105,2013-580,103926,105023,Hard,R128,False,False,0.6085002511433928,125,81,81.49929208200206,28.70702876996688,81,ordinary,frozen
2013-ausopen-1109,2013-580,104338,105723,Hard,R128,False,False,0.6497188499131978,75,30,60.14232869268468,22.676962800147766,30,ordinary,frozen
2013-ausopen-1109,2013-580,105723,104338,Hard,R128,False,False,0.558857737558721,98,56,66.95646896313082,24.01548653468997,56,ordinary,frozen
2013-ausopen-1110,2013-580,104731,103893,Hard,R128,False,True,0.639231820656271,134,92,83.98873250157189,29.13606595154329,92,ordinary,frozen
2013-ausopen-1110,2013-580,103893,104731,Hard,R128,False,True,0.5347806726907395,127,82,85.75976712917048,30.616746399930822,82,ordinary,frozen
2013-ausopen-1112,2013-580,105676,104269,Hard,R128,False,True,0.6635787134191213,129,78,87.54735313153007,31.285156155101028,78,ordinary,frozen
2013-ausopen-1112,2013-580,104269,105676,Hard,R128,False,True,0.6173446782642779,141,91,91.92285946396356,32.38040625705412,91,ordinary,frozen
2013-ausopen-1116,2013-580,103188,104607,Hard,R128,False,True,0.5324601976282471,93,51,64.07397704674594,23.055849013341806,51,ordinary,frozen
2013-ausopen-1116,2013-580,104607,103188,Hard,R128,False,True,0.6832203660834976,92,62,58.10461252051808,20.225360919723,62,ordinary,frozen
2013-ausopen-1117,2013-580,103970,103694,Hard,R128,False,True,0.7987871482029535,71,52,42.14680722962345,14.228461064421547,52,ordinary,frozen
2013-ausopen-1117,2013-580,103694,103970,Hard,R128,False,True,0.4908313394136415,85,46,59.06017932671499,21.321326092745082,39,ordinary,frozen
2013-ausopen-1119,2013-580,105357,105147,Hard,R128,False,False,0.6237320499558363,156,92,105.98420611909054,37.92380335029526,92,ordinary,frozen
2013-ausopen-1119,2013-580,105147,105357,Hard,R128,False,False,0.606365438445623,162,89,112.5845057871333,40.63095723717823,89,ordinary,frozen
2013-ausopen-1120,2013-580,105077,104571,Hard,R128,False,True,0.5143017682889854,191,119,131.1245449320121,47.116884140470326,119,ordinary,frozen
2013-ausopen-1120,2013-580,104571,105077,Hard,R128,False,True,0.659240676797644,180,113,119.2141081588664,42.239295633763284,113,ordinary,frozen
2013-ausopen-1121,2013-580,104022,105051,Hard,R128,False,True,0.5831755997635817,196,123,130.2114214722793,46.197183369443096,123,ordinary,frozen
2013-ausopen-1121,2013-580,105051,104022,Hard,R128,False,True,0.5672484788829532,149,98,98.27903808161363,34.763152821399785,98,ordinary,frozen
2013-ausopen-1124,2013-580,103812,105453,Hard,R128,False,True,0.6201695213328557,123,71,84.25870379116012,30.242986899131964,71,ordinary,frozen
2013-ausopen-1124,2013-580,105453,103812,Hard,R128,False,True,0.7549326297675639,121,81,79.0201530585314,27.661630311674784,81,ordinary,frozen
2013-ausopen-1125,2013-580,104597,105449,Hard,R128,False,True,0.756685579765724,154,112,90.58926775354618,30.67868239278786,112,ordinary,frozen
2013-ausopen-1125,2013-580,105449,104597,Hard,R128,False,True,0.6461103114615872,165,102,109.99458476673942,39.07415466703943,102,ordinary,frozen
2013-ausopen-1128,2013-580,104620,105668,Hard,R128,False,True,0.6144838315328264,98,55,67.7698986530293,24.410635694484867,55,ordinary,frozen
2013-ausopen-1128,2013-580,105668,104620,Hard,R128,False,True,0.6479871754232345,99,65,63.70146509964428,22.330517766764704,65,ordinary,frozen
2013-ausopen-1132,2013-580,103720,104386,Hard,R128,False,True,0.6024437079217214,127,70,88.05114157574036,31.751060385196997,70,ordinary,frozen
2013-ausopen-1132,2013-580,104386,103720,Hard,R128,False,True,0.6738344218203585,107,71,68.36133553668972,23.89916470071661,71,ordinary,frozen
2013-ausopen-1133,2013-580,105223,105173,Hard,R128,False,True,0.6423193782742633,58,48,31.52929009050698,10.266642340655618,48,ordinary,frozen
2013-ausopen-1133,2013-580,105173,105223,Hard,R128,False,True,0.5340917927718344,61,29,42.62897181093656,15.423172648713763,29,ordinary,frozen
2013-ausopen-1140,2013-580,104594,105227,Hard,R128,False,True,0.5727548571229093,89,53,60.15107001254964,21.48426839082331,53,ordinary,frozen
2013-ausopen-1140,2013-580,105227,104594,Hard,R128,False,True,0.6495861258341529,106,73,66.09877967239072,22.888411925093415,73,ordinary,frozen
2013-ausopen-1141,2013-580,104468,103835,Hard,R128,False,True,0.651788688071482,93,62,59.24148051790547,20.687252611644993,62,ordinary,frozen
2013-ausopen-1141,2013-580,103835,104468,Hard,R128,False,True,0.5322548551876711,102,55,70.39689653511533,25.348079478182747,55,ordinary,frozen
2013-ausopen-1144,2013-580,104792,105238,Hard,R128,False,True,0.6087485693018047,133,90,85.02290579009858,29.711708669065374,90,ordinary,frozen
2013-ausopen-1144,2013-580,105238,104792,Hard,R128,False,True,0.6004717608099011,140,85,93.81426714592578,33.39908763653685,85,ordinary,frozen
2013-ausopen-1148,2013-580,104898,104918,Hard,R128,False,True,0.5035516834234686,67,31,46.47806890877209,16.76860358561176,31,ordinary,frozen
2013-ausopen-1148,2013-580,104918,104898,Hard,R128,False,True,0.6497423930475723,74,49,47.35494572285859,16.565468603253674,49,ordinary,frozen
2013-ausopen-1149,2013-580,104542,103566,Hard,R128,False,True,0.6941328970919214,85,64,48.24257400348509,16.105729872378095,64,ordinary,frozen
2013-ausopen-1149,2013-580,103566,104542,Hard,R128,False,True,0.5906044595894728,85,53,56.488616175624315,20.045085636908606,53,ordinary,frozen
2013-ausopen-1150,2013-580,104424,106291,Hard,R128,False,False,0.6680939221247031,129,83,84.20965001823342,29.675492979915266,83,ordinary,frozen
2013-ausopen-1150,2013-580,106291,104424,Hard,R128,False,False,0.5686563979649715,121,62,84.60785850405568,30.614388624869555,62,ordinary,frozen
2013-ausopen-1151,2013-580,105902,106093,Hard,R128,False,True,0.6661055710090007,200,130,129.60505295523728,45.55187788350519,130,ordinary,frozen
2013-ausopen-1151,2013-580,106093,105902,Hard,R128,False,True,0.5893216183080536,207,129,137.62873517327546,48.84611622620338,129,ordinary,frozen
2013-ausopen-1153,2013-580,103163,103813,Hard,R128,False,True,0.6466944832103546,176,111,116.01026156927801,41.03944553948982,111,ordinary,frozen
2013-ausopen-1153,2013-580,103813,103163,Hard,R128,False,True,0.5664022302027348,185,117,123.33212561354597,43.81200311260693,117,ordinary,frozen
2013-ausopen-1154,2013-580,104471,105842,Hard,R128,False,False,0.6236592363328038,135,81,91.01629760954958,32.475567527619944,81,ordinary,frozen
2013-ausopen-1154,2013-580,105842,104471,Hard,R128,False,False,0.6831024995380707,132,74,94.85442668982765,34.49586135188664,74,ordinary,frozen
2013-ausopen-1156,2013-580,103656,104755,Hard,R128,False,True,0.5954826584266317,90,48,62.894932773306614,22.747628474859724,48,ordinary,frozen
2013-ausopen-1156,2013-580,104755,103656,Hard,R128,False,True,0.6785777897339771,68,53,37.57607215529288,12.382565825175401,53,ordinary,frozen
2013-ausopen-1157,2013-580,105683,104225,Hard,R128,False,True,0.7191154450388986,107,80,60.66358098864367,20.274120286179997,80,ordinary,frozen
2013-ausopen-1157,2013-580,104225,105683,Hard,R128,False,True,0.6188043331063292,128,75,87.1129129774693,31.19295677596023,75,ordinary,frozen
2013-ausopen-1160,2013-580,104327,104259,Hard,R128,False,True,0.6493204701002849,80,48,54.260026660113965,19.39460070167305,48,ordinary,frozen
2013-ausopen-1160,2013-580,104259,104327,Hard,R128,False,True,0.7296761366082299,76,58,41.82538232788663,13.822040242944256,58,ordinary,frozen
2013-ausopen-1162,2013-580,106071,104919,Hard,R128,False,True,0.6677419019816391,64,52,34.22250332909614,11.091114044281177,52,ordinary,frozen
2013-ausopen-1162,2013-580,104919,106071,Hard,R128,False,True,0.642055642640704,70,40,48.544544261679775,17.492029966017398,40,ordinary,frozen
2013-ausopen-1164,2013-580,105332,103819,Hard,R128,False,True,0.482706169349306,89,46,61.84717096036829,22.328499307445245,43,ordinary,frozen
2013-ausopen-1164,2013-580,103819,105332,Hard,R128,False,True,0.7086649434796034,69,52,38.87314860987084,12.95106002419076,52,ordinary,frozen
2013-ausopen-1201,2013-580,104925,105992,Hard,R64,False,True,0.7095207267053001,56,48,26.361731774234975,8.07751128725855,48,ordinary,frozen
2013-ausopen-1201,2013-580,105992,104925,Hard,R64,False,True,0.505342295945515,90,44,62.409753763335885,22.51325320322828,44,ordinary,frozen
2013-ausopen-1202,2013-580,103852,103285,Hard,R64,False,True,0.6523157959213205,83,47,58.11222892961307,21.00013468489854,47,ordinary,frozen
2013-ausopen-1202,2013-580,103285,103852,Hard,R64,False,True,0.609429301538485,79,56,49.35637497719392,17.084840040010846,56,ordinary,frozen
2013-ausopen-1203,2013-580,105023,104548,Hard,R64,True,True,0.6810237948715724,47,30,30.949600078969976,10.936862539225698,30,ordinary,frozen
2013-ausopen-1203,2013-580,104548,105023,Hard,R64,True,True,0.6562225210772873,53,36,33.31712399620081,11.575262332393946,36,ordinary,frozen
2013-ausopen-1204,2013-580,104735,104527,Hard,R64,True,True,0.5315102086291392,89,50,61.17304144428806,21.991755204138286,50,ordinary,frozen
2013-ausopen-1204,2013-580,104527,104735,Hard,R64,True,True,0.607071816084758,83,51,55.34662677219964,19.667178519763723,51,ordinary,frozen
2013-ausopen-1205,2013-580,105723,104731,Hard,R64,False,False,0.5962191029895983,87,51,59.02228366910781,21.11216952802672,51,ordinary,frozen
2013-ausopen-1205,2013-580,104731,105723,Hard,R64,False,False,0.6983498911364256,90,65,53.29946446266268,18.106845492787844,65,ordinary,frozen
2013-ausopen-1206,2013-580,103598,104269,Hard,R64,False,True,0.6442608253988229,91,41,69.70359029942264,25.942165331361625,41,ordinary,frozen
2013-ausopen-1206,2013-580,104269,103598,Hard,R64,False,True,0.6057217642310194,74,49,47.83285304968069,16.78978242443236,49,ordinary,frozen
2013-ausopen-1208,2013-580,105558,104607,Hard,R64,False,True,0.5402615356666945,101,53,69.93288269752094,25.21241243834482,53,ordinary,frozen
2013-ausopen-1208,2013-580,104607,105558,Hard,R64,False,True,0.7566293564726795,73,53,43.044127965842044,14.588910978463034,53,ordinary,frozen
2013-ausopen-1209,2013-580,103970,105065,Hard,R64,False,True,0.7641709543694637,108,72,71.37272248329552,25.02676530100642,72,ordinary,frozen
2013-ausopen-1209,2013-580,105065,103970,Hard,R64,False,True,0.4825790115540752,121,65,84.25800302158382,30.443511287463725,56,ordinary,frozen
2013-ausopen-1210,2013-580,105147,104571,Hard,R64,False,True,0.5302150041551419,115,66,78.89372439267783,28.34133377411354,66,ordinary,frozen
2013-ausopen-1210,2013-580,104571,105147,Hard,R64,False,True,0.6643163579785699,94,64,58.923378339216725,20.451231185666728,64,ordinary,frozen
2013-ausopen-1212,2013-580,104122,105453,Hard,R64,False,True,0.5235048405572348,91,47,63.035922541061936,22.729760933523806,47,ordinary,frozen
2013-ausopen-1212,2013-580,105453,104122,Hard,R64,False,True,0.5955621670128229,97,63,63.428464818471454,22.364513549754243,63,ordinary,frozen
2013-ausopen-1213,2013-580,104597,104593,Hard,R64,False,True,0.75327097671797,83,57,52.535904449523834,18.222733296499914,57,ordinary,frozen
2013-ausopen-1213,2013-580,104593,104597,Hard,R64,False,True,0.5597885356973403,78,42,53.90624202453478,19.420092967880866,42,ordinary,frozen
2013-ausopen-1214,2013-580,104500,105668,Hard,R64,False,True,0.5645040516442172,158,89,108.24850214862433,38.86732105032179,89,ordinary,frozen
2013-ausopen-1214,2013-580,105668,104500,Hard,R64,False,True,0.6958248297016288,171,103,118.2840089040192,42.45353019207489,103,ordinary,frozen
2013-ausopen-1215,2013-580,103898,104273,Hard,R64,False,True,0.6637917311821501,148,93,98.06152128604273,34.74641843321786,93,ordinary,frozen
2013-ausopen-1215,2013-580,104273,103898,Hard,R64,False,True,0.6336432971032974,167,97,114.54845080500439,41.124339631937886,97,ordinary,frozen
2013-ausopen-1216,2013-580,105041,104386,Hard,R64,False,True,0.5975122539436242,156,101,102.06801365035274,35.99778410698316,101,ordinary,frozen
2013-ausopen-1216,2013-580,104386,105041,Hard,R64,False,True,0.737305831500013,155,100,103.9973134228454,36.799916520405866,100,ordinary,frozen
2013-ausopen-1217,2013-580,105223,103794,Hard,R64,False,True,0.6943922825240378,75,58,41.30635777960984,13.614043379382348,58,ordinary,frozen
2013-ausopen-1217,2013-580,103794,105223,Hard,R64,False,True,0.5571710587307651,79,44,54.24486129539795,19.493674337978447,44,ordinary,frozen
2013-ausopen-1218,2013-580,104871,104719,Hard,R64,False,True,0.7125451977346993,105,75,62.8190842260245,21.428889515347187,75,ordinary,frozen
2013-ausopen-1218,2013-580,104719,104871,Hard,R64,False,True,0.6341567196027095,93,56,62.71107176219104,22.374838691102603,56,ordinary,frozen
2013-ausopen-1220,2013-580,104330,105227,Hard,R64,False,False,0.5324499553475954,94,56,64.18437428415652,23.01488276633701,56,ordinary,frozen
2013-ausopen-1220,2013-580,105227,104330,Hard,R64,False,False,0.6928150776058405,76,61,40.09110207457348,12.956008145694454,61,ordinary,frozen
2013-ausopen-1221,2013-580,104468,105028,Hard,R64,False,True,0.632288421422264,133,86,86.44467872251074,30.418281681370175,86,ordinary,frozen
2013-ausopen-1221,2013-580,105028,104468,Hard,R64,False,True,0.571770684012397,123,74,82.9240036358774,29.589309722973777,74,ordinary,frozen
2013-ausopen-1222,2013-580,104229,104792,Hard,R64,False,True,0.5287968818509076,161,104,109.15425592430998,39.0300574781053,104,ordinary,frozen
2013-ausopen-1222,2013-580,104792,104229,Hard,R64,False,True,0.6439702656488975,165,102,109.95316275429852,39.055186809210326,102,ordinary,frozen
2013-ausopen-1223,2013-580,104252,105575,Hard,R64,False,True,0.6185439195761542,72,37,51.50590649420864,18.774703743378087,37,ordinary,frozen
2013-ausopen-1223,2013-580,105575,104252,Hard,R64,False,True,0.518423239407996,70,53,47.240779102249526,16.86052248383205,53,ordinary,frozen
2013-ausopen-1224,2013-580,105311,104918,Hard,R64,False,False,0.4786548161737538,77,43,53.82700888584584,19.477189153624586,34,ordinary,frozen
2013-ausopen-1224,2013-580,104918,105311,Hard,R64,False,False,0.7149904282531663,77,57,44.22735931988286,14.854362241149797,57,ordinary,frozen
2013-ausopen-1225,2013-580,104542,104424,Hard,R64,False,True,0.6586436785816911,100,72,60.16042220366947,20.53645981779868,72,ordinary,frozen
2013-ausopen-1225,2013-580,104424,104542,Hard,R64,False,True,0.5913237333553032,78,52,50.5859962192869,17.776104826130258,52,ordinary,frozen
2013-ausopen-1226,2013-580,105902,104882,Hard,R64,False,True,0.61217790844225,185,113,123.65177140976067,43.97872413522615,113,ordinary,frozen
2013-ausopen-1226,2013-580,104882,105902,Hard,R64,False,True,0.6585788423894267,195,128,125.46267176953504,43.98040421869125,128,ordinary,frozen
2013-ausopen-1228,2013-580,104268,104755,Hard,R64,False,True,0.5932176450845923,84,41,60.087461482770024,21.916355755999014,41,ordinary,frozen
2013-ausopen-1228,2013-580,104755,104268,Hard,R64,False,True,0.6799334895499146,69,50,40.933317486997744,13.906010009603683,50,ordinary,frozen
2013-ausopen-1230,2013-580,104804,104259,Hard,R64,False,False,0.5744850635328377,94,61,62.00817457972323,21.935932541892686,61,ordinary,frozen
2013-ausopen-1230,2013-580,104259,104804,Hard,R64,False,False,0.69915666834267,88,71,45.829326436310865,14.735917221486819,71,ordinary,frozen
2013-ausopen-1231,2013-580,104978,106071,Hard,R64,False,True,0.660318388237905,159,115,95.23766028225253,32.45401014665349,115,ordinary,frozen
2013-ausopen-1231,2013-580,106071,104978,Hard,R64,False,True,0.7182534403280144,148,109,85.4748203787627,28.772174680861085,109,ordinary,frozen
2013-ausopen-1232,2013-580,103786,103819,Hard,R64,False,True,0.5217754090378887,106,61,72.87696616582741,26.20185530990312,61,ordinary,frozen
2013-ausopen-1232,2013-580,103819,103786,Hard,R64,False,True,0.729203620762473,91,66,53.502652588993186,18.13327282786571,66,ordinary,frozen
2013-ausopen-1301,2013-580,104925,103285,Hard,R32,False,True,0.6959030927090994,85,67,45.717865197018746,14.912880304558279,67,ordinary,frozen
2013-ausopen-1301,2013-580,103285,104925,Hard,R32,False,True,0.46912933329469636,107,65,75.79293882203717,27.561996126944784,42,ordinary,frozen
2013-ausopen-1302,2013-580,105023,104527,Hard,R32,False,True,0.637442796541828,111,75,70.29643378855289,24.486578912526163,75,ordinary,frozen
2013-ausopen-1302,2013-580,104527,105023,Hard,R32,False,True,0.6740586658766413,105,75,63.213995901919716,21.59848404806055,75,ordinary,frozen
2013-ausopen-1303,2013-580,104731,104269,Hard,R32,False,True,0.6734607405777303,147,101,91.41131755903046,31.632687660925704,101,ordinary,frozen
2013-ausopen-1303,2013-580,104269,104731,Hard,R32,False,True,0.6404576452483781,163,103,107.26934319171286,37.92604232204098,103,ordinary,frozen
2013-ausopen-1304,2013-580,103781,104607,Hard,R32,False,True,0.5458132701592745,82,42,56.99996567831211,20.58047962894176,42,ordinary,frozen
2013-ausopen-1304,2013-580,104607,103781,Hard,R32,False,True,0.6814099117911347,76,57,43.59784983227391,14.607549615237993,57,ordinary,frozen
2013-ausopen-1305,2013-580,103970,104571,Hard,R32,False,True,0.6624067251175356,85,55,55.230556886931595,19.431787142950846,55,ordinary,frozen
2013-ausopen-1305,2013-580,104571,103970,Hard,R32,False,True,0.5559583084097292,76,40,52.70860445199142,19.01414801964704,40,ordinary,frozen
2013-ausopen-1306,2013-580,105539,105453,Hard,R32,False,False,0.5510626174953717,92,52,63.02202974641769,22.627128553359576,52,ordinary,frozen
2013-ausopen-1306,2013-580,105453,105539,Hard,R32,False,False,0.6684997123825366,97,71,57.30036284555044,19.421551790866616,71,ordinary,frozen
2013-ausopen-1307,2013-580,104597,105668,Hard,R32,False,True,0.691742717320039,91,73,48.086275948208744,15.549790085117642,73,ordinary,frozen
2013-ausopen-1307,2013-580,105668,104597,Hard,R32,False,True,0.6752802639261584,96,66,59.657197495809115,20.63933490717258,66,ordinary,frozen
2013-ausopen-1308,2013-580,103898,104386,Hard,R32,False,True,0.5979111285699028,145,95,94.41385637754586,33.23405463354002,95,ordinary,frozen
2013-ausopen-1308,2013-580,104386,103898,Hard,R32,False,True,0.6797747909504784,129,88,80.6554086894811,27.969732659833692,88,ordinary,frozen
2013-ausopen-1309,2013-580,105223,104871,Hard,R32,False,True,0.7214397253669006,149,99,96.23017890630636,33.70575070063656,99,ordinary,frozen
2013-ausopen-1309,2013-580,104871,105223,Hard,R32,False,True,0.621909121158228,159,107,101.39713555490886,35.40802991392733,107,ordinary,frozen
2013-ausopen-1310,2013-580,104312,105227,Hard,R32,False,True,0.5961721079214996,162,95,109.88981438288297,39.305531021612474,95,ordinary,frozen
2013-ausopen-1310,2013-580,105227,104312,Hard,R32,False,True,0.6429669017368876,136,79,93.59712742346109,33.634504920733775,79,ordinary,frozen
2013-ausopen-1311,2013-580,104468,104792,Hard,R32,False,True,0.542517966424133,182,101,125.10837264334207,44.97865617084689,101,ordinary,frozen
2013-ausopen-1311,2013-580,104792,104468,Hard,R32,False,True,0.5894695644858505,166,98,112.33690889145322,40.14471035832625,98,ordinary,frozen
2013-ausopen-1312,2013-580,105575,104918,Hard,R32,False,True,0.4587073000733307,87,46,61.01537585878184,22.1048060744827,41,ordinary,frozen
2013-ausopen-1312,2013-580,104918,105575,Hard,R32,False,True,0.6550325360541663,114,69,77.08558843492656,27.519219079534057,69,ordinary,frozen
2013-ausopen-1313,2013-580,104542,104882,Hard,R32,False,True,0.634358041951523,69,50,41.87300039101985,14.330494456659046,50,ordinary,frozen
2013-ausopen-1313,2013-580,104882,104542,Hard,R32,False,True,0.5857844882117342,74,35,53.091502709490655,19.387702355760375,35,ordinary,frozen
2013-ausopen-1314,2013-580,104471,104755,Hard,R32,False,True,0.534844944848571,114,66,78.0398290870532,28.011206393416714,66,ordinary,frozen
2013-ausopen-1314,2013-580,104755,104471,Hard,R32,False,True,0.7684845558552239,112,79,69.08603711445762,23.723113584730708,79,ordinary,frozen
2013-ausopen-1315,2013-580,105683,104259,Hard,R32,False,True,0.6839914292468874,86,69,45.790643565896374,14.84379043828472,69,ordinary,frozen
2013-ausopen-1315,2013-580,104259,105683,Hard,R32,False,True,0.6897861885158972,94,64,58.88271561558759,20.43303654149031,64,ordinary,frozen
2013-ausopen-1316,2013-580,106071,103819,Hard,R32,False,True,0.538390533915761,121,72,82.45908474070842,29.5453515243523,72,ordinary,frozen
2013-ausopen-1316,2013-580,103819,106071,Hard,R32,False,True,0.7297223690717841,95,71,53.77080453388005,17.966423504561682,71,ordinary,frozen
2013-ausopen-1401,2013-580,104925,104527,Hard,R16,False,True,0.6754059368429125,195,128,125.61955098610994,44.049850175131596,128,ordinary,frozen
2013-ausopen-1401,2013-580,104527,104925,Hard,R16,False,True,0.5276593732819588,214,133,145.78192170465724,52.225431348433204,133,ordinary,frozen
2013-ausopen-1402,2013-580,104731,104607,Hard,R16,False,True,0.614742563848628,111,64,75.96995306015779,27.260786425973095,64,ordinary,frozen
2013-ausopen-1402,2013-580,104607,104731,Hard,R16,False,True,0.7026053933492238,112,75,71.34171878252253,24.89847693911919,75,ordinary,frozen
2013-ausopen-1403,2013-580,103970,105453,Hard,R16,False,True,0.6636646864502385,96,60,63.82597458805219,22.643515965916343,60,ordinary,frozen
2013-ausopen-1403,2013-580,105453,103970,Hard,R16,False,True,0.5593748337823834,95,43,67.5973838109592,24.61928373827659,43,ordinary,frozen
2013-ausopen-1404,2013-580,104597,104386,Hard,R16,True,True,0.6636228384322725,43,32,25.106066452273517,8.465135022957519,32,ordinary,frozen
2013-ausopen-1404,2013-580,104386,104597,Hard,R16,True,True,0.6740455977722891,46,21,36.30855232205131,13.589608415869176,21,ordinary,frozen
2013-ausopen-1405,2013-580,104871,104312,Hard,R16,False,True,0.6431687396364648,124,82,79.47122471349289,27.814914127669045,82,ordinary,frozen
2013-ausopen-1405,2013-580,104312,104871,Hard,R16,False,True,0.686277132106902,119,68,84.72172373632819,30.712489977753357,68,ordinary,frozen
2013-ausopen-1406,2013-580,104468,104918,Hard,R16,False,True,0.5007728909382172,90,43,62.389536907826454,22.50314532618908,43,ordinary,frozen
2013-ausopen-1406,2013-580,104918,104468,Hard,R16,False,True,0.6463392388224338,63,44,38.95187953811324,13.440674917044301,44,ordinary,frozen
2013-ausopen-1407,2013-580,104542,104755,Hard,R16,False,True,0.6284956075794776,106,74,66.0537686641536,22.853363325387164,74,ordinary,frozen
2013-ausopen-1407,2013-580,104755,104542,Hard,R16,False,True,0.648387288159821,102,67,65.6117688991639,22.99752308220316,67,ordinary,frozen
2013-ausopen-1408,2013-580,105683,103819,Hard,R16,False,True,0.6162167512233455,96,61,63.05225398919629,22.27497246162428,61,ordinary,frozen
2013-ausopen-1408,2013-580,103819,105683,Hard,R16,False,True,0.7506119858961843,78,66,35.59812765305,10.865849424642732,66,ordinary,frozen
2013-ausopen-1501,2013-580,104925,104607,Hard,QF,False,True,0.6693322903389093,97,71,57.27737376197628,19.411369116236887,71,ordinary,frozen
2013-ausopen-1501,2013-580,104607,104925,Hard,QF,False,True,0.5732596386154818,107,60,73.40922927602541,26.371890985556334,60,ordinary,frozen
2013-ausopen-1502,2013-580,103970,104597,Hard,QF,False,True,0.6919226791892558,149,97,96.94829656153422,34.10179233977361,97,ordinary,frozen
2013-ausopen-1502,2013-580,104597,103970,Hard,QF,False,True,0.6279210567077003,166,98,112.83154889378795,40.37875855913863,98,ordinary,frozen
2013-ausopen-1503,2013-580,104871,104918,Hard,QF,False,True,0.5543773190152731,77,36,54.376341104502245,19.7495673424696,36,ordinary,frozen
2013-ausopen-1503,2013-580,104918,104871,Hard,QF,False,True,0.7175969740712895,75,48,50.06800645522447,17.73159677887653,48,ordinary,frozen
2013-ausopen-1504,2013-580,104542,103819,Hard,QF,False,True,0.5944526105026945,175,115,113.96419483710508,40.1163331577372,115,ordinary,frozen
2013-ausopen-1504,2013-580,103819,104542,Hard,QF,False,True,0.6933669850239442,158,109,97.8384269771159,33.80572586032889,109,ordinary,frozen
2013-ausopen-1601,2013-580,104925,103970,Hard,SF,False,True,0.6489769462319895,51,44,26.352079377273995,8.369753645355452,44,ordinary,frozen
2013-ausopen-1601,2013-580,103970,104925,Hard,SF,False,True,0.5744099186240249,75,34,53.87543227914337,19.686132129590725,34,ordinary,frozen
2013-ausopen-1602,2013-580,104918,103819,Hard,SF,False,True,0.6012984554989428,157,111,98.76062845422305,34.27663659514471,111,ordinary,frozen
2013-ausopen-1602,2013-580,103819,104918,Hard,SF,False,True,0.6341876965178954,171,105,114.18998729553874,40.59576361615125,105,ordinary,frozen
2013-ausopen-1701,2013-580,104925,104918,Hard,F,False,True,0.6181038427235658,134,96,82.76453409592347,28.519078489286937,96,ordinary,frozen
2013-ausopen-1701,2013-580,104918,104925,Hard,F,False,True,0.5583634215009275,131,88,86.42410282696568,30.5698698874359,88,ordinary,frozen
2013-frenchopen-1101,2013-520,104925,105676,Clay,R128,False,True,0.6963640764278172,101,73,59.791359591780164,20.30806046239454,73,ordinary,frozen
2013-frenchopen-1101,2013-520,105676,104925,Clay,R128,False,True,0.5205029341753763,112,71,76.49586017460503,27.431993449436288,71,ordinary,frozen
2013-frenchopen-1103,2013-520,104864,106298,Clay,R128,False,False,0.6401923539478733,86,46,61.402811632198464,22.3490809413811,46,ordinary,frozen
2013-frenchopen-1103,2013-520,106298,104864,Clay,R128,False,False,0.6741236531178032,107,69,69.81659530479011,24.59630473688263,69,ordinary,frozen
2013-frenchopen-1106,2013-520,106071,103812,Clay,R128,True,True,0.7424700154447896,88,55,61.14593456563903,21.83932999851672,55,ordinary,frozen
2013-frenchopen-1106,2013-520,103812,106071,Clay,R128,True,True,0.6491454746395658,106,70,67.95270004590024,23.786957358433668,70,ordinary,frozen
2013-frenchopen-1108,2013-520,106210,104259,Clay,R128,False,False,0.5677308983108138,134,84,89.48839862562832,31.81187105195496,84,ordinary,frozen
2013-frenchopen-1108,2013-520,104259,106210,Clay,R128,False,False,0.6933250163399864,118,82,72.58382802100546,25.017247557617637,82,ordinary,frozen
2013-frenchopen-1109,2013-520,103163,105558,Clay,R128,False,True,0.6984615680037815,85,61,50.66396971482402,17.254816471694248,61,ordinary,frozen
2013-frenchopen-1109,2013-520,105558,103163,Clay,R128,False,True,0.5622068344185319,93,53,63.562277786752766,22.801192345657924,53,ordinary,frozen
2013-frenchopen-1110,2013-520,106058,104198,Clay,R128,False,True,0.6846851044682188,80,55,49.688380414103605,17.188133890948386,55,ordinary,frozen
2013-frenchopen-1110,2013-520,104198,106058,Clay,R128,False,True,0.6092961744011317,83,41,59.78531320073547,21.850785434715107,41,ordinary,frozen
2013-frenchopen-1112,2013-520,104122,104545,Clay,R128,False,True,0.6247315289502903,91,55,61.157919245610714,21.7958747925437,55,ordinary,frozen
2013-frenchopen-1112,2013-520,104545,104122,Clay,R128,False,True,0.6864075085855217,89,61,55.42381745060378,19.191102790556243,61,ordinary,frozen
2013-frenchopen-1115,2013-520,104269,102967,Clay,R128,False,True,0.6940109233666171,70,48,43.585373034892626,15.090532679457672,48,ordinary,frozen
2013-frenchopen-1115,2013-520,102967,104269,Clay,R128,False,True,0.581791533881463,77,36,55.241936214695656,20.17407650553787,36,ordinary,frozen
2013-frenchopen-1116,2013-520,103917,104386,Clay,R128,False,True,0.5595086704137934,79,45,54.006725033667806,19.375165891947255,45,ordinary,frozen
2013-frenchopen-1116,2013-520,104386,103917,Clay,R128,False,True,0.6825289443518451,85,57,53.897491167687356,18.788589933523404,57,ordinary,frozen
2013-frenchopen-1117,2013-520,104745,104978,Clay,R128,False,True,0.7921870328761714,113,86,62.45452117728506,20.658143686756723,86,ordinary,frozen
2013-frenchopen-1117,2013-520,104978,104745,Clay,R128,False,True,0.5315007634726754,142,88,96.5643803116397,34.56988037203836,88,ordinary,frozen
2013-frenchopen-1121,2013-520,105332,104571,Clay,R128,False,True,0.5252380196622535,158,100,107.596993119321,38.54064248074798,100,ordinary,frozen
2013-frenchopen-1121,2013-520,104571,105332,Clay,R128,False,True,0.5993714217199883,135,86,88.84245255131245,31.406339122738423,86,ordinary,frozen
2013-frenchopen-1122,2013-520,103997,105270,Clay,R128,False,True,0.6209076124829539,142,82,97.27750460762252,34.91588093277361,82,ordinary,frozen
2013-frenchopen-1122,2013-520,105270,103997,Clay,R128,False,True,0.5196541771660312,155,83,107.12503966049147,38.593678486585084,83,ordinary,frozen
2013-frenchopen-1124,2013-520,105028,105453,Clay,R128,False,True,0.5677905946311377,65,25,47.70386793287725,17.565570626295877,25,ordinary,frozen
2013-frenchopen-1124,2013-520,105453,105028,Clay,R128,False,True,0.6495286706182369,70,46,45.01281485852093,15.775486879978791,46,ordinary,frozen
2013-frenchopen-1125,2013-520,104527,105217,Clay,R128,False,True,0.7521607276385436,138,98,83.70990747173708,28.64941229068604,98,ordinary,frozen
2013-frenchopen-1125,2013-520,105217,104527,Clay,R128,False,True,0.6508134694124755,143,95,91.30871302151075,31.91425940315421,95,ordinary,frozen
2013-frenchopen-1128,2013-520,105077,105668,Clay,R128,False,True,0.5406324816714209,104,66,70.1514055621035,25.033994364145165,66,ordinary,frozen
2013-frenchopen-1128,2013-520,105668,105077,Clay,R128,False,True,0.701177807851809,103,75,60.44591675569533,20.463311599287092,75,ordinary,frozen
2013-frenchopen-1129,2013-520,104252,104797,Clay,R128,True,True,0.6359204151709027,99,55,69.35434513334134,25.083836999882898,55,ordinary,frozen
2013-frenchopen-1129,2013-520,104797,104252,Clay,R128,True,True,0.588742224322942,89,57,58.62983215662652,20.73233562354917,57,ordinary,frozen
2013-frenchopen-1130,2013-520,103722,103786,Clay,R128,False,True,0.6109354191430603,78,48,51.97297101973895,18.46308249861974,48,ordinary,frozen
2013-frenchopen-1130,2013-520,103786,103722,Clay,R128,False,True,0.6393275298471323,93,66,57.058529186121376,19.62155726927907,66,ordinary,frozen
2013-frenchopen-1132,2013-520,104660,104755,Clay,R128,False,True,0.45131196576356325,75,39,52.63637061673988,19.073853453544945,36,ordinary,frozen
2013-frenchopen-1132,2013-520,104755,104660,Clay,R128,False,True,0.7113387649824334,70,52,40.07656455808479,13.44096714149828,52,ordinary,frozen
2013-frenchopen-1133,2013-520,104607,104792,Clay,R128,False,True,0.6281723729384823,182,124,115.03348741316663,40.03054799367218,124,ordinary,frozen
2013-frenchopen-1133,2013-520,104792,104607,Clay,R128,False,True,0.5692514037170759,181,131,115.92127028339911,40.508668300855014,131,ordinary,frozen
2013-frenchopen-1134,2013-520,105208,104297,Clay,R128,False,True,0.7816725547978672,89,59,60.18562091401467,21.14270501410767,59,ordinary,frozen
2013-frenchopen-1134,2013-520,104297,105208,Clay,R128,False,True,0.578411992044683,82,44,56.91024610857087,20.533700168437967,44,ordinary,frozen
2013-frenchopen-1137,2013-520,104312,104919,Clay,R128,False,True,0.6851684055372089,163,105,106.73112488523785,37.63592110044952,105,ordinary,frozen
2013-frenchopen-1137,2013-520,104919,104312,Clay,R128,False,True,0.6188108380053323,162,96,109.73007157157127,39.22246932669978,96,ordinary,frozen
2013-frenchopen-1138,2013-520,104882,105902,Clay,R128,False,True,0.6523517316368832,70,50,42.48985050924614,14.554221560186484,50,ordinary,frozen
2013-frenchopen-1138,2013-520,105902,104882,Clay,R128,False,True,0.6056113039872805,69,30,51.3318217357436,18.970110315448196,30,ordinary,frozen
2013-frenchopen-1139,2013-520,104651,104273,Clay,R128,False,False,0.6129361801845062,92,48,65.25902441697814,23.721676712371362,48,ordinary,frozen
2013-frenchopen-1139,2013-520,104273,104651,Clay,R128,False,False,0.6615197345481169,102,67,65.60056810187803,22.992408208606662,67,ordinary,frozen
2013-frenchopen-1140,2013-520,104890,104597,Clay,R128,False,True,0.5672186789572597,105,70,69.00402094796203,24.37177307057562,70,ordinary,frozen
2013-frenchopen-1140,2013-520,104597,104890,Clay,R128,False,True,0.7580038616254009,107,78,62.75738210348321,21.230371990012593,78,ordinary,frozen
2013-frenchopen-1141,2013-520,105683,103598,Clay,R128,False,True,0.6651156977188952,96,69,57.674999437612755,19.682407284593367,69,ordinary,frozen
2013-frenchopen-1141,2013-520,103598,105683,Clay,R128,False,True,0.6542421075779296,107,60,75.37144269900469,27.290449770745646,60,ordinary,frozen
2013-frenchopen-1142,2013-520,104327,103566,Clay,R128,False,True,0.6741318849435871,131,72,94.54621441610927,34.45845614510824,72,ordinary,frozen
2013-frenchopen-1142,2013-520,103566,104327,Clay,R128,False,True,0.6939648120958187,112,72,73.66625726067872,26.006829026046823,72,ordinary,frozen
2013-frenchopen-1144,2013-520,105011,104731,Clay,R128,False,True,0.5260318487986619,114,64,78.44394277309955,28.212807032132645,64,ordinary,frozen
2013-frenchopen-1144,2013-520,104731,105011,Clay,R128,False,True,0.6878765355623444,90,65,53.42839548544839,18.161721912848023,65,ordinary,frozen
2013-frenchopen-1145,2013-520,104719,103852,Clay,R128,False,True,0.597009483944967,143,91,94.1996244887555,33.31238024260973,91,ordinary,frozen
2013-frenchopen-1145,2013-520,103852,104719,Clay,R128,False,True,0.7200496431942759,166,102,114.98153356160697,41.176139906625586,102,ordinary,frozen
2013-frenchopen-1146,2013-520,105311,104424,Clay,R128,False,False,0.5618802717864583,77,54,50.1102407698637,17.62655751341997,54,ordinary,frozen
2013-frenchopen-1146,2013-520,104424,105311,Clay,R128,False,False,0.6619512749860974,67,34,49.81780599120936,18.345339161478613,34,ordinary,frozen
2013-frenchopen-1148,2013-520,104594,103970,Clay,R128,False,True,0.5456592899576287,86,39,60.703331142299604,22.04456460497242,39,ordinary,frozen
2013-frenchopen-1148,2013-520,103970,104594,Clay,R128,False,True,0.6816625535320545,88,51,61.89604952683984,22.360837185860454,51,ordinary,frozen
2013-frenchopen-1149,2013-520,104542,105379,Clay,R128,False,False,0.7034323904730354,80,55,49.735094664711845,17.20780728529482,55,ordinary,frozen
2013-frenchopen-1149,2013-520,105379,104542,Clay,R128,False,False,0.5380949544899017,76,38,52.900414736745326,19.110293142376666,38,ordinary,frozen
2013-frenchopen-1150,2013-520,103813,103908,Clay,R128,False,True,0.5945078943589425,182,113,121.04552238037611,42.96722970970784,113,ordinary,frozen
2013-frenchopen-1150,2013-520,103908,103813,Clay,R128,False,True,0.6542453044800233,153,94,102.54117191068333,36.49153127818185,94,ordinary,frozen
2013-frenchopen-1152,2013-520,103794,104871,Clay,R128,False,True,0.6298267304292335,108,61,74.9087943185286,27.002763606856774,61,ordinary,frozen
2013-frenchopen-1152,2013-520,104871,103794,Clay,R128,False,True,0.6611816682060339,85,61,51.212313977587414,17.494538340459545,61,ordinary,frozen
2013-frenchopen-1154,2013-520,104678,103484,Clay,R128,False,True,0.6105894593125398,71,49,44.921857203598876,15.632416622845257,49,ordinary,frozen
2013-frenchopen-1154,2013-520,103484,104678,Clay,R128,False,True,0.5532157318160406,79,37,55.74280368473897,20.239799873984825,37,ordinary,frozen
2013-frenchopen-1156,2013-520,104332,105227,Clay,R128,False,True,0.5696273597047133,86,40,61.2936921250828,22.33468951110094,40,ordinary,frozen
2013-frenchopen-1156,2013-520,105227,104332,Clay,R128,False,True,0.6396283547094591,60,46,34.84459853304753,11.70165729562954,46,ordinary,frozen
2013-frenchopen-1157,2013-520,104468,103720,Clay,R128,False,True,0.5973434874650694,118,67,80.91586107649994,29.06064323767862,67,ordinary,frozen
2013-frenchopen-1157,2013-520,103720,104468,Clay,R128,False,True,0.5933743124652924,138,69,98.10365242662682,35.70318918751452,69,ordinary,frozen
2013-frenchopen-1158,2013-520,105173,104655,Clay,R128,False,False,0.6048075436658663,190,109,130.00907747365875,46.652466807117506,109,ordinary,frozen
2013-frenchopen-1158,2013-520,104655,105173,Clay,R128,False,False,0.5323222147646076,145,94,98.02635415324039,35.011629972378834,94,ordinary,frozen
2013-frenchopen-1160,2013-520,105041,105023,Clay,R128,False,True,0.6467469258272992,88,53,59.517380615067495,21.253605436207746,53,ordinary,frozen
2013-frenchopen-1160,2013-520,105023,105041,Clay,R128,False,True,0.7331769499263986,77,58,43.103577574205204,14.342703681097777,58,ordinary,frozen
2013-frenchopen-1161,2013-520,103898,105575,Clay,R128,False,True,0.5980368830571261,159,106,102.79883405946791,36.082230837861815,106,ordinary,frozen
2013-frenchopen-1161,2013-520,105575,103898,Clay,R128,False,True,0.5628967511251853,153,96,102.33966271506547,36.4022949053396,96,ordinary,frozen
2013-frenchopen-1163,2013-520,104500,103926,Clay,R128,False,False,0.6010155525505446,123,76,81.87936305027398,29.075658424456503,76,ordinary,frozen
2013-frenchopen-1163,2013-520,103926,104500,Clay,R128,False,False,0.5992098875526395,103,59,70.4464229524576,25.275639670895767,59,ordinary,frozen
2013-frenchopen-1164,2013-520,105807,103819,Clay,R128,False,False,0.4934863693232279,79,38,54.72624736475572,19.733810871352564,41,ordinary,frozen
2013-frenchopen-1164,2013-520,103819,105807,Clay,R128,False,False,0.7537046889770282,59,47,30.104156543522667,9.667933969130917,47,ordinary,frozen
2013-frenchopen-1201,2013-520,104925,105550,Clay,R64,False,False,0.7407273723097973,68,48,41.40338980636776,14.2002109843099,48,ordinary,frozen
2013-frenchopen-1201,2013-520,105550,104925,Clay,R64,False,False,0.4495691741661755,83,38,57.247120177095205,20.608075479288594,45,ordinary,frozen
2013-frenchopen-1202,2013-520,106298,105777,Clay,R64,False,False,0.5698873602798141,77,44,52.584297262035534,18.857325757691846,44,ordinary,frozen
2013-frenchopen-1202,2013-520,105777,106298,Clay,R64,False,False,0.6398979609266703,87,62,53.21388233188206,18.276490679728497,62,ordinary,frozen
2013-frenchopen-1205,2013-520,103163,106058,Clay,R64,False,True,0.6391302482680642,112,77,70.14215652546035,24.32453888285222,77,ordinary,frozen
2013-frenchopen-1205,2013-520,106058,103163,Clay,R64,False,True,0.6360147994085001,100,61,67.01958095617059,23.857676978826447,61,ordinary,frozen
2013-frenchopen-1206,2013-520,105992,104545,Clay,R64,False,True,0.6935488587124632,185,120,120.78733213608834,42.535127501960474,120,ordinary,frozen
2013-frenchopen-1206,2013-520,104545,105992,Clay,R64,False,True,0.7137172328643216,158,118,89.82868485634421,30.046714625045773,118,ordinary,frozen
2013-frenchopen-1208,2013-520,104269,104386,Clay,R64,False,True,0.5899642947829747,191,117,127.71192831532781,45.4274080224695,117,ordinary,frozen
2013-frenchopen-1208,2013-520,104386,104269,Clay,R64,False,True,0.6812146290109652,190,120,126.0919480684617,44.67862948529228,120,ordinary,frozen
2013-frenchopen-1209,2013-520,104745,105373,Clay,R64,False,True,0.6924475977899504,100,65,65.15781920465245,22.930179855813737,65,ordinary,frozen
2013-frenchopen-1209,2013-520,105373,104745,Clay,R64,False,True,0.4952589055594571,103,55,71.46516758059701,25.78550289266269,48,ordinary,frozen
2013-frenchopen-1210,2013-520,104586,104926,Clay,R64,False,True,0.6634480389712861,126,72,88.34808859725266,31.924058240405294,72,ordinary,frozen
2013-frenchopen-1210,2013-520,104926,104586,Clay,R64,False,True,0.6717557006189409,110,77,67.39716736563827,23.18775144922796,77,ordinary,frozen
2013-frenchopen-1211,2013-520,105332,103997,Clay,R64,False,True,0.5362206491917256,82,54,55.16701391220879,19.66584182610048,54,ordinary,frozen
2013-frenchopen-1211,2013-520,103997,105332,Clay,R64,False,True,0.5715896031504824,102,54,70.89237343521116,25.59321965157995,54,ordinary,frozen
2013-frenchopen-1212,2013-520,104813,105453,Clay,R64,False,True,0.5780515144861634,134,63,95.79372936838868,34.94074533030954,63,ordinary,frozen
2013-frenchopen-1212,2013-520,105453,104813,Clay,R64,False,True,0.6661961079857273,111,64,77.56343208328138,27.990613404608624,64,ordinary,frozen
2013-frenchopen-1213,2013-520,104527,104547,Clay,R64,False,False,0.6831745504906287,98,70,58.85366223400112,20.094854642243092,70,ordinary,frozen
2013-frenchopen-1213,2013-520,104547,104527,Clay,R64,False,False,0.5345009134749752,103,62,70.18860497785484,25.14808305917812,62,ordinary,frozen
2013-frenchopen-1215,2013-520,104797,103786,Clay,R64,False,True,0.636419056140259,103,60,70.61927544907013,25.347722410070105,60,ordinary,frozen
2013-frenchopen-1215,2013-520,103786,104797,Clay,R64,False,True,0.5967259839936474,79,59,48.624318447849205,16.71680398663136,59,ordinary,frozen
2013-frenchopen-1216,2013-520,104308,104755,Clay,R64,False,False,0.5292936863238235,81,35,56.929376194196166,20.64173827429558,35,ordinary,frozen
2013-frenchopen-1216,2013-520,104755,104308,Clay,R64,False,False,0.7139240915926177,64,46,38.02798289175456,12.938990521085213,46,ordinary,frozen
2013-frenchopen-1217,2013-520,104792,105208,Clay,R64,False,True,0.6132484246601645,152,97,99.68006036873896,35.19299742885045,97,ordinary,frozen
2013-frenchopen-1217,2013-520,105208,104792,Clay,R64,False,True,0.6146760910280167,116,75,75.59999737070204,26.626483184049484,75,ordinary,frozen
2013-frenchopen-1219,2013-520,104312,104882,Clay,R64,False,True,0.5991819600650964,163,108,105.60013964711291,37.096797092533656,108,ordinary,frozen
2013-frenchopen-1219,2013-520,104882,104312,Clay,R64,False,True,0.6044588340831608,167,100,112.48469860250086,40.12510369426391,100,ordinary,frozen
2013-frenchopen-1220,2013-520,104273,104597,Clay,R64,False,True,0.6210734872120212,75,46,50.05204660947225,17.7911599153216,46,ordinary,frozen
2013-frenchopen-1220,2013-520,104597,104273,Clay,R64,False,True,0.7181644320165342,101,66,66.17484512819536,23.294070266594233,66,ordinary,frozen
2013-frenchopen-1221,2013-520,105683,103566,Clay,R64,False,True,0.7074549900918305,121,86,72.78277524127952,24.877341827910826,86,ordinary,frozen
2013-frenchopen-1221,2013-520,103566,105683,Clay,R64,False,True,0.6513233024237567,145,89,97.16084171079899,34.576648589198626,89,ordinary,frozen
2013-frenchopen-1224,2013-520,103656,103970,Clay,R64,False,True,0.5650845717407293,87,37,62.749039587487275,22.964631561274132,37,ordinary,frozen
2013-frenchopen-1224,2013-520,103970,103656,Clay,R64,False,True,0.6819320076132293,72,46,47.392707567267,16.744506236116383,46,ordinary,frozen
2013-frenchopen-1225,2013-520,104542,103813,Clay,R64,False,True,0.6801760928605844,80,63,43.66016423990719,14.30897368349359,63,ordinary,frozen
2013-frenchopen-1225,2013-520,103813,104542,Clay,R64,False,True,0.5412396314301046,109,66,74.02372129046952,26.4868655619611,66,ordinary,frozen
2013-frenchopen-1226,2013-520,105138,104871,Clay,R64,False,False,0.6214338388507501,80,47,54.41413986319622,19.479620433531895,47,ordinary,frozen
2013-frenchopen-1226,2013-520,104871,105138,Clay,R64,False,False,0.6871046288735669,97,67,59.999595565754674,20.7229185198318,67,ordinary,frozen
2013-frenchopen-1228,2013-520,106401,105227,Clay,R64,False,False,0.5255795727885004,80,43,55.2493789239996,19.898867726792375,43,ordinary,frozen
2013-frenchopen-1228,2013-520,105227,106401,Clay,R64,False,False,0.6869155453485052,69,55,36.91286820021449,11.997144696123396,55,ordinary,frozen
2013-frenchopen-1229,2013-520,104468,104655,Clay,R64,False,False,0.639071471178057,100,67,63.627997424115215,22.205657389508975,67,ordinary,frozen
2013-frenchopen-1229,2013-520,104655,104468,Clay,R64,False,False,0.5414178931271938,115,56,80.35691539023625,29.07152949455758,56,ordinary,frozen
2013-frenchopen-1230,2013-520,104225,105023,Clay,R64,False,True,0.6062777043443072,100,52,70.76294494887198,25.70438422669237,52,ordinary,frozen
2013-frenchopen-1230,2013-520,105023,104225,Clay,R64,False,True,0.6982515024354295,95,59,64.3251897554236,22.92406297468611,59,ordinary,frozen
2013-frenchopen-1231,2013-520,103898,104735,Clay,R64,False,True,0.5780685730107451,176,105,118.81337740054276,42.418336085815056,105,ordinary,frozen
2013-frenchopen-1231,2013-520,104735,103898,Clay,R64,False,True,0.572841014091188,176,110,117.4257111185342,41.72881852674227,110,ordinary,frozen
2013-frenchopen-1232,2013-520,104500,103819,Clay,R64,False,True,0.4752278650346347,75,35,51.830276163743356,18.672163725478846,40,ordinary,frozen
2013-frenchopen-1232,2013-520,103819,104500,Clay,R64,False,True,0.7384313383025222,65,48,37.35289732414961,12.553846213129377,48,ordinary,frozen
2013-frenchopen-1301,2013-520,104925,105777,Clay,R32,False,True,0.700217124828523,71,52,41.42020981275703,13.989004572955366,52,ordinary,frozen
2013-frenchopen-1301,2013-520,105777,104925,Clay,R32,False,True,0.47245233043947726,84,42,58.352047907011695,21.063745424250126,42,ordinary,frozen
2013-frenchopen-1302,2013-520,103812,104259,Clay,R32,False,True,0.6359669672333196,81,39,60.09318553318866,22.155349212168712,39,ordinary,frozen
2013-frenchopen-1302,2013-520,104259,103812,Clay,R32,False,True,0.7754592897324113,95,63,63.81923099876451,22.41915494678428,63,ordinary,frozen
2013-frenchopen-1303,2013-520,103163,104545,Clay,R32,False,True,0.6950478631896932,208,151,122.62318501262334,41.578583998620815,151,ordinary,frozen
2013-frenchopen-1303,2013-520,104545,103163,Clay,R32,False,True,0.6988691206413162,229,156,143.5088710271471,49.80056730289569,156,ordinary,frozen
2013-frenchopen-1304,2013-520,104022,104386,Clay,R32,False,True,0.5747645529131169,85,61,54.304176996852746,18.958839303860024,61,ordinary,frozen
2013-frenchopen-1304,2013-520,104386,104022,Clay,R32,False,True,0.6336392880269793,88,53,59.32738870543124,21.166125234297873,53,ordinary,frozen
2013-frenchopen-1305,2013-520,104745,104926,Clay,R32,False,True,0.6848630653025665,104,66,68.86382492359344,24.37796687448648,66,ordinary,frozen
2013-frenchopen-1305,2013-520,104926,104745,Clay,R32,False,True,0.4837958817897876,129,73,90.034898865754,32.55934198423281,56,ordinary,frozen
2013-frenchopen-1306,2013-520,105332,105453,Clay,R32,False,True,0.5266418547732076,137,76,94.35590903368242,33.94761319273056,76,ordinary,frozen
2013-frenchopen-1306,2013-520,105453,105332,Clay,R32,False,True,0.6026926274847404,119,76,78.17338185051352,27.616090606030205,76,ordinary,frozen
2013-frenchopen-1307,2013-520,104527,105668,Clay,R32,False,True,0.6435001105039727,120,85,73.57055903731472,25.296068280559652,85,ordinary,frozen
2013-frenchopen-1307,2013-520,105668,104527,Clay,R32,False,True,0.6308741184923563,132,81,88.14005855147497,31.334677050861284,81,ordinary,frozen
2013-frenchopen-1308,2013-520,103786,104755,Clay,R32,False,True,0.5505633274602161,97,55,66.41466453211243,23.84067180115055,55,ordinary,frozen
2013-frenchopen-1308,2013-520,104755,103786,Clay,R32,False,True,0.6811498536578168,87,59,54.6593572323968,18.989282981389294,59,ordinary,frozen
2013-frenchopen-1309,2013-520,104792,103990,Clay,R32,False,True,0.6498783778117599,166,100,112.36233419685375,40.13308082489061,100,ordinary,frozen
2013-frenchopen-1309,2013-520,103990,104792,Clay,R32,False,True,0.5939139499860052,158,104,102.8504374710048,36.197835641011615,104,ordinary,frozen
2013-frenchopen-1311,2013-520,105683,104731,Clay,R32,False,True,0.697234454763575,131,78,91.45363393556514,32.91522598002152,78,ordinary,frozen
2013-frenchopen-1311,2013-520,104731,105683,Clay,R32,False,True,0.6830258220693338,97,73,55.40368995544584,18.53108451838572,73,ordinary,frozen
2013-frenchopen-1312,2013-520,103852,103970,Clay,R32,False,True,0.5958831834604644,104,51,74.42396076088941,27.147899193454286,51,ordinary,frozen
2013-frenchopen-1312,2013-520,103970,103852,Clay,R32,False,True,0.6986433018291567,87,58,55.58402744930831,19.422291285412737,58,ordinary,frozen
2013-frenchopen-1313,2013-520,104542,104871,Clay,R32,False,True,0.7061011901672372,72,57,38.20360953287201,12.402144455337359,57,ordinary,frozen
2013-frenchopen-1313,2013-520,104871,104542,Clay,R32,False,True,0.612179113406038,74,45,49.55200533919893,17.636361543361183,45,ordinary,frozen
2013-frenchopen-1314,2013-520,104678,105227,Clay,R32,False,True,0.5540227676900926,126,81,84.17144114982018,29.92290625119778,81,ordinary,frozen
2013-frenchopen-1314,2013-520,105227,104678,Clay,R32,False,True,0.6194185412484482,117,70,78.93277237167766,28.171885746572848,70,ordinary,frozen
2013-frenchopen-1315,2013-520,104468,105023,Clay,R32,False,True,0.6229202626395237,137,84,91.45111392425804,32.509458420704384,84,ordinary,frozen
2013-frenchopen-1315,2013-520,105023,104468,Clay,R32,False,True,0.637501482958456,130,81,86.18810262034347,30.5578180613801,81,ordinary,frozen
2013-frenchopen-1316,2013-520,103898,103819,Clay,R32,False,True,0.5416372442360974,83,49,56.56798925940126,20.269335125387382,49,ordinary,frozen
2013-frenchopen-1316,2013-520,103819,103898,Clay,R32,False,True,0.7248601507420516,79,64,39.950834966145266,12.726257517586788,64,ordinary,frozen
2013-frenchopen-1401,2013-520,104925,104259,Clay,R16,False,True,0.6983682463291566,141,94,90.07859485300874,31.47503694492004,94,ordinary,frozen
2013-frenchopen-1401,2013-520,104259,104925,Clay,R16,False,True,0.5325754708231485,116,76,78.30302545493404,27.950377761091232,76,ordinary,frozen
2013-frenchopen-1402,2013-520,103163,104022,Clay,R16,False,True,0.5888008760221932,70,43,46.769988393328944,16.631177674406533,43,ordinary,frozen
2013-frenchopen-1402,2013-520,104022,103163,Clay,R16,False,True,0.5871191684698167,58,22,43.561070036781125,16.159873830440027,22,ordinary,frozen
2013-frenchopen-1403,2013-520,104745,105453,Clay,R16,False,True,0.6812789703067436,78,55,47.40718617700437,16.262314026071117,55,ordinary,frozen
2013-frenchopen-1403,2013-520,105453,104745,Clay,R16,False,True,0.5025085614661403,78,42,54.03635879523469,19.485439475892253,42,ordinary,frozen
2013-frenchopen-1404,2013-520,104527,104755,Clay,R16,False,True,0.5993833465974201,175,122,110.92794189830718,38.62103276143603,122,ordinary,frozen
2013-frenchopen-1404,2013-520,104755,104527,Clay,R16,False,True,0.6387471717167279,194,125,126.28504818389806,44.464809249785134,125,ordinary,frozen
2013-frenchopen-1405,2013-520,103990,104597,Clay,R16,False,True,0.6530855749472915,167,104,111.0055593914853,39.3871687010705,104,ordinary,frozen
2013-frenchopen-1405,2013-520,104597,103990,Clay,R16,False,True,0.7162756771278243,167,102,115.92028995817432,41.559253088626015,102,ordinary,frozen
2013-frenchopen-1406,2013-520,104731,103970,Clay,R16,False,True,0.5863982504917198,86,41,61.61232825035732,22.487553563137453,41,ordinary,frozen
2013-frenchopen-1406,2013-520,103970,104731,Clay,R16,False,True,0.6978044082327137,71,52,41.447390023167074,14.000441986377327,52,ordinary,frozen
2013-frenchopen-1407,2013-520,104542,104678,Clay,R16,False,True,0.6376176960047644,81,60,48.317150125216266,16.416938906360627,60,ordinary,frozen
2013-frenchopen-1407,2013-520,104678,104542,Clay,R16,False,True,0.5664068253521104,87,49,59.608337291045984,21.40318330256786,49,ordinary,frozen
2013-frenchopen-1408,2013-520,104468,103819,Clay,R16,False,True,0.515611980826671,161,93,110.8943638152407,39.89894164453173,93,ordinary,frozen
2013-frenchopen-1408,2013-520,103819,104468,Clay,R16,False,True,0.6903400036623809,117,79,73.821766500208,25.684889938163217,79,ordinary,frozen
2013-frenchopen-1501,2013-520,103163,104925,Clay,QF,False,True,0.5002144226498009,4,2,2.772589090056397,1.000000183908291,2,ordinary,frozen
2013-frenchopen-1503,2013-520,103990,103970,Clay,QF,False,True,0.5856023336281867,68,31,49.18292538859727,18.011901649305337,31,ordinary,frozen
2013-frenchopen-1503,2013-520,103970,103990,Clay,QF,False,True,0.7160723814268143,62,47,34.5823182726232,11.480294783300135,47,ordinary,frozen
2013-frenchopen-1504,2013-520,104542,103819,Clay,QF,False,True,0.587787971285126,76,56,47.48213197740947,16.42534435431468,56,ordinary,frozen
2013-frenchopen-1504,2013-520,103819,104542,Clay,QF,False,True,0.6874732708454885,100,53,74.52488160321599,27.38978310307766,53,ordinary,frozen
2013-frenchopen-1601,2013-520,104925,104745,Clay,SF,False,True,0.5953084208303934,175,106,117.39909166863569,41.813235068482534,106,ordinary,frozen
2013-frenchopen-1601,2013-520,104745,104925,Clay,SF,False,True,0.5938378662444755,160,108,103.13623498076856,36.153966712919946,108,ordinary,frozen
2013-frenchopen-1602,2013-520,103970,104542,Clay,SF,False,True,0.6518949400724711,88,58,56.47409661681346,19.777284086097332,58,ordinary,frozen
2013-frenchopen-1602,2013-520,104542,103970,Clay,SF,False,True,0.598907359111342,103,54,72.44759084319051,26.263077770140427,54,ordinary,frozen
2013-frenchopen-1701,2013-520,104745,103970,Clay,F,False,True,0.6461813111371048,87,54,57.866490236482264,20.539293354262185,54,ordinary,frozen
2013-frenchopen-1701,2013-520,103970,104745,Clay,F,False,True,0.5729059607156272,85,39,60.858862677585655,22.212140449178218,39,ordinary,frozen
2013-wimbledon-1101,2013-540,104925,104252,Grass,R128,False,True,0.7107602293116803,87,67,47.68513470018996,15.708798282928575,67,ordinary,frozen
2013-wimbledon-1101,2013-540,104252,104925,Grass,R128,False,True,0.5633963592470467,108,66,72.67558328737238,25.912550001575184,66,ordinary,frozen
2013-wimbledon-1104,2013-540,105992,104871,Grass,R128,False,True,0.7104801945869254,155,100,102.35565716567878,36.1451876521576,100,ordinary,frozen
2013-wimbledon-1104,2013-540,104871,105992,Grass,R128,False,True,0.6917300473359332,119,88,68.91339811039097,23.19587621697307,88,ordinary,frozen
2013-wimbledon-1105,2013-540,104468,103852,Grass,R128,False,True,0.6593813647646558,119,76,77.9610913020222,27.513302875441425,76,ordinary,frozen
2013-wimbledon-1105,2013-540,103852,104468,Grass,R128,False,True,0.6770471787681958,85,72,42.77426847611738,13.468601251007534,72,ordinary,frozen
2013-wimbledon-1108,2013-540,104098,103163,Grass,R128,False,True,0.6358696128235577,95,61,61.966737769098245,21.835272864202175,61,ordinary,frozen
2013-wimbledon-1108,2013-540,103163,104098,Grass,R128,False,True,0.7549743044793699,98,74,54.552708406728726,18.122450578615872,74,ordinary,frozen
2013-wimbledon-1109,2013-540,104755,104719,Grass,R128,False,True,0.7710018154808902,129,87,84.53534645155196,29.528934238578,87,ordinary,frozen
2013-wimbledon-1109,2013-540,104719,104755,Grass,R128,False,True,0.586631832198158,146,88,98.17365640021296,34.9967858891567,88,ordinary,frozen
2013-wimbledon-1112,2013-540,106071,105023,Grass,R128,False,True,0.6838789698838174,156,106,97.85878469416531,33.9773678747295,106,ordinary,frozen
2013-wimbledon-1112,2013-540,105023,106071,Grass,R128,False,True,0.717954655842651,149,109,86.74452336665934,29.28925931537686,109,ordinary,frozen
2013-wimbledon-1116,2013-540,105373,104607,Grass,R128,False,True,0.61740413207121,97,56,66.39677945986764,23.82595985098908,56,ordinary,frozen
2013-wimbledon-1116,2013-540,104607,105373,Grass,R128,False,True,0.712015566686595,82,64,44.14523161049678,14.433233174846546,64,ordinary,frozen
2013-wimbledon-1117,2013-540,103970,104651,Grass,R128,False,False,0.7619477030786375,100,72,59.76258673382411,20.335960979357353,72,ordinary,frozen
2013-wimbledon-1117,2013-540,104651,103970,Grass,R128,False,False,0.5562365752143037,110,66,74.46146646270734,26.610676108387064,66,ordinary,frozen
2013-wimbledon-1121,2013-540,105683,104122,Grass,R128,False,True,0.6997875945473063,72,58,37.550459241536146,12.08323181123844,58,ordinary,frozen
2013-wimbledon-1121,2013-540,104122,105683,Grass,R128,False,True,0.6303322724805746,104,60,71.47712218391638,25.681279770305682,60,ordinary,frozen
2013-wimbledon-1124,2013-540,104471,104259,Grass,R128,True,True,0.6161393186583117,155,109,96.83063466269047,33.52391583198097,109,ordinary,frozen
2013-wimbledon-1124,2013-540,104259,104471,Grass,R128,True,True,0.7823241314007732,168,112,112.88034419144736,39.580610390318476,112,ordinary,frozen
2013-wimbledon-1129,2013-540,105777,104620,Grass,R128,False,True,0.6184240275744609,63,53,35.105242253543885,11.541294583636452,53,ordinary,frozen
2013-wimbledon-1129,2013-540,104620,105777,Grass,R128,False,True,0.6504203283435015,86,47,61.206341495279446,22.242497038643133,47,ordinary,frozen
2013-wimbledon-1132,2013-540,105077,105223,Grass,R128,False,True,0.5572575128634386,76,39,52.9507630968056,19.134645105500443,39,ordinary,frozen
2013-wimbledon-1132,2013-540,105223,105077,Grass,R128,False,True,0.7482763417971604,79,57,46.876341442021314,15.92997824689764,57,ordinary,frozen
2013-wimbledon-1133,2013-540,104745,104327,Grass,R128,False,True,0.8054394270421512,119,73,91.09735114751857,32.60503145729059,73,ordinary,frozen
2013-wimbledon-1133,2013-540,104327,104745,Grass,R128,False,True,0.5843764776806047,121,81,78.6330147895813,27.652010603375263,81,ordinary,frozen
2013-wimbledon-1140,2013-540,103720,104527,Grass,R128,False,True,0.6355208648116851,99,63,64.89284744899467,22.909161225215897,63,ordinary,frozen
2013-wimbledon-1140,2013-540,104527,103720,Grass,R128,False,True,0.6894059508558122,105,61,74.13523979093756,26.7969333285086,61,ordinary,frozen
2013-wimbledon-1141,2013-540,104597,105132,Grass,R128,False,True,0.8012229608304559,83,72,33.72763963782393,9.9064269762539,72,ordinary,frozen
2013-wimbledon-1141,2013-540,105132,104597,Grass,R128,False,True,0.6746045710974765,124,78,82.34787933694031,29.193011499649334,78,ordinary,frozen
2013-wimbledon-1144,2013-540,106378,105668,Grass,R128,False,False,0.6250111085781839,90,49,63.24452085760264,22.90641108548971,49,ordinary,frozen
2013-wimbledon-1144,2013-540,105668,106378,Grass,R128,False,False,0.7477087709484769,76,57,42.73853063717259,14.250398979523059,57,ordinary,frozen
2013-wimbledon-1145,2013-540,104926,103781,Grass,R128,False,True,0.6421488765253061,132,73,92.96491871326155,33.677147737503404,73,ordinary,frozen
2013-wimbledon-1145,2013-540,103781,104926,Grass,R128,False,True,0.6095355824539763,130,84,84.84411593810826,29.89739356380804,84,ordinary,frozen
2013-wimbledon-1147,2013-540,104297,104660,Grass,R128,False,True,0.6680716058023689,42,24,29.531686247211475,10.677989081619236,24,ordinary,frozen
2013-wimbledon-1147,2013-540,104660,104297,Grass,R128,False,True,0.68048576462558,27,24,12.661621379430741,3.839326946139787,24,ordinary,frozen
2013-wimbledon-1148,2013-540,103812,103819,Grass,R128,False,True,0.6142278010198144,61,29,44.614556576053765,16.388610825134606,29,ordinary,frozen
2013-wimbledon-1148,2013-540,103819,103812,Grass,R128,False,True,0.8517040889202462,56,49,21.225109386927635,6.155391170490004,49,ordinary,frozen
2013-wimbledon-1149,2013-540,104542,105676,Grass,R128,False,True,0.7005376337016418,92,69,52.290226212459885,17.47508036254463,69,ordinary,frozen
2013-wimbledon-1149,2013-540,105676,104542,Grass,R128,False,True,0.6554351495805614,99,65,63.68571505328005,22.323358849790615,65,ordinary,frozen
2013-wimbledon-1156,2013-540,104571,105227,Grass,R128,False,True,0.6190339122718443,71,47,45.70205343812822,16.0182241489702,47,ordinary,frozen
2013-wimbledon-1156,2013-540,105227,104571,Grass,R128,False,True,0.6638632270857808,80,61,45.70493282812146,15.265837037674501,61,ordinary,frozen
2013-wimbledon-1157,2013-540,104386,104678,Grass,R128,False,True,0.6861426495486624,101,68,63.854492476303705,22.234564949877427,68,ordinary,frozen
2013-wimbledon-1157,2013-540,104678,104386,Grass,R128,False,True,0.6216611203956474,95,71,57.07773063744759,19.438063021917372,71,ordinary,frozen
2013-wimbledon-1160,2013-540,104898,104022,Grass,R128,False,True,0.6133113558117623,123,76,81.81143984308687,29.04322467423457,76,ordinary,frozen
2013-wimbledon-1160,2013-540,104022,104898,Grass,R128,False,True,0.6252657624305187,92,70,54.46433547121149,18.430862437166624,70,ordinary,frozen
2013-wimbledon-1163,2013-540,104868,104229,Grass,R128,False,True,0.6623844706281545,168,112,106.94128247969095,37.33641398342259,112,ordinary,frozen
2013-wimbledon-1163,2013-540,104229,104868,Grass,R128,False,True,0.5824632283472414,169,116,108.98603097494711,38.204047715100714,116,ordinary,frozen
2013-wimbledon-1164,2013-540,103794,104918,Grass,R128,False,True,0.5321305418769879,79,43,54.47163140566174,19.606643572844487,43,ordinary,frozen
2013-wimbledon-1164,2013-540,104918,103794,Grass,R128,False,True,0.7271063223249896,86,59,53.866442787507395,18.668243906638793,59,ordinary,frozen
2013-wimbledon-1201,2013-540,104925,104035,Grass,R64,False,True,0.7947729601452984,73,61,33.01528699445416,10.14917510927636,61,ordinary,frozen
2013-wimbledon-1201,2013-540,104035,104925,Grass,R64,False,True,0.5686404420253011,121,68,82.94957771158667,29.79048611367336,68,ordinary,frozen
2013-wimbledon-1204,2013-540,104499,103163,Grass,R64,False,True,0.6113887308250409,89,52,60.55666216782999,21.68343203020278,52,ordinary,frozen
2013-wimbledon-1204,2013-540,103163,104499,Grass,R64,False,True,0.6784417120382827,74,61,38.41485321194883,12.291064722203782,61,ordinary,frozen
2013-wimbledon-1205,2013-540,104755,104424,Grass,R64,False,True,0.7081417286659626,107,70,69.72278941882027,24.51688172971314,70,ordinary,frozen
2013-wimbledon-1205,2013-540,104424,104755,Grass,R64,False,True,0.6253621099716702,124,65,88.43851279030568,32.19656900862207,65,ordinary,frozen
2013-wimbledon-1206,2013-540,103484,106071,Grass,R64,False,True,0.6376945793971419,94,53,65.47045527624383,23.629885983597745,53,ordinary,frozen
2013-wimbledon-1206,2013-540,106071,103484,Grass,R64,False,True,0.6667403238862809,99,67,62.32142521341731,21.666519889340652,67,ordinary,frozen
2013-wimbledon-1208,2013-540,104978,104607,Grass,R64,False,True,0.651054965630976,101,64,66.42142925602897,23.476093794782958,64,ordinary,frozen
2013-wimbledon-1208,2013-540,104607,104978,Grass,R64,False,True,0.8071762220341087,81,66,38.82775429005533,12.226948418295448,66,ordinary,frozen
2013-wimbledon-1209,2013-540,103970,105138,Grass,R64,False,False,0.7619477030786375,131,86,87.96837293500714,30.998918662186657,86,ordinary,frozen
2013-wimbledon-1209,2013-540,105138,103970,Grass,R64,False,False,0.5562365752143037,142,87,95.71636018946023,34.14951203278272,87,ordinary,frozen
2013-wimbledon-1210,2013-540,105053,105238,Grass,R64,False,True,0.6741441847943573,102,59,71.48027679253165,25.806965147254793,59,ordinary,frozen
2013-wimbledon-1210,2013-540,105238,105053,Grass,R64,False,True,0.6876750673734839,76,60,41.085709222396154,13.419163785003478,60,ordinary,frozen
2013-wimbledon-1211,2013-540,105683,104997,Grass,R64,False,True,0.7976699056369176,109,74,72.65338848867498,25.299077306846378,74,ordinary,frozen
2013-wimbledon-1211,2013-540,104997,105683,Grass,R64,False,True,0.7187423297352633,94,75,48.87012391689148,15.748160975718255,75,ordinary,frozen
2013-wimbledon-1213,2013-540,105453,104919,Grass,R64,False,True,0.714014278180184,106,70,68.64494450954452,24.078538335962175,70,ordinary,frozen
2013-wimbledon-1213,2013-540,104919,105453,Grass,R64,False,True,0.6479413643961551,106,59,74.66935367757843,27.04468824098211,59,ordinary,frozen
2013-wimbledon-1215,2013-540,105777,104813,Grass,R64,False,True,0.6895446335910589,190,136,113.71906099026445,38.783501988935235,136,ordinary,frozen
2013-wimbledon-1215,2013-540,104813,105777,Grass,R64,False,True,0.6512761040083902,188,131,116.22369363068489,40.10784671644309,131,ordinary,frozen
2013-wimbledon-1216,2013-540,105028,105223,Grass,R64,False,True,0.6148163247569742,100,57,68.75011187473895,24.71085029647226,57,ordinary,frozen
2013-wimbledon-1216,2013-540,105223,105028,Grass,R64,False,True,0.7427327219187982,86,62,51.023333494972334,17.34320555603501,62,ordinary,frozen
2013-wimbledon-1219,2013-540,104545,105173,Grass,R64,True,True,0.7211767178176907,5,5,1.6343553536705984,0.38871211343457845,5,ordinary,frozen
2013-wimbledon-1219,2013-540,105173,104545,Grass,R64,True,True,0.6833378530984466,5,4,2.6729833810970125,0.8680502825983981,4,ordinary,frozen
2013-wimbledon-1220,2013-540,104460,103720,Grass,R64,False,True,0.7161595567634902,146,96,95.01697096629108,33.378503669986976,96,ordinary,frozen
2013-wimbledon-1220,2013-540,103720,104460,Grass,R64,False,True,0.6998950004390296,130,81,87.88034180377267,31.297901442018606,81,ordinary,frozen
2013-wimbledon-1221,2013-540,104597,105558,Grass,R64,False,True,0.7888968978465368,125,91,74.46178073154186,25.215554020916443,91,ordinary,frozen
2013-wimbledon-1221,2013-540,105558,104597,Grass,R64,False,True,0.6308550106663241,123,81,79.17077987123565,27.752787743440866,81,ordinary,frozen
2013-wimbledon-1222,2013-540,103285,105668,Grass,R64,True,True,0.6369313214544597,65,36,45.62109871409292,16.510242891510977,36,ordinary,frozen
2013-wimbledon-1222,2013-540,105668,103285,Grass,R64,True,True,0.6978258609877812,42,33,22.643694052535807,7.395852329866642,33,ordinary,frozen
2013-wimbledon-1224,2013-540,104660,103819,Grass,R64,False,True,0.4668327120430245,165,119,119.58265413061463,43.85272340427866,46,ordinary,frozen
2013-wimbledon-1224,2013-540,103819,104660,Grass,R64,False,True,0.7878003182766562,158,115,94.08850657624097,31.8653627497036,115,ordinary,frozen
2013-wimbledon-1225,2013-540,104542,105208,Grass,R64,True,True,0.7067388908350123,84,53,56.423431250093714,20.041985796259784,53,ordinary,frozen
2013-wimbledon-1225,2013-540,105208,104542,Grass,R64,True,True,0.6837748739503791,85,57,53.903638245201236,18.79125102055461,57,ordinary,frozen
2013-wimbledon-1226,2013-540,104269,103898,Grass,R64,False,True,0.6740431674425328,97,75,54.246371340979046,17.963941466488425,75,ordinary,frozen
2013-wimbledon-1226,2013-540,103898,104269,Grass,R64,False,True,0.6826772384591608,126,79,84.10519940198135,29.85907102414106,79,ordinary,frozen
2013-wimbledon-1227,2013-540,104338,104330,Grass,R64,False,False,0.6891397930096579,102,78,57.08215571657785,18.93538503005157,78,ordinary,frozen
2013-wimbledon-1227,2013-540,104330,104338,Grass,R64,False,False,0.6022441963757171,133,79,89.8438087738651,32.08426055771173,79,ordinary,frozen
2013-wimbledon-1230,2013-540,105577,104022,Grass,R64,False,False,0.5894309034924716,158,108,101.59911208954267,35.57667366435445,108,ordinary,frozen
2013-wimbledon-1230,2013-540,104022,105577,Grass,R64,False,False,0.6929184637809228,163,115,98.8577533792022,33.890920914495545,115,ordinary,frozen
2013-wimbledon-1231,2013-540,103990,103917,Grass,R64,False,True,0.7119666759826141,100,80,52.07151570777814,16.774986613755004,80,ordinary,frozen
2013-wimbledon-1231,2013-540,103917,103990,Grass,R64,False,True,0.672429997888781,94,66,57.442077504268894,19.742477872387273,66,ordinary,frozen
2013-wimbledon-1232,2013-540,104229,104918,Grass,R64,False,True,0.5315132563942707,108,62,74.06506644492785,26.60304111317734,62,ordinary,frozen
2013-wimbledon-1232,2013-540,104918,104229,Grass,R64,False,True,0.733440471663296,82,64,43.63940425025988,14.230283515939718,64,ordinary,frozen
2013-wimbledon-1301,2013-540,104925,104871,Grass,R32,False,True,0.7804774757745773,58,52,21.98597131813334,6.160757750548402,52,ordinary,frozen
2013-wimbledon-1301,2013-540,104871,104925,Grass,R32,False,True,0.5762178052304032,89,47,61.96816630425057,22.385925665086415,47,ordinary,frozen
2013-wimbledon-1302,2013-540,103852,103163,Grass,R32,False,True,0.6902175501146578,125,78,83.99697351691074,29.8760954928984,78,ordinary,frozen
2013-wimbledon-1302,2013-540,103163,103852,Grass,R32,False,True,0.6846627352628717,111,81,65.3085183957567,22.117336664812505,81,ordinary,frozen
2013-wimbledon-1303,2013-540,104755,106071,Grass,R32,False,True,0.7246332370574916,141,110,75.40905250541942,24.618847130378896,110,ordinary,frozen
2013-wimbledon-1303,2013-540,106071,104755,Grass,R32,False,True,0.6166911509119279,166,116,104.01859677125967,36.058776940203714,116,ordinary,frozen
2013-wimbledon-1304,2013-540,104731,104607,Grass,R32,False,True,0.656015771814998,121,78,78.77035218948605,27.734699434133645,78,ordinary,frozen
2013-wimbledon-1304,2013-540,104607,104731,Grass,R32,False,True,0.7384702419981315,124,81,82.22904211317928,28.98976978758328,81,ordinary,frozen
2013-wimbledon-1305,2013-540,103970,105238,Grass,R32,False,True,0.7164478500180925,144,98,90.65460645336444,31.49106453501266,98,ordinary,frozen
2013-wimbledon-1305,2013-540,105238,103970,Grass,R32,False,True,0.634454289192998,187,109,128.0903016171198,45.9624947850248,109,ordinary,frozen
2013-wimbledon-1306,2013-540,104997,104471,Grass,R32,True,True,0.7755773485505671,42,16,42.9161893493403,16.445374236940424,16,ordinary,frozen
2013-wimbledon-1306,2013-540,104471,104997,Grass,R32,True,True,0.7098209330814764,36,29,18.600333403813693,5.968833134738049,29,ordinary,frozen
2013-wimbledon-1308,2013-540,104813,105223,Grass,R32,False,True,0.6246987618053862,101,64,66.37205862347619,23.453661332030013,64,ordinary,frozen
2013-wimbledon-1308,2013-540,105223,104813,Grass,R32,False,True,0.7566284551031112,89,67,49.77481047131416,16.563096113566246,67,ordinary,frozen
2013-wimbledon-1309,2013-540,103997,105332,Grass,R32,False,True,0.6210980958023247,88,58,56.73778028686498,19.89975121254642,58,ordinary,frozen
2013-wimbledon-1309,2013-540,105332,103997,Grass,R32,False,True,0.5868622067830037,77,40,54.025650896327676,19.57038168812641,40,ordinary,frozen
2013-wimbledon-1311,2013-540,104597,105668,Grass,R32,False,True,0.7284111943141484,107,66,74.35682126381757,26.62208922676397,66,ordinary,frozen
2013-wimbledon-1311,2013-540,105668,104597,Grass,R32,False,True,0.7130948085635369,87,68,46.717046696059086,15.25897195738224,68,ordinary,frozen
2013-wimbledon-1312,2013-540,103781,104660,Grass,R32,False,True,0.672959674336929,110,70,72.43176275230327,25.60186515403315,70,ordinary,frozen
2013-wimbledon-1312,2013-540,104660,103781,Grass,R32,False,True,0.5388902833776446,107,66,72.54294674773682,25.93957550866659,66,ordinary,frozen
2013-wimbledon-1313,2013-540,105208,104269,Grass,R32,False,True,0.7282452347176247,82,49,58.53297608578535,21.1199389925649,49,ordinary,frozen
2013-wimbledon-1313,2013-540,104269,105208,Grass,R32,False,True,0.6651497199873694,75,58,42.2483211387685,14.024443731410845,58,ordinary,frozen
2013-wimbledon-1314,2013-540,104338,104932,Grass,R32,False,True,0.7034077095654584,109,69,72.89135701185197,25.861018320464286,69,ordinary,frozen
2013-wimbledon-1314,2013-540,104932,104338,Grass,R32,False,True,0.6752666256467866,108,74,67.29745509924832,23.306921101214506,74,ordinary,frozen
2013-wimbledon-1315,2013-540,104678,104022,Grass,R32,False,True,0.6168367936284315,96,58,64.47592841415924,22.97374441658715,58,ordinary,frozen
2013-wimbledon-1315,2013-540,104022,104678,Grass,R32,False,True,0.6260110149375631,90,65,55.03339864149657,18.888649232201004,65,ordinary,frozen
2013-wimbledon-1316,2013-540,103990,104918,Grass,R32,False,True,0.6031600126752752,100,59,67.72190013149505,24.20731859336134,59,ordinary,frozen
2013-wimbledon-1316,2013-540,104918,103990,Grass,R32,False,True,0.7437573552752872,80,60,44.995035012621784,15.003117649052717,60,ordinary,frozen
2013-wimbledon-1401,2013-540,104925,103163,Grass,R16,False,True,0.7310126410747537,89,61,55.87934113149594,19.376231634466762,61,ordinary,frozen
2013-wimbledon-1401,2013-540,103163,104925,Grass,R16,False,True,0.5514991525879842,107,57,74.01378908280807,26.673287342633124,57,ordinary,frozen
2013-wimbledon-1402,2013-540,106071,104607,Grass,R16,False,True,0.6151161754243527,170,104,113.5558962345016,40.378380087410754,104,ordinary,frozen
2013-wimbledon-1402,2013-540,104607,106071,Grass,R16,False,True,0.7322080077529373,139,98,84.56501757014297,29.00910124026033,98,ordinary,frozen
2013-wimbledon-1403,2013-540,103970,104471,Grass,R16,False,True,0.8055056558466978,125,91,75.35191463024626,25.502890836028346,91,ordinary,frozen
2013-wimbledon-1403,2013-540,104471,103970,Grass,R16,False,True,0.5549334242143602,148,89,100.1750870337849,35.79861407576459,89,ordinary,frozen
2013-wimbledon-1404,2013-540,104312,105223,Grass,R16,False,True,0.6528768922009103,107,65,72.15301805436819,25.734565305463,65,ordinary,frozen
2013-wimbledon-1404,2013-540,105223,104312,Grass,R16,False,True,0.7093102890879301,102,73,60.90220807849615,20.759048586174508,73,ordinary,frozen
2013-wimbledon-1406,2013-540,105668,103781,Grass,R16,False,True,0.7039755558667296,148,104,90.0669939491435,30.919158701885138,104,ordinary,frozen
2013-wimbledon-1406,2013-540,103781,105668,Grass,R16,False,True,0.6356226978242693,150,104,93.56762251823741,32.39291095096234,104,ordinary,frozen
2013-wimbledon-1407,2013-540,104269,104932,Grass,R16,False,True,0.7198619117992634,77,60,41.35378710104304,13.51806083265376,60,ordinary,frozen
2013-wimbledon-1407,2013-540,104932,104269,Grass,R16,False,True,0.7089705639711504,96,58,66.85316648016556,24.012783594793376,58,ordinary,frozen
2013-wimbledon-1408,2013-540,104022,104918,Grass,R16,False,True,0.5542801017373374,93,52,63.81507305990268,22.926927519238546,52,ordinary,frozen
2013-wimbledon-1408,2013-540,104918,104022,Grass,R16,False,True,0.6837312740260297,108,71,69.5865442485115,24.398912237079614,71,ordinary,frozen
2013-wimbledon-1501,2013-540,104925,104607,Grass,QF,False,True,0.7075395066039102,89,63,53.76066196732248,18.40450382097943,63,ordinary,frozen
2013-wimbledon-1501,2013-540,104607,104925,Grass,QF,False,True,0.6162024056629954,99,60,66.39874590202575,23.646546390181967,60,ordinary,frozen
2013-wimbledon-1502,2013-540,103970,105223,Grass,QF,False,True,0.6999068603279319,103,62,71.47225445129868,25.668119472149073,62,ordinary,frozen
2013-wimbledon-1502,2013-540,105223,103970,Grass,QF,False,True,0.6579794902852213,87,66,50.15695623246528,16.812227120682756,66,ordinary,frozen
2013-wimbledon-1503,2013-540,103997,105668,Grass,QF,False,True,0.6395786673142511,100,64,65.34185799081234,23.04001775212321,64,ordinary,frozen
2013-wimbledon-1503,2013-540,105668,103997,Grass,QF,False,True,0.6941250863812983,103,75,60.550945232597186,20.50762950382127,75,ordinary,frozen
2013-wimbledon-1504,2013-540,104269,104918,Grass,QF,False,True,0.5696638333736966,148,92,98.98777615037737,35.21035335123401,92,ordinary,frozen
2013-wimbledon-1504,2013-540,104918,104269,Grass,QF,False,True,0.7275981691332731,135,95,82.22968246125593,28.22522578770041,95,ordinary,frozen
2013-wimbledon-1601,2013-540,104925,105223,Grass,SF,False,True,0.7189160868382637,177,123,109.12281792293987,37.627382802714145,123,ordinary,frozen
2013-wimbledon-1601,2013-540,105223,104925,Grass,SF,False,True,0.6063180737787819,191,124,124.50167229380119,43.84884456170726,124,ordinary,frozen
2013-wimbledon-1602,2013-540,105668,104918,Grass,SF,False,True,0.6202500912524476,130,81,86.13210976466097,30.531808057930533,81,ordinary,frozen
2013-wimbledon-1602,2013-540,104918,105668,Grass,SF,False,True,0.7150894711992725,113,84,64.58102158305392,21.647852394188455,84,ordinary,frozen
2013-wimbledon-1701,2013-540,104925,104918,Grass,F,False,True,0.659216573154074,105,55,76.74407953421932,28.115658436756924,55,ordinary,frozen
2013-wimbledon-1701,2013-540,104918,104925,Grass,F,False,True,0.6017638531008259,105,64,70.25408634366313,24.996798967463285,64,ordinary,frozen
2013-usopen-1101,2013-560,104925,105575,Hard,R128,False,True,0.6897211020903016,73,50,45.48992360015193,15.755099293782038,50,ordinary,frozen
2013-usopen-1101,2013-560,105575,104925,Hard,R128,False,True,0.4366050397148049,68,27,45.90035899883628,16.38575718329745,41,ordinary,frozen
2013-usopen-1105,2013-560,105332,104166,Hard,R128,False,True,0.5503259832465113,178,112,119.64071785831395,42.63582618763209,112,ordinary,frozen
2013-usopen-1105,2013-560,104166,105332,Hard,R128,False,True,0.5420412528301957,194,115,132.12463182159303,47.329403484382254,115,ordinary,frozen
2013-usopen-1106,2013-560,105065,105902,Hard,R128,False,True,0.5922646745831471,109,68,72.40113090167671,25.68674573543184,68,ordinary,frozen
2013-usopen-1106,2013-560,105902,105065,Hard,R128,False,True,0.7285706506753572,139,73,109.18448362187745,40.41199683194421,73,ordinary,frozen
2013-usopen-1108,2013-560,104330,104926,Hard,R128,False,False,0.5551548941854446,71,50,46.43601759639153,16.366494495657246,50,ordinary,frozen
2013-usopen-1108,2013-560,104926,104330,Hard,R128,False,False,0.651703092411483,74,34,56.74565002673815,21.113241844762214,34,ordinary,frozen
2013-usopen-1109,2013-560,103163,103908,Hard,R128,False,True,0.6458434848244264,71,53,41.85579261507875,14.155670897812097,53,ordinary,frozen
2013-usopen-1109,2013-560,103908,103163,Hard,R128,False,True,0.6268167928236825,81,45,56.50423307081384,20.411331278895727,45,ordinary,frozen
2013-usopen-1115,2013-560,103720,104548,Hard,R128,False,True,0.6391961382281046,117,67,80.9564824245663,29.15060674314348,67,ordinary,frozen
2013-usopen-1115,2013-560,104548,103720,Hard,R128,False,True,0.6315685777240962,122,60,89.47996731545024,32.87499261405786,60,ordinary,frozen
2013-usopen-1116,2013-560,104198,105223,Hard,R128,False,True,0.5670650509327525,172,102,116.46443353866556,41.627526391889305,102,ordinary,frozen
2013-usopen-1116,2013-560,105223,104198,Hard,R128,False,True,0.710992306682197,124,93,70.2020723711979,23.438678417108996,93,ordinary,frozen
2013-usopen-1117,2013-560,104918,103566,Hard,R128,False,True,0.700144856440502,69,51,39.86007336964947,13.409219223075086,51,ordinary,frozen
2013-usopen-1117,2013-560,103566,104918,Hard,R128,False,True,0.5251740846949656,83,43,57.48537715144354,20.727077712754138,43,ordinary,frozen
2013-usopen-1119,2013-560,105385,105373,Hard,R128,False,True,0.5483495502240076,74,49,49.312442658963846,17.512599041131743,49,ordinary,frozen
2013-usopen-1119,2013-560,105373,105385,Hard,R128,False,True,0.6183928453666834,57,20,45.257079877433256,17.06163972377272,20,ordinary,frozen
2013-usopen-1122,2013-560,105041,104500,Hard,R128,False,True,0.6504645012197258,137,77,96.18428779851226,34.79372403870488,77,ordinary,frozen
2013-usopen-1122,2013-560,104500,105041,Hard,R128,False,True,0.6380194562382379,147,91,97.79940118568408,34.7195764658056,91,ordinary,frozen
2013-usopen-1123,2013-560,104735,105449,Hard,R128,False,True,0.6500592696905475,135,94,83.53467390763339,28.836759603109144,94,ordinary,frozen
2013-usopen-1123,2013-560,105449,104735,Hard,R128,False,True,0.6027646544524097,159,96,106.7611920895664,38.03789770162147,96,ordinary,frozen
2013-usopen-1125,2013-560,104527,103285,Hard,R128,False,True,0.6333257099781385,94,59,62.06430206113418,21.9711029849951,59,ordinary,frozen
2013-usopen-1125,2013-560,103285,104527,Hard,R128,False,True,0.55403686379455,97,53,66.82861014861437,24.046906542777876,53,ordinary,frozen
2013-usopen-1126,2013-560,103484,103333,Hard,R128,False,True,0.6268828539815856,166,118,102.42689632828498,35.290677154618066,118,ordinary,frozen
2013-usopen-1126,2013-560,103333,103484,Hard,R128,False,True,0.7085902328313202,171,119,105.1101596981848,36.214644775080316,119,ordinary,frozen
2013-usopen-1127,2013-560,104571,104424,Hard,R128,False,True,0.6114808901122493,72,54,43.578497646524376,14.881503153894823,54,ordinary,frozen
2013-usopen-1127,2013-560,104424,104571,Hard,R128,False,True,0.5959274101464712,80,45,55.00926452328463,19.77689133992803,45,ordinary,frozen
2013-usopen-1128,2013-560,104978,104731,Hard,R128,False,True,0.6674983303789837,119,78,76.67456071800086,26.891188966867517,78,ordinary,frozen
2013-usopen-1128,2013-560,104731,104978,Hard,R128,False,True,0.7526012161351606,120,85,73.04506243203089,25.026824120397425,85,ordinary,frozen
2013-usopen-1132,2013-560,103893,104607,Hard,R128,False,True,0.4719889028248628,85,38,58.54637754783565,21.06459295844494,47,ordinary,frozen
2013-usopen-1132,2013-560,104607,103893,Hard,R128,False,True,0.6710561458989077,70,46,45.03435042148428,15.784979143709219,46,ordinary,frozen
2013-usopen-1133,2013-560,104755,103188,Hard,R128,False,True,0.674875211550687,90,61,56.56971606637836,19.656313795718795,61,ordinary,frozen
2013-usopen-1133,2013-560,103188,104755,Hard,R128,False,True,0.5341172323228546,99,54,68.23751226893184,24.5581794776901,54,ordinary,frozen
2013-usopen-1138,2013-560,104932,105614,Hard,R128,False,True,0.6617550881779605,158,105,100.80148153684634,35.2227593658767,105,ordinary,frozen
2013-usopen-1138,2013-560,105614,104932,Hard,R128,False,True,0.6505137479604538,126,98,71.57544850314936,23.818490571731214,98,ordinary,frozen
2013-usopen-1140,2013-560,105341,105683,Hard,R128,False,False,0.6144890778533786,109,63,74.52528450518294,26.732430311793713,63,ordinary,frozen
2013-usopen-1140,2013-560,105683,105341,Hard,R128,False,False,0.72758197761548,94,70,53.47202324961296,17.89982334401297,70,ordinary,frozen
2013-usopen-1141,2013-560,105668,104216,Hard,R128,False,False,0.712617811954472,110,57,85.40011275487396,31.62222548781591,57,ordinary,frozen
2013-usopen-1141,2013-560,104216,105668,Hard,R128,False,False,0.5823859778765702,93,58,61.91798609093456,21.986355298452004,58,ordinary,frozen
2013-usopen-1142,2013-560,106058,104332,Hard,R128,True,True,0.6523884912320581,100,65,64.7459203802981,22.750570489036562,65,ordinary,frozen
2013-usopen-1142,2013-560,104332,106058,Hard,R128,True,True,0.6396441533788324,91,56,60.746437537492355,21.592017330177587,56,ordinary,frozen
2013-usopen-1144,2013-560,104655,104386,Hard,R128,True,False,0.5507687947288297,97,63,64.78312865496974,23.02771959313109,63,ordinary,frozen
2013-usopen-1144,2013-560,104386,104655,Hard,R128,True,False,0.7114644526222047,89,70,47.44589040816882,15.44514502659753,70,ordinary,frozen
2013-usopen-1148,2013-560,106401,103970,Hard,R128,False,False,0.5118989756838118,95,53,65.6140641415689,23.632561901598848,53,ordinary,frozen
2013-usopen-1148,2013-560,103970,106401,Hard,R128,False,False,0.7281170792727597,83,61,48.00734101768579,16.172538262404938,61,ordinary,frozen
2013-usopen-1149,2013-560,103819,104813,Hard,R128,False,True,0.7619213294986636,80,62,42.691316195576036,13.963684129766602,62,ordinary,frozen
2013-usopen-1149,2013-560,104813,103819,Hard,R128,False,True,0.5346713635456677,88,47,60.79230724136394,21.89775692233619,47,ordinary,frozen
2013-usopen-1150,2013-560,105053,104122,Hard,R128,False,True,0.6155660801657156,165,93,113.955609310472,41.02677293252329,93,ordinary,frozen
2013-usopen-1150,2013-560,104122,105053,Hard,R128,False,True,0.543546149065454,144,91,97.04348742480842,34.61830879768678,91,ordinary,frozen
2013-usopen-1152,2013-560,105550,105023,Hard,R128,False,False,0.6085002511433928,144,85,97.5528799729436,34.87420531800961,85,ordinary,frozen
2013-usopen-1152,2013-560,105023,105550,Hard,R128,False,False,0.7127690963421419,118,86,69.03841029823064,23.352410023798033,86,ordinary,frozen
2013-usopen-1153,2013-560,103990,104594,Hard,R128,False,True,0.6547713271093363,127,79,84.50438518859698,29.99426764889909,79,ordinary,frozen
2013-usopen-1153,2013-560,104594,103990,Hard,R128,False,True,0.6549909294804664,130,71,92.82939598624786,33.76299331499286,71,ordinary,frozen
2013-usopen-1155,2013-560,105077,106071,Hard,R128,False,True,0.5536539620320403,192,118,129.45631383525537,46.191945217803465,118,ordinary,frozen
2013-usopen-1155,2013-560,106071,105077,Hard,R128,False,True,0.6536423532745292,146,99,91.92761752308022,31.957069646805827,99,ordinary,frozen
2013-usopen-1156,2013-560,105554,105453,Hard,R128,False,False,0.5510626174953717,95,60,63.784925105438944,22.72113669863618,60,ordinary,frozen
2013-usopen-1156,2013-560,105453,105554,Hard,R128,False,False,0.6684997123825366,87,45,64.49568634350206,23.714618180203175,45,ordinary,frozen
2013-usopen-1157,2013-560,104545,103835,Hard,R128,False,True,0.7601225036407129,70,53,38.806268096038934,12.872050051956224,53,ordinary,frozen
2013-usopen-1157,2013-560,103835,104545,Hard,R128,False,True,0.6419191112572503,62,28,47.33008003280267,17.600258784226465,28,ordinary,frozen
2013-usopen-1158,2013-560,104494,104792,Hard,R128,False,True,0.672468764467715,70,26,59.42835152478057,22.68662099061028,26,ordinary,frozen
2013-usopen-1158,2013-560,104792,104494,Hard,R128,False,True,0.6335626440327058,49,37,28.933799112403474,9.785043913351712,37,ordinary,frozen
2013-usopen-1160,2013-560,123768,104259,Hard,R128,False,False,0.5744850635328377,74,35,52.723595240549116,19.208494081153674,35,ordinary,frozen
2013-usopen-1160,2013-560,104259,123768,Hard,R128,False,False,0.69915666834267,62,47,34.83786483704351,11.586116082846399,47,ordinary,frozen
2013-usopen-1161,2013-560,104269,104471,Hard,R128,False,True,0.7222563814233409,132,81,91.68928157355833,32.85283123630826,81,ordinary,frozen
2013-usopen-1161,2013-560,104471,104269,Hard,R128,False,True,0.5961710280048,157,94,105.7455242939961,37.720770192368704,94,ordinary,frozen
2013-usopen-1164,2013-560,105992,104745,Hard,R128,False,True,0.5106972511264936,92,51,63.576623095046315,22.903555157448082,51,ordinary,frozen
2013-usopen-1164,2013-560,104745,105992,Hard,R128,False,True,0.7126690675942785,71,53,40.40129143073362,13.517780028311057,53,ordinary,frozen
2013-usopen-1201,2013-560,104925,103794,Hard,R64,False,True,0.7229764623316709,80,59,46.095047022091464,15.504374651712272,59,ordinary,frozen
2013-usopen-1201,2013-560,103794,104925,Hard,R64,False,True,0.4653054024379018,95,52,66.70374834890197,24.176604312558503,43,ordinary,frozen
2013-usopen-1203,2013-560,104166,105065,Hard,R64,False,True,0.6493748439075419,187,117,123.87681245426492,43.9018841629248,117,ordinary,frozen
2013-usopen-1203,2013-560,105065,104166,Hard,R64,False,True,0.5387701615825139,155,99,104.56424786049018,37.31586749346771,99,ordinary,frozen
2013-usopen-1204,2013-560,104719,104330,Hard,R64,False,False,0.6311758618353748,130,91,80.77551663833148,27.915779059233444,91,ordinary,frozen
2013-usopen-1204,2013-560,104330,104719,Hard,R64,False,False,0.6465645330449291,142,88,94.53817517002965,33.5671309297007,88,ordinary,frozen
2013-usopen-1205,2013-560,103163,104229,Hard,R64,False,True,0.6519817002394832,115,71,76.8114631673841,27.30281437241763,71,ordinary,frozen
2013-usopen-1205,2013-560,104229,103163,Hard,R64,False,True,0.5714781520313299,104,57,71.72159155391579,25.816567606339348,57,ordinary,frozen
2013-usopen-1208,2013-560,103720,105223,Hard,R64,False,True,0.6000645437709581,149,94,98.41236305807128,34.83940681802604,94,ordinary,frozen
2013-usopen-1208,2013-560,105223,103720,Hard,R64,False,True,0.6817574197282422,162,96,112.34194139387026,40.39907046760821,96,ordinary,frozen
2013-usopen-1209,2013-560,104918,104919,Hard,R64,False,True,0.7221202000219245,107,76,64.44040468812634,22.033691007595827,76,ordinary,frozen
2013-usopen-1209,2013-560,104919,104918,Hard,R64,False,True,0.5352682243950263,97,56,66.41737853355859,23.841629856316466,56,ordinary,frozen
2013-usopen-1210,2013-560,105385,104252,Hard,R64,False,True,0.5227217135130836,119,62,82.38014154793854,29.697828307966088,62,ordinary,frozen
2013-usopen-1210,2013-560,104252,105385,Hard,R64,False,True,0.639272570926406,116,69,78.79501517987194,28.18603792506336,69,ordinary,frozen
2013-usopen-1211,2013-560,104312,104500,Hard,R64,False,True,0.6658127425883439,124,75,84.21264696134783,30.09810802768194,75,ordinary,frozen
2013-usopen-1211,2013-560,104500,104312,Hard,R64,False,True,0.5528579477191687,113,65,77.15671143923129,27.667132666764438,65,ordinary,frozen
2013-usopen-1213,2013-560,104527,103333,Hard,R64,False,True,0.6845879105080984,101,76,57.64618599384519,19.277358931367303,76,ordinary,frozen
2013-usopen-1213,2013-560,103333,104527,Hard,R64,False,True,0.6663027120612828,108,73,68.05205252122663,23.667408881876554,73,ordinary,frozen
2013-usopen-1214,2013-560,104571,104731,Hard,R64,False,True,0.6380488945714301,63,48,36.812029505433756,12.395008808563617,48,ordinary,frozen
2013-usopen-1214,2013-560,104731,104571,Hard,R64,False,True,0.6291098783890418,72,38,51.33395587015607,18.68375445667342,38,ordinary,frozen
2013-usopen-1215,2013-560,103898,104871,Hard,R64,False,True,0.6717707834145473,91,57,60.55423612988279,21.484245366636518,57,ordinary,frozen
2013-usopen-1215,2013-560,104871,103898,Hard,R64,False,True,0.6602531212888321,83,42,61.697274949403095,22.72127509798466,42,ordinary,frozen
2013-usopen-1216,2013-560,106045,104607,Hard,R64,False,False,0.5345016485537665,139,75,95.91892513664871,34.53594242756551,75,ordinary,frozen
2013-usopen-1216,2013-560,104607,106045,Hard,R64,False,False,0.7271849256265452,116,77,75.18971662292128,26.354079716296194,77,ordinary,frozen
2013-usopen-1217,2013-560,104755,103565,Hard,R64,False,True,0.7003976806252418,115,72,77.46757257478596,27.556778757865274,72,ordinary,frozen
2013-usopen-1217,2013-560,103565,104755,Hard,R64,False,True,0.4876601377744762,94,54,65.53005718594045,23.687071657933352,40,ordinary,frozen
2013-usopen-1219,2013-560,103852,105614,Hard,R64,False,True,0.6730819348452225,150,97,97.6575788253541,34.37799829227509,97,ordinary,frozen
2013-usopen-1219,2013-560,105614,103852,Hard,R64,False,True,0.6075799621939882,131,87,84.5082088707932,29.640183348459956,87,ordinary,frozen
2013-usopen-1220,2013-560,104665,105683,Hard,R64,False,True,0.6208466733243266,95,49,67.96835698182736,24.77483223311489,49,ordinary,frozen
2013-usopen-1220,2013-560,105683,104665,Hard,R64,False,True,0.7035172413518701,86,56,56.166108461443415,19.770608732214257,56,ordinary,frozen
2013-usopen-1221,2013-560,104216,106058,Hard,R64,False,False,0.5977014117291422,105,68,68.68789560245278,24.223540651052666,68,ordinary,frozen
2013-usopen-1221,2013-560,106058,104216,Hard,R64,False,False,0.6987898033517325,115,79,71.51210759394237,24.746537836286855,79,ordinary,frozen
2013-usopen-1224,2013-560,105138,103970,Hard,R64,False,False,0.5118989756838118,120,62,83.11644206053276,29.96939437194363,62,ordinary,frozen
2013-usopen-1224,2013-560,103970,105138,Hard,R64,False,False,0.7281170792727597,119,77,79.13171062339725,27.958353046309618,77,ordinary,frozen
2013-usopen-1225,2013-560,103819,104122,Hard,R64,False,True,0.6967025687605477,69,49,41.56926447965634,14.215366644376978,49,ordinary,frozen
2013-usopen-1225,2013-560,104122,103819,Hard,R64,False,True,0.47268784199771835,83,38,57.27247825332289,20.62072907388758,45,ordinary,frozen
2013-usopen-1226,2013-560,105173,105023,Hard,R64,False,True,0.5947742876392484,148,109,91.86262008971616,31.69516037368661,109,ordinary,frozen
2013-usopen-1226,2013-560,105023,105173,Hard,R64,False,True,0.6354172636443416,159,111,98.76763087999566,34.13442820198094,111,ordinary,frozen
2013-usopen-1227,2013-560,103990,104433,Hard,R64,False,True,0.7243697473507736,72,51,43.50771361651473,14.89351599336679,51,ordinary,frozen
2013-usopen-1227,2013-560,104433,103990,Hard,R64,False,True,0.5754819951179069,85,44,59.44091807740158,21.507844199539555,44,ordinary,frozen
2013-usopen-1228,2013-560,106071,105554,Hard,R64,False,False,0.6598740703027381,125,70,88.41360269829033,32.046853739854534,70,ordinary,frozen
2013-usopen-1228,2013-560,105554,106071,Hard,R64,False,False,0.5884489727169049,117,70,78.84620081971337,28.130990458148254,70,ordinary,frozen
2013-usopen-1229,2013-560,104545,104792,Hard,R64,False,True,0.6675054175983324,127,92,75.72672500811328,25.765565442343604,92,ordinary,frozen
2013-usopen-1229,2013-560,104792,104545,Hard,R64,False,True,0.6934456015316752,123,85,76.04669318634942,26.26086442050132,85,ordinary,frozen
2013-usopen-1230,2013-560,104273,104259,Hard,R64,False,True,0.6195022242661004,133,73,92.93174292760948,33.59581503794523,73,ordinary,frozen
2013-usopen-1230,2013-560,104259,104273,Hard,R64,False,True,0.6942669767978862,99,70,59.90915687658034,20.52128012043152,70,ordinary,frozen
2013-usopen-1232,2013-560,104297,104745,Hard,R64,False,True,0.4675469947285739,76,33,52.18963603721778,18.755512961172926,43,ordinary,frozen
2013-usopen-1232,2013-560,104745,104297,Hard,R64,False,True,0.8134603894676254,54,41,30.293231601172966,10.02900954622704,41,ordinary,frozen
2013-usopen-1301,2013-560,104925,105311,Hard,R32,False,False,0.7459878742182958,56,42,31.493155032271513,10.50090144058414,42,ordinary,frozen
2013-usopen-1301,2013-560,105311,104925,Hard,R32,False,False,0.4564018192093019,92,40,63.07160405210644,22.651695556391395,52,ordinary,frozen
2013-usopen-1302,2013-560,105065,104719,Hard,R32,False,True,0.619318128100043,142,89,93.8300571900972,33.226175216846805,89,ordinary,frozen
2013-usopen-1302,2013-560,104719,105065,Hard,R32,False,True,0.6743351879953121,151,94,100.98616693536906,35.88890446795094,94,ordinary,frozen
2013-usopen-1303,2013-560,103163,104022,Hard,R32,False,True,0.5954604096720792,104,59,71.31205738330743,25.611274005326056,59,ordinary,frozen
2013-usopen-1303,2013-560,104022,103163,Hard,R32,False,True,0.5937871480200473,100,64,65.79060674103161,23.253562768812102,64,ordinary,frozen
2013-usopen-1304,2013-560,105539,103720,Hard,R32,False,False,0.5826007736993756,114,72,75.5941334583301,26.799786000012574,72,ordinary,frozen
2013-usopen-1304,2013-560,103720,105539,Hard,R32,False,False,0.6731060762028271,125,86,77.64996421202505,26.859728620759498,86,ordinary,frozen
2013-usopen-1305,2013-560,104918,104252,Hard,R32,False,True,0.6371928608550742,81,62,47.20613388380307,15.87527934986939,62,ordinary,frozen
2013-usopen-1305,2013-560,104252,104918,Hard,R32,False,True,0.5414209703991514,92,55,62.591736843604025,22.412266637385553,55,ordinary,frozen
2013-usopen-1306,2013-560,104312,104797,Hard,R32,False,True,0.6441303807777063,128,78,85.96816392968951,30.623365871104433,78,ordinary,frozen
2013-usopen-1306,2013-560,104797,104312,Hard,R32,False,True,0.6266425533977222,144,88,96.30161613916053,34.25695872295056,88,ordinary,frozen
2013-usopen-1307,2013-560,104527,104571,Hard,R32,False,True,0.6189094149062295,131,92,81.76527380135673,28.300068822857618,92,ordinary,frozen
2013-usopen-1307,2013-560,104571,104527,Hard,R32,False,True,0.5849113265599706,152,93,101.75196055208073,36.20892477044344,93,ordinary,frozen
2013-usopen-1308,2013-560,103898,104607,Hard,R32,False,True,0.582055663808222,77,37,54.92028105426098,20.014618152576276,37,ordinary,frozen
2013-usopen-1308,2013-560,104607,103898,Hard,R32,False,True,0.6964852688021306,79,53,50.17101115468036,17.49480814998587,53,ordinary,frozen
2013-usopen-1309,2013-560,104755,104098,Hard,R32,True,True,0.7641307896586494,92,63,58.837884580678946,20.43793996381048,63,ordinary,frozen
2013-usopen-1309,2013-560,104098,104755,Hard,R32,True,True,0.5669798421949016,119,70,80.73178584376004,28.877292925901084,70,ordinary,frozen
2013-usopen-1310,2013-560,103852,105683,Hard,R32,False,True,0.6973123914501541,134,85,89.20199682502746,31.61366600364482,85,ordinary,frozen
2013-usopen-1310,2013-560,105683,103852,Hard,R32,False,True,0.7038541627835866,113,85,63.92393952615441,21.326199445649827,85,ordinary,frozen
2013-usopen-1311,2013-560,106058,104386,Hard,R32,False,True,0.6306327142929085,99,62,65.43462232393506,23.17360784098702,62,ordinary,frozen
2013-usopen-1311,2013-560,104386,106058,Hard,R32,False,True,0.6874053773446517,107,79,62.17140202543432,20.95024872939573,79,ordinary,frozen
2013-usopen-1312,2013-560,105062,103970,Hard,R32,False,True,0.5446215262498149,146,77,101.06736258556037,36.433725558311465,77,ordinary,frozen
2013-usopen-1312,2013-560,103970,105062,Hard,R32,False,True,0.6554661590389903,102,67,65.5960800640938,22.990395024598648,67,ordinary,frozen
2013-usopen-1313,2013-560,103819,105173,Hard,R32,False,True,0.6884110973300186,69,51,40.03109424324768,13.481846958309408,51,ordinary,frozen
2013-usopen-1313,2013-560,105173,103819,Hard,R32,False,True,0.4860646441329026,75,36,51.93154518812481,18.722758493134407,39,ordinary,frozen
2013-usopen-1314,2013-560,103990,105554,Hard,R32,False,False,0.6976583328129574,125,83,80.12243783720322,28.029610420968474,83,ordinary,frozen
2013-usopen-1314,2013-560,105554,103990,Hard,R32,False,False,0.6172597476902718,155,88,106.80366529322943,38.418771804904154,88,ordinary,frozen
2013-usopen-1315,2013-560,104545,104259,Hard,R32,False,True,0.7140505321460088,116,86,66.52313802959705,22.328015316014294,86,ordinary,frozen
2013-usopen-1315,2013-560,104259,104545,Hard,R32,False,True,0.7273124888577616,130,93,77.68997774810971,26.48772641075765,93,ordinary,frozen
2013-usopen-1316,2013-560,104471,104745,Hard,R32,False,True,0.4604107866632628,75,46,53.57073118542404,19.540564562671165,29,ordinary,frozen
2013-usopen-1316,2013-560,104745,104471,Hard,R32,False,True,0.7941839016600875,78,61,40.92998205475199,13.306353430640407,61,ordinary,frozen
2013-usopen-1401,2013-560,104925,104719,Hard,R16,False,True,0.7633099147447845,53,45,23.682130998401767,7.182135048196975,45,ordinary,frozen
2013-usopen-1401,2013-560,104719,104925,Hard,R16,False,True,0.46307756301910236,69,28,47.054066988642575,16.864073697578306,41,ordinary,frozen
2013-usopen-1402,2013-560,104022,103720,Hard,R16,False,True,0.6126758136993917,145,84,99.01131213924991,35.499352938872896,84,ordinary,frozen
2013-usopen-1402,2013-560,103720,104022,Hard,R16,False,True,0.5975329787544545,146,85,99.28906251789445,35.54806007382176,85,ordinary,frozen
2013-usopen-1403,2013-560,104918,104797,Hard,R16,False,True,0.6776816884213546,120,81,75.67169596012286,26.325862974334708,81,ordinary,frozen
2013-usopen-1403,2013-560,104797,104918,Hard,R16,False,True,0.5367010895944236,123,75,83.60392396400934,29.924747888172963,75,ordinary,frozen
2013-usopen-1404,2013-560,104527,104607,Hard,R16,False,True,0.6043954373854862,122,82,78.38278683989498,27.44499732613223,82,ordinary,frozen
2013-usopen-1404,2013-560,104607,104527,Hard,R16,False,True,0.6538029360789198,115,70,77.48007084559691,27.62529105987408,70,ordinary,frozen
2013-usopen-1405,2013-560,104755,105683,Hard,R16,False,True,0.7105237194124394,204,126,139.75606101194353,49.9361897009934,126,ordinary,frozen
2013-usopen-1405,2013-560,105683,104755,Hard,R16,False,True,0.649509968596581,198,129,128.00947320465536,44.95534156473577,129,ordinary,frozen
2013-usopen-1406,2013-560,104386,103970,Hard,R16,False,True,0.6081935290376295,175,102,119.12080842582397,42.66090960989161,102,ordinary,frozen
2013-usopen-1406,2013-560,103970,104386,Hard,R16,False,True,0.6633995447816979,142,91,92.87617420406114,32.755334604083075,91,ordinary,frozen
2013-usopen-1407,2013-560,103819,103990,Hard,R16,False,True,0.7527979051315381,86,54,60.05532809764521,21.434429239251056,54,ordinary,frozen
2013-usopen-1407,2013-560,103990,103819,Hard,R16,False,True,0.581103169732202,125,78,83.23664232531456,29.558017255878035,78,ordinary,frozen
2013-usopen-1408,2013-560,104259,104745,Hard,R16,False,True,0.5447516925240441,140,84,95.09080422543079,34.02733256705409,84,ordinary,frozen
2013-usopen-1408,2013-560,104745,104259,Hard,R16,False,True,0.7073274924332816,108,80,62.104548959099944,20.86131681828598,80,ordinary,frozen
2013-usopen-1501,2013-560,104925,104022,Hard,QF,False,True,0.6792345759275908,103,68,66.09821583303099,23.144137414807666,68,ordinary,frozen
2013-usopen-1501,2013-560,104022,104925,Hard,QF,False,True,0.487572097247848,99,52,68.7764666046631,24.827430337675636,47,ordinary,frozen
2013-usopen-1502,2013-560,104918,104527,Hard,QF,False,True,0.6399524067847516,109,59,77.41127936247182,28.125376040905298,59,ordinary,frozen
2013-usopen-1502,2013-560,104527,104918,Hard,QF,False,True,0.5498722702104296,76,57,49.256201989157255,17.293884225535276,57,ordinary,frozen
2013-usopen-1503,2013-560,104755,103970,Hard,QF,False,True,0.6175854549810943,143,88,95.27928259659174,33.84684649452875,88,ordinary,frozen
2013-usopen-1503,2013-560,103970,104755,Hard,QF,False,True,0.6501246804186418,136,82,92.01810627104615,32.86159802350674,82,ordinary,frozen
2013-usopen-1504,2013-560,103990,104745,Hard,QF,False,True,0.5429870217551257,66,29,46.682035068899154,16.965856520639797,29,ordinary,frozen
2013-usopen-1504,2013-560,104745,103990,Hard,QF,False,True,0.7427285376426156,59,45,32.390838427701624,10.701526769260154,45,ordinary,frozen
2013-usopen-1601,2013-560,104925,104527,Hard,SF,False,True,0.6754059368429125,139,90,90.45354006161453,31.835003321924418,90,ordinary,frozen
2013-usopen-1601,2013-560,104527,104925,Hard,SF,False,True,0.5276593732819588,192,116,131.16347366324163,47.040512927348985,116,ordinary,frozen
2013-usopen-1602,2013-560,104755,104745,Hard,SF,False,True,0.5691284520534851,91,56,61.03243501551137,21.733168109258113,56,ordinary,frozen
2013-usopen-1602,2013-560,104745,104755,Hard,SF,False,True,0.6741794118293385,95,67,57.81478890694065,19.83915735165116,67,ordinary,frozen
2013-usopen-1701,2013-560,104925,104745,Hard,F,False,True,0.6019338139671354,102,56,70.79833744853838,25.540493108177078,56,ordinary,frozen
2013-usopen-1701,2013-560,104745,104925,Hard,F,False,True,0.6004711769900518,121,75,80.45663873116658,28.55776521338622,75,ordinary,frozen
2013-ausopen-1101,2013-580,104925,103908,Hard,R128,False,True,0.724019755872414,77,62,39.33345911695274,12.585305002624011,62,ordinary,online
2013-ausopen-1101,2013-580,103908,104925,Hard,R128,False,True,0.5222900530069908,86,53,58.80400667301011,21.09692773568287,53,ordinary,online
2013-ausopen-1102,2013-580,105992,105053,Hard,R128,False,True,0.6181515983181629,116,75,75.54861175490078,26.6021824786583,75,ordinary,online
2013-ausopen-1102,2013-580,105053,105992,Hard,R128,False,True,0.645862202525342,131,78,89.1168570344153,31.890572395312695,78,ordinary,online
2013-ausopen-1105,2013-580,105023,103926,Hard,R128,False,False,0.7127690963421419,116,86,66.54347260956791,22.336330454397245,86,ordinary,online
2013-ausopen-1105,2013-580,103926,105023,Hard,R128,False,False,0.6085002511433928,125,81,81.49929208200206,28.70702876996688,81,ordinary,online
2013-ausopen-1109,2013-580,104338,105723,Hard,R128,False,False,0.6497188499131978,75,30,60.14232869268468,22.676962800147766,30,ordinary,online
2013-ausopen-1109,2013-580,105723,104338,Hard,R128,False,False,0.558857737558721,98,56,66.95646896313082,24.01548653468997,56,ordinary,online
2013-ausopen-1110,2013-580,104731,103893,Hard,R128,False,True,0.639231820656271,134,92,83.98873250157189,29.13606595154329,92,ordinary,online
2013-ausopen-1110,2013-580,103893,104731,Hard,R128,False,True,0.5347806726907395,127,82,85.75976712917048,30.616746399930822,82,ordinary,online
2013-ausopen-1112,2013-580,105676,104269,Hard,R128,False,True,0.6635787134191213,129,78,87.54735313153007,31.285156155101028,78,ordinary,online
2013-ausopen-1112,2013-580,104269,105676,Hard,R128,False,True,0.6173446782642779,141,91,91.92285946396356,32.38040625705412,91,ordinary,online
2013-ausopen-1116,2013-580,103188,104607,Hard,R128,False,True,0.5324601976282471,93,51,64.07397704674594,23.055849013341806,51,ordinary,online
2013-ausopen-1116,2013-580,104607,103188,Hard,R128,False,True,0.6832203660834976,92,62,58.10461252051808,20.225360919723,62,ordinary,online
2013-ausopen-1117,2013-580,103970,103694,Hard,R128,False,True,0.7987871482029535,71,52,42.14680722962345,14.228461064421547,52,ordinary,online
2013-ausopen-1117,2013-580,103694,103970,Hard,R128,False,True,0.4908313394136415,85,46,59.06017932671499,21.321326092745082,39,ordinary,online
2013-ausopen-1119,2013-580,105357,105147,Hard,R128,False,False,0.6237320499558363,156,92,105.98420611909054,37.92380335029526,92,ordinary,online
2013-ausopen-1119,2013-580,105147,105357,Hard,R128,False,False,0.606365438445623,162,89,112.5845057871333,40.63095723717823,89,ordinary,online
2013-ausopen-1120,2013-580,105077,104571,Hard,R128,False,True,0.5143017682889854,191,119,131.1245449320121,47.116884140470326,119,ordinary,online
2013-ausopen-1120,2013-580,104571,105077,Hard,R128,False,True,0.659240676797644,180,113,119.2141081588664,42.239295633763284,113,ordinary,online
2013-ausopen-1121,2013-580,104022,105051,Hard,R128,False,True,0.5831755997635817,196,123,130.2114214722793,46.197183369443096,123,ordinary,online
2013-ausopen-1121,2013-580,105051,104022,Hard,R128,False,True,0.5672484788829532,149,98,98.27903808161363,34.763152821399785,98,ordinary,online
2013-ausopen-1124,2013-580,103812,105453,Hard,R128,False,True,0.6201695213328557,123,71,84.25870379116012,30.242986899131964,71,ordinary,online
2013-ausopen-1124,2013-580,105453,103812,Hard,R128,False,True,0.7549326297675639,121,81,79.0201530585314,27.661630311674784,81,ordinary,online
2013-ausopen-1125,2013-580,104597,105449,Hard,R128,False,True,0.756685579765724,154,112,90.58926775354618,30.67868239278786,112,ordinary,online
2013-ausopen-1125,2013-580,105449,104597,Hard,R128,False,True,0.6461103114615872,165,102,109.99458476673942,39.07415466703943,102,ordinary,online
2013-ausopen-1128,2013-580,104620,105668,Hard,R128,False,True,0.6144838315328264,98,55,67.7698986530293,24.410635694484867,55,ordinary,online
2013-ausopen-1128,2013-580,105668,104620,Hard,R128,False,True,0.6479871754232345,99,65,63.70146509964428,22.330517766764704,65,ordinary,online
2013-ausopen-1132,2013-580,103720,104386,Hard,R128,False,True,0.6024437079217214,127,70,88.05114157574036,31.751060385196997,70,ordinary,online
2013-ausopen-1132,2013-580,104386,103720,Hard,R128,False,True,0.6738344218203585,107,71,68.36133553668972,23.89916470071661,71,ordinary,online
2013-ausopen-1133,2013-580,105223,105173,Hard,R128,False,True,0.6423193782742633,58,48,31.52929009050698,10.266642340655618,48,ordinary,online
2013-ausopen-1133,2013-580,105173,105223,Hard,R128,False,True,0.5340917927718344,61,29,42.62897181093656,15.423172648713763,29,ordinary,online
2013-ausopen-1140,2013-580,104594,105227,Hard,R128,False,True,0.5727548571229093,89,53,60.15107001254964,21.48426839082331,53,ordinary,online
2013-ausopen-1140,2013-580,105227,104594,Hard,R128,False,True,0.6495861258341529,106,73,66.09877967239072,22.888411925093415,73,ordinary,online
2013-ausopen-1141,2013-580,104468,103835,Hard,R128,False,True,0.651788688071482,93,62,59.24148051790547,20.687252611644993,62,ordinary,online
2013-ausopen-1141,2013-580,103835,104468,Hard,R128,False,True,0.5322548551876711,102,55,70.39689653511533,25.348079478182747,55,ordinary,online
2013-ausopen-1144,2013-580,104792,105238,Hard,R128,False,True,0.6087485693018047,133,90,85.02290579009858,29.711708669065374,90,ordinary,online
2013-ausopen-1144,2013-580,105238,104792,Hard,R128,False,True,0.6004717608099011,140,85,93.81426714592578,33.39908763653685,85,ordinary,online
2013-ausopen-1148,2013-580,104898,104918,Hard,R128,False,True,0.5035516834234686,67,31,46.47806890877209,16.76860358561176,31,ordinary,online
2013-ausopen-1148,2013-580,104918,104898,Hard,R128,False,True,0.6497423930475723,74,49,47.35494572285859,16.565468603253674,49,ordinary,online
2013-ausopen-1149,2013-580,104542,103566,Hard,R128,False,True,0.6941328970919214,85,64,48.24257400348509,16.105729872378095,64,ordinary,online
2013-ausopen-1149,2013-580,103566,104542,Hard,R128,False,True,0.5906044595894728,85,53,56.488616175624315,20.045085636908606,53,ordinary,online
2013-ausopen-1150,2013-580,104424,106291,Hard,R128,False,False,0.6680939221247031,129,83,84.20965001823342,29.675492979915266,83,ordinary,online
2013-ausopen-1150,2013-580,106291,104424,Hard,R128,False,False,0.5686563979649715,121,62,84.60785850405568,30.614388624869555,62,ordinary,online
2013-ausopen-1151,2013-580,105902,106093,Hard,R128,False,True,0.6661055710090007,200,130,129.60505295523728,45.55187788350519,130,ordinary,online
2013-ausopen-1151,2013-580,106093,105902,Hard,R128,False,True,0.5893216183080536,207,129,137.62873517327546,48.84611622620338,129,ordinary,online
2013-ausopen-1153,2013-580,103163,103813,Hard,R128,False,True,0.6466944832103546,176,111,116.01026156927801,41.03944553948982,111,ordinary,online
2013-ausopen-1153,2013-580,103813,103163,Hard,R128,False,True,0.5664022302027348,185,117,123.33212561354597,43.81200311260693,117,ordinary,online
2013-ausopen-1154,2013-580,104471,105842,Hard,R128,False,False,0.6236592363328038,135,81,91.01629760954958,32.475567527619944,81,ordinary,online
2013-ausopen-1154,2013-580,105842,104471,Hard,R128,False,False,0.6831024995380707,132,74,94.85442668982765,34.49586135188664,74,ordinary,online
2013-ausopen-1156,2013-580,103656,104755,Hard,R128,False,True,0.5954826584266317,90,48,62.894932773306614,22.747628474859724,48,ordinary,online
2013-ausopen-1156,2013-580,104755,103656,Hard,R128,False,True,0.6785777897339771,68,53,37.57607215529288,12.382565825175401,53,ordinary,online
2013-ausopen-1157,2013-580,105683,104225,Hard,R128,False,True,0.7191154450388986,107,80,60.66358098864367,20.274120286179997,80,ordinary,online
2013-ausopen-1157,2013-580,104225,105683,Hard,R128,False,True,0.6188043331063292,128,75,87.1129129774693,31.19295677596023,75,ordinary,online
2013-ausopen-1160,2013-580,104327,104259,Hard,R128,False,True,0.6493204701002849,80,48,54.260026660113965,19.39460070167305,48,ordinary,online
2013-ausopen-1160,2013-580,104259,104327,Hard,R128,False,True,0.7296761366082299,76,58,41.82538232788663,13.822040242944256,58,ordinary,online
2013-ausopen-1162,2013-580,106071,104919,Hard,R128,False,True,0.6677419019816391,64,52,34.22250332909614,11.091114044281177,52,ordinary,online
2013-ausopen-1162,2013-580,104919,106071,Hard,R128,False,True,0.642055642640704,70,40,48.544544261679775,17.492029966017398,40,ordinary,online
2013-ausopen-1164,2013-580,105332,103819,Hard,R128,False,True,0.482706169349306,89,46,61.84717096036829,22.328499307445245,43,ordinary,online
2013-ausopen-1164,2013-580,103819,105332,Hard,R128,False,True,0.7086649434796034,69,52,38.87314860987084,12.95106002419076,52,ordinary,online
2013-ausopen-1201,2013-580,104925,105992,Hard,R64,False,True,0.7051100292080359,56,48,26.540491871009422,8.151525780254959,48,ordinary,online
2013-ausopen-1201,2013-580,105992,104925,Hard,R64,False,True,0.5120721043521119,90,44,62.45778412981838,22.53726042201817,44,ordinary,online
2013-ausopen-1202,2013-580,103852,103285,Hard,R64,False,True,0.6523157959213205,83,47,58.11222892961307,21.00013468489854,47,ordinary,online
2013-ausopen-1202,2013-580,103285,103852,Hard,R64,False,True,0.609429301538485,79,56,49.35637497719392,17.084840040010846,56,ordinary,online
2013-ausopen-1203,2013-580,105023,104548,Hard,R64,True,True,0.6812031278261808,47,30,30.951261594054266,10.937584294357237,30,ordinary,online
2013-ausopen-1203,2013-580,104548,105023,Hard,R64,True,True,0.6564650903674942,53,36,33.315818668656085,11.574673481714141,36,ordinary,online
2013-ausopen-1204,2013-580,104735,104527,Hard,R64,True,True,0.5315102086291392,89,50,61.17304144428806,21.991755204138286,50,ordinary,online
2013-ausopen-1204,2013-580,104527,104735,Hard,R64,True,True,0.607071816084758,83,51,55.34662677219964,19.667178519763723,51,ordinary,online
2013-ausopen-1205,2013-580,105723,104731,Hard,R64,False,False,0.6216958646740705,87,51,59.23456311619108,21.213021892541903,51,ordinary,online
2013-ausopen-1205,2013-580,104731,105723,Hard,R64,False,False,0.4588918595483044,90,65,65.98454854604323,24.29641474709349,25,ordinary,online
2013-ausopen-1206,2013-580,103598,104269,Hard,R64,False,True,0.6362433662276376,91,41,69.10265081324702,25.665355486583213,41,ordinary,online
2013-ausopen-1206,2013-580,104269,103598,Hard,R64,False,True,0.6096547949234697,74,49,47.76635195980183,16.758073801515135,49,ordinary,online
2013-ausopen-1208,2013-580,105558,104607,Hard,R64,False,True,0.5412314577810611,101,53,69.93919184322228,25.215546055280587,53,ordinary,online
2013-ausopen-1208,2013-580,104607,105558,Hard,R64,False,True,0.7562023242801419,73,53,43.03898654728357,14.587016359313248,53,ordinary,online
2013-ausopen-1209,2013-580,103970,105065,Hard,R64,False,True,0.7624033911627986,108,72,71.27063717221236,24.989876205062814,72,ordinary,online
2013-ausopen-1209,2013-580,105065,103970,Hard,R64,False,True,0.4844602596121926,121,65,84.20908154604672,30.419077170780046,56,ordinary,online
2013-ausopen-1210,2013-580,105147,104571,Hard,R64,False,True,0.5452605731594669,115,66,78.6419427623756,28.216149996802258,66,ordinary,online
2013-ausopen-1210,2013-580,104571,105147,Hard,R64,False,True,0.6599522561274956,94,64,58.95769573213572,20.46658737025109,64,ordinary,online
2013-ausopen-1212,2013-580,104122,105453,Hard,R64,False,True,0.5194197628221363,91,47,63.02850518139103,22.726059285647782,47,ordinary,online
2013-ausopen-1212,2013-580,105453,104122,Hard,R64,False,True,0.5873414981837037,97,63,63.619964766685,22.45706467125506,63,ordinary,online
2013-ausopen-1213,2013-580,104597,104593,Hard,R64,False,True,0.7514730451261198,83,57,52.483339690371054,18.203147072365574,57,ordinary,online
2013-ausopen-1213,2013-580,104593,104597,Hard,R64,False,True,0.557521803708956,78,42,53.891761226073925,19.412952294096932,42,ordinary,online
2013-ausopen-1214,2013-580,104500,105668,Hard,R64,False,True,0.5403787222441037,158,89,108.41548746067164,38.950035266308426,89,ordinary,online
2013-ausopen-1214,2013-580,105668,104500,Hard,R64,False,True,0.6990438436950346,171,103,118.53207354903884,42.55822071357855,103,ordinary,online
2013-ausopen-1215,2013-580,103898,104273,Hard,R64,False,True,0.6637917311821501,148,93,98.06152128604273,34.74641843321786,93,ordinary,online
2013-ausopen-1215,2013-580,104273,103898,Hard,R64,False,True,0.6336432971032974,167,97,114.54845080500439,41.124339631937886,97,ordinary,online
2013-ausopen-1216,2013-580,105041,104386,Hard,R64,False,True,0.5931649616635112,156,101,102.21466822855862,36.068446536233594,101,ordinary,online
2013-ausopen-1216,2013-580,104386,105041,Hard,R64,False,True,0.73665610833392,155,100,103.94960962517132,36.7814227347958,100,ordinary,online
2013-ausopen-1217,2013-580,105223,103794,Hard,R64,False,True,0.6994790784957777,75,58,41.16836927098927,13.555750488487462,58,ordinary,online
2013-ausopen-1217,2013-580,103794,105223,Hard,R64,False,True,0.5551272433304195,79,44,54.24539288911383,19.49393683364592,44,ordinary,online
2013-ausopen-1218,2013-580,104871,104719,Hard,R64,False,True,0.7125451977346993,105,75,62.8190842260245,21.428889515347187,75,ordinary,online
2013-ausopen-1218,2013-580,104719,104871,Hard,R64,False,True,0.6341567196027095,93,56,62.71107176219104,22.374838691102603,56,ordinary,online
2013-ausopen-1220,2013-580,104330,105227,Hard,R64,False,False,0.5340505505200468,94,56,64.14659658755018,22.996077449766673,56,ordinary,online
2013-ausopen-1220,2013-580,105227,104330,Hard,R64,False,False,0.6954501960988142,76,61,39.98875830020957,12.912550195239481,61,ordinary,online
2013-ausopen-1221,2013-580,104468,105028,Hard,R64,False,True,0.6332684956719657,133,86,86.4369161792524,30.41467409663628,86,ordinary,online
2013-ausopen-1221,2013-580,105028,104468,Hard,R64,False,True,0.5722915746675672,123,74,82.91625836935582,29.585517460764546,74,ordinary,online
2013-ausopen-1222,2013-580,104229,104792,Hard,R64,False,True,0.5304089100324991,161,104,109.03303242675292,38.96965821978024,104,ordinary,online
2013-ausopen-1222,2013-580,104792,104229,Hard,R64,False,True,0.658526229981553,165,102,110.30311231515356,39.21402035342653,102,ordinary,online
2013-ausopen-1223,2013-580,104252,105575,Hard,R64,False,True,0.6185439195761542,72,37,51.50590649420864,18.774703743378087,37,ordinary,online
2013-ausopen-1223,2013-580,105575,104252,Hard,R64,False,True,0.518423239407996,70,53,47.240779102249526,16.86052248383205,53,ordinary,online
2013-ausopen-1224,2013-580,105311,104918,Hard,R64,False,False,0.4776017898188393,77,43,53.85310700735869,19.490213237718045,34,ordinary,online
2013-ausopen-1224,2013-580,104918,105311,Hard,R64,False,False,0.7152955899142249,77,57,44.22446221791554,14.853181882985265,57,ordinary,online
2013-ausopen-1225,2013-580,104542,104424,Hard,R64,False,True,0.6599746560479464,100,72,60.12446026030139,20.520304191656237,72,ordinary,online
2013-ausopen-1225,2013-580,104424,104542,Hard,R64,False,True,0.5923468159955123,78,52,50.561275982843156,17.76416166922838,52,ordinary,online
2013-ausopen-1226,2013-580,105902,104882,Hard,R64,False,True,0.606919179631575,185,113,123.65692254331464,43.981180165126894,113,ordinary,online
2013-ausopen-1226,2013-580,104882,105902,Hard,R64,False,True,0.6714131575581068,195,128,125.55936220572644,44.023379152843354,128,ordinary,online
2013-ausopen-1228,2013-580,104268,104755,Hard,R64,False,True,0.589662585725956,84,41,59.9597428969398,21.85463303089332,41,ordinary,online
2013-ausopen-1228,2013-580,104755,104268,Hard,R64,False,True,0.6844272789985384,69,50,40.87260042747915,13.879680416522836,50,ordinary,online
2013-ausopen-1230,2013-580,104804,104259,Hard,R64,False,False,0.5710622563957383,94,61,62.10831491587553,21.98494218362037,61,ordinary,online
2013-ausopen-1230,2013-580,104259,104804,Hard,R64,False,False,0.7012127074348156,88,71,45.7374212944099,14.697330518245844,71,ordinary,online
2013-ausopen-1231,2013-580,104978,106071,Hard,R64,False,True,0.6551890271904004,159,115,95.47501414108501,32.560876900969724,115,ordinary,online
2013-ausopen-1231,2013-580,106071,104978,Hard,R64,False,True,0.7261060715065143,148,109,85.39201004347697,28.73892041921612,109,ordinary,online
2013-ausopen-1232,2013-580,103786,103819,Hard,R64,False,True,0.5231020071256455,106,61,72.84707609653208,26.18694037571241,61,ordinary,online
2013-ausopen-1232,2013-580,103819,103786,Hard,R64,False,True,0.7304964093798344,91,66,53.50538270064065,18.134349336493443,66,ordinary,online
2013-ausopen-1301,2013-580,104925,103285,Hard,R32,False,True,0.6880012446542602,85,67,46.02123978954323,15.042218791223085,67,ordinary,online
2013-ausopen-1301,2013-580,103285,104925,Hard,R32,False,True,0.48668256348090355,107,65,74.81746257441125,27.075277930291314,42,ordinary,online
2013-ausopen-1302,2013-580,105023,104527,Hard,R32,False,True,0.6374211578707565,111,75,70.29683124551099,24.486762627030366,75,ordinary,online
2013-ausopen-1302,2013-580,104527,105023,Hard,R32,False,True,0.6762544229036013,105,75,63.172862964059746,21.580441236611502,75,ordinary,online
2013-ausopen-1303,2013-580,104731,104269,Hard,R32,False,True,0.6693180197768928,147,101,91.45460747073233,31.65179190998263,101,ordinary,online
2013-ausopen-1303,2013-580,104269,104731,Hard,R32,False,True,0.659020870594296,163,103,107.50704817263643,38.03398744182983,103,ordinary,online
2013-ausopen-1304,2013-580,103781,104607,Hard,R32,False,True,0.5458050829839423,82,42,56.99987464724024,20.580434495459713,42,ordinary,online
2013-ausopen-1304,2013-580,104607,103781,Hard,R32,False,True,0.6796546242695655,76,57,43.64047512861076,14.626083863385855,57,ordinary,online
2013-ausopen-1305,2013-580,103970,104571,Hard,R32,False,True,0.6744999840829694,85,55,55.32988253429062,19.475771175747074,55,ordinary,online
2013-ausopen-1305,2013-580,104571,103970,Hard,R32,False,True,0.5569452452994771,76,40,52.717762875192285,19.01866885193063,40,ordinary,online
2013-ausopen-1306,2013-580,105539,105453,Hard,R32,False,False,0.5467445253248486,92,52,63.048202923549454,22.64009035570359,52,ordinary,online
2013-ausopen-1306,2013-580,105453,105539,Hard,R32,False,False,0.6664222583200735,97,71,57.35891957709515,19.447546077838958,71,ordinary,online
2013-ausopen-1307,2013-580,104597,105668,Hard,R32,False,True,0.6737781237713506,91,73,48.987567819734885,15.940297296011384,73,ordinary,online
2013-ausopen-1307,2013-580,105668,104597,Hard,R32,False,True,0.6432887502789664,96,66,60.04152428730009,20.812644921781978,66,ordinary,online
2013-ausopen-1308,2013-580,103898,104386,Hard,R32,False,True,0.5944069920480733,145,95,94.53840041377262,33.29402397923362,95,ordinary,online
2013-ausopen-1308,2013-580,104386,103898,Hard,R32,False,True,0.6659949222004946,129,88,80.73020689417402,28.002745187905674,88,ordinary,online
2013-ausopen-1309,2013-580,105223,104871,Hard,R32,False,True,0.7255322072757691,149,99,96.41019940919524,33.7777735447707,99,ordinary,online
2013-ausopen-1309,2013-580,104871,105223,Hard,R32,False,True,0.6202607126151196,159,107,101.45490427989284,35.43522040696115,107,ordinary,online
2013-ausopen-1310,2013-580,104312,105227,Hard,R32,False,True,0.5979697504503119,162,95,109.90270788239721,39.31173465192528,95,ordinary,online
2013-ausopen-1310,2013-580,105227,104312,Hard,R32,False,True,0.6462958995425648,136,79,93.72312028691707,33.692228880387255,79,ordinary,online
2013-ausopen-1311,2013-580,104468,104792,Hard,R32,False,True,0.5691623463305548,182,101,125.12648486386334,44.98733736067937,101,ordinary,online
2013-ausopen-1311,2013-580,104792,104468,Hard,R32,False,True,0.599337904815456,166,98,112.36441969054135,40.157954064835,98,ordinary,online
2013-ausopen-1312,2013-580,105575,104918,Hard,R32,False,True,0.61941943613301,87,46,61.64109420940143,22.393609969525315,46,ordinary,online
2013-ausopen-1312,2013-580,104918,105575,Hard,R32,False,True,0.5839076213519389,114,69,76.58102096770469,27.288832824540666,69,ordinary,online
2013-ausopen-1313,2013-580,104542,104882,Hard,R32,False,True,0.6404104050222905,69,50,41.71534883901907,14.257618091167128,50,ordinary,online
2013-ausopen-1313,2013-580,104882,104542,Hard,R32,False,True,0.5867752843129564,74,35,53.125752756707165,19.404317434853812,35,ordinary,online
2013-ausopen-1314,2013-580,104471,104755,Hard,R32,False,True,0.5236962987814713,114,66,78.29324160152181,28.137479283590764,66,ordinary,online
2013-ausopen-1314,2013-580,104755,104471,Hard,R32,False,True,0.7701151669329235,112,79,69.15183652353511,23.746469102692046,79,ordinary,online
2013-ausopen-1315,2013-580,105683,104259,Hard,R32,False,True,0.6833400014312867,86,69,45.82138176604565,14.857085752307974,69,ordinary,online
2013-ausopen-1315,2013-580,104259,105683,Hard,R32,False,True,0.6902346053391061,94,64,58.88452059523992,20.433808694911786,64,ordinary,online
2013-ausopen-1316,2013-580,106071,103819,Hard,R32,False,True,0.5522335905745538,121,72,82.12315477770755,29.378757522886787,72,ordinary,online
2013-ausopen-1316,2013-580,103819,106071,Hard,R32,False,True,0.7318723790986396,95,71,53.75360107190389,17.95965420030595,71,ordinary,online
2013-ausopen-1401,2013-580,104925,104527,Hard,R16,False,True,0.6894191052098407,195,128,125.94778581149683,44.19195607880658,128,ordinary,online
2013-ausopen-1401,2013-580,104527,104925,Hard,R16,False,True,0.5384341285236439,214,133,144.9625557906583,51.817542315140116,133,ordinary,online
2013-ausopen-1402,2013-580,104731,104607,Hard,R16,False,True,0.6372598029141598,111,64,76.49819791122735,27.50785148851906,64,ordinary,online
2013-ausopen-1402,2013-580,104607,104731,Hard,R16,False,True,0.709433891567507,112,75,71.47579116119431,24.954118273391085,75,ordinary,online
2013-ausopen-1403,2013-580,103970,105453,Hard,R16,False,True,0.6537608636584408,96,60,63.68334027516495,22.579409978724424,60,ordinary,online
2013-ausopen-1403,2013-580,105453,103970,Hard,R16,False,True,0.5596397777062632,95,43,67.60829852096215,24.624663792417355,43,ordinary,online
2013-ausopen-1404,2013-580,104597,104386,Hard,R16,True,True,0.6703948921645906,43,32,25.00488698967258,8.420187293402243,32,ordinary,online
2013-ausopen-1404,2013-580,104386,104597,Hard,R16,True,True,0.666854172425344,46,21,35.98823577474336,13.44807117306571,21,ordinary,online
2013-ausopen-1405,2013-580,104871,104312,Hard,R16,False,True,0.6359644711368607,124,82,79.5553915683249,27.853726993554822,82,ordinary,online
2013-ausopen-1405,2013-580,104312,104871,Hard,R16,False,True,0.6683791492177316,119,68,83.68908998863816,30.261387472361733,68,ordinary,online
2013-ausopen-1406,2013-580,104468,104918,Hard,R16,False,True,0.4982238225500976,90,43,62.36960463974786,22.493179222770408,47,ordinary,online
2013-ausopen-1406,2013-580,104918,104468,Hard,R16,False,True,0.6487094664675237,63,44,38.91858601270869,13.425477179586407,44,ordinary,online
2013-ausopen-1407,2013-580,104542,104755,Hard,R16,False,True,0.6297849464823783,106,74,66.01336750387,22.834510275084096,74,ordinary,online
2013-ausopen-1407,2013-580,104755,104542,Hard,R16,False,True,0.6516007273922747,102,67,65.60187442131087,22.99302033912562,67,ordinary,online
2013-ausopen-1408,2013-580,105683,103819,Hard,R16,False,True,0.6360514877950317,96,61,62.97702205602296,22.239622021128376,61,ordinary,online
2013-ausopen-1408,2013-580,103819,105683,Hard,R16,False,True,0.7495080881078818,78,66,35.642262992548,10.88239755261192,66,ordinary,online
2013-ausopen-1501,2013-580,104925,104607,Hard,QF,False,True,0.6710644044051015,97,71,57.23042757835604,19.390615755854228,71,ordinary,online
2013-ausopen-1501,2013-580,104607,104925,Hard,QF,False,True,0.5837767976422392,107,60,73.4912739702047,26.411886675732084,60,ordinary,online
2013-ausopen-1502,2013-580,103970,104597,Hard,QF,False,True,0.6780600630416667,149,97,96.6226770867702,33.96139968463494,97,ordinary,online
2013-ausopen-1502,2013-580,104597,103970,Hard,QF,False,True,0.630110532068032,166,98,112.8917542952849,40.40685663009342,98,ordinary,online
2013-ausopen-1503,2013-580,104871,104918,Hard,QF,False,True,0.5653078414651157,77,36,54.691658764107586,19.904952997401693,36,ordinary,online
2013-ausopen-1503,2013-580,104918,104871,Hard,QF,False,True,0.6939636035223179,75,48,49.50550020532537,17.498405287883543,48,ordinary,online
2013-ausopen-1504,2013-580,104542,103819,Hard,QF,False,True,0.6120013894978268,175,115,113.27259472859134,39.78517804627221,115,ordinary,online
2013-ausopen-1504,2013-580,103819,104542,Hard,QF,False,True,0.6985495776982,158,109,97.86199061563158,33.8156910371611,109,ordinary,online
2013-ausopen-1601,2013-580,104925,103970,Hard,SF,False,True,0.6527009489922783,51,44,26.174977015359445,8.289261458265965,44,ordinary,online
2013-ausopen-1601,2013-580,103970,104925,Hard,SF,False,True,0.575620253939867,75,34,53.92063246059279,19.70822348802382,34,ordinary,online
2013-ausopen-1602,2013-580,104918,103819,Hard,SF,False,True,0.6100502292988111,157,111,98.17766970864567,33.998170411666464,111,ordinary,online
2013-ausopen-1602,2013-580,103819,104918,Hard,SF,False,True,0.6332730417716184,171,105,114.17671604019458,40.58960269729006,105,ordinary,online
2013-ausopen-1701,2013-580,104925,104918,Hard,F,False,True,0.6245959902849328,134,96,82.41301836626691,28.353670110015027,96,ordinary,online
2013-ausopen-1701,2013-580,104918,104925,Hard,F,False,True,0.5730912475845422,131,88,85.59146328074074,30.160739150719497,88,ordinary,online
2013-frenchopen-1101,2013-520,104925,105676,Clay,R128,False,True,0.7171530922915077,101,73,59.62979957980457,20.240812861550324,73,ordinary,online
2013-frenchopen-1101,2013-520,105676,104925,Clay,R128,False,True,0.5219294704722046,112,71,76.42369706143522,27.395976873455286,71,ordinary,online
2013-frenchopen-1103,2013-520,104864,106298,Clay,R128,False,False,0.6401923539478733,86,46,61.402811632198464,22.3490809413811,46,ordinary,online
2013-frenchopen-1103,2013-520,106298,104864,Clay,R128,False,False,0.6741236531178032,107,69,69.81659530479011,24.59630473688263,69,ordinary,online
2013-frenchopen-1106,2013-520,106071,103812,Clay,R128,True,True,0.7088132284266697,88,55,59.644059822806206,21.243169838818496,55,ordinary,online
2013-frenchopen-1106,2013-520,103812,106071,Clay,R128,True,True,0.6309308335448477,106,70,68.12289609717762,23.86549727578653,70,ordinary,online
2013-frenchopen-1108,2013-520,106210,104259,Clay,R128,False,False,0.575088816498035,134,84,89.26514167223152,31.70251650771894,84,ordinary,online
2013-frenchopen-1108,2013-520,104259,106210,Clay,R128,False,False,0.6951342577380965,118,82,72.58313897800274,25.01695481212131,82,ordinary,online
2013-frenchopen-1109,2013-520,103163,105558,Clay,R128,False,True,0.6889114023237706,85,61,50.75545956387815,17.293717137894838,61,ordinary,online
2013-frenchopen-1109,2013-520,105558,103163,Clay,R128,False,True,0.5746640224746582,93,53,63.55543051856624,22.797816319274396,53,ordinary,online
2013-frenchopen-1110,2013-520,106058,104198,Clay,R128,False,True,0.6846851044682188,80,55,49.688380414103605,17.188133890948386,55,ordinary,online
2013-frenchopen-1110,2013-520,104198,106058,Clay,R128,False,True,0.6092961744011317,83,41,59.78531320073547,21.850785434715107,41,ordinary,online
2013-frenchopen-1112,2013-520,104122,104545,Clay,R128,False,True,0.6238324068199183,91,55,61.150982203355476,21.792620583493605,55,ordinary,online
2013-frenchopen-1112,2013-520,104545,104122,Clay,R128,False,True,0.7046447533181266,89,61,55.50189124023625,19.223996420898505,61,ordinary,online
2013-frenchopen-1115,2013-520,104269,102967,Clay,R128,False,True,0.6978024250877575,70,48,43.59815878226338,15.09594290366016,48,ordinary,online
2013-frenchopen-1115,2013-520,102967,104269,Clay,R128,False,True,0.557483146049023,77,36,54.461974083275145,19.7918477603815,36,ordinary,online
2013-frenchopen-1116,2013-520,103917,104386,Clay,R128,False,True,0.5664504590219982,79,45,53.9919274681412,19.36788236759253,45,ordinary,online
2013-frenchopen-1116,2013-520,104386,103917,Clay,R128,False,True,0.6698933295789447,85,57,53.86980109028704,18.776511634221297,57,ordinary,online
2013-frenchopen-1117,2013-520,104745,104978,Clay,R128,False,True,0.7964802618948605,113,86,62.55334377768264,20.690426211539926,86,ordinary,online
2013-frenchopen-1117,2013-520,104978,104745,Clay,R128,False,True,0.5650704247594469,142,88,95.18967455893332,33.888856303508035,88,ordinary,online
2013-frenchopen-1121,2013-520,105332,104571,Clay,R128,False,True,0.5469312409066142,158,100,106.26247864278412,37.87688941886168,100,ordinary,online
2013-frenchopen-1121,2013-520,104571,105332,Clay,R128,False,True,0.6007974286590559,135,86,88.81280979587545,31.39211155889239,86,ordinary,online
2013-frenchopen-1122,2013-520,103997,105270,Clay,R128,False,True,0.6209076124829539,142,82,97.27750460762252,34.91588093277361,82,ordinary,online
2013-frenchopen-1122,2013-520,105270,103997,Clay,R128,False,True,0.5196541771660312,155,83,107.12503966049147,38.593678486585084,83,ordinary,online
2013-frenchopen-1124,2013-520,105028,105453,Clay,R128,False,True,0.5714017950361467,65,25,47.8809815565976,17.652410987277154,25,ordinary,online
2013-frenchopen-1124,2013-520,105453,105028,Clay,R128,False,True,0.6413983561486927,70,46,45.04184472311663,15.788780823237438,46,ordinary,online
2013-frenchopen-1125,2013-520,104527,105217,Clay,R128,False,True,0.7654653488803006,138,98,84.1986678703831,28.828125265889845,98,ordinary,online
2013-frenchopen-1125,2013-520,105217,104527,Clay,R128,False,True,0.6516594515171754,143,95,91.30173600327444,31.911090039224895,95,ordinary,online
2013-frenchopen-1128,2013-520,105077,105668,Clay,R128,False,True,0.6022631027410649,104,66,68.50067124238953,24.22423831020206,66,ordinary,online
2013-frenchopen-1128,2013-520,105668,105077,Clay,R128,False,True,0.6721874482666715,103,75,61.02012576838245,20.710987217546972,75,ordinary,online
2013-frenchopen-1129,2013-520,104252,104797,Clay,R128,True,True,0.6304261779345653,99,55,69.17256670300088,24.99939984389105,55,ordinary,online
2013-frenchopen-1129,2013-520,104797,104252,Clay,R128,True,True,0.6004165720294942,89,57,58.43214649108996,20.637016125758407,57,ordinary,online
2013-frenchopen-1130,2013-520,103722,103786,Clay,R128,False,True,0.6093880914047028,78,48,51.97562098971324,18.46434320892611,48,ordinary,online
2013-frenchopen-1130,2013-520,103786,103722,Clay,R128,False,True,0.6528228282749605,93,66,56.709508702471624,19.46190766357864,66,ordinary,online
2013-frenchopen-1132,2013-520,104660,104755,Clay,R128,False,True,0.44961660331539877,75,39,52.672087742199054,19.091536689664643,36,ordinary,online
2013-frenchopen-1132,2013-520,104755,104660,Clay,R128,False,True,0.7147349935484458,70,52,40.0419193600283,13.426788441150418,52,ordinary,online
2013-frenchopen-1133,2013-520,104607,104792,Clay,R128,False,True,0.6455042621859328,182,124,114.42712921672742,39.749929932926065,124,ordinary,online
2013-frenchopen-1133,2013-520,104792,104607,Clay,R128,False,True,0.5729347909965257,181,131,115.50574982794247,40.305108485806365,131,ordinary,online
2013-frenchopen-1134,2013-520,105208,104297,Clay,R128,False,True,0.7816725547978672,89,59,60.18562091401467,21.14270501410767,59,ordinary,online
2013-frenchopen-1134,2013-520,104297,105208,Clay,R128,False,True,0.578411992044683,82,44,56.91024610857087,20.533700168437967,44,ordinary,online
2013-frenchopen-1137,2013-520,104312,104919,Clay,R128,False,True,0.6938139234576252,163,105,107.02951658270024,37.763651016435844,105,ordinary,online
2013-frenchopen-1137,2013-520,104919,104312,Clay,R128,False,True,0.5930203910618402,162,96,109.4960283678569,39.11114075897902,96,ordinary,online
2013-frenchopen-1138,2013-520,104882,105902,Clay,R128,False,True,0.6378167954827328,70,50,42.79731167149103,14.695038973717072,50,ordinary,online
2013-frenchopen-1138,2013-520,105902,104882,Clay,R128,False,True,0.6169402269434968,69,30,51.91249932624945,19.24603819324563,30,ordinary,online
2013-frenchopen-1139,2013-520,104651,104273,Clay,R128,False,False,0.596354511665158,92,48,64.72976336149378,23.468727609816625,48,ordinary,online
2013-frenchopen-1139,2013-520,104273,104651,Clay,R128,False,False,0.6411796635637219,102,67,65.65052502060257,23.015283901165404,67,ordinary,online
2013-frenchopen-1140,2013-520,104890,104597,Clay,R128,False,True,0.5569038668932467,105,70,69.46428360676263,24.598359915813823,70,ordinary,online
2013-frenchopen-1140,2013-520,104597,104890,Clay,R128,False,True,0.7585131681485837,107,78,62.76608900859231,21.233563978084714,78,ordinary,online
2013-frenchopen-1141,2013-520,105683,103598,Clay,R128,False,True,0.684482630569304,96,69,57.30297039626747,19.51897825033918,69,ordinary,online
2013-frenchopen-1141,2013-520,103598,105683,Clay,R128,False,True,0.6342981023487219,107,60,74.59320246744167,26.93397456097467,60,ordinary,online
2013-frenchopen-1142,2013-520,104327,103566,Clay,R128,False,True,0.6721231107102215,131,72,94.39849798047743,34.393453407280894,72,ordinary,online
2013-frenchopen-1142,2013-520,103566,104327,Clay,R128,False,True,0.7084955327016687,112,72,74.12002773566286,26.196826315080493,72,ordinary,online
2013-frenchopen-1144,2013-520,105011,104731,Clay,R128,False,True,0.5279910714025932,114,64,78.4131268138162,28.197444009285913,64,ordinary,online
2013-frenchopen-1144,2013-520,104731,105011,Clay,R128,False,True,0.7031465399850021,90,65,53.25526392597307,18.08830490430894,65,ordinary,online
2013-frenchopen-1145,2013-520,104719,103852,Clay,R128,False,True,0.5984817810673755,143,91,94.16580999662193,33.29611909028731,91,ordinary,online
2013-frenchopen-1145,2013-520,103852,104719,Clay,R128,False,True,0.7139383956591827,166,102,114.46885515746331,40.96810072973041,102,ordinary,online
2013-frenchopen-1146,2013-520,105311,104424,Clay,R128,False,False,0.6555683104655216,77,54,47.31641800749539,16.290897815593294,54,ordinary,online
2013-frenchopen-1146,2013-520,104424,105311,Clay,R128,False,False,0.7048480768294719,67,34,52.16102879698549,19.356655140079653,34,ordinary,online
2013-frenchopen-1148,2013-520,104594,103970,Clay,R128,False,True,0.5510969836305433,86,39,60.882509833469356,22.133313418352387,39,ordinary,online
2013-frenchopen-1148,2013-520,103970,104594,Clay,R128,False,True,0.6798948297788973,88,51,61.82358506702745,22.32934156383914,51,ordinary,online
2013-frenchopen-1149,2013-520,104542,105379,Clay,R128,False,False,0.7174737614801084,80,55,49.86063590085726,17.259374110181312,55,ordinary,online
2013-frenchopen-1149,2013-520,105379,104542,Clay,R128,False,False,0.5374870359689874,76,38,52.893390558385555,19.106801117796252,38,ordinary,online
2013-frenchopen-1150,2013-520,103813,103908,Clay,R128,False,True,0.622068675440658,182,113,120.78159221181207,42.840916877949326,113,ordinary,online
2013-frenchopen-1150,2013-520,103908,103813,Clay,R128,False,True,0.6654217323567093,153,94,102.8876021271236,36.646984846507074,94,ordinary,online
2013-frenchopen-1152,2013-520,103794,104871,Clay,R128,False,True,0.5963578550116063,108,61,74.17142516251545,26.653752341860788,61,ordinary,online
2013-frenchopen-1152,2013-520,104871,103794,Clay,R128,False,True,0.6841613950878115,85,61,50.81382187484816,17.31883903420954,61,ordinary,online
2013-frenchopen-1154,2013-520,104678,103484,Clay,R128,False,True,0.6105894593125398,71,49,44.921857203598876,15.632416622845257,49,ordinary,online
2013-frenchopen-1154,2013-520,103484,104678,Clay,R128,False,True,0.5532157318160406,79,37,55.74280368473897,20.239799873984825,37,ordinary,online
2013-frenchopen-1156,2013-520,104332,105227,Clay,R128,False,True,0.5701821993538603,86,40,61.314091307395344,22.344689731251627,40,ordinary,online
2013-frenchopen-1156,2013-520,105227,104332,Clay,R128,False,True,0.6371041013555419,60,46,34.92877149791195,11.740520833133303,46,ordinary,online
2013-frenchopen-1157,2013-520,104468,103720,Clay,R128,False,True,0.5947376945384482,118,67,80.87979138984159,29.043274117827146,67,ordinary,online
2013-frenchopen-1157,2013-520,103720,104468,Clay,R128,False,True,0.5907540190426883,138,69,97.96581656260813,35.63660829219128,69,ordinary,online
2013-frenchopen-1158,2013-520,105173,104655,Clay,R128,False,False,0.5897540296169027,190,109,129.72828843179303,46.51748647889637,109,ordinary,online
2013-frenchopen-1158,2013-520,104655,105173,Clay,R128,False,False,0.5901205722032268,145,94,95.06477420464944,33.55246443772562,94,ordinary,online
2013-frenchopen-1160,2013-520,105041,105023,Clay,R128,False,True,0.6673377642967365,88,53,59.95829168705319,21.452089850323794,53,ordinary,online
2013-frenchopen-1160,2013-520,105023,105041,Clay,R128,False,True,0.7094090097134812,77,58,43.39366821369093,14.459662889061157,58,ordinary,online
2013-frenchopen-1161,2013-520,103898,105575,Clay,R128,False,True,0.5408474046034801,159,106,106.40327040862675,37.85038071960717,106,ordinary,online
2013-frenchopen-1161,2013-520,105575,103898,Clay,R128,False,True,0.6696635847410051,153,96,101.62975238864904,36.03733718913754,96,ordinary,online
2013-frenchopen-1163,2013-520,104500,103926,Clay,R128,False,False,0.6391440451809478,123,76,81.92552408422634,29.096233722798583,76,ordinary,online
2013-frenchopen-1163,2013-520,103926,104500,Clay,R128,False,False,0.5975657207653177,103,59,70.42840247227774,25.266978384971196,59,ordinary,online
2013-frenchopen-1164,2013-520,105807,103819,Clay,R128,False,False,0.5078235743339246,79,38,54.81524463964513,19.77830617991509,38,ordinary,online
2013-frenchopen-1164,2013-520,103819,105807,Clay,R128,False,False,0.7565715668471477,59,47,30.06622040394466,9.653904326299454,47,ordinary,online
2013-frenchopen-1201,2013-520,104925,105550,Clay,R64,False,False,0.7553316729563283,68,48,41.62575462044846,14.28392305582087,48,ordinary,online
2013-frenchopen-1201,2013-520,105550,104925,Clay,R64,False,False,0.46645859835885817,83,38,57.248105795155595,20.608587315308355,45,ordinary,online
2013-frenchopen-1202,2013-520,106298,105777,Clay,R64,False,False,0.5406470173874263,77,44,52.731400950785336,18.930100670470328,44,ordinary,online
2013-frenchopen-1202,2013-520,105777,106298,Clay,R64,False,False,0.5403463835791888,87,62,57.595835450884195,20.398805075678972,62,ordinary,online
2013-frenchopen-1205,2013-520,103163,106058,Clay,R64,False,True,0.6145234174187625,112,77,70.85655385037663,24.658965139786453,77,ordinary,online
2013-frenchopen-1205,2013-520,106058,103163,Clay,R64,False,True,0.6509678821819744,100,61,67.2380554035189,23.957836737047614,61,ordinary,online
2013-frenchopen-1206,2013-520,105992,104545,Clay,R64,False,True,0.6930633075847751,185,120,120.7684665323375,42.527104618918464,120,ordinary,online
2013-frenchopen-1206,2013-520,104545,105992,Clay,R64,False,True,0.7158555803647874,158,118,89.77557262980545,30.025058520336415,118,ordinary,online
2013-frenchopen-1208,2013-520,104269,104386,Clay,R64,False,True,0.6010662362307406,191,117,127.56189766505969,45.355099206295094,117,ordinary,online
2013-frenchopen-1208,2013-520,104386,104269,Clay,R64,False,True,0.6452465457298643,190,120,125.11799105920969,44.24601893233372,120,ordinary,online
2013-frenchopen-1209,2013-520,104745,105373,Clay,R64,False,True,0.6905407870305453,100,65,65.12072980842805,22.914355541305603,65,ordinary,online
2013-frenchopen-1209,2013-520,105373,104745,Clay,R64,False,True,0.498832443410789,103,55,71.41078623720703,25.75831330452855,48,ordinary,online
2013-frenchopen-1210,2013-520,104586,104926,Clay,R64,False,True,0.6634480389712861,126,72,88.34808859725266,31.924058240405294,72,ordinary,online
2013-frenchopen-1210,2013-520,104926,104586,Clay,R64,False,True,0.6717557006189409,110,77,67.39716736563827,23.18775144922796,77,ordinary,online
2013-frenchopen-1211,2013-520,105332,103997,Clay,R64,False,True,0.5609877828501046,82,54,54.26541719223394,19.219317437768943,54,ordinary,online
2013-frenchopen-1211,2013-520,103997,105332,Clay,R64,False,True,0.5805862561562217,102,54,71.0677873295233,25.67888522055284,54,ordinary,online
2013-frenchopen-1212,2013-520,104813,105453,Clay,R64,False,True,0.5572996056286983,134,63,94.68829983664061,34.39835164892697,63,ordinary,online
2013-frenchopen-1212,2013-520,105453,104813,Clay,R64,False,True,0.6533464895018097,111,64,77.03463918858026,27.753290866989914,64,ordinary,online
2013-frenchopen-1213,2013-520,104527,104547,Clay,R64,False,False,0.697032047613681,98,70,58.700263203845736,20.029173523335704,70,ordinary,online
2013-frenchopen-1213,2013-520,104547,104527,Clay,R64,False,False,0.5359203111892374,103,62,70.14938666475032,25.128571146886973,62,ordinary,online
2013-frenchopen-1215,2013-520,104797,103786,Clay,R64,False,True,0.6415459048512953,103,60,70.7485233206058,25.40734966508569,60,ordinary,online
2013-frenchopen-1215,2013-520,103786,104797,Clay,R64,False,True,0.6070271690315591,79,59,48.132018072540035,16.480870785731078,59,ordinary,online
2013-frenchopen-1216,2013-520,104308,104755,Clay,R64,False,False,0.5309794219372589,81,35,56.98311762814559,20.668511332578753,35,ordinary,online
2013-frenchopen-1216,2013-520,104755,104308,Clay,R64,False,False,0.7184319154465162,64,46,38.02433746344104,12.937506475378122,46,ordinary,online
2013-frenchopen-1217,2013-520,104792,105208,Clay,R64,False,True,0.6391484991927617,152,97,99.47987229567283,35.0988333676989,97,ordinary,online
2013-frenchopen-1217,2013-520,105208,104792,Clay,R64,False,True,0.6202346883781905,116,75,75.52057525946806,26.58896070871199,75,ordinary,online
2013-frenchopen-1219,2013-520,104312,104882,Clay,R64,False,True,0.564853176681154,163,108,107.45240805425918,37.99834896357767,108,ordinary,online
2013-frenchopen-1219,2013-520,104882,104312,Clay,R64,False,True,0.5780649643984184,167,100,112.62146484547523,40.19157733216209,100,ordinary,online
2013-frenchopen-1220,2013-520,104273,104597,Clay,R64,False,True,0.5926845100202497,75,46,50.1091298669456,17.818644709482786,46,ordinary,online
2013-frenchopen-1220,2013-520,104597,104273,Clay,R64,False,True,0.7026985259541545,101,66,65.74190370018553,23.116101630243904,66,ordinary,online
2013-frenchopen-1221,2013-520,105683,103566,Clay,R64,False,True,0.71351269239706,121,86,72.78187117169863,24.876960735321568,86,ordinary,online
2013-frenchopen-1221,2013-520,103566,105683,Clay,R64,False,True,0.6450406366728774,145,89,97.02344465173832,34.513993001333716,89,ordinary,online
2013-frenchopen-1224,2013-520,103656,103970,Clay,R64,False,True,0.5395774124368558,87,37,61.608380698107155,22.400780688721262,37,ordinary,online
2013-frenchopen-1224,2013-520,103970,103656,Clay,R64,False,True,0.6919331673166249,72,46,47.55363351253921,16.81369718523329,46,ordinary,online
2013-frenchopen-1225,2013-520,104542,103813,Clay,R64,False,True,0.682045636151794,80,63,43.586904695525675,14.277149828370387,63,ordinary,online
2013-frenchopen-1225,2013-520,103813,104542,Clay,R64,False,True,0.5556581410412736,109,66,73.66165944157035,26.30752608044527,66,ordinary,online
2013-frenchopen-1226,2013-520,105138,104871,Clay,R64,False,False,0.5842822541276075,80,47,54.22215031788065,19.388328311079945,47,ordinary,online
2013-frenchopen-1226,2013-520,104871,105138,Clay,R64,False,False,0.6943526905693609,97,67,59.9996443688751,20.72292837709397,67,ordinary,online
2013-frenchopen-1228,2013-520,106401,105227,Clay,R64,False,False,0.5187622217399004,80,43,55.2828850650262,19.915588346729972,43,ordinary,online
2013-frenchopen-1228,2013-520,105227,106401,Clay,R64,False,False,0.6906691605433948,69,55,36.78200399783326,11.941040703701091,55,ordinary,online
2013-frenchopen-1229,2013-520,104468,104655,Clay,R64,False,False,0.620707913211624,100,67,63.94374887998782,22.352970981995277,67,ordinary,online
2013-frenchopen-1229,2013-520,104655,104468,Clay,R64,False,False,0.5926346523758432,115,56,82.28256687726554,30.014739521518763,56,ordinary,online
2013-frenchopen-1230,2013-520,104225,105023,Clay,R64,False,True,0.5879728556512462,100,52,70.17584407053113,25.422030910538517,52,ordinary,online
2013-frenchopen-1230,2013-520,105023,104225,Clay,R64,False,True,0.7172867424119466,95,59,65.08409260662548,23.237690125184812,59,ordinary,online
2013-frenchopen-1231,2013-520,103898,104735,Clay,R64,False,True,0.5958429131763164,176,105,118.68927958657454,42.35805301708288,105,ordinary,online
2013-frenchopen-1231,2013-520,104735,103898,Clay,R64,False,True,0.5697338379150951,176,110,117.54564209853979,41.78756536620072,110,ordinary,online
2013-frenchopen-1232,2013-520,104500,103819,Clay,R64,False,True,0.4926852834421836,75,35,51.92091277812986,18.71743929808501,40,ordinary,online
2013-frenchopen-1232,2013-520,103819,104500,Clay,R64,False,True,0.704034765963304,65,48,37.54224777778847,12.630884327048092,48,ordinary,online
2013-frenchopen-1301,2013-520,104925,105777,Clay,R32,False,True,0.7173286159523946,71,52,41.28143819841526,13.931608312707601,52,ordinary,online
2013-frenchopen-1301,2013-520,105777,104925,Clay,R32,False,True,0.49799565640370114,84,42,58.22503809452466,21.00033746103317,42,ordinary,online
2013-frenchopen-1302,2013-520,103812,104259,Clay,R32,False,True,0.6314304565458391,81,39,59.852217553475825,22.043482527173182,39,ordinary,online
2013-frenchopen-1302,2013-520,104259,103812,Clay,R32,False,True,0.7087848306906361,95,63,61.16297861436567,21.41882527360945,63,ordinary,online
2013-frenchopen-1303,2013-520,103163,104545,Clay,R32,False,True,0.6952678903876703,208,151,122.61653253333112,41.575764498980845,151,ordinary,online
2013-frenchopen-1303,2013-520,104545,103163,Clay,R32,False,True,0.7102136096595297,229,156,143.80017980975936,49.921725824373446,156,ordinary,online
2013-frenchopen-1304,2013-520,104022,104386,Clay,R32,False,True,0.5863501050438235,85,61,53.74977920946385,18.688835067870276,61,ordinary,online
2013-frenchopen-1304,2013-520,104386,104022,Clay,R32,False,True,0.6254489969334446,88,53,59.243086423636875,21.126813728379446,53,ordinary,online
2013-frenchopen-1305,2013-520,104745,104926,Clay,R32,False,True,0.6658776260933064,104,66,68.49628105370364,24.2170267005759,66,ordinary,online
2013-frenchopen-1305,2013-520,104926,104745,Clay,R32,False,True,0.49346057183639747,129,73,89.64937361559001,32.36668685035244,56,ordinary,online
2013-frenchopen-1306,2013-520,105332,105453,Clay,R32,False,True,0.5289638620113759,137,76,94.32152057682362,33.93047209628749,76,ordinary,online
2013-frenchopen-1306,2013-520,105453,105332,Clay,R32,False,True,0.589896801228673,119,76,78.44128016737835,27.745096309120346,76,ordinary,online
2013-frenchopen-1307,2013-520,104527,105668,Clay,R32,False,True,0.6828953608571238,120,85,72.61848045592818,24.869317519910716,85,ordinary,online
2013-frenchopen-1307,2013-520,105668,104527,Clay,R32,False,True,0.6260043839780333,132,81,88.0993016631258,31.315646311841242,81,ordinary,online
2013-frenchopen-1308,2013-520,103786,104755,Clay,R32,False,True,0.5947414828683734,97,55,66.51522904085917,23.88902773459268,55,ordinary,online
2013-frenchopen-1308,2013-520,104755,103786,Clay,R32,False,True,0.6746314517056753,87,59,54.66004418975743,18.989589518584417,59,ordinary,online
2013-frenchopen-1309,2013-520,104792,103990,Clay,R32,False,True,0.6808449965573783,166,100,113.81923476574907,40.78028563850227,100,ordinary,online
2013-frenchopen-1309,2013-520,103990,104792,Clay,R32,False,True,0.6237894050808649,158,104,101.87275055492933,35.73169280198012,104,ordinary,online
2013-frenchopen-1311,2013-520,105683,104731,Clay,R32,False,True,0.7148564593233381,131,78,92.68495040774438,33.42598056971447,78,ordinary,online
2013-frenchopen-1311,2013-520,104731,105683,Clay,R32,False,True,0.6933671722507831,97,73,55.10278002288736,18.401922300225237,73,ordinary,online
2013-frenchopen-1312,2013-520,103852,103970,Clay,R32,False,True,0.5659771818672288,104,51,73.2661603378196,26.584665170557162,51,ordinary,online
2013-frenchopen-1312,2013-520,103970,103852,Clay,R32,False,True,0.6933891255367923,87,58,55.520607375202516,19.395459146635037,58,ordinary,online
2013-frenchopen-1313,2013-520,104542,104871,Clay,R32,False,True,0.6916890538920354,72,57,38.66096640074539,12.594677660040215,57,ordinary,online
2013-frenchopen-1313,2013-520,104871,104542,Clay,R32,False,True,0.6222696618918774,74,45,49.58084545455345,17.649975805947356,45,ordinary,online
2013-frenchopen-1314,2013-520,104678,105227,Clay,R32,False,True,0.5560906625207563,126,81,84.07881076291937,29.87715261442696,81,ordinary,online
2013-frenchopen-1314,2013-520,105227,104678,Clay,R32,False,True,0.6143055781061817,117,70,78.88575950962024,28.149666230341865,70,ordinary,online
2013-frenchopen-1315,2013-520,104468,105023,Clay,R32,False,True,0.6167044110959813,137,84,91.42698450661797,32.49809223701317,84,ordinary,online
2013-frenchopen-1315,2013-520,105023,104468,Clay,R32,False,True,0.6278338504999087,130,81,86.13618647276009,30.53371091737521,81,ordinary,online
2013-frenchopen-1316,2013-520,103898,103819,Clay,R32,False,True,0.5718400308164728,83,49,56.22668904045338,20.100761710052982,49,ordinary,online
2013-frenchopen-1316,2013-520,103819,103898,Clay,R32,False,True,0.7277181657006312,79,64,39.85561611334799,12.68839935688382,64,ordinary,online
2013-frenchopen-1401,2013-520,104925,104259,Clay,R16,False,True,0.7120674370435596,141,94,90.43713195333032,31.6239667563983,94,ordinary,online
2013-frenchopen-1401,2013-520,104259,104925,Clay,R16,False,True,0.5478414543702909,116,76,77.48336649543855,27.543208994396224,76,ordinary,online
2013-frenchopen-1402,2013-520,103163,104022,Clay,R16,False,True,0.6081842030204342,70,43,46.6809448214848,16.58832027649471,43,ordinary,online
2013-frenchopen-1402,2013-520,104022,103163,Clay,R16,False,True,0.6092647212513895,58,22,44.73115277551592,16.722155297507797,22,ordinary,online
2013-frenchopen-1403,2013-520,104745,105453,Clay,R16,False,True,0.6521000498110472,78,55,47.799978120869795,16.437283567943286,55,ordinary,online
2013-frenchopen-1403,2013-520,105453,104745,Clay,R16,False,True,0.49703743383651683,78,42,54.10240049824102,19.51845998724619,36,ordinary,online
2013-frenchopen-1404,2013-520,104527,104755,Clay,R16,False,True,0.6163997562697416,175,122,109.81304558699142,38.0894748878275,122,ordinary,online
2013-frenchopen-1404,2013-520,104755,104527,Clay,R16,False,True,0.6446400247782156,194,125,126.27195759858029,44.458781545381434,125,ordinary,online
2013-frenchopen-1405,2013-520,103990,104597,Clay,R16,False,True,0.6725520333250341,167,104,111.5891283080465,39.64765873584242,104,ordinary,online
2013-frenchopen-1405,2013-520,104597,103990,Clay,R16,False,True,0.6535323942141859,167,102,112.28483107841106,40.00585815828953,102,ordinary,online
2013-frenchopen-1406,2013-520,104731,103970,Clay,R16,False,True,0.5985005301642089,86,41,62.11115056715498,22.728404602723035,41,ordinary,online
2013-frenchopen-1406,2013-520,103970,104731,Clay,R16,False,True,0.6668516708614631,71,52,41.95393894756429,14.22049794648932,52,ordinary,online
2013-frenchopen-1407,2013-520,104542,104678,Clay,R16,False,True,0.6493673883448554,81,60,47.9137404989316,16.23183180732863,60,ordinary,online
2013-frenchopen-1407,2013-520,104678,104542,Clay,R16,False,True,0.5913116082217851,87,49,59.747682169096436,21.470961761816604,49,ordinary,online
2013-frenchopen-1408,2013-520,104468,103819,Clay,R16,False,True,0.5278800691390453,161,93,110.45192511667389,39.678143290610734,93,ordinary,online
2013-frenchopen-1408,2013-520,103819,104468,Clay,R16,False,True,0.6890720777493854,117,79,73.811720591222,25.680590130658146,79,ordinary,online
2013-frenchopen-1501,2013-520,103163,104925,Clay,QF,False,True,0.538011827704297,4,2,2.784181447602392,1.0057795961816847,2,ordinary,online
2013-frenchopen-1503,2013-520,103990,103970,Clay,QF,False,True,0.5724046496090601,68,31,48.729567382245065,17.790913361035095,31,ordinary,online
2013-frenchopen-1503,2013-520,103970,103990,Clay,QF,False,True,0.617840398849634,62,47,37.06043443441532,12.590061532076243,47,ordinary,online
2013-frenchopen-1504,2013-520,104542,103819,Clay,QF,False,True,0.632325611233001,76,56,45.678796264764216,15.567043117114201,56,ordinary,online
2013-frenchopen-1504,2013-520,103819,104542,Clay,QF,False,True,0.6941543513450017,100,53,75.02794141226767,27.604665106549827,53,ordinary,online
2013-frenchopen-1601,2013-520,104925,104745,Clay,SF,False,True,0.6229824521981073,175,106,117.47009900794043,41.84646888968548,106,ordinary,online
2013-frenchopen-1601,2013-520,104745,104925,Clay,SF,False,True,0.610540102529142,160,108,102.32412800903575,35.76481254111256,108,ordinary,online
2013-frenchopen-1602,2013-520,103970,104542,Clay,SF,False,True,0.6294942578489827,88,58,56.63122582313047,19.84981190802406,58,ordinary,online
2013-frenchopen-1602,2013-520,104542,103970,Clay,SF,False,True,0.6122332203168539,103,54,72.91487643135633,26.48625235991295,54,ordinary,online
2013-frenchopen-1701,2013-520,104745,103970,Clay,F,False,True,0.6258570749853012,87,54,57.749069698244654,20.485081714484124,54,ordinary,online
2013-frenchopen-1701,2013-520,103970,104745,Clay,F,False,True,0.5685288785720062,85,39,60.68893964887138,22.128879761862667,39,ordinary,online
2013-wimbledon-1101,2013-540,104925,104252,Grass,R128,False,True,0.7385788862936528,87,67,47.13528751531485,15.488822337903734,67,ordinary,online
2013-wimbledon-1101,2013-540,104252,104925,Grass,R128,False,True,0.5677759168314411,108,66,72.58794454338755,25.869484085498392,66,ordinary,online
2013-wimbledon-1104,2013-540,105992,104871,Grass,R128,False,True,0.678393449711059,155,100,101.19623557867101,35.655049312473224,100,ordinary,online
2013-wimbledon-1104,2013-540,104871,105992,Grass,R128,False,True,0.7062311074806457,119,88,68.58134068633072,23.056047967033738,88,ordinary,online
2013-wimbledon-1105,2013-540,104468,103852,Grass,R128,False,True,0.6729523750644204,119,76,78.16106198762101,27.602161983684578,76,ordinary,online
2013-wimbledon-1105,2013-540,103852,104468,Grass,R128,False,True,0.6394762849167247,85,72,45.454181482920994,14.67445808451781,72,ordinary,online
2013-wimbledon-1108,2013-540,104098,103163,Grass,R128,False,True,0.6259730272158032,95,61,62.011858166251514,21.856302605835097,61,ordinary,online
2013-wimbledon-1108,2013-540,103163,104098,Grass,R128,False,True,0.7668757421753444,98,74,54.59026481609012,18.13603374387359,74,ordinary,online
2013-wimbledon-1109,2013-540,104755,104719,Grass,R128,False,True,0.7501634857634133,129,87,83.26121578106046,29.065691420246296,87,ordinary,online
2013-wimbledon-1109,2013-540,104719,104755,Grass,R128,False,True,0.5974087070726194,146,88,98.10387105643721,34.96305339500108,88,ordinary,online
2013-wimbledon-1112,2013-540,106071,105023,Grass,R128,False,True,0.6881785075638263,156,106,97.87916342633794,33.98614308702177,106,ordinary,online
2013-wimbledon-1112,2013-540,105023,106071,Grass,R128,False,True,0.720863271858974,149,109,86.71847390489317,29.278741385312202,109,ordinary,online
2013-wimbledon-1116,2013-540,105373,104607,Grass,R128,False,True,0.6368823089469112,97,56,66.7997017920635,24.01423171655218,56,ordinary,online
2013-wimbledon-1116,2013-540,104607,105373,Grass,R128,False,True,0.7036138325973855,82,64,44.387295816178366,14.533368312169948,64,ordinary,online
2013-wimbledon-1117,2013-540,103970,104651,Grass,R128,False,False,0.7597790435228863,100,72,59.71388021429267,20.318237230359568,72,ordinary,online
2013-wimbledon-1117,2013-540,104651,103970,Grass,R128,False,False,0.45937916454048683,110,66,78.40166926268968,28.575164130186465,44,ordinary,online
2013-wimbledon-1121,2013-540,105683,104122,Grass,R128,False,True,0.717323205689979,72,58,36.9575838159746,11.838294002299486,58,ordinary,online
2013-wimbledon-1121,2013-540,104122,105683,Grass,R128,False,True,0.623725879255207,104,60,71.32990188582406,25.61242762445399,60,ordinary,online
2013-wimbledon-1124,2013-540,104471,104259,Grass,R128,True,True,0.628126653412526,155,109,96.18975628971677,33.22256892878836,109,ordinary,online
2013-wimbledon-1124,2013-540,104259,104471,Grass,R128,True,True,0.759384464691695,168,112,110.60274881466029,38.777560465195805,112,ordinary,online
2013-wimbledon-1129,2013-540,105777,104620,Grass,R128,False,True,0.6285344442951165,63,53,34.51430712896219,11.263848407636019,53,ordinary,online
2013-wimbledon-1129,2013-540,104620,105777,Grass,R128,False,True,0.6436060757557489,86,47,60.948442524283784,22.124704023435076,47,ordinary,online
2013-wimbledon-1132,2013-540,105077,105223,Grass,R128,False,True,0.6065464866443224,76,39,54.01229945340826,19.64967071674626,39,ordinary,online
2013-wimbledon-1132,2013-540,105223,105077,Grass,R128,False,True,0.7491841696016328,79,57,46.886714744485474,15.933881343967222,57,ordinary,online
2013-wimbledon-1133,2013-540,104745,104327,Grass,R128,False,True,0.800135142740746,119,73,90.34238582094113,32.36600251105281,73,ordinary,online
2013-wimbledon-1133,2013-540,104327,104745,Grass,R128,False,True,0.5376520368438652,121,81,81.12153985372575,28.87780527069903,81,ordinary,online
2013-wimbledon-1140,2013-540,103720,104527,Grass,R128,False,True,0.6178538282167827,99,63,64.96498794267725,22.94300959585661,63,ordinary,online
2013-wimbledon-1140,2013-540,104527,103720,Grass,R128,False,True,0.708633598435791,105,61,75.26905946340906,27.273666558199576,61,ordinary,online
2013-wimbledon-1141,2013-540,104597,105132,Grass,R128,False,True,0.7975129312965833,83,72,33.858392315732516,9.948368566869314,72,ordinary,online
2013-wimbledon-1141,2013-540,105132,104597,Grass,R128,False,True,0.6660218772078612,124,78,82.14902558858209,29.105144629589585,78,ordinary,online
2013-wimbledon-1144,2013-540,106378,105668,Grass,R128,False,False,0.6561995037235173,90,49,64.41867376622045,23.44624961692444,49,ordinary,online
2013-wimbledon-1144,2013-540,105668,106378,Grass,R128,False,False,0.7400880006007504,76,57,42.75704348008526,14.257466827638895,57,ordinary,online
2013-wimbledon-1145,2013-540,104926,103781,Grass,R128,False,True,0.6734248672427864,132,73,94.88927491290691,34.5421082229205,73,ordinary,online
2013-wimbledon-1145,2013-540,103781,104926,Grass,R128,False,True,0.5803694447366866,130,84,85.64910089737563,30.28566329415274,84,ordinary,online
2013-wimbledon-1147,2013-540,104297,104660,Grass,R128,False,True,0.6650629602637821,42,24,29.47759428357783,10.65394503416111,24,ordinary,online
2013-wimbledon-1147,2013-540,104660,104297,Grass,R128,False,True,0.6505572061298428,27,24,13.472471266574463,4.200320423849148,24,ordinary,online
2013-wimbledon-1148,2013-540,103812,103819,Grass,R128,False,True,0.5908315985702226,61,29,43.856614099748846,16.025767932938813,29,ordinary,online
2013-wimbledon-1148,2013-540,103819,103812,Grass,R128,False,True,0.7915922307334056,56,49,22.429545941737885,6.51458393454565,49,ordinary,online
2013-wimbledon-1149,2013-540,104542,105676,Grass,R128,False,True,0.7299493209479733,92,69,51.83018143229482,17.286986735201157,69,ordinary,online
2013-wimbledon-1149,2013-540,105676,104542,Grass,R128,False,True,0.6555749711328092,99,65,63.68565004037474,22.323329487537382,65,ordinary,online
2013-wimbledon-1156,2013-540,104571,105227,Grass,R128,False,True,0.6193671854669682,71,47,45.69776120519445,16.01620000686743,47,ordinary,online
2013-wimbledon-1156,2013-540,105227,104571,Grass,R128,False,True,0.6912416613752376,80,61,44.85394443957643,14.893720065884905,61,ordinary,online
2013-wimbledon-1157,2013-540,104386,104678,Grass,R128,False,True,0.6687129766641682,101,68,63.8206380116225,22.219916734737414,68,ordinary,online
2013-wimbledon-1157,2013-540,104678,104386,Grass,R128,False,True,0.6541180845374847,95,71,55.61697276347327,18.76292650498103,71,ordinary,online
2013-wimbledon-1160,2013-540,104898,104022,Grass,R128,False,True,0.6117757973597029,123,76,81.81569141707433,29.04524282824249,76,ordinary,online
2013-wimbledon-1160,2013-540,104022,104898,Grass,R128,False,True,0.6292375601922414,92,70,54.25551140928438,18.333213031501188,70,ordinary,online
2013-wimbledon-1163,2013-540,104868,104229,Grass,R128,False,True,0.6537090081479564,168,112,106.99705950577548,37.36154068693364,112,ordinary,online
2013-wimbledon-1163,2013-540,104229,104868,Grass,R128,False,True,0.6070050639487028,169,116,107.40910814903984,37.44374511833427,116,ordinary,online
2013-wimbledon-1164,2013-540,103794,104918,Grass,R128,False,True,0.5209516881901434,79,43,54.53455050223174,19.63801706847234,43,ordinary,online
2013-wimbledon-1164,2013-540,104918,103794,Grass,R128,False,True,0.7576822241011422,86,59,54.64462427694923,18.96457988988662,59,ordinary,online
2013-wimbledon-1201,2013-540,104925,104035,Grass,R64,False,True,0.8057040008048275,73,61,32.83883992780123,10.092714296453146,61,ordinary,online
2013-wimbledon-1201,2013-540,104035,104925,Grass,R64,False,True,0.5940858020436636,121,68,83.19525777757612,29.909821685035176,68,ordinary,online
2013-wimbledon-1204,2013-540,104499,103163,Grass,R64,False,True,0.6021810019374414,89,52,60.47930674961341,21.646530157905985,52,ordinary,online
2013-wimbledon-1204,2013-540,103163,104499,Grass,R64,False,True,0.6918536242254985,74,61,37.77457787437147,12.014804208682023,61,ordinary,online
2013-wimbledon-1205,2013-540,104755,104424,Grass,R64,False,True,0.7311745843521126,107,70,70.52385681255005,24.83949938057009,70,ordinary,online
2013-wimbledon-1205,2013-540,104424,104755,Grass,R64,False,True,0.6296014075875479,124,65,88.6708015103229,32.30516063571025,65,ordinary,online
2013-wimbledon-1206,2013-540,103484,106071,Grass,R64,False,True,0.6315533391032634,94,53,65.29419476039126,23.548150347507352,53,ordinary,online
2013-wimbledon-1206,2013-540,106071,103484,Grass,R64,False,True,0.6853563146932553,99,67,62.315761392103134,21.663868362005907,67,ordinary,online
2013-wimbledon-1208,2013-540,104978,104607,Grass,R64,False,True,0.7046719764731849,101,64,67.52920148761494,23.954809048521444,64,ordinary,online
2013-wimbledon-1208,2013-540,104607,104978,Grass,R64,False,True,0.8049618207015612,81,66,38.83778763025728,12.230085823154884,66,ordinary,online
2013-wimbledon-1209,2013-540,103970,105138,Grass,R64,False,False,0.7439499074480429,131,86,86.74441354244694,30.544067806682282,86,ordinary,online
2013-wimbledon-1209,2013-540,105138,103970,Grass,R64,False,False,0.5381480163783477,142,87,96.39517725063232,34.485911979704454,87,ordinary,online
2013-wimbledon-1210,2013-540,105053,105238,Grass,R64,False,True,0.6732262437981027,102,59,71.43970685014266,25.789127916351127,59,ordinary,online
2013-wimbledon-1210,2013-540,105238,105053,Grass,R64,False,True,0.6940004374174638,76,60,40.863706995453896,13.324329652212306,60,ordinary,online
2013-wimbledon-1211,2013-540,105683,104997,Grass,R64,False,True,0.8041010077096191,109,74,73.18971201144831,25.47009979433549,74,ordinary,online
2013-wimbledon-1211,2013-540,104997,105683,Grass,R64,False,True,0.715039703481942,94,75,49.008993595073825,15.804531567929795,75,ordinary,online
2013-wimbledon-1213,2013-540,105453,104919,Grass,R64,False,True,0.7145334750451633,106,70,68.65947848395665,24.08447071144954,70,ordinary,online
2013-wimbledon-1213,2013-540,104919,105453,Grass,R64,False,True,0.6146313864093298,106,59,73.53430453905209,26.5173009666013,59,ordinary,online
2013-wimbledon-1215,2013-540,105777,104813,Grass,R64,False,True,0.6849437751363706,190,136,113.83514416918989,38.83340843153917,136,ordinary,online
2013-wimbledon-1215,2013-540,104813,105777,Grass,R64,False,True,0.6151955899717726,188,131,118.07791451541141,40.97029084449044,131,ordinary,online
2013-wimbledon-1216,2013-540,105028,105223,Grass,R64,False,True,0.5914334678030128,100,57,68.42606855685776,24.555939354206277,57,ordinary,online
2013-wimbledon-1216,2013-540,105223,105028,Grass,R64,False,True,0.7522286760413374,86,62,51.13830140440041,17.38657054193985,62,ordinary,online
2013-wimbledon-1219,2013-540,104545,105173,Grass,R64,True,True,0.7654005030995233,5,5,1.3367802434400158,0.2751846197297838,5,ordinary,online
2013-wimbledon-1219,2013-540,105173,104545,Grass,R64,True,True,0.6656012173529441,5,4,2.723679280272,0.8903151638850528,4,ordinary,online
2013-wimbledon-1220,2013-540,104460,103720,Grass,R64,False,True,0.7003537067841938,146,96,94.44992463723568,33.14440422996343,96,ordinary,online
2013-wimbledon-1220,2013-540,103720,104460,Grass,R64,False,True,0.6848047563258114,130,81,87.24192973531132,31.026111532457563,81,ordinary,online
2013-wimbledon-1221,2013-540,104597,105558,Grass,R64,False,True,0.7861225019322625,125,91,74.33844405900793,25.174278153858232,91,ordinary,online
2013-wimbledon-1221,2013-540,105558,104597,Grass,R64,False,True,0.6159362166101816,123,81,79.44531986680128,27.88175592979452,81,ordinary,online
2013-wimbledon-1222,2013-540,103285,105668,Grass,R64,True,True,0.6992514897134202,65,36,47.72175883904002,17.435814721952177,36,ordinary,online
2013-wimbledon-1222,2013-540,105668,103285,Grass,R64,True,True,0.6906627987836361,42,33,22.773327607698896,7.450889548473125,33,ordinary,online
2013-wimbledon-1224,2013-540,104660,103819,Grass,R64,False,True,0.5203818845962362,165,119,111.52908276847369,39.830666925724316,119,ordinary,online
2013-wimbledon-1224,2013-540,103819,104660,Grass,R64,False,True,0.7859396774729858,158,115,93.98504128399738,31.830660088175136,115,ordinary,online
2013-wimbledon-1225,2013-540,104542,105208,Grass,R64,True,True,0.7251476255527856,84,53,57.070296755437894,20.304834314371533,53,ordinary,online
2013-wimbledon-1225,2013-540,105208,104542,Grass,R64,True,True,0.6633370225162177,85,57,53.87975068043181,18.780939895609077,57,ordinary,online
2013-wimbledon-1226,2013-540,104269,103898,Grass,R64,False,True,0.6835345439109214,97,75,53.84776243711595,17.79010726715439,75,ordinary,online
2013-wimbledon-1226,2013-540,103898,104269,Grass,R64,False,True,0.6740809968690168,126,79,83.84999525116682,29.747736477526203,79,ordinary,online
2013-wimbledon-1227,2013-540,104338,104330,Grass,R64,False,False,0.779644379977834,102,78,55.715858129698276,18.37570336502206,78,ordinary,online
2013-wimbledon-1227,2013-540,104330,104338,Grass,R64,False,False,0.6574406949943798,133,79,90.98342270158727,32.610729759702174,79,ordinary,online
2013-wimbledon-1230,2013-540,105577,104022,Grass,R64,False,False,0.5946428943804029,158,108,101.28711986728916,35.42596196409525,108,ordinary,online
2013-wimbledon-1230,2013-540,104022,105577,Grass,R64,False,False,0.7052058538342547,163,115,98.79647850668252,33.86504691210376,115,ordinary,online
2013-wimbledon-1231,2013-540,103990,103917,Grass,R64,False,True,0.6971057051224044,100,80,52.75288571802099,17.058723591835758,80,ordinary,online
2013-wimbledon-1231,2013-540,103917,103990,Grass,R64,False,True,0.6109306531873236,94,66,58.9548754410506,20.44136250163893,66,ordinary,online
2013-wimbledon-1232,2013-540,104229,104918,Grass,R64,False,True,0.5633793889779896,108,62,73.69549335068281,26.419760046652286,62,ordinary,online
2013-wimbledon-1232,2013-540,104918,104229,Grass,R64,False,True,0.7344999408249682,82,64,43.61870716926522,14.222200946298377,64,ordinary,online
2013-wimbledon-1301,2013-540,104925,104871,Grass,R32,False,True,0.7680559277800905,58,52,22.489975770860184,6.336958186362454,52,ordinary,online
2013-wimbledon-1301,2013-540,104871,104925,Grass,R32,False,True,0.6114854044844655,89,47,62.825447769912515,22.798753569340448,47,ordinary,online
2013-wimbledon-1302,2013-540,103852,103163,Grass,R32,False,True,0.669594331942469,125,78,83.33389339552701,29.58785538816001,78,ordinary,online
2013-wimbledon-1302,2013-540,103163,103852,Grass,R32,False,True,0.7099309308950519,111,81,64.87868157373524,21.93540305220975,81,ordinary,online
2013-wimbledon-1303,2013-540,104755,106071,Grass,R32,False,True,0.7223752600298823,141,110,75.49919061680518,24.654911092182743,110,ordinary,online
2013-wimbledon-1303,2013-540,106071,104755,Grass,R32,False,True,0.6275513395196326,166,116,103.43066000497295,35.78232273110418,116,ordinary,online
2013-wimbledon-1304,2013-540,104731,104607,Grass,R32,False,True,0.6733913120087013,121,78,78.96011396503032,27.81911427638741,78,ordinary,online
2013-wimbledon-1304,2013-540,104607,104731,Grass,R32,False,True,0.7351492723965367,124,81,82.05154126616279,28.92093000720056,81,ordinary,online
2013-wimbledon-1305,2013-540,103970,105238,Grass,R32,False,True,0.6963957547238959,144,98,90.29343389954474,31.341686870551303,98,ordinary,online
2013-wimbledon-1305,2013-540,105238,103970,Grass,R32,False,True,0.6260751249281937,187,109,127.77168378771793,45.81402436972435,109,ordinary,online
2013-wimbledon-1306,2013-540,104997,104471,Grass,R32,True,True,0.7389462845011604,42,16,39.759237003077246,15.287466573841801,16,ordinary,online
2013-wimbledon-1306,2013-540,104471,104997,Grass,R32,True,True,0.6719482381636002,36,29,19.331732179073917,6.281521838273179,29,ordinary,online
2013-wimbledon-1308,2013-540,104813,105223,Grass,R32,False,True,0.616603284533705,101,64,66.41722951349094,23.47494023995883,64,ordinary,online
2013-wimbledon-1308,2013-540,105223,104813,Grass,R32,False,True,0.7444179906492094,89,67,49.78788608477147,16.568064140402313,67,ordinary,online
2013-wimbledon-1309,2013-540,103997,105332,Grass,R32,False,True,0.6196345720262572,88,58,56.75895680429976,19.909725895768503,58,ordinary,online
2013-wimbledon-1309,2013-540,105332,103997,Grass,R32,False,True,0.6403977079233243,77,40,55.6686293703498,20.346593638269503,40,ordinary,online
2013-wimbledon-1311,2013-540,104597,105668,Grass,R32,False,True,0.7356445281653257,107,66,74.81142931715556,26.80041956687257,66,ordinary,online
2013-wimbledon-1311,2013-540,105668,104597,Grass,R32,False,True,0.7037795622140764,87,68,47.00410258436551,15.37757301943623,68,ordinary,online
2013-wimbledon-1312,2013-540,103781,104660,Grass,R32,False,True,0.655689757696546,110,70,72.19321369260021,25.495630340780636,70,ordinary,online
2013-wimbledon-1312,2013-540,104660,103781,Grass,R32,False,True,0.6223832774639888,107,66,71.22604343612558,25.293028389902844,66,ordinary,online
2013-wimbledon-1313,2013-540,105208,104269,Grass,R32,False,True,0.6883787496975536,82,49,56.77429153567848,20.395837378523453,49,ordinary,online
2013-wimbledon-1313,2013-540,104269,105208,Grass,R32,False,True,0.6571507247820169,75,58,42.5487227491535,14.1590465564008,58,ordinary,online
2013-wimbledon-1314,2013-540,104338,104932,Grass,R32,False,True,0.700933452007062,109,69,72.80218720109615,25.8237233745619,69,ordinary,online
2013-wimbledon-1314,2013-540,104932,104338,Grass,R32,False,True,0.6702950143661576,108,74,67.32770167131552,23.32024175249444,74,ordinary,online
2013-wimbledon-1315,2013-540,104678,104022,Grass,R32,False,True,0.6512291479970899,96,58,64.90276084564356,23.170961539635073,58,ordinary,online
2013-wimbledon-1315,2013-540,104022,104678,Grass,R32,False,True,0.6374310043927439,90,65,54.63361260588141,18.7026151114461,65,ordinary,online
2013-wimbledon-1316,2013-540,103990,104918,Grass,R32,False,True,0.6030959869416147,100,59,67.72154898108079,24.207150487397495,59,ordinary,online
2013-wimbledon-1316,2013-540,104918,103990,Grass,R32,False,True,0.7123177103239916,80,60,45.27184605641955,15.113596396418128,60,ordinary,online
2013-wimbledon-1401,2013-540,104925,103163,Grass,R16,False,True,0.7349256668181792,89,61,55.96400073950755,19.40936912976707,61,ordinary,online
2013-wimbledon-1401,2013-540,103163,104925,Grass,R16,False,True,0.5977516906995821,107,57,74.86533593112782,27.08816521980799,57,ordinary,online
2013-wimbledon-1402,2013-540,106071,104607,Grass,R16,False,True,0.6350741997850615,170,104,113.7494388212526,40.468837114255365,104,ordinary,online
2013-wimbledon-1402,2013-540,104607,106071,Grass,R16,False,True,0.7376673153393447,139,98,84.68152359726443,29.05448266216235,98,ordinary,online
2013-wimbledon-1403,2013-540,103970,104471,Grass,R16,False,True,0.6887953802212132,125,91,73.61416181189861,24.944125276499904,91,ordinary,online
2013-wimbledon-1403,2013-540,104471,103970,Grass,R16,False,True,0.5912181615380229,148,89,99.55559329794534,35.49492659702709,89,ordinary,online
2013-wimbledon-1404,2013-540,104312,105223,Grass,R16,False,True,0.6391341510082903,107,65,71.90511696229365,25.62125390832668,65,ordinary,online
2013-wimbledon-1404,2013-540,105223,104312,Grass,R16,False,True,0.7017698810923875,102,73,60.93973704075408,20.774655893370642,73,ordinary,online
2013-wimbledon-1406,2013-540,105668,103781,Grass,R16,False,True,0.6960868938555415,148,104,90.08179296384917,30.92539672007084,104,ordinary,online
2013-wimbledon-1406,2013-540,103781,105668,Grass,R16,False,True,0.6366245599793084,150,104,93.53047985742344,32.37571607963106,104,ordinary,online
2013-wimbledon-1407,2013-540,104269,104932,Grass,R16,False,True,0.7000636420034204,77,60,41.86618629173975,13.729223879431725,60,ordinary,online
2013-wimbledon-1407,2013-540,104932,104269,Grass,R16,False,True,0.6830460607440579,96,58,65.77114807600682,23.555641379094904,58,ordinary,online
2013-wimbledon-1408,2013-540,104022,104918,Grass,R16,False,True,0.5740355388154356,93,52,63.85270024019052,22.94536634674555,52,ordinary,online
2013-wimbledon-1408,2013-540,104918,104022,Grass,R16,False,True,0.6949933764971727,108,71,69.76816651115737,24.476646221895088,71,ordinary,online
2013-wimbledon-1501,2013-540,104925,104607,Grass,QF,False,True,0.724510875378129,89,63,53.82167118884272,18.429154462521012,63,ordinary,online
2013-wimbledon-1501,2013-540,104607,104925,Grass,QF,False,True,0.6323811709895615,99,60,66.52341494459014,23.704948078043394,60,ordinary,online
2013-wimbledon-1502,2013-540,103970,105223,Grass,QF,False,True,0.6775685239399079,103,62,70.53961486664838,25.26871080876429,62,ordinary,online
2013-wimbledon-1502,2013-540,105223,103970,Grass,QF,False,True,0.6398908605501464,87,66,50.914515434125256,17.157453674538477,66,ordinary,online
2013-wimbledon-1503,2013-540,103997,105668,Grass,QF,False,True,0.635744077399124,100,64,65.34573687734336,23.041811287718467,64,ordinary,online
2013-wimbledon-1503,2013-540,105668,103997,Grass,QF,False,True,0.7036398675824748,103,75,60.414682625436456,20.450253377531496,75,ordinary,online
2013-wimbledon-1504,2013-540,104269,104918,Grass,QF,False,True,0.5900612588088604,148,92,98.47052290823993,34.958227172940035,92,ordinary,online
2013-wimbledon-1504,2013-540,104918,104269,Grass,QF,False,True,0.7007556549427056,135,95,82.04141508798591,28.14932143200027,95,ordinary,online
2013-wimbledon-1601,2013-540,104925,105223,Grass,SF,False,True,0.7265938967664811,177,123,109.31170945046144,37.70304967028471,123,ordinary,online
2013-wimbledon-1601,2013-540,105223,104925,Grass,SF,False,True,0.6334683176855871,191,124,123.8575273678537,43.54474013065331,124,ordinary,online
2013-wimbledon-1602,2013-540,105668,104918,Grass,SF,False,True,0.630978697999813,130,81,86.14728173890424,30.538886176870392,81,ordinary,online
2013-wimbledon-1602,2013-540,104918,105668,Grass,SF,False,True,0.7281856273527704,113,84,64.42118065131206,21.583551395530275,84,ordinary,online
2013-wimbledon-1701,2013-540,104925,104918,Grass,F,False,True,0.6723641674419403,105,55,77.62516201692756,28.507666815675385,55,ordinary,online
2013-wimbledon-1701,2013-540,104918,104925,Grass,F,False,True,0.6321804549154351,105,64,70.35582125806008,25.044375166418384,64,ordinary,online
2013-usopen-1101,2013-560,104925,105575,Hard,R128,False,True,0.6900856430732643,73,50,45.49054205081043,15.755363911309942,50,ordinary,online
2013-usopen-1101,2013-560,105575,104925,Hard,R128,False,True,0.5543901779127114,68,27,49.067710269775986,17.962626309607554,27,ordinary,online
2013-usopen-1105,2013-560,105332,104166,Hard,R128,False,True,0.5765622224547272,178,112,118.392279734682,42.02153352256542,112,ordinary,online
2013-usopen-1105,2013-560,104166,105332,Hard,R128,False,True,0.5601735307649537,194,115,131.53212311131432,47.03619853057751,115,ordinary,online
2013-usopen-1106,2013-560,105065,105902,Hard,R128,False,True,0.6434139506696046,109,68,72.26412227624137,25.61968750780703,68,ordinary,online
2013-usopen-1106,2013-560,105902,105065,Hard,R128,False,True,0.6306662504772487,139,73,99.39103074044772,36.20857623957511,73,ordinary,online
2013-usopen-1108,2013-560,104330,104926,Hard,R128,False,False,0.5637927651852193,71,50,46.07582125735308,16.188945508816975,50,ordinary,online
2013-usopen-1108,2013-560,104926,104330,Hard,R128,False,False,0.7436101697706131,74,34,64.5143525287515,24.353258714983035,34,ordinary,online
2013-usopen-1109,2013-560,103163,103908,Hard,R128,False,True,0.6738165996214117,71,53,41.0895761648554,13.81148594483105,53,ordinary,online
2013-usopen-1109,2013-560,103908,103163,Hard,R128,False,True,0.6139981858357328,81,45,56.218224294046266,20.276658823759306,45,ordinary,online
2013-usopen-1115,2013-560,103720,104548,Hard,R128,False,True,0.6151737115182699,117,67,80.30015201469756,28.84405001170197,67,ordinary,online
2013-usopen-1115,2013-560,104548,103720,Hard,R128,False,True,0.6132485186173361,122,60,88.23742415873308,32.29117472745525,60,ordinary,online
2013-usopen-1116,2013-560,104198,105223,Hard,R128,False,True,0.5395204134411671,172,102,117.22568776342159,42.00398721939511,102,ordinary,online
2013-usopen-1116,2013-560,105223,104198,Hard,R128,False,True,0.7197406866866279,124,93,70.01761844585327,23.363537629232404,93,ordinary,online
2013-usopen-1117,2013-560,104918,103566,Hard,R128,False,True,0.6983573643691661,69,51,39.88346170326393,13.419056411781785,51,ordinary,online
2013-usopen-1117,2013-560,103566,104918,Hard,R128,False,True,0.5069554690321956,83,43,57.49751209635663,20.733149012508413,43,ordinary,online
2013-usopen-1119,2013-560,105385,105373,Hard,R128,False,True,0.5519497570697187,74,49,49.19186216222954,17.452915347537356,49,ordinary,online
2013-usopen-1119,2013-560,105373,105385,Hard,R128,False,True,0.6156963652383436,57,20,45.08395297373458,16.9798201980256,20,ordinary,online
2013-usopen-1122,2013-560,105041,104500,Hard,R128,False,True,0.6195142888925054,137,77,94.84750181858871,34.17511922800634,77,ordinary,online
2013-usopen-1122,2013-560,104500,105041,Hard,R128,False,True,0.6125536682304289,147,91,97.69876796352534,34.67286586205743,91,ordinary,online
2013-usopen-1123,2013-560,104735,105449,Hard,R128,False,True,0.653132776995522,135,94,83.45297644550095,28.79966521693597,94,ordinary,online
2013-usopen-1123,2013-560,105449,104735,Hard,R128,False,True,0.5926393617401283,159,96,106.80179849649441,38.05744722621108,96,ordinary,online
2013-usopen-1125,2013-560,104527,103285,Hard,R128,False,True,0.65891603492471,94,59,62.25932176610517,22.059919940488975,59,ordinary,online
2013-usopen-1125,2013-560,103285,104527,Hard,R128,False,True,0.578275185706421,97,53,67.01808762523386,24.13984278428756,53,ordinary,online
2013-usopen-1126,2013-560,103484,103333,Hard,R128,False,True,0.6032354122996649,166,118,104.01461858947205,36.04267449756864,118,ordinary,online
2013-usopen-1126,2013-560,103333,103484,Hard,R128,False,True,0.7170666252880665,171,119,105.23007530101378,36.263700393884974,119,ordinary,online
2013-usopen-1127,2013-560,104571,104424,Hard,R128,False,True,0.6197959077787883,72,54,43.23855949304756,14.720623605442785,54,ordinary,online
2013-usopen-1127,2013-560,104424,104571,Hard,R128,False,True,0.5938934757098788,80,45,54.98738118291335,19.76634402537174,45,ordinary,online
2013-usopen-1128,2013-560,104978,104731,Hard,R128,False,True,0.6844290197719879,119,78,76.86352367468045,26.97379980518915,78,ordinary,online
2013-usopen-1128,2013-560,104731,104978,Hard,R128,False,True,0.7566682918709803,120,85,73.1671162288678,25.072018852686995,85,ordinary,online
2013-usopen-1132,2013-560,103893,104607,Hard,R128,False,True,0.5122024209739001,85,38,59.1625179313253,21.372478210363163,38,ordinary,online
2013-usopen-1132,2013-560,104607,103893,Hard,R128,False,True,0.682632647145312,70,46,45.10741515826712,15.81690962903442,46,ordinary,online
2013-usopen-1133,2013-560,104755,103188,Hard,R128,False,True,0.6734660233510213,90,61,56.57179857015893,19.657228765916855,61,ordinary,online
2013-usopen-1133,2013-560,103188,104755,Hard,R128,False,True,0.5460934358479164,99,54,68.21199611530923,24.545494955367083,54,ordinary,online
2013-usopen-1138,2013-560,104932,105614,Hard,R128,False,True,0.6431743129449937,158,105,100.95756538096774,35.29375938104914,105,ordinary,online
2013-usopen-1138,2013-560,105614,104932,Hard,R128,False,True,0.6354904135279041,126,98,72.68677876394665,24.32873522494998,98,ordinary,online
2013-usopen-1140,2013-560,105341,105683,Hard,R128,False,False,0.6139724546236933,109,63,74.51666982842094,26.728347796408748,63,ordinary,online
2013-usopen-1140,2013-560,105683,105341,Hard,R128,False,False,0.7303180536224481,94,70,53.451548265530576,17.891731680864076,70,ordinary,online
2013-usopen-1141,2013-560,105668,104216,Hard,R128,False,False,0.7220577957969139,110,57,86.42018587077379,32.03583193097257,57,ordinary,online
2013-usopen-1141,2013-560,104216,105668,Hard,R128,False,False,0.5898604342108795,93,58,61.81044274006912,21.93417549335058,58,ordinary,online
2013-usopen-1142,2013-560,106058,104332,Hard,R128,True,True,0.6594292191843971,100,65,64.76437200459156,22.758891017442743,65,ordinary,online
2013-usopen-1142,2013-560,104332,106058,Hard,R128,True,True,0.6158218687897121,91,56,60.63137502419122,21.5384789368007,56,ordinary,online
2013-usopen-1144,2013-560,104655,104386,Hard,R128,True,False,0.5662653951895823,97,63,64.22858513248433,22.75424049166637,63,ordinary,online
2013-usopen-1144,2013-560,104386,104655,Hard,R128,True,False,0.7042144019250619,89,70,47.6913574108989,15.5466789556932,70,ordinary,online
2013-usopen-1148,2013-560,106401,103970,Hard,R128,False,False,0.5115782518191433,95,53,65.61969252458428,23.635374541932237,53,ordinary,online
2013-usopen-1148,2013-560,103970,106401,Hard,R128,False,False,0.7940620718170923,83,61,48.83018277878537,16.458796871886342,61,ordinary,online
2013-usopen-1149,2013-560,103819,104813,Hard,R128,False,True,0.749574742983404,80,62,42.794159049243476,14.001715495548797,62,ordinary,online
2013-usopen-1149,2013-560,104813,103819,Hard,R128,False,True,0.5587621407329849,88,47,60.90049463714384,21.951290203752126,47,ordinary,online
2013-usopen-1150,2013-560,105053,104122,Hard,R128,False,True,0.6220465807264133,165,93,114.20571900713766,41.14475750280179,93,ordinary,online
2013-usopen-1150,2013-560,104122,105053,Hard,R128,False,True,0.5464442286516179,144,91,96.89715855848877,34.54573686924482,91,ordinary,online
2013-usopen-1152,2013-560,105550,105023,Hard,R128,False,False,0.5942414264315279,144,85,97.4577356487167,34.82865120242255,85,ordinary,online
2013-usopen-1152,2013-560,105023,105550,Hard,R128,False,False,0.6592358272700453,118,86,70.28402762151049,23.89327907240989,86,ordinary,online
2013-usopen-1153,2013-560,103990,104594,Hard,R128,False,True,0.6443272529638786,127,79,84.34405608669198,29.921310363528388,79,ordinary,online
2013-usopen-1153,2013-560,104594,103990,Hard,R128,False,True,0.5992898955536333,130,71,90.30920371292966,32.590124090033086,71,ordinary,online
2013-usopen-1155,2013-560,105077,106071,Hard,R128,False,True,0.5923175765138694,192,118,128.19579808147023,45.57435334060142,118,ordinary,online
2013-usopen-1155,2013-560,106071,105077,Hard,R128,False,True,0.6600977655837793,146,99,91.83893588280242,31.917085193201615,99,ordinary,online
2013-usopen-1156,2013-560,105554,105453,Hard,R128,False,False,0.5239801140235102,95,60,64.75844043574642,23.205126506927396,60,ordinary,online
2013-usopen-1156,2013-560,105453,105554,Hard,R128,False,False,0.6532996095237027,87,45,63.64773516862432,23.33466818579931,45,ordinary,online
2013-usopen-1157,2013-560,104545,103835,Hard,R128,False,True,0.7632122047080555,70,53,38.81166147325077,12.874007160019275,53,ordinary,online
2013-usopen-1157,2013-560,103835,104545,Hard,R128,False,True,0.6406264662100266,62,28,47.2640045914559,17.569858583180785,28,ordinary,online
2013-usopen-1158,2013-560,104494,104792,Hard,R128,False,True,0.7004578200887311,70,26,62.29855097886885,23.92107439602799,26,ordinary,online
2013-usopen-1158,2013-560,104792,104494,Hard,R128,False,True,0.6627584061548144,49,37,28.263224272859432,9.479064486058359,37,ordinary,online
2013-usopen-1160,2013-560,123768,104259,Hard,R128,False,False,0.5720259004805994,74,35,52.64899669689311,19.171995647085446,35,ordinary,online
2013-usopen-1160,2013-560,104259,123768,Hard,R128,False,False,0.7006706943061533,62,47,34.811875914951074,11.57519889050854,47,ordinary,online
2013-usopen-1161,2013-560,104269,104471,Hard,R128,False,True,0.6404932841685332,132,81,88.26099155169737,31.390665377276754,81,ordinary,online
2013-usopen-1161,2013-560,104471,104269,Hard,R128,False,True,0.6145621876981023,157,94,105.82609574006494,37.75911787283634,94,ordinary,online
2013-usopen-1164,2013-560,105992,104745,Hard,R128,False,True,0.5106026918162498,92,51,63.57814437558362,22.904315452622534,51,ordinary,online
2013-usopen-1164,2013-560,104745,105992,Hard,R128,False,True,0.7175122916668792,71,53,40.34831992737389,13.496193180517832,53,ordinary,online
2013-usopen-1201,2013-560,104925,103794,Hard,R64,False,True,0.7415131200889772,80,59,46.05580015241418,15.488788410627883,59,ordinary,online
2013-usopen-1201,2013-560,103794,104925,Hard,R64,False,True,0.4787847909177614,95,52,66.31667857206752,23.983694965898444,43,ordinary,online
2013-usopen-1203,2013-560,104166,105065,Hard,R64,False,True,0.5486750682368985,187,117,125.91885929232936,44.905323836956846,117,ordinary,online
2013-usopen-1203,2013-560,105065,104166,Hard,R64,False,True,0.5881384910864891,155,99,102.22430540108516,36.164145892986454,99,ordinary,online
2013-usopen-1204,2013-560,104719,104330,Hard,R64,False,False,0.6334935298936054,130,91,80.68782487904247,27.875004373581657,91,ordinary,online
2013-usopen-1204,2013-560,104330,104719,Hard,R64,False,False,0.6509650956504419,142,88,94.617835278812,33.603432082759056,88,ordinary,online
2013-usopen-1205,2013-560,103163,104229,Hard,R64,False,True,0.6700630138668461,115,71,77.21678808365394,27.48426292442479,71,ordinary,online
2013-usopen-1205,2013-560,104229,103163,Hard,R64,False,True,0.5842835899417915,104,57,71.88436445943616,25.895951348063598,57,ordinary,online
2013-usopen-1208,2013-560,103720,105223,Hard,R64,False,True,0.5685313996714647,149,94,99.3125107600452,35.27706177121145,94,ordinary,online
2013-usopen-1208,2013-560,105223,103720,Hard,R64,False,True,0.6627141667257372,162,96,111.22592379114542,39.90767080685455,96,ordinary,online
2013-usopen-1209,2013-560,104918,104919,Hard,R64,False,True,0.7325435236454071,107,76,64.53642302928574,22.071725907624838,76,ordinary,online
2013-usopen-1209,2013-560,104919,104918,Hard,R64,False,True,0.5048306010316149,97,56,67.09488111859729,24.17980445103946,56,ordinary,online
2013-usopen-1210,2013-560,105385,104252,Hard,R64,False,True,0.5613424581841958,119,62,82.77036193991344,29.891072473032516,62,ordinary,online
2013-usopen-1210,2013-560,104252,105385,Hard,R64,False,True,0.5984228280757318,116,69,78.30929269917824,27.958395940359207,69,ordinary,online
2013-usopen-1211,2013-560,104312,104500,Hard,R64,False,True,0.5992201626164947,124,75,83.21227364281529,29.641011215006948,75,ordinary,online
2013-usopen-1211,2013-560,104500,104312,Hard,R64,False,True,0.5437993030031365,113,65,77.26785403496146,27.72218866956902,65,ordinary,online
2013-usopen-1213,2013-560,104527,103333,Hard,R64,False,True,0.7263093294060144,101,76,56.69714412586218,18.88103137048946,76,ordinary,online
2013-usopen-1213,2013-560,103333,104527,Hard,R64,False,True,0.6605455553294423,108,73,68.0868539690934,23.682955433773408,73,ordinary,online
2013-usopen-1214,2013-560,104571,104731,Hard,R64,False,True,0.6282577658860435,63,48,37.15394635081718,12.55384715989555,48,ordinary,online
2013-usopen-1214,2013-560,104731,104571,Hard,R64,False,True,0.66358046505374,72,38,52.62346962675837,19.272295075183287,38,ordinary,online
2013-usopen-1215,2013-560,103898,104871,Hard,R64,False,True,0.6591101694706708,91,57,60.35194282956085,21.39422629081226,57,ordinary,online
2013-usopen-1215,2013-560,104871,103898,Hard,R64,False,True,0.6745844813603389,83,42,62.562399323989254,23.10523403258392,42,ordinary,online
2013-usopen-1216,2013-560,106045,104607,Hard,R64,False,False,0.53344261421098,139,75,95.922235585325,34.53759001757098,75,ordinary,online
2013-usopen-1216,2013-560,104607,106045,Hard,R64,False,False,0.7223793418885993,116,77,75.01926109700227,26.286083325294786,77,ordinary,online
2013-usopen-1217,2013-560,104755,103565,Hard,R64,False,True,0.700855541868234,115,72,77.48628454582473,27.56462838622713,72,ordinary,online
2013-usopen-1217,2013-560,103565,104755,Hard,R64,False,True,0.4967172486392267,94,54,65.24977934897888,23.546971505961512,40,ordinary,online
2013-usopen-1219,2013-560,103852,105614,Hard,R64,False,True,0.6645897968134392,150,97,97.53002521112859,34.321519122472054,97,ordinary,online
2013-usopen-1219,2013-560,105614,103852,Hard,R64,False,True,0.6581758189177194,131,87,83.62282241565637,29.226006035966208,87,ordinary,online
2013-usopen-1220,2013-560,104665,105683,Hard,R64,False,True,0.6202030139210304,95,49,67.94115936830656,24.762023591028353,49,ordinary,online
2013-usopen-1220,2013-560,105683,104665,Hard,R64,False,True,0.7064540389528003,86,56,56.23147114476061,19.79779622442069,56,ordinary,online
2013-usopen-1221,2013-560,104216,106058,Hard,R64,False,False,0.6211073493206457,105,68,68.29367880975111,24.03570612730464,68,ordinary,online
2013-usopen-1221,2013-560,106058,104216,Hard,R64,False,False,0.45875393402460746,115,79,83.6597886769655,30.719223202163224,36,ordinary,online
2013-usopen-1224,2013-560,105138,103970,Hard,R64,False,False,0.5455488501979061,120,62,83.31226287689401,30.06676832973053,62,ordinary,online
2013-usopen-1224,2013-560,103970,105138,Hard,R64,False,False,0.6486153011400613,119,77,77.261186262703,27.17675888031904,77,ordinary,online
2013-usopen-1225,2013-560,103819,104122,Hard,R64,False,True,0.7109270855964508,69,49,41.539611385080384,14.202940762939589,49,ordinary,online
2013-usopen-1225,2013-560,104122,103819,Hard,R64,False,True,0.500203897608121,83,38,57.5340774544709,20.75143073391832,38,ordinary,online
2013-usopen-1226,2013-560,105173,105023,Hard,R64,False,True,0.5756011674887853,148,109,93.63127335159334,32.553817681583794,109,ordinary,online
2013-usopen-1226,2013-560,105023,105173,Hard,R64,False,True,0.6965396430656207,159,111,97.38119949278916,33.50982766298739,111,ordinary,online
2013-usopen-1227,2013-560,103990,104433,Hard,R64,False,True,0.7211528444830907,72,51,43.49103392028156,14.88683247036055,51,ordinary,online
2013-usopen-1227,2013-560,104433,103990,Hard,R64,False,True,0.5225020839841603,85,44,58.868572314106515,21.225532969656086,44,ordinary,online
2013-usopen-1228,2013-560,106071,105554,Hard,R64,False,False,0.5394155568802184,125,70,85.84808064053735,30.85296491231894,70,ordinary,online
2013-usopen-1228,2013-560,105554,106071,Hard,R64,False,False,0.6897490404723141,117,70,81.00748881152099,29.09832177727595,70,ordinary,online
2013-usopen-1229,2013-560,104545,104792,Hard,R64,False,True,0.6808002465265045,127,92,75.34057974477935,25.595854549282933,92,ordinary,online
2013-usopen-1229,2013-560,104792,104545,Hard,R64,False,True,0.7121347817361131,123,85,76.17647747005392,26.31480862993677,85,ordinary,online
2013-usopen-1230,2013-560,104273,104259,Hard,R64,False,True,0.5992857694759569,133,73,92.24762521274204,33.270354311530134,73,ordinary,online
2013-usopen-1230,2013-560,104259,104273,Hard,R64,False,True,0.6678089862748198,99,70,60.22202550790397,20.65765729431607,70,ordinary,online
2013-usopen-1232,2013-560,104297,104745,Hard,R64,False,True,0.45748637827420463,76,33,52.10257921870079,18.712226793192592,43,ordinary,online
2013-usopen-1232,2013-560,104745,104297,Hard,R64,False,True,0.7965310692328693,54,41,30.02620035254315,9.94538651258065,41,ordinary,online
2013-usopen-1301,2013-560,104925,105311,Hard,R32,False,False,0.6990557490693731,56,42,31.848664366904778,10.64533773536143,42,ordinary,online
2013-usopen-1301,2013-560,105311,104925,Hard,R32,False,False,0.5725058541307277,92,40,66.49965631975749,24.35372334682556,40,ordinary,online
2013-usopen-1302,2013-560,105065,104719,Hard,R32,False,True,0.6017818190875832,142,89,93.99959625025446,33.306909007789415,89,ordinary,online
2013-usopen-1302,2013-560,104719,105065,Hard,R32,False,True,0.601320288144137,151,94,100.22801470026738,35.551285257898186,94,ordinary,online
2013-usopen-1303,2013-560,103163,104022,Hard,R32,False,True,0.6097693403374189,104,59,71.53157449566892,25.716357275399794,59,ordinary,online
2013-usopen-1303,2013-560,104022,103163,Hard,R32,False,True,0.589304851807957,100,64,65.88049243356917,23.296999805021322,64,ordinary,online
2013-usopen-1304,2013-560,105539,103720,Hard,R32,False,False,0.5578830337546185,114,72,76.29922249677773,27.14545978537821,72,ordinary,online
2013-usopen-1304,2013-560,103720,105539,Hard,R32,False,False,0.7177437062053131,125,86,77.85392600147776,26.942586007353498,86,ordinary,online
2013-usopen-1305,2013-560,104918,104252,Hard,R32,False,True,0.6626738197403981,81,62,46.15868147217997,15.398510253106336,62,ordinary,online
2013-usopen-1305,2013-560,104252,104918,Hard,R32,False,True,0.5247780127727274,92,55,62.98990659998337,22.61047916245173,55,ordinary,online
2013-usopen-1306,2013-560,104312,104797,Hard,R32,False,True,0.6342152193510502,128,78,85.80412719477116,30.547730671668262,78,ordinary,online
2013-usopen-1306,2013-560,104797,104312,Hard,R32,False,True,0.6193076975527656,144,88,96.24824244244338,34.23189672244078,88,ordinary,online
2013-usopen-1307,2013-560,104527,104571,Hard,R32,False,True,0.6569610315829136,131,92,80.37855077348559,27.658481598165565,92,ordinary,online
2013-usopen-1307,2013-560,104571,104527,Hard,R32,False,True,0.602954693334778,152,93,101.54851755858198,36.11069009632559,93,ordinary,online
2013-usopen-1308,2013-560,103898,104607,Hard,R32,False,True,0.5923674251213581,77,37,55.269805368384596,20.1840463495774,37,ordinary,online
2013-usopen-1308,2013-560,104607,103898,Hard,R32,False,True,0.6915129745311583,79,53,50.128251181268226,17.47665002134672,53,ordinary,online
2013-usopen-1309,2013-560,104755,104098,Hard,R32,True,True,0.7583166164147651,92,63,58.612895200395215,20.356162678967493,63,ordinary,online
2013-usopen-1309,2013-560,104098,104755,Hard,R32,True,True,0.5847383839990253,119,70,80.6248330141623,28.824984589029654,70,ordinary,online
2013-usopen-1310,2013-560,103852,105683,Hard,R32,False,True,0.6745140413351142,134,85,88.46919866729158,31.298484695433153,85,ordinary,online
2013-usopen-1310,2013-560,105683,103852,Hard,R32,False,True,0.7126268283802313,113,85,63.71303955609265,21.239019782941924,85,ordinary,online
2013-usopen-1311,2013-560,106058,104386,Hard,R32,False,True,0.6618026363362727,99,62,65.70549839155225,23.296763311004625,62,ordinary,online
2013-usopen-1311,2013-560,104386,106058,Hard,R32,False,True,0.6704233402243488,107,79,62.666323611706254,21.166129942133196,79,ordinary,online
2013-usopen-1312,2013-560,105062,103970,Hard,R32,False,True,0.5265295786772078,146,77,100.98042094224377,36.390520878121706,77,ordinary,online
2013-usopen-1312,2013-560,103970,105062,Hard,R32,False,True,0.6313407568540269,102,67,65.73982714461806,23.05663601059198,67,ordinary,online
2013-usopen-1313,2013-560,103819,105173,Hard,R32,False,True,0.742830343761793,69,51,39.60601446685172,13.3052923896123,51,ordinary,online
2013-usopen-1313,2013-560,105173,103819,Hard,R32,False,True,0.5577980645141243,75,36,52.83885456268167,19.17394041316079,36,ordinary,online
2013-usopen-1314,2013-560,103990,105554,Hard,R32,False,False,0.5743057557368958,125,83,81.90067289465124,28.893632181741175,83,ordinary,online
2013-usopen-1314,2013-560,105554,103990,Hard,R32,False,False,0.6128978071749804,155,88,106.6684811293639,38.35476285338787,88,ordinary,online
2013-usopen-1315,2013-560,104545,104259,Hard,R32,False,True,0.7105544388621445,116,86,66.58067671648598,22.351599343768,86,ordinary,online
2013-usopen-1315,2013-560,104259,104545,Hard,R32,False,True,0.7193826842202324,130,93,77.64889497706949,26.471308761304634,93,ordinary,online
2013-usopen-1316,2013-560,104471,104745,Hard,R32,False,True,0.5319015584958929,75,46,51.05287811305701,18.284001713154836,46,ordinary,online
2013-usopen-1316,2013-560,104745,104471,Hard,R32,False,True,0.6912222314506692,78,61,42.50419656546673,13.938365276646472,61,ordinary,online
2013-usopen-1401,2013-560,104925,104719,Hard,R16,False,True,0.730922272802091,53,45,24.607206907299563,7.532105998355051,45,ordinary,online
2013-usopen-1401,2013-560,104719,104925,Hard,R16,False,True,0.49555136519442167,69,28,47.71421907811998,17.193533281790188,41,ordinary,online
2013-usopen-1402,2013-560,104022,103720,Hard,R16,False,True,0.5991613023131137,145,84,98.79281936219982,35.39506980888113,84,ordinary,online
2013-usopen-1402,2013-560,103720,104022,Hard,R16,False,True,0.5727658343421086,146,85,99.244460651748,35.52667050632486,85,ordinary,online
2013-usopen-1403,2013-560,104918,104797,Hard,R16,False,True,0.6897448727392127,120,81,75.73016627650613,26.351089352651467,81,ordinary,online
2013-usopen-1403,2013-560,104797,104918,Hard,R16,False,True,0.5301895800187072,123,75,83.84949718329,30.046984860724734,75,ordinary,online
2013-usopen-1404,2013-560,104527,104607,Hard,R16,False,True,0.6203228130259842,122,82,77.89360797272367,27.21270653171595,82,ordinary,online
2013-usopen-1404,2013-560,104607,104527,Hard,R16,False,True,0.6488154864946742,115,70,77.37244162766464,27.576408475007497,70,ordinary,online
2013-usopen-1405,2013-560,104755,105683,Hard,R16,False,True,0.6972896809614743,204,126,138.63820720890834,49.470431829480816,126,ordinary,online
2013-usopen-1405,2013-560,105683,104755,Hard,R16,False,True,0.6631145342486546,198,129,128.06702090895544,44.98118549914551,129,ordinary,online
2013-usopen-1406,2013-560,104386,103970,Hard,R16,False,True,0.581535484276953,175,102,118.88740753939825,42.548877115316884,102,ordinary,online
2013-usopen-1406,2013-560,103970,104386,Hard,R16,False,True,0.6591279344055756,142,91,92.82087461598384,32.730563953939274,91,ordinary,online
2013-usopen-1407,2013-560,103819,103990,Hard,R16,False,True,0.7055918980301903,86,54,57.96001377520835,20.612028697402245,54,ordinary,online
2013-usopen-1407,2013-560,103990,103819,Hard,R16,False,True,0.6085734780095541,125,78,82.82173527996702,29.357747197590214,78,ordinary,online
2013-usopen-1408,2013-560,104259,104745,Hard,R16,False,True,0.5646685496470683,140,84,94.57963871165575,33.77476359376584,84,ordinary,online
2013-usopen-1408,2013-560,104745,104259,Hard,R16,False,True,0.6996621096510731,108,80,62.25234071296313,20.92298576541845,80,ordinary,online
2013-usopen-1501,2013-560,104925,104022,Hard,QF,False,True,0.68608104184392,103,68,66.17136220765585,23.175819494923665,68,ordinary,online
2013-usopen-1501,2013-560,104022,104925,Hard,QF,False,True,0.5259438880296263,99,52,68.49534940822227,24.686916007135153,52,ordinary,online
2013-usopen-1502,2013-560,104918,104527,Hard,QF,False,True,0.6508229853885084,109,59,77.95035155875367,28.372078579947164,59,ordinary,online
2013-usopen-1502,2013-560,104527,104918,Hard,QF,False,True,0.5756025285591938,76,57,47.7678727051136,16.561500331415957,57,ordinary,online
2013-usopen-1503,2013-560,104755,103970,Hard,QF,False,True,0.5875647609335557,143,88,95.50783956974139,33.95682788129382,88,ordinary,online
2013-usopen-1503,2013-560,103970,104755,Hard,QF,False,True,0.6352154867651381,136,82,91.66707867002734,32.700485359690255,82,ordinary,online
2013-usopen-1504,2013-560,103990,104745,Hard,QF,False,True,0.5684809295706745,66,29,47.475250063720814,17.3573635257464,29,ordinary,online
2013-usopen-1504,2013-560,104745,103990,Hard,QF,False,True,0.6851946404205048,59,45,33.193565373022444,11.032492382552675,45,ordinary,online
2013-usopen-1601,2013-560,104925,104527,Hard,SF,False,True,0.6802395406278146,139,90,90.5468982195068,31.875773423055463,90,ordinary,online
2013-usopen-1601,2013-560,104527,104925,Hard,SF,False,True,0.5751244047724209,192,116,129.22046715487994,46.07860963804599,116,ordinary,online
2013-usopen-1602,2013-560,104755,104745,Hard,SF,False,True,0.5718370914011948,91,56,60.98726695981109,21.71103274136442,56,ordinary,online
2013-usopen-1602,2013-560,104745,104755,Hard,SF,False,True,0.681259414798605,95,67,57.72998773315133,19.802105490902015,67,ordinary,online
2013-usopen-1701,2013-560,104925,104745,Hard,F,False,True,0.6276216670665278,102,56,71.5266593673418,25.88508689962837,56,ordinary,online
2013-usopen-1701,2013-560,104745,104925,Hard,F,False,True,0.6169995893167064,121,75,80.36360305776523,28.51336928174915,75,ordinary,online
2013-ausopen-1101,2013-580,104925,103908,Hard,R128,False,True,0.7209675542055347,77,62,39.430399077605585,12.624177773231214,62,huber_2.5,frozen
2013-ausopen-1101,2013-580,103908,104925,Hard,R128,False,True,0.48649775010671686,86,53,60.18224775551492,21.785723722553197,33,huber_2.5,frozen
2013-ausopen-1102,2013-580,105992,105053,Hard,R128,False,True,0.6130976658227064,116,75,75.6252297095048,26.63844487571515,75,huber_2.5,frozen
2013-ausopen-1102,2013-580,105053,105992,Hard,R128,False,True,0.6485355915471086,131,78,89.19627665949601,31.926839887590965,78,huber_2.5,frozen
2013-ausopen-1105,2013-580,105023,103926,Hard,R128,False,False,0.7034570177514047,116,86,66.71726434230554,22.408198942307607,86,huber_2.5,frozen
2013-ausopen-1105,2013-580,103926,105023,Hard,R128,False,False,0.6189277362688831,125,81,81.31082236399271,28.617649564806456,81,huber_2.5,frozen
2013-ausopen-1109,2013-580,104338,105723,Hard,R128,False,False,0.6335089356212067,75,30,58.86458647569302,22.089481726121164,30,huber_2.5,frozen
2013-ausopen-1109,2013-580,105723,104338,Hard,R128,False,False,0.5667783236952035,98,56,66.92931340496206,24.002119230790207,56,huber_2.5,frozen
2013-ausopen-1110,2013-580,104731,103893,Hard,R128,False,True,0.6370765789172533,134,92,84.04928193851774,29.164029511483506,92,huber_2.5,frozen
2013-ausopen-1110,2013-580,103893,104731,Hard,R128,False,True,0.5294361724450855,127,82,86.06936362810684,30.77090562705537,82,huber_2.5,frozen
2013-ausopen-1112,2013-580,105676,104269,Hard,R128,False,True,0.652960389974289,129,78,87.22076132317517,31.138267106934364,78,huber_2.5,frozen
2013-ausopen-1112,2013-580,104269,105676,Hard,R128,False,True,0.6210157503475378,141,91,91.86532555917813,32.35327270408799,91,huber_2.5,frozen
2013-ausopen-1116,2013-580,103188,104607,Hard,R128,False,True,0.53900567085726,93,51,64.04300910527078,23.040443101673976,51,huber_2.5,frozen
2013-ausopen-1116,2013-580,104607,103188,Hard,R128,False,True,0.6875861674577404,92,62,58.12602112506757,20.234591101728782,62,huber_2.5,frozen
2013-ausopen-1117,2013-580,103970,103694,Hard,R128,False,True,0.7963847844703996,71,52,42.07792827081837,14.206221885531942,52,huber_2.5,frozen
2013-ausopen-1117,2013-580,103694,103970,Hard,R128,False,True,0.49033482603291395,85,46,59.06872325830326,21.3255965427338,39,huber_2.5,frozen
2013-ausopen-1119,2013-580,105357,105147,Hard,R128,False,False,0.6322311993910551,156,92,106.20126298955913,38.02520047146439,92,huber_2.5,frozen
2013-ausopen-1119,2013-580,105147,105357,Hard,R128,False,False,0.5977871754980474,162,89,112.27881880281784,40.48450292611676,89,huber_2.5,frozen
2013-ausopen-1120,2013-580,105077,104571,Hard,R128,False,True,0.5272250307830294,191,119,130.1129847888654,46.61199319271476,119,huber_2.5,frozen
2013-ausopen-1120,2013-580,104571,105077,Hard,R128,False,True,0.6505888808447509,180,113,119.0270470954037,42.15477346727488,113,huber_2.5,frozen
2013-ausopen-1121,2013-580,104022,105051,Hard,R128,False,True,0.5838235272677174,196,123,130.18840246449767,46.185994846440074,123,huber_2.5,frozen
2013-ausopen-1121,2013-580,105051,104022,Hard,R128,False,True,0.5599775616842001,149,98,98.69354673581257,34.96705347877432,98,huber_2.5,frozen
2013-ausopen-1124,2013-580,103812,105453,Hard,R128,False,True,0.6314183490917867,123,71,84.54568840974511,30.37735761205137,71,huber_2.5,frozen
2013-ausopen-1124,2013-580,105453,103812,Hard,R128,False,True,0.7477121244911152,121,81,78.63709528032179,27.51851978687239,81,huber_2.5,frozen
2013-ausopen-1125,2013-580,104597,105449,Hard,R128,False,True,0.7554992240735182,154,112,90.56071617742339,30.668151754187885,112,huber_2.5,frozen
2013-ausopen-1125,2013-580,105449,104597,Hard,R128,False,True,0.6240848951744303,165,102,109.72851733638527,38.95120418792136,102,huber_2.5,frozen
2013-ausopen-1128,2013-580,104620,105668,Hard,R128,False,True,0.6246670607226762,98,55,68.01700385129143,24.527099122192567,55,huber_2.5,frozen
2013-ausopen-1128,2013-580,105668,104620,Hard,R128,False,True,0.6473965044727532,99,65,63.70373914102545,22.3315555848925,65,huber_2.5,frozen
2013-ausopen-1132,2013-580,103720,104386,Hard,R128,False,True,0.6042571174133904,127,70,88.1013458434004,31.77508988310731,70,huber_2.5,frozen
2013-ausopen-1132,2013-580,104386,103720,Hard,R128,False,True,0.6688483032188585,107,71,68.34249128934816,23.89085258382792,71,huber_2.5,frozen
2013-ausopen-1133,2013-580,105223,105173,Hard,R128,False,True,0.7156584400762485,58,48,28.634299589024053,9.002475918117568,48,huber_2.5,frozen
2013-ausopen-1133,2013-580,105173,105223,Hard,R128,False,True,0.536636936293302,61,29,42.666391847048,15.441788980038433,29,huber_2.5,frozen
2013-ausopen-1140,2013-580,104594,105227,Hard,R128,False,True,0.5760788601533214,89,53,60.1255499876115,21.471790751031882,53,huber_2.5,frozen
2013-ausopen-1140,2013-580,105227,104594,Hard,R128,False,True,0.6497295897149727,106,73,66.09617247417458,22.887225115239783,73,huber_2.5,frozen
2013-ausopen-1141,2013-580,104468,103835,Hard,R128,False,True,0.6660123555885775,93,62,59.19590717766559,20.66670648210445,62,huber_2.5,frozen
2013-ausopen-1141,2013-580,103835,104468,Hard,R128,False,True,0.5303899493398605,102,55,70.40292600306809,25.351082405410803,55,huber_2.5,frozen
2013-ausopen-1144,2013-580,104792,105238,Hard,R128,False,True,0.5921075085916998,133,90,85.72635579343537,30.049291583673124,90,huber_2.5,frozen
2013-ausopen-1144,2013-580,105238,104792,Hard,R128,False,True,0.5929933834666952,140,85,93.85954423675247,33.42088620760088,85,huber_2.5,frozen
2013-ausopen-1148,2013-580,104898,104918,Hard,R128,False,True,0.5035489456042417,67,31,46.47803892407603,16.768588594019633,31,huber_2.5,frozen
2013-ausopen-1148,2013-580,104918,104898,Hard,R128,False,True,0.6504039692806962,74,49,47.35234400498958,16.564284931442046,49,huber_2.5,frozen
2013-ausopen-1149,2013-580,104542,103566,Hard,R128,False,True,0.6948564957960721,85,64,48.22563113507417,16.098540266852496,64,huber_2.5,frozen
2013-ausopen-1149,2013-580,103566,104542,Hard,R128,False,True,0.585151757966622,85,53,56.55681489270038,20.078132942909463,53,huber_2.5,frozen
2013-ausopen-1150,2013-580,104424,106291,Hard,R128,False,False,0.6538127844127324,129,83,84.0652171406685,29.610857048423803,83,huber_2.5,frozen
2013-ausopen-1150,2013-580,106291,104424,Hard,R128,False,False,0.5743485412687507,121,62,84.77410077155449,30.695806752437473,62,huber_2.5,frozen
2013-ausopen-1151,2013-580,105902,106093,Hard,R128,False,True,0.6577128072230123,200,130,129.51565825002479,45.51189747905187,130,huber_2.5,frozen
2013-ausopen-1151,2013-580,106093,105902,Hard,R128,False,True,0.595030016583002,207,129,137.47700375254647,48.772824892982385,129,huber_2.5,frozen
2013-ausopen-1153,2013-580,103163,103813,Hard,R128,False,True,0.6512877581092988,176,111,116.07524599055583,41.06904861963009,111,huber_2.5,frozen
2013-ausopen-1153,2013-580,103813,103163,Hard,R128,False,True,0.5680287946848634,185,117,123.25218211928988,43.772753688102625,117,huber_2.5,frozen
2013-ausopen-1154,2013-580,104471,105842,Hard,R128,False,False,0.6118058120059707,135,81,90.89604546669001,32.41881592161124,81,huber_2.5,frozen
2013-ausopen-1154,2013-580,105842,104471,Hard,R128,False,False,0.6904466103459705,132,74,95.42306310701473,34.7404825382441,74,huber_2.5,frozen
2013-ausopen-1156,2013-580,103656,104755,Hard,R128,False,True,0.5934406032310567,90,48,62.84833135217884,22.7251595505102,48,huber_2.5,frozen
2013-ausopen-1156,2013-580,104755,103656,Hard,R128,False,True,0.6913749750087157,68,53,37.19528993627806,12.21820886172069,53,huber_2.5,frozen
2013-ausopen-1157,2013-580,105683,104225,Hard,R128,False,True,0.715762411658495,107,80,60.71706947152124,20.29580793856158,80,huber_2.5,frozen
2013-ausopen-1157,2013-580,104225,105683,Hard,R128,False,True,0.619336858266627,128,75,87.12248994045183,31.19747369297568,75,huber_2.5,frozen
2013-ausopen-1160,2013-580,104327,104259,Hard,R128,False,True,0.6547395386037975,80,48,54.35945108312998,19.43971336692453,48,huber_2.5,frozen
2013-ausopen-1160,2013-580,104259,104327,Hard,R128,False,True,0.7236766522374978,76,58,41.90911864311775,13.855308511969351,58,huber_2.5,frozen
2013-ausopen-1162,2013-580,106071,104919,Hard,R128,False,True,0.6629382388768724,64,52,34.42568842861911,11.181598104976095,52,huber_2.5,frozen
2013-ausopen-1162,2013-580,104919,106071,Hard,R128,False,True,0.6389929092570271,70,40,48.48020721846754,17.46240292509098,40,huber_2.5,frozen
2013-ausopen-1164,2013-580,105332,103819,Hard,R128,False,True,0.48532266131957,89,46,61.816550460643626,22.313204776137155,43,huber_2.5,frozen
2013-ausopen-1164,2013-580,103819,105332,Hard,R128,False,True,0.7080687989302562,69,52,38.88215984496234,12.954783168532309,52,huber_2.5,frozen
2013-ausopen-1201,2013-580,104925,105992,Hard,R64,False,True,0.7111077158010553,56,48,26.298316393616396,8.05141355751918,48,huber_2.5,frozen
2013-ausopen-1201,2013-580,105992,104925,Hard,R64,False,True,0.5039996773437291,90,44,62.40212492856175,22.509439122384315,44,huber_2.5,frozen
2013-ausopen-1202,2013-580,103852,103285,Hard,R64,False,True,0.6452731516316338,83,47,57.900493531982825,20.903651284606006,47,huber_2.5,frozen
2013-ausopen-1202,2013-580,103285,103852,Hard,R64,False,True,0.6122078398953362,79,56,49.26584531370879,17.04179863083812,56,huber_2.5,frozen
2013-ausopen-1203,2013-580,105023,104548,Hard,R64,True,True,0.6773753395184589,47,30,30.91740876228692,10.922835106516596,30,huber_2.5,frozen
2013-ausopen-1203,2013-580,104548,105023,Hard,R64,True,True,0.6594657066173795,53,36,33.30078160328864,11.567905088379739,36,huber_2.5,frozen
2013-ausopen-1204,2013-580,104735,104527,Hard,R64,True,True,0.5308912230904729,89,50,61.17981012817255,21.995126368103055,50,huber_2.5,frozen
2013-ausopen-1204,2013-580,104527,104735,Hard,R64,True,True,0.616915885308751,83,51,55.33817442288948,19.66315209084864,51,huber_2.5,frozen
2013-ausopen-1205,2013-580,105723,104731,Hard,R64,False,False,0.600679222328832,87,51,59.04205388491178,21.121670270427757,51,huber_2.5,frozen
2013-ausopen-1205,2013-580,104731,105723,Hard,R64,False,False,0.6867156123257421,90,65,53.44537469431852,18.16902029672623,65,huber_2.5,frozen
2013-ausopen-1206,2013-580,103598,104269,Hard,R64,False,True,0.6460976611428213,91,41,69.84570308605623,26.00723087010303,41,huber_2.5,frozen
2013-ausopen-1206,2013-580,104269,103598,Hard,R64,False,True,0.606532867232502,74,49,47.81876516020161,16.783055819677518,49,huber_2.5,frozen
2013-ausopen-1208,2013-580,105558,104607,Hard,R64,False,True,0.5455848199556687,101,53,69.97225301818096,25.23195145707112,53,huber_2.5,frozen
2013-ausopen-1208,2013-580,104607,105558,Hard,R64,False,True,0.7604854508843167,73,53,43.094132140059244,14.607225039753171,53,huber_2.5,frozen
2013-ausopen-1209,2013-580,103970,105065,Hard,R64,False,True,0.7644575903899168,108,72,71.38950321903785,25.032810994365825,72,huber_2.5,frozen
2013-ausopen-1209,2013-580,105065,103970,Hard,R64,False,True,0.48353436615046147,121,65,84.23294340521181,30.430995873511968,56,huber_2.5,frozen
2013-ausopen-1210,2013-580,105147,104571,Hard,R64,False,True,0.5292078269075396,115,66,78.91427564036465,28.351573115127817,66,huber_2.5,frozen
2013-ausopen-1210,2013-580,104571,105147,Hard,R64,False,True,0.6638082640215774,94,64,58.92697270274945,20.452834875272075,64,huber_2.5,frozen
2013-ausopen-1212,2013-580,104122,105453,Hard,R64,False,True,0.5062451662262821,91,47,63.046019420996615,22.734813692529798,47,huber_2.5,frozen
2013-ausopen-1212,2013-580,105453,104122,Hard,R64,False,True,0.5893808418541944,97,63,63.57004092663153,22.43288227061312,63,huber_2.5,frozen
2013-ausopen-1213,2013-580,104597,104593,Hard,R64,False,True,0.7479005300198567,83,57,52.38388182056671,18.16582141046689,57,huber_2.5,frozen
2013-ausopen-1213,2013-580,104593,104597,Hard,R64,False,True,0.5594213901192173,78,42,53.90378514200715,19.418881984373314,42,huber_2.5,frozen
2013-ausopen-1214,2013-580,104500,105668,Hard,R64,False,True,0.5747054282402656,158,89,108.29004603547958,38.887673794547396,89,huber_2.5,frozen
2013-ausopen-1214,2013-580,105668,104500,Hard,R64,False,True,0.6937860333175825,171,103,118.13198306372381,42.389056401117315,103,huber_2.5,frozen
2013-ausopen-1215,2013-580,103898,104273,Hard,R64,False,True,0.6600409689053006,148,93,97.97832267408961,34.7091837173644,93,huber_2.5,frozen
2013-ausopen-1215,2013-580,104273,103898,Hard,R64,False,True,0.6304759975368995,167,97,114.43194944182926,41.0701537173563,97,huber_2.5,frozen
2013-ausopen-1216,2013-580,105041,104386,Hard,R64,False,True,0.5717051941058565,156,101,103.10920704700257,36.503656109564936,101,huber_2.5,frozen
2013-ausopen-1216,2013-580,104386,105041,Hard,R64,False,True,0.7434779813993269,155,100,104.47135548730483,36.98212758810539,100,huber_2.5,frozen
2013-ausopen-1217,2013-580,105223,103794,Hard,R64,False,True,0.7057357304016779,75,58,41.009546670783166,13.489374360824598,58,huber_2.5,frozen
2013-ausopen-1217,2013-580,103794,105223,Hard,R64,False,True,0.5600919287484466,79,44,54.24642401135797,19.494444793419945,44,huber_2.5,frozen
2013-ausopen-1218,2013-580,104871,104719,Hard,R64,False,True,0.7062571539732992,105,75,62.83470706214017,21.435339495543886,75,huber_2.5,frozen
2013-ausopen-1218,2013-580,104719,104871,Hard,R64,False,True,0.6384963652093808,93,56,62.77067834824538,22.40242467640931,56,huber_2.5,frozen
2013-ausopen-1220,2013-580,104330,105227,Hard,R64,False,False,0.5455298783264566,94,56,63.903549402991956,22.875321353243443,56,huber_2.5,frozen
2013-ausopen-1220,2013-580,105227,104330,Hard,R64,False,False,0.6792726300777339,76,61,40.64815308660377,13.195998384443332,61,huber_2.5,frozen
2013-ausopen-1221,2013-580,104468,105028,Hard,R64,False,True,0.6324399006379521,133,86,86.44344360880912,30.41770740349162,86,huber_2.5,frozen
2013-ausopen-1221,2013-580,105028,104468,Hard,R64,False,True,0.5718060628557343,123,74,82.92347333850324,29.589050040136165,74,huber_2.5,frozen
2013-ausopen-1222,2013-580,104229,104792,Hard,R64,False,True,0.5064134425833767,161,104,111.0070450740208,39.95519049015031,104,huber_2.5,frozen
2013-ausopen-1222,2013-580,104792,104229,Hard,R64,False,True,0.6377921158483492,165,102,109.85260324953909,39.00890756825859,102,huber_2.5,frozen
2013-ausopen-1223,2013-580,104252,105575,Hard,R64,False,True,0.6128235163452684,72,37,51.328709676576885,18.69085146782626,37,huber_2.5,frozen
2013-ausopen-1223,2013-580,105575,104252,Hard,R64,False,True,0.5741614710437538,70,53,43.91958028832188,15.21518170754101,53,huber_2.5,frozen
2013-ausopen-1224,2013-580,105311,104918,Hard,R64,False,False,0.4868371708184875,77,43,53.63600988661943,19.38180648818236,34,huber_2.5,frozen
2013-ausopen-1224,2013-580,104918,105311,Hard,R64,False,False,0.7058410582273341,77,57,44.32951700798169,14.896412522004091,57,huber_2.5,frozen
2013-ausopen-1225,2013-580,104542,104424,Hard,R64,False,True,0.6587541827959188,100,72,60.15740904309504,20.53510501249957,72,huber_2.5,frozen
2013-ausopen-1225,2013-580,104424,104542,Hard,R64,False,True,0.5845887181959638,78,52,50.756671125152266,17.858802924095762,52,huber_2.5,frozen
2013-ausopen-1226,2013-580,105902,104882,Hard,R64,False,True,0.6014394846170378,185,113,123.68502451089319,43.994625402984944,113,huber_2.5,frozen
2013-ausopen-1226,2013-580,104882,105902,Hard,R64,False,True,0.642900638730322,195,128,125.53859334692514,44.01507658460949,128,huber_2.5,frozen
2013-ausopen-1228,2013-580,104268,104755,Hard,R64,False,True,0.6000060552875262,84,41,60.344589217437445,22.04011384248548,41,huber_2.5,frozen
2013-ausopen-1228,2013-580,104755,104268,Hard,R64,False,True,0.6779929622924653,69,50,40.961374231159056,13.918241298103219,50,huber_2.5,frozen
2013-ausopen-1230,2013-580,104804,104259,Hard,R64,False,False,0.5842870723822191,94,61,61.74522518020814,21.807767166949816,61,huber_2.5,frozen
2013-ausopen-1230,2013-580,104259,104804,Hard,R64,False,False,0.6927388604350305,88,71,46.12522814933121,14.86114914882624,71,huber_2.5,frozen
2013-ausopen-1231,2013-580,104978,106071,Hard,R64,False,True,0.6478095969956271,159,115,95.84588923248393,32.729299250588014,115,huber_2.5,frozen
2013-ausopen-1231,2013-580,106071,104978,Hard,R64,False,True,0.7231023967058412,148,109,85.41847655487345,28.749484784142915,109,huber_2.5,frozen
2013-ausopen-1232,2013-580,103786,103819,Hard,R64,False,True,0.5216692892651762,106,61,72.87938917945324,26.20306453006652,61,huber_2.5,frozen
2013-ausopen-1232,2013-580,103819,103786,Hard,R64,False,True,0.7292578762259444,91,66,53.502751507931976,18.13331189159465,66,huber_2.5,frozen
2013-ausopen-1301,2013-580,104925,103285,Hard,R32,False,True,0.6984114105414352,85,67,45.62589132829115,14.874043349278239,67,huber_2.5,frozen
2013-ausopen-1301,2013-580,103285,104925,Hard,R32,False,True,0.4708138006319022,107,65,75.69344527245885,27.512428848456562,42,huber_2.5,frozen
2013-ausopen-1302,2013-580,105023,104527,Hard,R32,False,True,0.6332293294222497,111,75,70.37786352512059,24.52431217076382,75,huber_2.5,frozen
2013-ausopen-1302,2013-580,104527,105023,Hard,R32,False,True,0.68076011756925,105,75,63.0952706740445,21.546587820266904,75,huber_2.5,frozen
2013-ausopen-1303,2013-580,104731,104269,Hard,R32,False,True,0.6670800194230003,147,101,91.48261573884048,31.664211666622336,101,huber_2.5,frozen
2013-ausopen-1303,2013-580,104269,104731,Hard,R32,False,True,0.6421139990280669,163,103,107.2803570949126,37.93110940311227,103,huber_2.5,frozen
2013-ausopen-1304,2013-580,103781,104607,Hard,R32,False,True,0.5562377888682846,82,42,57.13415155135057,20.64686491180052,42,huber_2.5,frozen
2013-ausopen-1304,2013-580,104607,103781,Hard,R32,False,True,0.676067608206435,76,57,43.730533753706084,14.665415890280105,57,huber_2.5,frozen
2013-ausopen-1305,2013-580,103970,104571,Hard,R32,False,True,0.6614692741359419,85,55,55.22525859346158,19.42941589825043,55,huber_2.5,frozen
2013-ausopen-1305,2013-580,104571,103970,Hard,R32,False,True,0.5564205702773751,76,40,52.712856221652075,19.01624705592274,40,huber_2.5,frozen
2013-ausopen-1306,2013-580,105539,105453,Hard,R32,False,False,0.5611233859221432,92,52,62.9878305056703,22.61023765314031,52,huber_2.5,frozen
2013-ausopen-1306,2013-580,105453,105539,Hard,R32,False,False,0.6583708814002065,97,71,57.601835891471254,19.5561999363121,71,huber_2.5,frozen
2013-ausopen-1307,2013-580,104597,105668,Hard,R32,False,True,0.6941935282306697,91,73,47.97177917209883,15.501068450320673,73,huber_2.5,frozen
2013-ausopen-1307,2013-580,105668,104597,Hard,R32,False,True,0.6770247117324931,96,66,59.64851929236485,20.635534239771587,66,huber_2.5,frozen
2013-ausopen-1308,2013-580,103898,104386,Hard,R32,False,True,0.5977773001475203,145,95,94.41848340742935,33.23627955486164,95,huber_2.5,frozen
2013-ausopen-1308,2013-580,104386,103898,Hard,R32,False,True,0.6791495761009753,129,88,80.65641162306338,27.970169532867693,88,huber_2.5,frozen
2013-ausopen-1309,2013-580,105223,104871,Hard,R32,False,True,0.7274751260459492,149,99,96.5006411047581,33.813713836221936,99,huber_2.5,frozen
2013-ausopen-1309,2013-580,104871,105223,Hard,R32,False,True,0.6068635245529714,159,107,101.98841436835403,35.688256397488054,107,huber_2.5,frozen
2013-ausopen-1310,2013-580,104312,105227,Hard,R32,False,True,0.5908669762279755,162,95,109.8645156959784,39.29332745936479,95,huber_2.5,frozen
2013-ausopen-1310,2013-580,105227,104312,Hard,R32,False,True,0.6320765888813634,136,79,93.23401948458584,33.466729689562996,79,huber_2.5,frozen
2013-ausopen-1311,2013-580,104468,104792,Hard,R32,False,True,0.5306040799244183,182,101,125.26865763079121,45.05838136837131,101,huber_2.5,frozen
2013-ausopen-1311,2013-580,104792,104468,Hard,R32,False,True,0.5775306884911917,166,98,112.39279836059919,40.17190661647867,98,huber_2.5,frozen
2013-ausopen-1312,2013-580,105575,104918,Hard,R32,False,True,0.5178444489008498,87,46,60.180725553498036,21.688480674517777,46,huber_2.5,frozen
2013-ausopen-1312,2013-580,104918,105575,Hard,R32,False,True,0.6484136899290701,114,69,76.93112219088651,27.449106504555605,69,huber_2.5,frozen
2013-ausopen-1313,2013-580,104542,104882,Hard,R32,False,True,0.6338263272346562,69,50,41.88731799901468,14.33713838014275,50,huber_2.5,frozen
2013-ausopen-1313,2013-580,104882,104542,Hard,R32,False,True,0.5654924028992003,74,35,52.46017676339743,19.07937446957263,35,huber_2.5,frozen
2013-ausopen-1314,2013-580,104471,104755,Hard,R32,False,True,0.536168576323573,114,66,78.01347649624182,27.998096540288934,66,huber_2.5,frozen
2013-ausopen-1314,2013-580,104755,104471,Hard,R32,False,True,0.7655555018131397,112,79,68.9728326586868,23.682656065437158,79,huber_2.5,frozen
2013-ausopen-1315,2013-580,105683,104259,Hard,R32,False,True,0.6839058212761656,86,69,45.79467536288256,14.845533488175832,69,huber_2.5,frozen
2013-ausopen-1315,2013-580,104259,105683,Hard,R32,False,True,0.6882127232016457,94,64,58.877090946081225,20.4306261535921,64,huber_2.5,frozen
2013-ausopen-1316,2013-580,106071,103819,Hard,R32,False,True,0.5425802657197574,121,72,82.34772478618737,29.490036450926162,72,huber_2.5,frozen
2013-ausopen-1316,2013-580,103819,106071,Hard,R32,False,True,0.723413661168298,95,71,53.8335333373754,17.991356004769187,71,huber_2.5,frozen
2013-ausopen-1401,2013-580,104925,104527,Hard,R16,False,True,0.6735133496610805,195,128,125.58921176086228,44.03652776024272,128,huber_2.5,frozen
2013-ausopen-1401,2013-580,104527,104925,Hard,R16,False,True,0.533517750962732,214,133,145.32433067979292,51.997493030672274,133,huber_2.5,frozen
2013-ausopen-1402,2013-580,104731,104607,Hard,R16,False,True,0.614269360493255,111,64,75.96154292289741,27.256801900591327,64,huber_2.5,frozen
2013-ausopen-1402,2013-580,104607,104731,Hard,R16,False,True,0.7014597244621421,112,75,71.32185045719575,24.890164775439167,75,huber_2.5,frozen
2013-ausopen-1403,2013-580,103970,105453,Hard,R16,False,True,0.6647363384074307,96,60,63.844056291442925,22.65158175264287,60,huber_2.5,frozen
2013-ausopen-1403,2013-580,105453,103970,Hard,R16,False,True,0.5581832939442197,95,43,67.5486482359733,24.59525273644693,43,huber_2.5,frozen
2013-ausopen-1404,2013-580,104597,104386,Hard,R16,True,True,0.6592226269031338,43,32,25.175991914863182,8.496454166505377,32,huber_2.5,frozen
2013-ausopen-1404,2013-580,104386,104597,Hard,R16,True,True,0.6774701610710921,46,21,36.46617574824654,13.65868091553194,21,huber_2.5,frozen
2013-ausopen-1405,2013-580,104871,104312,Hard,R16,False,True,0.6231997390522394,124,82,79.7705144953712,27.954104225025368,82,huber_2.5,frozen
2013-ausopen-1405,2013-580,104312,104871,Hard,R16,False,True,0.6818561699355667,119,68,84.44752141287756,30.59397342978778,68,huber_2.5,frozen
2013-ausopen-1406,2013-580,104468,104918,Hard,R16,False,True,0.4989891015132676,90,43,62.37534299669299,22.49604837847061,47,huber_2.5,frozen
2013-ausopen-1406,2013-580,104918,104468,Hard,R16,False,True,0.6419078850836902,63,44,39.0179959450609,13.470987287390074,44,huber_2.5,frozen
2013-ausopen-1407,2013-580,104542,104755,Hard,R16,False,True,0.6361139451379477,106,74,65.82520426359866,22.747076946673918,74,huber_2.5,frozen
2013-ausopen-1407,2013-580,104755,104542,Hard,R16,False,True,0.6450520513181789,102,67,65.62687013262513,23.004424312162662,67,huber_2.5,frozen
2013-ausopen-1408,2013-580,105683,103819,Hard,R16,False,True,0.6160492930541,96,61,63.05356471365421,22.27559246875561,61,huber_2.5,frozen
2013-ausopen-1408,2013-580,103819,105683,Hard,R16,False,True,0.749156720155481,78,66,35.65639017390468,10.887704665097687,66,huber_2.5,frozen
2013-ausopen-1501,2013-580,104925,104607,Hard,QF,False,True,0.6731183156660978,97,71,57.176307335292876,19.366761063275067,71,huber_2.5,frozen
2013-ausopen-1501,2013-580,104607,104925,Hard,QF,False,True,0.5763890274396557,107,60,73.42851592038193,26.381317979194357,60,huber_2.5,frozen
2013-ausopen-1502,2013-580,103970,104597,Hard,QF,False,True,0.6952933502105354,149,97,97.04897927323167,34.14458364335768,97,huber_2.5,frozen
2013-ausopen-1502,2013-580,104597,103970,Hard,QF,False,True,0.6231966999745209,166,98,112.7136963372644,40.32355186360998,98,huber_2.5,frozen
2013-ausopen-1503,2013-580,104871,104918,Hard,QF,False,True,0.5372798761407396,77,36,53.960449445223674,19.543413146414,36,huber_2.5,frozen
2013-ausopen-1503,2013-580,104918,104871,Hard,QF,False,True,0.719558545342383,75,48,50.125172478437506,17.7547171602747,48,huber_2.5,frozen
2013-ausopen-1504,2013-580,104542,103819,Hard,QF,False,True,0.5985824311379598,175,115,113.78215337696592,40.02870303999956,115,huber_2.5,frozen
2013-ausopen-1504,2013-580,103819,104542,Hard,QF,False,True,0.6944689959701754,158,109,97.84174278908134,33.80713432398588,109,huber_2.5,frozen
2013-ausopen-1601,2013-580,104925,103970,Hard,SF,False,True,0.6501246252728361,51,44,26.297260765197038,8.344796423683846,44,huber_2.5,frozen
2013-ausopen-1601,2013-580,103970,104925,Hard,SF,False,True,0.5746271651641955,75,34,53.88350981834576,19.69008118968268,34,huber_2.5,frozen
2013-ausopen-1602,2013-580,104918,103819,Hard,SF,False,True,0.6002035179406429,157,111,98.83678398854278,34.31316830006409,111,huber_2.5,frozen
2013-ausopen-1602,2013-580,103819,104918,Hard,SF,False,True,0.634656913738123,171,105,114.19704023849584,40.59903519960165,105,huber_2.5,frozen
2013-ausopen-1701,2013-580,104925,104918,Hard,F,False,True,0.6174614173339713,134,96,82.80049359162744,28.536060525951783,96,huber_2.5,frozen
2013-ausopen-1701,2013-580,104918,104925,Hard,F,False,True,0.5564798149080689,131,88,86.53845997681094,30.626294332595414,88,huber_2.5,frozen
2013-frenchopen-1101,2013-520,104925,105676,Clay,R128,False,True,0.6945508738275754,101,73,59.814977431376846,20.318064970973495,73,huber_2.5,frozen
2013-frenchopen-1101,2013-520,105676,104925,Clay,R128,False,True,0.5114783584309782,112,71,76.9731820812103,27.670405550844894,71,huber_2.5,frozen
2013-frenchopen-1103,2013-520,104864,106298,Clay,R128,False,False,0.6330535399190315,86,46,61.13278591877962,22.224157786194546,46,huber_2.5,frozen
2013-frenchopen-1103,2013-520,106298,104864,Clay,R128,False,False,0.6814383897757782,107,69,69.93460766034218,24.64783807038459,69,huber_2.5,frozen
2013-frenchopen-1106,2013-520,106071,103812,Clay,R128,True,True,0.7393361364582742,88,55,60.97942162554823,21.77540218481805,55,huber_2.5,frozen
2013-frenchopen-1106,2013-520,103812,106071,Clay,R128,True,True,0.6505723637640394,106,70,67.9457084475713,23.783775525348624,70,huber_2.5,frozen
2013-frenchopen-1108,2013-520,106210,104259,Clay,R128,False,False,0.5775740890038301,134,84,89.1962186896321,31.668858038029512,84,huber_2.5,frozen
2013-frenchopen-1108,2013-520,104259,106210,Clay,R128,False,False,0.6868385260551849,118,82,72.601104524276,25.024646710041424,82,huber_2.5,frozen
2013-frenchopen-1109,2013-520,103163,105558,Clay,R128,False,True,0.7049789782631619,85,61,50.62183293688503,17.23717023429684,61,huber_2.5,frozen
2013-frenchopen-1109,2013-520,105558,103163,Clay,R128,False,True,0.5593628639139957,93,53,63.57205747337011,22.80601008304071,53,huber_2.5,frozen
2013-frenchopen-1110,2013-520,106058,104198,Clay,R128,False,True,0.6788292317385676,80,55,49.70077027254832,17.193514577779478,55,huber_2.5,frozen
2013-frenchopen-1110,2013-520,104198,106058,Clay,R128,False,True,0.6209542855712853,83,41,60.28054580336632,22.08523923901027,41,huber_2.5,frozen
2013-frenchopen-1112,2013-520,104122,104545,Clay,R128,False,True,0.602654885235461,91,55,61.07878415644366,21.758517497632454,55,huber_2.5,frozen
2013-frenchopen-1112,2013-520,104545,104122,Clay,R128,False,True,0.6857652262678259,89,61,55.423633472609815,19.1910235500017,61,huber_2.5,frozen
2013-frenchopen-1115,2013-520,104269,102967,Clay,R128,False,True,0.6915932500494718,70,48,43.57973619778015,15.088133641230094,48,huber_2.5,frozen
2013-frenchopen-1115,2013-520,102967,104269,Clay,R128,False,True,0.5880485701794119,77,36,55.47488919741029,20.287189255616248,36,huber_2.5,frozen
2013-frenchopen-1116,2013-520,103917,104386,Clay,R128,False,True,0.5543558723142161,79,45,54.02765456054961,19.385495712091732,45,huber_2.5,frozen
2013-frenchopen-1116,2013-520,104386,103917,Clay,R128,False,True,0.681457998169724,85,57,53.89270397387443,18.786513486557908,57,huber_2.5,frozen
2013-frenchopen-1117,2013-520,104745,104978,Clay,R128,False,True,0.7945672543328304,113,86,62.50754501473692,20.675527002108613,86,huber_2.5,frozen
2013-frenchopen-1117,2013-520,104978,104745,Clay,R128,False,True,0.5253377242913015,142,88,96.88501984042438,34.72968141275696,88,huber_2.5,frozen
2013-frenchopen-1121,2013-520,105332,104571,Clay,R128,False,True,0.5258186793998065,158,100,107.55748302055304,38.520938929748226,100,huber_2.5,frozen
2013-frenchopen-1121,2013-520,104571,105332,Clay,R128,False,True,0.5967756513379917,135,86,88.89925314700986,31.4336470038998,86,huber_2.5,frozen
2013-frenchopen-1122,2013-520,103997,105270,Clay,R128,False,True,0.6140832270921996,142,82,97.11324732252197,34.838296547907,82,huber_2.5,frozen
2013-frenchopen-1122,2013-520,105270,103997,Clay,R128,False,True,0.5167263355105046,155,83,107.15647360444541,38.609374705823996,83,huber_2.5,frozen
2013-frenchopen-1124,2013-520,105028,105453,Clay,R128,False,True,0.5716532810647049,65,25,47.89345839935228,17.65852174064752,25,huber_2.5,frozen
2013-frenchopen-1124,2013-520,105453,105028,Clay,R128,False,True,0.6484332392382737,70,46,45.015562153407295,15.776738592511641,46,huber_2.5,frozen
2013-frenchopen-1125,2013-520,104527,105217,Clay,R128,False,True,0.7514596588897414,138,98,83.68830402347258,28.641350271149427,98,huber_2.5,frozen
2013-frenchopen-1125,2013-520,105217,104527,Clay,R128,False,True,0.6215138602373055,143,95,91.81736099659253,32.15033197570395,95,huber_2.5,frozen
2013-frenchopen-1128,2013-520,105077,105668,Clay,R128,False,True,0.5634390255034282,104,66,69.3593809420549,24.642256321413768,66,huber_2.5,frozen
2013-frenchopen-1128,2013-520,105668,105077,Clay,R128,False,True,0.6919904062671784,103,75,60.58722078701774,20.523063463602142,75,huber_2.5,frozen
2013-frenchopen-1129,2013-520,104252,104797,Clay,R128,True,True,0.637977078178543,99,55,69.42601177998027,25.116981876202114,55,huber_2.5,frozen
2013-frenchopen-1129,2013-520,104797,104252,Clay,R128,True,True,0.5856262732425226,89,57,58.690770457719445,20.761878590513813,57,huber_2.5,frozen
2013-frenchopen-1130,2013-520,103722,103786,Clay,R128,False,True,0.6092395623481256,78,48,51.975916438313696,18.46448387233052,48,huber_2.5,frozen
2013-frenchopen-1130,2013-520,103786,103722,Clay,R128,False,True,0.6448561905635977,93,66,56.90732134158274,19.55205695086724,66,huber_2.5,frozen
2013-frenchopen-1132,2013-520,104660,104755,Clay,R128,False,True,0.46368915850118697,75,39,52.40258274475012,18.957818315272835,36,huber_2.5,frozen
2013-frenchopen-1132,2013-520,104755,104660,Clay,R128,False,True,0.704441475693581,70,52,40.15819258602673,13.474732015282083,52,huber_2.5,frozen
2013-frenchopen-1133,2013-520,104607,104792,Clay,R128,False,True,0.6206569228636688,182,124,115.36535176480868,40.186216023355,124,huber_2.5,frozen
2013-frenchopen-1133,2013-520,104792,104607,Clay,R128,False,True,0.5639406303407033,181,131,116.5364688855433,40.810810104117365,131,huber_2.5,frozen
2013-frenchopen-1134,2013-520,105208,104297,Clay,R128,False,True,0.7725605513233547,89,59,59.65078556225598,20.957487629877217,59,huber_2.5,frozen
2013-frenchopen-1134,2013-520,104297,105208,Clay,R128,False,True,0.5693938363220103,82,44,56.79738131843078,20.478508352665788,44,huber_2.5,frozen
2013-frenchopen-1137,2013-520,104312,104919,Clay,R128,False,True,0.6691762338573557,163,105,106.33715108990783,37.46387449935615,105,huber_2.5,frozen
2013-frenchopen-1137,2013-520,104919,104312,Clay,R128,False,True,0.6196270451378016,162,96,109.74500324535066,39.22951069426702,96,huber_2.5,frozen
2013-frenchopen-1138,2013-520,104882,105902,Clay,R128,False,True,0.6365453865519447,70,50,42.82699484700617,14.70876338464506,50,huber_2.5,frozen
2013-frenchopen-1138,2013-520,105902,104882,Clay,R128,False,True,0.5948114022487114,69,30,50.81803006629681,18.72355755798772,30,huber_2.5,frozen
2013-frenchopen-1139,2013-520,104651,104273,Clay,R128,False,False,0.6188144288312303,92,48,65.47422666545178,23.823494186536294,48,huber_2.5,frozen
2013-frenchopen-1139,2013-520,104273,104651,Clay,R128,False,False,0.650932667128278,102,67,65.60355338456837,22.99378299255357,67,huber_2.5,frozen
2013-frenchopen-1140,2013-520,104890,104597,Clay,R128,False,True,0.5706954731516608,105,70,68.85857391787576,24.300432681726278,70,huber_2.5,frozen
2013-frenchopen-1140,2013-520,104597,104890,Clay,R128,False,True,0.7461846012715374,107,78,62.600309391757094,21.171888333339833,78,huber_2.5,frozen
2013-frenchopen-1141,2013-520,105683,103598,Clay,R128,False,True,0.6593308623665335,96,69,57.81533209411097,19.745190856042065,69,huber_2.5,frozen
2013-frenchopen-1141,2013-520,103598,105683,Clay,R128,False,True,0.6554262450654784,107,60,75.42418453129545,27.314291803250274,60,huber_2.5,frozen
2013-frenchopen-1142,2013-520,104327,103566,Clay,R128,False,True,0.6762864054190674,131,72,94.70785151893995,34.52935020191255,72,huber_2.5,frozen
2013-frenchopen-1142,2013-520,103566,104327,Clay,R128,False,True,0.6814412948782252,112,72,73.37319256564362,25.881024234450546,72,huber_2.5,frozen
2013-frenchopen-1144,2013-520,105011,104731,Clay,R128,False,True,0.5306569486820546,114,64,78.37399516939013,28.177945447735567,64,huber_2.5,frozen
2013-frenchopen-1144,2013-520,104731,105011,Clay,R128,False,True,0.6760257076962114,90,65,53.626349121159606,18.24762617144723,65,huber_2.5,frozen
2013-frenchopen-1145,2013-520,104719,103852,Clay,R128,False,True,0.5985347749142218,143,91,94.16461616772447,33.29554534538303,91,huber_2.5,frozen
2013-frenchopen-1145,2013-520,103852,104719,Clay,R128,False,True,0.718629033086482,166,102,114.85902434285524,41.12667332469647,102,huber_2.5,frozen
2013-frenchopen-1146,2013-520,105311,104424,Clay,R128,False,False,0.5675938401128519,77,54,49.86582485130771,17.50639835253413,54,huber_2.5,frozen
2013-frenchopen-1146,2013-520,104424,105311,Clay,R128,False,False,0.6475452677176659,67,34,49.18875536795229,18.06101833601614,34,huber_2.5,frozen
2013-frenchopen-1148,2013-520,104594,103970,Clay,R128,False,True,0.5460276667238251,86,39,60.71513374950693,22.050416298738,39,huber_2.5,frozen
2013-frenchopen-1148,2013-520,103970,104594,Clay,R128,False,True,0.6876128114169717,88,51,62.150937298061834,22.470894536847055,51,huber_2.5,frozen
2013-frenchopen-1149,2013-520,104542,105379,Clay,R128,False,False,0.6986639719873108,80,55,49.710427470234556,17.197470741642675,55,huber_2.5,frozen
2013-frenchopen-1149,2013-520,105379,104542,Clay,R128,False,False,0.5470132781375846,76,38,53.01663737909449,19.167978872414384,38,huber_2.5,frozen
2013-frenchopen-1150,2013-520,103813,103908,Clay,R128,False,True,0.5962531119360764,182,113,121.01190272219654,42.95103147825559,113,huber_2.5,frozen
2013-frenchopen-1150,2013-520,103908,103813,Clay,R128,False,True,0.6205272802278613,153,94,102.02483837077598,36.25414945973104,94,huber_2.5,frozen
2013-frenchopen-1152,2013-520,103794,104871,Clay,R128,False,True,0.6362821016862401,108,61,75.11361440339957,27.097914190314658,61,huber_2.5,frozen
2013-frenchopen-1152,2013-520,104871,103794,Clay,R128,False,True,0.6558350158335828,85,61,51.33182649205885,17.548291347744943,61,huber_2.5,frozen
2013-frenchopen-1154,2013-520,104678,103484,Clay,R128,False,True,0.6164471621137549,71,49,44.7874642186982,15.568682473997264,49,huber_2.5,frozen
2013-frenchopen-1154,2013-520,103484,104678,Clay,R128,False,True,0.5462868614127272,79,37,55.56279462507454,20.150689716679477,37,huber_2.5,frozen
2013-frenchopen-1156,2013-520,104332,105227,Clay,R128,False,True,0.5722899784891073,86,40,61.392630737740504,22.383162196070824,40,huber_2.5,frozen
2013-frenchopen-1156,2013-520,105227,104332,Clay,R128,False,True,0.6453258129585026,60,46,34.659777569058214,11.616749500050899,46,huber_2.5,frozen
2013-frenchopen-1157,2013-520,104468,103720,Clay,R128,False,True,0.5909972670607245,118,67,80.83394584079971,29.021143035305865,67,huber_2.5,frozen
2013-frenchopen-1157,2013-520,103720,104468,Clay,R128,False,True,0.5913629005290724,138,69,97.99747144203977,35.65191078384576,69,huber_2.5,frozen
2013-frenchopen-1158,2013-520,105173,104655,Clay,R128,False,False,0.5980955402297209,190,109,129.8613314465877,46.58164452603037,109,huber_2.5,frozen
2013-frenchopen-1158,2013-520,104655,105173,Clay,R128,False,False,0.6203401139179653,145,94,94.27626641594057,33.17522783910688,94,huber_2.5,frozen
2013-frenchopen-1160,2013-520,105041,105023,Clay,R128,False,True,0.6227898932414232,88,53,59.22129426040189,21.116589415291514,53,huber_2.5,frozen
2013-frenchopen-1160,2013-520,105023,105041,Clay,R128,False,True,0.7376986293394163,77,58,43.071716313500474,14.33030261178023,58,huber_2.5,frozen
2013-frenchopen-1161,2013-520,103898,105575,Clay,R128,False,True,0.5917003006516417,159,106,103.09898454692649,36.226906342659625,106,huber_2.5,frozen
2013-frenchopen-1161,2013-520,105575,103898,Clay,R128,False,True,0.6202069964140577,153,96,101.04273860088767,35.772734603845805,96,huber_2.5,frozen
2013-frenchopen-1163,2013-520,104500,103926,Clay,R128,False,False,0.5936540263663164,123,76,81.95671734527079,29.112875663895416,76,huber_2.5,frozen
2013-frenchopen-1163,2013-520,103926,104500,Clay,R128,False,False,0.6074024051428975,103,59,70.55394765938479,25.327097415795883,59,huber_2.5,frozen
2013-frenchopen-1164,2013-520,105807,103819,Clay,R128,False,False,0.5034638050013543,79,38,54.7813061475354,19.76133925266597,38,huber_2.5,frozen
2013-frenchopen-1164,2013-520,103819,105807,Clay,R128,False,False,0.7479527585292637,59,47,30.18719153692266,9.699007108749779,47,huber_2.5,frozen
2013-frenchopen-1201,2013-520,104925,105550,Clay,R64,False,False,0.7338535304655166,68,48,41.32756905058915,14.170849359326205,48,huber_2.5,frozen
2013-frenchopen-1201,2013-520,105550,104925,Clay,R64,False,False,0.45870176463596557,83,38,57.235810986404054,20.602472524718962,45,huber_2.5,frozen
2013-frenchopen-1202,2013-520,106298,105777,Clay,R64,False,False,0.5892211140713767,77,44,52.63407202486519,18.88151909931745,44,huber_2.5,frozen
2013-frenchopen-1202,2013-520,105777,106298,Clay,R64,False,False,0.6314675569959007,87,62,53.45760347020793,18.389383904346598,62,huber_2.5,frozen
2013-frenchopen-1205,2013-520,103163,106058,Clay,R64,False,True,0.6543257123236303,112,77,69.83859250619318,24.18575973663747,77,huber_2.5,frozen
2013-frenchopen-1205,2013-520,106058,103163,Clay,R64,False,True,0.6143653866458483,100,61,66.87882482880026,23.791905660056777,61,huber_2.5,frozen
2013-frenchopen-1206,2013-520,105992,104545,Clay,R64,False,True,0.6881049050391569,185,120,120.5884217479118,42.450169453307566,120,huber_2.5,frozen
2013-frenchopen-1206,2013-520,104545,105992,Clay,R64,False,True,0.7178787593793978,158,118,89.728375559808,30.005899067022447,118,huber_2.5,frozen
2013-frenchopen-1208,2013-520,104269,104386,Clay,R64,False,True,0.5971273821332338,191,117,127.60408272494986,45.3753646850415,117,huber_2.5,frozen
2013-frenchopen-1208,2013-520,104386,104269,Clay,R64,False,True,0.6789492758095483,190,120,125.99599345007107,44.63687643894732,120,huber_2.5,frozen
2013-frenchopen-1209,2013-520,104745,105373,Clay,R64,False,True,0.7275499469363584,100,65,66.18521979777826,23.3513994269832,65,huber_2.5,frozen
2013-frenchopen-1209,2013-520,105373,104745,Clay,R64,False,True,0.49217976365403776,103,55,71.51625153229725,25.81104073236193,48,huber_2.5,frozen
2013-frenchopen-1210,2013-520,104586,104926,Clay,R64,False,True,0.6377890413073309,126,72,87.22037268938857,31.412010564421607,72,huber_2.5,frozen
2013-frenchopen-1210,2013-520,104926,104586,Clay,R64,False,True,0.6551386188555948,110,77,67.69616971378329,23.321379787000197,77,huber_2.5,frozen
2013-frenchopen-1211,2013-520,105332,103997,Clay,R64,False,True,0.5283414870281232,82,54,55.49467347606313,19.82898700799995,54,huber_2.5,frozen
2013-frenchopen-1211,2013-520,103997,105332,Clay,R64,False,True,0.5661851523984368,102,54,70.80364082251907,25.54969747420582,54,huber_2.5,frozen
2013-frenchopen-1212,2013-520,104813,105453,Clay,R64,False,True,0.5794275715746646,134,63,95.87585885463076,34.98079161551461,63,huber_2.5,frozen
2013-frenchopen-1212,2013-520,105453,104813,Clay,R64,False,True,0.658784154138745,111,64,77.24727842452559,27.849246623858136,64,huber_2.5,frozen
2013-frenchopen-1213,2013-520,104527,104547,Clay,R64,False,False,0.6802845546497015,98,70,58.896156931597666,20.113295727946173,70,huber_2.5,frozen
2013-frenchopen-1213,2013-520,104547,104527,Clay,R64,False,False,0.5411798545283608,103,62,70.01120005077314,25.05988843805905,62,huber_2.5,frozen
2013-frenchopen-1215,2013-520,104797,103786,Clay,R64,False,True,0.6357776032090589,103,60,70.60398399908888,25.340643171365254,60,huber_2.5,frozen
2013-frenchopen-1215,2013-520,103786,104797,Clay,R64,False,True,0.5986613366378187,79,59,48.52948731898162,16.67119855955079,59,huber_2.5,frozen
2013-frenchopen-1216,2013-520,104308,104755,Clay,R64,False,False,0.5431003494498382,81,35,57.397549748798205,20.874572693886773,35,huber_2.5,frozen
2013-frenchopen-1216,2013-520,104755,104308,Clay,R64,False,False,0.7034929545597868,64,46,38.060398575080754,12.952397755876142,46,huber_2.5,frozen
2013-frenchopen-1217,2013-520,104792,105208,Clay,R64,False,True,0.5943980004339537,152,97,100.09105583553878,35.38975331963511,97,huber_2.5,frozen
2013-frenchopen-1217,2013-520,105208,104792,Clay,R64,False,True,0.5962701057322655,116,75,75.96699110792581,26.801896662996356,75,huber_2.5,frozen
2013-frenchopen-1219,2013-520,104312,104882,Clay,R64,False,True,0.5861047998233988,163,108,106.21755616740256,37.39493356743816,108,huber_2.5,frozen
2013-frenchopen-1219,2013-520,104882,104312,Clay,R64,False,True,0.5795228893034335,167,100,112.60148257913369,40.181834270155434,100,huber_2.5,frozen
2013-frenchopen-1220,2013-520,104273,104597,Clay,R64,False,True,0.6222214941101233,75,46,50.05509022214588,17.79259162181622,46,huber_2.5,frozen
2013-frenchopen-1220,2013-520,104597,104273,Clay,R64,False,True,0.7108511626855757,101,66,65.95376565425818,23.203893450138924,66,huber_2.5,frozen
2013-frenchopen-1221,2013-520,105683,103566,Clay,R64,False,True,0.7044541182353241,121,86,72.79115008471561,24.88081983206792,86,huber_2.5,frozen
2013-frenchopen-1221,2013-520,103566,105683,Clay,R64,False,True,0.6432291209812633,145,89,96.9886754692473,34.498053266692786,89,huber_2.5,frozen
2013-frenchopen-1224,2013-520,103656,103970,Clay,R64,False,True,0.5593103504724067,87,37,62.469598226956734,22.827075993706185,37,huber_2.5,frozen
2013-frenchopen-1224,2013-520,103970,103656,Clay,R64,False,True,0.6977394602196366,72,46,47.663951449549714,16.860475172819903,46,huber_2.5,frozen
2013-frenchopen-1225,2013-520,104542,103813,Clay,R64,False,True,0.6826431605325892,80,63,43.5637137865825,14.267096542647547,63,huber_2.5,frozen
2013-frenchopen-1225,2013-520,103813,104542,Clay,R64,False,True,0.5469231815371236,109,66,73.8703212762343,26.410761385892833,66,huber_2.5,frozen
2013-frenchopen-1226,2013-520,105138,104871,Clay,R64,False,False,0.6340927096648985,80,47,54.58870928875184,19.5611704475134,47,huber_2.5,frozen
2013-frenchopen-1226,2013-520,104871,105138,Clay,R64,False,False,0.6648252872867394,97,67,60.14457749345276,20.786699777318795,67,huber_2.5,frozen
2013-frenchopen-1228,2013-520,106401,105227,Clay,R64,False,False,0.5386851738938637,80,43,55.22678909905048,19.887612370972697,43,huber_2.5,frozen
2013-frenchopen-1228,2013-520,105227,106401,Clay,R64,False,False,0.6732356813379666,69,55,37.42051533555535,12.218068554058807,55,huber_2.5,frozen
2013-frenchopen-1229,2013-520,104468,104655,Clay,R64,False,False,0.629817040857691,100,67,63.769847254394996,22.27146702054325,67,huber_2.5,frozen
2013-frenchopen-1229,2013-520,104655,104468,Clay,R64,False,False,0.5476541233409992,115,56,80.52341827071072,29.154117649233903,56,huber_2.5,frozen
2013-frenchopen-1230,2013-520,104225,105023,Clay,R64,False,True,0.6118156087047938,100,52,70.97005662497385,25.803010600183185,52,huber_2.5,frozen
2013-frenchopen-1230,2013-520,105023,104225,Clay,R64,False,True,0.6938133556149635,95,59,64.175760290337,22.86083641825541,59,huber_2.5,frozen
2013-frenchopen-1231,2013-520,103898,104735,Clay,R64,False,True,0.5812771529018045,176,105,118.77416778210235,42.39922850409155,105,huber_2.5,frozen
2013-frenchopen-1231,2013-520,104735,103898,Clay,R64,False,True,0.5738091427961232,176,110,117.38971735229386,41.71120867958312,110,huber_2.5,frozen
2013-frenchopen-1232,2013-520,104500,103819,Clay,R64,False,True,0.4775488777202958,75,35,51.837060506172975,18.67554835547284,40,huber_2.5,frozen
2013-frenchopen-1232,2013-520,103819,104500,Clay,R64,False,True,0.7391041437486299,65,48,37.35296673214482,12.55387299504723,48,huber_2.5,frozen
2013-frenchopen-1301,2013-520,104925,105777,Clay,R32,False,True,0.7093433463028996,71,52,41.33425052537443,13.953218773536312,52,huber_2.5,frozen
2013-frenchopen-1301,2013-520,105777,104925,Clay,R32,False,True,0.47256148335308357,84,42,58.35103652951058,21.06324126444578,42,huber_2.5,frozen
2013-frenchopen-1302,2013-520,103812,104259,Clay,R32,False,True,0.6468922562094134,81,39,60.708691445640675,22.43844089830589,39,huber_2.5,frozen
2013-frenchopen-1302,2013-520,104259,103812,Clay,R32,False,True,0.7713209013726408,95,63,63.5719373590877,22.33248005200605,63,huber_2.5,frozen
2013-frenchopen-1303,2013-520,103163,104545,Clay,R32,False,True,0.6956347011074547,208,151,122.60554178445466,41.57110884159911,151,huber_2.5,frozen
2013-frenchopen-1303,2013-520,104545,103163,Clay,R32,False,True,0.6982168669902935,229,156,143.49658559744722,49.79539317611916,156,huber_2.5,frozen
2013-frenchopen-1304,2013-520,104022,104386,Clay,R32,False,True,0.575176518539294,85,61,54.28373290623685,18.948847073919673,61,huber_2.5,frozen
2013-frenchopen-1304,2013-520,104386,104022,Clay,R32,False,True,0.63263548787566,88,53,59.31565077365323,21.16067241091138,53,huber_2.5,frozen
2013-frenchopen-1305,2013-520,104745,104926,Clay,R32,False,True,0.6860848126403538,104,66,68.8937981439048,24.390891225591233,66,huber_2.5,frozen
2013-frenchopen-1305,2013-520,104926,104745,Clay,R32,False,True,0.4834908022742958,129,73,90.04786032263524,32.565815776968456,56,huber_2.5,frozen
2013-frenchopen-1306,2013-520,105332,105453,Clay,R32,False,True,0.5294636223370983,137,76,94.31450454505018,33.9269760555911,76,huber_2.5,frozen
2013-frenchopen-1306,2013-520,105453,105332,Clay,R32,False,True,0.5984937272745128,119,76,78.25266311063827,27.654127703119784,76,huber_2.5,frozen
2013-frenchopen-1307,2013-520,104527,105668,Clay,R32,False,True,0.6568952552941192,120,85,73.15979217853365,25.109171771350862,85,huber_2.5,frozen
2013-frenchopen-1307,2013-520,105668,104527,Clay,R32,False,True,0.6269119628197614,132,81,88.1058658204291,31.31871842790007,81,huber_2.5,frozen
2013-frenchopen-1308,2013-520,103786,104755,Clay,R32,False,True,0.5543176802608181,97,55,66.39320542828322,23.83005996433426,55,huber_2.5,frozen
2013-frenchopen-1308,2013-520,104755,103786,Clay,R32,False,True,0.6768973116291934,87,59,54.657888642717026,18.988644660457332,59,huber_2.5,frozen
2013-frenchopen-1309,2013-520,104792,103990,Clay,R32,False,True,0.633779777972395,166,100,111.90372200621538,39.92239436199956,100,huber_2.5,frozen
2013-frenchopen-1309,2013-520,103990,104792,Clay,R32,False,True,0.5843449877405614,158,104,103.28201041855826,36.40677477217089,104,huber_2.5,frozen
2013-frenchopen-1311,2013-520,105683,104731,Clay,R32,False,True,0.69255761189408,131,78,91.16616127141941,32.793334543332,78,huber_2.5,frozen
2013-frenchopen-1311,2013-520,104731,105683,Clay,R32,False,True,0.6761327647932038,97,73,55.627823956918036,18.628701356001724,73,huber_2.5,frozen
2013-frenchopen-1312,2013-520,103852,103970,Clay,R32,False,True,0.5867614588475907,104,51,74.02768704708387,26.956388194796844,51,huber_2.5,frozen
2013-frenchopen-1312,2013-520,103970,103852,Clay,R32,False,True,0.6998661424873385,87,58,55.60051351187255,19.429225185278096,58,huber_2.5,frozen
2013-frenchopen-1313,2013-520,104542,104871,Clay,R32,False,True,0.7125798616039463,72,57,38.01736089192445,12.325340036922068,57,huber_2.5,frozen
2013-frenchopen-1313,2013-520,104871,104542,Clay,R32,False,True,0.596444099109452,74,45,49.57040661466698,17.64520276897327,45,huber_2.5,frozen
2013-frenchopen-1314,2013-520,104678,105227,Clay,R32,False,True,0.559565977416743,126,81,83.92785877071074,29.802686126864355,81,huber_2.5,frozen
2013-frenchopen-1314,2013-520,105227,104678,Clay,R32,False,True,0.6078749108725117,117,70,78.84522708492702,28.130405628235252,70,huber_2.5,frozen
2013-frenchopen-1315,2013-520,104468,105023,Clay,R32,False,True,0.6238787694746463,137,84,91.45685316603729,32.51215323142367,84,huber_2.5,frozen
2013-frenchopen-1315,2013-520,105023,104468,Clay,R32,False,True,0.6328875345861166,130,81,86.15673058890886,30.543281483533192,81,huber_2.5,frozen
2013-frenchopen-1316,2013-520,103898,103819,Clay,R32,False,True,0.5412158372414543,83,49,56.57488292334439,20.27275829625785,49,huber_2.5,frozen
2013-frenchopen-1316,2013-520,103819,103898,Clay,R32,False,True,0.7253718606089573,79,64,39.933593795748976,12.719384398954212,64,huber_2.5,frozen
2013-frenchopen-1401,2013-520,104925,104259,Clay,R16,False,True,0.6993644384949368,141,94,90.10008615444477,31.484082677170576,94,huber_2.5,frozen
2013-frenchopen-1401,2013-520,104259,104925,Clay,R16,False,True,0.5341960367690598,116,76,78.2110387226899,27.904589472276314,76,huber_2.5,frozen
2013-frenchopen-1402,2013-520,103163,104022,Clay,R16,False,True,0.5931299389672636,70,43,46.740754584593596,16.617043963767017,43,huber_2.5,frozen
2013-frenchopen-1402,2013-520,104022,103163,Clay,R16,False,True,0.5823311802077766,58,22,43.32614348352803,16.045785070504387,22,huber_2.5,frozen
2013-frenchopen-1403,2013-520,104745,105453,Clay,R16,False,True,0.6830453828640346,78,55,47.3925922553638,16.25598549900249,55,huber_2.5,frozen
2013-frenchopen-1403,2013-520,105453,104745,Clay,R16,False,True,0.4985539294576894,78,42,54.08315919465261,19.508839530614903,36,huber_2.5,frozen
2013-frenchopen-1404,2013-520,104527,104755,Clay,R16,False,True,0.6094731137888871,175,122,110.24327249054406,38.29361861102785,122,huber_2.5,frozen
2013-frenchopen-1404,2013-520,104755,104527,Clay,R16,False,True,0.6332693400312752,194,125,126.3232353934932,44.48249605476869,125,huber_2.5,frozen
2013-frenchopen-1405,2013-520,103990,104597,Clay,R16,False,True,0.6576681542160849,167,104,111.11610546868435,39.43709990174301,104,huber_2.5,frozen
2013-frenchopen-1405,2013-520,104597,103990,Clay,R16,False,True,0.7046616188252541,167,102,114.98001073505864,41.172545266234586,102,huber_2.5,frozen
2013-frenchopen-1406,2013-520,104731,103970,Clay,R16,False,True,0.582971473426772,86,41,61.48132727528906,22.423932718331507,41,huber_2.5,frozen
2013-frenchopen-1406,2013-520,103970,104731,Clay,R16,False,True,0.6941242226145278,71,52,41.4923737457747,14.01947983392491,52,huber_2.5,frozen
2013-frenchopen-1407,2013-520,104542,104678,Clay,R16,False,True,0.6356367223683368,81,60,48.38936596948071,16.450350784475713,60,huber_2.5,frozen
2013-frenchopen-1407,2013-520,104678,104542,Clay,R16,False,True,0.5678195518867173,87,49,59.61028726417361,21.404140700022126,49,huber_2.5,frozen
2013-frenchopen-1408,2013-520,104468,103819,Clay,R16,False,True,0.5156137535274498,161,93,110.8942929350408,39.89890623898752,93,huber_2.5,frozen
2013-frenchopen-1408,2013-520,103819,104468,Clay,R16,False,True,0.6891413285296117,117,79,73.8122460148899,25.680815262765663,79,huber_2.5,frozen
2013-frenchopen-1501,2013-520,103163,104925,Clay,QF,False,True,0.5059361870172736,4,2,2.7728706486399037,1.0001409532652161,2,huber_2.5,frozen
2013-frenchopen-1503,2013-520,103990,103970,Clay,QF,False,True,0.5877865983246703,68,31,49.26305271874967,18.050760695436377,31,huber_2.5,frozen
2013-frenchopen-1503,2013-520,103970,103990,Clay,QF,False,True,0.7095798291420402,62,47,34.67126497452,11.516715164013533,47,huber_2.5,frozen
2013-frenchopen-1504,2013-520,104542,103819,Clay,QF,False,True,0.591939072111037,76,56,47.29046346837236,16.33260567053119,56,huber_2.5,frozen
2013-frenchopen-1504,2013-520,103819,104542,Clay,QF,False,True,0.6885869499925518,100,53,74.60687533481915,27.42498207079401,53,huber_2.5,frozen
2013-frenchopen-1601,2013-520,104925,104745,Clay,SF,False,True,0.5938756282193517,175,106,117.41066073240725,41.81881263126013,106,huber_2.5,frozen
2013-frenchopen-1601,2013-520,104745,104925,Clay,SF,False,True,0.5948579464211106,160,108,103.08163716217116,36.12763980029465,108,huber_2.5,frozen
2013-frenchopen-1602,2013-520,103970,104542,Clay,SF,False,True,0.6518908276448386,88,58,56.474108095842745,19.777289295936317,58,huber_2.5,frozen
2013-frenchopen-1602,2013-520,104542,103970,Clay,SF,False,True,0.6031705621719512,103,54,72.58817157138577,26.33049617372452,54,huber_2.5,frozen
2013-frenchopen-1701,2013-520,104745,103970,Clay,F,False,True,0.647990232840122,87,54,57.88468115127492,20.547601594755832,54,huber_2.5,frozen
2013-frenchopen-1701,2013-520,103970,104745,Clay,F,False,True,0.5713376003219929,85,39,60.79716338364038,22.181932725928483,39,huber_2.5,frozen
2013-wimbledon-1101,2013-540,104925,104252,Grass,R128,False,True,0.7077593624784314,87,67,47.76217977993468,15.740573848191374,67,huber_2.5,frozen
2013-wimbledon-1101,2013-540,104252,104925,Grass,R128,False,True,0.5627443732389847,108,66,72.68933312259907,25.919315530564894,66,huber_2.5,frozen
2013-wimbledon-1104,2013-540,105992,104871,Grass,R128,False,True,0.7129350012830508,155,100,102.4790661893544,36.1958287318317,100,huber_2.5,frozen
2013-wimbledon-1104,2013-540,104871,105992,Grass,R128,False,True,0.6791082979522429,119,88,69.28997005147443,23.358321121768736,88,huber_2.5,frozen
2013-wimbledon-1105,2013-540,104468,103852,Grass,R128,False,True,0.6597997023164893,119,76,77.96573295518441,27.515387261948042,76,huber_2.5,frozen
2013-wimbledon-1105,2013-540,103852,104468,Grass,R128,False,True,0.6653216179043117,85,72,43.56850819191699,13.819179718098047,72,huber_2.5,frozen
2013-wimbledon-1108,2013-540,104098,103163,Grass,R128,False,True,0.6356581119047647,95,61,61.96728799610837,21.835527694500094,61,huber_2.5,frozen
2013-wimbledon-1108,2013-540,103163,104098,Grass,R128,False,True,0.7618796583188567,98,74,54.56503147061239,18.126950717294875,74,huber_2.5,frozen
2013-wimbledon-1109,2013-540,104755,104719,Grass,R128,False,True,0.7746377586452282,129,87,84.79824054909558,29.621241764068756,87,huber_2.5,frozen
2013-wimbledon-1109,2013-540,104719,104755,Grass,R128,False,True,0.5914967329911796,146,88,98.1335337520524,34.97735922388126,88,huber_2.5,frozen
2013-wimbledon-1112,2013-540,106071,105023,Grass,R128,False,True,0.6883895531160344,156,106,97.88051332640686,33.9867223263305,106,huber_2.5,frozen
2013-wimbledon-1112,2013-540,105023,106071,Grass,R128,False,True,0.7085334215207991,149,109,86.87002464674127,29.340635910849382,109,huber_2.5,frozen
2013-wimbledon-1116,2013-540,105373,104607,Grass,R128,False,True,0.6199476615143679,97,56,66.4400308178948,23.846366903052726,56,huber_2.5,frozen
2013-wimbledon-1116,2013-540,104607,105373,Grass,R128,False,True,0.7473270600221658,82,64,43.40201930246967,14.138950557755429,64,huber_2.5,frozen
2013-wimbledon-1117,2013-540,103970,104651,Grass,R128,False,False,0.7553651994373923,100,72,59.62356972749829,20.285069733124654,72,huber_2.5,frozen
2013-wimbledon-1117,2013-540,104651,103970,Grass,R128,False,False,0.5662171797353458,110,66,74.28861577116574,26.525540683953732,66,huber_2.5,frozen
2013-wimbledon-1121,2013-540,105683,104122,Grass,R128,False,True,0.6953878397263827,72,58,37.712584525986315,12.151636421771029,58,huber_2.5,frozen
2013-wimbledon-1121,2013-540,104122,105683,Grass,R128,False,True,0.6098698898589232,104,60,71.08667750169802,25.49750660280887,60,huber_2.5,frozen
2013-wimbledon-1124,2013-540,104471,104259,Grass,R128,True,True,0.6137770571345097,155,109,96.96712641984573,33.58855430370526,109,huber_2.5,frozen
2013-wimbledon-1124,2013-540,104259,104471,Grass,R128,True,True,0.7829724905413478,168,112,112.95460936542754,39.60587683741761,112,huber_2.5,frozen
2013-wimbledon-1129,2013-540,105777,104620,Grass,R128,False,True,0.6195690230062885,63,53,35.037257031778466,11.509227340278331,53,huber_2.5,frozen
2013-wimbledon-1129,2013-540,104620,105777,Grass,R128,False,True,0.6617780485076632,86,47,61.68084208441139,22.456579392128205,47,huber_2.5,frozen
2013-wimbledon-1132,2013-540,105077,105223,Grass,R128,False,True,0.5715784361605348,76,39,53.17775022141811,19.2462270394412,39,huber_2.5,frozen
2013-wimbledon-1132,2013-540,105223,105077,Grass,R128,False,True,0.7438116235429328,79,57,46.830675521649276,15.912677690193973,57,huber_2.5,frozen
2013-wimbledon-1133,2013-540,104745,104327,Grass,R128,False,True,0.8002978596560251,119,73,90.36500736868004,32.3732355264521,73,huber_2.5,frozen
2013-wimbledon-1133,2013-540,104327,104745,Grass,R128,False,True,0.5875806621609823,121,81,78.49966683098576,27.587307909931017,81,huber_2.5,frozen
2013-wimbledon-1140,2013-540,103720,104527,Grass,R128,False,True,0.6339896443382743,99,63,64.89389895300518,22.909648857066422,63,huber_2.5,frozen
2013-wimbledon-1140,2013-540,104527,103720,Grass,R128,False,True,0.6894628773229331,105,61,74.13826820366415,26.79823018327604,61,huber_2.5,frozen
2013-wimbledon-1141,2013-540,104597,105132,Grass,R128,False,True,0.7965821073193301,83,72,33.89202616964735,9.959250003224758,72,huber_2.5,frozen
2013-wimbledon-1141,2013-540,105132,104597,Grass,R128,False,True,0.6718992618011462,124,78,82.2804460014415,29.163343792127918,78,huber_2.5,frozen
2013-wimbledon-1144,2013-540,106378,105668,Grass,R128,False,False,0.6417788280122902,90,49,63.822857489944674,23.17488062243015,49,huber_2.5,frozen
2013-wimbledon-1144,2013-540,105668,106378,Grass,R128,False,False,0.7393479896995774,76,57,42.76004689001917,14.258623364581464,57,huber_2.5,frozen
2013-wimbledon-1145,2013-540,104926,103781,Grass,R128,False,True,0.634940772979861,132,73,92.61236423215145,33.51441879031906,73,huber_2.5,frozen
2013-wimbledon-1145,2013-540,103781,104926,Grass,R128,False,True,0.6161243569071692,130,84,84.72382719707524,29.84030705225104,84,huber_2.5,frozen
2013-wimbledon-1147,2013-540,104297,104660,Grass,R128,False,True,0.6647000727165255,42,24,29.471201767730683,10.651096349719657,24,huber_2.5,frozen
2013-wimbledon-1147,2013-540,104660,104297,Grass,R128,False,True,0.6828273305098969,27,24,12.601245146175664,3.813123544389293,24,huber_2.5,frozen
2013-wimbledon-1148,2013-540,103812,103819,Grass,R128,False,True,0.6253481516669246,61,29,45.03021434652875,16.584486161705946,29,huber_2.5,frozen
2013-wimbledon-1148,2013-540,103819,103812,Grass,R128,False,True,0.8486433247130106,56,49,21.258511342304125,6.163901762602293,49,huber_2.5,frozen
2013-wimbledon-1149,2013-540,104542,105676,Grass,R128,False,True,0.7014129814227807,92,69,52.27139090612528,17.46718425042852,69,huber_2.5,frozen
2013-wimbledon-1149,2013-540,105676,104542,Grass,R128,False,True,0.6470218597171079,99,65,63.7052590041444,22.332249645002673,65,huber_2.5,frozen
2013-wimbledon-1156,2013-540,104571,105227,Grass,R128,False,True,0.6223262297798653,71,47,45.6610573581843,15.998919876006202,47,huber_2.5,frozen
2013-wimbledon-1156,2013-540,105227,104571,Grass,R128,False,True,0.6568841145542539,80,61,45.959160949134116,15.379877220679116,61,huber_2.5,frozen
2013-wimbledon-1157,2013-540,104386,104678,Grass,R128,False,True,0.681386800899584,101,68,63.831165805840534,22.22448029411368,68,huber_2.5,frozen
2013-wimbledon-1157,2013-540,104678,104386,Grass,R128,False,True,0.6242148230122766,95,71,56.949213137000726,19.377688932740263,71,huber_2.5,frozen
2013-wimbledon-1160,2013-540,104898,104022,Grass,R128,False,True,0.6130936823001838,123,76,81.81196854164963,29.043475473369107,76,huber_2.5,frozen
2013-wimbledon-1160,2013-540,104022,104898,Grass,R128,False,True,0.6271426769737122,92,70,54.364992426963255,18.384355453601653,70,huber_2.5,frozen
2013-wimbledon-1163,2013-540,104868,104229,Grass,R128,False,True,0.6672508504858297,168,112,106.93450934937488,37.33339066681674,112,huber_2.5,frozen
2013-wimbledon-1163,2013-540,104229,104868,Grass,R128,False,True,0.5919169669452004,169,116,108.33219833037364,37.887066251748834,116,huber_2.5,frozen
2013-wimbledon-1164,2013-540,103794,104918,Grass,R128,False,True,0.5337192449276841,79,43,54.465893997091165,19.60378729630717,43,huber_2.5,frozen
2013-wimbledon-1164,2013-540,104918,103794,Grass,R128,False,True,0.7337011878860162,86,59,53.994231285190736,18.718559076510296,59,huber_2.5,frozen
2013-wimbledon-1201,2013-540,104925,104035,Grass,R64,False,True,0.7919336665259189,73,61,33.068716419036306,10.166694732772424,61,huber_2.5,frozen
2013-wimbledon-1201,2013-540,104035,104925,Grass,R64,False,True,0.5674074454245603,121,68,82.94590491272317,29.78868372617007,68,huber_2.5,frozen
2013-wimbledon-1204,2013-540,104499,103163,Grass,R64,False,True,0.6104854607519435,89,52,60.54764284977992,21.67914438506451,52,huber_2.5,frozen
2013-wimbledon-1204,2013-540,103163,104499,Grass,R64,False,True,0.6838959199361894,74,61,38.14881052353753,12.175506336382035,61,huber_2.5,frozen
2013-wimbledon-1205,2013-540,104755,104424,Grass,R64,False,True,0.7024699864255824,107,70,69.57356859000433,24.454858656095563,70,huber_2.5,frozen
2013-wimbledon-1205,2013-540,104424,104755,Grass,R64,False,True,0.6234356868773397,124,65,88.33644765141884,32.148695609301164,65,huber_2.5,frozen
2013-wimbledon-1206,2013-540,103484,106071,Grass,R64,False,True,0.6276572063321689,94,53,65.19089368792515,23.499971582896162,53,huber_2.5,frozen
2013-wimbledon-1206,2013-540,106071,103484,Grass,R64,False,True,0.6737777455245971,99,67,62.30092721686304,21.65745068576065,67,huber_2.5,frozen
2013-wimbledon-1208,2013-540,104978,104607,Grass,R64,False,True,0.6506840465452465,101,64,66.41859262592428,23.474804613486597,64,huber_2.5,frozen
2013-wimbledon-1208,2013-540,104607,104978,Grass,R64,False,True,0.8107450470629124,81,66,38.8168116651357,12.22356382599613,66,huber_2.5,frozen
2013-wimbledon-1209,2013-540,103970,105138,Grass,R64,False,False,0.7553651994373923,131,86,87.48713430860303,30.822718269031505,86,huber_2.5,frozen
2013-wimbledon-1209,2013-540,105138,103970,Grass,R64,False,False,0.5662171797353458,142,87,95.4202687546435,34.003679763147574,87,huber_2.5,frozen
2013-wimbledon-1210,2013-540,105053,105238,Grass,R64,False,True,0.6682759291422872,102,59,71.22861926892588,25.69589754325081,59,huber_2.5,frozen
2013-wimbledon-1210,2013-540,105238,105053,Grass,R64,False,True,0.68719947998226,76,60,41.10287362754627,13.42653992400833,60,huber_2.5,frozen
2013-wimbledon-1211,2013-540,105683,104997,Grass,R64,False,True,0.7959861665392126,109,74,72.51969860103213,25.255790880271764,74,huber_2.5,frozen
2013-wimbledon-1211,2013-540,104997,105683,Grass,R64,False,True,0.7153795972545336,94,75,48.996027121082136,15.799249419617478,75,huber_2.5,frozen
2013-wimbledon-1213,2013-540,105453,104919,Grass,R64,False,True,0.704967110810949,106,70,68.41635284419465,23.984338982931646,70,huber_2.5,frozen
2013-wimbledon-1213,2013-540,104919,105453,Grass,R64,False,True,0.6544071752321492,106,59,74.95472440519589,27.1743209281104,59,huber_2.5,frozen
2013-wimbledon-1215,2013-540,105777,104813,Grass,R64,False,True,0.6843429089724145,190,136,113.85161321554384,38.84052000106027,136,huber_2.5,frozen
2013-wimbledon-1215,2013-540,104813,105777,Grass,R64,False,True,0.6612556334614915,188,131,115.88657932583712,39.9557184365862,131,huber_2.5,frozen
2013-wimbledon-1216,2013-540,105028,105223,Grass,R64,False,True,0.6179452882890812,100,57,68.81148789509646,24.73987506691231,57,huber_2.5,frozen
2013-wimbledon-1216,2013-540,105223,105028,Grass,R64,False,True,0.7458946828271785,86,62,51.05674872461914,17.355922826237588,62,huber_2.5,frozen
2013-wimbledon-1219,2013-540,104545,105173,Grass,R64,True,True,0.7839919826679326,5,5,1.2167824243643928,0.2332973177586537,5,huber_2.5,frozen
2013-wimbledon-1219,2013-540,105173,104545,Grass,R64,True,True,0.6808924291396655,5,4,2.679630802140312,0.8709330671812481,4,huber_2.5,frozen
2013-wimbledon-1220,2013-540,104460,103720,Grass,R64,False,True,0.7107563488976762,146,96,94.80115033176679,33.29027078640603,96,huber_2.5,frozen
2013-wimbledon-1220,2013-540,103720,104460,Grass,R64,False,True,0.6998924103003707,130,81,87.88021865919735,31.297849710828064,81,huber_2.5,frozen
2013-wimbledon-1221,2013-540,104597,105558,Grass,R64,False,True,0.7862856427268945,125,91,74.34550546714546,25.1766520185109,91,huber_2.5,frozen
2013-wimbledon-1221,2013-540,105558,104597,Grass,R64,False,True,0.6356436133546965,123,81,79.10665341203214,27.7229994299688,81,huber_2.5,frozen
2013-wimbledon-1222,2013-540,103285,105668,Grass,R64,True,True,0.646619078688564,65,36,45.861977179502105,16.620981474486467,36,huber_2.5,frozen
2013-wimbledon-1222,2013-540,105668,103285,Grass,R64,True,True,0.6985683064347102,42,33,22.630742985924194,7.390394283021611,33,huber_2.5,frozen
2013-wimbledon-1224,2013-540,104660,103819,Grass,R64,False,True,0.4753693643156243,165,119,118.16871449064995,43.14813666030514,46,huber_2.5,frozen
2013-wimbledon-1224,2013-540,103819,104660,Grass,R64,False,True,0.7855229321327205,158,115,93.96240276065107,31.82303736068337,115,huber_2.5,frozen
2013-wimbledon-1225,2013-540,104542,105208,Grass,R64,True,True,0.7010509563644743,84,53,56.25620571714366,19.972283872607424,53,huber_2.5,frozen
2013-wimbledon-1225,2013-540,105208,104542,Grass,R64,True,True,0.6765704274236244,85,57,53.8766366913998,18.779512451162613,57,huber_2.5,frozen
2013-wimbledon-1226,2013-540,104269,103898,Grass,R64,False,True,0.6788479956229063,97,75,54.04034926509726,17.873756969204084,75,huber_2.5,frozen
2013-wimbledon-1226,2013-540,103898,104269,Grass,R64,False,True,0.6792366487328907,126,79,83.99749686088543,29.8122750479212,79,huber_2.5,frozen
2013-wimbledon-1227,2013-540,104338,104330,Grass,R64,False,False,0.6738383612432338,102,78,57.680364027846565,19.195145628518148,78,huber_2.5,frozen
2013-wimbledon-1227,2013-540,104330,104338,Grass,R64,False,False,0.6099295099822485,133,79,89.89564086394671,32.10900037338045,79,huber_2.5,frozen
2013-wimbledon-1230,2013-540,105577,104022,Grass,R64,False,False,0.5971191114556746,158,108,101.14469236429211,35.357366781541344,108,huber_2.5,frozen
2013-wimbledon-1230,2013-540,104022,105577,Grass,R64,False,False,0.6844789962477187,163,115,98.96563300928018,33.937204760623075,115,huber_2.5,frozen
2013-wimbledon-1231,2013-540,103990,103917,Grass,R64,False,True,0.7119097183361703,100,80,52.07396145538455,16.775989772361285,80,huber_2.5,frozen
2013-wimbledon-1231,2013-540,103917,103990,Grass,R64,False,True,0.6595966018652587,94,66,57.63784063577478,19.82961020985233,66,huber_2.5,frozen
2013-wimbledon-1232,2013-540,104229,104918,Grass,R64,False,True,0.5193251816345963,108,62,74.32190972092928,26.731131059529154,62,huber_2.5,frozen
2013-wimbledon-1232,2013-540,104918,104229,Grass,R64,False,True,0.7340172508354808,82,64,43.62808473239316,14.225860504032784,64,huber_2.5,frozen
2013-wimbledon-1301,2013-540,104925,104871,Grass,R32,False,True,0.7836623329505474,58,52,21.86189546850664,6.118463194101757,52,huber_2.5,frozen
2013-wimbledon-1301,2013-540,104871,104925,Grass,R32,False,True,0.560295678303339,89,47,61.73607648071488,22.272087233646623,47,huber_2.5,frozen
2013-wimbledon-1302,2013-540,103852,103163,Grass,R32,False,True,0.6775435334193687,125,78,83.5579503838243,29.68636374637888,78,huber_2.5,frozen
2013-wimbledon-1302,2013-540,103163,103852,Grass,R32,False,True,0.6906367565758484,111,81,65.17861740033206,22.06152881294301,81,huber_2.5,frozen
2013-wimbledon-1303,2013-540,104755,106071,Grass,R32,False,True,0.7142302532554832,141,110,75.85012244413318,24.79694879161392,110,huber_2.5,frozen
2013-wimbledon-1303,2013-540,106071,104755,Grass,R32,False,True,0.6243390827770812,166,116,103.59657005108792,35.860014982683055,116,huber_2.5,frozen
2013-wimbledon-1304,2013-540,104731,104607,Grass,R32,False,True,0.6555648594672144,121,78,78.76765419652958,27.733481404275047,78,huber_2.5,frozen
2013-wimbledon-1304,2013-540,104607,104731,Grass,R32,False,True,0.7374111002831234,124,81,82.17150925581021,28.967517975909075,81,huber_2.5,frozen
2013-wimbledon-1305,2013-540,103970,105238,Grass,R32,False,True,0.710097859975546,144,98,90.5082893868393,31.431231231619407,98,huber_2.5,frozen
2013-wimbledon-1305,2013-540,105238,103970,Grass,R32,False,True,0.6384949753128413,187,109,128.26530892193227,46.043476246253064,109,huber_2.5,frozen
2013-wimbledon-1306,2013-540,104997,104471,Grass,R32,True,True,0.77463250248085,42,16,42.82645989819398,16.41409150440205,16,huber_2.5,frozen
2013-wimbledon-1306,2013-540,104471,104997,Grass,R32,True,True,0.7056882029034731,36,29,18.670680336519034,5.997934461415364,29,huber_2.5,frozen
2013-wimbledon-1308,2013-540,104813,105223,Grass,R32,False,True,0.6254299189915218,101,64,66.36934907067901,23.452391309629103,64,huber_2.5,frozen
2013-wimbledon-1308,2013-540,105223,104813,Grass,R32,False,True,0.7544626797272901,89,67,49.77195336357336,16.562041140557362,67,huber_2.5,frozen
2013-wimbledon-1309,2013-540,103997,105332,Grass,R32,False,True,0.6158985067047604,88,58,56.81649294606093,19.936898631629326,58,huber_2.5,frozen
2013-wimbledon-1309,2013-540,105332,103997,Grass,R32,False,True,0.579168182773178,77,40,53.87080923712712,19.49510074127823,40,huber_2.5,frozen
2013-wimbledon-1311,2013-540,104597,105668,Grass,R32,False,True,0.7306839740377481,107,66,74.495759983287,26.676915907986082,66,huber_2.5,frozen
2013-wimbledon-1311,2013-540,105668,104597,Grass,R32,False,True,0.7147219312074595,87,68,46.67012390845174,15.239804544341588,68,huber_2.5,frozen
2013-wimbledon-1312,2013-540,103781,104660,Grass,R32,False,True,0.6744256087636218,110,70,72.45914498233523,25.61390396627295,70,huber_2.5,frozen
2013-wimbledon-1312,2013-540,104660,103781,Grass,R32,False,True,0.5373709282497396,107,66,72.59441812945272,25.965161525528956,66,huber_2.5,frozen
2013-wimbledon-1313,2013-540,105208,104269,Grass,R32,False,True,0.7195954851153691,82,49,58.08446324119076,20.94069075896455,49,huber_2.5,frozen
2013-wimbledon-1313,2013-540,104269,105208,Grass,R32,False,True,0.6615996641497781,75,58,42.37942548790681,14.082997628858179,58,huber_2.5,frozen
2013-wimbledon-1314,2013-540,104338,104932,Grass,R32,False,True,0.695138600909922,109,69,72.60735929446726,25.741599592206178,69,huber_2.5,frozen
2013-wimbledon-1314,2013-540,104932,104338,Grass,R32,False,True,0.6735829629130256,108,74,67.30636571323585,23.310834344954777,74,huber_2.5,frozen
2013-wimbledon-1315,2013-540,104678,104022,Grass,R32,False,True,0.6172343528667271,96,58,64.47800689757679,22.974726717905163,58,huber_2.5,frozen
2013-wimbledon-1315,2013-540,104022,104678,Grass,R32,False,True,0.6200981034751646,90,65,55.25809849897786,18.994195762243237,65,huber_2.5,frozen
2013-wimbledon-1316,2013-540,103990,104918,Grass,R32,False,True,0.6034580818599824,100,59,67.72355770248683,24.208111996735,59,huber_2.5,frozen
2013-wimbledon-1316,2013-540,104918,103990,Grass,R32,False,True,0.7360131145050908,80,60,45.027557571965175,15.015650637267814,60,huber_2.5,frozen
2013-wimbledon-1401,2013-540,104925,103163,Grass,R16,False,True,0.7278862366872763,89,61,55.81722266259411,19.351714370882434,61,huber_2.5,frozen
2013-wimbledon-1401,2013-540,103163,104925,Grass,R16,False,True,0.5571535808725232,107,57,74.06673049448878,26.699443837193407,57,huber_2.5,frozen
2013-wimbledon-1402,2013-540,106071,104607,Grass,R16,False,True,0.6221006094008331,170,104,113.59035913992705,40.39463184149766,104,huber_2.5,frozen
2013-wimbledon-1402,2013-540,104607,106071,Grass,R16,False,True,0.7272682836844759,139,98,84.47899876031141,28.975179144860228,98,huber_2.5,frozen
2013-wimbledon-1403,2013-540,103970,104471,Grass,R16,False,True,0.8052217513748884,125,91,75.33439988505188,25.497399860675635,91,huber_2.5,frozen
2013-wimbledon-1403,2013-540,104471,103970,Grass,R16,False,True,0.5525442852949243,148,89,100.24321555891123,35.83228492489112,89,huber_2.5,frozen
2013-wimbledon-1404,2013-540,104312,105223,Grass,R16,False,True,0.6445824041098461,107,65,71.99231736205806,25.661340364339104,65,huber_2.5,frozen
2013-wimbledon-1404,2013-540,105223,104312,Grass,R16,False,True,0.7076191366389377,102,73,60.90823890298821,20.761539989553924,73,huber_2.5,frozen
2013-wimbledon-1406,2013-540,105668,103781,Grass,R16,False,True,0.6946588459248727,148,104,90.08910594193678,30.92849505643453,104,huber_2.5,frozen
2013-wimbledon-1406,2013-540,103781,105668,Grass,R16,False,True,0.649792645637016,150,104,93.09917877334557,32.17770205609357,104,huber_2.5,frozen
2013-wimbledon-1407,2013-540,104269,104932,Grass,R16,False,True,0.7238412724530328,77,60,41.26623999352276,13.48290375903084,60,huber_2.5,frozen
2013-wimbledon-1407,2013-540,104932,104269,Grass,R16,False,True,0.7060554305235376,96,58,66.71340341009287,23.95494007256033,58,huber_2.5,frozen
2013-wimbledon-1408,2013-540,104022,104918,Grass,R16,False,True,0.5526496734399755,93,52,63.81855474947966,22.928648486700524,52,huber_2.5,frozen
2013-wimbledon-1408,2013-540,104918,104022,Grass,R16,False,True,0.680997252820695,108,71,69.55254337065217,24.384174001189336,71,huber_2.5,frozen
2013-wimbledon-1501,2013-540,104925,104607,Grass,QF,False,True,0.7110769060388532,89,63,53.762868573410174,18.405412439963634,63,huber_2.5,frozen
2013-wimbledon-1501,2013-540,104607,104925,Grass,QF,False,True,0.619226056040834,99,60,66.41351935779534,23.65352321460864,60,huber_2.5,frozen
2013-wimbledon-1502,2013-540,103970,105223,Grass,QF,False,True,0.7003856121854752,103,62,71.49532091419871,25.67780468191263,62,huber_2.5,frozen
2013-wimbledon-1502,2013-540,105223,103970,Grass,QF,False,True,0.6617032297344131,87,66,50.01438247682924,16.748224964020423,66,huber_2.5,frozen
2013-wimbledon-1503,2013-540,103997,105668,Grass,QF,False,True,0.6447084238634925,100,64,65.34664918104258,23.042216925527832,64,huber_2.5,frozen
2013-wimbledon-1503,2013-540,105668,103997,Grass,QF,False,True,0.6842590460458855,103,75,60.735731999102185,20.586818628966576,75,huber_2.5,frozen
2013-wimbledon-1504,2013-540,104269,104918,Grass,QF,False,True,0.574904252826875,148,92,98.83145022236062,35.133822667782255,92,huber_2.5,frozen
2013-wimbledon-1504,2013-540,104918,104269,Grass,QF,False,True,0.7238751904307383,135,95,82.1740398605148,28.203078146513302,95,huber_2.5,frozen
2013-wimbledon-1601,2013-540,104925,105223,Grass,SF,False,True,0.7194700965880685,177,123,109.13460614964693,37.63214415888184,123,huber_2.5,frozen
2013-wimbledon-1601,2013-540,105223,104925,Grass,SF,False,True,0.6093930877259778,191,124,124.3997664483227,43.800261899283946,124,huber_2.5,frozen
2013-wimbledon-1602,2013-540,105668,104918,Grass,SF,False,True,0.617637370303859,130,81,86.13806121367614,30.53461576623745,81,huber_2.5,frozen
2013-wimbledon-1602,2013-540,104918,105668,Grass,SF,False,True,0.7207079630000073,113,84,64.50120871612746,21.61551859227182,84,huber_2.5,frozen
2013-wimbledon-1701,2013-540,104925,104918,Grass,F,False,True,0.6586051088011651,105,55,76.7054850105251,28.09831041246626,55,huber_2.5,frozen
2013-wimbledon-1701,2013-540,104918,104925,Grass,F,False,True,0.5999327239422746,105,64,70.26104122695563,25.000135027352584,64,huber_2.5,frozen
2013-usopen-1101,2013-560,104925,105575,Hard,R128,False,True,0.6853872138640772,73,50,45.486057109035144,15.753439817362729,50,huber_2.5,frozen
2013-usopen-1101,2013-560,105575,104925,Hard,R128,False,True,0.4965191285597151,68,27,47.038190182444126,16.95209171952291,41,huber_2.5,frozen
2013-usopen-1105,2013-560,105332,104166,Hard,R128,False,True,0.5707147281553253,178,112,118.62878736789024,42.137224459353554,112,huber_2.5,frozen
2013-usopen-1105,2013-560,104166,105332,Hard,R128,False,True,0.5430016862890222,194,115,132.08689882046434,47.3106734281929,115,huber_2.5,frozen
2013-usopen-1106,2013-560,105065,105902,Hard,R128,False,True,0.5954771786029104,109,68,72.35760268945282,25.66574836582437,68,huber_2.5,frozen
2013-usopen-1106,2013-560,105902,105065,Hard,R128,False,True,0.7230128688407707,139,73,108.40572211380679,40.102038732048726,73,huber_2.5,frozen
2013-usopen-1108,2013-560,104330,104926,Hard,R128,False,False,0.5645866874036474,71,50,46.04371776954727,16.173158318768355,50,huber_2.5,frozen
2013-usopen-1108,2013-560,104926,104330,Hard,R128,False,False,0.6446870868276074,74,34,56.31592465238517,20.91726464997046,34,huber_2.5,frozen
2013-usopen-1109,2013-560,103163,103908,Hard,R128,False,True,0.6472861866596779,71,53,41.811006943527445,14.135202142344488,53,huber_2.5,frozen
2013-usopen-1109,2013-560,103908,103163,Hard,R128,False,True,0.5885925180214336,81,45,55.82511211441045,20.088406712006716,45,huber_2.5,frozen
2013-usopen-1115,2013-560,103720,104548,Hard,R128,False,True,0.6380045653990675,117,67,80.9166432127339,29.13221781652116,67,huber_2.5,frozen
2013-usopen-1115,2013-560,104548,103720,Hard,R128,False,True,0.6278394502453167,122,60,89.21090367254584,32.749515755251664,60,huber_2.5,frozen
2013-usopen-1116,2013-560,104198,105223,Hard,R128,False,True,0.56878488614419,172,102,116.43417782899613,41.612677660027416,102,huber_2.5,frozen
2013-usopen-1116,2013-560,105223,104198,Hard,R128,False,True,0.7233887736987298,124,93,69.95359897781839,23.337811513291918,93,huber_2.5,frozen
2013-usopen-1117,2013-560,104918,103566,Hard,R128,False,True,0.696286058423365,69,51,39.91177172002993,13.431007026494221,51,huber_2.5,frozen
2013-usopen-1117,2013-560,103566,104918,Hard,R128,False,True,0.518768648025786,83,43,57.47706791453463,20.722931814266058,43,huber_2.5,frozen
2013-usopen-1119,2013-560,105385,105373,Hard,R128,False,True,0.5834092257210307,74,49,48.295726381849065,17.01300390391352,49,huber_2.5,frozen
2013-usopen-1119,2013-560,105373,105385,Hard,R128,False,True,0.6204270286640254,57,20,45.38915710075739,17.123911633560652,20,huber_2.5,frozen
2013-usopen-1122,2013-560,105041,104500,Hard,R128,False,True,0.6243289217217716,137,77,95.01547932925159,34.25411059711016,77,huber_2.5,frozen
2013-usopen-1122,2013-560,104500,105041,Hard,R128,False,True,0.646677863723482,147,91,97.92854103075173,34.77889093853133,91,huber_2.5,frozen
2013-usopen-1123,2013-560,104735,105449,Hard,R128,False,True,0.6557050003723027,135,94,83.38867657290757,28.77058134429469,94,huber_2.5,frozen
2013-usopen-1123,2013-560,105449,104735,Hard,R128,False,True,0.5805179163025852,159,96,106.93839416572786,38.1237272024826,96,huber_2.5,frozen
2013-usopen-1125,2013-560,104527,103285,Hard,R128,False,True,0.6411966392406091,94,59,62.09505425372283,21.985310805912597,59,huber_2.5,frozen
2013-usopen-1125,2013-560,103285,104527,Hard,R128,False,True,0.553243829118868,97,53,66.82635379857126,24.045791355836393,53,huber_2.5,frozen
2013-usopen-1126,2013-560,103484,103333,Hard,R128,False,True,0.6289459244143911,166,118,102.30533820443658,35.23387582722421,118,huber_2.5,frozen
2013-usopen-1126,2013-560,103333,103484,Hard,R128,False,True,0.7119024267780606,171,119,105.14963087876274,36.2308885849977,119,huber_2.5,frozen
2013-usopen-1127,2013-560,104571,104424,Hard,R128,False,True,0.6078125534278602,72,54,43.73426894314563,14.955643437314768,54,huber_2.5,frozen
2013-usopen-1127,2013-560,104424,104571,Hard,R128,False,True,0.5882056049592905,80,45,54.933630913274655,19.740362250105846,45,huber_2.5,frozen
2013-usopen-1128,2013-560,104978,104731,Hard,R128,False,True,0.6595240334266713,119,78,76.6403158006928,26.875912914858098,78,huber_2.5,frozen
2013-usopen-1128,2013-560,104731,104978,Hard,R128,False,True,0.7511996464035192,120,85,73.00578224461205,25.012169162214413,85,huber_2.5,frozen
2013-usopen-1132,2013-560,103893,104607,Hard,R128,False,True,0.47513484946478646,85,38,58.57480518068192,21.07876708062988,47,huber_2.5,frozen
2013-usopen-1132,2013-560,104607,103893,Hard,R128,False,True,0.6757347357907622,70,46,45.05855655582716,15.795624628044662,46,huber_2.5,frozen
2013-usopen-1133,2013-560,104755,103188,Hard,R128,False,True,0.67350276023005,90,61,56.57173401763865,19.65720037530856,61,huber_2.5,frozen
2013-usopen-1133,2013-560,103188,104755,Hard,R128,False,True,0.5413734859525421,99,54,68.21523658722208,24.547103395073776,54,huber_2.5,frozen
2013-usopen-1138,2013-560,104932,105614,Hard,R128,False,True,0.6587949950288685,158,105,100.81040729131749,35.226764629001345,105,huber_2.5,frozen
2013-usopen-1138,2013-560,105614,104932,Hard,R128,False,True,0.6524058923891296,126,98,71.44281633463677,23.758259593161725,98,huber_2.5,frozen
2013-usopen-1140,2013-560,105341,105683,Hard,R128,False,False,0.6199199974468576,109,63,74.62356698339168,26.77886787425774,63,huber_2.5,frozen
2013-usopen-1140,2013-560,105683,105341,Hard,R128,False,False,0.7194569446391115,94,70,53.552775355971804,17.93214749833227,70,huber_2.5,frozen
2013-usopen-1141,2013-560,105668,104216,Hard,R128,False,False,0.7035551906964431,110,57,84.48410395338658,31.243597959755416,57,huber_2.5,frozen
2013-usopen-1141,2013-560,104216,105668,Hard,R128,False,False,0.5998393867045985,93,58,61.699538981748326,21.88070909758642,58,huber_2.5,frozen
2013-usopen-1142,2013-560,106058,104332,Hard,R128,True,True,0.6468414169645963,100,65,64.7468505512521,22.750997664679154,65,huber_2.5,frozen
2013-usopen-1142,2013-560,104332,106058,Hard,R128,True,True,0.6485147278879287,91,56,60.84751303306594,21.638343534719418,56,huber_2.5,frozen
2013-usopen-1144,2013-560,104655,104386,Hard,R128,True,False,0.5609034607131972,97,63,64.41023118715295,22.843595097421144,63,huber_2.5,frozen
2013-usopen-1144,2013-560,104386,104655,Hard,R128,True,False,0.7039800479655763,89,70,47.699608499611145,15.550117090911062,70,huber_2.5,frozen
2013-usopen-1148,2013-560,106401,103970,Hard,R128,False,False,0.5220198738871596,95,53,65.45644704994685,23.553844497611856,53,huber_2.5,frozen
2013-usopen-1148,2013-560,103970,106401,Hard,R128,False,False,0.7209417168411643,83,61,48.03837748578779,16.184938149174453,61,huber_2.5,frozen
2013-usopen-1149,2013-560,103819,104813,Hard,R128,False,True,0.7585435161048979,80,62,42.71320509022428,13.97166526897518,62,huber_2.5,frozen
2013-usopen-1149,2013-560,104813,103819,Hard,R128,False,True,0.5358649359818837,88,47,60.79280433190736,21.89800422381134,47,huber_2.5,frozen
2013-usopen-1150,2013-560,105053,104122,Hard,R128,False,True,0.6127863152009214,165,93,113.85778414151883,40.98041160871991,93,huber_2.5,frozen
2013-usopen-1150,2013-560,104122,105053,Hard,R128,False,True,0.5213911943894779,144,91,98.31837497268587,35.25302659362665,91,huber_2.5,frozen
2013-usopen-1152,2013-560,105550,105023,Hard,R128,False,False,0.6189277362688831,144,85,97.70138318606112,34.944586986390945,85,huber_2.5,frozen
2013-usopen-1152,2013-560,105023,105550,Hard,R128,False,False,0.7034570177514047,118,86,69.14839055355664,23.397902493955005,86,huber_2.5,frozen
2013-usopen-1153,2013-560,103990,104594,Hard,R128,False,True,0.6619660016228375,127,79,84.65196791176483,30.060643131266538,79,huber_2.5,frozen
2013-usopen-1153,2013-560,104594,103990,Hard,R128,False,True,0.6470826426622406,130,71,92.3547300131923,33.547337778479196,71,huber_2.5,frozen
2013-usopen-1155,2013-560,105077,106071,Hard,R128,False,True,0.5583472070647338,192,118,129.24247638058142,46.08636703102466,118,huber_2.5,frozen
2013-usopen-1155,2013-560,106071,105077,Hard,R128,False,True,0.6484930944193964,146,99,92.01700678767476,31.997688157367563,99,huber_2.5,frozen
2013-usopen-1156,2013-560,105554,105453,Hard,R128,False,False,0.5611233859221432,95,60,63.49266133907847,22.57684184107221,60,huber_2.5,frozen
2013-usopen-1156,2013-560,105453,105554,Hard,R128,False,False,0.6583708814002065,87,45,63.918650874355556,23.45696359436599,45,huber_2.5,frozen
2013-usopen-1157,2013-560,104545,103835,Hard,R128,False,True,0.7744835794464339,70,53,38.86377667709826,12.892477616929256,53,huber_2.5,frozen
2013-usopen-1157,2013-560,103835,104545,Hard,R128,False,True,0.6382537728907008,62,28,47.14416038867253,17.51459719189204,28,huber_2.5,frozen
2013-usopen-1158,2013-560,104494,104792,Hard,R128,False,True,0.6242099483160513,70,26,55.31686654847933,20.815746857936247,26,huber_2.5,frozen
2013-usopen-1158,2013-560,104792,104494,Hard,R128,False,True,0.622319614826486,49,37,29.233638111414827,9.925151949731545,37,huber_2.5,frozen
2013-usopen-1160,2013-560,123768,104259,Hard,R128,False,False,0.5842870723822191,74,35,53.040352968412776,19.36286727176552,35,huber_2.5,frozen
2013-usopen-1160,2013-560,104259,123768,Hard,R128,False,False,0.6927388604350305,62,47,34.95466138448974,11.635549102030263,47,huber_2.5,frozen
2013-usopen-1161,2013-560,104269,104471,Hard,R128,False,True,0.7268032187210054,132,81,92.02277020028394,32.98594384130132,81,huber_2.5,frozen
2013-usopen-1161,2013-560,104471,104269,Hard,R128,False,True,0.5902764184609942,157,94,105.76661841284286,37.73095460934187,94,huber_2.5,frozen
2013-usopen-1164,2013-560,105992,104745,Hard,R128,False,True,0.5075317088742334,92,51,63.629333925051654,22.929901762005755,51,huber_2.5,frozen
2013-usopen-1164,2013-560,104745,105992,Hard,R128,False,True,0.7148331044299565,71,53,40.37667983649109,13.507723000841416,53,huber_2.5,frozen
2013-usopen-1201,2013-560,104925,103794,Hard,R64,False,True,0.7314031480682803,80,59,46.06005569755392,15.490473728278186,59,huber_2.5,frozen
2013-usopen-1201,2013-560,103794,104925,Hard,R64,False,True,0.46790742079824965,95,52,66.62353541505183,24.136676908598712,43,huber_2.5,frozen
2013-usopen-1203,2013-560,104166,105065,Hard,R64,False,True,0.6524544663769435,187,117,123.94080062809243,43.93096220780175,117,huber_2.5,frozen
2013-usopen-1203,2013-560,105065,104166,Hard,R64,False,True,0.5574702504823555,155,99,103.50413263383994,36.79071783128694,99,huber_2.5,frozen
2013-usopen-1204,2013-560,104719,104330,Hard,R64,False,False,0.622891833578235,130,91,81.11150368406274,28.072937012760462,91,huber_2.5,frozen
2013-usopen-1204,2013-560,104330,104719,Hard,R64,False,False,0.6626697788332186,142,88,94.89152554976009,33.72675440595262,88,huber_2.5,frozen
2013-usopen-1205,2013-560,103163,104229,Hard,R64,False,True,0.6595382013503961,115,71,76.95919571970902,27.36949889790305,71,huber_2.5,frozen
2013-usopen-1205,2013-560,104229,103163,Hard,R64,False,True,0.556231686248186,104,57,71.61978649464149,25.766531401502842,57,huber_2.5,frozen
2013-usopen-1208,2013-560,103720,105223,Hard,R64,False,True,0.6012059521670482,149,94,98.39092488438459,34.82912193383691,94,huber_2.5,frozen
2013-usopen-1208,2013-560,105223,103720,Hard,R64,False,True,0.6795064140284893,162,96,112.19424520140623,40.33486111287885,96,huber_2.5,frozen
2013-usopen-1209,2013-560,104918,104919,Hard,R64,False,True,0.7134080679823391,107,76,64.4059023204363,22.01973831314989,76,huber_2.5,frozen
2013-usopen-1209,2013-560,104919,104918,Hard,R64,False,True,0.5403583253274206,97,56,66.33890697500283,23.80261817914238,56,huber_2.5,frozen
2013-usopen-1210,2013-560,105385,104252,Hard,R64,False,True,0.5128512087503646,119,62,82.39529362667938,29.705397230643285,62,huber_2.5,frozen
2013-usopen-1210,2013-560,104252,105385,Hard,R64,False,True,0.641805727774518,116,69,78.8533538363734,28.212902262801244,69,huber_2.5,frozen
2013-usopen-1211,2013-560,104312,104500,Hard,R64,False,True,0.6567639675309195,124,75,83.92980315545654,29.971429592184457,75,huber_2.5,frozen
2013-usopen-1211,2013-560,104500,104312,Hard,R64,False,True,0.5491832509339942,113,65,77.1973301631791,27.687230849607396,65,huber_2.5,frozen
2013-usopen-1213,2013-560,104527,103333,Hard,R64,False,True,0.6926696874573796,101,76,57.40315898168715,19.173128394631,76,huber_2.5,frozen
2013-usopen-1213,2013-560,103333,104527,Hard,R64,False,True,0.6636471851472973,108,73,68.06614904290028,23.67369029471915,73,huber_2.5,frozen
2013-usopen-1214,2013-560,104571,104731,Hard,R64,False,True,0.6333944843662198,63,48,36.97180241367674,12.469009588852515,48,huber_2.5,frozen
2013-usopen-1214,2013-560,104731,104571,Hard,R64,False,True,0.6237556541291722,72,38,51.171430235416544,18.60769064236694,38,huber_2.5,frozen
2013-usopen-1215,2013-560,103898,104871,Hard,R64,False,True,0.6745359263204196,91,57,60.60773811276819,21.507787546094303,57,huber_2.5,frozen
2013-usopen-1215,2013-560,104871,103898,Hard,R64,False,True,0.6447384311365943,83,42,60.86518308942458,22.344046285037663,42,huber_2.5,frozen
2013-usopen-1216,2013-560,106045,104607,Hard,R64,False,False,0.5475737234447194,139,75,95.92971192148431,34.541282065680946,75,huber_2.5,frozen
2013-usopen-1216,2013-560,104607,106045,Hard,R64,False,False,0.7223903330627947,116,77,75.01963359730277,26.286232731428367,77,huber_2.5,frozen
2013-usopen-1217,2013-560,104755,103565,Hard,R64,False,True,0.6931251809015362,115,72,77.18777641857037,27.438563336154328,72,huber_2.5,frozen
2013-usopen-1217,2013-560,103565,104755,Hard,R64,False,True,0.5323909928087492,94,54,64.44527545633886,23.145148683700334,54,huber_2.5,frozen
2013-usopen-1219,2013-560,103852,105614,Hard,R64,False,True,0.6616243254734637,150,97,97.49728721940998,34.30689306688041,97,huber_2.5,frozen
2013-usopen-1219,2013-560,105614,103852,Hard,R64,False,True,0.6120820150025109,131,87,84.37364146386716,29.576144884292052,87,huber_2.5,frozen
2013-usopen-1220,2013-560,104665,105683,Hard,R64,False,True,0.6211715628631695,95,49,67.98215540570493,24.78132733784728,49,huber_2.5,frozen
2013-usopen-1220,2013-560,105683,104665,Hard,R64,False,True,0.7008901343928182,86,56,56.11096123472499,19.74754527007408,56,huber_2.5,frozen
2013-usopen-1221,2013-560,104216,106058,Hard,R64,False,False,0.6168896543251142,105,68,68.34741993850545,24.061055801187152,68,huber_2.5,frozen
2013-usopen-1221,2013-560,106058,104216,Hard,R64,False,False,0.6746921415394067,115,79,71.51380189755139,24.74773251010228,79,huber_2.5,frozen
2013-usopen-1224,2013-560,105138,103970,Hard,R64,False,False,0.5220198738871596,120,62,83.11787161553534,29.97010548597213,62,huber_2.5,frozen
2013-usopen-1224,2013-560,103970,105138,Hard,R64,False,False,0.7209417168411643,119,77,78.80022156549153,27.826053737205072,77,huber_2.5,frozen
2013-usopen-1225,2013-560,103819,104122,Hard,R64,False,True,0.6943768016725154,69,49,41.580331948529704,14.220054282459163,49,huber_2.5,frozen
2013-usopen-1225,2013-560,104122,103819,Hard,R64,False,True,0.4552921546211465,83,38,57.23676290572175,20.602944771736837,45,huber_2.5,frozen
2013-usopen-1226,2013-560,105173,105023,Hard,R64,False,True,0.5986212247627105,148,109,91.53189784044238,31.53598387071743,109,huber_2.5,frozen
2013-usopen-1226,2013-560,105023,105173,Hard,R64,False,True,0.7051605577946848,159,111,97.39917147752045,33.51733072040042,111,huber_2.5,frozen
2013-usopen-1227,2013-560,103990,104433,Hard,R64,False,True,0.7180314702995008,72,51,43.47849193272209,14.881771877964248,51,huber_2.5,frozen
2013-usopen-1227,2013-560,104433,103990,Hard,R64,False,True,0.5765162936261046,85,44,59.46192358698911,21.518104290295167,44,huber_2.5,frozen
2013-usopen-1228,2013-560,106071,105554,Hard,R64,False,False,0.654683669727168,125,70,88.13340853768999,31.920624664125427,70,huber_2.5,frozen
2013-usopen-1228,2013-560,105554,106071,Hard,R64,False,False,0.5882043052347411,117,70,78.84737848705885,28.13156091664833,70,huber_2.5,frozen
2013-usopen-1229,2013-560,104545,104792,Hard,R64,False,True,0.6606447593401803,127,92,75.96236261687326,25.87070453294971,92,huber_2.5,frozen
2013-usopen-1229,2013-560,104792,104545,Hard,R64,False,True,0.6810775019790294,123,85,76.07340174741591,26.272411998910364,85,huber_2.5,frozen
2013-usopen-1230,2013-560,104273,104259,Hard,R64,False,True,0.6179194691092725,133,73,92.86942386432074,33.56641206051614,73,huber_2.5,frozen
2013-usopen-1230,2013-560,104259,104273,Hard,R64,False,True,0.6931020794095133,99,70,59.916421987640334,20.524367638365476,70,huber_2.5,frozen
2013-usopen-1232,2013-560,104297,104745,Hard,R64,False,True,0.46685108859500296,76,33,52.18262697333843,18.75202351082759,43,huber_2.5,frozen
2013-usopen-1232,2013-560,104745,104297,Hard,R64,False,True,0.8109942207284617,54,41,30.246978311939316,10.014901707234243,41,huber_2.5,frozen
2013-usopen-1301,2013-560,104925,105311,Hard,R32,False,False,0.7392043954806015,56,42,31.50785036173896,10.5065265243086,42,huber_2.5,frozen
2013-usopen-1301,2013-560,105311,104925,Hard,R32,False,False,0.4655558121259498,92,40,63.16038630283514,22.695818736715264,52,huber_2.5,frozen
2013-usopen-1302,2013-560,105065,104719,Hard,R32,False,True,0.6274263587942569,142,89,93.81346845963131,33.21837280541665,89,huber_2.5,frozen
2013-usopen-1302,2013-560,104719,105065,Hard,R32,False,True,0.6748006103609439,151,94,101.00283059437189,35.896220677411414,94,huber_2.5,frozen
2013-usopen-1303,2013-560,103163,104022,Hard,R32,False,True,0.5997670190760046,104,59,71.36850625272373,25.63842137484837,59,huber_2.5,frozen
2013-usopen-1303,2013-560,104022,103163,Hard,R32,False,True,0.5890223581622555,100,64,65.88642549138048,23.299871996733735,64,huber_2.5,frozen
2013-usopen-1304,2013-560,105539,103720,Hard,R32,False,False,0.5859006938427829,114,72,75.52083519724683,26.76417711382107,72,huber_2.5,frozen
2013-usopen-1304,2013-560,103720,105539,Hard,R32,False,False,0.6656982614790261,125,86,77.72775450588784,26.894170942632236,86,huber_2.5,frozen
2013-usopen-1305,2013-560,104918,104252,Hard,R32,False,True,0.6317337231124687,81,62,47.45584391944853,15.991105584374724,62,huber_2.5,frozen
2013-usopen-1305,2013-560,104252,104918,Hard,R32,False,True,0.5397514580017925,92,55,62.62713714722602,22.429850169988416,55,huber_2.5,frozen
2013-usopen-1306,2013-560,104312,104797,Hard,R32,False,True,0.6380912544984384,128,78,85.8615291106663,30.574301778869646,78,huber_2.5,frozen
2013-usopen-1306,2013-560,104797,104312,Hard,R32,False,True,0.6224125977107899,144,88,96.26676142860742,34.24061442053045,88,huber_2.5,frozen
2013-usopen-1307,2013-560,104527,104571,Hard,R32,False,True,0.6232499495840774,131,92,81.56906164592613,28.207714731538466,92,huber_2.5,frozen
2013-usopen-1307,2013-560,104571,104527,Hard,R32,False,True,0.5820462778477646,152,93,101.80278402980022,36.23362849289424,93,huber_2.5,frozen
2013-usopen-1308,2013-560,103898,104607,Hard,R32,False,True,0.5847382176733856,77,37,55.00771412667875,20.057118199173736,37,huber_2.5,frozen
2013-usopen-1308,2013-560,104607,103898,Hard,R32,False,True,0.698442629231313,79,53,50.19048851629568,17.503027701357222,53,huber_2.5,frozen
2013-usopen-1309,2013-560,104755,104098,Hard,R32,True,True,0.7643312365808964,92,63,58.84601590228632,20.44087019842902,63,huber_2.5,frozen
2013-usopen-1309,2013-560,104098,104755,Hard,R32,True,True,0.5755420477762385,119,70,80.66118353188665,28.842702513584065,70,huber_2.5,frozen
2013-usopen-1310,2013-560,103852,105683,Hard,R32,False,True,0.685516368193352,134,85,88.77888593126161,31.43319800930461,85,huber_2.5,frozen
2013-usopen-1310,2013-560,105683,103852,Hard,R32,False,True,0.7040934074212538,113,85,63.91768162550225,21.323591218656954,85,huber_2.5,frozen
2013-usopen-1311,2013-560,106058,104386,Hard,R32,False,True,0.6139453743787305,99,62,65.46238482729052,23.186736926420334,62,huber_2.5,frozen
2013-usopen-1311,2013-560,104386,106058,Hard,R32,False,True,0.6968417359135248,107,79,61.95256774792345,20.856965051137365,79,huber_2.5,frozen
2013-usopen-1312,2013-560,105062,103970,Hard,R32,False,True,0.5696594519333739,146,77,101.50848470038345,36.65118051410708,77,huber_2.5,frozen
2013-usopen-1312,2013-560,103970,105062,Hard,R32,False,True,0.6924723722784968,102,67,65.89328703529009,23.119536724320355,67,huber_2.5,frozen
2013-usopen-1313,2013-560,103819,105173,Hard,R32,False,True,0.7546332943920881,69,51,39.64771661418641,13.320931193355872,51,huber_2.5,frozen
2013-usopen-1313,2013-560,105173,103819,Hard,R32,False,True,0.4890403218227291,75,36,51.938291450061676,18.72612955639939,39,huber_2.5,frozen
2013-usopen-1314,2013-560,103990,105554,Hard,R32,False,False,0.6909678615800652,125,83,80.00296318954464,27.978908194775197,83,huber_2.5,frozen
2013-usopen-1314,2013-560,105554,103990,Hard,R32,False,False,0.6182597783855224,155,88,106.8364986091406,38.43427780739192,88,huber_2.5,frozen
2013-usopen-1315,2013-560,104545,104259,Hard,R32,False,True,0.7176058405762777,116,86,66.47133897882476,22.30693994266582,86,huber_2.5,frozen
2013-usopen-1315,2013-560,104259,104545,Hard,R32,False,True,0.7246055541156514,130,93,77.67127053153342,26.480284111671367,93,huber_2.5,frozen
2013-usopen-1316,2013-560,104471,104745,Hard,R32,False,True,0.4552840486850147,75,46,53.81158701413091,19.660134895005058,29,huber_2.5,frozen
2013-usopen-1316,2013-560,104745,104471,Hard,R32,False,True,0.7944340538538672,78,61,40.93144592861139,13.306831771797958,61,huber_2.5,frozen
2013-usopen-1401,2013-560,104925,104719,Hard,R16,False,True,0.7697083293355539,53,45,23.525732424537505,7.126148708972213,45,huber_2.5,frozen
2013-usopen-1401,2013-560,104719,104925,Hard,R16,False,True,0.4634300606938779,69,28,47.05968727093643,16.8668686608193,41,huber_2.5,frozen
2013-usopen-1402,2013-560,104022,103720,Hard,R16,False,True,0.6065404251935822,145,84,98.89804144019098,35.44544523960985,84,huber_2.5,frozen
2013-usopen-1402,2013-560,103720,104022,Hard,R16,False,True,0.5971451790688375,146,85,99.28549689518557,35.54634483153011,85,huber_2.5,frozen
2013-usopen-1403,2013-560,104918,104797,Hard,R16,False,True,0.6785349045803585,120,81,75.67315399509035,26.32649946604707,81,huber_2.5,frozen
2013-usopen-1403,2013-560,104797,104918,Hard,R16,False,True,0.536446754983626,123,75,83.61313070361265,29.92932662714898,75,huber_2.5,frozen
2013-usopen-1404,2013-560,104527,104607,Hard,R16,False,True,0.6137588008391146,122,82,78.08029681787593,27.300940266496294,82,huber_2.5,frozen
2013-usopen-1404,2013-560,104607,104527,Hard,R16,False,True,0.6544438933968829,115,70,77.49487105905926,27.631988028950516,70,huber_2.5,frozen
2013-usopen-1405,2013-560,104755,105683,Hard,R16,False,True,0.7048254772962981,204,126,139.25013977486526,49.726886224307584,126,huber_2.5,frozen
2013-usopen-1405,2013-560,105683,104755,Hard,R16,False,True,0.6528947043460029,198,129,128.00855397856105,44.95492228141605,129,huber_2.5,frozen
2013-usopen-1406,2013-560,104386,103970,Hard,R16,False,True,0.6092290502117961,175,102,119.14047914025197,42.67027999063785,102,huber_2.5,frozen
2013-usopen-1406,2013-560,103970,104386,Hard,R16,False,True,0.6645372938548257,142,91,92.89291828589012,32.76280623761481,91,huber_2.5,frozen
2013-usopen-1407,2013-560,103819,103990,Hard,R16,False,True,0.7478313855428149,86,54,59.776232255512355,21.32986354482421,54,huber_2.5,frozen
2013-usopen-1407,2013-560,103990,103819,Hard,R16,False,True,0.5831435251296764,125,78,83.19273642098912,29.536656442353674,78,huber_2.5,frozen
2013-usopen-1408,2013-560,104259,104745,Hard,R16,False,True,0.5445572126349846,140,84,95.09688030238183,34.03034637391232,84,huber_2.5,frozen
2013-usopen-1408,2013-560,104745,104259,Hard,R16,False,True,0.7089010069461896,108,80,62.07772370062728,20.85022775473639,80,huber_2.5,frozen
2013-usopen-1501,2013-560,104925,104022,Hard,QF,False,True,0.678443729954656,103,68,66.09124950869027,23.141099881789764,68,huber_2.5,frozen
2013-usopen-1501,2013-560,104022,104925,Hard,QF,False,True,0.4869412790308956,99,52,68.78596428878566,24.83217609398707,47,huber_2.5,frozen
2013-usopen-1502,2013-560,104918,104527,Hard,QF,False,True,0.6358857248938963,109,59,77.22582406871588,28.039705871018356,59,huber_2.5,frozen
2013-usopen-1502,2013-560,104527,104918,Hard,QF,False,True,0.5546814728429482,76,57,48.963935178138016,17.1493488558608,57,huber_2.5,frozen
2013-usopen-1503,2013-560,104755,103970,Hard,QF,False,True,0.6152207312289412,143,88,95.277825377906,33.846157686850205,88,huber_2.5,frozen
2013-usopen-1503,2013-560,103970,104755,Hard,QF,False,True,0.6545626142418095,136,82,92.14958806088345,32.92123263532102,82,huber_2.5,frozen
2013-usopen-1504,2013-560,103990,104745,Hard,QF,False,True,0.5424961873742412,66,29,46.6685446683838,16.959160611122805,29,huber_2.5,frozen
2013-usopen-1504,2013-560,104745,103990,Hard,QF,False,True,0.7372692500962229,59,45,32.4288529444748,10.716158372449305,45,huber_2.5,frozen
2013-usopen-1601,2013-560,104925,104527,Hard,SF,False,True,0.6735133496610805,139,90,90.42121627577639,31.82080933287027,90,huber_2.5,frozen
2013-usopen-1601,2013-560,104527,104925,Hard,SF,False,True,0.533517750962732,192,116,130.8311842115447,46.874990370373865,116,huber_2.5,frozen
2013-usopen-1602,2013-560,104755,104745,Hard,SF,False,True,0.5639747959935952,91,56,61.12569316872609,21.778971765674914,56,huber_2.5,frozen
2013-usopen-1602,2013-560,104745,104755,Hard,SF,False,True,0.6791918103005652,95,67,57.75259650974313,19.811941361763363,67,huber_2.5,frozen
2013-usopen-1701,2013-560,104925,104745,Hard,F,False,True,0.6005087371307651,102,56,70.76668858951643,25.525317265133715,56,huber_2.5,frozen
2013-usopen-1701,2013-560,104745,104925,Hard,F,False,True,0.6014857775251479,121,75,80.44698536718289,28.553135379596654,75,huber_2.5,frozen
2013-ausopen-1101,2013-580,104925,103908,Hard,R128,False,True,0.7209675542055347,77,62,39.430399077605585,12.624177773231214,62,huber_2.5,online
2013-ausopen-1101,2013-580,103908,104925,Hard,R128,False,True,0.48649775010671686,86,53,60.18224775551492,21.785723722553197,33,huber_2.5,online
2013-ausopen-1102,2013-580,105992,105053,Hard,R128,False,True,0.6130976658227064,116,75,75.6252297095048,26.63844487571515,75,huber_2.5,online
2013-ausopen-1102,2013-580,105053,105992,Hard,R128,False,True,0.6485355915471086,131,78,89.19627665949601,31.926839887590965,78,huber_2.5,online
2013-ausopen-1105,2013-580,105023,103926,Hard,R128,False,False,0.7034570177514047,116,86,66.71726434230554,22.408198942307607,86,huber_2.5,online
2013-ausopen-1105,2013-580,103926,105023,Hard,R128,False,False,0.6189277362688831,125,81,81.31082236399271,28.617649564806456,81,huber_2.5,online
2013-ausopen-1109,2013-580,104338,105723,Hard,R128,False,False,0.6335089356212067,75,30,58.86458647569302,22.089481726121164,30,huber_2.5,online
2013-ausopen-1109,2013-580,105723,104338,Hard,R128,False,False,0.5667783236952035,98,56,66.92931340496206,24.002119230790207,56,huber_2.5,online
2013-ausopen-1110,2013-580,104731,103893,Hard,R128,False,True,0.6370765789172533,134,92,84.04928193851774,29.164029511483506,92,huber_2.5,online
2013-ausopen-1110,2013-580,103893,104731,Hard,R128,False,True,0.5294361724450855,127,82,86.06936362810684,30.77090562705537,82,huber_2.5,online
2013-ausopen-1112,2013-580,105676,104269,Hard,R128,False,True,0.652960389974289,129,78,87.22076132317517,31.138267106934364,78,huber_2.5,online
2013-ausopen-1112,2013-580,104269,105676,Hard,R128,False,True,0.6210157503475378,141,91,91.86532555917813,32.35327270408799,91,huber_2.5,online
2013-ausopen-1116,2013-580,103188,104607,Hard,R128,False,True,0.53900567085726,93,51,64.04300910527078,23.040443101673976,51,huber_2.5,online
2013-ausopen-1116,2013-580,104607,103188,Hard,R128,False,True,0.6875861674577404,92,62,58.12602112506757,20.234591101728782,62,huber_2.5,online
2013-ausopen-1117,2013-580,103970,103694,Hard,R128,False,True,0.7963847844703996,71,52,42.07792827081837,14.206221885531942,52,huber_2.5,online
2013-ausopen-1117,2013-580,103694,103970,Hard,R128,False,True,0.49033482603291395,85,46,59.06872325830326,21.3255965427338,39,huber_2.5,online
2013-ausopen-1119,2013-580,105357,105147,Hard,R128,False,False,0.6322311993910551,156,92,106.20126298955913,38.02520047146439,92,huber_2.5,online
2013-ausopen-1119,2013-580,105147,105357,Hard,R128,False,False,0.5977871754980474,162,89,112.27881880281784,40.48450292611676,89,huber_2.5,online
2013-ausopen-1120,2013-580,105077,104571,Hard,R128,False,True,0.5272250307830294,191,119,130.1129847888654,46.61199319271476,119,huber_2.5,online
2013-ausopen-1120,2013-580,104571,105077,Hard,R128,False,True,0.6505888808447509,180,113,119.0270470954037,42.15477346727488,113,huber_2.5,online
2013-ausopen-1121,2013-580,104022,105051,Hard,R128,False,True,0.5838235272677174,196,123,130.18840246449767,46.185994846440074,123,huber_2.5,online
2013-ausopen-1121,2013-580,105051,104022,Hard,R128,False,True,0.5599775616842001,149,98,98.69354673581257,34.96705347877432,98,huber_2.5,online
2013-ausopen-1124,2013-580,103812,105453,Hard,R128,False,True,0.6314183490917867,123,71,84.54568840974511,30.37735761205137,71,huber_2.5,online
2013-ausopen-1124,2013-580,105453,103812,Hard,R128,False,True,0.7477121244911152,121,81,78.63709528032179,27.51851978687239,81,huber_2.5,online
2013-ausopen-1125,2013-580,104597,105449,Hard,R128,False,True,0.7554992240735182,154,112,90.56071617742339,30.668151754187885,112,huber_2.5,online
2013-ausopen-1125,2013-580,105449,104597,Hard,R128,False,True,0.6240848951744303,165,102,109.72851733638527,38.95120418792136,102,huber_2.5,online
2013-ausopen-1128,2013-580,104620,105668,Hard,R128,False,True,0.6246670607226762,98,55,68.01700385129143,24.527099122192567,55,huber_2.5,online
2013-ausopen-1128,2013-580,105668,104620,Hard,R128,False,True,0.6473965044727532,99,65,63.70373914102545,22.3315555848925,65,huber_2.5,online
2013-ausopen-1132,2013-580,103720,104386,Hard,R128,False,True,0.6042571174133904,127,70,88.1013458434004,31.77508988310731,70,huber_2.5,online
2013-ausopen-1132,2013-580,104386,103720,Hard,R128,False,True,0.6688483032188585,107,71,68.34249128934816,23.89085258382792,71,huber_2.5,online
2013-ausopen-1133,2013-580,105223,105173,Hard,R128,False,True,0.7156584400762485,58,48,28.634299589024053,9.002475918117568,48,huber_2.5,online
2013-ausopen-1133,2013-580,105173,105223,Hard,R128,False,True,0.536636936293302,61,29,42.666391847048,15.441788980038433,29,huber_2.5,online
2013-ausopen-1140,2013-580,104594,105227,Hard,R128,False,True,0.5760788601533214,89,53,60.1255499876115,21.471790751031882,53,huber_2.5,online
2013-ausopen-1140,2013-580,105227,104594,Hard,R128,False,True,0.6497295897149727,106,73,66.09617247417458,22.887225115239783,73,huber_2.5,online
2013-ausopen-1141,2013-580,104468,103835,Hard,R128,False,True,0.6660123555885775,93,62,59.19590717766559,20.66670648210445,62,huber_2.5,online
2013-ausopen-1141,2013-580,103835,104468,Hard,R128,False,True,0.5303899493398605,102,55,70.40292600306809,25.351082405410803,55,huber_2.5,online
2013-ausopen-1144,2013-580,104792,105238,Hard,R128,False,True,0.5921075085916998,133,90,85.72635579343537,30.049291583673124,90,huber_2.5,online
2013-ausopen-1144,2013-580,105238,104792,Hard,R128,False,True,0.5929933834666952,140,85,93.85954423675247,33.42088620760088,85,huber_2.5,online
2013-ausopen-1148,2013-580,104898,104918,Hard,R128,False,True,0.5035489456042417,67,31,46.47803892407603,16.768588594019633,31,huber_2.5,online
2013-ausopen-1148,2013-580,104918,104898,Hard,R128,False,True,0.6504039692806962,74,49,47.35234400498958,16.564284931442046,49,huber_2.5,online
2013-ausopen-1149,2013-580,104542,103566,Hard,R128,False,True,0.6948564957960721,85,64,48.22563113507417,16.098540266852496,64,huber_2.5,online
2013-ausopen-1149,2013-580,103566,104542,Hard,R128,False,True,0.585151757966622,85,53,56.55681489270038,20.078132942909463,53,huber_2.5,online
2013-ausopen-1150,2013-580,104424,106291,Hard,R128,False,False,0.6538127844127324,129,83,84.0652171406685,29.610857048423803,83,huber_2.5,online
2013-ausopen-1150,2013-580,106291,104424,Hard,R128,False,False,0.5743485412687507,121,62,84.77410077155449,30.695806752437473,62,huber_2.5,online
2013-ausopen-1151,2013-580,105902,106093,Hard,R128,False,True,0.6577128072230123,200,130,129.51565825002479,45.51189747905187,130,huber_2.5,online
2013-ausopen-1151,2013-580,106093,105902,Hard,R128,False,True,0.595030016583002,207,129,137.47700375254647,48.772824892982385,129,huber_2.5,online
2013-ausopen-1153,2013-580,103163,103813,Hard,R128,False,True,0.6512877581092988,176,111,116.07524599055583,41.06904861963009,111,huber_2.5,online
2013-ausopen-1153,2013-580,103813,103163,Hard,R128,False,True,0.5680287946848634,185,117,123.25218211928988,43.772753688102625,117,huber_2.5,online
2013-ausopen-1154,2013-580,104471,105842,Hard,R128,False,False,0.6118058120059707,135,81,90.89604546669001,32.41881592161124,81,huber_2.5,online
2013-ausopen-1154,2013-580,105842,104471,Hard,R128,False,False,0.6904466103459705,132,74,95.42306310701473,34.7404825382441,74,huber_2.5,online
2013-ausopen-1156,2013-580,103656,104755,Hard,R128,False,True,0.5934406032310567,90,48,62.84833135217884,22.7251595505102,48,huber_2.5,online
2013-ausopen-1156,2013-580,104755,103656,Hard,R128,False,True,0.6913749750087157,68,53,37.19528993627806,12.21820886172069,53,huber_2.5,online
2013-ausopen-1157,2013-580,105683,104225,Hard,R128,False,True,0.715762411658495,107,80,60.71706947152124,20.29580793856158,80,huber_2.5,online
2013-ausopen-1157,2013-580,104225,105683,Hard,R128,False,True,0.619336858266627,128,75,87.12248994045183,31.19747369297568,75,huber_2.5,online
2013-ausopen-1160,2013-580,104327,104259,Hard,R128,False,True,0.6547395386037975,80,48,54.35945108312998,19.43971336692453,48,huber_2.5,online
2013-ausopen-1160,2013-580,104259,104327,Hard,R128,False,True,0.7236766522374978,76,58,41.90911864311775,13.855308511969351,58,huber_2.5,online
2013-ausopen-1162,2013-580,106071,104919,Hard,R128,False,True,0.6629382388768724,64,52,34.42568842861911,11.181598104976095,52,huber_2.5,online
2013-ausopen-1162,2013-580,104919,106071,Hard,R128,False,True,0.6389929092570271,70,40,48.48020721846754,17.46240292509098,40,huber_2.5,online
2013-ausopen-1164,2013-580,105332,103819,Hard,R128,False,True,0.48532266131957,89,46,61.816550460643626,22.313204776137155,43,huber_2.5,online
2013-ausopen-1164,2013-580,103819,105332,Hard,R128,False,True,0.7080687989302562,69,52,38.88215984496234,12.954783168532309,52,huber_2.5,online
2013-ausopen-1201,2013-580,104925,105992,Hard,R64,False,True,0.7064793564577903,56,48,26.48460069481773,8.128314321708888,48,huber_2.5,online
2013-ausopen-1201,2013-580,105992,104925,Hard,R64,False,True,0.512535283516245,90,44,62.46169078590275,22.53921256698743,44,huber_2.5,online
2013-ausopen-1202,2013-580,103852,103285,Hard,R64,False,True,0.6452731516316338,83,47,57.900493531982825,20.903651284606006,47,huber_2.5,online
2013-ausopen-1202,2013-580,103285,103852,Hard,R64,False,True,0.6122078398953362,79,56,49.26584531370879,17.04179863083812,56,huber_2.5,online
2013-ausopen-1203,2013-580,105023,104548,Hard,R64,True,True,0.6776118872322104,47,30,30.919403161371118,10.923706642832075,30,huber_2.5,online
2013-ausopen-1203,2013-580,104548,105023,Hard,R64,True,True,0.6596441476444328,53,36,33.299952275817105,11.567532650243002,36,huber_2.5,online
2013-ausopen-1204,2013-580,104735,104527,Hard,R64,True,True,0.5308912230904729,89,50,61.17981012817255,21.995126368103055,50,huber_2.5,online
2013-ausopen-1204,2013-580,104527,104735,Hard,R64,True,True,0.616915885308751,83,51,55.33817442288948,19.66315209084864,51,huber_2.5,online
2013-ausopen-1205,2013-580,105723,104731,Hard,R64,False,False,0.6188134167916787,87,51,59.198312351694334,21.195945384969864,51,huber_2.5,online
2013-ausopen-1205,2013-580,104731,105723,Hard,R64,False,False,0.5618800534661572,90,65,58.101911080184635,20.369420552881415,65,huber_2.5,online
2013-ausopen-1206,2013-580,103598,104269,Hard,R64,False,True,0.6395591279423049,91,41,69.34739191597107,25.778416418954254,41,huber_2.5,online
2013-ausopen-1206,2013-580,104269,103598,Hard,R64,False,True,0.609957903370361,74,49,47.76141655834457,16.755725117118153,49,huber_2.5,online
2013-ausopen-1208,2013-580,105558,104607,Hard,R64,False,True,0.5461557531008455,101,53,69.97716533554822,25.2343869424707,53,huber_2.5,online
2013-ausopen-1208,2013-580,104607,105558,Hard,R64,False,True,0.7598605100233701,73,53,43.08558763028188,14.604109550110026,53,huber_2.5,online
2013-ausopen-1209,2013-580,103970,105065,Hard,R64,False,True,0.7627558395974939,108,72,71.29080195680515,24.997177948689284,72,huber_2.5,online
2013-ausopen-1209,2013-580,105065,103970,Hard,R64,False,True,0.48543259759356533,121,65,84.184472758674,30.4067839364153,56,huber_2.5,online
2013-ausopen-1210,2013-580,105147,104571,Hard,R64,False,True,0.5416689792511028,115,66,78.69262998843814,28.24130229339157,66,huber_2.5,online
2013-ausopen-1210,2013-580,104571,105147,Hard,R64,False,True,0.6602822063856687,94,64,58.95482953900462,20.465301237169925,64,huber_2.5,online
2013-ausopen-1212,2013-580,104122,105453,Hard,R64,False,True,0.5010081696676901,91,47,63.07052939103358,22.747067983950103,47,huber_2.5,online
2013-ausopen-1212,2013-580,105453,104122,Hard,R64,False,True,0.5818999343648725,97,63,63.76094959078597,22.52553903056883,63,huber_2.5,online
2013-ausopen-1213,2013-580,104597,104593,Hard,R64,False,True,0.7461429264943663,83,57,52.33735277922658,18.14823552052116,57,huber_2.5,online
2013-ausopen-1213,2013-580,104593,104597,Hard,R64,False,True,0.558944801540807,78,42,53.90066015240443,19.4173413817926,42,huber_2.5,online
2013-ausopen-1214,2013-580,104500,105668,Hard,R64,False,True,0.5460540001203655,158,89,108.34294434572948,38.91403340407238,89,huber_2.5,online
2013-ausopen-1214,2013-580,105668,104500,Hard,R64,False,True,0.6972541209298119,171,103,118.39293281419498,42.49957695372517,103,huber_2.5,online
2013-ausopen-1215,2013-580,103898,104273,Hard,R64,False,True,0.6600409689053006,148,93,97.97832267408961,34.7091837173644,93,huber_2.5,online
2013-ausopen-1215,2013-580,104273,103898,Hard,R64,False,True,0.6304759975368995,167,97,114.43194944182926,41.0701537173563,97,huber_2.5,online
2013-ausopen-1216,2013-580,105041,104386,Hard,R64,False,True,0.5671095720639812,156,101,103.33736225334962,36.61553605242413,101,huber_2.5,online
2013-ausopen-1216,2013-580,104386,105041,Hard,R64,False,True,0.7431490367964968,155,100,104.44512661046798,36.97211872889259,100,huber_2.5,online
2013-ausopen-1217,2013-580,105223,103794,Hard,R64,False,True,0.7088814086406039,75,58,40.93430545688285,13.458220461411461,58,huber_2.5,online
2013-ausopen-1217,2013-580,103794,105223,Hard,R64,False,True,0.5579596163693765,79,44,54.24501365690496,19.49374950592075,44,huber_2.5,online
2013-ausopen-1218,2013-580,104871,104719,Hard,R64,False,True,0.7062571539732992,105,75,62.83470706214017,21.435339495543886,75,huber_2.5,online
2013-ausopen-1218,2013-580,104719,104871,Hard,R64,False,True,0.6384963652093808,93,56,62.77067834824538,22.40242467640931,56,huber_2.5,online
2013-ausopen-1220,2013-580,104330,105227,Hard,R64,False,False,0.5468977354161491,94,56,63.87785548156573,22.86258413570265,56,huber_2.5,online
2013-ausopen-1220,2013-580,105227,104330,Hard,R64,False,False,0.6819594658888806,76,61,40.533535060716346,13.146167358330562,61,huber_2.5,online
2013-ausopen-1221,2013-580,104468,105028,Hard,R64,False,True,0.6324830773094422,133,86,86.44309392514978,30.417544832791247,86,huber_2.5,online
2013-ausopen-1221,2013-580,105028,104468,Hard,R64,False,True,0.5724648799313934,123,74,82.9137111463198,29.58427053700213,74,huber_2.5,online
2013-ausopen-1222,2013-580,104229,104792,Hard,R64,False,True,0.5098307732469275,161,104,110.70360969744658,39.80351335791824,104,huber_2.5,online
2013-ausopen-1222,2013-580,104792,104229,Hard,R64,False,True,0.6559526112371008,165,102,110.22948662783844,39.18084895877867,102,huber_2.5,online
2013-ausopen-1223,2013-580,104252,105575,Hard,R64,False,True,0.6128235163452684,72,37,51.328709676576885,18.69085146782626,37,huber_2.5,online
2013-ausopen-1223,2013-580,105575,104252,Hard,R64,False,True,0.5741614710437538,70,53,43.91958028832188,15.21518170754101,53,huber_2.5,online
2013-ausopen-1224,2013-580,105311,104918,Hard,R64,False,False,0.48578274053695286,77,43,53.65945325924005,19.393519381098677,34,huber_2.5,online
2013-ausopen-1224,2013-580,104918,105311,Hard,R64,False,False,0.7061345671220444,77,57,44.32578547028458,14.89486341820399,57,huber_2.5,online
2013-ausopen-1225,2013-580,104542,104424,Hard,R64,False,True,0.6599366693255347,100,72,60.1254766343596,20.520760369171015,72,huber_2.5,online
2013-ausopen-1225,2013-580,104424,104542,Hard,R64,False,True,0.5862067517620463,78,52,50.71441169961494,17.838289570037116,52,huber_2.5,online
2013-ausopen-1226,2013-580,105902,104882,Hard,R64,False,True,0.5988984798251457,185,113,123.7058706795402,44.004630549838105,113,huber_2.5,online
2013-ausopen-1226,2013-580,104882,105902,Hard,R64,False,True,0.6537358942510748,195,128,125.46371899183615,43.98088186101408,128,huber_2.5,online
2013-ausopen-1228,2013-580,104268,104755,Hard,R64,False,True,0.5965677525883324,84,41,60.2121697312815,21.97646329573342,41,huber_2.5,online
2013-ausopen-1228,2013-580,104755,104268,Hard,R64,False,True,0.6819457472393822,69,50,40.905391477437206,13.893875426335455,50,huber_2.5,online
2013-ausopen-1230,2013-580,104804,104259,Hard,R64,False,False,0.5805170882507357,94,61,61.84217063775259,21.854923670014816,61,huber_2.5,online
2013-ausopen-1230,2013-580,104259,104804,Hard,R64,False,False,0.6951608386707755,88,71,46.011961356006324,14.813036971438002,71,huber_2.5,online
2013-ausopen-1231,2013-580,104978,106071,Hard,R64,False,True,0.6428637688058809,159,115,96.1136518900184,32.85187138833227,115,huber_2.5,online
2013-ausopen-1231,2013-580,106071,104978,Hard,R64,False,True,0.7310540614695428,148,109,85.36274821679919,28.727340636724552,109,huber_2.5,online
2013-ausopen-1232,2013-580,103786,103819,Hard,R64,False,True,0.5228952776419964,106,61,72.85168528498394,26.189240093988293,61,huber_2.5,online
2013-ausopen-1232,2013-580,103819,103786,Hard,R64,False,True,0.7305692318060367,91,66,53.50555970724466,18.13441902561445,66,huber_2.5,online
2013-ausopen-1301,2013-580,104925,103285,Hard,R32,False,True,0.691743847441239,85,67,45.87498534972531,14.979636233062665,67,huber_2.5,online
2013-ausopen-1301,2013-580,103285,104925,Hard,R32,False,True,0.4891000549692713,107,65,74.69365636814717,27.013411277485766,42,huber_2.5,online
2013-ausopen-1302,2013-580,105023,104527,Hard,R32,False,True,0.6335015778587432,111,75,70.3723574026869,24.521754976784937,75,huber_2.5,online
2013-ausopen-1302,2013-580,104527,105023,Hard,R32,False,True,0.6820160146958969,105,75,63.07528820363909,21.53791144729122,75,huber_2.5,online
2013-ausopen-1303,2013-580,104731,104269,Hard,R32,False,True,0.66282489548411,147,101,91.54472047631111,31.691886897017415,101,huber_2.5,online
2013-ausopen-1303,2013-580,104269,104731,Hard,R32,False,True,0.6602976283147018,163,103,107.53277847073133,38.0455407143287,103,huber_2.5,online
2013-ausopen-1304,2013-580,103781,104607,Hard,R32,False,True,0.5555437663634831,82,42,57.12407883370497,20.641891485784015,42,huber_2.5,online
2013-ausopen-1304,2013-580,104607,103781,Hard,R32,False,True,0.6738890291007914,76,57,43.78715365809858,14.690258871732734,57,huber_2.5,online
2013-ausopen-1305,2013-580,103970,104571,Hard,R32,False,True,0.6714572018024355,85,55,55.29941998974938,19.462363579182405,55,huber_2.5,online
2013-ausopen-1305,2013-580,104571,103970,Hard,R32,False,True,0.5584834639966182,76,40,52.732643749755944,19.02601012665285,40,huber_2.5,online
2013-ausopen-1306,2013-580,105539,105453,Hard,R32,False,False,0.5573494367886016,92,52,62.9962544570284,22.614390885334004,52,huber_2.5,online
2013-ausopen-1306,2013-580,105453,105539,Hard,R32,False,False,0.6574575290968757,97,71,57.63098320436396,19.56931991716206,71,huber_2.5,online
2013-ausopen-1307,2013-580,104597,105668,Hard,R32,False,True,0.670604220050779,91,73,49.15797400524803,16.015395688028406,73,huber_2.5,online
2013-ausopen-1307,2013-580,105668,104597,Hard,R32,False,True,0.6499799055539719,96,66,59.92665425608976,20.76014471877493,66,huber_2.5,online
2013-ausopen-1308,2013-580,103898,104386,Hard,R32,False,True,0.5965391566097428,145,95,94.46177950686376,33.257110222605036,95,huber_2.5,online
2013-ausopen-1308,2013-580,104386,103898,Hard,R32,False,True,0.6664197463730059,129,88,80.72627291238317,28.000995546257094,88,huber_2.5,online
2013-ausopen-1309,2013-580,105223,104871,Hard,R32,False,True,0.7290204543268269,149,99,96.57489234984261,33.843102644495346,99,huber_2.5,online
2013-ausopen-1309,2013-580,104871,105223,Hard,R32,False,True,0.6058226067832293,159,107,102.03460302139248,35.71030605983967,107,huber_2.5,online
2013-ausopen-1310,2013-580,104312,105227,Hard,R32,False,True,0.5924013059204268,162,95,109.86988041757266,39.295919650627695,95,huber_2.5,online
2013-ausopen-1310,2013-580,105227,104312,Hard,R32,False,True,0.6354862106120523,136,79,93.33970722386061,33.51578917071267,79,huber_2.5,online
2013-ausopen-1311,2013-580,104468,104792,Hard,R32,False,True,0.5548128213045503,182,101,125.0516697608972,44.95055263295335,101,huber_2.5,online
2013-ausopen-1311,2013-580,104792,104468,Hard,R32,False,True,0.5918837194383082,166,98,112.33743193819782,40.1449629878885,98,huber_2.5,online
2013-ausopen-1312,2013-580,105575,104918,Hard,R32,False,True,0.6177710075527252,87,46,61.58647281973049,22.367835851374988,46,huber_2.5,online
2013-ausopen-1312,2013-580,104918,105575,Hard,R32,False,True,0.5811444341524934,114,69,76.61047190244744,27.303157368447987,69,huber_2.5,online
2013-ausopen-1313,2013-580,104542,104882,Hard,R32,False,True,0.6418090961710192,69,50,41.6803133670594,14.241495581920459,50,huber_2.5,online
2013-ausopen-1313,2013-580,104882,104542,Hard,R32,False,True,0.5710075290688733,74,35,52.61867143678601,19.157143235926043,35,huber_2.5,online
2013-ausopen-1314,2013-580,104471,104755,Hard,R32,False,True,0.524979844994816,114,66,78.26120302686758,28.121497952873327,66,huber_2.5,online
2013-ausopen-1314,2013-580,104755,104471,Hard,R32,False,True,0.7675162752012159,112,79,69.04790883738735,23.70952658046773,79,huber_2.5,online
2013-ausopen-1315,2013-580,105683,104259,Hard,R32,False,True,0.6831084155887157,86,69,45.83234180206068,14.861829889296027,69,huber_2.5,online
2013-ausopen-1315,2013-580,104259,105683,Hard,R32,False,True,0.6889956028725246,94,64,58.879751799614,20.431767265418173,64,huber_2.5,online
2013-ausopen-1316,2013-580,106071,103819,Hard,R32,False,True,0.5561412855787409,121,72,82.04496917033353,29.34012354920744,72,huber_2.5,online
2013-ausopen-1316,2013-580,103819,106071,Hard,R32,False,True,0.7267370659886186,95,71,53.798227767333906,17.97727912238201,71,huber_2.5,online
2013-ausopen-1401,2013-580,104925,104527,Hard,R16,False,True,0.6878830848086067,195,128,125.90274598976116,44.17264227032862,128,huber_2.5,online
2013-ausopen-1401,2013-580,104527,104925,Hard,R16,False,True,0.5440510148981403,214,133,144.574052855914,51.624612494797724,133,huber_2.5,online
2013-ausopen-1402,2013-580,104731,104607,Hard,R16,False,True,0.6296548567376604,111,64,76.29137595523794,27.411819823658394,64,huber_2.5,online
2013-ausopen-1402,2013-580,104607,104731,Hard,R16,False,True,0.7080957051229703,112,75,71.44738497245848,24.942391324277263,75,huber_2.5,online
2013-ausopen-1403,2013-580,103970,105453,Hard,R16,False,True,0.6554561893973314,96,60,63.704653706451595,22.58904762937019,60,huber_2.5,online
2013-ausopen-1403,2013-580,105453,103970,Hard,R16,False,True,0.5597332749249915,95,43,67.61215705393008,24.626565566985057,43,huber_2.5,online
2013-ausopen-1404,2013-580,104597,104386,Hard,R16,True,True,0.6675977532900828,43,32,25.045726508366414,8.438274477947251,32,huber_2.5,online
2013-ausopen-1404,2013-580,104386,104597,Hard,R16,True,True,0.672204613422668,46,21,36.225184678097314,13.552922182356996,21,huber_2.5,online
2013-ausopen-1405,2013-580,104871,104312,Hard,R16,False,True,0.622649597753509,124,82,79.78165679030198,27.959338644667735,82,huber_2.5,online
2013-ausopen-1405,2013-580,104312,104871,Hard,R16,False,True,0.6640035325661592,119,68,83.4671973043886,30.16270183098262,68,huber_2.5,online
2013-ausopen-1406,2013-580,104468,104918,Hard,R16,False,True,0.49737876811130866,90,43,62.36351297436056,22.490133449540522,47,huber_2.5,online
2013-ausopen-1406,2013-580,104918,104468,Hard,R16,False,True,0.6452890235550011,63,44,38.96709388414344,13.44763513415561,44,huber_2.5,online
2013-ausopen-1407,2013-580,104542,104755,Hard,R16,False,True,0.6369057473841829,106,74,65.80285676484252,22.736736078547416,74,huber_2.5,online
2013-ausopen-1407,2013-580,104755,104542,Hard,R16,False,True,0.6490326025737223,102,67,65.60941406905485,22.996449813890386,67,huber_2.5,online
2013-ausopen-1408,2013-580,105683,103819,Hard,R16,False,True,0.6357857651082232,96,61,62.97696674970099,22.23959641176465,61,huber_2.5,online
2013-ausopen-1408,2013-580,103819,105683,Hard,R16,False,True,0.7483345950210639,78,66,35.689593358481076,10.900197413436063,66,huber_2.5,online
2013-ausopen-1501,2013-580,104925,104607,Hard,QF,False,True,0.6743426880882466,97,71,57.14484758158427,19.35293020634296,71,huber_2.5,online
2013-ausopen-1501,2013-580,104607,104925,Hard,QF,False,True,0.5874234279111157,107,60,73.53123528873633,26.43128100216261,60,huber_2.5,online
2013-ausopen-1502,2013-580,103970,104597,Hard,QF,False,True,0.6839515511676724,149,97,96.7439223819671,34.01406800082667,97,huber_2.5,online
2013-ausopen-1502,2013-580,104597,103970,Hard,QF,False,True,0.6253787245399999,166,98,112.76608893324433,40.348129141968016,98,huber_2.5,online
2013-ausopen-1503,2013-580,104871,104918,Hard,QF,False,True,0.5538881660481086,77,36,54.36313923681597,19.74304378212274,36,huber_2.5,online
2013-ausopen-1503,2013-580,104918,104871,Hard,QF,False,True,0.6956059876807695,75,48,49.537323390767554,17.51190193994654,48,huber_2.5,online
2013-ausopen-1504,2013-580,104542,103819,Hard,QF,False,True,0.6153300385244114,175,115,113.16577163340071,39.73452599371476,115,huber_2.5,online
2013-ausopen-1504,2013-580,103819,104542,Hard,QF,False,True,0.7010106964185734,158,109,97.88032905592631,33.82339562668501,109,huber_2.5,online
2013-ausopen-1601,2013-580,104925,103970,Hard,SF,False,True,0.6540490297644854,51,44,26.111417825559357,8.260472180854384,44,huber_2.5,online
2013-ausopen-1601,2013-580,103970,104925,Hard,SF,False,True,0.5760123714616693,75,34,53.93537985789588,19.715427646373694,34,huber_2.5,online
2013-ausopen-1602,2013-580,104918,103819,Hard,SF,False,True,0.608583325058543,157,111,98.27218051661481,34.043167012675475,111,huber_2.5,online
2013-ausopen-1602,2013-580,103819,104918,Hard,SF,False,True,0.6342350065089125,171,105,114.19069089499243,40.59609006844098,105,huber_2.5,online
2013-ausopen-1701,2013-580,104925,104918,Hard,F,False,True,0.6233528055578327,134,96,82.47865289611647,28.38446983927016,96,huber_2.5,online
2013-ausopen-1701,2013-580,104918,104925,Hard,F,False,True,0.5718422568921832,131,88,85.65783930977376,30.193230033524237,88,huber_2.5,online
2013-frenchopen-1101,2013-520,104925,105676,Clay,R128,False,True,0.7140447612216863,101,73,59.640862499936006,20.245316885475432,73,huber_2.5,online
2013-frenchopen-1101,2013-520,105676,104925,Clay,R128,False,True,0.5156483000324393,112,71,76.74815709933938,27.557976359944206,71,huber_2.5,online
2013-frenchopen-1103,2013-520,104864,106298,Clay,R128,False,False,0.6330535399190315,86,46,61.13278591877962,22.224157786194546,46,huber_2.5,online
2013-frenchopen-1103,2013-520,106298,104864,Clay,R128,False,False,0.6814383897757782,107,69,69.93460766034218,24.64783807038459,69,huber_2.5,online
2013-frenchopen-1106,2013-520,106071,103812,Clay,R128,True,True,0.7095075966795426,88,55,59.66899330621277,21.253454982896596,55,huber_2.5,online
2013-frenchopen-1106,2013-520,103812,106071,Clay,R128,True,True,0.6286129483451769,106,70,68.15514672306207,23.880536547360133,70,huber_2.5,online
2013-frenchopen-1108,2013-520,106210,104259,Clay,R128,False,False,0.584484230236274,134,84,89.02187576698134,31.583972583221197,84,huber_2.5,online
2013-frenchopen-1108,2013-520,104259,106210,Clay,R128,False,False,0.6891475548473943,118,82,72.59231914125908,25.020874582580134,82,huber_2.5,online
2013-frenchopen-1109,2013-520,103163,105558,Clay,R128,False,True,0.6938434270941182,85,61,50.70385331298945,17.271691506863007,61,huber_2.5,online
2013-frenchopen-1109,2013-520,105558,103163,Clay,R128,False,True,0.5701617369678487,93,53,63.551117036162054,22.795705667512106,53,huber_2.5,online
2013-frenchopen-1110,2013-520,106058,104198,Clay,R128,False,True,0.6788292317385676,80,55,49.70077027254832,17.193514577779478,55,huber_2.5,online
2013-frenchopen-1110,2013-520,104198,106058,Clay,R128,False,True,0.6209542855712853,83,41,60.28054580336632,22.08523923901027,41,huber_2.5,online
2013-frenchopen-1112,2013-520,104122,104545,Clay,R128,False,True,0.6074766227446159,91,55,61.08001781855762,21.75910559158185,55,huber_2.5,online
2013-frenchopen-1112,2013-520,104545,104122,Clay,R128,False,True,0.7055425363285497,89,61,55.50946145806736,19.22714464855107,61,huber_2.5,online
2013-frenchopen-1115,2013-520,104269,102967,Clay,R128,False,True,0.6947746943999912,70,48,43.587559501726055,15.091460656102926,48,huber_2.5,online
2013-frenchopen-1115,2013-520,102967,104269,Clay,R128,False,True,0.5721340361552801,77,36,54.90850884240368,20.01132575702435,36,huber_2.5,online
2013-frenchopen-1116,2013-520,103917,104386,Clay,R128,False,True,0.5631564697416533,79,45,53.997026442307146,19.370389266789857,45,huber_2.5,online
2013-frenchopen-1116,2013-520,104386,103917,Clay,R128,False,True,0.6705132028864017,85,57,53.86970933327579,18.77647106677358,57,huber_2.5,online
2013-frenchopen-1117,2013-520,104745,104978,Clay,R128,False,True,0.7967985898111192,113,86,62.561243289157744,20.692985730411163,86,huber_2.5,online
2013-frenchopen-1117,2013-520,104978,104745,Clay,R128,False,True,0.5648114636730818,142,88,95.1978700072855,33.89288490204473,88,huber_2.5,online
2013-frenchopen-1121,2013-520,105332,104571,Clay,R128,False,True,0.5449414697393521,158,100,106.3727838673743,37.93157651191584,100,huber_2.5,online
2013-frenchopen-1121,2013-520,104571,105332,Clay,R128,False,True,0.5992205218005271,135,86,88.84565418654007,31.407876806140294,86,huber_2.5,online
2013-frenchopen-1122,2013-520,103997,105270,Clay,R128,False,True,0.6140832270921996,142,82,97.11324732252197,34.838296547907,82,huber_2.5,online
2013-frenchopen-1122,2013-520,105270,103997,Clay,R128,False,True,0.5167263355105046,155,83,107.15647360444541,38.609374705823996,83,huber_2.5,online
2013-frenchopen-1124,2013-520,105028,105453,Clay,R128,False,True,0.5754426076592108,65,25,48.08371784639234,17.751592273165567,25,huber_2.5,online
2013-frenchopen-1124,2013-520,105453,105028,Clay,R128,False,True,0.6419288677353219,70,46,45.039344702334596,15.787631154587054,46,huber_2.5,online
2013-frenchopen-1125,2013-520,104527,105217,Clay,R128,False,True,0.76322016861761,138,98,84.10543786059067,28.79454050923608,98,huber_2.5,online
2013-frenchopen-1125,2013-520,105217,104527,Clay,R128,False,True,0.6230147309295083,143,95,91.7789459419336,32.13227288198239,95,huber_2.5,online
2013-frenchopen-1128,2013-520,105077,105668,Clay,R128,False,True,0.6095265817868232,104,66,68.40982398593886,24.18084721023114,66,huber_2.5,online
2013-frenchopen-1128,2013-520,105668,105077,Clay,R128,False,True,0.6676016535923156,103,75,61.14456411089709,20.76602465270966,75,huber_2.5,online
2013-frenchopen-1129,2013-520,104252,104797,Clay,R128,True,True,0.6328061429189754,99,55,69.24958890418992,25.03524211599579,55,huber_2.5,online
2013-frenchopen-1129,2013-520,104797,104252,Clay,R128,True,True,0.5930192118767745,89,57,58.55178106124258,20.694598769338327,57,huber_2.5,online
2013-frenchopen-1130,2013-520,103722,103786,Clay,R128,False,True,0.6076752324432634,78,48,51.979464256946784,18.4661743591947,48,huber_2.5,online
2013-frenchopen-1130,2013-520,103786,103722,Clay,R128,False,True,0.6583109341997313,93,66,56.58720361726457,19.406672291719303,66,huber_2.5,online
2013-frenchopen-1132,2013-520,104660,104755,Clay,R128,False,True,0.46096551511381023,75,39,52.44997599565061,18.98138028043333,36,huber_2.5,online
2013-frenchopen-1132,2013-520,104755,104660,Clay,R128,False,True,0.7077866364356138,70,52,40.11673360230219,13.457524400874947,52,huber_2.5,online
2013-frenchopen-1133,2013-520,104607,104792,Clay,R128,False,True,0.6390688948069893,182,124,114.62608833908918,39.84136160825513,124,huber_2.5,online
2013-frenchopen-1133,2013-520,104792,104607,Clay,R128,False,True,0.5726243672893526,181,131,115.54041598178844,40.3220743186388,131,huber_2.5,online
2013-frenchopen-1134,2013-520,105208,104297,Clay,R128,False,True,0.7725605513233547,89,59,59.65078556225598,20.957487629877217,59,huber_2.5,online
2013-frenchopen-1134,2013-520,104297,105208,Clay,R128,False,True,0.5693938363220103,82,44,56.79738131843078,20.478508352665788,44,huber_2.5,online
2013-frenchopen-1137,2013-520,104312,104919,Clay,R128,False,True,0.6801707697274622,163,105,106.58634364058094,37.57319934387163,105,huber_2.5,online
2013-frenchopen-1137,2013-520,104919,104312,Clay,R128,False,True,0.6001577770785446,162,96,109.51524552484472,39.12038269775276,96,huber_2.5,online
2013-frenchopen-1138,2013-520,104882,105902,Clay,R128,False,True,0.6342720894039263,70,50,42.88117539000238,14.733866897384928,50,huber_2.5,online
2013-frenchopen-1138,2013-520,105902,104882,Clay,R128,False,True,0.6140110104534057,69,30,51.7581835020154,19.172996318898505,30,huber_2.5,online
2013-frenchopen-1139,2013-520,104651,104273,Clay,R128,False,False,0.6040800640500936,92,48,64.96223349098503,23.580284439205414,48,huber_2.5,online
2013-frenchopen-1139,2013-520,104273,104651,Clay,R128,False,False,0.6315762731537822,102,67,65.7372047629798,23.055415456096917,67,huber_2.5,online
2013-frenchopen-1140,2013-520,104890,104597,Clay,R128,False,True,0.5624819924810912,105,70,69.21004060439694,24.47305019852456,70,huber_2.5,online
2013-frenchopen-1140,2013-520,104597,104890,Clay,R128,False,True,0.747163460971643,107,78,62.61011157941772,21.17559649141395,78,huber_2.5,online
2013-frenchopen-1141,2013-520,105683,103598,Clay,R128,False,True,0.6790052714043859,96,69,57.392646370829716,19.557895771309347,69,huber_2.5,online
2013-frenchopen-1141,2013-520,103598,105683,Clay,R128,False,True,0.6437755141782551,107,60,74.93743757624755,27.092757952745398,60,huber_2.5,online
2013-frenchopen-1142,2013-520,104327,103566,Clay,R128,False,True,0.6724706737743994,131,72,94.42385113751105,34.40462470483039,72,huber_2.5,online
2013-frenchopen-1142,2013-520,103566,104327,Clay,R128,False,True,0.6988353335369227,112,72,73.80441396273078,26.065244191445274,72,huber_2.5,online
2013-frenchopen-1144,2013-520,105011,104731,Clay,R128,False,True,0.5327283307201829,114,64,78.34581860199695,28.16391374393462,64,huber_2.5,online
2013-frenchopen-1144,2013-520,104731,105011,Clay,R128,False,True,0.6868266148993433,90,65,53.44372830881507,18.168311967153546,65,huber_2.5,online
2013-frenchopen-1145,2013-520,104719,103852,Clay,R128,False,True,0.5986525443285474,143,91,94.16196889356048,33.29427317504358,91,huber_2.5,online
2013-frenchopen-1145,2013-520,103852,104719,Clay,R128,False,True,0.7146254778285959,166,102,114.52464374249928,40.99087173421677,102,huber_2.5,online
2013-frenchopen-1146,2013-520,105311,104424,Clay,R128,False,False,0.6535291104335579,77,54,47.348881843892,16.305579033349716,54,huber_2.5,online
2013-frenchopen-1146,2013-520,104424,105311,Clay,R128,False,False,0.7014339062150269,67,34,51.9465828381356,19.267132538178938,34,huber_2.5,online
2013-frenchopen-1148,2013-520,104594,103970,Clay,R128,False,True,0.5497869222493674,86,39,60.83836730873761,22.11146681392249,39,huber_2.5,online
2013-frenchopen-1148,2013-520,103970,104594,Clay,R128,False,True,0.6854775446268291,88,51,62.057509237627414,22.43068329657456,51,huber_2.5,online
2013-frenchopen-1149,2013-520,104542,105379,Clay,R128,False,False,0.7121789904350918,80,55,49.80384261117638,17.23622420551163,55,huber_2.5,online
2013-frenchopen-1149,2013-520,105379,104542,Clay,R128,False,False,0.5474996853708889,76,38,53.023688074473114,19.171472728385343,38,huber_2.5,online
2013-frenchopen-1150,2013-520,103813,103908,Clay,R128,False,True,0.6238795518278841,182,113,120.78453230773792,42.842297811289185,113,huber_2.5,online
2013-frenchopen-1150,2013-520,103908,103813,Clay,R128,False,True,0.636754212502484,153,94,102.17678447918324,36.32496490190077,94,huber_2.5,online
2013-frenchopen-1152,2013-520,103794,104871,Clay,R128,False,True,0.6014982065330331,108,61,74.25026940921248,26.691628788915136,61,huber_2.5,online
2013-frenchopen-1152,2013-520,104871,103794,Clay,R128,False,True,0.6826801003137671,85,61,50.833739913153984,17.3274579076957,61,huber_2.5,online
2013-frenchopen-1154,2013-520,104678,103484,Clay,R128,False,True,0.6164471621137549,71,49,44.7874642186982,15.568682473997264,49,huber_2.5,online
2013-frenchopen-1154,2013-520,103484,104678,Clay,R128,False,True,0.5462868614127272,79,37,55.56279462507454,20.150689716679477,37,huber_2.5,online
2013-frenchopen-1156,2013-520,104332,105227,Clay,R128,False,True,0.5731823853509465,86,40,61.42638304749011,22.399681203311957,40,huber_2.5,online
2013-frenchopen-1156,2013-520,105227,104332,Clay,R128,False,True,0.6438456069052381,60,46,34.70710418420966,11.638434096588558,46,huber_2.5,online
2013-frenchopen-1157,2013-520,104468,103720,Clay,R128,False,True,0.5899609609231175,118,67,80.822475351653,29.01559561507498,67,huber_2.5,online
2013-frenchopen-1157,2013-520,103720,104468,Clay,R128,False,True,0.5896616097412958,138,69,97.90959012501548,35.609410188073255,69,huber_2.5,online
2013-frenchopen-1158,2013-520,105173,104655,Clay,R128,False,False,0.5822952617476644,190,109,129.6561800396982,46.482509591227554,109,huber_2.5,online
2013-frenchopen-1158,2013-520,104655,105173,Clay,R128,False,False,0.6542341932479444,145,94,94.04492361149221,33.06721671353081,94,huber_2.5,online
2013-frenchopen-1160,2013-520,105041,105023,Clay,R128,False,True,0.6494069111949168,88,53,59.56439184861811,21.275049008418403,53,huber_2.5,online
2013-frenchopen-1160,2013-520,105023,105041,Clay,R128,False,True,0.7152766747253148,77,58,43.30348931792149,14.422701280133474,58,huber_2.5,online
2013-frenchopen-1161,2013-520,103898,105575,Clay,R128,False,True,0.5403699053406807,159,106,106.44180710595946,37.86952196884119,106,huber_2.5,online
2013-frenchopen-1161,2013-520,105575,103898,Clay,R128,False,True,0.669093884858729,153,96,101.61323897050715,36.030028000691985,96,huber_2.5,online
2013-frenchopen-1163,2013-520,104500,103926,Clay,R128,False,False,0.6397385282304952,123,76,81.93236034955945,29.099386002774704,76,huber_2.5,online
2013-frenchopen-1163,2013-520,103926,104500,Clay,R128,False,False,0.5998505269756012,103,59,70.45376505511236,25.279165252308424,59,huber_2.5,online
2013-frenchopen-1164,2013-520,105807,103819,Clay,R128,False,False,0.5173189250350179,79,38,54.9100021905445,19.82565244309017,38,huber_2.5,online
2013-frenchopen-1164,2013-520,103819,105807,Clay,R128,False,False,0.7509092421905509,59,47,30.14336825544609,9.682547944512272,47,huber_2.5,online
2013-frenchopen-1201,2013-520,104925,105550,Clay,R64,False,False,0.7481207035119171,68,48,41.505271161534516,14.23896438043123,48,huber_2.5,online
2013-frenchopen-1201,2013-520,105550,104925,Clay,R64,False,False,0.47644744874434264,83,38,57.293422338016185,20.631174122874377,45,huber_2.5,online
2013-frenchopen-1202,2013-520,106298,105777,Clay,R64,False,False,0.5525074930762864,77,44,52.639835504834274,18.884709412005883,44,huber_2.5,online
2013-frenchopen-1202,2013-520,105777,106298,Clay,R64,False,False,0.5390173258380154,87,62,57.676339475389106,20.43880354324627,62,huber_2.5,online
2013-frenchopen-1205,2013-520,103163,106058,Clay,R64,False,True,0.6259843919897025,112,77,70.49011900865203,24.486327043234176,77,huber_2.5,online
2013-frenchopen-1205,2013-520,106058,103163,Clay,R64,False,True,0.6307861445879797,100,61,66.96688243195351,23.83320638068324,61,huber_2.5,online
2013-frenchopen-1206,2013-520,105992,104545,Clay,R64,False,True,0.6893153390594677,185,120,120.63026650436314,42.468111408321505,120,huber_2.5,online
2013-frenchopen-1206,2013-520,104545,105992,Clay,R64,False,True,0.7194828146867582,158,118,89.69308285334759,29.99162799339871,118,huber_2.5,online
2013-frenchopen-1208,2013-520,104269,104386,Clay,R64,False,True,0.6094301638506252,191,117,127.51300528215086,45.33172045965468,117,huber_2.5,online
2013-frenchopen-1208,2013-520,104386,104269,Clay,R64,False,True,0.6521499311354455,190,120,125.2165555362813,44.29092773668668,120,huber_2.5,online
2013-frenchopen-1209,2013-520,104745,105373,Clay,R64,False,True,0.7257609051112792,100,65,66.11617530356388,23.323971474328026,65,huber_2.5,online
2013-frenchopen-1209,2013-520,105373,104745,Clay,R64,False,True,0.49577529155047356,103,55,71.45698377607317,25.78141131977948,48,huber_2.5,online
2013-frenchopen-1210,2013-520,104586,104926,Clay,R64,False,True,0.6377890413073309,126,72,87.22037268938857,31.412010564421607,72,huber_2.5,online
2013-frenchopen-1210,2013-520,104926,104586,Clay,R64,False,True,0.6551386188555948,110,77,67.69616971378329,23.321379787000197,77,huber_2.5,online
2013-frenchopen-1211,2013-520,105332,103997,Clay,R64,False,True,0.5534864322712629,82,54,54.51796792983198,19.34393823279005,54,huber_2.5,online
2013-frenchopen-1211,2013-520,103997,105332,Clay,R64,False,True,0.5763691401260087,102,54,70.98123077516658,25.636674206729715,54,huber_2.5,online
2013-frenchopen-1212,2013-520,104813,105453,Clay,R64,False,True,0.5612724280152467,134,63,94.8808197013327,34.49325702239638,63,huber_2.5,online
2013-frenchopen-1212,2013-520,105453,104813,Clay,R64,False,True,0.6470255596230293,111,64,76.80754942993308,27.64999867166211,64,huber_2.5,online
2013-frenchopen-1213,2013-520,104527,104547,Clay,R64,False,False,0.6924264864433934,98,70,58.74187648339904,20.046826932502523,70,huber_2.5,online
2013-frenchopen-1213,2013-520,104547,104527,Clay,R64,False,False,0.544335539049585,103,62,69.93368563233332,25.021414602308894,62,huber_2.5,online
2013-frenchopen-1215,2013-520,104797,103786,Clay,R64,False,True,0.6421912233836227,103,60,70.76568272339266,25.415238635233536,60,huber_2.5,online
2013-frenchopen-1215,2013-520,103786,104797,Clay,R64,False,True,0.6077815177070218,79,59,48.09717347423086,16.464252398605247,59,huber_2.5,online
2013-frenchopen-1216,2013-520,104308,104755,Clay,R64,False,False,0.5432183039046777,81,35,57.40182603958921,20.87669490813562,35,huber_2.5,online
2013-frenchopen-1216,2013-520,104755,104308,Clay,R64,False,False,0.7082768503664785,64,46,38.04143138078537,12.944519959247753,46,huber_2.5,online
2013-frenchopen-1217,2013-520,104792,105208,Clay,R64,False,True,0.6170468799607777,152,97,99.62394537551418,35.16642680214735,97,huber_2.5,online
2013-frenchopen-1217,2013-520,105208,104792,Clay,R64,False,True,0.6067724461477046,116,75,75.73814758171424,26.69217804071632,75,huber_2.5,online
2013-frenchopen-1219,2013-520,104312,104882,Clay,R64,False,True,0.562363566007419,163,108,107.61569865054037,38.078672943128154,108,huber_2.5,online
2013-frenchopen-1219,2013-520,104882,104312,Clay,R64,False,True,0.5644024117120475,167,100,112.87821903513066,40.31738140943522,100,huber_2.5,online
2013-frenchopen-1220,2013-520,104273,104597,Clay,R64,False,True,0.5971892440578443,75,46,50.08334035978187,17.80621403805679,46,huber_2.5,online
2013-frenchopen-1220,2013-520,104597,104273,Clay,R64,False,True,0.6974333872989026,101,66,65.62386959391857,23.066539178186186,66,huber_2.5,online
2013-frenchopen-1221,2013-520,105683,103566,Clay,R64,False,True,0.7143747968307489,121,86,72.78350569044129,24.877628337095015,86,huber_2.5,online
2013-frenchopen-1221,2013-520,103566,105683,Clay,R64,False,True,0.6385444067132713,145,89,96.90870187590443,34.46124471003424,89,huber_2.5,online
2013-frenchopen-1224,2013-520,103656,103970,Clay,R64,False,True,0.533865069704331,87,37,61.38565640391743,22.290021242465194,37,huber_2.5,online
2013-frenchopen-1224,2013-520,103970,103656,Clay,R64,False,True,0.7039594756505654,72,46,47.79631853747213,16.91597216193975,46,huber_2.5,online
2013-frenchopen-1225,2013-520,104542,103813,Clay,R64,False,True,0.6879623214991432,80,63,43.36206877076488,14.180119955307195,63,huber_2.5,online
2013-frenchopen-1225,2013-520,103813,104542,Clay,R64,False,True,0.5616806911104757,109,66,73.53696347999752,26.246035438948443,66,huber_2.5,online
2013-frenchopen-1226,2013-520,105138,104871,Clay,R64,False,False,0.5961488931553975,80,47,54.23284419221976,19.39348426822508,47,huber_2.5,online
2013-frenchopen-1226,2013-520,104871,105138,Clay,R64,False,False,0.6782404449365681,97,67,60.03150090262869,20.736760189832,67,huber_2.5,online
2013-frenchopen-1228,2013-520,106401,105227,Clay,R64,False,False,0.5319928051500237,80,43,55.23143805124883,19.889926335609246,43,huber_2.5,online
2013-frenchopen-1228,2013-520,105227,106401,Clay,R64,False,False,0.6777189117539733,69,55,37.24888275032821,12.142821418143239,55,huber_2.5,online
2013-frenchopen-1229,2013-520,104468,104655,Clay,R64,False,False,0.6196518747342585,100,67,63.966083992436126,22.36349337177748,67,huber_2.5,online
2013-frenchopen-1229,2013-520,104655,104468,Clay,R64,False,False,0.5378671883111059,115,56,80.2703167490078,29.028502819251024,56,huber_2.5,online
2013-frenchopen-1230,2013-520,104225,105023,Clay,R64,False,True,0.5940046955518876,100,52,70.35299571603294,25.507669496372756,52,huber_2.5,online
2013-frenchopen-1230,2013-520,105023,104225,Clay,R64,False,True,0.7147779830316633,95,59,64.97276078995247,23.19241667981094,59,huber_2.5,online
2013-frenchopen-1231,2013-520,103898,104735,Clay,R64,False,True,0.5949278407597769,176,105,118.6900854981958,42.358441325598776,105,huber_2.5,online
2013-frenchopen-1231,2013-520,104735,103898,Clay,R64,False,True,0.5712305884299302,176,110,117.4870314479891,41.75884233322411,110,huber_2.5,online
2013-frenchopen-1232,2013-520,104500,103819,Clay,R64,False,True,0.49261614344644106,75,35,51.920373700597764,18.717169817552467,40,huber_2.5,online
2013-frenchopen-1232,2013-520,103819,104500,Clay,R64,False,True,0.707800294047987,65,48,37.50388055214887,12.614953427930343,48,huber_2.5,online
2013-frenchopen-1301,2013-520,104925,105777,Clay,R32,False,True,0.725089064339127,71,52,41.25081476187267,13.919282045648329,52,huber_2.5,online
2013-frenchopen-1301,2013-520,105777,104925,Clay,R32,False,True,0.49699014907571226,84,42,58.22588514064583,21.000760973017258,42,huber_2.5,online
2013-frenchopen-1302,2013-520,103812,104259,Clay,R32,False,True,0.6371850998411892,81,39,60.159332966709385,22.185955180616972,39,huber_2.5,online
2013-frenchopen-1302,2013-520,104259,103812,Clay,R32,False,True,0.7089352965435862,95,63,61.16614406918305,21.420131830615677,63,huber_2.5,online
2013-frenchopen-1303,2013-520,103163,104545,Clay,R32,False,True,0.6949359574780076,208,151,122.62658565097306,41.58002572078374,151,huber_2.5,online
2013-frenchopen-1303,2013-520,104545,103163,Clay,R32,False,True,0.7111344042440242,229,156,143.8303826114255,49.93414614185069,156,huber_2.5,online
2013-frenchopen-1304,2013-520,104022,104386,Clay,R32,False,True,0.5878703652632008,85,61,53.680194141299296,18.65509857803808,61,huber_2.5,online
2013-frenchopen-1304,2013-520,104386,104022,Clay,R32,False,True,0.6259964572899733,88,53,59.24791037990182,21.1290732067474,53,huber_2.5,online
2013-frenchopen-1305,2013-520,104745,104926,Clay,R32,False,True,0.669672024180669,104,66,68.5552669459305,24.243197285056084,66,huber_2.5,online
2013-frenchopen-1305,2013-520,104926,104745,Clay,R32,False,True,0.49585248165986123,129,73,89.56144339530513,32.3227268579636,56,huber_2.5,online
2013-frenchopen-1306,2013-520,105332,105453,Clay,R32,False,True,0.5346066388837322,137,76,94.25023820748987,33.8949742820556,76,huber_2.5,online
2013-frenchopen-1306,2013-520,105453,105332,Clay,R32,False,True,0.5883980904087618,119,76,78.47775804063104,27.762755480672823,76,huber_2.5,online
2013-frenchopen-1307,2013-520,104527,105668,Clay,R32,False,True,0.6852228260024158,120,85,72.58711162667197,24.855758132557753,85,huber_2.5,online
2013-frenchopen-1307,2013-520,105668,104527,Clay,R32,False,True,0.6260980301629044,132,81,88.09995717913628,31.315953238960216,81,huber_2.5,online
2013-frenchopen-1308,2013-520,103786,104755,Clay,R32,False,True,0.595764781397833,97,55,66.52686489429885,23.89463449737712,55,huber_2.5,online
2013-frenchopen-1308,2013-520,104755,103786,Clay,R32,False,True,0.6707162713362252,87,59,54.66852955647529,18.993327529585116,59,huber_2.5,online
2013-frenchopen-1309,2013-520,104792,103990,Clay,R32,False,True,0.6627568326284761,166,100,112.87348133501087,40.36357226079594,100,huber_2.5,online
2013-frenchopen-1309,2013-520,103990,104792,Clay,R32,False,True,0.6180817741031565,158,104,102.01562213888175,35.7989535441473,104,huber_2.5,online
2013-frenchopen-1311,2013-520,105683,104731,Clay,R32,False,True,0.7109157118231948,131,78,92.38866946478798,33.30469951611906,78,huber_2.5,online
2013-frenchopen-1311,2013-520,104731,105683,Clay,R32,False,True,0.6819272132090292,97,73,55.43816251511684,18.546025110639917,73,huber_2.5,online
2013-frenchopen-1312,2013-520,103852,103970,Clay,R32,False,True,0.558470083326422,104,51,73.03826911833647,26.472490233649513,51,huber_2.5,online
2013-frenchopen-1312,2013-520,103970,103852,Clay,R32,False,True,0.6935197724818676,87,58,55.522039702813416,19.39606810173058,58,huber_2.5,online
2013-frenchopen-1313,2013-520,104542,104871,Clay,R32,False,True,0.6963447414950056,72,57,38.50682770017846,12.529211398127087,57,huber_2.5,online
2013-frenchopen-1313,2013-520,104871,104542,Clay,R32,False,True,0.6138428922723123,74,45,49.55455001808252,17.637568828591476,45,huber_2.5,online
2013-frenchopen-1314,2013-520,104678,105227,Clay,R32,False,True,0.5610423347127391,126,81,83.86552570641558,29.771972945366336,81,huber_2.5,online
2013-frenchopen-1314,2013-520,105227,104678,Clay,R32,False,True,0.6043356957742224,117,70,78.83167110208525,28.12393367447774,70,huber_2.5,online
2013-frenchopen-1315,2013-520,104468,105023,Clay,R32,False,True,0.6192951469918908,137,84,91.43429382570706,32.50154294037829,84,huber_2.5,online
2013-frenchopen-1315,2013-520,105023,104468,Clay,R32,False,True,0.6270422982167294,130,81,86.13426665252665,30.532813376769152,81,huber_2.5,online
2013-frenchopen-1316,2013-520,103898,103819,Clay,R32,False,True,0.5686787548127031,83,49,56.24821157222149,20.111310700907197,49,huber_2.5,online
2013-frenchopen-1316,2013-520,103819,103898,Clay,R32,False,True,0.7283931877312012,79,64,39.83351117124837,12.679646209130699,64,huber_2.5,online
2013-frenchopen-1401,2013-520,104925,104259,Clay,R16,False,True,0.7128266832460951,141,94,90.46105475215155,31.63376867874978,94,huber_2.5,online
2013-frenchopen-1401,2013-520,104259,104925,Clay,R16,False,True,0.5508647321070161,116,76,77.33346251062638,27.468987276936367,76,huber_2.5,online
2013-frenchopen-1402,2013-520,103163,104022,Clay,R16,False,True,0.6099883382816333,70,43,46.67818713996581,16.587007006550717,43,huber_2.5,online
2013-frenchopen-1402,2013-520,104022,103163,Clay,R16,False,True,0.6066157627121318,58,22,44.58377727408058,16.65190208777384,22,huber_2.5,online
2013-frenchopen-1403,2013-520,104745,105453,Clay,R16,False,True,0.653292891107227,78,55,47.778457736132154,16.427526900761684,55,huber_2.5,online
2013-frenchopen-1403,2013-520,105453,104745,Clay,R16,False,True,0.4951958333102167,78,42,54.126732507087056,19.530625241510194,36,huber_2.5,online
2013-frenchopen-1404,2013-520,104527,104755,Clay,R16,False,True,0.6226282326986141,175,122,109.45408865288582,37.920246548383076,122,huber_2.5,online
2013-frenchopen-1404,2013-520,104755,104527,Clay,R16,False,True,0.6412497750914231,194,125,126.27592221798943,44.460603393775564,125,huber_2.5,online
2013-frenchopen-1405,2013-520,103990,104597,Clay,R16,False,True,0.6825166165491368,167,104,112.00649143446142,39.82997537934835,104,huber_2.5,online
2013-frenchopen-1405,2013-520,104597,103990,Clay,R16,False,True,0.6575722471433718,167,102,112.41861318295757,40.066272038353816,102,huber_2.5,online
2013-frenchopen-1406,2013-520,104731,103970,Clay,R16,False,True,0.5908466527834569,86,41,61.7890861572544,22.573154442822215,41,huber_2.5,online
2013-frenchopen-1406,2013-520,103970,104731,Clay,R16,False,True,0.6645590904053734,71,52,42.00271679386945,14.24220830731079,52,huber_2.5,online
2013-frenchopen-1407,2013-520,104542,104678,Clay,R16,False,True,0.6486489305207167,81,60,47.93717537073598,16.24250857783323,60,huber_2.5,online
2013-frenchopen-1407,2013-520,104678,104542,Clay,R16,False,True,0.5922554918671197,87,49,59.75739223064237,21.475653182290728,49,huber_2.5,online
2013-frenchopen-1408,2013-520,104468,103819,Clay,R16,False,True,0.5287104454867169,161,93,110.42545276155079,39.66494950131944,93,huber_2.5,online
2013-frenchopen-1408,2013-520,103819,104468,Clay,R16,False,True,0.6910197879712426,117,79,73.82752432303519,25.687350142578737,79,huber_2.5,online
2013-frenchopen-1501,2013-520,103163,104925,Clay,QF,False,True,0.5412536225082821,4,2,2.7862501659044794,1.0068074454802234,2,huber_2.5,online
2013-frenchopen-1503,2013-520,103990,103970,Clay,QF,False,True,0.5740728407631037,68,31,48.783985299783865,17.817538474811318,31,huber_2.5,online
2013-frenchopen-1503,2013-520,103970,103990,Clay,QF,False,True,0.6240208313641182,62,47,36.83718489132602,12.484965726307534,47,huber_2.5,online
2013-frenchopen-1504,2013-520,104542,103819,Clay,QF,False,True,0.6348106116866837,76,56,45.59478389518675,15.52803445705306,56,huber_2.5,online
2013-frenchopen-1504,2013-520,103819,104542,Clay,QF,False,True,0.6959886528709301,100,53,75.17080372566244,27.665223288190617,53,huber_2.5,online
2013-frenchopen-1601,2013-520,104925,104745,Clay,SF,False,True,0.6207177952927683,175,106,117.44290362286813,41.83367914172825,106,huber_2.5,online
2013-frenchopen-1601,2013-520,104745,104925,Clay,SF,False,True,0.6100159006900499,160,108,102.3469517964133,35.77566930610008,108,huber_2.5,online
2013-frenchopen-1602,2013-520,103970,104542,Clay,SF,False,True,0.6318679444356838,88,58,56.60574836629006,19.837943175533802,58,huber_2.5,online
2013-frenchopen-1602,2013-520,104542,103970,Clay,SF,False,True,0.6152968845931978,103,54,73.03400615601103,26.542732851514415,54,huber_2.5,online
2013-frenchopen-1701,2013-520,104745,103970,Clay,F,False,True,0.6255286733700591,87,54,57.74845933888979,20.484795821138846,54,huber_2.5,online
2013-frenchopen-1701,2013-520,103970,104745,Clay,F,False,True,0.5661035038647197,85,39,60.59782161929938,22.084146751024445,39,huber_2.5,online
2013-wimbledon-1101,2013-540,104925,104252,Grass,R128,False,True,0.7325418206978134,87,67,47.228576001906674,15.525120185693268,67,huber_2.5,online
2013-wimbledon-1101,2013-540,104252,104925,Grass,R128,False,True,0.5676851490442487,108,66,72.58967736567354,25.870334598261387,66,huber_2.5,online
2013-wimbledon-1104,2013-540,105992,104871,Grass,R128,False,True,0.6806252332101698,155,100,101.25079691815878,35.678813110737735,100,huber_2.5,online
2013-wimbledon-1104,2013-540,104871,105992,Grass,R128,False,True,0.6992119992360376,119,88,68.72835076217848,23.117481099660523,88,huber_2.5,online
2013-wimbledon-1105,2013-540,104468,103852,Grass,R128,False,True,0.674076986852454,119,76,78.18227776322144,27.61149231871292,76,huber_2.5,online
2013-wimbledon-1105,2013-540,103852,104468,Grass,R128,False,True,0.6335011299575117,85,72,45.91640960942142,14.888350227001064,72,huber_2.5,online
2013-wimbledon-1108,2013-540,104098,103163,Grass,R128,False,True,0.6321247462984863,95,61,61.97916679147602,21.84104196546261,61,huber_2.5,online
2013-wimbledon-1108,2013-540,103163,104098,Grass,R128,False,True,0.7713073959353364,98,74,54.62448967038014,18.148185105976093,74,huber_2.5,online
2013-wimbledon-1109,2013-540,104755,104719,Grass,R128,False,True,0.7592982340491472,129,87,83.77263351647025,29.254968537138193,87,huber_2.5,online
2013-wimbledon-1109,2013-540,104719,104755,Grass,R128,False,True,0.5988347834129213,146,88,98.09987113929158,34.96113040180511,88,huber_2.5,online
2013-wimbledon-1112,2013-540,106071,105023,Grass,R128,False,True,0.6919944059734754,156,106,97.90867185603894,33.99876216580218,106,huber_2.5,online
2013-wimbledon-1112,2013-540,105023,106071,Grass,R128,False,True,0.713695186240781,149,109,86.79355577575188,29.309211410135937,109,huber_2.5,online
2013-wimbledon-1116,2013-540,105373,104607,Grass,R128,False,True,0.634097729186125,97,56,66.7318716445261,23.98280755657703,56,huber_2.5,online
2013-wimbledon-1116,2013-540,104607,105373,Grass,R128,False,True,0.7320656796648503,82,64,43.66688396847846,14.241046069038218,64,huber_2.5,online
2013-wimbledon-1117,2013-540,103970,104651,Grass,R128,False,False,0.7594269862610745,100,72,59.706244911891176,20.315448724563097,72,huber_2.5,online
2013-wimbledon-1117,2013-540,104651,103970,Grass,R128,False,False,0.4613829623880972,110,66,78.27779325087386,28.513615142792965,44,huber_2.5,online
2013-wimbledon-1121,2013-540,105683,104122,Grass,R128,False,True,0.716914955208737,72,58,36.97039813713316,11.843493011926576,58,huber_2.5,online
2013-wimbledon-1121,2013-540,104122,105683,Grass,R128,False,True,0.6138021708800333,104,60,71.14679932676094,25.526062412008333,60,huber_2.5,online
2013-wimbledon-1124,2013-540,104471,104259,Grass,R128,True,True,0.6262569522978859,155,109,96.28399401578406,33.266638795783535,109,huber_2.5,online
2013-wimbledon-1124,2013-540,104259,104471,Grass,R128,True,True,0.7622354050723261,168,112,110.85053686893575,38.867741805088826,112,huber_2.5,online
2013-wimbledon-1129,2013-540,105777,104620,Grass,R128,False,True,0.6281159504559133,63,53,34.53834791955961,11.275077026352717,53,huber_2.5,online
2013-wimbledon-1129,2013-540,104620,105777,Grass,R128,False,True,0.6517470872826011,86,47,61.25886447379166,22.266360652631978,47,huber_2.5,online
2013-wimbledon-1132,2013-540,105077,105223,Grass,R128,False,True,0.6133967345446176,76,39,54.22417251196177,19.75047680571983,39,huber_2.5,online
2013-wimbledon-1132,2013-540,105223,105077,Grass,R128,False,True,0.7462042285311674,79,57,46.854047696946566,15.921557250992697,57,huber_2.5,online
2013-wimbledon-1133,2013-540,104745,104327,Grass,R128,False,True,0.7968605128600413,119,73,89.89419177238933,32.22177968014657,73,huber_2.5,online
2013-wimbledon-1133,2013-540,104327,104745,Grass,R128,False,True,0.54554187727613,121,81,80.63001270502762,28.633744604564594,81,huber_2.5,online
2013-wimbledon-1140,2013-540,103720,104527,Grass,R128,False,True,0.6182127755321823,99,63,64.96222864416615,22.941706830234267,63,huber_2.5,online
2013-wimbledon-1140,2013-540,104527,103720,Grass,R128,False,True,0.7073230788316772,105,61,75.1845137101125,27.238707856567302,61,huber_2.5,online
2013-wimbledon-1141,2013-540,104597,105132,Grass,R128,False,True,0.7934802059745334,83,72,34.00647046640069,9.99654983335839,72,huber_2.5,online
2013-wimbledon-1141,2013-540,105132,104597,Grass,R128,False,True,0.6642762107316248,124,78,82.1139239974269,29.089508759718314,78,huber_2.5,online
2013-wimbledon-1144,2013-540,106378,105668,Grass,R128,False,False,0.6629834968716478,90,49,64.73181239839931,23.586857847752754,49,huber_2.5,online
2013-wimbledon-1144,2013-540,105668,106378,Grass,R128,False,False,0.7335986201401029,76,57,42.79048667495976,14.270444399859457,57,huber_2.5,online
2013-wimbledon-1145,2013-540,104926,103781,Grass,R128,False,True,0.6693947137591632,132,73,94.60381739618676,34.41615712191216,73,huber_2.5,online
2013-wimbledon-1145,2013-540,103781,104926,Grass,R128,False,True,0.5890164779756598,130,84,85.36459329435318,30.147485172579774,84,huber_2.5,online
2013-wimbledon-1147,2013-540,104297,104660,Grass,R128,False,True,0.6655072248093314,42,24,29.485458812470217,10.657447592635648,24,huber_2.5,online
2013-wimbledon-1147,2013-540,104660,104297,Grass,R128,False,True,0.6545705753193892,27,24,13.35952162548305,4.149103612666135,24,huber_2.5,online
2013-wimbledon-1148,2013-540,103812,103819,Grass,R128,False,True,0.6000573778937135,61,29,44.13706393766967,16.160872344810027,29,huber_2.5,online
2013-wimbledon-1148,2013-540,103819,103812,Grass,R128,False,True,0.7926320965411042,56,49,22.400234348712644,6.504930405131983,49,huber_2.5,online
2013-wimbledon-1149,2013-540,104542,105676,Grass,R128,False,True,0.7294232314412118,92,69,51.83516604813619,17.288953113197618,69,huber_2.5,online
2013-wimbledon-1149,2013-540,105676,104542,Grass,R128,False,True,0.653049158829407,99,65,63.688140640255384,22.324456533108897,65,huber_2.5,online
2013-wimbledon-1156,2013-540,104571,105227,Grass,R128,False,True,0.6234038115542279,71,47,45.648320294377015,15.992935884386666,47,huber_2.5,online
2013-wimbledon-1156,2013-540,105227,104571,Grass,R128,False,True,0.6843695040361526,80,61,45.0451733519767,14.975849951964541,61,huber_2.5,online
2013-wimbledon-1157,2013-540,104386,104678,Grass,R128,False,True,0.6671160351984465,101,68,63.82453022656425,22.22164345931966,68,huber_2.5,online
2013-wimbledon-1157,2013-540,104678,104386,Grass,R128,False,True,0.6561037362713791,95,71,55.53994755094277,18.72812016064419,71,huber_2.5,online
2013-wimbledon-1160,2013-540,104898,104022,Grass,R128,False,True,0.6118262194660283,123,76,81.81553251329089,29.04516734877309,76,huber_2.5,online
2013-wimbledon-1160,2013-540,104022,104898,Grass,R128,False,True,0.6356352271561571,92,70,53.930324945771304,18.182025262309075,70,huber_2.5,online
2013-wimbledon-1163,2013-540,104868,104229,Grass,R128,False,True,0.6591822531232902,168,112,106.95539995794786,37.342744096276164,112,huber_2.5,online
2013-wimbledon-1163,2013-540,104229,104868,Grass,R128,False,True,0.6123992919395813,169,116,107.1153268088406,37.303923147826126,116,huber_2.5,online
2013-wimbledon-1164,2013-540,103794,104918,Grass,R128,False,True,0.5207061338335626,79,43,54.53637520671067,19.6389278374534,43,huber_2.5,online
2013-wimbledon-1164,2013-540,104918,103794,Grass,R128,False,True,0.7624889200544138,86,59,54.812477912472616,19.025791809273347,59,huber_2.5,online
2013-wimbledon-1201,2013-540,104925,104035,Grass,R64,False,True,0.8025326789051568,73,61,32.88513096293325,10.107298325451058,61,huber_2.5,online
2013-wimbledon-1201,2013-540,104035,104925,Grass,R64,False,True,0.5935812801719861,121,68,83.18719643739428,29.90593297325417,68,huber_2.5,online
2013-wimbledon-1204,2013-540,104499,103163,Grass,R64,False,True,0.6074327524686257,89,52,60.51947261218349,21.66572858393628,52,huber_2.5,online
2013-wimbledon-1204,2013-540,103163,104499,Grass,R64,False,True,0.6942189127448941,74,61,37.66655969528445,11.968845157262933,61,huber_2.5,online
2013-wimbledon-1205,2013-540,104755,104424,Grass,R64,False,True,0.7259961231028198,107,70,70.31542416459743,24.75707243695997,70,huber_2.5,online
2013-wimbledon-1205,2013-540,104424,104755,Grass,R64,False,True,0.6341242730320993,124,65,88.93040269345353,32.425930118239656,65,huber_2.5,online
2013-wimbledon-1206,2013-540,103484,106071,Grass,R64,False,True,0.6253022725184063,94,53,65.13162699909381,23.47223472261716,53,huber_2.5,online
2013-wimbledon-1206,2013-540,106071,103484,Grass,R64,False,True,0.6903271077983466,99,67,62.341150739976506,21.67476761538333,67,huber_2.5,online
2013-wimbledon-1208,2013-540,104978,104607,Grass,R64,False,True,0.7040457947963338,101,64,67.50773033758826,23.945866864279807,64,huber_2.5,online
2013-wimbledon-1208,2013-540,104607,104978,Grass,R64,False,True,0.805912896122441,81,66,38.83317784276923,12.228640998891077,66,huber_2.5,online
2013-wimbledon-1209,2013-540,103970,105138,Grass,R64,False,False,0.7496746611943882,131,86,87.1026951775396,30.679543065001845,86,huber_2.5,online
2013-wimbledon-1209,2013-540,105138,103970,Grass,R64,False,False,0.5361624261517837,142,87,96.48082374786861,34.52849875439894,87,huber_2.5,online
2013-wimbledon-1210,2013-540,105053,105238,Grass,R64,False,True,0.6689125935506448,102,59,71.25504434464696,25.707607857710226,59,huber_2.5,online
2013-wimbledon-1210,2013-540,105238,105053,Grass,R64,False,True,0.6955446960691415,76,60,40.81129610519851,13.302100713176516,60,huber_2.5,online
2013-wimbledon-1211,2013-540,105683,104997,Grass,R64,False,True,0.8044241202858592,109,74,73.21775858764242,25.478930215139794,74,huber_2.5,online
2013-wimbledon-1211,2013-540,104997,105683,Grass,R64,False,True,0.7130416783132916,94,75,49.086102999483316,15.836021144118808,75,huber_2.5,online
2013-wimbledon-1213,2013-540,105453,104919,Grass,R64,False,True,0.7114091872252337,106,70,68.57436217733635,24.049635145324846,70,huber_2.5,online
2013-wimbledon-1213,2013-540,104919,105453,Grass,R64,False,True,0.6213952042893545,106,59,73.72082352538264,26.605357884719883,59,huber_2.5,online
2013-wimbledon-1215,2013-540,105777,104813,Grass,R64,False,True,0.6766564541494584,190,136,114.08861120761429,38.94359629034975,136,huber_2.5,online
2013-wimbledon-1215,2013-540,104813,105777,Grass,R64,False,True,0.6218044308522135,188,131,117.66558366724172,40.775700159479754,131,huber_2.5,online
2013-wimbledon-1216,2013-540,105028,105223,Grass,R64,False,True,0.6010551760251416,100,57,68.53098964252584,24.606442395795252,57,huber_2.5,online
2013-wimbledon-1216,2013-540,105223,105028,Grass,R64,False,True,0.7534380232722668,86,62,51.156133362957995,17.39320663670711,62,huber_2.5,online
2013-wimbledon-1219,2013-540,104545,105173,Grass,R64,True,True,0.8059691698649445,5,5,1.0785489399749943,0.18823981521449384,5,huber_2.5,online
2013-wimbledon-1219,2013-540,105173,104545,Grass,R64,True,True,0.6644511403444988,5,4,2.7271634287491855,0.8918674667695339,4,huber_2.5,online
2013-wimbledon-1220,2013-540,104460,103720,Grass,R64,False,True,0.6975227128970336,146,96,94.36859385662679,33.11017763482623,96,huber_2.5,online
2013-wimbledon-1220,2013-540,103720,104460,Grass,R64,False,True,0.6846783540520299,130,81,87.23723575795539,31.024084949532742,81,huber_2.5,online
2013-wimbledon-1221,2013-540,104597,105558,Grass,R64,False,True,0.7829403560785239,125,91,74.20541273149769,25.129305340754374,91,huber_2.5,online
2013-wimbledon-1221,2013-540,105558,104597,Grass,R64,False,True,0.6215614368001334,123,81,79.32862666077882,27.826697463575073,81,huber_2.5,online
2013-wimbledon-1222,2013-540,103285,105668,Grass,R64,True,True,0.6985109846266744,65,36,47.68858668321059,17.421852823747642,36,huber_2.5,online
2013-wimbledon-1222,2013-540,105668,103285,Grass,R64,True,True,0.694261479634532,42,33,22.707143840194107,7.422700432502735,33,huber_2.5,online
2013-wimbledon-1224,2013-540,104660,103819,Grass,R64,False,True,0.524687305786052,165,119,110.96337326617243,39.54838808366892,119,huber_2.5,online
2013-wimbledon-1224,2013-540,103819,104660,Grass,R64,False,True,0.7862780393355071,158,115,94.00356548326528,31.83688946515707,115,huber_2.5,online
2013-wimbledon-1225,2013-540,104542,105208,Grass,R64,True,True,0.7249024545955799,84,53,57.06057900705798,20.300959581879056,53,huber_2.5,online
2013-wimbledon-1225,2013-540,105208,104542,Grass,R64,True,True,0.6642891408206829,85,57,53.87729373518083,18.77984326848604,57,huber_2.5,online
2013-wimbledon-1226,2013-540,104269,103898,Grass,R64,False,True,0.6866396076609126,97,75,53.72475789904897,17.73703207931011,75,huber_2.5,online
2013-wimbledon-1226,2013-540,103898,104269,Grass,R64,False,True,0.6750086553481898,126,79,83.87531772668497,29.75885473915239,79,huber_2.5,online
2013-wimbledon-1227,2013-540,104338,104330,Grass,R64,False,False,0.7762873088733274,102,78,55.68956584959382,18.36662237937579,78,huber_2.5,online
2013-wimbledon-1227,2013-540,104330,104338,Grass,R64,False,False,0.6537004002680242,133,79,90.84773785259725,32.54945712795866,79,huber_2.5,online
2013-wimbledon-1230,2013-540,105577,104022,Grass,R64,False,False,0.6025665948145816,158,108,100.84456025497961,35.213282707507915,108,huber_2.5,online
2013-wimbledon-1230,2013-540,104022,105577,Grass,R64,False,False,0.7006446072337735,163,115,98.80571025198691,33.8689074364924,115,huber_2.5,online
2013-wimbledon-1231,2013-540,103990,103917,Grass,R64,False,True,0.6960737904550653,100,80,52.80337505590239,17.080065703037768,80,huber_2.5,online
2013-wimbledon-1231,2013-540,103917,103990,Grass,R64,False,True,0.6112349689905919,94,66,58.94391695613941,20.436153701033277,66,huber_2.5,online
2013-wimbledon-1232,2013-540,104229,104918,Grass,R64,False,True,0.5470450513559766,108,62,73.83017542741986,26.48630875886971,62,huber_2.5,online
2013-wimbledon-1232,2013-540,104918,104229,Grass,R64,False,True,0.7349587609886099,82,64,43.60987411734275,14.218757782478766,64,huber_2.5,online
2013-wimbledon-1301,2013-540,104925,104871,Grass,R32,False,True,0.7694806054736146,58,52,22.4305772381897,6.315840358346431,52,huber_2.5,online
2013-wimbledon-1301,2013-540,104871,104925,Grass,R32,False,True,0.604540094734539,89,47,62.618149067340795,22.699947721559774,47,huber_2.5,online
2013-wimbledon-1302,2013-540,103852,103163,Grass,R32,False,True,0.6589860003989966,125,78,83.09422525159994,29.481002527989826,78,huber_2.5,online
2013-wimbledon-1302,2013-540,103163,103852,Grass,R32,False,True,0.7123491688773874,111,81,64.85439143599679,21.92542320429705,81,huber_2.5,online
2013-wimbledon-1303,2013-540,104755,106071,Grass,R32,False,True,0.71529172566365,141,110,75.80212614856816,24.77737799920341,110,huber_2.5,online
2013-wimbledon-1303,2013-540,106071,104755,Grass,R32,False,True,0.6311554925205102,166,116,103.2525564674811,35.69923018788373,116,huber_2.5,online
2013-wimbledon-1304,2013-540,104731,104607,Grass,R32,False,True,0.6642860793693388,121,78,78.83962969016777,27.765767042893536,78,huber_2.5,online
2013-wimbledon-1304,2013-540,104607,104731,Grass,R32,False,True,0.7355545832619924,124,81,82.07275062375884,28.929185086314924,81,huber_2.5,online
2013-wimbledon-1305,2013-540,103970,105238,Grass,R32,False,True,0.6911567111834729,144,98,90.24647099765903,31.32173892364877,98,huber_2.5,online
2013-wimbledon-1305,2013-540,105238,103970,Grass,R32,False,True,0.6306757383431975,187,109,127.93927480233587,45.89229189797882,109,huber_2.5,online
2013-wimbledon-1306,2013-540,104997,104471,Grass,R32,True,True,0.7450906401163857,42,16,40.246018914334954,15.473822119815566,16,huber_2.5,online
2013-wimbledon-1306,2013-540,104471,104997,Grass,R32,True,True,0.6882335462509835,36,29,18.993690634884153,6.134409228110323,29,huber_2.5,online
2013-wimbledon-1308,2013-540,104813,105223,Grass,R32,False,True,0.61398143525887,101,64,66.43778074283196,23.48466977396138,64,huber_2.5,online
2013-wimbledon-1308,2013-540,105223,104813,Grass,R32,False,True,0.7443711667354302,89,67,49.788070377459974,16.568134271621194,67,huber_2.5,online
2013-wimbledon-1309,2013-540,103997,105332,Grass,R32,False,True,0.6171571266615917,88,58,56.79655305009689,19.927470178304254,58,huber_2.5,online
2013-wimbledon-1309,2013-540,105332,103997,Grass,R32,False,True,0.6345530786562219,77,40,55.43884023892841,20.240389649173128,40,huber_2.5,online
2013-wimbledon-1311,2013-540,104597,105668,Grass,R32,False,True,0.7310086216084231,107,66,74.51589562216952,26.684837668333746,66,huber_2.5,online
2013-wimbledon-1311,2013-540,105668,104597,Grass,R32,False,True,0.7081116272667228,87,68,46.866733046111136,15.320539362044075,68,huber_2.5,online
2013-wimbledon-1312,2013-540,103781,104660,Grass,R32,False,True,0.65479968993924,110,70,72.18503035303937,25.491933142404136,70,huber_2.5,online
2013-wimbledon-1312,2013-540,104660,103781,Grass,R32,False,True,0.59044897936138,107,66,71.37400069587989,25.364144427789643,66,huber_2.5,online
2013-wimbledon-1313,2013-540,105208,104269,Grass,R32,False,True,0.6898286273490235,82,49,56.82509237669156,20.417604398835206,49,huber_2.5,online
2013-wimbledon-1313,2013-540,104269,105208,Grass,R32,False,True,0.6587394591877831,75,58,42.48763021853921,14.13154836604313,58,huber_2.5,online
2013-wimbledon-1314,2013-540,104338,104932,Grass,R32,False,True,0.6935320857798901,109,69,72.55677493669525,25.720128349051496,69,huber_2.5,online
2013-wimbledon-1314,2013-540,104932,104338,Grass,R32,False,True,0.6688976683284857,108,74,67.33833519604572,23.324946882474883,74,huber_2.5,online
2013-wimbledon-1315,2013-540,104678,104022,Grass,R32,False,True,0.6501341819984965,96,58,64.88124906159416,23.161182530048407,58,huber_2.5,online
2013-wimbledon-1315,2013-540,104022,104678,Grass,R32,False,True,0.6382509699317052,90,65,54.6066555746024,18.690160964566946,65,huber_2.5,online
2013-wimbledon-1316,2013-540,103990,104918,Grass,R32,False,True,0.6036619435922868,100,59,67.72471301106577,24.208664870271882,59,huber_2.5,online
2013-wimbledon-1316,2013-540,104918,103990,Grass,R32,False,True,0.7156165145571668,80,60,45.225283997876645,15.094577925695802,60,huber_2.5,online
2013-wimbledon-1401,2013-540,104925,103163,Grass,R16,False,True,0.7370359593566084,89,61,56.01289792855511,19.42837143773351,61,huber_2.5,online
2013-wimbledon-1401,2013-540,103163,104925,Grass,R16,False,True,0.6005089771741567,107,57,74.94692747288813,27.127356990488586,57,huber_2.5,online
2013-wimbledon-1402,2013-540,106071,104607,Grass,R16,False,True,0.6347842516251474,170,104,113.74451286709724,40.46655350089007,104,huber_2.5,online
2013-wimbledon-1402,2013-540,104607,106071,Grass,R16,False,True,0.7353198905262414,139,98,84.62863159160771,29.03395391194647,98,huber_2.5,online
2013-wimbledon-1403,2013-540,103970,104471,Grass,R16,False,True,0.7127877484317134,125,91,73.22616343153521,24.780926574722105,91,huber_2.5,online
2013-wimbledon-1403,2013-540,104471,103970,Grass,R16,False,True,0.587593225611529,148,89,99.58207327947704,35.5077440612629,89,huber_2.5,online
2013-wimbledon-1404,2013-540,104312,105223,Grass,R16,False,True,0.6350143711463763,107,65,71.84868372573179,25.59515966815085,65,huber_2.5,online
2013-wimbledon-1404,2013-540,105223,104312,Grass,R16,False,True,0.703504149953217,102,73,60.928689407038185,20.77003918497296,73,huber_2.5,online
2013-wimbledon-1406,2013-540,105668,103781,Grass,R16,False,True,0.6985393875053568,148,104,90.07252620342722,30.921484231546923,104,huber_2.5,online
2013-wimbledon-1406,2013-540,103781,105668,Grass,R16,False,True,0.6394091699421072,150,104,93.43043721975772,32.32950564294988,104,huber_2.5,online
2013-wimbledon-1407,2013-540,104269,104932,Grass,R16,False,True,0.7067345107600537,77,60,41.67952047938031,13.651331198635994,60,huber_2.5,online
2013-wimbledon-1407,2013-540,104932,104269,Grass,R16,False,True,0.6866392431803294,96,58,65.90008876839056,23.61129901750632,58,huber_2.5,online
2013-wimbledon-1408,2013-540,104022,104918,Grass,R16,False,True,0.5776958911879112,93,52,63.87601289320286,22.95675378712896,52,huber_2.5,online
2013-wimbledon-1408,2013-540,104918,104022,Grass,R16,False,True,0.6925166437043898,108,71,69.72240330105916,24.457201189196667,71,huber_2.5,online
2013-wimbledon-1501,2013-540,104925,104607,Grass,QF,False,True,0.722810768991721,89,63,53.8097191486414,18.424374398609025,63,huber_2.5,online
2013-wimbledon-1501,2013-540,104607,104925,Grass,QF,False,True,0.6352684379487084,99,60,66.5576100033322,23.720820283280396,60,huber_2.5,online
2013-wimbledon-1502,2013-540,103970,105223,Grass,QF,False,True,0.6767841536728394,103,62,70.51181072966715,25.25655438282205,62,huber_2.5,online
2013-wimbledon-1502,2013-540,105223,103970,Grass,QF,False,True,0.6404144527976406,87,66,50.89108870042869,17.146660638344265,66,huber_2.5,online
2013-wimbledon-1503,2013-540,103997,105668,Grass,QF,False,True,0.6349015581230304,100,64,65.347437683517,23.042599410957287,64,huber_2.5,online
2013-wimbledon-1503,2013-540,105668,103997,Grass,QF,False,True,0.697448681519705,103,75,60.498598020534246,20.485468097462466,75,huber_2.5,online
2013-wimbledon-1504,2013-540,104269,104918,Grass,QF,False,True,0.5935643991492537,148,92,98.40654785141638,34.92731755527467,92,huber_2.5,online
2013-wimbledon-1504,2013-540,104918,104269,Grass,QF,False,True,0.7024433164922715,135,95,82.03912565706653,28.148362605897717,95,huber_2.5,online
2013-wimbledon-1601,2013-540,104925,105223,Grass,SF,False,True,0.7270491953309314,177,123,109.3246595247107,37.708192188940686,123,huber_2.5,online
2013-wimbledon-1601,2013-540,105223,104925,Grass,SF,False,True,0.6344044041292473,191,124,123.84575619195476,43.53927683985647,124,huber_2.5,online
2013-wimbledon-1602,2013-540,105668,104918,Grass,SF,False,True,0.6310177735032102,130,81,86.14745455671962,30.538966654483275,81,huber_2.5,online
2013-wimbledon-1602,2013-540,104918,105668,Grass,SF,False,True,0.7268178975006693,113,84,64.43354594367739,21.588454162271717,84,huber_2.5,online
2013-wimbledon-1701,2013-540,104925,104918,Grass,F,False,True,0.6717719622721802,105,55,77.58333234420373,28.4892289260368,55,huber_2.5,online
2013-wimbledon-1701,2013-540,104918,104925,Grass,F,False,True,0.6310363217685744,105,64,70.3444187586861,25.03906894969971,64,huber_2.5,online
2013-usopen-1101,2013-560,104925,105575,Hard,R128,False,True,0.6814893079058213,73,50,45.488018242132185,15.754289615084607,50,huber_2.5,online
2013-usopen-1101,2013-560,105575,104925,Hard,R128,False,True,0.5552109457814837,68,27,49.1033541153887,17.980234141258613,27,huber_2.5,online
2013-usopen-1105,2013-560,105332,104166,Hard,R128,False,True,0.5968815225797327,178,112,117.75873859753182,41.71416319762367,112,huber_2.5,online
2013-usopen-1105,2013-560,104166,105332,Hard,R128,False,True,0.5624476768056824,194,115,131.47573412041305,47.00842782865026,115,huber_2.5,online
2013-usopen-1106,2013-560,105065,105902,Hard,R128,False,True,0.6525576620806256,109,68,72.36961157600317,25.6677917121093,68,huber_2.5,online
2013-usopen-1106,2013-560,105902,105065,Hard,R128,False,True,0.6365907666352535,139,73,99.77576078995412,36.387192850224096,73,huber_2.5,online
2013-usopen-1108,2013-560,104330,104926,Hard,R128,False,False,0.5664259215384105,71,50,45.969993479671984,16.136928892094215,50,huber_2.5,online
2013-usopen-1108,2013-560,104926,104330,Hard,R128,False,False,0.7521991706562764,74,34,65.48683912576399,24.719922228236463,34,huber_2.5,online
2013-usopen-1109,2013-560,103163,103908,Hard,R128,False,True,0.6716207411404012,71,53,41.14180707535526,13.83448525414618,53,huber_2.5,online
2013-usopen-1109,2013-560,103908,103163,Hard,R128,False,True,0.5943611353665887,81,45,55.894580159255234,20.121975714982106,45,huber_2.5,online
2013-usopen-1115,2013-560,103720,104548,Hard,R128,False,True,0.6142088884371272,117,67,80.28011425492544,28.834558309740004,67,huber_2.5,online
2013-usopen-1115,2013-560,104548,103720,Hard,R128,False,True,0.6124044470630292,122,60,88.18489929815416,32.26624957991059,60,huber_2.5,online
2013-usopen-1116,2013-560,104198,105223,Hard,R128,False,True,0.540211711477717,172,102,117.20024375759613,41.99134609198741,102,huber_2.5,online
2013-usopen-1116,2013-560,105223,104198,Hard,R128,False,True,0.7302210432316815,124,93,69.85466558208792,23.298509684224534,93,huber_2.5,online
2013-usopen-1117,2013-560,104918,103566,Hard,R128,False,True,0.6976737798410736,69,51,39.8926617464566,13.422934968573921,51,huber_2.5,online
2013-usopen-1117,2013-560,103566,104918,Hard,R128,False,True,0.5065650560824412,83,43,57.49897859650032,20.73388212854602,43,huber_2.5,online
2013-usopen-1119,2013-560,105385,105373,Hard,R128,False,True,0.5725015628360178,74,49,48.57436703115117,17.148941761346784,49,huber_2.5,online
2013-usopen-1119,2013-560,105373,105385,Hard,R128,False,True,0.6189227367342103,57,20,45.291362618171654,17.07781571128577,20,huber_2.5,online
2013-usopen-1122,2013-560,105041,104500,Hard,R128,False,True,0.604680857904074,137,77,94.41890715277657,33.97168265121075,77,huber_2.5,online
2013-usopen-1122,2013-560,104500,105041,Hard,R128,False,True,0.6194530259296867,147,91,97.68573172042959,34.66669082681345,91,huber_2.5,online
2013-usopen-1123,2013-560,104735,105449,Hard,R128,False,True,0.659208049329005,135,94,83.30711966489338,28.733845786667565,94,huber_2.5,online
2013-usopen-1123,2013-560,105449,104735,Hard,R128,False,True,0.5780787790423265,159,96,106.97734161470964,38.142711313744954,96,huber_2.5,online
2013-usopen-1125,2013-560,104527,103285,Hard,R128,False,True,0.6652585881298706,94,59,62.35108136851525,22.100971574246856,59,huber_2.5,online
2013-usopen-1125,2013-560,103285,104527,Hard,R128,False,True,0.579036840989106,97,53,67.02786438977444,24.144610187751155,53,huber_2.5,online
2013-usopen-1126,2013-560,103484,103333,Hard,R128,False,True,0.6073062936842053,166,118,103.71601402685482,35.899989792369624,118,huber_2.5,online
2013-usopen-1126,2013-560,103333,103484,Hard,R128,False,True,0.7188174130293251,171,119,105.26265434630201,36.27689462890393,119,huber_2.5,online
2013-usopen-1127,2013-560,104571,104424,Hard,R128,False,True,0.6185536950962767,72,54,43.28818223632672,14.744025437244666,54,huber_2.5,online
2013-usopen-1127,2013-560,104424,104571,Hard,R128,False,True,0.5931842059058976,80,45,54.98008090662182,19.76282163936604,45,huber_2.5,online
2013-usopen-1128,2013-560,104978,104731,Hard,R128,False,True,0.6845269201395078,119,78,76.86508889857814,26.974475881322714,78,huber_2.5,online
2013-usopen-1128,2013-560,104731,104978,Hard,R128,False,True,0.7508444068048034,120,85,72.99605024192257,25.008529630790278,85,huber_2.5,online
2013-usopen-1132,2013-560,103893,104607,Hard,R128,False,True,0.5096807119545081,85,38,59.107719679563495,21.345092283225995,38,huber_2.5,online
2013-usopen-1132,2013-560,104607,103893,Hard,R128,False,True,0.6869178667638451,70,46,45.14581837211014,15.833487155283667,46,huber_2.5,online
2013-usopen-1133,2013-560,104755,103188,Hard,R128,False,True,0.6722597792455781,90,61,56.57422248568332,19.658295903257677,61,huber_2.5,online
2013-usopen-1133,2013-560,103188,104755,Hard,R128,False,True,0.549193557469156,99,54,68.2147083908348,24.546838586328242,54,huber_2.5,online
2013-usopen-1138,2013-560,104932,105614,Hard,R128,False,True,0.6395872102500232,158,105,101.01467005389244,35.32003017092949,105,huber_2.5,online
2013-usopen-1138,2013-560,105614,104932,Hard,R128,False,True,0.6401150567566654,126,98,72.33370479527431,24.16560689740379,98,huber_2.5,online
2013-usopen-1140,2013-560,105341,105683,Hard,R128,False,False,0.6210759679374128,109,63,74.64631669972032,26.78958205636996,63,huber_2.5,online
2013-usopen-1140,2013-560,105683,105341,Hard,R128,False,False,0.7260024683451525,94,70,53.485398845353046,17.905135331744543,70,huber_2.5,online
2013-usopen-1141,2013-560,105668,104216,Hard,R128,False,False,0.7148629256239897,110,57,85.63649295928977,31.718816746351056,57,huber_2.5,online
2013-usopen-1141,2013-560,104216,105668,Hard,R128,False,False,0.5991707396455704,93,58,61.70579390463901,21.883712699123883,58,huber_2.5,online
2013-usopen-1142,2013-560,106058,104332,Hard,R128,True,True,0.6583309344027386,100,65,64.76003264682045,22.756940446802275,65,huber_2.5,online
2013-usopen-1142,2013-560,104332,106058,Hard,R128,True,True,0.6193585783601917,91,56,60.63438211442395,21.53989864519908,56,huber_2.5,online
2013-usopen-1144,2013-560,104655,104386,Hard,R128,True,False,0.5457588087878208,97,63,64.9817397780786,23.12609979757619,63,huber_2.5,online
2013-usopen-1144,2013-560,104386,104655,Hard,R128,True,False,0.7042834518259045,89,70,47.68893006820534,15.545667810280563,70,huber_2.5,online
2013-usopen-1148,2013-560,106401,103970,Hard,R128,False,False,0.5085406251952204,95,53,65.67493117700548,23.662982639331474,53,huber_2.5,online
2013-usopen-1148,2013-560,103970,106401,Hard,R128,False,False,0.7943889844985945,83,61,48.840025729026266,16.462014162666254,61,huber_2.5,online
2013-usopen-1149,2013-560,103819,104813,Hard,R128,False,True,0.7519405806477315,80,62,42.76963975386771,13.992538945669102,62,huber_2.5,online
2013-usopen-1149,2013-560,104813,103819,Hard,R128,False,True,0.5516098121092252,88,47,60.84672449534975,21.924735525468208,47,huber_2.5,online
2013-usopen-1150,2013-560,105053,104122,Hard,R128,False,True,0.6209433649062951,165,93,114.16094724750207,41.123693426919246,93,huber_2.5,online
2013-usopen-1150,2013-560,104122,105053,Hard,R128,False,True,0.5379701513855449,144,91,97.3383167736772,34.76474371240803,91,huber_2.5,online
2013-usopen-1152,2013-560,105550,105023,Hard,R128,False,False,0.5951252824138993,144,85,97.4600619808167,34.82977264426129,85,huber_2.5,online
2013-usopen-1152,2013-560,105023,105550,Hard,R128,False,False,0.6593876435187329,118,86,70.27848457562808,23.890788916950076,86,huber_2.5,online
2013-usopen-1153,2013-560,103990,104594,Hard,R128,False,True,0.6495139292619947,127,79,84.41579585262407,29.954078903384982,79,huber_2.5,online
2013-usopen-1153,2013-560,104594,103990,Hard,R128,False,True,0.6033587279687608,130,71,90.43093533145236,32.64848872852651,71,huber_2.5,online
2013-usopen-1155,2013-560,105077,106071,Hard,R128,False,True,0.5922935280825994,192,118,128.19622405176077,45.57455906694487,118,huber_2.5,online
2013-usopen-1155,2013-560,106071,105077,Hard,R128,False,True,0.6581251033048665,146,99,91.86325284835715,31.92801267924245,99,huber_2.5,online
2013-usopen-1156,2013-560,105554,105453,Hard,R128,False,False,0.5350191371381336,95,60,64.32873177066404,22.991023868307103,60,huber_2.5,online
2013-usopen-1156,2013-560,105453,105554,Hard,R128,False,False,0.6452339951813795,87,45,63.24086863777979,23.14938147645787,45,huber_2.5,online
2013-usopen-1157,2013-560,104545,103835,Hard,R128,False,True,0.7733367907884044,70,53,38.8560838963686,12.889785615512718,53,huber_2.5,online
2013-usopen-1157,2013-560,103835,104545,Hard,R128,False,True,0.6394264676460755,62,28,47.20316073753344,17.541822678452704,28,huber_2.5,online
2013-usopen-1158,2013-560,104494,104792,Hard,R128,False,True,0.6578115398725846,70,26,58.07507704879272,22.083921465893464,26,huber_2.5,online
2013-usopen-1158,2013-560,104792,104494,Hard,R128,False,True,0.6498174512347219,49,37,28.540968903067597,9.604381885160898,37,huber_2.5,online
2013-usopen-1160,2013-560,123768,104259,Hard,R128,False,False,0.5826162363842409,74,35,52.98414798457259,19.335547691594925,35,huber_2.5,online
2013-usopen-1160,2013-560,104259,123768,Hard,R128,False,False,0.6952929742391866,62,47,34.906900928443406,11.61526426315166,47,huber_2.5,online
2013-usopen-1161,2013-560,104269,104471,Hard,R128,False,True,0.6639689995592972,132,81,88.78925012149534,31.629859944996024,81,huber_2.5,online
2013-usopen-1161,2013-560,104471,104269,Hard,R128,False,True,0.6153234576762094,157,94,105.8342811881309,37.76299429482975,94,huber_2.5,online
2013-usopen-1164,2013-560,105992,104745,Hard,R128,False,True,0.5079731426004354,92,51,63.621762793138075,22.92611710626492,51,huber_2.5,online
2013-usopen-1164,2013-560,104745,105992,Hard,R128,False,True,0.7216384062512221,71,53,40.309265302685276,13.48043018312353,53,huber_2.5,online
2013-usopen-1201,2013-560,104925,103794,Hard,R64,False,True,0.7477169426099842,80,59,46.07439184694968,15.495850873303656,59,huber_2.5,online
2013-usopen-1201,2013-560,103794,104925,Hard,R64,False,True,0.4800853057849438,95,52,66.28304927461556,23.96690877727503,43,huber_2.5,online
2013-usopen-1203,2013-560,104166,105065,Hard,R64,False,True,0.5525329469615945,187,117,125.70000493154274,44.797017359384895,117,huber_2.5,online
2013-usopen-1203,2013-560,105065,104166,Hard,R64,False,True,0.5937930837158222,155,99,102.05119783598873,36.08045449592275,99,huber_2.5,online
2013-usopen-1204,2013-560,104719,104330,Hard,R64,False,False,0.6917855107396057,130,91,79.4330331983669,27.30877211839519,91,huber_2.5,online
2013-usopen-1204,2013-560,104330,104719,Hard,R64,False,False,0.6610033239440051,142,88,94.84699286943928,33.70682097148842,88,huber_2.5,online
2013-usopen-1205,2013-560,103163,104229,Hard,R64,False,True,0.673783644893587,115,71,77.32263758632794,27.53092843961069,71,huber_2.5,online
2013-usopen-1205,2013-560,104229,103163,Hard,R64,False,True,0.5752051851989516,104,57,71.76162582783877,25.83615341561458,57,huber_2.5,online
2013-usopen-1208,2013-560,103720,105223,Hard,R64,False,True,0.5701046747596474,149,94,99.25366186601049,35.248202832423985,94,huber_2.5,online
2013-usopen-1208,2013-560,105223,103720,Hard,R64,False,True,0.6612153630581714,162,96,111.15064884711646,39.873982820583294,96,huber_2.5,online
2013-usopen-1209,2013-560,104918,104919,Hard,R64,False,True,0.7286058452310571,107,76,64.49297540691882,22.05462463929968,76,huber_2.5,online
2013-usopen-1209,2013-560,104919,104918,Hard,R64,False,True,0.509306613775143,97,56,66.9728516963961,24.118802260188943,56,huber_2.5,online
2013-usopen-1210,2013-560,105385,104252,Hard,R64,False,True,0.5466149093316336,119,62,82.53643043687325,29.775506476209408,62,huber_2.5,online
2013-usopen-1210,2013-560,104252,105385,Hard,R64,False,True,0.6127558553737894,116,69,78.38431659933413,27.99418160062132,69,huber_2.5,online
2013-usopen-1211,2013-560,104312,104500,Hard,R64,False,True,0.6007978969105326,124,75,83.20833677513797,29.63912146700286,75,huber_2.5,online
2013-usopen-1211,2013-560,104500,104312,Hard,R64,False,True,0.5433052116876427,113,65,77.2749807161812,27.725724974912282,65,huber_2.5,online
2013-usopen-1213,2013-560,104527,103333,Hard,R64,False,True,0.7289958093749974,101,76,56.663159320483935,18.86756087371746,76,huber_2.5,online
2013-usopen-1213,2013-560,103333,104527,Hard,R64,False,True,0.6592292583461672,108,73,68.09701281071955,23.687515507900457,73,huber_2.5,online
2013-usopen-1214,2013-560,104571,104731,Hard,R64,False,True,0.6271759774773633,63,48,37.19308077322178,12.572137685828348,48,huber_2.5,online
2013-usopen-1214,2013-560,104731,104571,Hard,R64,False,True,0.6554847036703049,72,38,52.28142262487864,19.118696686750642,38,huber_2.5,online
2013-usopen-1215,2013-560,103898,104871,Hard,R64,False,True,0.6580991337342047,91,57,60.33875414493531,21.388295508076332,57,huber_2.5,online
2013-usopen-1215,2013-560,104871,103898,Hard,R64,False,True,0.6671594689545602,83,42,62.10226283320442,22.9020504401226,42,huber_2.5,online
2013-usopen-1216,2013-560,106045,104607,Hard,R64,False,False,0.5410692061528289,139,75,95.91238122332024,34.53268720978816,75,huber_2.5,online
2013-usopen-1216,2013-560,104607,106045,Hard,R64,False,False,0.71651374583805,116,77,74.83162831863851,26.21034910602565,77,huber_2.5,online
2013-usopen-1217,2013-560,104755,103565,Hard,R64,False,True,0.6945734163429631,115,72,77.24090493177474,27.461134576001857,72,huber_2.5,online
2013-usopen-1217,2013-560,103565,104755,Hard,R64,False,True,0.5383186329837718,94,54,64.35766283886389,23.101560995799225,54,huber_2.5,online
2013-usopen-1219,2013-560,103852,105614,Hard,R64,False,True,0.6521818355202602,150,97,97.43289004535177,34.27789589645588,97,huber_2.5,online
2013-usopen-1219,2013-560,105614,103852,Hard,R64,False,True,0.651994060166575,131,87,83.65519713069725,29.24064286953285,87,huber_2.5,online
2013-usopen-1220,2013-560,104665,105683,Hard,R64,False,True,0.622169765511277,95,49,68.02484591057949,24.801408605948808,49,huber_2.5,online
2013-usopen-1220,2013-560,105683,104665,Hard,R64,False,True,0.7077651117774137,86,56,56.26192983892234,19.810412477569027,56,huber_2.5,online
2013-usopen-1221,2013-560,104216,106058,Hard,R64,False,False,0.6258829833550231,105,68,68.24215211304818,24.01151269332219,68,huber_2.5,online
2013-usopen-1221,2013-560,106058,104216,Hard,R64,False,False,0.5523189217400879,115,79,75.82901222103517,26.81507236596145,79,huber_2.5,online
2013-usopen-1224,2013-560,105138,103970,Hard,R64,False,False,0.5448853216669083,120,62,83.30309476277068,30.062221765469385,62,huber_2.5,online
2013-usopen-1224,2013-560,103970,105138,Hard,R64,False,False,0.651105486707888,119,77,77.26483569897633,27.17841927069802,77,huber_2.5,online
2013-usopen-1225,2013-560,103819,104122,Hard,R64,False,True,0.71190205121744,69,49,41.54002746642446,14.203111587095181,49,huber_2.5,online
2013-usopen-1225,2013-560,104122,103819,Hard,R64,False,True,0.4921057934001256,83,38,57.43103406975129,20.699912989121724,45,huber_2.5,online
2013-usopen-1226,2013-560,105173,105023,Hard,R64,False,True,0.5784006517262709,148,109,93.36053774492672,32.42166038344443,109,huber_2.5,online
2013-usopen-1226,2013-560,105023,105173,Hard,R64,False,True,0.7417931025689406,159,111,98.14574145026214,33.812795345693104,111,huber_2.5,online
2013-usopen-1227,2013-560,103990,104433,Hard,R64,False,True,0.7133518841634667,72,51,43.46630090751877,14.876813381375293,51,huber_2.5,online
2013-usopen-1227,2013-560,104433,103990,Hard,R64,False,True,0.5364084011295354,85,44,58.924619344593374,21.253448388800173,44,huber_2.5,online
2013-usopen-1228,2013-560,106071,105554,Hard,R64,False,False,0.5415816205008119,125,70,85.82682061843158,30.84240458792201,70,huber_2.5,online
2013-usopen-1228,2013-560,105554,106071,Hard,R64,False,False,0.6846031395067794,117,70,80.7585249416874,28.991291127887933,70,huber_2.5,online
2013-usopen-1229,2013-560,104545,104792,Hard,R64,False,True,0.6844269484608193,127,92,75.25172720253079,25.557352951191653,92,huber_2.5,online
2013-usopen-1229,2013-560,104792,104545,Hard,R64,False,True,0.701884963271557,123,85,76.07927129299944,26.274583948841244,85,huber_2.5,online
2013-usopen-1230,2013-560,104273,104259,Hard,R64,False,True,0.5990155881195287,133,73,92.24010254007337,33.266740884303395,73,huber_2.5,online
2013-usopen-1230,2013-560,104259,104273,Hard,R64,False,True,0.6705438437641408,99,70,60.17568107836522,20.637137467609147,70,huber_2.5,online
2013-usopen-1232,2013-560,104297,104745,Hard,R64,False,True,0.45884446312276195,76,33,52.11253889142786,18.717171775617302,43,huber_2.5,online
2013-usopen-1232,2013-560,104745,104297,Hard,R64,False,True,0.797562894200489,54,41,30.03921629368559,9.949597466654765,41,huber_2.5,online
2013-usopen-1301,2013-560,104925,105311,Hard,R32,False,False,0.7245596919633264,56,42,31.58340824469098,10.536243719288048,42,huber_2.5,online
2013-usopen-1301,2013-560,105311,104925,Hard,R32,False,False,0.5755208054291612,92,40,66.65759485646569,24.430961733995503,40,huber_2.5,online
2013-usopen-1302,2013-560,105065,104719,Hard,R32,False,True,0.6072801708917439,142,89,93.92700517251406,33.27219682734899,89,huber_2.5,online
2013-usopen-1302,2013-560,104719,105065,Hard,R32,False,True,0.5932052000902266,151,94,100.35664551835501,35.613176204564354,94,huber_2.5,online
2013-usopen-1303,2013-560,103163,104022,Hard,R32,False,True,0.6105647612073778,104,59,71.54648009017419,25.723448250864536,59,huber_2.5,online
2013-usopen-1303,2013-560,104022,103163,Hard,R32,False,True,0.5972636429796252,100,64,65.72641835677251,23.222639621137297,64,huber_2.5,online
2013-usopen-1304,2013-560,105539,103720,Hard,R32,False,False,0.555990360237331,114,72,76.36448946163713,27.177670122983763,72,huber_2.5,online
2013-usopen-1304,2013-560,103720,105539,Hard,R32,False,False,0.71771077465037,125,86,77.85332198546709,26.942341266290633,86,huber_2.5,online
2013-usopen-1305,2013-560,104918,104252,Hard,R32,False,True,0.6577132808668849,81,62,46.34716766006925,15.483080718629502,62,huber_2.5,online
2013-usopen-1305,2013-560,104252,104918,Hard,R32,False,True,0.5226081925707107,92,55,63.049234583453256,22.640076527888127,55,huber_2.5,online
2013-usopen-1306,2013-560,104312,104797,Hard,R32,False,True,0.6318000306088825,128,78,85.7726773547443,30.533118895719596,78,huber_2.5,online
2013-usopen-1306,2013-560,104797,104312,Hard,R32,False,True,0.6224424638590201,144,88,96.26696851980644,34.240711758156266,88,huber_2.5,online
2013-usopen-1307,2013-560,104527,104571,Hard,R32,False,True,0.6582830884030808,131,92,80.34419226067882,27.64300954038541,92,huber_2.5,online
2013-usopen-1307,2013-560,104571,104527,Hard,R32,False,True,0.6031597384574092,152,93,101.54737377790244,36.11014250151545,93,huber_2.5,online
2013-usopen-1308,2013-560,103898,104607,Hard,R32,False,True,0.5876746423182825,77,37,55.10622863076672,20.104910830689033,37,huber_2.5,online
2013-usopen-1308,2013-560,104607,103898,Hard,R32,False,True,0.6946940796628324,79,53,50.15450196046201,17.487816836908355,53,huber_2.5,online
2013-usopen-1309,2013-560,104755,104098,Hard,R32,True,True,0.7578664172723172,92,63,58.5963383819479,20.35009001517241,63,huber_2.5,online
2013-usopen-1309,2013-560,104098,104755,Hard,R32,True,True,0.586545215747832,119,70,80.62253522409918,28.823869319187345,70,huber_2.5,online
2013-usopen-1310,2013-560,103852,105683,Hard,R32,False,True,0.6627269928665014,134,85,88.22459842424368,31.19015820059412,85,huber_2.5,online
2013-usopen-1310,2013-560,105683,103852,Hard,R32,False,True,0.7165403557645342,113,85,63.631454736788534,21.205738722654857,85,huber_2.5,online
2013-usopen-1311,2013-560,106058,104386,Hard,R32,False,True,0.6429928086585434,99,62,65.49052389177376,23.199427173014236,62,huber_2.5,online
2013-usopen-1311,2013-560,104386,106058,Hard,R32,False,True,0.6755248359729006,107,79,62.504258974227945,21.094792946016632,79,huber_2.5,online
2013-usopen-1312,2013-560,105062,103970,Hard,R32,False,True,0.5512098835059377,146,77,101.14704774778863,36.47319894858149,77,huber_2.5,online
2013-usopen-1312,2013-560,103970,105062,Hard,R32,False,True,0.667787551215737,102,67,65.62292924580964,23.00236992007972,67,huber_2.5,online
2013-usopen-1313,2013-560,103819,105173,Hard,R32,False,True,0.770333416298029,69,51,39.787804175255616,13.37152802391312,51,huber_2.5,online
2013-usopen-1313,2013-560,105173,103819,Hard,R32,False,True,0.5334832340807817,75,36,52.35578632230205,18.934534224580478,36,huber_2.5,online
2013-usopen-1314,2013-560,103990,105554,Hard,R32,False,False,0.5732631262056735,125,83,81.94875055490706,28.917147533245938,83,huber_2.5,online
2013-usopen-1314,2013-560,105554,103990,Hard,R32,False,False,0.6191977530934465,155,88,106.86792158325987,38.44910335812919,88,huber_2.5,online
2013-usopen-1315,2013-560,104545,104259,Hard,R32,False,True,0.7132392826380233,116,86,66.53590954994533,22.333235204828235,86,huber_2.5,online
2013-usopen-1315,2013-560,104259,104545,Hard,R32,False,True,0.721405285075405,130,93,77.65543510305537,26.473943069489096,93,huber_2.5,online
2013-usopen-1316,2013-560,104471,104745,Hard,R32,False,True,0.5266248526445163,75,46,51.18641993344875,18.350543713418887,46,huber_2.5,online
2013-usopen-1316,2013-560,104745,104471,Hard,R32,False,True,0.7084646064105253,78,61,41.9780614321062,13.717241703756713,61,huber_2.5,online
2013-usopen-1401,2013-560,104925,104719,Hard,R16,False,True,0.7390514541246554,53,45,24.354904286180552,7.433812876500697,45,huber_2.5,online
2013-usopen-1401,2013-560,104719,104925,Hard,R16,False,True,0.4890735933107046,69,28,47.55950290355855,17.11619437209581,41,huber_2.5,online
2013-usopen-1402,2013-560,104022,103720,Hard,R16,False,True,0.6008325308153396,145,84,98.81370677092735,35.40509568548802,84,huber_2.5,online
2013-usopen-1402,2013-560,103720,104022,Hard,R16,False,True,0.5726413700911998,146,85,99.24516521689777,35.527015340525296,85,huber_2.5,online
2013-usopen-1403,2013-560,104918,104797,Hard,R16,False,True,0.6906178661547063,120,81,75.73760392842348,26.354270129187157,81,huber_2.5,online
2013-usopen-1403,2013-560,104797,104918,Hard,R16,False,True,0.5322692496626662,123,75,83.76883418011519,30.00681070938436,75,huber_2.5,online
2013-usopen-1404,2013-560,104527,104607,Hard,R16,False,True,0.6222611275584655,122,82,77.84251274879736,27.18866220659227,82,huber_2.5,online
2013-usopen-1404,2013-560,104607,104527,Hard,R16,False,True,0.6501501362071718,115,70,77.39994044928069,27.588928886169413,70,huber_2.5,online
2013-usopen-1405,2013-560,104755,105683,Hard,R16,False,True,0.6950501028099962,204,126,138.46859696624836,49.39868175678296,126,huber_2.5,online
2013-usopen-1405,2013-560,105683,104755,Hard,R16,False,True,0.6664474658927675,198,129,128.10630954091283,44.9986943090545,129,huber_2.5,online
2013-usopen-1406,2013-560,104386,103970,Hard,R16,False,True,0.582047928890417,175,102,118.8870148525659,42.548686023339116,102,huber_2.5,online
2013-usopen-1406,2013-560,103970,104386,Hard,R16,False,True,0.659825203635756,142,91,92.82908931617948,32.7342534464137,91,huber_2.5,online
2013-usopen-1407,2013-560,103819,103990,Hard,R16,False,True,0.7109003221143054,86,54,58.13752467174178,20.68538225812621,54,huber_2.5,online
2013-usopen-1407,2013-560,103990,103819,Hard,R16,False,True,0.6052149534458447,125,78,82.85183481264994,29.37210974675522,78,huber_2.5,online
2013-usopen-1408,2013-560,104259,104745,Hard,R16,False,True,0.5650923490068099,140,84,94.57116112823445,33.77059617370073,84,huber_2.5,online
2013-usopen-1408,2013-560,104745,104259,Hard,R16,False,True,0.7033536072992107,108,80,62.177645785297685,20.891702897414017,80,huber_2.5,online
2013-usopen-1501,2013-560,104925,104022,Hard,QF,False,True,0.6858067728814257,103,68,66.16798551923081,23.174364650319752,68,huber_2.5,online
2013-usopen-1501,2013-560,104022,104925,Hard,QF,False,True,0.5295222053637665,99,52,68.49887554083895,24.688673473525668,52,huber_2.5,online
2013-usopen-1502,2013-560,104918,104527,Hard,QF,False,True,0.648941525052749,109,59,77.852471023217,28.327536263994475,59,huber_2.5,online
2013-usopen-1502,2013-560,104527,104918,Hard,QF,False,True,0.57964938248893,76,57,47.55057279232624,16.455469299366616,57,huber_2.5,online
2013-usopen-1503,2013-560,104755,103970,Hard,QF,False,True,0.5852864627917247,143,88,95.54674049116127,33.97569737305305,88,huber_2.5,online
2013-usopen-1503,2013-560,103970,104755,Hard,QF,False,True,0.6324406398863275,136,82,91.61685510658984,32.67717322389882,82,huber_2.5,online
2013-usopen-1504,2013-560,103990,104745,Hard,QF,False,True,0.566851761564026,66,29,47.41905066204126,17.32977852211029,29,huber_2.5,online
2013-usopen-1504,2013-560,104745,103990,Hard,QF,False,True,0.6903224667505868,59,45,33.087972470193016,10.987139370383474,45,huber_2.5,online
2013-usopen-1601,2013-560,104925,104527,Hard,SF,False,True,0.6802817343879017,139,90,90.54778207709244,31.876157911889514,90,huber_2.5,online
2013-usopen-1601,2013-560,104527,104925,Hard,SF,False,True,0.5780015358924571,192,116,129.15800929758225,46.04811256780552,116,huber_2.5,online
2013-usopen-1602,2013-560,104755,104745,Hard,SF,False,True,0.5683387564905137,91,56,61.0461030941926,21.739873006818158,56,huber_2.5,online
2013-usopen-1602,2013-560,104745,104755,Hard,SF,False,True,0.6838060628545837,95,67,57.704609469987844,19.791107079171038,67,huber_2.5,online
2013-usopen-1701,2013-560,104925,104745,Hard,F,False,True,0.6262460119427588,102,56,71.47991596803989,25.863221544780433,56,huber_2.5,online
2013-usopen-1701,2013-560,104745,104925,Hard,F,False,True,0.620254672410974,121,75,80.36158855847503,28.512418034718905,75,huber_2.5,online
2013-ausopen-1101,2013-580,104925,103908,Hard,R128,False,True,0.7243388392959886,77,62,39.32349382342774,12.581323993972234,62,block_16,frozen
2013-ausopen-1101,2013-580,103908,104925,Hard,R128,False,True,0.5230491622417975,86,53,58.779511744011316,21.08470544884824,53,block_16,frozen
2013-ausopen-1102,2013-580,105992,105053,Hard,R128,False,True,0.6183326735820818,116,75,75.54609231479031,26.600993208110907,75,block_16,frozen
2013-ausopen-1102,2013-580,105053,105992,Hard,R128,False,True,0.6445318304776667,131,78,89.07896071751705,31.873222190838806,78,block_16,frozen
2013-ausopen-1105,2013-580,105023,103926,Hard,R128,False,False,0.7122025515837745,116,86,66.55274210181702,22.340128167553704,86,block_16,frozen
2013-ausopen-1105,2013-580,103926,105023,Hard,R128,False,False,0.6086931159557164,125,81,81.4953042056739,28.705128891658845,81,block_16,frozen
2013-ausopen-1109,2013-580,104338,105723,Hard,R128,False,False,0.6495701367877174,75,30,60.130095273559846,22.671393988217996,30,block_16,frozen
2013-ausopen-1109,2013-580,105723,104338,Hard,R128,False,False,0.5589476798539781,98,56,66.95602111880666,24.015265720140683,56,block_16,frozen
2013-ausopen-1110,2013-580,104731,103893,Hard,R128,False,True,0.6319244737117573,134,92,84.20427574539201,29.23592126080477,92,block_16,frozen
2013-ausopen-1110,2013-580,103893,104731,Hard,R128,False,True,0.517156155407481,127,82,86.83444264369308,31.152602625805635,82,block_16,frozen
2013-ausopen-1112,2013-580,105676,104269,Hard,R128,False,True,0.6642400819577039,129,78,87.5700109068289,31.295267570412047,78,block_16,frozen
2013-ausopen-1112,2013-580,104269,105676,Hard,R128,False,True,0.6162949321355411,141,91,91.94075130941471,32.38886386734064,91,block_16,frozen
2013-ausopen-1116,2013-580,103188,104607,Hard,R128,False,True,0.5329742001571747,93,51,64.07096793902983,23.05435090105393,51,block_16,frozen
2013-ausopen-1116,2013-580,104607,103188,Hard,R128,False,True,0.6827856241517416,92,62,58.102933312547364,20.22463379162611,62,block_16,frozen
2013-ausopen-1117,2013-580,103970,103694,Hard,R128,False,True,0.8007005022331297,71,52,42.203936809671944,14.24675966137793,52,block_16,frozen
2013-ausopen-1117,2013-580,103694,103970,Hard,R128,False,True,0.4906326778018735,85,46,59.06358776641856,21.323029727025784,39,block_16,frozen
2013-ausopen-1119,2013-580,105357,105147,Hard,R128,False,False,0.6425423528224994,156,92,106.53293136595997,38.17847240728514,92,block_16,frozen
2013-ausopen-1119,2013-580,105147,105357,Hard,R128,False,False,0.5873285285864406,162,89,111.97576722565833,40.338199591238734,89,block_16,frozen
2013-ausopen-1120,2013-580,105077,104571,Hard,R128,False,True,0.5138464141770321,191,119,131.1624820356007,47.135837662121816,119,block_16,frozen
2013-ausopen-1120,2013-580,104571,105077,Hard,R128,False,True,0.6600615607368758,180,113,119.23508521151385,42.24871478669814,113,block_16,frozen
2013-ausopen-1121,2013-580,104022,105051,Hard,R128,False,True,0.5830526471248586,196,123,130.21582668516578,46.19932511386854,123,block_16,frozen
2013-ausopen-1121,2013-580,105051,104022,Hard,R128,False,True,0.5721420098314303,149,98,98.01722964262314,34.634791505717985,98,block_16,frozen
2013-ausopen-1124,2013-580,103812,105453,Hard,R128,False,True,0.6199098842636018,123,71,84.25290152279061,30.24025298131714,71,block_16,frozen
2013-ausopen-1124,2013-580,105453,103812,Hard,R128,False,True,0.7552123922490155,121,81,79.03583072195444,27.667429101843673,81,block_16,frozen
2013-ausopen-1125,2013-580,104597,105449,Hard,R128,False,True,0.7560931322905161,154,112,90.5748508704859,30.67336937024451,112,block_16,frozen
2013-ausopen-1125,2013-580,105449,104597,Hard,R128,False,True,0.6460598702940918,165,102,109.993569136449,39.07369020073436,102,block_16,frozen
2013-ausopen-1128,2013-580,104620,105668,Hard,R128,False,True,0.615766794370157,98,55,67.79852421260405,24.424189634074857,55,block_16,frozen
2013-ausopen-1128,2013-580,105668,104620,Hard,R128,False,True,0.6460917979614621,99,65,63.70929174275777,22.334092792924327,65,block_16,frozen
2013-ausopen-1132,2013-580,103720,104386,Hard,R128,False,True,0.5991651587032142,127,70,87.96499044339623,31.70973648183869,70,block_16,frozen
2013-ausopen-1132,2013-580,104386,103720,Hard,R128,False,True,0.67354214326333,107,71,68.35989344156914,23.898530663045477,71,block_16,frozen
2013-ausopen-1133,2013-580,105223,105173,Hard,R128,False,True,0.6399709028153517,58,48,31.639667517475186,10.317433203843423,48,block_16,frozen
2013-ausopen-1133,2013-580,105173,105223,Hard,R128,False,True,0.5364751911245679,61,29,42.663965692188256,15.440582386995704,29,block_16,frozen
2013-ausopen-1140,2013-580,104594,105227,Hard,R128,False,True,0.5725023489705993,89,53,60.15317081989305,21.485296631456468,53,block_16,frozen
2013-ausopen-1140,2013-580,105227,104594,Hard,R128,False,True,0.649823977701261,106,73,66.09446210233554,22.886446667137726,73,block_16,frozen
2013-ausopen-1141,2013-580,104468,103835,Hard,R128,False,True,0.6534274411432925,93,62,59.23202995375778,20.68296743626533,62,block_16,frozen
2013-ausopen-1141,2013-580,103835,104468,Hard,R128,False,True,0.5326085382683378,102,55,70.39591345138953,25.34759000418906,55,block_16,frozen
2013-ausopen-1144,2013-580,104792,105238,Hard,R128,False,True,0.6092505422749617,133,90,85.00392666751407,29.702670084397433,90,block_16,frozen
2013-ausopen-1144,2013-580,105238,104792,Hard,R128,False,True,0.6003786158860012,140,85,93.81463227698052,33.39926283722648,85,block_16,frozen
2013-ausopen-1148,2013-580,104898,104918,Hard,R128,False,True,0.49148746428527146,67,31,46.365438999258664,16.712292360134093,36,block_16,frozen
2013-ausopen-1148,2013-580,104918,104898,Hard,R128,False,True,0.6670833546381069,74,49,47.33375166280599,16.555846196072565,49,block_16,frozen
2013-ausopen-1149,2013-580,104542,103566,Hard,R128,False,True,0.6933836165166587,85,64,48.26031535782065,16.113268456433957,64,block_16,frozen
2013-ausopen-1149,2013-580,103566,104542,Hard,R128,False,True,0.5922218705599958,85,53,56.470344139129885,20.036254958054784,53,block_16,frozen
2013-ausopen-1150,2013-580,104424,106291,Hard,R128,False,False,0.6871074109445459,129,83,84.59415045881063,29.843210431769684,83,block_16,frozen
2013-ausopen-1150,2013-580,106291,104424,Hard,R128,False,False,0.566122540648422,121,62,84.53916777261774,30.5806674142528,62,block_16,frozen
2013-ausopen-1151,2013-580,105902,106093,Hard,R128,False,True,0.6646209822811863,200,130,129.58456513168576,45.54275462457335,130,block_16,frozen
2013-ausopen-1151,2013-580,106093,105902,Hard,R128,False,True,0.5915045322334996,207,129,137.56749324437334,48.81649629588073,129,block_16,frozen
2013-ausopen-1153,2013-580,103163,103813,Hard,R128,False,True,0.6453280219200491,176,111,115.99413980276069,41.03207216779193,111,block_16,frozen
2013-ausopen-1153,2013-580,103813,103163,Hard,R128,False,True,0.5663485385910952,185,117,123.3347972602837,43.81331539507353,117,block_16,frozen
2013-ausopen-1154,2013-580,104471,105842,Hard,R128,False,False,0.6145419164224973,135,81,90.91656186813896,32.42854808998725,81,block_16,frozen
2013-ausopen-1154,2013-580,105842,104471,Hard,R128,False,False,0.6871991648141308,132,74,95.16664196717764,34.63055896751218,74,block_16,frozen
2013-ausopen-1156,2013-580,103656,104755,Hard,R128,False,True,0.5894571367841643,90,48,62.76210450863196,22.683489318240873,48,block_16,frozen
2013-ausopen-1156,2013-580,104755,103656,Hard,R128,False,True,0.6984313933057739,68,53,37.00403729475827,12.137108268131001,53,block_16,frozen
2013-ausopen-1157,2013-580,105683,104225,Hard,R128,False,True,0.7112704306171292,107,80,60.79735444663431,20.328633026578906,80,block_16,frozen
2013-ausopen-1157,2013-580,104225,105683,Hard,R128,False,True,0.6595379041601116,128,75,88.3211159507691,31.748065995044065,75,block_16,frozen
2013-ausopen-1160,2013-580,104327,104259,Hard,R128,False,True,0.6497269966076308,80,48,54.267101861223296,19.397821935329226,48,block_16,frozen
2013-ausopen-1160,2013-580,104259,104327,Hard,R128,False,True,0.7299100121444316,76,58,41.822374930291545,13.82085415422594,58,block_16,frozen
2013-ausopen-1162,2013-580,106071,104919,Hard,R128,False,True,0.666746783893867,64,52,34.264168884236554,11.10961600033799,52,block_16,frozen
2013-ausopen-1162,2013-580,104919,106071,Hard,R128,False,True,0.6430825193756986,70,40,48.56680923992223,17.502257320805818,40,block_16,frozen
2013-ausopen-1164,2013-580,105332,103819,Hard,R128,False,True,0.4827684384693924,89,46,61.846413766958264,22.328121162029518,43,block_16,frozen
2013-ausopen-1164,2013-580,103819,105332,Hard,R128,False,True,0.7086088936837539,69,52,38.873991255183974,12.951407987221835,52,block_16,frozen
2013-ausopen-1201,2013-580,104925,105992,Hard,R64,False,True,0.7086298814943293,56,48,26.397539529047123,8.09228467755775,48,block_16,frozen
2013-ausopen-1201,2013-580,105992,104925,Hard,R64,False,True,0.5061031078072352,90,44,62.41436502014864,22.515558528856076,44,block_16,frozen
2013-ausopen-1202,2013-580,103852,103285,Hard,R64,False,True,0.653715833109656,83,47,58.156718589963134,21.02029609572722,47,block_16,frozen
2013-ausopen-1202,2013-580,103285,103852,Hard,R64,False,True,0.6091072648095381,79,56,49.367018166264046,17.08990748478852,56,block_16,frozen
2013-ausopen-1203,2013-580,105023,104548,Hard,R64,True,True,0.6820282627688115,47,30,30.95900263493475,10.940944140997129,30,block_16,frozen
2013-ausopen-1203,2013-580,104548,105023,Hard,R64,True,True,0.6561255286274924,53,36,33.31764968332649,11.575499532605983,36,block_16,frozen
2013-ausopen-1204,2013-580,104735,104527,Hard,R64,True,True,0.5304932328128984,89,50,61.18423396915308,21.997329954075084,50,block_16,frozen
2013-ausopen-1204,2013-580,104527,104735,Hard,R64,True,True,0.6078434259811523,83,51,55.34474666866154,19.666281882128345,51,block_16,frozen
2013-ausopen-1205,2013-580,105723,104731,Hard,R64,False,False,0.5957130519329461,87,51,59.02049928482757,21.111310204003548,51,block_16,frozen
2013-ausopen-1205,2013-580,104731,105723,Hard,R64,False,False,0.6984731033454855,90,65,53.29821090974478,18.10631741382348,65,block_16,frozen
2013-ausopen-1206,2013-580,103598,104269,Hard,R64,False,True,0.6451809422320669,91,41,69.77456910207275,25.974681524941158,41,block_16,frozen
2013-ausopen-1206,2013-580,104269,103598,Hard,R64,False,True,0.6048282227672196,74,49,47.848596976864044,16.797305418938233,49,block_16,frozen
2013-ausopen-1208,2013-580,105558,104607,Hard,R64,False,True,0.5406283001790354,101,53,69.93522320666688,25.213575035424043,53,block_16,frozen
2013-ausopen-1208,2013-580,104607,105558,Hard,R64,False,True,0.7574336261001071,73,53,43.05402447566717,14.592551583531097,53,block_16,frozen
2013-ausopen-1209,2013-580,103970,105065,Hard,R64,False,True,0.7659217748322908,108,72,71.47621425854197,25.063970261672736,72,block_16,frozen
2013-ausopen-1209,2013-580,105065,103970,Hard,R64,False,True,0.4821801939257045,121,65,84.26859612085643,30.44880125878025,56,block_16,frozen
2013-ausopen-1210,2013-580,105147,104571,Hard,R64,False,True,0.5101495055617717,115,66,79.3904929155995,28.589304838711946,66,block_16,frozen
2013-ausopen-1210,2013-580,104571,105147,Hard,R64,False,True,0.6827656810427443,94,64,58.86606533996746,20.4258764962464,64,block_16,frozen
2013-ausopen-1212,2013-580,104122,105453,Hard,R64,False,True,0.5227842945201749,91,47,63.03417173503229,22.72888740742664,47,block_16,frozen
2013-ausopen-1212,2013-580,105453,104122,Hard,R64,False,True,0.5966179196903116,97,63,63.40575395982765,22.35357750229346,63,block_16,frozen
2013-ausopen-1213,2013-580,104597,104593,Hard,R64,False,True,0.7534955271702383,83,57,52.542588877319986,18.225217188233927,57,block_16,frozen
2013-ausopen-1213,2013-580,104593,104597,Hard,R64,False,True,0.5583574378689381,78,42,53.89690863780346,19.415491436047276,42,block_16,frozen
2013-ausopen-1214,2013-580,104500,105668,Hard,R64,False,True,0.5647627832925308,158,89,108.24872536624724,38.86743079391704,89,block_16,frozen
2013-ausopen-1214,2013-580,105668,104500,Hard,R64,False,True,0.6945579482560714,171,103,118.1890809046803,42.41329979530118,103,block_16,frozen
2013-ausopen-1215,2013-580,103898,104273,Hard,R64,False,True,0.6624340559077565,148,93,98.03027846444724,34.73245960826459,93,block_16,frozen
2013-ausopen-1215,2013-580,104273,103898,Hard,R64,False,True,0.634816610270996,167,97,114.59354805639246,41.145263096311695,97,block_16,frozen
2013-ausopen-1216,2013-580,105041,104386,Hard,R64,False,True,0.5974089843677485,156,101,102.07136125798688,35.999394315830344,101,block_16,frozen
2013-ausopen-1216,2013-580,104386,105041,Hard,R64,False,True,0.7362662402281778,155,100,103.92118299516042,36.770388311823645,100,block_16,frozen
2013-ausopen-1217,2013-580,105223,103794,Hard,R64,False,True,0.6928290007628971,75,58,41.350341275143286,13.632737733862523,58,block_16,frozen
2013-ausopen-1217,2013-580,103794,105223,Hard,R64,False,True,0.5584163097278184,79,44,54.24519300845161,19.49383796658473,44,block_16,frozen
2013-ausopen-1218,2013-580,104871,104719,Hard,R64,False,True,0.7120584899317756,105,75,62.8195789476499,21.429092284045318,75,block_16,frozen
2013-ausopen-1218,2013-580,104719,104871,Hard,R64,False,True,0.6337790580172462,93,56,62.706256016433464,22.37260367952262,56,block_16,frozen
2013-ausopen-1220,2013-580,104330,105227,Hard,R64,False,False,0.5322895022131001,94,56,64.18821381122237,23.01679448376216,56,block_16,frozen
2013-ausopen-1220,2013-580,105227,104330,Hard,R64,False,False,0.6931982262691287,76,61,40.07609749571992,12.949623743768925,61,block_16,frozen
2013-ausopen-1221,2013-580,104468,105028,Hard,R64,False,True,0.6350819512252223,133,86,86.4239821998742,30.408672663942504,86,block_16,frozen
2013-ausopen-1221,2013-580,105028,104468,Hard,R64,False,True,0.5690937785293145,123,74,82.96591838230721,29.60985141523647,74,block_16,frozen
2013-ausopen-1222,2013-580,104229,104792,Hard,R64,False,True,0.5296609974193878,161,104,109.08907192279298,38.997576858922756,104,block_16,frozen
2013-ausopen-1222,2013-580,104792,104229,Hard,R64,False,True,0.6439503005870441,165,102,109.95279236866953,39.05501696855684,102,block_16,frozen
2013-ausopen-1223,2013-580,104252,105575,Hard,R64,False,True,0.6181088597777702,72,37,51.49204442356858,18.76816087902082,37,block_16,frozen
2013-ausopen-1223,2013-580,105575,104252,Hard,R64,False,True,0.519437412406713,70,53,47.17303713849204,16.826700063433137,53,block_16,frozen
2013-ausopen-1224,2013-580,105311,104918,Hard,R64,False,False,0.47727540348602043,77,43,53.86126660527674,19.494284729703498,34,block_16,frozen
2013-ausopen-1224,2013-580,104918,105311,Hard,R64,False,False,0.7165033455118852,77,57,44.21332379414787,14.84865100963383,57,block_16,frozen
2013-ausopen-1225,2013-580,104542,104424,Hard,R64,False,True,0.656490247077438,100,72,60.220129470813106,20.563348871628488,72,block_16,frozen
2013-ausopen-1225,2013-580,104424,104542,Hard,R64,False,True,0.6126201559369896,78,52,50.13761801878512,17.561173308453476,52,block_16,frozen
2013-ausopen-1226,2013-580,105902,104882,Hard,R64,False,True,0.6123359007357579,185,113,123.65194945358758,43.97880866974502,113,block_16,frozen
2013-ausopen-1226,2013-580,104882,105902,Hard,R64,False,True,0.6596038541024953,195,128,125.46505689826932,43.981475997400054,128,block_16,frozen
2013-ausopen-1228,2013-580,104268,104755,Hard,R64,False,True,0.5926016685491788,84,41,60.06499240089851,21.905509134618082,41,block_16,frozen
2013-ausopen-1228,2013-580,104755,104268,Hard,R64,False,True,0.6807361652803939,69,50,40.922035068711814,13.901102615685858,50,block_16,frozen
2013-ausopen-1230,2013-580,104804,104259,Hard,R64,False,False,0.5744755036254425,94,61,62.00844828663379,21.936066358672356,61,block_16,frozen
2013-ausopen-1230,2013-580,104259,104804,Hard,R64,False,False,0.6994065881994529,88,71,45.81807967577155,14.731187129956009,71,block_16,frozen
2013-ausopen-1231,2013-580,104978,106071,Hard,R64,False,True,0.6608448826917918,159,115,95.21425472861557,32.44351445869645,115,block_16,frozen
2013-ausopen-1231,2013-580,106071,104978,Hard,R64,False,True,0.7165968941350126,148,109,85.49787181052173,28.78152116379133,109,block_16,frozen
2013-ausopen-1232,2013-580,103786,103819,Hard,R64,False,True,0.5231101272360231,106,61,72.84689541965139,26.18685023019534,61,block_16,frozen
2013-ausopen-1232,2013-580,103819,103786,Hard,R64,False,True,0.7289736988837382,91,66,53.50224858227855,18.133113230792308,66,block_16,frozen
2013-ausopen-1301,2013-580,104925,103285,Hard,R32,False,True,0.6962663399007596,85,67,45.70441574600355,14.907189819996223,67,block_16,frozen
2013-ausopen-1301,2013-580,103285,104925,Hard,R32,False,True,0.46980970039090836,107,65,75.7526011411712,27.54190248939119,42,block_16,frozen
2013-ausopen-1302,2013-580,105023,104527,Hard,R32,False,True,0.6363434322128606,111,75,70.31689818707893,24.496044141040137,75,block_16,frozen
2013-ausopen-1302,2013-580,104527,105023,Hard,R32,False,True,0.6741737045760507,105,75,63.21178722373914,21.597513627480986,75,block_16,frozen
2013-ausopen-1303,2013-580,104731,104269,Hard,R32,False,True,0.6744424354317646,147,101,91.40269928632344,31.628900053319654,101,block_16,frozen
2013-ausopen-1303,2013-580,104269,104731,Hard,R32,False,True,0.6385930806340206,163,103,107.25929219924228,37.9214083786765,103,block_16,frozen
2013-ausopen-1304,2013-580,103781,104607,Hard,R32,False,True,0.5459696712464542,82,42,57.001708971808625,20.581343932816672,42,block_16,frozen
2013-ausopen-1304,2013-580,104607,103781,Hard,R32,False,True,0.6817542541786874,76,57,43.58959975168253,14.603968618525748,57,block_16,frozen
2013-ausopen-1305,2013-580,103970,104571,Hard,R32,False,True,0.6646844632957178,85,55,55.244855017683264,19.438171075941938,55,block_16,frozen
2013-ausopen-1305,2013-580,104571,103970,Hard,R32,False,True,0.556032478941934,76,40,52.70928216282355,19.01448262515701,40,block_16,frozen
2013-ausopen-1306,2013-580,105539,105453,Hard,R32,False,False,0.5507899583241429,92,52,63.023478726795084,22.62784552783456,52,block_16,frozen
2013-ausopen-1306,2013-580,105453,105539,Hard,R32,False,False,0.6688348611945275,97,71,57.291075744319684,19.417436650640074,71,block_16,frozen
2013-ausopen-1307,2013-580,104597,105668,Hard,R32,False,True,0.6926561343260577,91,73,48.04336225969354,15.531503746571687,73,block_16,frozen
2013-ausopen-1307,2013-580,105668,104597,Hard,R32,False,True,0.6732269548971017,96,66,59.66908533755569,20.644557102384898,66,block_16,frozen
2013-ausopen-1308,2013-580,103898,104386,Hard,R32,False,True,0.597561536066452,145,95,94.42596499089527,33.23987760835827,95,block_16,frozen
2013-ausopen-1308,2013-580,104386,103898,Hard,R32,False,True,0.6779829063320003,129,88,80.65889849258801,27.971254430479725,88,block_16,frozen
2013-ausopen-1309,2013-580,105223,104871,Hard,R32,False,True,0.7201097752202924,149,99,96.17470004021314,33.68341967318729,99,block_16,frozen
2013-ausopen-1309,2013-580,104871,105223,Hard,R32,False,True,0.6222945700013214,159,107,101.38387829558366,35.40179658436481,107,block_16,frozen
2013-ausopen-1310,2013-580,104312,105227,Hard,R32,False,True,0.5955620070843657,162,95,109.88593688012108,39.30366354771252,95,block_16,frozen
2013-ausopen-1310,2013-580,105227,104312,Hard,R32,False,True,0.6442183288131138,136,79,93.64365675297614,33.655850751839544,79,block_16,frozen
2013-ausopen-1311,2013-580,104468,104792,Hard,R32,False,True,0.544666219485758,182,101,125.0904816174376,44.96977856197812,101,block_16,frozen
2013-ausopen-1311,2013-580,104792,104468,Hard,R32,False,True,0.588812042913513,166,98,112.33745929972173,40.144976821028905,98,block_16,frozen
2013-ausopen-1312,2013-580,105575,104918,Hard,R32,False,True,0.4573349454348752,87,46,61.04938744449953,22.121691971476544,41,block_16,frozen
2013-ausopen-1312,2013-580,104918,105575,Hard,R32,False,True,0.6567109144446487,114,69,77.12849096816745,27.53858547382132,69,block_16,frozen
2013-ausopen-1313,2013-580,104542,104882,Hard,R32,False,True,0.6357968842037306,69,50,41.83463412983659,14.312711359085808,50,block_16,frozen
2013-ausopen-1313,2013-580,104882,104542,Hard,R32,False,True,0.586588898225208,74,35,53.11928500315224,19.401180752794133,35,block_16,frozen
2013-ausopen-1314,2013-580,104471,104755,Hard,R32,False,True,0.5242538842932233,114,66,78.27923219483102,28.130490685699215,66,block_16,frozen
2013-ausopen-1314,2013-580,104755,104471,Hard,R32,False,True,0.773106565323206,112,79,69.27780120068228,23.790863949668044,79,block_16,frozen
2013-ausopen-1315,2013-580,105683,104259,Hard,R32,False,True,0.6836516007607448,86,69,45.806661864366895,14.850717060171895,69,block_16,frozen
2013-ausopen-1315,2013-580,104259,105683,Hard,R32,False,True,0.6909595143401378,94,64,58.8876286742083,20.435136907435318,64,block_16,frozen
2013-ausopen-1316,2013-580,106071,103819,Hard,R32,False,True,0.5363565099289437,121,72,82.51617577525616,29.573737565154115,72,block_16,frozen
2013-ausopen-1316,2013-580,103819,106071,Hard,R32,False,True,0.7302912497076504,95,71,53.76604402235791,17.96454693447201,71,block_16,frozen
2013-ausopen-1401,2013-580,104925,104527,Hard,R16,False,True,0.6751545500399737,195,128,125.61533250468318,44.048000145504204,128,block_16,frozen
2013-ausopen-1401,2013-580,104527,104925,Hard,R16,False,True,0.5278986425812366,214,133,145.76266781069668,52.21583411696108,133,block_16,frozen
2013-ausopen-1402,2013-580,104731,104607,Hard,R16,False,True,0.6147061211636519,111,64,75.9693015060684,27.260477800015472,64,block_16,frozen
2013-ausopen-1402,2013-580,104607,104731,Hard,R16,False,True,0.7024980845358435,112,75,71.33982610414057,24.897685902594734,75,block_16,frozen
2013-ausopen-1403,2013-580,103970,105453,Hard,R16,False,True,0.6659770254322134,96,60,63.86564440372719,22.661195194874136,60,block_16,frozen
2013-ausopen-1403,2013-580,105453,103970,Hard,R16,False,True,0.5591007216366591,95,43,67.58612134474394,24.61373154803745,43,block_16,frozen
2013-ausopen-1404,2013-580,104597,104386,Hard,R16,True,True,0.6632680715685626,43,32,25.111582686459748,8.467598414390029,32,block_16,frozen
2013-ausopen-1404,2013-580,104386,104597,Hard,R16,True,True,0.6727500546638502,46,21,36.24978560134103,13.56375896242811,21,block_16,frozen
2013-ausopen-1405,2013-580,104871,104312,Hard,R16,False,True,0.6438513434765908,124,82,79.46466438906486,27.81190417941886,82,block_16,frozen
2013-ausopen-1405,2013-580,104312,104871,Hard,R16,False,True,0.6858134875494571,119,68,84.69236343051014,30.699842318139012,68,block_16,frozen
2013-ausopen-1406,2013-580,104468,104918,Hard,R16,False,True,0.5014916426896675,90,43,62.39557992872091,22.506166820570897,43,block_16,frozen
2013-ausopen-1406,2013-580,104918,104468,Hard,R16,False,True,0.6474285266864497,63,44,38.93639890595508,13.4336025731378,44,block_16,frozen
2013-ausopen-1407,2013-580,104542,104755,Hard,R16,False,True,0.6277737378171987,106,74,66.07669269136358,22.864072587710147,74,block_16,frozen
2013-ausopen-1407,2013-580,104755,104542,Hard,R16,False,True,0.6504401776369568,102,67,65.60491840162464,22.994403514456174,67,block_16,frozen
2013-ausopen-1408,2013-580,105683,103819,Hard,R16,False,True,0.6155819198282947,96,61,63.057281981559235,22.277351382818996,61,block_16,frozen
2013-ausopen-1408,2013-580,103819,105683,Hard,R16,False,True,0.7514090362423673,78,66,35.56649531166971,10.854019316248811,66,block_16,frozen
2013-ausopen-1501,2013-580,104925,104607,Hard,QF,False,True,0.6693550577661607,97,71,57.27674896532456,19.411092552847794,71,block_16,frozen
2013-ausopen-1501,2013-580,104607,104925,Hard,QF,False,True,0.5739528221274864,107,60,73.41312870261788,26.373798441708978,60,block_16,frozen
2013-ausopen-1502,2013-580,103970,104597,Hard,QF,False,True,0.6940009306355175,149,97,97.00935917077769,34.1277759234313,97,block_16,frozen
2013-ausopen-1502,2013-580,104597,103970,Hard,QF,False,True,0.6273190569727731,166,98,112.81561769670964,40.371311907377226,98,block_16,frozen
2013-ausopen-1503,2013-580,104871,104918,Hard,QF,False,True,0.5528432683031369,77,36,54.33519732401433,19.729231988897396,36,block_16,frozen
2013-ausopen-1503,2013-580,104918,104871,Hard,QF,False,True,0.7190482455573625,75,48,50.11014003733575,17.74864688442728,48,block_16,frozen
2013-ausopen-1504,2013-580,104542,103819,Hard,QF,False,True,0.5943582526749839,175,115,113.96849186105122,40.118405076254206,115,block_16,frozen
2013-ausopen-1504,2013-580,103819,104542,Hard,QF,False,True,0.6937510369972701,158,109,97.83947924642389,33.80617314549156,109,block_16,frozen
2013-ausopen-1601,2013-580,104925,103970,Hard,SF,False,True,0.6485706397479465,51,44,26.371537424477335,8.378621314076799,44,block_16,frozen
2013-ausopen-1601,2013-580,103970,104925,Hard,SF,False,True,0.5775177500266288,75,34,53.99246908033315,19.743299367875718,34,block_16,frozen
2013-ausopen-1602,2013-580,104918,103819,Hard,SF,False,True,0.6028043299726623,157,111,98.65705924937464,34.227009202774056,111,block_16,frozen
2013-ausopen-1602,2013-580,103819,104918,Hard,SF,False,True,0.63289533918519,171,105,114.17141949063733,40.587142043069676,105,block_16,frozen
2013-ausopen-1701,2013-580,104925,104918,Hard,F,False,True,0.6169969324240566,134,96,82.82662443640021,28.548407733754377,96,block_16,frozen
2013-ausopen-1701,2013-580,104918,104925,Hard,F,False,True,0.5605033096363118,131,88,86.29635055989134,30.50689627884608,88,block_16,frozen
2013-frenchopen-1101,2013-520,104925,105676,Clay,R128,False,True,0.6968684928817716,101,73,59.78505444275088,20.305395372763833,73,block_16,frozen
2013-frenchopen-1101,2013-520,105676,104925,Clay,R128,False,True,0.520584667531401,112,71,76.49170139540148,27.429917570244342,71,block_16,frozen
2013-frenchopen-1103,2013-520,104864,106298,Clay,R128,False,False,0.6413259913951707,86,46,61.44765396526644,22.36972513419817,46,block_16,frozen
2013-frenchopen-1103,2013-520,106298,104864,Clay,R128,False,False,0.6735399465447663,107,69,69.8083621879279,24.592685753115603,69,block_16,frozen
2013-frenchopen-1106,2013-520,106071,103812,Clay,R128,True,True,0.7411233483721563,88,55,61.073669418205455,21.811647619270182,55,block_16,frozen
2013-frenchopen-1106,2013-520,103812,106071,Clay,R128,True,True,0.649811237029965,106,70,67.94932149455039,23.785419055468715,70,block_16,frozen
2013-frenchopen-1108,2013-520,106210,104259,Clay,R128,False,False,0.5677213008412337,134,84,89.48870854009212,31.812023166140325,84,block_16,frozen
2013-frenchopen-1108,2013-520,104259,106210,Clay,R128,False,False,0.6935776574962002,118,82,72.58362272316232,25.0171602740173,82,block_16,frozen
2013-frenchopen-1109,2013-520,103163,105558,Clay,R128,False,True,0.6992783392039627,85,61,50.65777537122442,17.252209249904,61,block_16,frozen
2013-frenchopen-1109,2013-520,105558,103163,Clay,R128,False,True,0.5623879905567545,93,53,63.56175788417024,22.800936429773195,53,block_16,frozen
2013-frenchopen-1110,2013-520,106058,104198,Clay,R128,False,True,0.6831927740379967,80,55,49.69034697829169,17.18898417563902,55,block_16,frozen
2013-frenchopen-1110,2013-520,104198,106058,Clay,R128,False,True,0.6098418388370384,83,41,59.807310463417465,21.861255892242497,41,block_16,frozen
2013-frenchopen-1112,2013-520,104122,104545,Clay,R128,False,True,0.623270307518209,91,55,61.146807973243654,21.790660910276706,55,block_16,frozen
2013-frenchopen-1112,2013-520,104545,104122,Clay,R128,False,True,0.6866067839776968,89,61,55.42390924468668,19.1911423012944,61,block_16,frozen
2013-frenchopen-1115,2013-520,104269,102967,Clay,R128,False,True,0.692738165595071,70,48,43.582162883387014,15.089167727914864,48,block_16,frozen
2013-frenchopen-1115,2013-520,102967,104269,Clay,R128,False,True,0.5827358972358727,77,36,55.27623588771268,20.190762095419082,36,block_16,frozen
2013-frenchopen-1116,2013-520,103917,104386,Clay,R128,False,True,0.5543714905067139,79,45,54.02757836326933,19.385458063839963,45,block_16,frozen
2013-frenchopen-1116,2013-520,104386,103917,Clay,R128,False,True,0.6782633265517957,85,57,53.88113357958697,18.781477685429458,57,block_16,frozen
2013-frenchopen-1117,2013-520,104745,104978,Clay,R128,False,True,0.7923038254774272,113,86,62.45702156940743,20.658966778759215,86,block_16,frozen
2013-frenchopen-1117,2013-520,104978,104745,Clay,R128,False,True,0.5305787076711574,142,88,96.61100342010508,34.59310208470366,88,block_16,frozen
2013-frenchopen-1121,2013-520,105332,104571,Clay,R128,False,True,0.5252688706195143,158,100,107.59488865729045,38.53959293391735,100,block_16,frozen
2013-frenchopen-1121,2013-520,104571,105332,Clay,R128,False,True,0.6000176415285337,135,86,88.82888205869506,31.39982362672984,86,block_16,frozen
2013-frenchopen-1122,2013-520,103997,105270,Clay,R128,False,True,0.6209096979946754,142,82,97.27755926614242,34.91590666393837,82,block_16,frozen
2013-frenchopen-1122,2013-520,105270,103997,Clay,R128,False,True,0.5196184087598559,155,83,107.12539164578718,38.59385420779324,83,block_16,frozen
2013-frenchopen-1124,2013-520,105028,105453,Clay,R128,False,True,0.5654924188781817,65,25,47.59313519947251,17.511187983656214,25,block_16,frozen
2013-frenchopen-1124,2013-520,105453,105028,Clay,R128,False,True,0.6506987065754635,70,46,45.0102839529371,15.774335466786038,46,block_16,frozen
2013-frenchopen-1125,2013-520,104527,105217,Clay,R128,False,True,0.7521074097501448,138,98,83.70825026409076,28.64879438951958,98,block_16,frozen
2013-frenchopen-1125,2013-520,105217,104527,Clay,R128,False,True,0.650361518910986,143,95,91.31262167334188,31.916036461981946,95,block_16,frozen
2013-frenchopen-1128,2013-520,105077,105668,Clay,R128,False,True,0.5415492032212633,104,66,70.11549687878113,25.016161283790098,66,block_16,frozen
2013-frenchopen-1128,2013-520,105668,105077,Clay,R128,False,True,0.6997287141333596,103,75,60.465622720342914,20.471581038416723,75,block_16,frozen
2013-frenchopen-1129,2013-520,104252,104797,Clay,R128,True,True,0.6345412713647137,99,55,69.30739680841832,25.06208003133107,55,block_16,frozen
2013-frenchopen-1129,2013-520,104797,104252,Clay,R128,True,True,0.592219656405287,89,57,58.56587922548351,20.701405977316142,57,block_16,frozen
2013-frenchopen-1130,2013-520,103722,103786,Clay,R128,False,True,0.6104446533083864,78,48,51.97372689051082,18.463441913113,48,block_16,frozen
2013-frenchopen-1130,2013-520,103786,103722,Clay,R128,False,True,0.6412895872653886,93,66,57.00357026772764,19.596241611324864,66,block_16,frozen
2013-frenchopen-1132,2013-520,104660,104755,Clay,R128,False,True,0.4505611320555688,75,39,52.65207842284143,19.081631728605313,36,block_16,frozen
2013-frenchopen-1132,2013-520,104755,104660,Clay,R128,False,True,0.7127661835812741,70,52,40.06155263590291,13.434811179538512,52,block_16,frozen
2013-frenchopen-1133,2013-520,104607,104792,Clay,R128,False,True,0.6286028717369019,182,124,115.01572769706645,40.02225361401848,124,block_16,frozen
2013-frenchopen-1133,2013-520,104792,104607,Clay,R128,False,True,0.5690582344757922,181,131,115.9433137678381,40.519479202014175,131,block_16,frozen
2013-frenchopen-1134,2013-520,105208,104297,Clay,R128,False,True,0.7820312883104829,89,59,60.20788371360085,21.15029927415629,59,block_16,frozen
2013-frenchopen-1134,2013-520,104297,105208,Clay,R128,False,True,0.5787575490172125,82,44,56.915127004062015,20.53608033112701,44,block_16,frozen
2013-frenchopen-1137,2013-520,104312,104919,Clay,R128,False,True,0.6853107590320846,163,105,106.73554297658947,37.63782694381874,105,block_16,frozen
2013-frenchopen-1137,2013-520,104919,104312,Clay,R128,False,True,0.6200369862076119,162,96,109.7526801308674,39.233128659136284,96,block_16,frozen
2013-frenchopen-1138,2013-520,104882,105902,Clay,R128,False,True,0.6533855990379676,70,50,42.47023807163288,14.545331968317504,50,block_16,frozen
2013-frenchopen-1138,2013-520,105902,104882,Clay,R128,False,True,0.6057702486816164,69,30,51.339669935658776,18.973859078060347,30,block_16,frozen
2013-frenchopen-1139,2013-520,104651,104273,Clay,R128,False,False,0.6114496441044884,92,48,65.20691847938005,23.69693555531562,48,block_16,frozen
2013-frenchopen-1139,2013-520,104273,104651,Clay,R128,False,False,0.6635538684984038,102,67,65.6058340466737,22.99476273393198,67,block_16,frozen
2013-frenchopen-1140,2013-520,104890,104597,Clay,R128,False,True,0.5667985541204286,105,70,69.02192746506341,24.38056552320588,70,block_16,frozen
2013-frenchopen-1140,2013-520,104597,104890,Clay,R128,False,True,0.7580128475461538,107,78,62.75753430348158,21.23042782661807,78,block_16,frozen
2013-frenchopen-1141,2013-520,105683,103598,Clay,R128,False,True,0.6652746793917818,96,69,57.671329353809305,19.680772551758565,69,block_16,frozen
2013-frenchopen-1141,2013-520,103598,105683,Clay,R128,False,True,0.6552446618168314,107,60,75.41604809205174,27.31061623380178,60,block_16,frozen
2013-frenchopen-1142,2013-520,104327,103566,Clay,R128,False,True,0.6735909612074655,131,72,94.5061547739864,34.440848161797014,72,block_16,frozen
2013-frenchopen-1142,2013-520,103566,104327,Clay,R128,False,True,0.6949929817212726,112,72,73.69427395878132,26.018718032021162,72,block_16,frozen
2013-frenchopen-1144,2013-520,105011,104731,Clay,R128,False,True,0.5255078385148605,114,64,78.45248006829065,28.217064340921773,64,block_16,frozen
2013-frenchopen-1144,2013-520,104731,105011,Clay,R128,False,True,0.6880021144877334,90,65,53.42659060855922,18.16094697515796,65,block_16,frozen
2013-frenchopen-1145,2013-520,104719,103852,Clay,R128,False,True,0.5959980528347468,143,91,94.22357721545524,33.32391047861786,91,block_16,frozen
2013-frenchopen-1145,2013-520,103852,104719,Clay,R128,False,True,0.7207762851231369,166,102,115.04498662212363,41.20170106540105,102,block_16,frozen
2013-frenchopen-1146,2013-520,105311,104424,Clay,R128,False,False,0.5593374550588475,77,54,50.22207054466552,17.681650778286006,54,block_16,frozen
2013-frenchopen-1146,2013-520,104424,105311,Clay,R128,False,False,0.6811487104669695,67,34,50.77514252487014,18.767446594890707,34,block_16,frozen
2013-frenchopen-1148,2013-520,104594,103970,Clay,R128,False,True,0.5449124462939877,86,39,60.67955198513286,22.03277256391339,39,block_16,frozen
2013-frenchopen-1148,2013-520,103970,104594,Clay,R128,False,True,0.6839849286775932,88,51,61.99350796221991,22.403050948797613,51,block_16,frozen
2013-frenchopen-1149,2013-520,104542,105379,Clay,R128,False,False,0.7035908054585546,80,55,49.73606750617767,17.208213121624404,55,block_16,frozen
2013-frenchopen-1149,2013-520,105379,104542,Clay,R128,False,False,0.5385535261244847,76,38,52.905788931718476,19.112964452623984,38,block_16,frozen
2013-frenchopen-1150,2013-520,103813,103908,Clay,R128,False,True,0.5949939507873538,182,113,121.03593256674486,42.962606990243046,113,block_16,frozen
2013-frenchopen-1150,2013-520,103908,103813,Clay,R128,False,True,0.6530510059424851,153,94,102.50947656355274,36.47718018627403,94,block_16,frozen
2013-frenchopen-1152,2013-520,103794,104871,Clay,R128,False,True,0.6304015099647489,108,61,74.92618621414826,27.010870671010856,61,block_16,frozen
2013-frenchopen-1152,2013-520,104871,103794,Clay,R128,False,True,0.6608028134842707,85,61,51.22045581416364,17.498187211160843,61,block_16,frozen
2013-frenchopen-1154,2013-520,104678,103484,Clay,R128,False,True,0.610651764865331,71,49,44.920377692161566,15.631713076450751,49,block_16,frozen
2013-frenchopen-1154,2013-520,103484,104678,Clay,R128,False,True,0.5532419611687929,79,37,55.743515228350105,20.240151613742803,37,block_16,frozen
2013-frenchopen-1156,2013-520,104332,105227,Clay,R128,False,True,0.5636187238937548,86,40,61.080081941589384,22.22978375793133,40,block_16,frozen
2013-frenchopen-1156,2013-520,105227,104332,Clay,R128,False,True,0.6361509419021888,60,46,34.96091945384607,11.755394597981148,46,block_16,frozen
2013-frenchopen-1157,2013-520,104468,103720,Clay,R128,False,True,0.6000471776801201,118,67,80.9568916596987,29.080358813005468,67,block_16,frozen
2013-frenchopen-1157,2013-520,103720,104468,Clay,R128,False,True,0.5898227737194096,138,69,97.91783956931005,35.61340203365346,69,block_16,frozen
2013-frenchopen-1158,2013-520,105173,104655,Clay,R128,False,False,0.6065420820144477,190,109,130.05322124618777,46.67355259919039,109,block_16,frozen
2013-frenchopen-1158,2013-520,104655,105173,Clay,R128,False,False,0.5313604486025117,145,94,98.09156865792863,35.044104981891856,94,block_16,frozen
2013-frenchopen-1160,2013-520,105041,105023,Clay,R128,False,True,0.647207854201834,88,53,59.52531983040528,21.257232030173327,53,block_16,frozen
2013-frenchopen-1160,2013-520,105023,105041,Clay,R128,False,True,0.7324041214068523,77,58,43.109794350386395,14.345138289943362,58,block_16,frozen
2013-frenchopen-1161,2013-520,103898,105575,Clay,R128,False,True,0.5980810926669828,159,106,102.7968278319223,36.08126630611105,106,block_16,frozen
2013-frenchopen-1161,2013-520,105575,103898,Clay,R128,False,True,0.5619024356140953,153,96,102.37987413110163,36.422087475898735,96,block_16,frozen
2013-frenchopen-1163,2013-520,104500,103926,Clay,R128,False,False,0.6002514020809521,123,76,81.88612324162361,29.078901604813588,76,block_16,frozen
2013-frenchopen-1163,2013-520,103926,104500,Clay,R128,False,False,0.599608199771171,103,59,70.4509666800428,25.277821729982747,59,block_16,frozen
2013-frenchopen-1164,2013-520,105807,103819,Clay,R128,False,False,0.49319870392829246,79,38,54.72512635214582,19.733250464417026,41,block_16,frozen
2013-frenchopen-1164,2013-520,103819,105807,Clay,R128,False,False,0.7536976125353209,59,47,30.104253049445262,9.667969799024956,47,block_16,frozen
2013-frenchopen-1201,2013-520,104925,105550,Clay,R64,False,False,0.7408889889506803,68,48,41.40538881520799,14.20097864922326,48,block_16,frozen
2013-frenchopen-1201,2013-520,105550,104925,Clay,R64,False,False,0.4498775337837573,83,38,57.24628164158386,20.607660450912967,45,block_16,frozen
2013-frenchopen-1202,2013-520,106298,105777,Clay,R64,False,False,0.5698389775591236,77,44,52.584321053971735,18.85733742141043,44,block_16,frozen
2013-frenchopen-1202,2013-520,105777,106298,Clay,R64,False,False,0.6399343940752906,87,62,53.21288189908518,18.276029633348276,62,block_16,frozen
2013-frenchopen-1205,2013-520,103163,106058,Clay,R64,False,True,0.6393893638280326,112,77,70.1360856883354,24.3217389310416,77,block_16,frozen
2013-frenchopen-1205,2013-520,106058,103163,Clay,R64,False,True,0.6357220940860248,100,61,67.01631074692517,23.85616261241703,61,block_16,frozen
2013-frenchopen-1206,2013-520,105992,104545,Clay,R64,False,True,0.6929866129591801,185,120,120.76550691248217,42.525845351814525,120,block_16,frozen
2013-frenchopen-1206,2013-520,104545,105992,Clay,R64,False,True,0.7122630032036251,158,118,89.86668667766799,30.062267789702744,118,block_16,frozen
2013-frenchopen-1208,2013-520,104269,104386,Clay,R64,False,True,0.5881186714506726,191,117,127.7461845607171,45.44399307694331,117,block_16,frozen
2013-frenchopen-1208,2013-520,104386,104269,Clay,R64,False,True,0.6811501633939092,190,120,126.08915045367306,44.67741435285614,120,block_16,frozen
2013-frenchopen-1209,2013-520,104745,105373,Clay,R64,False,True,0.692803199324073,100,65,65.16493897389059,22.93321138723763,65,block_16,frozen
2013-frenchopen-1209,2013-520,105373,104745,Clay,R64,False,True,0.49429357971377713,103,55,71.48076141338254,25.793298954949314,48,block_16,frozen
2013-frenchopen-1210,2013-520,104586,104926,Clay,R64,False,True,0.6646474769980206,126,72,88.41083280432882,31.952053165944157,72,block_16,frozen
2013-frenchopen-1210,2013-520,104926,104586,Clay,R64,False,True,0.6692977240724861,110,77,67.4332379158355,23.203689272184214,77,block_16,frozen
2013-frenchopen-1211,2013-520,105332,103997,Clay,R64,False,True,0.5365332220763473,82,54,55.154422982192756,19.659579683867904,54,block_16,frozen
2013-frenchopen-1211,2013-520,103997,105332,Clay,R64,False,True,0.5715346312755992,102,54,70.89140829450417,25.592746966463473,54,block_16,frozen
2013-frenchopen-1212,2013-520,104813,105453,Clay,R64,False,True,0.577163817062698,134,63,95.74133778821576,34.91518066143544,63,block_16,frozen
2013-frenchopen-1212,2013-520,105453,104813,Clay,R64,False,True,0.6681255951343182,111,64,77.65080078390724,28.029414829775416,64,block_16,frozen
2013-frenchopen-1213,2013-520,104527,104547,Clay,R64,False,False,0.6831126441215931,98,70,58.85453507481098,20.095232509738807,70,block_16,frozen
2013-frenchopen-1213,2013-520,104547,104527,Clay,R64,False,False,0.5340062114424688,103,62,70.20246604990257,25.154981068625155,62,block_16,frozen
2013-frenchopen-1215,2013-520,104797,103786,Clay,R64,False,True,0.6385433758241956,103,60,70.67130933262831,25.3717721104194,60,block_16,frozen
2013-frenchopen-1215,2013-520,103786,104797,Clay,R64,False,True,0.5973014805754426,79,59,48.596006482593296,16.703180929209424,59,block_16,frozen
2013-frenchopen-1216,2013-520,104308,104755,Clay,R64,False,False,0.5283344022724333,81,35,56.89921613229458,20.62670833151979,35,block_16,frozen
2013-frenchopen-1216,2013-520,104755,104308,Clay,R64,False,False,0.7153865491942007,64,46,38.0261036714493,12.938224019284673,46,block_16,frozen
2013-frenchopen-1217,2013-520,104792,105208,Clay,R64,False,True,0.6130784147288622,152,97,99.68278343426405,35.19428921878186,97,block_16,frozen
2013-frenchopen-1217,2013-520,105208,104792,Clay,R64,False,True,0.6149210142022774,116,75,75.59618799176496,26.624678899735052,75,block_16,frozen
2013-frenchopen-1219,2013-520,104312,104882,Clay,R64,False,True,0.6000366335649565,163,108,105.56360112526282,37.07925289402384,108,block_16,frozen
2013-frenchopen-1219,2013-520,104882,104312,Clay,R64,False,True,0.6056836873511946,167,100,112.4900648674396,40.1276682933588,100,block_16,frozen
2013-frenchopen-1220,2013-520,104273,104597,Clay,R64,False,True,0.6228103273940185,75,46,50.05681594319969,17.793402672898637,46,block_16,frozen
2013-frenchopen-1220,2013-520,104597,104273,Clay,R64,False,True,0.7169053096330908,101,66,66.13464425978894,23.27777464942391,66,block_16,frozen
2013-frenchopen-1221,2013-520,105683,103566,Clay,R64,False,True,0.7062492530479201,121,86,72.78551513208396,24.878477374877896,86,block_16,frozen
2013-frenchopen-1221,2013-520,103566,105683,Clay,R64,False,True,0.6533981241221308,145,89,97.2120053296944,34.59985465417704,89,block_16,frozen
2013-frenchopen-1224,2013-520,103656,103970,Clay,R64,False,True,0.5592436319085042,87,37,62.46644289925567,22.825520503999357,37,block_16,frozen
2013-frenchopen-1224,2013-520,103970,103656,Clay,R64,False,True,0.7025704016389194,72,46,47.76546555951618,16.903095235872637,46,block_16,frozen
2013-frenchopen-1225,2013-520,104542,103813,Clay,R64,False,True,0.6788013280339943,80,63,43.714710054189055,14.332732102973864,63,block_16,frozen
2013-frenchopen-1225,2013-520,103813,104542,Clay,R64,False,True,0.542010752310401,109,66,74.00209459642406,26.47612715761654,66,block_16,frozen
2013-frenchopen-1226,2013-520,105138,104871,Clay,R64,False,False,0.6213718280491372,80,47,54.4134249673971,19.479284058831226,47,block_16,frozen
2013-frenchopen-1226,2013-520,104871,105138,Clay,R64,False,False,0.6869585920342894,97,67,59.99983866721425,20.723023062869345,67,block_16,frozen
2013-frenchopen-1228,2013-520,106401,105227,Clay,R64,False,False,0.5254188634022519,80,43,55.2499976975679,19.899176308919476,43,block_16,frozen
2013-frenchopen-1228,2013-520,105227,106401,Clay,R64,False,False,0.6873027312640516,69,55,36.899199968889064,11.991267624763058,55,block_16,frozen
2013-frenchopen-1229,2013-520,104468,104655,Clay,R64,False,False,0.6410075211769205,100,67,63.60282069307919,22.194056382830674,67,block_16,frozen
2013-frenchopen-1229,2013-520,104655,104468,Clay,R64,False,False,0.5407555178531508,115,56,80.34031019011206,29.063282960639476,56,block_16,frozen
2013-frenchopen-1230,2013-520,104225,105023,Clay,R64,False,True,0.6467904202050913,100,52,72.61141105983019,26.56758106557836,52,block_16,frozen
2013-frenchopen-1230,2013-520,105023,104225,Clay,R64,False,True,0.6898111392810067,95,59,64.04957017229376,22.80702931307645,59,block_16,frozen
2013-frenchopen-1231,2013-520,103898,104735,Clay,R64,False,True,0.578972177422034,176,105,118.8015914170077,42.41258841364363,105,block_16,frozen
2013-frenchopen-1231,2013-520,104735,103898,Clay,R64,False,True,0.5713389887718531,176,110,117.48284718423017,41.756792726180805,110,block_16,frozen
2013-frenchopen-1232,2013-520,104500,103819,Clay,R64,False,True,0.4741465156037739,75,35,51.827667586867044,18.670862777175813,40,block_16,frozen
2013-frenchopen-1232,2013-520,103819,104500,Clay,R64,False,True,0.7387442562888266,65,48,37.35291062707253,12.553851349255195,48,block_16,frozen
2013-frenchopen-1301,2013-520,104925,105777,Clay,R32,False,True,0.7003523583336907,71,52,41.41874090565308,13.988387966769091,52,block_16,frozen
2013-frenchopen-1301,2013-520,105777,104925,Clay,R32,False,True,0.4728023161040602,84,42,58.34881933547502,21.06213597678149,42,block_16,frozen
2013-frenchopen-1302,2013-520,103812,104259,Clay,R32,False,True,0.6359579133158586,81,39,60.092696184031595,22.155122629596978,39,block_16,frozen
2013-frenchopen-1302,2013-520,104259,103812,Clay,R32,False,True,0.7756661611985817,95,63,63.831922042109355,22.4235730836904,63,block_16,frozen
2013-frenchopen-1303,2013-520,103163,104545,Clay,R32,False,True,0.6943383979152491,208,151,122.64494054645442,41.58781248005385,151,block_16,frozen
2013-frenchopen-1303,2013-520,104545,103163,Clay,R32,False,True,0.6981476678668419,229,156,143.49531022476427,49.79485567341676,156,block_16,frozen
2013-frenchopen-1304,2013-520,104022,104386,Clay,R32,False,True,0.5755694198469781,85,61,54.26428507737386,18.939344129022565,61,block_16,frozen
2013-frenchopen-1304,2013-520,104386,104022,Clay,R32,False,True,0.6381217178056579,88,53,59.38464800493058,21.192638665301708,53,block_16,frozen
2013-frenchopen-1305,2013-520,104745,104926,Clay,R32,False,True,0.6861909363638448,104,66,68.89643868161282,24.392028519353058,66,block_16,frozen
2013-frenchopen-1305,2013-520,104926,104745,Clay,R32,False,True,0.4803570581343783,129,73,90.18381517360996,32.63370403801813,56,block_16,frozen
2013-frenchopen-1306,2013-520,105332,105453,Clay,R32,False,True,0.5267161850086175,137,76,94.35476257826153,33.947041597044546,76,block_16,frozen
2013-frenchopen-1306,2013-520,105453,105332,Clay,R32,False,True,0.6029989426506758,119,76,78.1679299189376,27.613479972799404,76,block_16,frozen
2013-frenchopen-1307,2013-520,104527,105668,Clay,R32,False,True,0.6444062526935036,120,85,73.5400261561341,25.28206726336242,85,block_16,frozen
2013-frenchopen-1307,2013-520,105668,104527,Clay,R32,False,True,0.6286297685880954,132,81,88.119581768436,31.3251284348047,81,block_16,frozen
2013-frenchopen-1308,2013-520,103786,104755,Clay,R32,False,True,0.5512191117043382,97,55,66.41052019097907,23.838621096010407,55,block_16,frozen
2013-frenchopen-1308,2013-520,104755,103786,Clay,R32,False,True,0.682461445299634,87,59,54.66127439645284,18.99011477052367,59,block_16,frozen
2013-frenchopen-1309,2013-520,104792,103990,Clay,R32,False,True,0.6498672482998508,166,100,112.36194881897205,40.13290544855795,100,block_16,frozen
2013-frenchopen-1309,2013-520,103990,104792,Clay,R32,False,True,0.5939755529368596,158,104,102.84784314700147,36.1965842720236,104,block_16,frozen
2013-frenchopen-1311,2013-520,105683,104731,Clay,R32,False,True,0.6964667158478984,131,78,91.40534378052675,32.89482343092625,78,block_16,frozen
2013-frenchopen-1311,2013-520,104731,105683,Clay,R32,False,True,0.6840825996505452,97,73,55.3709802324167,18.516933756051266,73,block_16,frozen
2013-frenchopen-1312,2013-520,103852,103970,Clay,R32,False,True,0.5965280597016305,104,51,74.45344062338228,27.162093415618457,51,block_16,frozen
2013-frenchopen-1312,2013-520,103970,103852,Clay,R32,False,True,0.7004593905572324,87,58,55.608748558966695,19.432682825684463,58,block_16,frozen
2013-frenchopen-1313,2013-520,104542,104871,Clay,R32,False,True,0.7062040897617775,72,57,38.20055627749167,12.400877347688134,57,block_16,frozen
2013-frenchopen-1313,2013-520,104871,104542,Clay,R32,False,True,0.6124558912842517,74,45,49.55236852634273,17.636533973307596,45,block_16,frozen
2013-frenchopen-1314,2013-520,104678,105227,Clay,R32,False,True,0.5537687952583555,126,81,84.18296225532029,29.92859987198461,81,block_16,frozen
2013-frenchopen-1314,2013-520,105227,104678,Clay,R32,False,True,0.62003025294516,117,70,78.93928168913686,28.174953792044576,70,block_16,frozen
2013-frenchopen-1315,2013-520,104468,105023,Clay,R32,False,True,0.625081862188872,137,84,91.46482482760848,32.515891970208095,84,block_16,frozen
2013-frenchopen-1315,2013-520,105023,104468,Clay,R32,False,True,0.6362449769805769,130,81,86.17835800442072,30.55331092443847,81,block_16,frozen
2013-frenchopen-1316,2013-520,103898,103819,Clay,R32,False,True,0.5413971725754442,83,49,56.57190935821622,20.27128166083935,49,block_16,frozen
2013-frenchopen-1316,2013-520,103819,103898,Clay,R32,False,True,0.7240460358964141,79,64,39.97843775858758,12.737277710946593,64,block_16,frozen
2013-frenchopen-1401,2013-520,104925,104259,Clay,R16,False,True,0.6985372862650874,141,94,90.08219195996901,31.476552164829133,94,block_16,frozen
2013-frenchopen-1401,2013-520,104259,104925,Clay,R16,False,True,0.5331814661740043,116,76,78.26848928246717,27.933184342640807,76,block_16,frozen
2013-frenchopen-1402,2013-520,103163,104022,Clay,R16,False,True,0.594752205249795,70,43,46.73117526592048,16.61242334398223,43,block_16,frozen
2013-frenchopen-1402,2013-520,104022,103163,Clay,R16,False,True,0.5879557755531052,58,22,43.60276340433896,16.18008152802607,22,block_16,frozen
2013-frenchopen-1403,2013-520,104745,105453,Clay,R16,False,True,0.6814413507441118,78,55,47.40579959713057,16.26171194945655,55,block_16,frozen
2013-frenchopen-1403,2013-520,105453,104745,Clay,R16,False,True,0.5021051902076288,78,42,54.04090902285971,19.487714541167428,42,block_16,frozen
2013-frenchopen-1404,2013-520,104527,104755,Clay,R16,False,True,0.5983898104201932,175,122,110.99905836071343,38.65520017004794,122,block_16,frozen
2013-frenchopen-1404,2013-520,104755,104527,Clay,R16,False,True,0.6399423948785539,194,125,126.28003531656434,44.46249742036393,125,block_16,frozen
2013-frenchopen-1405,2013-520,103990,104597,Clay,R16,False,True,0.6526977679855905,167,104,110.99694690000324,39.38326510667026,104,block_16,frozen
2013-frenchopen-1405,2013-520,104597,103990,Clay,R16,False,True,0.7162856325662389,167,102,115.92115306838585,41.5596038957637,102,block_16,frozen
2013-frenchopen-1406,2013-520,104731,103970,Clay,R16,False,True,0.5859034319424622,86,41,61.593135518629865,22.47824209504627,41,block_16,frozen
2013-frenchopen-1406,2013-520,103970,104731,Clay,R16,False,True,0.6997781833411204,71,52,41.42501758991229,13.991023850017587,52,block_16,frozen
2013-frenchopen-1407,2013-520,104542,104678,Clay,R16,False,True,0.637976736189244,81,60,48.304190492886846,16.41095124670382,60,block_16,frozen
2013-frenchopen-1407,2013-520,104678,104542,Clay,R16,False,True,0.5667657961729151,87,49,59.60876561487068,21.40339366595642,49,block_16,frozen
2013-frenchopen-1408,2013-520,104468,103819,Clay,R16,False,True,0.5174231370806344,161,93,110.8229939058503,39.86329565160676,93,block_16,frozen
2013-frenchopen-1408,2013-520,103819,104468,Clay,R16,False,True,0.6897613208043876,117,79,73.81706970036345,25.682880835210916,79,block_16,frozen
2013-frenchopen-1501,2013-520,103163,104925,Clay,QF,False,True,0.5008000795653553,4,2,2.7725938432648247,1.0000025605092435,2,block_16,frozen
2013-frenchopen-1503,2013-520,103990,103970,Clay,QF,False,True,0.5849652260616927,68,31,49.159829037204545,18.00068945187074,31,block_16,frozen
2013-frenchopen-1503,2013-520,103970,103990,Clay,QF,False,True,0.7184004193898192,62,47,34.553261536071545,11.46850865728402,47,block_16,frozen
2013-frenchopen-1504,2013-520,104542,103819,Clay,QF,False,True,0.5876931383248813,76,56,47.48656703012375,16.427493595008546,56,block_16,frozen
2013-frenchopen-1504,2013-520,103819,104542,Clay,QF,False,True,0.6878613814744814,100,53,74.55337219911297,27.402021576103174,53,block_16,frozen
2013-frenchopen-1601,2013-520,104925,104745,Clay,SF,False,True,0.5947579151884723,175,106,117.40336193668549,41.815293073928025,106,block_16,frozen
2013-frenchopen-1601,2013-520,104745,104925,Clay,SF,False,True,0.5945843939584017,160,108,103.09621504027903,36.134667151206,108,block_16,frozen
2013-frenchopen-1602,2013-520,103970,104542,Clay,SF,False,True,0.6549124171714068,88,58,56.467429385634006,19.77426373466275,58,block_16,frozen
2013-frenchopen-1602,2013-520,104542,103970,Clay,SF,False,True,0.5984591960642944,103,54,72.43329437811,26.256207988510127,54,block_16,frozen
2013-frenchopen-1701,2013-520,104745,103970,Clay,F,False,True,0.6460041472980435,87,54,57.864777871513255,20.53851026619699,54,block_16,frozen
2013-frenchopen-1701,2013-520,103970,104745,Clay,F,False,True,0.5749485070371431,85,39,60.940585056058964,22.252108239363217,39,block_16,frozen
2013-wimbledon-1101,2013-540,104925,104252,Grass,R128,False,True,0.7117673964386942,87,67,47.660024931121,15.698484794296178,67,block_16,frozen
2013-wimbledon-1101,2013-540,104252,104925,Grass,R128,False,True,0.5632493934806708,108,66,72.67866678127088,25.914067020236555,66,block_16,frozen
2013-wimbledon-1104,2013-540,105992,104871,Grass,R128,False,True,0.7107956390904375,155,100,102.37122582104973,36.15159046715994,100,block_16,frozen
2013-wimbledon-1104,2013-540,104871,105992,Grass,R128,False,True,0.6904834745692905,119,88,68.94702265391729,23.2102324855452,88,block_16,frozen
2013-wimbledon-1105,2013-540,104468,103852,Grass,R128,False,True,0.6606301495522138,119,76,77.97523045162472,27.519648413251765,76,block_16,frozen
2013-wimbledon-1105,2013-540,103852,104468,Grass,R128,False,True,0.6776232727547097,85,72,42.73624084688401,13.451979204520118,72,block_16,frozen
2013-wimbledon-1108,2013-540,104098,103163,Grass,R128,False,True,0.6367944760638359,95,61,61.96454585180064,21.834258371026472,61,block_16,frozen
2013-wimbledon-1108,2013-540,103163,104098,Grass,R128,False,True,0.7549586820415244,98,74,54.55270952852306,18.12245099366219,74,block_16,frozen
2013-wimbledon-1109,2013-540,104755,104719,Grass,R128,False,True,0.7719671744569099,129,87,84.6039116753936,29.553109723126763,87,block_16,frozen
2013-wimbledon-1109,2013-540,104719,104755,Grass,R128,False,True,0.5853669380827976,146,88,98.18639938000187,35.00296891869037,88,block_16,frozen
2013-wimbledon-1112,2013-540,106071,105023,Grass,R128,False,True,0.6825324598369141,156,106,97.85517552158845,33.9758056766147,106,block_16,frozen
2013-wimbledon-1112,2013-540,105023,106071,Grass,R128,False,True,0.7179868030089706,149,109,86.74420229607558,29.28912928900572,109,block_16,frozen
2013-wimbledon-1116,2013-540,105373,104607,Grass,R128,False,True,0.6170558173737384,97,56,66.39107197620237,23.823262984354223,56,block_16,frozen
2013-wimbledon-1116,2013-540,104607,105373,Grass,R128,False,True,0.7123042793796523,82,64,44.13734030544443,14.429997926054897,64,block_16,frozen
2013-wimbledon-1117,2013-540,103970,104651,Grass,R128,False,False,0.7640235482663407,100,72,59.81193136486517,20.35380728019588,72,block_16,frozen
2013-wimbledon-1117,2013-540,104651,103970,Grass,R128,False,False,0.5555885823418513,110,66,74.4741957048004,26.616961142024717,66,block_16,frozen
2013-wimbledon-1121,2013-540,105683,104122,Grass,R128,False,True,0.7000689446429365,72,58,37.54027152061671,12.07895238366956,58,block_16,frozen
2013-wimbledon-1121,2013-540,104122,105683,Grass,R128,False,True,0.6309179375349727,104,60,71.49116438007118,25.68782166175518,60,block_16,frozen
2013-wimbledon-1124,2013-540,104471,104259,Grass,R128,True,True,0.6069453037921777,155,109,97.3806085471632,33.78522705158899,109,block_16,frozen
2013-wimbledon-1124,2013-540,104259,104471,Grass,R128,True,True,0.7857409626590438,168,112,113.27824205275596,39.71535291163482,112,block_16,frozen
2013-wimbledon-1129,2013-540,105777,104620,Grass,R128,False,True,0.6183051696422728,63,53,35.11231512444316,11.544632834719748,53,block_16,frozen
2013-wimbledon-1129,2013-540,104620,105777,Grass,R128,False,True,0.6506439415568335,86,47,61.21514060863916,22.246497820534294,47,block_16,frozen
2013-wimbledon-1132,2013-540,105077,105223,Grass,R128,False,True,0.557694760588069,76,39,52.956732910808384,19.13759056917177,39,block_16,frozen
2013-wimbledon-1132,2013-540,105223,105077,Grass,R128,False,True,0.7472175111457291,79,57,46.86471006269924,15.92559043744949,57,block_16,frozen
2013-wimbledon-1133,2013-540,104745,104327,Grass,R128,False,True,0.8057287844084384,119,73,91.13959406309603,32.618263485259675,73,block_16,frozen
2013-wimbledon-1133,2013-540,104327,104745,Grass,R128,False,True,0.5840603730979124,121,81,78.64643103097305,27.65852840835418,81,block_16,frozen
2013-wimbledon-1140,2013-540,103720,104527,Grass,R128,False,True,0.6322671831299596,99,63,64.89627385390119,22.910752221071384,63,block_16,frozen
2013-wimbledon-1140,2013-540,104527,103720,Grass,R128,False,True,0.6899546681915657,105,61,74.16450975551132,26.809462117359004,61,block_16,frozen
2013-wimbledon-1141,2013-540,104597,105132,Grass,R128,False,True,0.8012869800350327,83,72,33.725430223653326,9.90572329796931,72,block_16,frozen
2013-wimbledon-1141,2013-540,105132,104597,Grass,R128,False,True,0.6741985905366713,124,78,82.33747801342668,29.188443572001916,78,block_16,frozen
2013-wimbledon-1144,2013-540,106378,105668,Grass,R128,False,False,0.6260038885731924,90,49,63.27544114395384,22.920897085615355,49,block_16,frozen
2013-wimbledon-1144,2013-540,105668,106378,Grass,R128,False,False,0.7462653075970159,76,57,42.74027924526895,14.251060042478214,57,block_16,frozen
2013-wimbledon-1145,2013-540,104926,103781,Grass,R128,False,True,0.6396982821835356,132,73,92.84137741150423,33.62028457537456,73,block_16,frozen
2013-wimbledon-1145,2013-540,103781,104926,Grass,R128,False,True,0.6108864236661646,130,84,84.81757910440795,29.884769764637124,84,block_16,frozen
2013-wimbledon-1147,2013-540,104297,104660,Grass,R128,False,True,0.6684873339736419,42,24,29.539314622835274,10.68137122795906,24,block_16,frozen
2013-wimbledon-1147,2013-540,104660,104297,Grass,R128,False,True,0.6809512827364699,27,24,12.649582724853136,3.834093964081427,24,block_16,frozen
2013-wimbledon-1148,2013-540,103812,103819,Grass,R128,False,True,0.6139550652685444,61,29,44.604820738605895,16.383996366727484,29,block_16,frozen
2013-wimbledon-1148,2013-540,103819,103812,Grass,R128,False,True,0.8516992741329747,56,49,21.225159122369046,6.155403734252095,49,block_16,frozen
2013-wimbledon-1149,2013-540,104542,105676,Grass,R128,False,True,0.7010208608311345,92,69,52.279790690263766,17.470703958782526,69,block_16,frozen
2013-wimbledon-1149,2013-540,105676,104542,Grass,R128,False,True,0.6556443772554342,99,65,63.68562094752159,22.3233163500335,65,block_16,frozen
2013-wimbledon-1156,2013-540,104571,105227,Grass,R128,False,True,0.6195716329896575,71,47,45.69514396000928,16.014966095760627,47,block_16,frozen
2013-wimbledon-1156,2013-540,105227,104571,Grass,R128,False,True,0.6639802423691887,80,61,45.700797057632684,15.263991411490704,61,block_16,frozen
2013-wimbledon-1157,2013-540,104386,104678,Grass,R128,False,True,0.6854132994039946,101,68,63.85021566699312,22.232721772043597,68,block_16,frozen
2013-wimbledon-1157,2013-540,104678,104386,Grass,R128,False,True,0.621185631027591,95,71,57.10191329907883,19.44944127262099,71,block_16,frozen
2013-wimbledon-1160,2013-540,104898,104022,Grass,R128,False,True,0.6087497671512567,123,76,81.82762029213194,29.05091771083422,76,block_16,frozen
2013-wimbledon-1160,2013-540,104022,104898,Grass,R128,False,True,0.6425779990884157,92,70,53.59313355377708,18.026476739569222,70,block_16,frozen
2013-wimbledon-1163,2013-540,104868,104229,Grass,R128,False,True,0.6616403173184766,168,112,106.94388294176876,37.3375777168787,112,block_16,frozen
2013-wimbledon-1163,2013-540,104229,104868,Grass,R128,False,True,0.5850867086073852,169,116,108.79878885568681,38.11305476663156,116,block_16,frozen
2013-wimbledon-1164,2013-540,103794,104918,Grass,R128,False,True,0.5314336970765825,79,43,54.47439990022171,19.608022228104208,43,block_16,frozen
2013-wimbledon-1164,2013-540,104918,103794,Grass,R128,False,True,0.7283792637212502,86,59,53.88948110331675,18.677373137335984,59,block_16,frozen
2013-wimbledon-1201,2013-540,104925,104035,Grass,R64,False,True,0.7951709650857864,73,61,33.00804184443423,10.146813310762706,61,block_16,frozen
2013-wimbledon-1201,2013-540,104035,104925,Grass,R64,False,True,0.5688080136092033,121,68,82.95013494570249,29.790759467020116,68,block_16,frozen
2013-wimbledon-1204,2013-540,104499,103163,Grass,R64,False,True,0.6118016020453632,89,52,60.560889091097025,21.68544021089152,52,block_16,frozen
2013-wimbledon-1204,2013-540,103163,104499,Grass,R64,False,True,0.6768429741167974,74,61,38.49429461029629,12.32577161698482,61,block_16,frozen
2013-wimbledon-1205,2013-540,104755,104424,Grass,R64,False,True,0.7074899904644227,107,70,69.70471232594795,24.50940460196716,70,block_16,frozen
2013-wimbledon-1205,2013-540,104424,104755,Grass,R64,False,True,0.6446432685394964,124,65,89.58213605479187,32.72642810535284,65,block_16,frozen
2013-wimbledon-1206,2013-540,103484,106071,Grass,R64,False,True,0.6382109835840722,94,53,65.48603346721761,23.637082139419142,53,block_16,frozen
2013-wimbledon-1206,2013-540,106071,103484,Grass,R64,False,True,0.6653199537815967,99,67,62.32821303799673,21.669539642360693,67,block_16,frozen
2013-wimbledon-1208,2013-540,104978,104607,Grass,R64,False,True,0.6507561454309088,101,64,66.41913911047627,23.47505302726918,64,block_16,frozen
2013-wimbledon-1208,2013-540,104607,104978,Grass,R64,False,True,0.8072458954638118,81,66,38.82747854287803,12.226862593973722,66,block_16,frozen
2013-wimbledon-1209,2013-540,103970,105138,Grass,R64,False,False,0.7640235482663407,131,86,88.12852013151696,31.056839380208515,86,block_16,frozen
2013-wimbledon-1209,2013-540,105138,103970,Grass,R64,False,False,0.5555885823418513,142,87,95.73751711404242,34.159958214183064,87,block_16,frozen
2013-wimbledon-1210,2013-540,105053,105238,Grass,R64,False,True,0.6744748350879695,102,59,71.49500074490888,25.81343238264785,59,block_16,frozen
2013-wimbledon-1210,2013-540,105238,105053,Grass,R64,False,True,0.6873154002018989,76,60,41.09868389533948,13.424738886729063,60,block_16,frozen
2013-wimbledon-1211,2013-540,105683,104997,Grass,R64,False,True,0.7952818067191283,109,74,72.46457967966172,25.237866184299076,74,block_16,frozen
2013-wimbledon-1211,2013-540,104997,105683,Grass,R64,False,True,0.7205588218936829,94,75,48.80392277535432,15.721448201975914,75,block_16,frozen
2013-wimbledon-1213,2013-540,105453,104919,Grass,R64,False,True,0.7148429609303304,106,70,68.66821618589069,24.088034101667784,70,block_16,frozen
2013-wimbledon-1213,2013-540,104919,105453,Grass,R64,False,True,0.6480427608927393,106,59,74.67365990762194,27.046652728878076,59,block_16,frozen
2013-wimbledon-1215,2013-540,105777,104813,Grass,R64,False,True,0.6911125721638326,190,136,113.68358018952563,38.768331977990194,136,block_16,frozen
2013-wimbledon-1215,2013-540,104813,105777,Grass,R64,False,True,0.6506549675807,188,131,116.24725448394918,40.118553219295656,131,block_16,frozen
2013-wimbledon-1216,2013-540,105028,105223,Grass,R64,False,True,0.6134091122010273,100,57,68.7239169653441,24.69843510220814,57,block_16,frozen
2013-wimbledon-1216,2013-540,105223,105028,Grass,R64,False,True,0.7422138746824486,86,62,51.01830609288433,17.341283015693854,62,block_16,frozen
2013-wimbledon-1219,2013-540,104545,105173,Grass,R64,True,True,0.7200071353233077,5,5,1.6424707842494037,0.39198002134930254,5,block_16,frozen
2013-wimbledon-1219,2013-540,105173,104545,Grass,R64,True,True,0.6839479515130013,5,4,2.6713422026931632,0.8673403897901435,4,block_16,frozen
2013-wimbledon-1220,2013-540,104460,103720,Grass,R64,False,True,0.7171696550892164,146,96,95.05991589854256,33.39594409326516,96,block_16,frozen
2013-wimbledon-1220,2013-540,103720,104460,Grass,R64,False,True,0.6971289754519092,130,81,87.75153523050054,31.24365107069243,81,block_16,frozen
2013-wimbledon-1221,2013-540,104597,105558,Grass,R64,False,True,0.7893683907991836,125,91,74.4834328124951,25.222759923660167,91,block_16,frozen
2013-wimbledon-1221,2013-540,105558,104597,Grass,R64,False,True,0.6309724473653654,123,81,79.16906638884592,27.75198973492218,81,block_16,frozen
2013-wimbledon-1222,2013-540,103285,105668,Grass,R64,True,True,0.6382539039779659,65,36,45.65225628086784,16.5246418998889,36,block_16,frozen
2013-wimbledon-1222,2013-540,105668,103285,Grass,R64,True,True,0.6963980608099358,42,33,22.66885785303868,7.406478868737477,33,block_16,frozen
2013-wimbledon-1224,2013-540,104660,103819,Grass,R64,False,True,0.46674971030261786,165,119,119.59665335505645,43.85969213912727,46,block_16,frozen
2013-wimbledon-1224,2013-540,103819,104660,Grass,R64,False,True,0.7877588797949493,158,115,94.08615951621309,31.864577973097013,115,block_16,frozen
2013-wimbledon-1225,2013-540,104542,105208,Grass,R64,True,True,0.7067578836403153,84,53,56.42401470794805,20.042227645496524,53,block_16,frozen
2013-wimbledon-1225,2013-540,105208,104542,Grass,R64,True,True,0.684341959535534,85,57,53.90664254008272,18.792549607328553,57,block_16,frozen
2013-wimbledon-1226,2013-540,104269,103898,Grass,R64,False,True,0.6718363900954429,97,75,54.343878295752,18.00686258616175,75,block_16,frozen
2013-wimbledon-1226,2013-540,103898,104269,Grass,R64,False,True,0.6835574976349196,126,79,84.13396070221971,29.87152279786976,79,block_16,frozen
2013-wimbledon-1227,2013-540,104338,104330,Grass,R64,False,False,0.6889998050400346,102,78,57.08719645061629,18.937545010965582,78,block_16,frozen
2013-wimbledon-1227,2013-540,104330,104338,Grass,R64,False,False,0.6023315872946997,133,79,89.84421165448649,32.084453567480125,79,block_16,frozen
2013-wimbledon-1230,2013-540,105577,104022,Grass,R64,False,False,0.5951151804668806,158,108,101.25966607477432,35.412729346649996,108,block_16,frozen
2013-wimbledon-1230,2013-540,104022,105577,Grass,R64,False,False,0.6939668536759416,163,115,98.84804365795722,33.88679267667781,115,block_16,frozen
2013-wimbledon-1231,2013-540,103990,103917,Grass,R64,False,True,0.7087907372346297,100,80,52.20985892534762,16.831912961420237,80,block_16,frozen
2013-wimbledon-1231,2013-540,103917,103990,Grass,R64,False,True,0.6681911342562232,94,66,57.49944021855741,19.76783311664864,66,block_16,frozen
2013-wimbledon-1232,2013-540,104229,104918,Grass,R64,False,True,0.5309366378705571,108,62,74.0757819179714,26.60837795484636,62,block_16,frozen
2013-wimbledon-1232,2013-540,104918,104229,Grass,R64,False,True,0.7348843288336196,82,64,43.61130170377075,14.219314004046334,64,block_16,frozen
2013-wimbledon-1301,2013-540,104925,104871,Grass,R32,False,True,0.7805765105090187,58,52,21.982080893017105,6.159424855051354,52,block_16,frozen
2013-wimbledon-1301,2013-540,104871,104925,Grass,R32,False,True,0.5763562204406666,89,47,61.97059786073236,22.387113141395215,47,block_16,frozen
2013-wimbledon-1302,2013-540,103852,103163,Grass,R32,False,True,0.691034585062091,125,78,84.02882055006252,29.889704449305842,78,block_16,frozen
2013-wimbledon-1302,2013-540,103163,103852,Grass,R32,False,True,0.6842865656471422,111,81,65.3172678757494,22.121115900855795,81,block_16,frozen
2013-wimbledon-1303,2013-540,104755,106071,Grass,R32,False,True,0.7266432256112756,141,110,75.33146538367996,24.58795356859241,110,block_16,frozen
2013-wimbledon-1303,2013-540,106071,104755,Grass,R32,False,True,0.6141158500488288,166,116,104.16921999278799,36.13007681735019,116,block_16,frozen
2013-wimbledon-1304,2013-540,104731,104607,Grass,R32,False,True,0.6559810484646682,121,78,78.77014049180357,27.734603888833213,78,block_16,frozen
2013-wimbledon-1304,2013-540,104607,104731,Grass,R32,False,True,0.7383710554136259,124,81,82.22361735170293,28.987674141598948,81,block_16,frozen
2013-wimbledon-1305,2013-540,103970,105238,Grass,R32,False,True,0.7192098217456128,144,98,90.7277985819763,31.520713485991173,98,block_16,frozen
2013-wimbledon-1305,2013-540,105238,103970,Grass,R32,False,True,0.6336959274301346,187,109,128.05901568486559,45.94797663879834,109,block_16,frozen
2013-wimbledon-1306,2013-540,104997,104471,Grass,R32,True,True,0.77967449812388,42,16,43.31094117874039,16.581893627074255,16,block_16,frozen
2013-wimbledon-1306,2013-540,104471,104997,Grass,R32,True,True,0.6990231581562141,36,29,18.789124481866352,6.047458349932333,29,block_16,frozen
2013-wimbledon-1308,2013-540,104813,105223,Grass,R32,False,True,0.6246477381121016,101,64,66.37225622766253,23.453753991236027,64,block_16,frozen
2013-wimbledon-1308,2013-540,105223,104813,Grass,R32,False,True,0.7567815969202933,89,67,49.77509890618625,16.563202316594104,67,block_16,frozen
2013-wimbledon-1309,2013-540,103997,105332,Grass,R32,False,True,0.6210452648986671,88,58,56.738531347881974,19.900104724423507,58,block_16,frozen
2013-wimbledon-1309,2013-540,105332,103997,Grass,R32,False,True,0.5871669259579547,77,40,54.0321871624071,19.573550841660023,40,block_16,frozen
2013-wimbledon-1311,2013-540,104597,105668,Grass,R32,False,True,0.7292584830202008,107,66,74.40820422443511,26.642399292424418,66,block_16,frozen
2013-wimbledon-1311,2013-540,105668,104597,Grass,R32,False,True,0.7111783428012818,87,68,46.77355099254527,15.282138647478916,68,block_16,frozen
2013-wimbledon-1312,2013-540,103781,104660,Grass,R32,False,True,0.6732149237639009,110,70,72.43644873174327,25.60392736668171,70,block_16,frozen
2013-wimbledon-1312,2013-540,104660,103781,Grass,R32,False,True,0.5390930171424512,107,66,72.53615204572124,25.936198818293818,66,block_16,frozen
2013-wimbledon-1313,2013-540,105208,104269,Grass,R32,False,True,0.7291667498897346,82,49,58.583103633057526,21.13975874067623,49,block_16,frozen
2013-wimbledon-1313,2013-540,104269,105208,Grass,R32,False,True,0.6636660116122112,75,58,42.30268272965584,14.048685775677974,58,block_16,frozen
2013-wimbledon-1314,2013-540,104338,104932,Grass,R32,False,True,0.7030571915599018,109,69,72.87850446268737,25.855653756580065,69,block_16,frozen
2013-wimbledon-1314,2013-540,104932,104338,Grass,R32,False,True,0.6758098281460546,108,74,67.29487307241106,23.305789206814303,74,block_16,frozen
2013-wimbledon-1315,2013-540,104678,104022,Grass,R32,False,True,0.6222946272562916,96,58,64.51016535540745,22.98988113702668,58,block_16,frozen
2013-wimbledon-1315,2013-540,104022,104678,Grass,R32,False,True,0.6273507333127799,90,65,54.98415838288528,18.865609502266054,65,block_16,frozen
2013-wimbledon-1316,2013-540,103990,104918,Grass,R32,False,True,0.6018359962170736,100,59,67.71499067655574,24.204009080645058,59,block_16,frozen
2013-wimbledon-1316,2013-540,104918,103990,Grass,R32,False,True,0.7451719936705403,80,60,44.99174232308689,15.001864771609386,60,block_16,frozen
2013-wimbledon-1401,2013-540,104925,103163,Grass,R16,False,True,0.7308872100063794,89,61,55.876755144333046,19.375214503052643,61,block_16,frozen
2013-wimbledon-1401,2013-540,103163,104925,Grass,R16,False,True,0.5520785269737104,107,57,74.01857134504273,26.675652819161435,57,block_16,frozen
2013-wimbledon-1402,2013-540,106071,104607,Grass,R16,False,True,0.6132750540662623,170,104,113.5526849749147,40.376858384013524,104,block_16,frozen
2013-wimbledon-1402,2013-540,104607,106071,Grass,R16,False,True,0.7330918960800307,139,98,84.58233833875083,29.0158865739658,98,block_16,frozen
2013-wimbledon-1403,2013-540,103970,104471,Grass,R16,False,True,0.8102348869805849,125,91,75.65614857943075,25.5973220795887,91,block_16,frozen
2013-wimbledon-1403,2013-540,104471,103970,Grass,R16,False,True,0.5447139908032186,148,89,100.4899409394548,35.95448273998889,89,block_16,frozen
2013-wimbledon-1404,2013-540,104312,105223,Grass,R16,False,True,0.6529742737457568,107,65,72.15510782196787,25.73551244564806,65,block_16,frozen
2013-wimbledon-1404,2013-540,105223,104312,Grass,R16,False,True,0.7087553543975033,102,73,60.90403355180748,20.75980180145183,73,block_16,frozen
2013-wimbledon-1406,2013-540,105668,103781,Grass,R16,False,True,0.7023811610606965,148,104,90.06645572089363,30.918934220494997,104,block_16,frozen
2013-wimbledon-1406,2013-540,103781,105668,Grass,R16,False,True,0.6369205367830649,150,104,93.51962307039415,32.37069387552663,104,block_16,frozen
2013-wimbledon-1407,2013-540,104269,104932,Grass,R16,False,True,0.7184455595539524,77,60,41.386221506652404,13.531162550820678,60,block_16,frozen
2013-wimbledon-1407,2013-540,104932,104269,Grass,R16,False,True,0.710206172251882,96,58,66.91384893374462,24.037793500829995,58,block_16,frozen
2013-wimbledon-1408,2013-540,104022,104918,Grass,R16,False,True,0.5541326940478657,93,52,63.81534680279036,22.927062782007305,52,block_16,frozen
2013-wimbledon-1408,2013-540,104918,104022,Grass,R16,False,True,0.6903910212639253,108,71,69.68576730802597,24.44156930264195,71,block_16,frozen
2013-wimbledon-1501,2013-540,104925,104607,Grass,QF,False,True,0.7075607927279753,89,63,53.76065908319511,18.404502627394947,63,block_16,frozen
2013-wimbledon-1501,2013-540,104607,104925,Grass,QF,False,True,0.6168724536909539,99,60,66.40168551359048,23.647936345232637,60,block_16,frozen
2013-wimbledon-1502,2013-540,103970,105223,Grass,QF,False,True,0.7027968962953497,103,62,71.61353545513275,25.727303035941418,62,block_16,frozen
2013-wimbledon-1502,2013-540,105223,103970,Grass,QF,False,True,0.6559581458548751,87,66,50.23627857183178,16.847979500019292,66,block_16,frozen
2013-wimbledon-1503,2013-540,103997,105668,Grass,QF,False,True,0.6405571000431628,100,64,65.34188686236085,23.04003103604581,64,block_16,frozen
2013-wimbledon-1503,2013-540,105668,103997,Grass,QF,False,True,0.6924706142449634,103,75,60.5788804296954,20.51950967731357,75,block_16,frozen
2013-wimbledon-1504,2013-540,104269,104918,Grass,QF,False,True,0.5668387676050629,148,92,99.07872911789983,35.254982652752346,92,block_16,frozen
2013-wimbledon-1504,2013-540,104918,104269,Grass,QF,False,True,0.7298357479003044,135,95,82.26790499165818,28.240337452223716,95,block_16,frozen
2013-wimbledon-1601,2013-540,104925,105223,Grass,SF,False,True,0.7195542962366228,177,123,109.13642255406174,37.63287731195772,123,block_16,frozen
2013-wimbledon-1601,2013-540,105223,104925,Grass,SF,False,True,0.6051004085085909,191,124,124.54403883547513,43.8690810259268,124,block_16,frozen
2013-wimbledon-1602,2013-540,105668,104918,Grass,SF,False,True,0.6171441274369976,130,81,86.13960471586343,30.535344979102895,81,block_16,frozen
2013-wimbledon-1602,2013-540,104918,105668,Grass,SF,False,True,0.7174619813926546,113,84,64.54528950107516,21.63332863209177,84,block_16,frozen
2013-wimbledon-1701,2013-540,104925,104918,Grass,F,False,True,0.6581629240196157,105,55,76.67770461018864,28.08581398601757,55,block_16,frozen
2013-wimbledon-1701,2013-540,104918,104925,Grass,F,False,True,0.6038426512211466,105,64,70.24795992854898,24.99386512424048,64,block_16,frozen
2013-usopen-1101,2013-560,104925,105575,Hard,R128,False,True,0.6899012027935573,73,50,45.49022342705192,15.755227602612056,50,block_16,frozen
2013-usopen-1101,2013-560,105575,104925,Hard,R128,False,True,0.4369115654507369,68,27,45.90372275624217,16.387412155333926,41,block_16,frozen
2013-usopen-1105,2013-560,105332,104166,Hard,R128,False,True,0.5495802992414944,178,112,119.68322357386458,42.656866915863205,112,block_16,frozen
2013-usopen-1105,2013-560,104166,105332,Hard,R128,False,True,0.5429944134405643,194,115,132.087181889541,47.310813916036736,115,block_16,frozen
2013-usopen-1106,2013-560,105065,105902,Hard,R128,False,True,0.5932588342013885,109,68,72.38717383227574,25.680007383632137,68,block_16,frozen
2013-usopen-1106,2013-560,105902,105065,Hard,R128,False,True,0.7272789231246136,139,73,109.00067683145473,40.33919107476678,73,block_16,frozen
2013-usopen-1108,2013-560,104330,104926,Hard,R128,False,False,0.5562189172228924,71,50,46.3905681046069,16.344051632949842,50,block_16,frozen
2013-usopen-1108,2013-560,104926,104330,Hard,R128,False,False,0.6492825312287068,74,34,56.5951414873701,21.04480547299593,34,block_16,frozen
2013-usopen-1109,2013-560,103163,103908,Hard,R128,False,True,0.6462670587812424,71,53,41.84258518791239,14.14963066905711,53,block_16,frozen
2013-usopen-1109,2013-560,103908,103163,Hard,R128,False,True,0.6268909772355358,81,45,56.506064675682055,20.41218813328711,45,block_16,frozen
2013-usopen-1115,2013-560,103720,104548,Hard,R128,False,True,0.6381256909634572,117,67,80.92065748923764,29.13407191460473,67,block_16,frozen
2013-usopen-1115,2013-560,104548,103720,Hard,R128,False,True,0.6319431927009231,122,60,89.50746150462436,32.88778512961562,60,block_16,frozen
2013-usopen-1116,2013-560,104198,105223,Hard,R128,False,True,0.5681902033258293,172,102,116.4444083549622,41.61769695226775,102,block_16,frozen
2013-usopen-1116,2013-560,105223,104198,Hard,R128,False,True,0.708217945684265,124,93,70.26950866543545,23.466471767792534,93,block_16,frozen
2013-usopen-1117,2013-560,104918,103566,Hard,R128,False,True,0.7008057551201913,69,51,39.8516717118137,13.405693720001613,51,block_16,frozen
2013-usopen-1117,2013-560,103566,104918,Hard,R128,False,True,0.5250044782940226,83,43,57.48498103192502,20.7268801517027,43,block_16,frozen
2013-usopen-1119,2013-560,105385,105373,Hard,R128,False,True,0.5568277108337112,74,49,49.03438750452226,17.375109705167326,49,block_16,frozen
2013-usopen-1119,2013-560,105373,105385,Hard,R128,False,True,0.6193570001722121,57,20,45.31952271550471,17.09109633186384,20,block_16,frozen
2013-usopen-1122,2013-560,105041,104500,Hard,R128,False,True,0.651116121825942,137,77,96.21914878320521,34.80956920073166,77,block_16,frozen
2013-usopen-1122,2013-560,104500,105041,Hard,R128,False,True,0.6370103234723078,147,91,97.78754648910291,34.71409750295323,91,block_16,frozen
2013-usopen-1123,2013-560,104735,105449,Hard,R128,False,True,0.6488390649993826,135,94,83.56857019173248,28.85219363646793,94,block_16,frozen
2013-usopen-1123,2013-560,105449,104735,Hard,R128,False,True,0.6039642331062623,159,96,106.76086608932688,38.03774162818769,96,block_16,frozen
2013-usopen-1125,2013-560,104527,103285,Hard,R128,False,True,0.6334625649502368,94,59,62.06461975984802,21.97125052804536,59,block_16,frozen
2013-usopen-1125,2013-560,103285,104527,Hard,R128,False,True,0.553912697131038,97,53,66.82824051622178,24.04672388027913,53,block_16,frozen
2013-usopen-1126,2013-560,103484,103333,Hard,R128,False,True,0.6257886830344468,166,118,102.49248064546302,35.321375788992455,118,block_16,frozen
2013-usopen-1126,2013-560,103333,103484,Hard,R128,False,True,0.7092972383765063,171,119,105.11779842425798,36.217797141411566,119,block_16,frozen
2013-usopen-1127,2013-560,104571,104424,Hard,R128,False,True,0.6097219542664152,72,54,43.652746283765914,14.916810968268027,54,block_16,frozen
2013-usopen-1127,2013-560,104424,104571,Hard,R128,False,True,0.616401412070883,80,45,55.309111409528455,19.91992897785881,45,block_16,frozen
2013-usopen-1128,2013-560,104978,104731,Hard,R128,False,True,0.6669037280142168,119,78,76.67081993959243,26.88952774005417,78,block_16,frozen
2013-usopen-1128,2013-560,104731,104978,Hard,R128,False,True,0.7524977819212763,120,85,73.0421152757676,25.025726488955915,85,block_16,frozen
2013-usopen-1132,2013-560,103893,104607,Hard,R128,False,True,0.4547503432802067,85,38,58.450295518617935,21.016793261348887,47,block_16,frozen
2013-usopen-1132,2013-560,104607,103893,Hard,R128,False,True,0.6642783859227244,70,46,45.011834034522074,15.774992675396353,46,block_16,frozen
2013-usopen-1133,2013-560,104755,103188,Hard,R128,False,True,0.6756592635884043,90,61,56.56890820139495,19.655959484768907,61,block_16,frozen
2013-usopen-1133,2013-560,103188,104755,Hard,R128,False,True,0.5338568813068344,99,54,68.23870004352716,24.558770621009174,54,block_16,frozen
2013-usopen-1138,2013-560,104932,105614,Hard,R128,False,True,0.6613425562182043,158,105,100.8023572298138,35.223151507283234,105,block_16,frozen
2013-usopen-1138,2013-560,105614,104932,Hard,R128,False,True,0.6505969106208725,126,98,71.56958442151651,23.81582437209636,98,block_16,frozen
2013-usopen-1140,2013-560,105341,105683,Hard,R128,False,False,0.6155073459806447,109,63,74.54263649524054,26.74064733865771,63,block_16,frozen
2013-usopen-1140,2013-560,105683,105341,Hard,R128,False,False,0.7272780911285854,94,70,53.47450855215845,17.900808894548106,70,block_16,frozen
2013-usopen-1141,2013-560,105668,104216,Hard,R128,False,False,0.711051165297115,110,57,85.23742009350791,31.555480719871255,57,block_16,frozen
2013-usopen-1141,2013-560,104216,105668,Hard,R128,False,False,0.5834163907658421,93,58,61.90192267568567,21.9785443774868,58,block_16,frozen
2013-usopen-1142,2013-560,106058,104332,Hard,R128,True,True,0.6486053312247992,100,65,64.74509087658718,22.750194510099252,65,block_16,frozen
2013-usopen-1142,2013-560,104332,106058,Hard,R128,True,True,0.6341407535702717,91,56,60.699853787405786,21.570474675948727,56,block_16,frozen
2013-usopen-1144,2013-560,104655,104386,Hard,R128,True,False,0.5503635235964434,97,63,64.7988438256569,23.035496813080947,63,block_16,frozen
2013-usopen-1144,2013-560,104386,104655,Hard,R128,True,False,0.7106057375931768,89,70,47.47396700466177,15.456682509685761,70,block_16,frozen
2013-usopen-1148,2013-560,106401,103970,Hard,R128,False,False,0.5112431285648847,95,53,65.62561520561522,23.63833434007929,53,block_16,frozen
2013-usopen-1148,2013-560,103970,106401,Hard,R128,False,False,0.7303835428632672,83,61,48.00192127788276,16.17039770457774,61,block_16,frozen
2013-usopen-1149,2013-560,103819,104813,Hard,R128,False,True,0.7632137761057802,80,62,42.684216698755264,13.961113205894776,62,block_16,frozen
2013-usopen-1149,2013-560,104813,103819,Hard,R128,False,True,0.5337538688365464,88,47,60.792267743896616,21.89773726918698,47,block_16,frozen
2013-usopen-1150,2013-560,105053,104122,Hard,R128,False,True,0.6160914901379115,165,93,113.9747344730554,41.035822330706594,93,block_16,frozen
2013-usopen-1150,2013-560,104122,105053,Hard,R128,False,True,0.5428472283723219,144,91,97.07948401942366,34.63617275885511,91,block_16,frozen
2013-usopen-1152,2013-560,105550,105023,Hard,R128,False,False,0.6086931159557164,144,85,97.5550157750524,34.87522284283882,85,block_16,frozen
2013-usopen-1152,2013-560,105023,105550,Hard,R128,False,False,0.7122025515837745,118,86,69.04373880259877,23.354593116518583,86,block_16,frozen
2013-usopen-1153,2013-560,103990,104594,Hard,R128,False,True,0.6546004502523614,127,79,84.50125210611779,29.99285104289237,79,block_16,frozen
2013-usopen-1153,2013-560,104594,103990,Hard,R128,False,True,0.654903405394073,130,71,92.82391849977336,33.76051758561959,71,block_16,frozen
2013-usopen-1155,2013-560,105077,106071,Hard,R128,False,True,0.5542415608094212,192,118,129.42862816650677,46.178263532841555,118,block_16,frozen
2013-usopen-1155,2013-560,106071,105077,Hard,R128,False,True,0.6522147192960446,146,99,91.95075323057306,31.967555429080235,99,block_16,frozen
2013-usopen-1156,2013-560,105554,105453,Hard,R128,False,False,0.5507899583241429,95,60,63.79336916478701,22.725314929220406,60,block_16,frozen
2013-usopen-1156,2013-560,105453,105554,Hard,R128,False,False,0.6688348611945275,87,45,64.51561521913727,23.723448717264475,45,block_16,frozen
2013-usopen-1157,2013-560,104545,103835,Hard,R128,False,True,0.7595529139797039,70,53,38.80567927691151,12.871835157605549,53,block_16,frozen
2013-usopen-1157,2013-560,103835,104545,Hard,R128,False,True,0.6418378720937598,62,28,47.325911011103514,17.598342114087874,28,block_16,frozen
2013-usopen-1158,2013-560,104494,104792,Hard,R128,False,True,0.6722894298517209,70,26,59.41120123426073,22.67906507203515,26,block_16,frozen
2013-usopen-1158,2013-560,104792,104494,Hard,R128,False,True,0.6335136264671725,49,37,28.93505673668292,9.785627872489055,37,block_16,frozen
2013-usopen-1160,2013-560,123768,104259,Hard,R128,False,False,0.5744755036254425,74,35,52.723301483761276,19.208350461881253,35,block_16,frozen
2013-usopen-1160,2013-560,104259,123768,Hard,R128,False,False,0.6994065881994529,62,47,34.83353340767144,11.584294397492972,47,block_16,frozen
2013-usopen-1161,2013-560,104269,104471,Hard,R128,False,True,0.7248575514178477,132,81,91.8779724128644,32.92831469017573,81,block_16,frozen
2013-usopen-1161,2013-560,104471,104269,Hard,R128,False,True,0.5877699994689737,157,94,105.78239050326907,37.738590947126845,94,block_16,frozen
2013-usopen-1164,2013-560,105992,104745,Hard,R128,False,True,0.5103652368733976,92,51,63.58197903575342,22.906231939726652,51,block_16,frozen
2013-usopen-1164,2013-560,104745,105992,Hard,R128,False,True,0.7119907595203412,71,53,40.409317188893375,13.52106924745085,53,block_16,frozen
2013-usopen-1201,2013-560,104925,103794,Hard,R64,False,True,0.7229424498638708,80,59,46.095244560478335,15.504453781277272,59,block_16,frozen
2013-usopen-1201,2013-560,103794,104925,Hard,R64,False,True,0.4662946871491883,95,52,66.6729403414289,24.16127238652256,43,block_16,frozen
2013-usopen-1203,2013-560,104166,105065,Hard,R64,False,True,0.6499063139542552,187,117,123.88727989950216,43.906649098296775,117,block_16,frozen
2013-usopen-1203,2013-560,105065,104166,Hard,R64,False,True,0.5379287639667466,155,99,104.6169122378717,37.3420447755169,99,block_16,frozen
2013-usopen-1204,2013-560,104719,104330,Hard,R64,False,False,0.6308582988105068,130,91,80.7877477924078,27.92147472963903,91,block_16,frozen
2013-usopen-1204,2013-560,104330,104719,Hard,R64,False,False,0.6461769055699299,142,88,94.53175702133001,33.56419686714641,88,block_16,frozen
2013-usopen-1205,2013-560,103163,104229,Hard,R64,False,True,0.6522218203278175,115,71,76.81568809373624,27.30473134829908,71,block_16,frozen
2013-usopen-1205,2013-560,104229,103163,Hard,R64,False,True,0.5719025890940951,104,57,71.72584839572993,25.818652270176216,57,block_16,frozen
2013-usopen-1208,2013-560,103720,105223,Hard,R64,False,True,0.5977312292457593,149,94,98.45863873468372,34.86163964172857,94,block_16,frozen
2013-usopen-1208,2013-560,105223,103720,Hard,R64,False,True,0.6809987017458388,162,96,112.29167543116755,40.37724481308085,96,block_16,frozen
2013-usopen-1209,2013-560,104918,104919,Hard,R64,False,True,0.7241194124483897,107,76,64.45412338778632,22.039184120697083,76,block_16,frozen
2013-usopen-1209,2013-560,104919,104918,Hard,R64,False,True,0.5342775913378823,97,56,66.43381149144105,23.849806596920672,56,block_16,frozen
2013-usopen-1210,2013-560,105385,104252,Hard,R64,False,True,0.5323259849338671,119,62,82.4100270290325,29.71272142226207,62,block_16,frozen
2013-usopen-1210,2013-560,104252,105385,Hard,R64,False,True,0.6399594052867499,116,69,78.81049590514614,28.193174758565107,69,block_16,frozen
2013-usopen-1211,2013-560,104312,104500,Hard,R64,False,True,0.6657615179381806,124,75,84.21090714030377,30.097333756424355,75,block_16,frozen
2013-usopen-1211,2013-560,104500,104312,Hard,R64,False,True,0.5529739030755672,113,65,77.15552913488955,27.66654813571309,65,block_16,frozen
2013-usopen-1213,2013-560,104527,103333,Hard,R64,False,True,0.68366462266854,101,76,57.67568043810863,19.290106299522154,76,block_16,frozen
2013-usopen-1213,2013-560,103333,104527,Hard,R64,False,True,0.6664789768315632,108,73,68.05123603938257,23.66704585090409,73,block_16,frozen
2013-usopen-1214,2013-560,104571,104731,Hard,R64,False,True,0.6382390820273698,63,48,36.80560779151335,12.3920430524823,48,block_16,frozen
2013-usopen-1214,2013-560,104731,104571,Hard,R64,False,True,0.6289485023070709,72,38,51.328914341589,18.681401560572755,38,block_16,frozen
2013-usopen-1215,2013-560,103898,104871,Hard,R64,False,True,0.6717532162440157,91,57,60.55390706348393,21.48410024979253,57,block_16,frozen
2013-usopen-1215,2013-560,104871,103898,Hard,R64,False,True,0.6591936781032409,83,42,61.63706970426422,22.694244375183935,42,block_16,frozen
2013-usopen-1216,2013-560,106045,104607,Hard,R64,False,False,0.5343178149867227,139,75,95.91945491510853,34.5362060622854,75,block_16,frozen
2013-usopen-1216,2013-560,104607,106045,Hard,R64,False,False,0.7274998738706838,116,77,75.20142378362411,26.35872313581055,77,block_16,frozen
2013-usopen-1217,2013-560,104755,103565,Hard,R64,False,True,0.7019004138824612,115,72,77.52947935029731,27.582722366888177,72,block_16,frozen
2013-usopen-1217,2013-560,103565,104755,Hard,R64,False,True,0.48669829014790855,94,54,65.56164639933797,23.702855873518267,40,block_16,frozen
2013-usopen-1219,2013-560,103852,105614,Hard,R64,False,True,0.6733783878535767,150,97,97.66294824087282,34.38036074064841,97,block_16,frozen
2013-usopen-1219,2013-560,105614,103852,Hard,R64,False,True,0.6072350556021003,131,87,84.51895484243028,29.645308395757795,87,block_16,frozen
2013-usopen-1220,2013-560,104665,105683,Hard,R64,False,True,0.6218584825999378,95,49,68.01148523465591,24.795126081448323,49,block_16,frozen
2013-usopen-1220,2013-560,105683,104665,Hard,R64,False,True,0.7031974609936745,86,56,56.15922881643057,19.76773791543219,56,block_16,frozen
2013-usopen-1221,2013-560,104216,106058,Hard,R64,False,False,0.5977079117424847,105,68,68.68775392601256,24.223472517776077,68,block_16,frozen
2013-usopen-1221,2013-560,106058,104216,Hard,R64,False,False,0.6988351255501181,115,79,71.51240118800919,24.746661423886017,79,block_16,frozen
2013-usopen-1224,2013-560,105138,103970,Hard,R64,False,False,0.5112431285648847,120,62,83.11804705245896,29.970196438531644,62,block_16,frozen
2013-usopen-1224,2013-560,103970,105138,Hard,R64,False,False,0.7303835428632672,119,77,79.24398616429474,28.00268864163112,77,block_16,frozen
2013-usopen-1225,2013-560,103819,104122,Hard,R64,False,True,0.6973011043689722,69,49,41.566694315012185,14.214281052479715,49,block_16,frozen
2013-usopen-1225,2013-560,104122,103819,Hard,R64,False,True,0.47195579983082875,83,38,57.26894568910073,20.618968203355468,45,block_16,frozen
2013-usopen-1226,2013-560,105173,105023,Hard,R64,False,True,0.5967183398483525,148,109,91.69447962309886,31.614172925542494,109,block_16,frozen
2013-usopen-1226,2013-560,105023,105173,Hard,R64,False,True,0.6338803422245592,159,111,98.83451667868863,34.16544585928502,111,block_16,frozen
2013-usopen-1227,2013-560,103990,104433,Hard,R64,False,True,0.7243697473507736,72,51,43.50771361651473,14.89351599336679,51,block_16,frozen
2013-usopen-1227,2013-560,104433,103990,Hard,R64,False,True,0.5754819951179069,85,44,59.44091807740158,21.507844199539555,44,block_16,frozen
2013-usopen-1228,2013-560,106071,105554,Hard,R64,False,False,0.658294271567507,125,70,88.32652040034505,32.00772047787335,70,block_16,frozen
2013-usopen-1228,2013-560,105554,106071,Hard,R64,False,False,0.5891570158283417,117,70,78.84295457808659,28.129418532103713,70,block_16,frozen
2013-usopen-1229,2013-560,104545,104792,Hard,R64,False,True,0.6671300382865399,127,92,75.73898484712015,25.77100892927008,92,block_16,frozen
2013-usopen-1229,2013-560,104792,104545,Hard,R64,False,True,0.6924901776758998,123,85,76.04563760470995,26.260415274941742,85,block_16,frozen
2013-usopen-1230,2013-560,104273,104259,Hard,R64,False,True,0.6216352466516665,133,73,93.01812538641113,33.63649451285389,73,block_16,frozen
2013-usopen-1230,2013-560,104259,104273,Hard,R64,False,True,0.6931891341684981,99,70,59.915857740730196,20.5241276136082,70,block_16,frozen
2013-usopen-1232,2013-560,104297,104745,Hard,R64,False,True,0.46728780576484596,76,33,52.18700839498838,18.754204719176023,43,block_16,frozen
2013-usopen-1232,2013-560,104745,104297,Hard,R64,False,True,0.8139416149143811,54,41,30.30256414055342,10.031839011450005,41,block_16,frozen
2013-usopen-1301,2013-560,104925,105311,Hard,R32,False,False,0.7461473355210587,56,42,31.492969677574514,10.50083120932089,42,block_16,frozen
2013-usopen-1301,2013-560,105311,104925,Hard,R32,False,False,0.45671097678237105,92,40,63.07410009921793,22.652934158253004,52,block_16,frozen
2013-usopen-1302,2013-560,105065,104719,Hard,R32,False,True,0.6191605552503188,142,89,93.83077094219718,33.22651179670265,89,block_16,frozen
2013-usopen-1302,2013-560,104719,105065,Hard,R32,False,True,0.6736534590809922,151,94,100.96204969573553,35.87830611547316,94,block_16,frozen
2013-usopen-1303,2013-560,103163,104022,Hard,R32,False,True,0.6013806070162749,104,59,71.39177794932576,25.64958635958694,59,block_16,frozen
2013-usopen-1303,2013-560,104022,103163,Hard,R32,False,True,0.59461957283078,100,64,65.77479663547479,23.245938317006086,64,block_16,frozen
2013-usopen-1304,2013-560,105539,103720,Hard,R32,False,False,0.5832936261502265,114,72,75.57833389595896,26.792103625420125,72,block_16,frozen
2013-usopen-1304,2013-560,103720,105539,Hard,R32,False,False,0.6704531199149747,125,86,77.67435841538807,26.870486625089782,86,block_16,frozen
2013-usopen-1305,2013-560,104918,104252,Hard,R32,False,True,0.6398468972421133,81,62,47.087928964504016,15.82071294671707,62,block_16,frozen
2013-usopen-1305,2013-560,104252,104918,Hard,R32,False,True,0.5395900990438816,92,55,62.63061229136287,22.431576803902132,55,block_16,frozen
2013-usopen-1306,2013-560,104312,104797,Hard,R32,False,True,0.6427544079701873,128,78,85.94201088334422,30.611365664184344,78,block_16,frozen
2013-usopen-1306,2013-560,104797,104312,Hard,R32,False,True,0.629905855425102,144,88,96.33615199157737,34.27308912981349,88,block_16,frozen
2013-usopen-1307,2013-560,104527,104571,Hard,R32,False,True,0.6185408104850056,131,92,81.78237868349615,28.30813905560261,92,block_16,frozen
2013-usopen-1307,2013-560,104571,104527,Hard,R32,False,True,0.5851388284342487,152,93,101.7481407326554,36.20707008952332,93,block_16,frozen
2013-usopen-1308,2013-560,103898,104607,Hard,R32,False,True,0.5819206636822114,77,37,54.91594540442665,20.01250861668295,37,block_16,frozen
2013-usopen-1308,2013-560,104607,103898,Hard,R32,False,True,0.6959666672488617,79,53,50.166102464809676,17.492731823418193,53,block_16,frozen
2013-usopen-1309,2013-560,104755,104098,Hard,R32,True,True,0.7652087929925147,92,63,58.88191325095607,20.45378579526478,63,block_16,frozen
2013-usopen-1309,2013-560,104098,104755,Hard,R32,True,True,0.5673790440174244,119,70,80.72771125493611,28.875292408785626,70,block_16,frozen
2013-usopen-1310,2013-560,103852,105683,Hard,R32,False,True,0.6993356450790945,134,85,89.28435629103515,31.64836649663183,85,block_16,frozen
2013-usopen-1310,2013-560,105683,103852,Hard,R32,False,True,0.7029422419465242,113,85,63.94804999563125,21.33625976203794,85,block_16,frozen
2013-usopen-1311,2013-560,106058,104386,Hard,R32,False,True,0.6303013022120947,99,62,65.43403022920627,23.17333195115623,62,block_16,frozen
2013-usopen-1311,2013-560,104386,106058,Hard,R32,False,True,0.686512427791486,107,79,62.19422084431,20.960062954746363,79,block_16,frozen
2013-usopen-1312,2013-560,105062,103970,Hard,R32,False,True,0.544049870988534,146,77,101.0616629261521,36.43089813767128,77,block_16,frozen
2013-usopen-1312,2013-560,103970,105062,Hard,R32,False,True,0.6577458848561278,102,67,65.59581592509555,22.99027563188627,67,block_16,frozen
2013-usopen-1313,2013-560,103819,105173,Hard,R32,False,True,0.6875737454911776,69,51,40.04485845835215,13.487756188624786,51,block_16,frozen
2013-usopen-1313,2013-560,105173,103819,Hard,R32,False,True,0.4875915090035586,75,36,51.93467501835049,18.724322325671338,39,block_16,frozen
2013-usopen-1314,2013-560,103990,105554,Hard,R32,False,False,0.6976583328129574,125,83,80.12243783720322,28.029610420968474,83,block_16,frozen
2013-usopen-1314,2013-560,105554,103990,Hard,R32,False,False,0.6172597476902718,155,88,106.80366529322943,38.418771804904154,88,block_16,frozen
2013-usopen-1315,2013-560,104545,104259,Hard,R32,False,True,0.7136449766560301,116,86,66.52947871019309,22.330605729103567,86,block_16,frozen
2013-usopen-1315,2013-560,104259,104545,Hard,R32,False,True,0.7266668149098995,130,93,77.68506981180889,26.48577821262745,93,block_16,frozen
2013-usopen-1316,2013-560,104471,104745,Hard,R32,False,True,0.45004727072206174,75,46,54.06628774682456,19.786342034898574,29,block_16,frozen
2013-usopen-1316,2013-560,104745,104471,Hard,R32,False,True,0.7975695923728778,78,61,40.952462281178214,13.313655595380308,61,block_16,frozen
2013-usopen-1401,2013-560,104925,104719,Hard,R16,False,True,0.7631555650937224,53,45,23.686016176457976,7.183539217841479,45,block_16,frozen
2013-usopen-1401,2013-560,104719,104925,Hard,R16,False,True,0.4630482580786801,69,28,47.053601271812035,16.86384210996321,41,block_16,frozen
2013-usopen-1402,2013-560,104022,103720,Hard,R16,False,True,0.6145207900628192,145,84,99.05000058819594,35.51769847526394,84,block_16,frozen
2013-usopen-1402,2013-560,103720,104022,Hard,R16,False,True,0.600297140159211,146,85,99.31715894183208,35.561558019499934,85,block_16,frozen
2013-usopen-1403,2013-560,104918,104797,Hard,R16,False,True,0.6784081300755919,120,81,75.67291190237975,26.326393842073458,81,block_16,frozen
2013-usopen-1403,2013-560,104797,104918,Hard,R16,False,True,0.5378918799074514,123,75,83.56123460695663,29.903521973738062,75,block_16,frozen
2013-usopen-1404,2013-560,104527,104607,Hard,R16,False,True,0.6041503726879841,122,82,78.39127110570945,27.44905496309228,82,block_16,frozen
2013-usopen-1404,2013-560,104607,104527,Hard,R16,False,True,0.653712387831013,115,70,77.47799788285538,27.624352594086524,70,block_16,frozen
2013-usopen-1405,2013-560,104755,105683,Hard,R16,False,True,0.7128776064345064,204,126,139.97617945929647,50.02651745668575,126,block_16,frozen
2013-usopen-1405,2013-560,105683,104755,Hard,R16,False,True,0.6482836599761034,198,129,128.01226352009155,44.95661307698371,129,block_16,frozen
2013-usopen-1406,2013-560,104386,103970,Hard,R16,False,True,0.6065709427307044,175,102,119.09160535894463,42.64698168184901,102,block_16,frozen
2013-usopen-1406,2013-560,103970,104386,Hard,R16,False,True,0.6655935487952861,142,91,92.90922685711149,32.77007177136014,91,block_16,frozen
2013-usopen-1407,2013-560,103819,103990,Hard,R16,False,True,0.7527908111818147,86,54,60.054918676392006,21.434276856744628,54,block_16,frozen
2013-usopen-1407,2013-560,103990,103819,Hard,R16,False,True,0.5808229972775529,125,78,83.24283353827309,29.561031695511776,78,block_16,frozen
2013-usopen-1408,2013-560,104259,104745,Hard,R16,False,True,0.5442710856325951,140,84,95.10585772148329,34.03479966551974,84,block_16,frozen
2013-usopen-1408,2013-560,104745,104259,Hard,R16,False,True,0.7077022325894347,108,80,62.09805079272782,20.858627386994044,80,block_16,frozen
2013-usopen-1501,2013-560,104925,104022,Hard,QF,False,True,0.6845231643966446,103,68,66.15268068938668,23.167761789402693,68,block_16,frozen
2013-usopen-1501,2013-560,104022,104925,Hard,QF,False,True,0.48911570294161827,99,52,68.75389325156578,24.81614980961497,47,block_16,frozen
2013-usopen-1502,2013-560,104918,104527,Hard,QF,False,True,0.6412067538848779,109,59,77.47024480685862,28.152528075390883,59,block_16,frozen
2013-usopen-1502,2013-560,104527,104918,Hard,QF,False,True,0.5484327216758706,76,57,49.34495516004429,17.337831944515777,57,block_16,frozen
2013-usopen-1503,2013-560,104755,103970,Hard,QF,False,True,0.6186587209979463,143,88,95.28106255500236,33.847686772915964,88,block_16,frozen
2013-usopen-1503,2013-560,103970,104755,Hard,QF,False,True,0.6518580286137207,136,82,92.06796164687562,32.88425227502042,82,block_16,frozen
2013-usopen-1504,2013-560,103990,104745,Hard,QF,False,True,0.5422111310546335,66,29,46.66074044998845,16.955286501041222,29,block_16,frozen
2013-usopen-1504,2013-560,104745,103990,Hard,QF,False,True,0.7430818807361546,59,45,32.38867654288099,10.700700940970547,45,block_16,frozen
2013-usopen-1601,2013-560,104925,104527,Hard,SF,False,True,0.6751545500399737,139,90,90.44911028531305,31.833060627920165,90,block_16,frozen
2013-usopen-1601,2013-560,104527,104925,Hard,SF,False,True,0.5278986425812366,192,116,131.14939329521712,47.03349447426265,116,block_16,frozen
2013-usopen-1602,2013-560,104755,104745,Hard,SF,False,True,0.5701201839111493,91,56,61.015589358094914,21.724908595313604,56,block_16,frozen
2013-usopen-1602,2013-560,104745,104755,Hard,SF,False,True,0.6737399511069061,95,67,57.820736355745524,19.841771114840522,67,block_16,frozen
2013-usopen-1701,2013-560,104925,104745,Hard,F,False,True,0.60138628615526,102,56,70.78607093696385,25.53461339852374,56,block_16,frozen
2013-usopen-1701,2013-560,104745,104925,Hard,F,False,True,0.6012137001108195,121,75,80.44952386835455,28.554352480691104,75,block_16,frozen
2013-ausopen-1101,2013-580,104925,103908,Hard,R128,False,True,0.7243388392959886,77,62,39.32349382342774,12.581323993972234,62,block_16,online
2013-ausopen-1101,2013-580,103908,104925,Hard,R128,False,True,0.5230491622417975,86,53,58.779511744011316,21.08470544884824,53,block_16,online
2013-ausopen-1102,2013-580,105992,105053,Hard,R128,False,True,0.6183326735820818,116,75,75.54609231479031,26.600993208110907,75,block_16,online
2013-ausopen-1102,2013-580,105053,105992,Hard,R128,False,True,0.6445318304776667,131,78,89.07896071751705,31.873222190838806,78,block_16,online
2013-ausopen-1105,2013-580,105023,103926,Hard,R128,False,False,0.7122025515837745,116,86,66.55274210181702,22.340128167553704,86,block_16,online
2013-ausopen-1105,2013-580,103926,105023,Hard,R128,False,False,0.6086931159557164,125,81,81.4953042056739,28.705128891658845,81,block_16,online
2013-ausopen-1109,2013-580,104338,105723,Hard,R128,False,False,0.6495701367877174,75,30,60.130095273559846,22.671393988217996,30,block_16,online
2013-ausopen-1109,2013-580,105723,104338,Hard,R128,False,False,0.5589476798539781,98,56,66.95602111880666,24.015265720140683,56,block_16,online
2013-ausopen-1110,2013-580,104731,103893,Hard,R128,False,True,0.6319244737117573,134,92,84.20427574539201,29.23592126080477,92,block_16,online
2013-ausopen-1110,2013-580,103893,104731,Hard,R128,False,True,0.517156155407481,127,82,86.83444264369308,31.152602625805635,82,block_16,online
2013-ausopen-1112,2013-580,105676,104269,Hard,R128,False,True,0.6642400819577039,129,78,87.5700109068289,31.295267570412047,78,block_16,online
2013-ausopen-1112,2013-580,104269,105676,Hard,R128,False,True,0.6162949321355411,141,91,91.94075130941471,32.38886386734064,91,block_16,online
2013-ausopen-1116,2013-580,103188,104607,Hard,R128,False,True,0.5329742001571747,93,51,64.07096793902983,23.05435090105393,51,block_16,online
2013-ausopen-1116,2013-580,104607,103188,Hard,R128,False,True,0.6827856241517416,92,62,58.102933312547364,20.22463379162611,62,block_16,online
2013-ausopen-1117,2013-580,103970,103694,Hard,R128,False,True,0.8007005022331297,71,52,42.203936809671944,14.24675966137793,52,block_16,online
2013-ausopen-1117,2013-580,103694,103970,Hard,R128,False,True,0.4906326778018735,85,46,59.06358776641856,21.323029727025784,39,block_16,online
2013-ausopen-1119,2013-580,105357,105147,Hard,R128,False,False,0.6425423528224994,156,92,106.53293136595997,38.17847240728514,92,block_16,online
2013-ausopen-1119,2013-580,105147,105357,Hard,R128,False,False,0.5873285285864406,162,89,111.97576722565833,40.338199591238734,89,block_16,online
2013-ausopen-1120,2013-580,105077,104571,Hard,R128,False,True,0.5138464141770321,191,119,131.1624820356007,47.135837662121816,119,block_16,online
2013-ausopen-1120,2013-580,104571,105077,Hard,R128,False,True,0.6600615607368758,180,113,119.23508521151385,42.24871478669814,113,block_16,online
2013-ausopen-1121,2013-580,104022,105051,Hard,R128,False,True,0.5830526471248586,196,123,130.21582668516578,46.19932511386854,123,block_16,online
2013-ausopen-1121,2013-580,105051,104022,Hard,R128,False,True,0.5721420098314303,149,98,98.01722964262314,34.634791505717985,98,block_16,online
2013-ausopen-1124,2013-580,103812,105453,Hard,R128,False,True,0.6199098842636018,123,71,84.25290152279061,30.24025298131714,71,block_16,online
2013-ausopen-1124,2013-580,105453,103812,Hard,R128,False,True,0.7552123922490155,121,81,79.03583072195444,27.667429101843673,81,block_16,online
2013-ausopen-1125,2013-580,104597,105449,Hard,R128,False,True,0.7560931322905161,154,112,90.5748508704859,30.67336937024451,112,block_16,online
2013-ausopen-1125,2013-580,105449,104597,Hard,R128,False,True,0.6460598702940918,165,102,109.993569136449,39.07369020073436,102,block_16,online
2013-ausopen-1128,2013-580,104620,105668,Hard,R128,False,True,0.615766794370157,98,55,67.79852421260405,24.424189634074857,55,block_16,online
2013-ausopen-1128,2013-580,105668,104620,Hard,R128,False,True,0.6460917979614621,99,65,63.70929174275777,22.334092792924327,65,block_16,online
2013-ausopen-1132,2013-580,103720,104386,Hard,R128,False,True,0.5991651587032142,127,70,87.96499044339623,31.70973648183869,70,block_16,online
2013-ausopen-1132,2013-580,104386,103720,Hard,R128,False,True,0.67354214326333,107,71,68.35989344156914,23.898530663045477,71,block_16,online
2013-ausopen-1133,2013-580,105223,105173,Hard,R128,False,True,0.6399709028153517,58,48,31.639667517475186,10.317433203843423,48,block_16,online
2013-ausopen-1133,2013-580,105173,105223,Hard,R128,False,True,0.5364751911245679,61,29,42.663965692188256,15.440582386995704,29,block_16,online
2013-ausopen-1140,2013-580,104594,105227,Hard,R128,False,True,0.5725023489705993,89,53,60.15317081989305,21.485296631456468,53,block_16,online
2013-ausopen-1140,2013-580,105227,104594,Hard,R128,False,True,0.649823977701261,106,73,66.09446210233554,22.886446667137726,73,block_16,online
2013-ausopen-1141,2013-580,104468,103835,Hard,R128,False,True,0.6534274411432925,93,62,59.23202995375778,20.68296743626533,62,block_16,online
2013-ausopen-1141,2013-580,103835,104468,Hard,R128,False,True,0.5326085382683378,102,55,70.39591345138953,25.34759000418906,55,block_16,online
2013-ausopen-1144,2013-580,104792,105238,Hard,R128,False,True,0.6092505422749617,133,90,85.00392666751407,29.702670084397433,90,block_16,online
2013-ausopen-1144,2013-580,105238,104792,Hard,R128,False,True,0.6003786158860012,140,85,93.81463227698052,33.39926283722648,85,block_16,online
2013-ausopen-1148,2013-580,104898,104918,Hard,R128,False,True,0.49148746428527146,67,31,46.365438999258664,16.712292360134093,36,block_16,online
2013-ausopen-1148,2013-580,104918,104898,Hard,R128,False,True,0.6670833546381069,74,49,47.33375166280599,16.555846196072565,49,block_16,online
2013-ausopen-1149,2013-580,104542,103566,Hard,R128,False,True,0.6933836165166587,85,64,48.26031535782065,16.113268456433957,64,block_16,online
2013-ausopen-1149,2013-580,103566,104542,Hard,R128,False,True,0.5922218705599958,85,53,56.470344139129885,20.036254958054784,53,block_16,online
2013-ausopen-1150,2013-580,104424,106291,Hard,R128,False,False,0.6871074109445459,129,83,84.59415045881063,29.843210431769684,83,block_16,online
2013-ausopen-1150,2013-580,106291,104424,Hard,R128,False,False,0.566122540648422,121,62,84.53916777261774,30.5806674142528,62,block_16,online
2013-ausopen-1151,2013-580,105902,106093,Hard,R128,False,True,0.6646209822811863,200,130,129.58456513168576,45.54275462457335,130,block_16,online
2013-ausopen-1151,2013-580,106093,105902,Hard,R128,False,True,0.5915045322334996,207,129,137.56749324437334,48.81649629588073,129,block_16,online
2013-ausopen-1153,2013-580,103163,103813,Hard,R128,False,True,0.6453280219200491,176,111,115.99413980276069,41.03207216779193,111,block_16,online
2013-ausopen-1153,2013-580,103813,103163,Hard,R128,False,True,0.5663485385910952,185,117,123.3347972602837,43.81331539507353,117,block_16,online
2013-ausopen-1154,2013-580,104471,105842,Hard,R128,False,False,0.6145419164224973,135,81,90.91656186813896,32.42854808998725,81,block_16,online
2013-ausopen-1154,2013-580,105842,104471,Hard,R128,False,False,0.6871991648141308,132,74,95.16664196717764,34.63055896751218,74,block_16,online
2013-ausopen-1156,2013-580,103656,104755,Hard,R128,False,True,0.5894571367841643,90,48,62.76210450863196,22.683489318240873,48,block_16,online
2013-ausopen-1156,2013-580,104755,103656,Hard,R128,False,True,0.6984313933057739,68,53,37.00403729475827,12.137108268131001,53,block_16,online
2013-ausopen-1157,2013-580,105683,104225,Hard,R128,False,True,0.7112704306171292,107,80,60.79735444663431,20.328633026578906,80,block_16,online
2013-ausopen-1157,2013-580,104225,105683,Hard,R128,False,True,0.6595379041601116,128,75,88.3211159507691,31.748065995044065,75,block_16,online
2013-ausopen-1160,2013-580,104327,104259,Hard,R128,False,True,0.6497269966076308,80,48,54.267101861223296,19.397821935329226,48,block_16,online
2013-ausopen-1160,2013-580,104259,104327,Hard,R128,False,True,0.7299100121444316,76,58,41.822374930291545,13.82085415422594,58,block_16,online
2013-ausopen-1162,2013-580,106071,104919,Hard,R128,False,True,0.666746783893867,64,52,34.264168884236554,11.10961600033799,52,block_16,online
2013-ausopen-1162,2013-580,104919,106071,Hard,R128,False,True,0.6430825193756986,70,40,48.56680923992223,17.502257320805818,40,block_16,online
2013-ausopen-1164,2013-580,105332,103819,Hard,R128,False,True,0.4827684384693924,89,46,61.846413766958264,22.328121162029518,43,block_16,online
2013-ausopen-1164,2013-580,103819,105332,Hard,R128,False,True,0.7086088936837539,69,52,38.873991255183974,12.951407987221835,52,block_16,online
2013-ausopen-1201,2013-580,104925,105992,Hard,R64,False,True,0.7043829951183738,56,48,26.57031061182534,8.163935082104253,48,block_16,online
2013-ausopen-1201,2013-580,105992,104925,Hard,R64,False,True,0.5127870284115317,90,44,62.463846605229065,22.540289785426822,44,block_16,online
2013-ausopen-1202,2013-580,103852,103285,Hard,R64,False,True,0.653715833109656,83,47,58.156718589963134,21.02029609572722,47,block_16,online
2013-ausopen-1202,2013-580,103285,103852,Hard,R64,False,True,0.6091072648095381,79,56,49.367018166264046,17.08990748478852,56,block_16,online
2013-ausopen-1203,2013-580,105023,104548,Hard,R64,True,True,0.6822106440748137,47,30,30.960735009866582,10.941695411292867,30,block_16,online
2013-ausopen-1203,2013-580,104548,105023,Hard,R64,True,True,0.6563670678321119,53,36,33.31634454121305,11.574910686017725,36,block_16,online
2013-ausopen-1204,2013-580,104735,104527,Hard,R64,True,True,0.5304932328128984,89,50,61.18423396915308,21.997329954075084,50,block_16,online
2013-ausopen-1204,2013-580,104527,104735,Hard,R64,True,True,0.6078434259811523,83,51,55.34474666866154,19.666281882128345,51,block_16,online
2013-ausopen-1205,2013-580,105723,104731,Hard,R64,False,False,0.6230931845973964,87,51,59.253281725806424,21.22182032324565,51,block_16,online
2013-ausopen-1205,2013-580,104731,105723,Hard,R64,False,False,0.4601306047793031,90,65,65.86661964816452,24.237836989601647,25,block_16,online
2013-ausopen-1206,2013-580,103598,104269,Hard,R64,False,True,0.6370752278470719,91,41,69.16355413708251,25.693532296752373,41,block_16,online
2013-ausopen-1206,2013-580,104269,103598,Hard,R64,False,True,0.6089156836658027,74,49,47.77850058102556,16.76385792700154,49,block_16,online
2013-ausopen-1208,2013-580,105558,104607,Hard,R64,False,True,0.5415670656614566,101,53,69.94146448833033,25.216674587410807,53,block_16,online
2013-ausopen-1208,2013-580,104607,105558,Hard,R64,False,True,0.7570276744245603,73,53,43.048994386944614,14.590702199656647,53,block_16,online
2013-ausopen-1209,2013-580,103970,105065,Hard,R64,False,True,0.7641022427480229,108,72,71.36870926240266,25.02531868052102,72,block_16,online
2013-ausopen-1209,2013-580,105065,103970,Hard,R64,False,True,0.4840723733862498,121,65,84.21902714048159,30.424045043558948,56,block_16,online
2013-ausopen-1210,2013-580,105147,104571,Hard,R64,False,True,0.525717366041613,115,66,78.9890826597302,28.388863812646186,66,block_16,online
2013-ausopen-1210,2013-580,104571,105147,Hard,R64,False,True,0.678007916565265,94,64,58.8670137250287,20.426291762612188,64,block_16,online
2013-ausopen-1212,2013-580,104122,105453,Hard,R64,False,True,0.5187237330273272,91,47,63.02784848329779,22.725731415159572,47,block_16,online
2013-ausopen-1212,2013-580,105453,104122,Hard,R64,False,True,0.5883676563969192,97,63,63.59464514100111,22.44479570610649,63,block_16,online
2013-ausopen-1213,2013-580,104597,104593,Hard,R64,False,True,0.7517373465985734,83,57,52.49096066429598,18.20599266426092,57,block_16,online
2013-ausopen-1213,2013-580,104593,104597,Hard,R64,False,True,0.5560932800884745,78,42,53.883477452930165,19.40886389301371,42,block_16,online
2013-ausopen-1214,2013-580,104500,105668,Hard,R64,False,True,0.540046700672023,158,89,108.42036171076488,38.95245662764445,89,block_16,online
2013-ausopen-1214,2013-580,105668,104500,Hard,R64,False,True,0.6984904173207591,171,103,118.48872002796408,42.53996962013035,103,block_16,online
2013-ausopen-1215,2013-580,103898,104273,Hard,R64,False,True,0.6624340559077565,148,93,98.03027846444724,34.73245960826459,93,block_16,online
2013-ausopen-1215,2013-580,104273,103898,Hard,R64,False,True,0.634816610270996,167,97,114.59354805639246,41.145263096311695,97,block_16,online
2013-ausopen-1216,2013-580,105041,104386,Hard,R64,False,True,0.5933380692551395,156,101,102.2086043565403,36.06552006113883,101,block_16,online
2013-ausopen-1216,2013-580,104386,105041,Hard,R64,False,True,0.7356332979076255,155,100,103.87534850602248,36.752574511994546,100,block_16,online
2013-ausopen-1217,2013-580,105223,103794,Hard,R64,False,True,0.6980005228204852,75,58,41.20766465486783,13.572294092149018,58,block_16,online
2013-ausopen-1217,2013-580,103794,105223,Hard,R64,False,True,0.5562895089123373,79,44,54.244926685070986,19.493706616062738,44,block_16,online
2013-ausopen-1218,2013-580,104871,104719,Hard,R64,False,True,0.7120584899317756,105,75,62.8195789476499,21.429092284045318,75,block_16,online
2013-ausopen-1218,2013-580,104719,104871,Hard,R64,False,True,0.6337790580172462,93,56,62.706256016433464,22.37260367952262,56,block_16,online
2013-ausopen-1220,2013-580,104330,105227,Hard,R64,False,False,0.5339088392536987,94,56,64.14990290840642,22.997722975109543,56,block_16,online
2013-ausopen-1220,2013-580,105227,104330,Hard,R64,False,False,0.6958151670588058,76,61,39.9747407162849,12.906614368715303,61,block_16,online
2013-ausopen-1221,2013-580,104468,105028,Hard,R64,False,True,0.635954942614677,133,86,86.41841927043023,30.40609551206849,86,block_16,online
2013-ausopen-1221,2013-580,105028,104468,Hard,R64,False,True,0.5695890085285265,123,74,82.95789787636893,29.605918290068786,74,block_16,online
2013-ausopen-1222,2013-580,104229,104792,Hard,R64,False,True,0.5312951400587661,161,104,108.96708394662149,38.93680952963694,104,block_16,online
2013-ausopen-1222,2013-580,104792,104229,Hard,R64,False,True,0.6584022320589072,165,102,110.29944755572802,39.21237202470786,102,block_16,online
2013-ausopen-1223,2013-580,104252,105575,Hard,R64,False,True,0.6181088597777702,72,37,51.49204442356858,18.76816087902082,37,block_16,online
2013-ausopen-1223,2013-580,105575,104252,Hard,R64,False,True,0.519437412406713,70,53,47.17303713849204,16.826700063433137,53,block_16,online
2013-ausopen-1224,2013-580,105311,104918,Hard,R64,False,False,0.47653499621974776,77,43,53.879900359975665,19.503581727007628,34,block_16,online
2013-ausopen-1224,2013-580,104918,105311,Hard,R64,False,False,0.7163825282278348,77,57,44.214414433460476,14.849094141784882,57,block_16,online
2013-ausopen-1225,2013-580,104542,104424,Hard,R64,False,True,0.6578815657597898,100,72,60.181338049204314,20.54586998724553,72,block_16,online
2013-ausopen-1225,2013-580,104424,104542,Hard,R64,False,True,0.6130430357523898,78,52,50.13013398550899,17.55762184914292,52,block_16,online
2013-ausopen-1226,2013-580,105902,104882,Hard,R64,False,True,0.607571434282855,185,113,123.65511861005245,43.98031968703201,113,block_16,online
2013-ausopen-1226,2013-580,104882,105902,Hard,R64,False,True,0.6716140226780137,195,128,125.56204408920837,44.02456230868847,128,block_16,online
2013-ausopen-1228,2013-580,104268,104755,Hard,R64,False,True,0.5894151031264631,84,41,59.95102796153593,21.85041530229067,41,block_16,online
2013-ausopen-1228,2013-580,104755,104268,Hard,R64,False,True,0.6843348292364408,69,50,40.87378928885725,13.880194013274652,50,block_16,online
2013-ausopen-1230,2013-580,104804,104259,Hard,R64,False,False,0.5710240690152252,94,61,62.1094563836738,21.985501395244764,61,block_16,online
2013-ausopen-1230,2013-580,104259,104804,Hard,R64,False,False,0.7014471685347269,88,71,45.72703062702918,14.692977529662711,71,block_16,online
2013-ausopen-1231,2013-580,104978,106071,Hard,R64,False,True,0.6556437033364358,159,115,95.45329397231424,32.551066082849644,115,block_16,online
2013-ausopen-1231,2013-580,106071,104978,Hard,R64,False,True,0.7245348985106063,148,109,85.40504201116869,28.74411336033446,109,block_16,online
2013-ausopen-1232,2013-580,103786,103819,Hard,R64,False,True,0.5244344401140921,106,61,72.81779997935868,26.172335395725575,61,block_16,online
2013-ausopen-1232,2013-580,103819,103786,Hard,R64,False,True,0.7302689584200814,91,66,53.504845818243695,18.13413788705676,66,block_16,online
2013-ausopen-1301,2013-580,104925,103285,Hard,R32,False,True,0.6881500598199617,85,67,46.01533678106358,15.039684894693567,67,block_16,online
2013-ausopen-1301,2013-580,103285,104925,Hard,R32,False,True,0.4873602573806694,107,65,74.78250061330249,27.05780873124727,42,block_16,online
2013-ausopen-1302,2013-580,105023,104527,Hard,R32,False,True,0.6363428763628167,111,75,70.31690867403061,24.49604899462253,75,block_16,online
2013-ausopen-1302,2013-580,104527,105023,Hard,R32,False,True,0.6763237836639148,105,75,63.17159893140946,21.57988778710753,75,block_16,online
2013-ausopen-1303,2013-580,104731,104269,Hard,R32,False,True,0.6708567431169934,147,101,91.43722672161168,31.64410704884166,101,block_16,online
2013-ausopen-1303,2013-580,104269,104731,Hard,R32,False,True,0.6591913932776705,163,103,107.51041354172742,38.03549973913098,103,block_16,online
2013-ausopen-1304,2013-580,103781,104607,Hard,R32,False,True,0.5459103564833402,82,42,57.00104686731098,20.581015675292363,42,block_16,online
2013-ausopen-1304,2013-580,104607,103781,Hard,R32,False,True,0.6799888766373614,76,57,43.63228475582533,14.622518361981895,57,block_16,online
2013-ausopen-1305,2013-580,103970,104571,Hard,R32,False,True,0.6782288229652542,85,55,55.37231879547849,19.494348059392937,55,block_16,online
2013-ausopen-1305,2013-580,104571,103970,Hard,R32,False,True,0.5554862530402791,76,40,52.70433140609812,19.012038032849073,40,block_16,online
2013-ausopen-1306,2013-580,105539,105453,Hard,R32,False,False,0.5465590169970838,92,52,63.04948147437031,22.64072406589859,52,block_16,online
2013-ausopen-1306,2013-580,105453,105539,Hard,R32,False,False,0.6666404141346934,97,71,57.352690513894316,19.444777043368063,71,block_16,online
2013-ausopen-1307,2013-580,104597,105668,Hard,R32,False,True,0.674337424595495,91,73,48.95788303818924,15.92725357017546,73,block_16,online
2013-ausopen-1307,2013-580,105668,104597,Hard,R32,False,True,0.6421763183493141,96,66,60.06234437025372,20.82220666736378,66,block_16,online
2013-ausopen-1308,2013-580,103898,104386,Hard,R32,False,True,0.5944561598242479,145,95,94.53660417800694,33.2931578965767,95,block_16,online
2013-ausopen-1308,2013-580,104386,103898,Hard,R32,False,True,0.6641297747283263,129,88,80.7486855620493,28.010977788624544,88,block_16,online
2013-ausopen-1309,2013-580,105223,104871,Hard,R32,False,True,0.7243769646121666,149,99,96.35794995419292,33.75693704904069,99,block_16,online
2013-ausopen-1309,2013-580,104871,105223,Hard,R32,False,True,0.6205832047806551,159,107,101.44346579239448,35.42983291181654,107,block_16,online
2013-ausopen-1310,2013-580,104312,105227,Hard,R32,False,True,0.5973793037286788,162,95,109.89823084003848,39.309581560335516,95,block_16,online
2013-ausopen-1310,2013-580,105227,104312,Hard,R32,False,True,0.6475230055781486,136,79,93.77136114487828,33.71426693305495,79,block_16,online
2013-ausopen-1311,2013-580,104468,104792,Hard,R32,False,True,0.5708362733992999,182,101,125.14519719947938,44.996510060510275,101,block_16,online
2013-ausopen-1311,2013-580,104792,104468,Hard,R32,False,True,0.5987687865117759,166,98,112.36100088472767,40.15631175402218,98,block_16,online
2013-ausopen-1312,2013-580,105575,104918,Hard,R32,False,True,0.6177657033528784,87,46,61.58629882484141,22.36775368033485,46,block_16,online
2013-ausopen-1312,2013-580,104918,105575,Hard,R32,False,True,0.5855334148096526,114,69,76.56534137209186,27.281218060154348,69,block_16,online
2013-ausopen-1313,2013-580,104542,104882,Hard,R32,False,True,0.6417700284334729,69,50,41.68128481407294,14.241942244942253,50,block_16,online
2013-ausopen-1313,2013-580,104882,104542,Hard,R32,False,True,0.5866657073953447,74,35,53.12194895714309,19.40247274761821,35,block_16,online
2013-ausopen-1314,2013-580,104471,104755,Hard,R32,False,True,0.5137268877655585,114,66,78.56746407147928,28.274396749260966,66,block_16,online
2013-ausopen-1314,2013-580,104755,104471,Hard,R32,False,True,0.773806968105092,112,79,69.30828889267829,23.80154811485089,79,block_16,online
2013-ausopen-1315,2013-580,105683,104259,Hard,R32,False,True,0.6834689326036043,86,69,45.81528734082103,14.854448538453283,69,block_16,online
2013-ausopen-1315,2013-580,104259,105683,Hard,R32,False,True,0.6887412802547687,94,64,58.87885753640559,20.431383933325524,64,block_16,online
2013-ausopen-1316,2013-580,106071,103819,Hard,R32,False,True,0.5503572248748952,121,72,82.16330563255258,29.3986216896266,72,block_16,online
2013-ausopen-1316,2013-580,103819,106071,Hard,R32,False,True,0.7323457733648158,95,71,53.75010204305141,17.95828169990062,71,block_16,online
2013-ausopen-1401,2013-580,104925,104527,Hard,R16,False,True,0.6893340667343211,195,128,125.94523293401959,44.190862750306906,128,block_16,online
2013-ausopen-1401,2013-580,104527,104925,Hard,R16,False,True,0.5385382640841461,214,133,144.95511225233545,51.81384259652896,133,block_16,online
2013-ausopen-1402,2013-580,104731,104607,Hard,R16,False,True,0.6376951576939165,111,64,76.51093265963146,27.513737485414552,64,block_16,online
2013-ausopen-1402,2013-580,104607,104731,Hard,R16,False,True,0.7109091282985758,112,75,71.50832552116019,24.96751108941661,75,block_16,online
2013-ausopen-1403,2013-580,103970,105453,Hard,R16,False,True,0.6558734615611331,96,60,63.71009457449216,22.59150438036161,60,block_16,online
2013-ausopen-1403,2013-580,105453,103970,Hard,R16,False,True,0.5593158786986803,95,43,67.59495894927434,24.618088387538794,43,block_16,online
2013-ausopen-1404,2013-580,104597,104386,Hard,R16,True,True,0.6702982139134614,43,32,25.006276075062416,8.420801219288258,32,block_16,online
2013-ausopen-1404,2013-580,104386,104597,Hard,R16,True,True,0.6658860358804961,46,21,35.94619990463312,13.429380280928665,21,block_16,online
2013-ausopen-1405,2013-580,104871,104312,Hard,R16,False,True,0.636303720600939,124,82,79.55081967436848,27.85161050292014,82,block_16,online
2013-ausopen-1405,2013-580,104312,104871,Hard,R16,False,True,0.6683207527335298,119,68,83.6860514184973,30.26004042382306,68,block_16,online
2013-ausopen-1406,2013-580,104468,104918,Hard,R16,False,True,0.49876336596870935,90,43,62.373628426285364,22.495191097610295,47,block_16,online
2013-ausopen-1406,2013-580,104918,104468,Hard,R16,False,True,0.649508614953777,63,44,38.90768776033487,13.42051266071557,44,block_16,online
2013-ausopen-1407,2013-580,104542,104755,Hard,R16,False,True,0.6299836743999535,106,74,66.0072024795209,22.831635769916346,74,block_16,online
2013-ausopen-1407,2013-580,104755,104542,Hard,R16,False,True,0.6516943168842277,102,67,65.60165510627358,22.992920768751908,67,block_16,online
2013-ausopen-1408,2013-580,105683,103819,Hard,R16,False,True,0.6359870783342224,96,61,62.97700596018926,22.2396145688025,61,block_16,online
2013-ausopen-1408,2013-580,103819,105683,Hard,R16,False,True,0.7480982210178142,78,66,35.6991782757849,10.90380879226996,66,block_16,online
2013-ausopen-1501,2013-580,104925,104607,Hard,QF,False,True,0.6710182090745918,97,71,57.23166415474114,19.391161691646207,71,block_16,online
2013-ausopen-1501,2013-580,104607,104925,Hard,QF,False,True,0.5842600331281858,107,60,73.49622679145878,26.41429315988922,60,block_16,online
2013-ausopen-1502,2013-580,103970,104597,Hard,QF,False,True,0.6799136040894092,149,97,96.65813082947969,33.97685465150625,97,block_16,online
2013-ausopen-1502,2013-580,104597,103970,Hard,QF,False,True,0.6296080113297156,166,98,112.87762159414845,40.400266935848585,98,block_16,online
2013-ausopen-1503,2013-580,104871,104918,Hard,QF,False,True,0.5640622285954798,77,36,54.653751820718156,19.8863167661891,36,block_16,online
2013-ausopen-1503,2013-580,104918,104871,Hard,QF,False,True,0.6952756687647269,75,48,49.53083864858102,17.509154966804086,48,block_16,online
2013-ausopen-1504,2013-580,104542,103819,Hard,QF,False,True,0.6111482845483229,175,115,113.30123276889456,39.798784052498355,115,block_16,online
2013-ausopen-1504,2013-580,103819,104542,Hard,QF,False,True,0.7001231256213092,158,109,97.87318021521733,33.82039639725533,109,block_16,online
2013-ausopen-1601,2013-580,104925,103970,Hard,SF,False,True,0.6524200782578055,51,44,26.188256388071657,8.295282997523092,44,block_16,online
2013-ausopen-1601,2013-580,103970,104925,Hard,SF,False,True,0.57803521891113,75,34,54.01226676112542,19.752958686666005,34,block_16,online
2013-ausopen-1602,2013-580,104918,103819,Hard,SF,False,True,0.6110488758535899,157,111,98.11406766114015,33.96792396356699,111,block_16,online
2013-ausopen-1602,2013-580,103819,104918,Hard,SF,False,True,0.6322443901343843,171,105,114.162542858327,40.58301574622362,105,block_16,online
2013-ausopen-1701,2013-580,104925,104918,Hard,F,False,True,0.6239092586944455,134,96,82.44917622987168,28.370632584009904,96,block_16,online
2013-ausopen-1701,2013-580,104918,104925,Hard,F,False,True,0.574405955175557,131,88,85.52244398124687,30.126980264791833,88,block_16,online
2013-frenchopen-1101,2013-520,104925,105676,Clay,R128,False,True,0.717854374010476,101,73,59.62795855113914,20.240066525353715,73,block_16,online
2013-frenchopen-1101,2013-520,105676,104925,Clay,R128,False,True,0.521665416854765,112,71,76.43698698551727,27.402609206556015,71,block_16,online
2013-frenchopen-1103,2013-520,104864,106298,Clay,R128,False,False,0.6413259913951707,86,46,61.44765396526644,22.36972513419817,46,block_16,online
2013-frenchopen-1103,2013-520,106298,104864,Clay,R128,False,False,0.6735399465447663,107,69,69.8083621879279,24.592685753115603,69,block_16,online
2013-frenchopen-1106,2013-520,106071,103812,Clay,R128,True,True,0.7075404725190255,88,55,59.598981189505345,21.22453780512243,55,block_16,online
2013-frenchopen-1106,2013-520,103812,106071,Clay,R128,True,True,0.6315754084020258,106,70,68.11434737111983,23.86151745252407,70,block_16,online
2013-frenchopen-1108,2013-520,106210,104259,Clay,R128,False,False,0.5750388134586962,134,84,89.26656205949948,31.703210694793057,84,block_16,online
2013-frenchopen-1108,2013-520,104259,106210,Clay,R128,False,False,0.6954998140856308,118,82,72.58322079012395,25.0169894743479,82,block_16,online
2013-frenchopen-1109,2013-520,103163,105558,Clay,R128,False,True,0.6898443187844246,85,61,50.74499108189791,17.289233761827678,61,block_16,online
2013-frenchopen-1109,2013-520,105558,103163,Clay,R128,False,True,0.5747803062993228,93,53,63.55564421191018,22.797920779659314,53,block_16,online
2013-frenchopen-1110,2013-520,106058,104198,Clay,R128,False,True,0.6831927740379967,80,55,49.69034697829169,17.18898417563902,55,block_16,online
2013-frenchopen-1110,2013-520,104198,106058,Clay,R128,False,True,0.6098418388370384,83,41,59.807310463417465,21.861255892242497,41,block_16,online
2013-frenchopen-1112,2013-520,104122,104545,Clay,R128,False,True,0.6225833819710703,91,55,61.14187630398018,21.788344126277007,55,block_16,online
2013-frenchopen-1112,2013-520,104545,104122,Clay,R128,False,True,0.7045424587200829,89,61,55.50105140662662,19.223646812551124,61,block_16,online
2013-frenchopen-1115,2013-520,104269,102967,Clay,R128,False,True,0.6967038531824281,70,48,43.593955132820156,15.094168227233865,48,block_16,online
2013-frenchopen-1115,2013-520,102967,104269,Clay,R128,False,True,0.5580317981272913,77,36,54.47742694322648,19.79947108936573,36,block_16,online
2013-frenchopen-1116,2013-520,103917,104386,Clay,R128,False,True,0.5616081075260955,79,45,54.000623802121794,19.37215997133576,45,block_16,online
2013-frenchopen-1116,2013-520,104386,103917,Clay,R128,False,True,0.6658114500305332,85,57,53.87407700922029,18.778410090818916,57,block_16,online
2013-frenchopen-1117,2013-520,104745,104978,Clay,R128,False,True,0.7972297755938735,113,86,62.572071030057515,20.6964892034145,86,block_16,online
2013-frenchopen-1117,2013-520,104978,104745,Clay,R128,False,True,0.5639520799519145,142,88,95.22533682168012,33.90639061291991,88,block_16,online
2013-frenchopen-1121,2013-520,105332,104571,Clay,R128,False,True,0.5484346543613885,158,100,106.18075497006387,37.83639920423262,100,block_16,online
2013-frenchopen-1121,2013-520,104571,105332,Clay,R128,False,True,0.6000504957510818,135,86,88.82819820591362,31.399495386715003,86,block_16,online
2013-frenchopen-1122,2013-520,103997,105270,Clay,R128,False,True,0.6209096979946754,142,82,97.27755926614242,34.91590666393837,82,block_16,online
2013-frenchopen-1122,2013-520,105270,103997,Clay,R128,False,True,0.5196184087598559,155,83,107.12539164578718,38.59385420779324,83,block_16,online
2013-frenchopen-1124,2013-520,105028,105453,Clay,R128,False,True,0.5699674136651136,65,25,47.81017385957604,17.617714738350738,25,block_16,online
2013-frenchopen-1124,2013-520,105453,105028,Clay,R128,False,True,0.6412709044443985,70,46,45.04245785325867,15.78906289320092,46,block_16,online
2013-frenchopen-1125,2013-520,104527,105217,Clay,R128,False,True,0.7653564060318192,138,98,84.19404051366148,28.826463516807554,98,block_16,online
2013-frenchopen-1125,2013-520,105217,104527,Clay,R128,False,True,0.6513880563733062,143,95,91.30392602441502,31.9120844870403,95,block_16,online
2013-frenchopen-1128,2013-520,105077,105668,Clay,R128,False,True,0.6027099645626447,104,66,68.49443673078177,24.22125202157376,66,block_16,online
2013-frenchopen-1128,2013-520,105668,105077,Clay,R128,False,True,0.6715605927828094,103,75,61.03660891656021,20.71825494979482,75,block_16,online
2013-frenchopen-1129,2013-520,104252,104797,Clay,R128,True,True,0.6290635690643755,99,55,69.12964435780185,24.979383821395718,55,block_16,online
2013-frenchopen-1129,2013-520,104797,104252,Clay,R128,True,True,0.6038228219569023,89,57,58.38364446868901,20.613776325036866,57,block_16,online
2013-frenchopen-1130,2013-520,103722,103786,Clay,R128,False,True,0.6089643794503857,78,48,51.97648281407098,18.46475357703565,48,block_16,online
2013-frenchopen-1130,2013-520,103786,103722,Clay,R128,False,True,0.6544073086350992,93,66,56.67301999861577,19.445385340505066,66,block_16,online
2013-frenchopen-1132,2013-520,104660,104755,Clay,R128,False,True,0.4485988920382559,75,39,52.693958699285616,19.102358866362344,36,block_16,online
2013-frenchopen-1132,2013-520,104755,104660,Clay,R128,False,True,0.7177726581531966,70,52,40.01408680212319,13.415474767528947,52,block_16,online
2013-frenchopen-1133,2013-520,104607,104792,Clay,R128,False,True,0.6453076052712045,182,124,114.43274570405815,39.752500679337196,124,block_16,online
2013-frenchopen-1133,2013-520,104792,104607,Clay,R128,False,True,0.5726843536472461,181,131,115.53371202816608,40.31879311755941,131,block_16,online
2013-frenchopen-1134,2013-520,105208,104297,Clay,R128,False,True,0.7820312883104829,89,59,60.20788371360085,21.15029927415629,59,block_16,online
2013-frenchopen-1134,2013-520,104297,105208,Clay,R128,False,True,0.5787575490172125,82,44,56.915127004062015,20.53608033112701,44,block_16,online
2013-frenchopen-1137,2013-520,104312,104919,Clay,R128,False,True,0.6942447527702958,163,105,107.04600452826662,37.77065352833941,105,block_16,online
2013-frenchopen-1137,2013-520,104919,104312,Clay,R128,False,True,0.5936598676146433,162,96,109.49634932905492,39.111295641418685,96,block_16,online
2013-frenchopen-1138,2013-520,104882,105902,Clay,R128,False,True,0.6379069233001371,70,50,42.79522437122057,14.694074665583578,50,block_16,online
2013-frenchopen-1138,2013-520,105902,104882,Clay,R128,False,True,0.6169382380698729,69,30,51.912393549264486,19.24598819770801,30,block_16,online
2013-frenchopen-1139,2013-520,104651,104273,Clay,R128,False,False,0.5955006515835184,92,48,64.70556095456627,23.45707184333057,48,block_16,online
2013-frenchopen-1139,2013-520,104273,104651,Clay,R128,False,False,0.6428036319129143,102,67,65.63980758597137,23.010357262113693,67,block_16,online
2013-frenchopen-1140,2013-520,104890,104597,Clay,R128,False,True,0.556446238478052,105,70,69.48569958552272,24.608930326291897,70,block_16,online
2013-frenchopen-1140,2013-520,104597,104890,Clay,R128,False,True,0.7585747806878212,107,78,62.767153433333505,21.23395388752653,78,block_16,online
2013-frenchopen-1141,2013-520,105683,103598,Clay,R128,False,True,0.6852053041565147,96,69,57.292071755954055,19.51427367544627,69,block_16,online
2013-frenchopen-1141,2013-520,103598,105683,Clay,R128,False,True,0.6326690602834084,107,60,74.53859673197263,26.908617728859333,60,block_16,online
2013-frenchopen-1142,2013-520,104327,103566,Clay,R128,False,True,0.6716109707181996,131,72,94.36129555099404,34.37704999114381,72,block_16,online
2013-frenchopen-1142,2013-520,103566,104327,Clay,R128,False,True,0.709186365094106,112,72,74.14476488602682,26.207037075212483,72,block_16,online
2013-frenchopen-1144,2013-520,105011,104731,Clay,R128,False,True,0.529212298349486,114,64,78.39480018873454,28.188310677841166,64,block_16,online
2013-frenchopen-1144,2013-520,104731,105011,Clay,R128,False,True,0.7036916202219936,90,65,53.25084237130381,18.086460044499734,65,block_16,online
2013-frenchopen-1145,2013-520,104719,103852,Clay,R128,False,True,0.5976056910932752,143,91,94.18578086337115,33.30572059089508,91,block_16,online
2013-frenchopen-1145,2013-520,103852,104719,Clay,R128,False,True,0.714688597559275,166,102,114.529792147113,40.99297148379429,102,block_16,online
2013-frenchopen-1146,2013-520,105311,104424,Clay,R128,False,False,0.6553027861546413,77,54,47.32057001759618,16.292773194035476,54,block_16,online
2013-frenchopen-1146,2013-520,104424,105311,Clay,R128,False,False,0.7169529645014098,67,34,52.96402372746416,19.686642485497238,34,block_16,online
2013-frenchopen-1148,2013-520,104594,103970,Clay,R128,False,True,0.5505565639107103,86,39,60.86422525149041,22.12426560056905,39,block_16,online
2013-frenchopen-1148,2013-520,103970,104594,Clay,R128,False,True,0.6815254249646627,88,51,61.89037525169443,22.35837428245165,51,block_16,online
2013-frenchopen-1149,2013-520,104542,105379,Clay,R128,False,False,0.7170173036146485,80,55,49.85527996067017,17.257201697014345,55,block_16,online
2013-frenchopen-1149,2013-520,105379,104542,Clay,R128,False,False,0.539174676417474,76,38,52.91317223827653,19.116633800703447,38,block_16,online
2013-frenchopen-1150,2013-520,103813,103908,Clay,R128,False,True,0.6225157248342008,182,113,120.7820813690384,42.84114682265539,113,block_16,online
2013-frenchopen-1150,2013-520,103908,103813,Clay,R128,False,True,0.6644583704321766,153,94,102.8541524082132,36.63208004247049,94,block_16,online
2013-frenchopen-1152,2013-520,103794,104871,Clay,R128,False,True,0.5968344918535922,108,61,74.17822288754058,26.657024345804402,61,block_16,online
2013-frenchopen-1152,2013-520,104871,103794,Clay,R128,False,True,0.6841941000584563,85,61,50.81339128102909,17.318652950026408,61,block_16,online
2013-frenchopen-1154,2013-520,104678,103484,Clay,R128,False,True,0.610651764865331,71,49,44.920377692161566,15.631713076450751,49,block_16,online
2013-frenchopen-1154,2013-520,103484,104678,Clay,R128,False,True,0.5532419611687929,79,37,55.743515228350105,20.240151613742803,37,block_16,online
2013-frenchopen-1156,2013-520,104332,105227,Clay,R128,False,True,0.5642596339889996,86,40,61.10223195350572,22.24067765212841,40,block_16,online
2013-frenchopen-1156,2013-520,105227,104332,Clay,R128,False,True,0.6334844823327269,60,46,35.05191149165618,11.797582986770903,46,block_16,online
2013-frenchopen-1157,2013-520,104468,103720,Clay,R128,False,True,0.5969319729690635,118,67,80.90993846938876,29.05779370376866,67,block_16,online
2013-frenchopen-1157,2013-520,103720,104468,Clay,R128,False,True,0.5878252484779273,138,69,97.81670716003941,35.56443184928894,69,block_16,online
2013-frenchopen-1158,2013-520,105173,104655,Clay,R128,False,False,0.5908947098506455,190,109,129.74320079546087,46.5246992971602,109,block_16,online
2013-frenchopen-1158,2013-520,104655,105173,Clay,R128,False,False,0.5899018019424149,145,94,95.07241483779588,33.556160945387674,94,block_16,online
2013-frenchopen-1160,2013-520,105041,105023,Clay,R128,False,True,0.6677479568851478,88,53,59.968907917665064,21.456801955511782,53,block_16,online
2013-frenchopen-1160,2013-520,105023,105041,Clay,R128,False,True,0.708983667225624,77,58,43.40066361922406,14.462548312065081,58,block_16,online
2013-frenchopen-1161,2013-520,103898,105575,Clay,R128,False,True,0.540434149857898,159,106,106.4366140875507,37.86694241301363,106,block_16,online
2013-frenchopen-1161,2013-520,105575,103898,Clay,R128,False,True,0.6690346274401331,153,96,101.61153502946684,36.02927343672997,96,block_16,online
2013-frenchopen-1163,2013-520,104500,103926,Clay,R128,False,False,0.6390773635591008,123,76,81.92476934108745,29.095885562495763,76,block_16,online
2013-frenchopen-1163,2013-520,103926,104500,Clay,R128,False,False,0.5980437143608135,103,59,70.433519471711,25.26943898693127,59,block_16,online
2013-frenchopen-1164,2013-520,105807,103819,Clay,R128,False,False,0.5075809320528745,79,38,54.813197730204465,19.777282968091058,38,block_16,online
2013-frenchopen-1164,2013-520,103819,105807,Clay,R128,False,False,0.7565663677671822,59,47,30.066287094011372,9.653928891234077,47,block_16,online
2013-frenchopen-1201,2013-520,104925,105550,Clay,R64,False,False,0.755503175224944,68,48,41.62888126947851,14.285078427103501,48,block_16,online
2013-frenchopen-1201,2013-520,105550,104925,Clay,R64,False,False,0.4665648081627319,83,38,57.24841325888022,20.608740357554304,45,block_16,online
2013-frenchopen-1202,2013-520,106298,105777,Clay,R64,False,False,0.5412133405108376,77,44,52.72604530388574,18.92744079095758,44,block_16,online
2013-frenchopen-1202,2013-520,105777,106298,Clay,R64,False,False,0.5391469164574929,87,62,57.66846416146936,20.434889944000066,62,block_16,online
2013-frenchopen-1205,2013-520,103163,106058,Clay,R64,False,True,0.6148743631987336,112,77,70.84447200366898,24.65324210952842,77,block_16,online
2013-frenchopen-1205,2013-520,106058,103163,Clay,R64,False,True,0.6509534804699102,100,61,67.23779577512533,23.957718756259933,61,block_16,online
2013-frenchopen-1206,2013-520,105992,104545,Clay,R64,False,True,0.6925022345972702,185,120,120.74694250689282,42.51794250726449,120,block_16,online
2013-frenchopen-1206,2013-520,104545,105992,Clay,R64,False,True,0.7146380819142898,158,118,89.80540779531628,30.037211591524965,118,block_16,online
2013-frenchopen-1208,2013-520,104269,104386,Clay,R64,False,True,0.5999307677928231,191,117,127.57280634859474,45.360333230076264,117,block_16,online
2013-frenchopen-1208,2013-520,104386,104269,Clay,R64,False,True,0.6452708084529204,190,120,125.11826656138118,44.24614505718135,120,block_16,online
2013-frenchopen-1209,2013-520,104745,105373,Clay,R64,False,True,0.6908532006206789,100,65,65.12668123012355,22.916898400095345,65,block_16,online
2013-frenchopen-1209,2013-520,105373,104745,Clay,R64,False,True,0.4979425823558285,103,55,71.42383560592107,25.76483791914754,48,block_16,online
2013-frenchopen-1210,2013-520,104586,104926,Clay,R64,False,True,0.6646474769980206,126,72,88.41083280432882,31.952053165944157,72,block_16,online
2013-frenchopen-1210,2013-520,104926,104586,Clay,R64,False,True,0.6692977240724861,110,77,67.4332379158355,23.203689272184214,77,block_16,online
2013-frenchopen-1211,2013-520,105332,103997,Clay,R64,False,True,0.5609882881364908,82,54,54.265400780959354,19.21930935421645,54,block_16,online
2013-frenchopen-1211,2013-520,103997,105332,Clay,R64,False,True,0.5806878548824133,102,54,71.06996743784387,25.679946923109107,54,block_16,online
2013-frenchopen-1212,2013-520,104813,105453,Clay,R64,False,True,0.5563258949493549,134,63,94.64247775249129,34.37573642280217,63,block_16,online
2013-frenchopen-1212,2013-520,105453,104813,Clay,R64,False,True,0.6552311706370828,111,64,77.10651297278284,27.785805612616453,64,block_16,online
2013-frenchopen-1213,2013-520,104527,104547,Clay,R64,False,False,0.6969073495670275,98,70,58.70126512532241,20.02959674090898,70,block_16,online
2013-frenchopen-1213,2013-520,104547,104527,Clay,R64,False,False,0.5356334470130657,103,62,70.15724680434285,25.132481094967016,62,block_16,online
2013-frenchopen-1215,2013-520,104797,103786,Clay,R64,False,True,0.6433579687771239,103,60,70.79721628136788,25.429719773614885,60,block_16,online
2013-frenchopen-1215,2013-520,103786,104797,Clay,R64,False,True,0.6071718726750333,79,59,48.12532119783873,16.477675978794913,59,block_16,online
2013-frenchopen-1216,2013-520,104308,104755,Clay,R64,False,False,0.5254246945738926,81,35,56.80960260914797,20.582031262941054,35,block_16,online
2013-frenchopen-1216,2013-520,104755,104308,Clay,R64,False,False,0.7201647086427233,64,46,38.024638924884954,12.937628089634803,46,block_16,online
2013-frenchopen-1217,2013-520,104792,105208,Clay,R64,False,True,0.6389889448598546,152,97,99.47977652834535,35.09878918846098,97,block_16,online
2013-frenchopen-1217,2013-520,105208,104792,Clay,R64,False,True,0.6199648419462199,116,75,75.52409006493448,26.59061671699758,75,block_16,online
2013-frenchopen-1219,2013-520,104312,104882,Clay,R64,False,True,0.5654149576013456,163,108,107.41610052843471,37.98050326564037,108,block_16,online
2013-frenchopen-1219,2013-520,104882,104312,Clay,R64,False,True,0.5787277949029707,167,100,112.61220194825833,40.187059738479434,100,block_16,online
2013-frenchopen-1220,2013-520,104273,104597,Clay,R64,False,True,0.5939331437236275,75,46,50.10135826282507,17.814894218433608,46,block_16,online
2013-frenchopen-1220,2013-520,104597,104273,Clay,R64,False,True,0.7020381323030881,101,66,65.72630040561549,23.1095779959608,66,block_16,online
2013-frenchopen-1221,2013-520,105683,103566,Clay,R64,False,True,0.7129503652506239,121,86,72.78104356321725,24.87662219752345,86,block_16,online
2013-frenchopen-1221,2013-520,103566,105683,Clay,R64,False,True,0.6443717420372737,145,89,97.01035526339322,34.50799649810715,89,block_16,online
2013-frenchopen-1224,2013-520,103656,103970,Clay,R64,False,True,0.5356795461549574,87,37,61.45512545139243,22.324587711217113,37,block_16,online
2013-frenchopen-1224,2013-520,103970,103656,Clay,R64,False,True,0.7075794728076562,72,46,47.88026615844966,16.9508356460864,46,block_16,online
2013-frenchopen-1225,2013-520,104542,103813,Clay,R64,False,True,0.6805189840899183,80,63,43.64664850670659,14.303095021212252,63,block_16,online
2013-frenchopen-1225,2013-520,103813,104542,Clay,R64,False,True,0.557570230455554,109,66,73.620371659304,26.287146825905168,66,block_16,online
2013-frenchopen-1226,2013-520,105138,104871,Clay,R64,False,False,0.5843788051846381,80,47,54.22204952567843,19.388279348566037,47,block_16,online
2013-frenchopen-1226,2013-520,104871,105138,Clay,R64,False,False,0.6942646452444993,97,67,59.99950003240647,20.72286710797473,67,block_16,online
2013-frenchopen-1228,2013-520,106401,105227,Clay,R64,False,False,0.5191106908405404,80,43,55.28081206885338,19.914553335308973,43,block_16,online
2013-frenchopen-1228,2013-520,105227,106401,Clay,R64,False,False,0.6910929716896456,69,55,36.76745944501964,11.93482830493793,55,block_16,online
2013-frenchopen-1229,2013-520,104468,104655,Clay,R64,False,False,0.6242468932903557,100,67,63.87218329620943,22.319334677358412,67,block_16,online
2013-frenchopen-1229,2013-520,104655,104468,Clay,R64,False,False,0.5958168861488414,115,56,82.4453740837539,30.093251360641432,56,block_16,online
2013-frenchopen-1230,2013-520,104225,105023,Clay,R64,False,True,0.60352934395462,100,52,70.66530797550192,25.657715130148922,52,block_16,online
2013-frenchopen-1230,2013-520,105023,104225,Clay,R64,False,True,0.7132068864306579,95,59,64.90483104939258,23.164673372133134,59,block_16,online
2013-frenchopen-1231,2013-520,103898,104735,Clay,R64,False,True,0.5967573907531636,176,105,118.68908522543113,42.35795942349586,105,block_16,online
2013-frenchopen-1231,2013-520,104735,103898,Clay,R64,False,True,0.568571276974278,176,110,117.59224137736246,41.81041933768721,110,block_16,online
2013-frenchopen-1232,2013-520,104500,103819,Clay,R64,False,True,0.49176064780720585,75,35,51.91382198245311,18.713894758377798,40,block_16,online
2013-frenchopen-1232,2013-520,103819,104500,Clay,R64,False,True,0.7045157087390145,65,48,37.53711646655306,12.628746911956943,48,block_16,online
2013-frenchopen-1301,2013-520,104925,105777,Clay,R32,False,True,0.7174541894245682,71,52,41.28077842974139,13.931340788368264,52,block_16,online
2013-frenchopen-1301,2013-520,105777,104925,Clay,R32,False,True,0.49819470476415656,84,42,58.2249106978736,21.000273763634638,42,block_16,online
2013-frenchopen-1302,2013-520,103812,104259,Clay,R32,False,True,0.631311122115334,81,39,59.84599244085013,22.040584840432242,39,block_16,online
2013-frenchopen-1302,2013-520,104259,103812,Clay,R32,False,True,0.7093741481211313,95,63,61.175441575933455,21.423967128882623,63,block_16,online
2013-frenchopen-1303,2013-520,103163,104545,Clay,R32,False,True,0.6948711822437078,208,151,122.62855936259072,41.58086262425603,151,block_16,online
2013-frenchopen-1303,2013-520,104545,103163,Clay,R32,False,True,0.7096557096374813,229,156,143.78236663751716,49.914389397732506,156,block_16,online
2013-frenchopen-1304,2013-520,104022,104386,Clay,R32,False,True,0.5877335790734352,85,61,53.68642502649567,18.65811795053085,61,block_16,online
2013-frenchopen-1304,2013-520,104386,104022,Clay,R32,False,True,0.6318311548702875,88,53,59.30653024012524,21.156431111044995,53,block_16,online
2013-frenchopen-1305,2013-520,104745,104926,Clay,R32,False,True,0.6669831021836273,104,66,68.51273520300846,24.22434220600468,66,block_16,online
2013-frenchopen-1305,2013-520,104926,104745,Clay,R32,False,True,0.49051437217017324,129,73,89.76175461772715,32.42286272356411,56,block_16,online
2013-frenchopen-1306,2013-520,105332,105453,Clay,R32,False,True,0.5287412713913323,137,76,94.32468942096963,33.93205124245307,76,block_16,online
2013-frenchopen-1306,2013-520,105453,105332,Clay,R32,False,True,0.5900902271037292,119,76,78.43664982565495,27.742856138909517,76,block_16,online
2013-frenchopen-1307,2013-520,104527,105668,Clay,R32,False,True,0.6830572680504199,120,85,72.61620510611388,24.868332203808997,85,block_16,online
2013-frenchopen-1307,2013-520,105668,104527,Clay,R32,False,True,0.625379300016314,132,81,88.09505440862117,31.313656890691256,81,block_16,online
2013-frenchopen-1308,2013-520,103786,104755,Clay,R32,False,True,0.5903142152939826,97,55,66.46983861379373,23.86711097714251,55,block_16,online
2013-frenchopen-1308,2013-520,104755,103786,Clay,R32,False,True,0.6760584977113195,87,59,54.65844980833133,18.988890302572997,59,block_16,online
2013-frenchopen-1309,2013-520,104792,103990,Clay,R32,False,True,0.6809114500191299,166,100,113.82321854840355,40.78201685552159,100,block_16,online
2013-frenchopen-1309,2013-520,103990,104792,Clay,R32,False,True,0.6234345432649503,158,104,101.8810193323099,35.73557449917473,104,block_16,online
2013-frenchopen-1311,2013-520,105683,104731,Clay,R32,False,True,0.7159813625252192,131,78,92.7718062608695,33.461347250400294,78,block_16,online
2013-frenchopen-1311,2013-520,104731,105683,Clay,R32,False,True,0.6926816924345898,97,73,55.121393027651834,18.409841826852514,73,block_16,online
2013-frenchopen-1312,2013-520,103852,103970,Clay,R32,False,True,0.566688134756368,104,51,73.28902488661382,26.59589623051022,51,block_16,online
2013-frenchopen-1312,2013-520,103970,103852,Clay,R32,False,True,0.6942384973654999,87,58,55.53005047743758,19.39947124211674,58,block_16,online
2013-frenchopen-1313,2013-520,104542,104871,Clay,R32,False,True,0.6913631403770732,72,57,38.6719822474188,12.599377411801155,57,block_16,online
2013-frenchopen-1313,2013-520,104871,104542,Clay,R32,False,True,0.6236710482999008,74,45,49.587407460254745,17.653058313083722,45,block_16,online
2013-frenchopen-1314,2013-520,104678,105227,Clay,R32,False,True,0.5563330259230936,126,81,84.06809145746618,29.871860702784772,81,block_16,online
2013-frenchopen-1314,2013-520,105227,104678,Clay,R32,False,True,0.6149603266836777,117,70,78.89104500411221,28.152170061487908,70,block_16,online
2013-frenchopen-1315,2013-520,104468,105023,Clay,R32,False,True,0.6202958278189081,137,84,91.43816659643852,32.50336814573103,84,block_16,online
2013-frenchopen-1315,2013-520,105023,104468,Clay,R32,False,True,0.6303239878145019,130,81,86.14451404308724,30.537596823919614,81,block_16,online
2013-frenchopen-1316,2013-520,103898,103819,Clay,R32,False,True,0.5717304305763663,83,49,56.22737920435729,20.101099679020187,49,block_16,online
2013-frenchopen-1316,2013-520,103819,103898,Clay,R32,False,True,0.7271522783292471,79,64,39.874260708956925,12.695792808330143,64,block_16,online
2013-frenchopen-1401,2013-520,104925,104259,Clay,R16,False,True,0.7122210762509984,141,94,90.44193786499775,31.6259371301267,94,block_16,online
2013-frenchopen-1401,2013-520,104259,104925,Clay,R16,False,True,0.5483167746806598,116,76,77.45952678376435,27.53139935449908,76,block_16,online
2013-frenchopen-1402,2013-520,103163,104022,Clay,R16,False,True,0.6148375450836093,70,43,46.67551158503372,16.58573560192035,43,block_16,online
2013-frenchopen-1402,2013-520,104022,103163,Clay,R16,False,True,0.6102223777663168,58,22,44.78494082757876,16.747753697235154,22,block_16,online
2013-frenchopen-1403,2013-520,104745,105453,Clay,R16,False,True,0.6521846314110201,78,55,47.7984371779551,16.436584433788582,55,block_16,online
2013-frenchopen-1403,2013-520,105453,104745,Clay,R16,False,True,0.49666211979342667,78,42,54.10727334522835,19.52089631389277,36,block_16,online
2013-frenchopen-1404,2013-520,104527,104755,Clay,R16,False,True,0.6112375295473597,175,122,110.13059317150774,38.24002335769713,122,block_16,online
2013-frenchopen-1404,2013-520,104755,104527,Clay,R16,False,True,0.6463003979288332,194,125,126.27356311572103,44.45951616420752,125,block_16,online
2013-frenchopen-1405,2013-520,103990,104597,Clay,R16,False,True,0.6723552713769795,167,104,111.58171398369508,39.64439258197302,104,block_16,online
2013-frenchopen-1405,2013-520,104597,103990,Clay,R16,False,True,0.6535827960046737,167,102,112.28642138075858,40.00657831100548,102,block_16,online
2013-frenchopen-1406,2013-520,104731,103970,Clay,R16,False,True,0.5988125997001559,86,41,62.124768267084434,22.734948366717905,41,block_16,online
2013-frenchopen-1406,2013-520,103970,104731,Clay,R16,False,True,0.6690995477968372,71,52,41.90758256156844,14.199935574326105,52,block_16,online
2013-frenchopen-1407,2013-520,104542,104678,Clay,R16,False,True,0.6490319367950871,81,60,47.924662256280165,16.236806437968085,60,block_16,online
2013-frenchopen-1407,2013-520,104678,104542,Clay,R16,False,True,0.592654505375195,87,49,59.76159565341228,21.47768303174287,49,block_16,online
2013-frenchopen-1408,2013-520,104468,103819,Clay,R16,False,True,0.5321142787014844,161,93,110.32154276378067,39.613186662802065,93,block_16,online
2013-frenchopen-1408,2013-520,103819,104468,Clay,R16,False,True,0.6913507422970282,117,79,73.83042173377223,25.688587035403813,79,block_16,online
2013-frenchopen-1501,2013-520,103163,104925,Clay,QF,False,True,0.5381238435570224,4,2,2.7842500726148955,1.0058137097902413,2,block_16,online
2013-frenchopen-1503,2013-520,103990,103970,Clay,QF,False,True,0.5723861918891368,68,31,48.72896990261438,17.790620884117164,31,block_16,online
2013-frenchopen-1503,2013-520,103970,103990,Clay,QF,False,True,0.6191074972097753,62,47,37.01396018644855,12.568129034564942,47,block_16,online
2013-frenchopen-1504,2013-520,104542,103819,Clay,QF,False,True,0.6314796015387186,76,56,45.707804071515284,15.580537651785427,56,block_16,online
2013-frenchopen-1504,2013-520,103819,104542,Clay,QF,False,True,0.6952961111420746,100,53,75.11662266047696,27.642280435869306,53,block_16,online
2013-frenchopen-1601,2013-520,104925,104745,Clay,SF,False,True,0.6227676299650329,175,106,117.46735258396407,41.845178610559245,106,block_16,online
2013-frenchopen-1601,2013-520,104745,104925,Clay,SF,False,True,0.6109237573054781,160,108,102.3075338062738,35.75692238045556,108,block_16,online
2013-frenchopen-1602,2013-520,103970,104542,Clay,SF,False,True,0.6320863613577473,88,58,56.603507672967226,19.83690088537526,58,block_16,online
2013-frenchopen-1602,2013-520,104542,103970,Clay,SF,False,True,0.6114733515294379,103,54,72.88601319413334,26.472542976776992,54,block_16,online
2013-frenchopen-1701,2013-520,104745,103970,Clay,F,False,True,0.6257716038869644,87,54,57.748906966209056,20.4850055003278,54,block_16,online
2013-frenchopen-1701,2013-520,103970,104745,Clay,F,False,True,0.5693907040791394,85,39,60.7218376489204,22.145015862624867,39,block_16,online
2013-wimbledon-1101,2013-540,104925,104252,Grass,R128,False,True,0.739074622502832,87,67,47.1282942757574,15.486123478230727,67,block_16,online
2013-wimbledon-1101,2013-540,104252,104925,Grass,R128,False,True,0.5676918499027347,108,66,72.58954932048704,25.87027174900584,66,block_16,online
2013-wimbledon-1104,2013-540,105992,104871,Grass,R128,False,True,0.6788902719065911,155,100,101.2080577184689,35.66020581853958,100,block_16,online
2013-wimbledon-1104,2013-540,104871,105992,Grass,R128,False,True,0.7053902298864869,119,88,68.59757378935848,23.062789333876296,88,block_16,online
2013-wimbledon-1105,2013-540,104468,103852,Grass,R128,False,True,0.675985692925774,119,76,78.21994300874731,27.62801686308267,76,block_16,online
2013-wimbledon-1105,2013-540,103852,104468,Grass,R128,False,True,0.6426609369373595,85,72,45.21184907023663,14.562936869562638,72,block_16,online
2013-wimbledon-1108,2013-540,104098,103163,Grass,R128,False,True,0.6269873538130891,95,61,62.00542388400139,21.85329130974941,61,block_16,online
2013-wimbledon-1108,2013-540,103163,104098,Grass,R128,False,True,0.7666849340126058,98,74,54.58904367237679,18.135596994241883,74,block_16,online
2013-wimbledon-1109,2013-540,104755,104719,Grass,R128,False,True,0.7511147149613739,129,87,83.31118340210446,29.08439723578521,87,block_16,online
2013-wimbledon-1109,2013-540,104719,104755,Grass,R128,False,True,0.5929570936957445,146,88,98.12425221336937,34.97287629430814,88,block_16,online
2013-wimbledon-1112,2013-540,106071,105023,Grass,R128,False,True,0.685848106662764,156,106,97.86643769568863,33.980670951906134,106,block_16,online
2013-wimbledon-1112,2013-540,105023,106071,Grass,R128,False,True,0.7208385804675105,149,109,86.71866940071403,29.278820062554637,109,block_16,online
2013-wimbledon-1116,2013-540,105373,104607,Grass,R128,False,True,0.6366826883541391,97,56,66.79472367169694,24.011928932372243,56,block_16,online
2013-wimbledon-1116,2013-540,104607,105373,Grass,R128,False,True,0.7037128304917273,82,64,44.38430500440757,14.532121016550544,64,block_16,online
2013-wimbledon-1117,2013-540,103970,104651,Grass,R128,False,False,0.7594970710434321,100,72,59.70775886855144,20.31600186210099,72,block_16,online
2013-wimbledon-1117,2013-540,104651,103970,Grass,R128,False,False,0.45987947394748974,110,66,78.37056583034783,28.559713800335544,44,block_16,online
2013-wimbledon-1121,2013-540,105683,104122,Grass,R128,False,True,0.7176686927079597,72,58,36.94677702448578,11.833913025383609,58,block_16,online
2013-wimbledon-1121,2013-540,104122,105683,Grass,R128,False,True,0.6225361221940652,104,60,71.30555520566989,25.60099257410028,60,block_16,online
2013-wimbledon-1124,2013-540,104471,104259,Grass,R128,True,True,0.6233716378455852,155,109,96.43358484492823,33.336773774556974,109,block_16,online
2013-wimbledon-1124,2013-540,104259,104471,Grass,R128,True,True,0.7609366807398212,168,112,110.73647691856549,38.826321706296596,112,block_16,online
2013-wimbledon-1129,2013-540,105777,104620,Grass,R128,False,True,0.6288404403978867,63,53,34.496751785665396,11.25565218505192,53,block_16,online
2013-wimbledon-1129,2013-540,104620,105777,Grass,R128,False,True,0.6435439877075084,86,47,60.94618311623019,22.123667469339637,47,block_16,online
2013-wimbledon-1132,2013-540,105077,105223,Grass,R128,False,True,0.6069042427510493,76,39,54.02296142481315,19.654758815479223,39,block_16,online
2013-wimbledon-1132,2013-540,105223,105077,Grass,R128,False,True,0.7481213478647385,79,57,46.87460743584975,15.929324882765105,57,block_16,online
2013-wimbledon-1133,2013-540,104745,104327,Grass,R128,False,True,0.8001226703605661,119,73,90.34065324470366,32.3654483547232,73,block_16,online
2013-wimbledon-1133,2013-540,104327,104745,Grass,R128,False,True,0.5376843372662078,121,81,81.11946834409875,28.87677539438387,81,block_16,online
2013-wimbledon-1140,2013-540,103720,104527,Grass,R128,False,True,0.6194736265742044,99,63,64.95295700402538,22.937332879728935,63,block_16,online
2013-wimbledon-1140,2013-540,104527,103720,Grass,R128,False,True,0.7137328088974245,105,61,75.60854830368925,27.413122176657993,61,block_16,online
2013-wimbledon-1141,2013-540,104597,105132,Grass,R128,False,True,0.7976462535366697,83,72,33.853601944511496,9.946821790549631,72,block_16,online
2013-wimbledon-1141,2013-540,105132,104597,Grass,R128,False,True,0.6655501411311983,124,78,82.13936366639491,29.100844788143053,78,block_16,online
2013-wimbledon-1144,2013-540,106378,105668,Grass,R128,False,False,0.6564674438979089,90,49,64.4306358299763,23.451645938811804,49,block_16,online
2013-wimbledon-1144,2013-540,105668,106378,Grass,R128,False,False,0.7399187881675537,76,57,42.75771166518187,14.257723943232811,57,block_16,online
2013-wimbledon-1145,2013-540,104926,103781,Grass,R128,False,True,0.6718602635327916,132,73,94.77708618637031,34.492701734506916,73,block_16,online
2013-wimbledon-1145,2013-540,103781,104926,Grass,R128,False,True,0.5813263186760281,130,84,85.61573393550617,30.269416004532268,84,block_16,online
2013-wimbledon-1147,2013-540,104297,104660,Grass,R128,False,True,0.6572991300343932,42,24,29.346937221933352,10.595411904795872,24,block_16,online
2013-wimbledon-1147,2013-540,104660,104297,Grass,R128,False,True,0.6305829320028916,27,24,14.054141387363273,4.468159785462015,24,block_16,online
2013-wimbledon-1148,2013-540,103812,103819,Grass,R128,False,True,0.5903434665444875,61,29,43.84243037535121,16.018908858417234,29,block_16,online
2013-wimbledon-1148,2013-540,103819,103812,Grass,R128,False,True,0.7915468104077124,56,49,22.430832154213576,6.515008351775073,49,block_16,online
2013-wimbledon-1149,2013-540,104542,105676,Grass,R128,False,True,0.7300551044363985,92,69,51.82919400930967,17.286597495031955,69,block_16,online
2013-wimbledon-1149,2013-540,105676,104542,Grass,R128,False,True,0.6564274874915096,99,65,63.685438973500595,22.323234213210938,65,block_16,online
2013-wimbledon-1156,2013-540,104571,105227,Grass,R128,False,True,0.6190762352858875,71,47,45.7015065854364,16.01796622492465,47,block_16,online
2013-wimbledon-1156,2013-540,105227,104571,Grass,R128,False,True,0.692460341049841,80,61,44.821636349230815,14.879944306068367,61,block_16,online
2013-wimbledon-1157,2013-540,104386,104678,Grass,R128,False,True,0.6680720237456552,101,68,63.82206180255763,22.220547890664037,68,block_16,online
2013-wimbledon-1157,2013-540,104678,104386,Grass,R128,False,True,0.6539846320172389,95,71,55.6222013940542,18.765292650450796,71,block_16,online
2013-wimbledon-1160,2013-540,104898,104022,Grass,R128,False,True,0.6088701734890608,123,76,81.827055889096,29.050648873908436,76,block_16,online
2013-wimbledon-1160,2013-540,104022,104898,Grass,R128,False,True,0.643384471825397,92,70,53.55503057917275,18.008983174360566,70,block_16,online
2013-wimbledon-1163,2013-540,104868,104229,Grass,R128,False,True,0.6529838581857933,168,112,107.00422436950609,37.36478616698461,112,block_16,online
2013-wimbledon-1163,2013-540,104229,104868,Grass,R128,False,True,0.6093929890269937,169,116,107.27668790393108,37.38063529345533,116,block_16,online
2013-wimbledon-1164,2013-540,103794,104918,Grass,R128,False,True,0.5202518275673519,79,43,54.53980126322109,19.640637992094142,43,block_16,online
2013-wimbledon-1164,2013-540,104918,103794,Grass,R128,False,True,0.7586155957934576,86,59,54.676188992245145,18.976155203943392,59,block_16,online
2013-wimbledon-1201,2013-540,104925,104035,Grass,R64,False,True,0.806090775570342,73,61,32.83347573728288,10.091036087968746,61,block_16,online
2013-wimbledon-1201,2013-540,104035,104925,Grass,R64,False,True,0.5940147732073074,121,68,83.1941149506238,29.909270489218187,68,block_16,online
2013-wimbledon-1204,2013-540,104499,103163,Grass,R64,False,True,0.6026197307571077,89,52,60.48226251517103,21.64794605216224,52,block_16,online
2013-wimbledon-1204,2013-540,103163,104499,Grass,R64,False,True,0.6900922146902951,74,61,37.855979198819966,12.049567401219567,61,block_16,online
2013-wimbledon-1205,2013-540,104755,104424,Grass,R64,False,True,0.7315613640909958,107,70,70.54011078540346,24.845886176343186,70,block_16,online
2013-wimbledon-1205,2013-540,104424,104755,Grass,R64,False,True,0.6377444639928739,124,65,89.14706368549733,32.52625184876759,65,block_16,online
2013-wimbledon-1206,2013-540,103484,106071,Grass,R64,False,True,0.6318550479465749,94,53,65.30246868342667,23.552000269526495,53,block_16,online
2013-wimbledon-1206,2013-540,106071,103484,Grass,R64,False,True,0.6846862612560078,99,67,62.313223887318415,21.66277335061524,67,block_16,online
2013-wimbledon-1208,2013-540,104978,104607,Grass,R64,False,True,0.7044907371810211,101,64,67.52296469721801,23.95221271698901,64,block_16,online
2013-wimbledon-1208,2013-540,104607,104978,Grass,R64,False,True,0.8053651716687904,81,66,38.83577762069487,12.229455178424786,66,block_16,online
2013-wimbledon-1209,2013-540,103970,105138,Grass,R64,False,False,0.7449860926242782,131,86,86.80719048820625,30.56795251329439,86,block_16,online
2013-wimbledon-1209,2013-540,105138,103970,Grass,R64,False,False,0.5376717705593217,142,87,96.41551900523581,34.49602438828624,87,block_16,online
2013-wimbledon-1210,2013-540,105053,105238,Grass,R64,False,True,0.6737488542614052,102,59,71.46274934658749,25.79926209624692,59,block_16,online
2013-wimbledon-1210,2013-540,105238,105053,Grass,R64,False,True,0.6936235361520561,76,60,40.876605793119765,13.32981001446355,60,block_16,online
2013-wimbledon-1211,2013-540,105683,104997,Grass,R64,False,True,0.8020237446549257,109,74,73.01194902091358,25.413873273014726,74,block_16,online
2013-wimbledon-1211,2013-540,104997,105683,Grass,R64,False,True,0.7149430268677212,94,75,49.01268970873785,15.806037946519059,75,block_16,online
2013-wimbledon-1213,2013-540,105453,104919,Grass,R64,False,True,0.7151817927473058,106,70,68.67784608603574,24.091958663165716,70,block_16,online
2013-wimbledon-1213,2013-540,104919,105453,Grass,R64,False,True,0.614428793219637,106,59,73.52905316425468,26.514813045440814,59,block_16,online
2013-wimbledon-1215,2013-540,105777,104813,Grass,R64,False,True,0.6858946879509875,190,136,113.80969623715902,38.82243423961408,136,block_16,online
2013-wimbledon-1215,2013-540,104813,105777,Grass,R64,False,True,0.6148562048122546,188,131,118.09995325402681,40.98072702726158,131,block_16,online
2013-wimbledon-1216,2013-540,105028,105223,Grass,R64,False,True,0.5911158829082993,100,57,68.42327278260788,24.5545880510997,57,block_16,online
2013-wimbledon-1216,2013-540,105223,105028,Grass,R64,False,True,0.7509814917802458,86,62,51.12067820379623,17.379990304947093,62,block_16,online
2013-wimbledon-1219,2013-540,104545,105173,Grass,R64,True,True,0.7650931243196072,5,5,1.3387886071374668,0.2759062012096176,5,block_16,online
2013-wimbledon-1219,2013-540,105173,104545,Grass,R64,True,True,0.6658756135982518,5,4,2.7228515099729647,0.8899467551382274,4,block_16,online
2013-wimbledon-1220,2013-540,104460,103720,Grass,R64,False,True,0.7026112970651088,146,96,94.51910178105928,33.17337563897224,96,block_16,online
2013-wimbledon-1220,2013-540,103720,104460,Grass,R64,False,True,0.6871618797092375,130,81,87.33141700208913,31.06466384742276,81,block_16,online
2013-wimbledon-1221,2013-540,104597,105558,Grass,R64,False,True,0.7863933458336645,125,91,74.35018030546343,25.178222854706245,91,block_16,online
2013-wimbledon-1221,2013-540,105558,104597,Grass,R64,False,True,0.6159247167187255,123,81,79.44557462565203,27.881876461366666,81,block_16,online
2013-wimbledon-1222,2013-540,103285,105668,Grass,R64,True,True,0.6997385465008191,65,36,47.74369516751123,17.44503682678116,36,block_16,online
2013-wimbledon-1222,2013-540,105668,103285,Grass,R64,True,True,0.6904179370763167,42,33,22.77790791915557,7.4528471221052035,33,block_16,online
2013-wimbledon-1224,2013-540,104660,103819,Grass,R64,False,True,0.5003734770102675,165,119,114.31480316883918,41.22275919328821,119,block_16,online
2013-wimbledon-1224,2013-540,103819,104660,Grass,R64,False,True,0.7799535246411484,158,115,93.67831830200663,31.726434427359642,115,block_16,online
2013-wimbledon-1225,2013-540,104542,105208,Grass,R64,True,True,0.7247130691583766,84,53,57.05309341644161,20.29797340836421,53,block_16,online
2013-wimbledon-1225,2013-540,105208,104542,Grass,R64,True,True,0.6645886759961003,85,57,53.87659152531944,18.779530138735783,57,block_16,online
2013-wimbledon-1226,2013-540,104269,103898,Grass,R64,False,True,0.6820173519562944,97,75,53.909199602340514,17.816721038395006,75,block_16,online
2013-wimbledon-1226,2013-540,103898,104269,Grass,R64,False,True,0.6746563007215024,126,79,83.86563685322243,29.754606123008628,79,block_16,online
2013-wimbledon-1227,2013-540,104338,104330,Grass,R64,False,False,0.7793074307841993,102,78,55.712904962780414,18.374688108562804,78,block_16,online
2013-wimbledon-1227,2013-540,104330,104338,Grass,R64,False,False,0.657642685285373,133,79,90.9910052065689,32.61414462565543,79,block_16,online
2013-wimbledon-1230,2013-540,105577,104022,Grass,R64,False,False,0.6006284889765727,158,108,100.94925805836371,35.26347030076468,108,block_16,online
2013-wimbledon-1230,2013-540,104022,105577,Grass,R64,False,False,0.704975587467586,163,115,98.79655625713885,33.865079247273904,115,block_16,online
2013-wimbledon-1231,2013-540,103990,103917,Grass,R64,False,True,0.6948393875838534,100,80,52.86430542794399,17.1058754403739,80,block_16,online
2013-wimbledon-1231,2013-540,103917,103990,Grass,R64,False,True,0.6067783475961159,94,66,59.10774429719585,20.51417464979115,66,block_16,online
2013-wimbledon-1232,2013-540,104229,104918,Grass,R64,False,True,0.5628455626474124,108,62,73.6980621631333,26.421023990044144,62,block_16,online
2013-wimbledon-1232,2013-540,104918,104229,Grass,R64,False,True,0.7354539998241059,82,64,43.60042847565923,14.215080062811076,64,block_16,online
2013-wimbledon-1301,2013-540,104925,104871,Grass,R32,False,True,0.7682451567216375,58,52,22.4820629353532,6.334139708872394,52,block_16,online
2013-wimbledon-1301,2013-540,104871,104925,Grass,R32,False,True,0.6114331079130917,89,47,62.823814471099546,22.79797750142074,47,block_16,online
2013-wimbledon-1302,2013-540,103852,103163,Grass,R32,False,True,0.6699044682414687,125,78,83.34191187845306,29.5914025255665,78,block_16,online
2013-wimbledon-1302,2013-540,103163,103852,Grass,R32,False,True,0.7091849733368609,111,81,64.8867861825537,21.93874355058379,81,block_16,online
2013-wimbledon-1303,2013-540,104755,106071,Grass,R32,False,True,0.7240473002647755,141,110,75.43214123343876,24.628067457669495,110,block_16,online
2013-wimbledon-1303,2013-540,106071,104755,Grass,R32,False,True,0.6222695384161653,166,116,103.70702499332197,35.911883908600444,116,block_16,online
2013-wimbledon-1304,2013-540,104731,104607,Grass,R32,False,True,0.6737978144297454,121,78,78.96659416490819,27.821963811326214,78,block_16,online
2013-wimbledon-1304,2013-540,104607,104731,Grass,R32,False,True,0.7360029773768281,124,81,82.09636082311562,28.93836512069076,81,block_16,online
2013-wimbledon-1305,2013-540,103970,105238,Grass,R32,False,True,0.6977666943084854,144,98,90.30888425664875,31.34821171034841,98,block_16,online
2013-wimbledon-1305,2013-540,105238,103970,Grass,R32,False,True,0.6256215914460793,187,109,127.75612394022433,45.806737317573884,109,block_16,online
2013-wimbledon-1306,2013-540,104997,104471,Grass,R32,True,True,0.7403060345573161,42,16,39.86560221702027,15.328433935848967,16,block_16,online
2013-wimbledon-1306,2013-540,104471,104997,Grass,R32,True,True,0.6676830187775542,36,29,19.42597250470359,6.323206999202537,29,block_16,online
2013-wimbledon-1308,2013-540,104813,105223,Grass,R32,False,True,0.6168429492501778,101,64,66.41549474185567,23.47412012398264,64,block_16,online
2013-wimbledon-1308,2013-540,105223,104813,Grass,R32,False,True,0.7440128565539407,89,67,49.78951383382747,16.56868385563432,67,block_16,online
2013-wimbledon-1309,2013-540,103997,105332,Grass,R32,False,True,0.6196732502491991,88,58,56.75838726344675,19.90945743364068,58,block_16,online
2013-wimbledon-1309,2013-540,105332,103997,Grass,R32,False,True,0.6404285703041122,77,40,55.66987732718392,20.34716840762725,40,block_16,online
2013-wimbledon-1311,2013-540,104597,105668,Grass,R32,False,True,0.7351099570305933,107,66,74.77658183381183,26.786857106992407,66,block_16,online
2013-wimbledon-1311,2013-540,105668,104597,Grass,R32,False,True,0.7018993505353422,87,68,47.065795609589955,15.403343077721821,68,block_16,online
2013-wimbledon-1312,2013-540,103781,104660,Grass,R32,False,True,0.6495438532580774,110,70,72.14473273120825,25.473654447457754,70,block_16,online
2013-wimbledon-1312,2013-540,104660,103781,Grass,R32,False,True,0.6123917987487503,107,66,71.22344832534472,25.29182008886106,66,block_16,online
2013-wimbledon-1313,2013-540,105208,104269,Grass,R32,False,True,0.6887599988954373,82,49,56.787559227813055,20.401527666679453,49,block_16,online
2013-wimbledon-1313,2013-540,104269,105208,Grass,R32,False,True,0.6561729988653419,75,58,42.586669887684266,14.176157464615539,58,block_16,online
2013-wimbledon-1314,2013-540,104338,104932,Grass,R32,False,True,0.7006071693428296,109,69,72.79069764292527,25.818904855757896,69,block_16,online
2013-wimbledon-1314,2013-540,104932,104338,Grass,R32,False,True,0.670824125915689,108,74,67.32391837920679,23.31857021881723,74,block_16,online
2013-wimbledon-1315,2013-540,104678,104022,Grass,R32,False,True,0.6565869435421258,96,58,65.01581900962638,23.222130334392514,58,block_16,online
2013-wimbledon-1315,2013-540,104022,104678,Grass,R32,False,True,0.6373626773638634,90,65,54.63586954256242,18.703658367376658,65,block_16,online
2013-wimbledon-1316,2013-540,103990,104918,Grass,R32,False,True,0.6030175267081643,100,59,67.72112102586286,24.206945600159777,59,block_16,online
2013-wimbledon-1316,2013-540,104918,103990,Grass,R32,False,True,0.7135587292880395,80,60,45.25386708698967,15.106237296888189,60,block_16,online
2013-wimbledon-1401,2013-540,104925,103163,Grass,R16,False,True,0.7347733697301525,89,61,55.9605603145335,19.408028425871095,61,block_16,online
2013-wimbledon-1401,2013-540,103163,104925,Grass,R16,False,True,0.598002336306395,107,57,74.8726053401913,27.09166064345699,57,block_16,online
2013-wimbledon-1402,2013-540,106071,104607,Grass,R16,False,True,0.6346125100969303,170,104,113.74162498824583,40.465214354998,104,block_16,online
2013-wimbledon-1402,2013-540,104607,106071,Grass,R16,False,True,0.7380148428423451,139,98,84.68971613320828,29.057652050430335,98,block_16,online
2013-wimbledon-1403,2013-540,103970,104471,Grass,R16,False,True,0.6898069481505459,125,91,73.5913135628349,24.93433865119689,91,block_16,online
2013-wimbledon-1403,2013-540,104471,103970,Grass,R16,False,True,0.5881741544851126,148,89,99.57729397115486,35.50542823028297,89,block_16,online
2013-wimbledon-1404,2013-540,104312,105223,Grass,R16,False,True,0.6390789271063261,107,65,71.90430664246692,25.620880108814504,65,block_16,online
2013-wimbledon-1404,2013-540,105223,104312,Grass,R16,False,True,0.700965448591387,102,73,60.9453462948557,20.777005637787788,73,block_16,online
2013-wimbledon-1406,2013-540,105668,103781,Grass,R16,False,True,0.6980054501206898,148,104,90.07418785286342,30.922184417828163,104,block_16,online
2013-wimbledon-1406,2013-540,103781,105668,Grass,R16,False,True,0.6379988496355569,150,104,93.48051797719383,32.352619096248254,104,block_16,online
2013-wimbledon-1407,2013-540,104269,104932,Grass,R16,False,True,0.6992659552653001,77,60,41.88944037970016,13.738996835032124,60,block_16,online
2013-wimbledon-1407,2013-540,104932,104269,Grass,R16,False,True,0.6836379376092806,96,58,65.79193854473804,23.56463889223583,58,block_16,online
2013-wimbledon-1408,2013-540,104022,104918,Grass,R16,False,True,0.573005760967882,93,52,63.84706949066012,22.942611854861752,52,block_16,online
2013-wimbledon-1408,2013-540,104918,104022,Grass,R16,False,True,0.7005924277306153,108,71,69.88398942029883,24.52548823994819,71,block_16,online
2013-wimbledon-1501,2013-540,104925,104607,Grass,QF,False,True,0.7245117799200821,89,63,53.82167790288136,18.429157142693583,63,block_16,online
2013-wimbledon-1501,2013-540,104607,104925,Grass,QF,False,True,0.6325639618136688,99,60,66.52547111368045,23.705903995114802,60,block_16,online
2013-wimbledon-1502,2013-540,103970,105223,Grass,QF,False,True,0.678883192000982,103,62,70.58694783393145,25.289370195166775,62,block_16,online
2013-wimbledon-1502,2013-540,105223,103970,Grass,QF,False,True,0.638637200115949,87,66,50.97096698319677,17.1834897680534,66,block_16,online
2013-wimbledon-1503,2013-540,103997,105668,Grass,QF,False,True,0.6358112774288641,100,64,65.34561434549175,23.041754539677797,64,block_16,online
2013-wimbledon-1503,2013-540,105668,103997,Grass,QF,False,True,0.7033758131679047,103,75,60.41789644277284,20.451594083424247,75,block_16,online
2013-wimbledon-1504,2013-540,104269,104918,Grass,QF,False,True,0.588399568121841,148,92,98.50343487265117,34.97415912694467,92,block_16,online
2013-wimbledon-1504,2013-540,104918,104269,Grass,QF,False,True,0.7017610753386548,135,95,82.03983085806544,28.148657611818383,95,block_16,online
2013-wimbledon-1601,2013-540,104925,105223,Grass,SF,False,True,0.7270214446443448,177,123,109.32386453508468,37.70787664966795,123,block_16,online
2013-wimbledon-1601,2013-540,105223,104925,Grass,SF,False,True,0.6325221574304496,191,124,123.87014445775077,43.55060236857835,124,block_16,online
2013-wimbledon-1602,2013-540,105668,104918,Grass,SF,False,True,0.6300444285819078,130,81,86.14340571478846,30.53708022805429,81,block_16,online
2013-wimbledon-1602,2013-540,104918,105668,Grass,SF,False,True,0.7288404644905421,113,84,64.41562489246739,21.5813537282921,84,block_16,online
2013-wimbledon-1701,2013-540,104925,104918,Grass,F,False,True,0.6719006902173674,105,55,77.5924073835569,28.493230515119933,55,block_16,online
2013-wimbledon-1701,2013-540,104918,104925,Grass,F,False,True,0.632937398569655,105,64,70.36369816530166,25.048036786437002,64,block_16,online
2013-usopen-1101,2013-560,104925,105575,Hard,R128,False,True,0.689913865691261,73,50,45.49024492795102,15.755236802207232,50,block_16,online
2013-usopen-1101,2013-560,105575,104925,Hard,R128,False,True,0.5549690665578718,68,27,49.092829294489164,17.97503561473078,27,block_16,online
2013-usopen-1105,2013-560,105332,104166,Hard,R128,False,True,0.5755449192704678,178,112,118.43169645957593,42.04078591286799,112,block_16,online
2013-usopen-1105,2013-560,104166,105332,Hard,R128,False,True,0.5612349956821472,194,115,131.50530425993077,47.02298674650406,115,block_16,online
2013-usopen-1106,2013-560,105065,105902,Hard,R128,False,True,0.6436164311479213,109,68,72.26601391052147,25.620555402233677,68,block_16,online
2013-usopen-1106,2013-560,105902,105065,Hard,R128,False,True,0.627930665472839,139,73,99.22131713516701,36.129394810087085,73,block_16,online
2013-usopen-1108,2013-560,104330,104926,Hard,R128,False,False,0.56432172027288,71,50,46.05441337436193,16.178417254705728,50,block_16,online
2013-usopen-1108,2013-560,104926,104330,Hard,R128,False,False,0.7424107321947157,74,34,64.38254772679132,24.30292366132348,34,block_16,online
2013-usopen-1109,2013-560,103163,103908,Hard,R128,False,True,0.6739909742557291,71,53,41.085487461986105,13.809688898743984,53,block_16,online
2013-usopen-1109,2013-560,103908,103163,Hard,R128,False,True,0.6141294238682653,81,45,56.22084871101045,20.277902741978288,45,block_16,online
2013-usopen-1115,2013-560,103720,104548,Hard,R128,False,True,0.6194479713888258,117,67,80.3946986184543,28.888719177051932,67,block_16,online
2013-usopen-1115,2013-560,104548,103720,Hard,R128,False,True,0.6147717635588431,122,60,88.33324827520872,32.33659556778734,60,block_16,online
2013-usopen-1116,2013-560,104198,105223,Hard,R128,False,True,0.5402731294203116,172,102,117.19799893311415,41.990230950518516,102,block_16,online
2013-usopen-1116,2013-560,105223,104198,Hard,R128,False,True,0.7177055564252287,124,93,70.05666050563492,23.379323454639707,93,block_16,online
2013-usopen-1117,2013-560,104918,103566,Hard,R128,False,True,0.6983537317039665,69,51,39.88351022041577,13.419076852550454,51,block_16,online
2013-usopen-1117,2013-560,103566,104918,Hard,R128,False,True,0.5071906103475604,83,43,57.496653247003565,20.732719673762467,43,block_16,online
2013-usopen-1119,2013-560,105385,105373,Hard,R128,False,True,0.5603176754608177,74,49,48.92588760862681,17.321604214942116,49,block_16,online
2013-usopen-1119,2013-560,105373,105385,Hard,R128,False,True,0.6168982852006148,57,20,45.16084824282436,17.016187766132578,20,block_16,online
2013-usopen-1122,2013-560,105041,104500,Hard,R128,False,True,0.6201510937940002,137,77,94.8688973190589,34.185202497067564,77,block_16,online
2013-usopen-1122,2013-560,104500,105041,Hard,R128,False,True,0.6122348780963893,147,91,97.70008149504324,34.673489442239145,91,block_16,online
2013-usopen-1123,2013-560,104735,105449,Hard,R128,False,True,0.6526300676724393,135,94,83.46597744845153,28.805557983649322,94,block_16,online
2013-usopen-1123,2013-560,105449,104735,Hard,R128,False,True,0.5934895413300485,159,96,106.79580013212501,38.054551935866755,96,block_16,online
2013-usopen-1125,2013-560,104527,103285,Hard,R128,False,True,0.6574748749804821,94,59,62.24093430717118,22.051646607979567,59,block_16,online
2013-usopen-1125,2013-560,103285,104527,Hard,R128,False,True,0.5785948687063179,97,53,67.02216245205871,24.141830060178584,53,block_16,online
2013-usopen-1126,2013-560,103484,103333,Hard,R128,False,True,0.6020573541631611,166,118,104.10297745173077,36.084991996017024,118,block_16,online
2013-usopen-1126,2013-560,103333,103484,Hard,R128,False,True,0.7178545401060998,171,119,105.2444015217389,36.269508523159,119,block_16,online
2013-usopen-1127,2013-560,104571,104424,Hard,R128,False,True,0.6177645452037045,72,54,43.31991875860543,14.759007516373185,54,block_16,online
2013-usopen-1127,2013-560,104424,104571,Hard,R128,False,True,0.6040158245923954,80,45,55.110305714671995,19.825385095326922,45,block_16,online
2013-usopen-1128,2013-560,104978,104731,Hard,R128,False,True,0.6851261294278433,119,78,76.87478989542463,26.978663583005016,78,block_16,online
2013-usopen-1128,2013-560,104731,104978,Hard,R128,False,True,0.757359098434804,120,85,73.18905474179246,25.080089743920816,85,block_16,online
2013-usopen-1132,2013-560,103893,104607,Hard,R128,False,True,0.5019699729530838,85,38,58.9536297842387,21.268059624019806,38,block_16,online
2013-usopen-1132,2013-560,104607,103893,Hard,R128,False,True,0.6784166192309561,70,46,45.07567214081771,15.803108678165245,46,block_16,online
2013-usopen-1133,2013-560,104755,103188,Hard,R128,False,True,0.6740988732037881,90,61,56.57076327748055,19.656773646053363,61,block_16,online
2013-usopen-1133,2013-560,103188,104755,Hard,R128,False,True,0.5424784025123467,99,54,68.21368174053458,24.54633143070897,54,block_16,online
2013-usopen-1138,2013-560,104932,105614,Hard,R128,False,True,0.642268699284653,158,105,100.97117140063128,35.300008118989275,105,block_16,online
2013-usopen-1138,2013-560,105614,104932,Hard,R128,False,True,0.6360248553109569,126,98,72.64547983129616,24.309608047291228,98,block_16,online
2013-usopen-1140,2013-560,105341,105683,Hard,R128,False,False,0.6127593051424127,109,63,74.49693958391563,26.718989850264755,63,block_16,online
2013-usopen-1140,2013-560,105683,105341,Hard,R128,False,False,0.7304522569373731,94,70,53.45063246570446,17.891370997268567,70,block_16,online
2013-usopen-1141,2013-560,105668,104216,Hard,R128,False,False,0.7219656099227837,110,57,86.40988784016707,32.03169807903213,57,block_16,online
2013-usopen-1141,2013-560,104216,105668,Hard,R128,False,False,0.5898714512048706,93,58,61.8102996350957,21.934106252263234,58,block_16,online
2013-usopen-1142,2013-560,106058,104332,Hard,R128,True,True,0.6564433074982331,100,65,64.75384120618037,22.754151621151678,65,block_16,online
2013-usopen-1142,2013-560,104332,106058,Hard,R128,True,True,0.6108352619498465,91,56,60.63530537208847,21.54034493057891,56,block_16,online
2013-usopen-1144,2013-560,104655,104386,Hard,R128,True,False,0.5647772307242303,97,63,64.27791320565996,22.778481002166437,63,block_16,online
2013-usopen-1144,2013-560,104386,104655,Hard,R128,True,False,0.7011655744354933,89,70,47.80023233776292,15.592171065868458,70,block_16,online
2013-usopen-1148,2013-560,106401,103970,Hard,R128,False,False,0.5110784465203853,95,53,65.62854123561237,23.63979662611974,53,block_16,online
2013-usopen-1148,2013-560,103970,106401,Hard,R128,False,False,0.7944888588420889,83,61,48.84304596942193,16.46300060767414,61,block_16,online
2013-usopen-1149,2013-560,103819,104813,Hard,R128,False,True,0.7502994516631445,80,62,42.78641070465228,13.998809367051308,62,block_16,online
2013-usopen-1149,2013-560,104813,103819,Hard,R128,False,True,0.5588569453553417,88,47,60.90133110014266,21.951702649325377,47,block_16,online
2013-usopen-1150,2013-560,105053,104122,Hard,R128,False,True,0.6223848056135404,165,93,114.21962650888572,41.151295788551224,93,block_16,online
2013-usopen-1150,2013-560,104122,105053,Hard,R128,False,True,0.5465969833163894,144,91,96.88957676489954,34.54197878898026,91,block_16,online
2013-usopen-1152,2013-560,105550,105023,Hard,R128,False,False,0.5930208165238257,144,85,97.45529225705131,34.827472382553864,85,block_16,online
2013-usopen-1152,2013-560,105023,105550,Hard,R128,False,False,0.6585445369680416,118,86,70.30940562036788,23.904686687610216,86,block_16,online
2013-usopen-1153,2013-560,103990,104594,Hard,R128,False,True,0.6444528364782245,127,79,84.3456111614291,29.92202305893383,79,block_16,online
2013-usopen-1153,2013-560,104594,103990,Hard,R128,False,True,0.5996116228368953,130,71,90.31848747386185,32.59458232850324,71,block_16,online
2013-usopen-1155,2013-560,105077,106071,Hard,R128,False,True,0.592462524656243,192,118,128.19324018552078,45.57311806056013,118,block_16,online
2013-usopen-1155,2013-560,106071,105077,Hard,R128,False,True,0.6600277245472983,146,99,91.83975710915044,31.917453726613243,99,block_16,online
2013-usopen-1156,2013-560,105554,105453,Hard,R128,False,False,0.5237622883536339,95,60,64.76737617793981,23.209584194200268,60,block_16,online
2013-usopen-1156,2013-560,105453,105554,Hard,R128,False,False,0.6533552461471316,87,45,63.650643495719535,23.33598560387232,45,block_16,online
2013-usopen-1157,2013-560,104545,103835,Hard,R128,False,True,0.7624418309080998,70,53,38.80996719050994,12.873394110036102,53,block_16,online
2013-usopen-1157,2013-560,103835,104545,Hard,R128,False,True,0.6406806779722333,62,28,47.266764558374994,17.571129363426486,28,block_16,online
2013-usopen-1158,2013-560,104494,104792,Hard,R128,False,True,0.6999257351403133,70,26,62.24021965668992,23.896584202523268,26,block_16,online
2013-usopen-1158,2013-560,104792,104494,Hard,R128,False,True,0.6627883148828697,49,37,28.262618871024607,9.47879386558607,37,block_16,online
2013-usopen-1160,2013-560,123768,104259,Hard,R128,False,False,0.5723542793345567,74,35,52.65884592903676,19.176817605951936,35,block_16,online
2013-usopen-1160,2013-560,104259,123768,Hard,R128,False,False,0.7008309109999601,62,47,34.80916096778836,11.574060246411857,47,block_16,online
2013-usopen-1161,2013-560,104269,104471,Hard,R128,False,True,0.6396803081688839,132,81,88.24867046467162,31.384988435633858,81,block_16,online
2013-usopen-1161,2013-560,104471,104269,Hard,R128,False,True,0.612975174790549,157,94,105.81028485695174,37.75162183016893,94,block_16,online
2013-usopen-1164,2013-560,105992,104745,Hard,R128,False,True,0.5105124605652849,92,51,63.57959908380923,22.905042482443726,51,block_16,online
2013-usopen-1164,2013-560,104745,105992,Hard,R128,False,True,0.7171824078134971,71,53,40.351685041463,13.497557803248043,53,block_16,online
2013-usopen-1201,2013-560,104925,103794,Hard,R64,False,True,0.7416129878172815,80,59,46.05596953364754,15.488853333502808,59,block_16,online
2013-usopen-1201,2013-560,103794,104925,Hard,R64,False,True,0.4791998464926801,95,52,66.30587514453268,23.978302788229044,43,block_16,online
2013-usopen-1203,2013-560,104166,105065,Hard,R64,False,True,0.5484694322481962,187,117,125.93083087609087,44.91125314061526,117,block_16,online
2013-usopen-1203,2013-560,105065,104166,Hard,R64,False,True,0.5879624787892939,155,99,102.23001064679086,36.16691005164769,99,block_16,online
2013-usopen-1204,2013-560,104719,104330,Hard,R64,False,False,0.6349960181261025,130,91,80.63245975308442,27.84931729573006,91,block_16,online
2013-usopen-1204,2013-560,104330,104719,Hard,R64,False,False,0.6501289757100457,142,88,94.60173452119358,33.596111553238586,88,block_16,online
2013-usopen-1205,2013-560,103163,104229,Hard,R64,False,True,0.6698260217566461,115,71,77.21031061544234,27.48139834412477,71,block_16,online
2013-usopen-1205,2013-560,104229,103163,Hard,R64,False,True,0.5880346769391446,104,57,71.94561015449574,25.925664082361628,57,block_16,online
2013-usopen-1208,2013-560,103720,105223,Hard,R64,False,True,0.5710528271615498,149,94,99.21889726143095,35.231166873599264,94,block_16,online
2013-usopen-1208,2013-560,105223,103720,Hard,R64,False,True,0.6632625852195494,162,96,111.25391510315751,39.92017926408996,96,block_16,online
2013-usopen-1209,2013-560,104918,104919,Hard,R64,False,True,0.7334977776852701,107,76,64.54828763905385,22.07636970784655,76,block_16,online
2013-usopen-1209,2013-560,104919,104918,Hard,R64,False,True,0.5041822913678158,97,56,67.1131983285317,24.18896231090804,56,block_16,online
2013-usopen-1210,2013-560,105385,104252,Hard,R64,False,True,0.5692057227892509,119,62,82.93893146042737,29.97391380200088,62,block_16,online
2013-usopen-1210,2013-560,104252,105385,Hard,R64,False,True,0.5987055313432099,116,69,78.30980266195239,27.958641012907847,69,block_16,online
2013-usopen-1211,2013-560,104312,104500,Hard,R64,False,True,0.5990746463372651,124,75,83.21270123194168,29.641216603041023,75,block_16,online
2013-usopen-1211,2013-560,104500,104312,Hard,R64,False,True,0.5437193485367892,113,65,77.26899982641922,27.722757177196968,65,block_16,online
2013-usopen-1213,2013-560,104527,103333,Hard,R64,False,True,0.7272724230141123,101,76,56.684562072939585,18.87603460681354,76,block_16,online
2013-usopen-1213,2013-560,103333,104527,Hard,R64,False,True,0.6596604819583112,108,73,68.09359502476534,23.68598039149348,73,block_16,online
2013-usopen-1214,2013-560,104571,104731,Hard,R64,False,True,0.6284342504142508,63,48,37.14758745249953,12.550877207136363,48,block_16,online
2013-usopen-1214,2013-560,104731,104571,Hard,R64,False,True,0.6642929042789818,72,38,52.654772119429815,19.286263787426506,38,block_16,online
2013-usopen-1215,2013-560,103898,104871,Hard,R64,False,True,0.6591997094432841,91,57,60.35313171550905,21.394760504105637,57,block_16,online
2013-usopen-1215,2013-560,104871,103898,Hard,R64,False,True,0.6740106377181238,83,42,62.525905876237715,23.08920463152453,42,block_16,online
2013-usopen-1216,2013-560,106045,104607,Hard,R64,False,False,0.5336009498638948,139,75,95.9217008750135,34.53732386411124,75,block_16,online
2013-usopen-1216,2013-560,104607,106045,Hard,R64,False,False,0.7225950061257927,116,77,75.02658457247398,26.28902003046831,77,block_16,online
2013-usopen-1217,2013-560,104755,103565,Hard,R64,False,True,0.7021122357881814,115,72,77.5383197780844,27.586421085501946,72,block_16,online
2013-usopen-1217,2013-560,103565,104755,Hard,R64,False,True,0.49264732061350447,94,54,65.37188957256558,23.60801932946203,40,block_16,online
2013-usopen-1219,2013-560,103852,105614,Hard,R64,False,True,0.6646363008292417,150,97,97.5305868324792,34.32176949612385,97,block_16,online
2013-usopen-1219,2013-560,105614,103852,Hard,R64,False,True,0.6575050054745997,131,87,83.62527486018139,29.227110068783745,87,block_16,online
2013-usopen-1220,2013-560,104665,105683,Hard,R64,False,True,0.6190014912062055,95,49,67.89088388328145,24.73832424276494,49,block_16,online
2013-usopen-1220,2013-560,105683,104665,Hard,R64,False,True,0.7065948468732748,86,56,56.23470436645203,19.799137026189754,56,block_16,online
2013-usopen-1221,2013-560,104216,106058,Hard,R64,False,False,0.6216995320030443,105,68,68.28675007125484,24.032445997330427,68,block_16,online
2013-usopen-1221,2013-560,106058,104216,Hard,R64,False,False,0.4598048541604507,115,79,83.54898930487418,30.664190992242823,36,block_16,online
2013-usopen-1224,2013-560,105138,103970,Hard,R64,False,False,0.5455955449605413,120,62,83.31291617777724,30.067092266587686,62,block_16,online
2013-usopen-1224,2013-560,103970,105138,Hard,R64,False,False,0.6488788579257201,119,77,77.26141862521672,27.17686477873454,77,block_16,online
2013-usopen-1225,2013-560,103819,104122,Hard,R64,False,True,0.7112640624635925,69,49,41.53971898079651,14.202984970670645,49,block_16,online
2013-usopen-1225,2013-560,104122,103819,Hard,R64,False,True,0.5008605538244154,83,38,57.54338668387423,20.75608534266034,38,block_16,online
2013-usopen-1226,2013-560,105173,105023,Hard,R64,False,True,0.5756511743488194,148,109,93.62639973799705,32.55143662227525,109,block_16,online
2013-usopen-1226,2013-560,105023,105173,Hard,R64,False,True,0.6959350811065823,159,111,97.38205206336251,33.51018829559595,111,block_16,online
2013-usopen-1227,2013-560,103990,104433,Hard,R64,False,True,0.7217906910222925,72,51,43.49403658173438,14.888039234269739,51,block_16,online
2013-usopen-1227,2013-560,104433,103990,Hard,R64,False,True,0.5226926088246462,85,44,58.86889364241395,21.225693305623878,44,block_16,online
2013-usopen-1228,2013-560,106071,105554,Hard,R64,False,False,0.539159327849474,125,70,85.85075070466846,30.85429170196071,70,block_16,online
2013-usopen-1228,2013-560,105554,106071,Hard,R64,False,False,0.6901229045804532,117,70,81.02622797280742,29.106339299644226,70,block_16,online
2013-usopen-1229,2013-560,104545,104792,Hard,R64,False,True,0.6803671098483921,127,92,75.35166943468784,25.60067611665452,92,block_16,online
2013-usopen-1229,2013-560,104792,104545,Hard,R64,False,True,0.7114951510180284,123,85,76.16851616675027,26.311542367361717,85,block_16,online
2013-usopen-1230,2013-560,104273,104259,Hard,R64,False,True,0.6010599153959062,133,73,92.29807016620724,33.294564264330305,73,block_16,online
2013-usopen-1230,2013-560,104259,104273,Hard,R64,False,True,0.6673800006396496,99,70,60.22958046965168,20.661010370573145,70,block_16,online
2013-usopen-1232,2013-560,104297,104745,Hard,R64,False,True,0.4586133166241227,76,33,52.11080420318861,18.716310340866215,43,block_16,online
2013-usopen-1232,2013-560,104745,104297,Hard,R64,False,True,0.7983421257712984,54,41,30.049315041985018,9.952853774929453,41,block_16,online
2013-usopen-1301,2013-560,104925,105311,Hard,R32,False,False,0.6922422891044937,56,42,31.94660316629004,10.686813377401776,42,block_16,online
2013-usopen-1301,2013-560,105311,104925,Hard,R32,False,False,0.5736393062423053,92,40,66.55859744461544,24.382564437901678,40,block_16,online
2013-usopen-1302,2013-560,105065,104719,Hard,R32,False,True,0.6015995155545442,142,89,94.00230420979062,33.30820698168677,89,block_16,online
2013-usopen-1302,2013-560,104719,105065,Hard,R32,False,True,0.6015422770646505,151,94,100.2250662201493,35.54987168736054,94,block_16,online
2013-usopen-1303,2013-560,103163,104022,Hard,R32,False,True,0.6142014327096422,104,59,71.61830310734842,25.757544534290243,59,block_16,online
2013-usopen-1303,2013-560,104022,103163,Hard,R32,False,True,0.592242957380067,100,64,65.82066851387022,23.26807351198021,64,block_16,online
2013-usopen-1304,2013-560,105539,103720,Hard,R32,False,False,0.5592262257958139,114,72,76.25387349823154,27.12309624983549,72,block_16,online
2013-usopen-1304,2013-560,103720,105539,Hard,R32,False,False,0.7193490295909059,125,86,77.88423544503073,26.954845207036435,86,block_16,online
2013-usopen-1305,2013-560,104918,104252,Hard,R32,False,True,0.6624013177895598,81,62,46.16883953656843,15.403052564651562,62,block_16,online
2013-usopen-1305,2013-560,104252,104918,Hard,R32,False,True,0.5239214739682351,92,55,63.01312186513712,22.62205926491856,55,block_16,online
2013-usopen-1306,2013-560,104312,104797,Hard,R32,False,True,0.6330687811706042,128,78,85.78878704516782,30.54060859406854,78,block_16,online
2013-usopen-1306,2013-560,104797,104312,Hard,R32,False,True,0.6212996451325454,144,88,96.25943818361876,34.23717031869508,88,block_16,online
2013-usopen-1307,2013-560,104527,104571,Hard,R32,False,True,0.6587002872915562,131,92,80.33354786937053,27.63822210896887,92,block_16,online
2013-usopen-1307,2013-560,104571,104527,Hard,R32,False,True,0.6011509248395039,152,93,101.55971983159002,36.11605801403169,93,block_16,online
2013-usopen-1308,2013-560,103898,104607,Hard,R32,False,True,0.5949554880909826,77,37,55.363273866808086,20.2291404076049,37,block_16,online
2013-usopen-1308,2013-560,104607,103898,Hard,R32,False,True,0.6900487944895348,79,53,50.117477545947224,17.47204754744967,53,block_16,online
2013-usopen-1309,2013-560,104755,104098,Hard,R32,True,True,0.7592139845357401,92,63,58.6462641748839,20.368378385443165,63,block_16,online
2013-usopen-1309,2013-560,104098,104755,Hard,R32,True,True,0.5818058629921261,119,70,80.63195796681231,28.828448584331845,70,block_16,online
2013-usopen-1310,2013-560,103852,105683,Hard,R32,False,True,0.6740420032508994,134,85,88.4576930670809,31.293430814976155,85,block_16,online
2013-usopen-1310,2013-560,105683,103852,Hard,R32,False,True,0.7120343881559325,113,85,63.72606887524297,21.2443596140665,85,block_16,online
2013-usopen-1311,2013-560,106058,104386,Hard,R32,False,True,0.6608799556946315,99,62,65.69119156532585,23.290354761920565,62,block_16,online
2013-usopen-1311,2013-560,104386,106058,Hard,R32,False,True,0.6740647914170075,107,79,62.549480989593306,21.114640660114574,79,block_16,online
2013-usopen-1312,2013-560,105062,103970,Hard,R32,False,True,0.5264475279337183,146,77,100.98046460787708,36.390542649665754,77,block_16,online
2013-usopen-1312,2013-560,103970,105062,Hard,R32,False,True,0.6319640424382259,102,67,65.73293856784687,23.053430508633838,67,block_16,online
2013-usopen-1313,2013-560,103819,105173,Hard,R32,False,True,0.7430139182074929,69,51,39.60626593772809,13.305388445689239,51,block_16,online
2013-usopen-1313,2013-560,105173,103819,Hard,R32,False,True,0.5591832324081586,75,36,52.87192397688987,19.190248822095334,36,block_16,online
2013-usopen-1314,2013-560,103990,105554,Hard,R32,False,False,0.5751567377467839,125,83,81.86182195603018,28.87464065597422,83,block_16,online
2013-usopen-1314,2013-560,105554,103990,Hard,R32,False,False,0.613043809529425,155,88,106.67279556333919,38.35680994518544,88,block_16,online
2013-usopen-1315,2013-560,104545,104259,Hard,R32,False,True,0.710598837914691,116,86,66.5799053237057,22.351282058375425,86,block_16,online
2013-usopen-1315,2013-560,104259,104545,Hard,R32,False,True,0.7189255826825688,130,93,77.64778591392644,26.47086076765344,93,block_16,online
2013-usopen-1316,2013-560,104471,104745,Hard,R32,False,True,0.5297625392082538,75,46,51.10602176304705,18.310472488968898,46,block_16,online
2013-usopen-1316,2013-560,104745,104471,Hard,R32,False,True,0.691420502889796,78,61,42.4976212181155,13.935558969122404,61,block_16,online
2013-usopen-1401,2013-560,104925,104719,Hard,R16,False,True,0.7306611248828407,53,45,24.615527154902964,7.535379769542417,45,block_16,online
2013-usopen-1401,2013-560,104719,104925,Hard,R16,False,True,0.4964669710278671,69,28,47.737017776041796,17.204931901628807,41,block_16,online
2013-usopen-1402,2013-560,104022,103720,Hard,R16,False,True,0.5999977385845334,145,84,98.80305877454484,35.39998643224873,84,block_16,online
2013-usopen-1402,2013-560,103720,104022,Hard,R16,False,True,0.5791807305686181,146,85,99.22062153850513,35.51502232798666,85,block_16,online
2013-usopen-1403,2013-560,104918,104797,Hard,R16,False,True,0.6897963389361471,120,81,75.73059257521444,26.3512717975096,81,block_16,online
2013-usopen-1403,2013-560,104797,104918,Hard,R16,False,True,0.5309023519331961,123,75,83.82161541261007,30.033096006469087,75,block_16,online
2013-usopen-1404,2013-560,104527,104607,Hard,R16,False,True,0.6219458822179541,122,82,77.85069707589633,27.192510326015572,82,block_16,online
2013-usopen-1404,2013-560,104607,104527,Hard,R16,False,True,0.6479965477751697,115,70,77.35603702949084,27.568928793258088,70,block_16,online
2013-usopen-1405,2013-560,104755,105683,Hard,R16,False,True,0.6974342862457367,204,126,138.64934944215375,49.47513492681878,126,block_16,online
2013-usopen-1405,2013-560,105683,104755,Hard,R16,False,True,0.6598837572415475,198,129,128.0384946718668,44.96841209978262,129,block_16,online
2013-usopen-1406,2013-560,104386,103970,Hard,R16,False,True,0.5805113019901245,175,102,118.88875761587002,42.54953444821177,102,block_16,online
2013-usopen-1406,2013-560,103970,104386,Hard,R16,False,True,0.6602562062735545,142,91,92.83432500285858,32.73660308324309,91,block_16,online
2013-usopen-1407,2013-560,103819,103990,Hard,R16,False,True,0.7058665984852872,86,54,57.96886649282179,20.615705681307293,54,block_16,online
2013-usopen-1407,2013-560,103990,103819,Hard,R16,False,True,0.6094581875880698,125,78,82.8147761650191,29.354433038527972,78,block_16,online
2013-usopen-1408,2013-560,104259,104745,Hard,R16,False,True,0.5645187675402855,140,84,94.58265892949835,33.77624849996044,84,block_16,online
2013-usopen-1408,2013-560,104745,104259,Hard,R16,False,True,0.7000108429183315,108,80,62.24500687915558,20.919904595016124,80,block_16,online
2013-usopen-1501,2013-560,104925,104022,Hard,QF,False,True,0.6875322392475671,103,68,66.1898552073051,23.18377520282258,68,block_16,online
2013-usopen-1501,2013-560,104022,104925,Hard,QF,False,True,0.5282188434573236,99,52,68.4970019134415,24.687739792194208,52,block_16,online
2013-usopen-1502,2013-560,104918,104527,Hard,QF,False,True,0.6503305853886954,109,59,77.92454772259738,28.360346785962292,59,block_16,online
2013-usopen-1502,2013-560,104527,104918,Hard,QF,False,True,0.5764714794571464,76,57,47.720830529770794,16.538523205576162,57,block_16,online
2013-usopen-1503,2013-560,104755,103970,Hard,QF,False,True,0.5886861059805002,143,88,95.4897947650339,33.94808573398328,88,block_16,online
2013-usopen-1503,2013-560,103970,104755,Hard,QF,False,True,0.6327963622885961,136,82,91.62303265138463,32.680044697762746,82,block_16,online
2013-usopen-1504,2013-560,103990,104745,Hard,QF,False,True,0.5686190220876195,66,29,47.48004883059977,17.359717809390197,29,block_16,online
2013-usopen-1504,2013-560,104745,103990,Hard,QF,False,True,0.6855088209774554,59,45,33.18691555722691,11.029624386665173,45,block_16,online
2013-usopen-1601,2013-560,104925,104527,Hard,SF,False,True,0.6794115332136695,139,90,90.52979595464527,31.868328395000617,90,block_16,online
2013-usopen-1601,2013-560,104527,104925,Hard,SF,False,True,0.5766303971352541,192,116,129.1869765656941,46.062249925490335,116,block_16,online
2013-usopen-1602,2013-560,104755,104745,Hard,SF,False,True,0.5725938433225771,91,56,60.975122350725854,21.705087104265083,56,block_16,online
2013-usopen-1602,2013-560,104745,104755,Hard,SF,False,True,0.6784986462947818,95,67,57.76057594737277,19.81542063376512,67,block_16,online
2013-usopen-1701,2013-560,104925,104745,Hard,F,False,True,0.62747498759685,102,56,71.52163269093485,25.88273711523884,56,block_16,online
2013-usopen-1701,2013-560,104745,104925,Hard,F,False,True,0.6172119708531432,121,75,80.36330626342138,28.513229024723493,75,block_16,online
