,mean,sd,eti89_lb,eti89_ub,ess_bulk,ess_tail,r_hat,mcse_mean,mcse_sd
intercept,0.5050413604543718,0.015447856479994434,0.47897718175827997,0.5281479033528814,158.93255171404675,110.56437336853791,0.9974778629687128,0.0012333709477235963,0.0010809910888211806
sigma_s0,0.15853351330425142,0.008555891150931784,0.14651902161040067,0.17318644596894606,87.891554963569,88.12306224660138,1.0426917410457568,0.000950027977893017,0.0006459668055439143
sigma_r0,0.12602872631366632,0.008625813640152111,0.11221393655846684,0.13897056486067114,113.7021538811886,66.54233359889912,0.98459754743215,0.0008433274599602019,0.0006026448109751986
sigma_s,0.04247157279363755,0.002653872755140809,0.0382343244405027,0.04707832716139207,105.85100400083665,71.1273545122294,1.0403818150669757,0.0002677065162132064,0.00021671310011966562
sigma_r,0.02962498119169345,0.002319995645055504,0.025882358712414445,0.0334916185626439,43.447567923906014,75.00201889687473,1.0255269810501255,0.00035882628191561826,0.00016056841544364692
sigma_surf,0.06880762848689664,0.004021376947324256,0.0628452742569784,0.07543601198990108,76.99749651679548,80.91174246516148,0.9988170617039523,0.0004661633037098973,0.00021471668240823392
sigma_t,0.06805985460278838,0.006131421492237941,0.059567987739382953,0.07621492446231491,127.1352623364171,91.35428060057677,0.990180096230427,0.0005695355442622975,0.0005621457966635026
last_s[0],-0.006576223193764251,0.08640219979778008,-0.15775636819192737,0.11662091423694748,146.71510956706274,113.93771199506624,1.0006236391383285,0.007128320478283754,0.004825568637618752
last_s[1],-0.1978228932552212,0.15321369599580142,-0.4253713401617019,0.04189460530485559,112.7157025848827,57.391358081908194,1.0143433080410302,0.014487139834955698,0.010609643205296088
last_s[2],-0.17084881527167844,0.10153870252303607,-0.3348961465872012,-0.014486052750450567,98.8547583766568,90.4971834435464,1.0843803882121636,0.01019251310133755,0.00722840522567704
last_s[3],-0.20955613213752,0.15255681983738636,-0.45645712367154045,0.03992274645498816,62.14076296990401,60.577819198508855,1.0213465211161847,0.019066079303895103,0.01200844493321408
last_s[4],-0.036006988817723934,0.2084922371826109,-0.34804797636232804,0.35205112967753494,97.31973786669131,95.87144686962255,0.9957741472239193,0.02187208120457582,0.01380750747195686
last_s[5],0.16576394454539503,0.12330310170049374,-0.02832424208484001,0.3717118167858834,78.57433031048147,87.34805200912272,1.0194409058182115,0.014219810564385517,0.006751409321199975
last_s[6],0.009258089511228574,0.09284196385236787,-0.12656930099855487,0.17057726675672724,102.18175817198238,89.8371018721128,0.9964800846924061,0.009194465363924802,0.005893104095201448
last_s[7],0.024359201324773053,0.07677244940834893,-0.10113043131253095,0.14861733312676534,197.4846344896009,106.72188595093976,0.9902435922932209,0.005509177709386971,0.005315495790749229
last_s[8],-0.16414712196033446,0.20252270004438003,-0.5072115813324828,0.16132757221316552,96.43987208543408,88.1492231924056,1.0304057716585633,0.023443924383874395,0.013304709987556368
last_s[9],-0.07737260220939106,0.08591399116921102,-0.1997361764606132,0.06014739149736879,84.0010979336877,77.90427999156651,1.0029437261954983,0.009739094345475097,0.005224139201942913
last_s[10],-0.14079671257374085,0.17279793182290898,-0.44668008534280523,0.1511571427079613,48.75644442670745,112.73974265598447,1.036712615140219,0.022220225527703252,0.009860381314971692
last_s[11],-0.0696741498030112,0.15295452086896139,-0.3157094350790775,0.15458646841326937,75.3149851453422,77.10668327106683,1.0119593473601949,0.016999034847222157,0.011084633819414238
last_s[12],-0.05600766597121272,0.22697733455571567,-0.38299920945787447,0.3182444760269136,155.0216770313752,101.5082398389019,1.0059304348929583,0.018709870398094183,0.017437043772515856
last_s[13],0.002874134571944905,0.1113991829362512,-0.18602292046461327,0.16746778888156363,101.45050583096717,76.29579292024462,1.0000147910991422,0.010918156045065765,0.0063014315048719564
last_s[14],0.1400399622750037,0.12279734188177499,-0.04957258077937385,0.3517923664391959,39.47152100268211,103.06866657492778,1.0490898206002712,0.019391878001453804,0.009511841139531515
last_s[15],-0.042607827174361734,0.20742990811701498,-0.3706754642020726,0.2702089345698582,156.10608364899574,125.76593655844809,1.0440873683970304,0.016908853852805227,0.015285484296969309
last_s[16],0.0441279559863916,0.22734003113822585,-0.33974737603435223,0.4019744146217806,155.40735189742622,48.812631147960516,1.010549976128724,0.01818534966600967,0.022702693805227568
last_s[17],0.22439837826417058,0.19169095957872623,-0.07111327168184947,0.5680440506671152,125.25279670735868,92.98745867925005,0.9978828527885379,0.017622772906996167,0.012523240522555787
last_s[18],-0.3024638771664087,0.20283749810187382,-0.5993835070868113,0.01378990842812626,98.44109011323192,88.91630979168183,0.9943450214403101,0.021292898504251326,0.022698890361977513
last_s[19],0.09289841385813814,0.0732873556024062,-0.0188562726971234,0.21029555482356024,61.564192399582566,46.55625188346792,1.0444928943134117,0.008280326488335894,0.004631172309576235
last_s[20],0.056114237845337166,0.08152686025217201,-0.08894894635219433,0.17809648394827343,52.57042640495014,63.8171312032631,1.0402068680454333,0.010193318681045106,0.006391211302889574
last_s[21],-0.14304818473887304,0.20456234059631975,-0.5026096125068088,0.13539079205579602,106.46195918006701,69.38866994153796,1.004872943123563,0.020312102251046606,0.01611208508630151
last_s[22],0.09627054346394302,0.1479776349080154,-0.14350189750104542,0.3605689530010594,88.18257959759849,58.676595343576224,0.9972519671975281,0.015588471681333106,0.009996691255894743
last_s[23],0.10090937467414988,0.14780391309170537,-0.11948038848779581,0.3279807274799098,98.79931152980575,86.4607407233608,1.017480778828431,0.015158361584589795,0.009378847949567767
last_s[24],-0.007683195678122716,0.1306133764858639,-0.22061781226026755,0.2087754691903008,123.82635440124248,107.58137379821618,0.9860268888712793,0.012042617269028843,0.008152414365252639
last_s[25],0.029591165969992735,0.0947747021136832,-0.10073461066484667,0.17526143369533373,100.89481453505391,113.19544163025876,0.9884521093263251,0.00971229679750447,0.008444135433618657
last_s[26],0.10887330795358517,0.08379292151269838,-0.005427843345376197,0.25332026051833173,132.39349246670395,58.30522051234654,1.0307679950493005,0.007464557641550139,0.008453914196548373
last_s[27],0.1599408149370092,0.18477791945255004,-0.0954808836987139,0.4794464604295863,69.30968474973257,89.09242298084929,1.0042438469254642,0.022460802622170106,0.01044346695661212
last_s[28],-0.01682065457333649,0.18244054922517008,-0.2923349876386014,0.293306521130141,18.764872273042325,37.46719797842358,1.0956698357270005,0.04606351369752604,0.015309581103725652
last_s[29],-0.23582701623993066,0.18492175796460095,-0.5421970596674932,0.052809336510014515,83.49218591326071,90.31897306233589,1.017959400448184,0.020847036660642606,0.014940179348753798
last_s[30],-0.15242661117354148,0.2046343524928729,-0.5040353457128889,0.16131866072367365,82.33973580547394,87.22295266716753,0.9978363324912641,0.022277390261585515,0.015123981589725284
last_s[31],0.1817399527664971,0.10767753856389742,0.02248396126157905,0.31840930956825764,102.88100009226521,88.21713525835865,1.0124345110305533,0.010189197297022858,0.007555567489518868
last_s[32],-0.19381900797438348,0.21230036643582492,-0.5846897036270364,0.08889677236184255,118.3628320706,87.77586701060474,0.9894582005173372,0.02004722936941897,0.015626819617809165
last_s[33],-0.04910864641140443,0.0828306704080789,-0.1767467906202247,0.07544669319181523,114.01304008706076,107.86783656212896,0.9930786752769561,0.007817684244099975,0.0061933352702470985
last_s[34],0.2553081897572793,0.09181743017174834,0.11191249628027325,0.391468607603057,200.0,63.815181741908724,1.0466805117681917,0.006525180628849328,0.007320470026845878
last_s[35],0.3231028489282917,0.1404699845162966,0.10929072471962785,0.5326367844239228,103.04699209785315,63.09335778943971,1.0020082356221662,0.014070231523324535,0.015346801372465926
last_s[36],0.005233124289300969,0.17847444045800154,-0.27147333697050313,0.32647121453107875,119.14371169815388,110.86108610861083,1.0304859141853246,0.016744881481123696,0.010058908987552819
last_s[37],-0.21725750060689786,0.1405182816866801,-0.4364153299241581,-0.006209400240783797,45.07207707468048,30.380337684495178,1.0154228035737278,0.021391665100299617,0.013656900668678536
last_s[38],-0.31965708388714587,0.19567815567898525,-0.679480045478312,-0.012868454952966976,92.18556969468618,79.41981508222162,1.0659504955547348,0.01935213566551522,0.018255091819277685
last_s[39],0.042065841274171636,0.19247247327843112,-0.2524530768805765,0.32970368039530057,72.98900829457727,96.0944736029639,1.026747171369805,0.02226477996451696,0.013932736021034332
last_s[40],-0.01746841333164385,0.14413568720071945,-0.2692672753379468,0.213825138443516,102.01536370364886,90.73987901349463,1.0127254883092096,0.014449260296695307,0.013627683121901109
last_s[41],-0.1721407300476627,0.20271334371647298,-0.5212439451187202,0.137549275775217,94.53517826706623,89.6649932419386,1.0035580770804469,0.02048973513257706,0.013649265944525486
last_s[42],0.006956627886378107,0.14472929490251016,-0.20422799992680343,0.20478438548587996,88.10483434165057,90.25447598520658,0.9885243521480676,0.015556137343162853,0.011318864380048274
last_s[43],0.029578328375362128,0.14898965363853325,-0.1791876280594338,0.2719518966256599,116.74963270013276,92.98745867925005,1.0074162177501107,0.014061520548768964,0.01666407089761209
last_s[44],-0.06885846583420019,0.1844098682151942,-0.37474106392035883,0.23116781315642837,112.66965698304274,86.76309598677008,0.9943197081312318,0.017304051326866167,0.01363397139253885
last_s[45],-0.19456795991192727,0.20584280182248052,-0.4478418539247061,0.16977161715101347,121.32037941366859,85.82559871662653,1.0264635055483606,0.019084819065964116,0.028246806699334204
last_s[46],-0.16700291790571356,0.13822336689140116,-0.35630823718138804,0.0636868803449324,153.3023744773896,114.69389025490987,1.0020674187795442,0.010965243570692172,0.010869527358476905
last_s[47],-0.20906096242302982,0.173788941988745,-0.46869305630828745,0.05540179128236476,88.86323786220797,48.429403109206056,0.9941172856425504,0.017368484241198877,0.008724518969844115
last_s[48],0.06891724924060122,0.0811441790227259,-0.06334577162864355,0.19961733803768872,149.40027608531796,69.34543097861315,1.0170124287480016,0.006508947223077075,0.005206289053808991
last_s[49],0.008080207804466973,0.14890164523131316,-0.23299478480958558,0.24244470879038185,128.10299771389396,68.4047855505332,1.0178937933383443,0.013147187861393237,0.014152359005113116
last_s[50],0.07533945015535955,0.07405191709412699,-0.05264402391787027,0.18161475924149342,121.02000339104174,89.42579228114215,1.0050085138171698,0.006603826173431153,0.0072452853897592585
last_s[51],0.09422734670209382,0.07870984817635715,-0.022292218558828073,0.2187393115832845,110.7838434493353,58.51088628840506,1.0026385389524903,0.007539798966667823,0.005624777698522943
last_s[52],0.0013591129219449882,0.135364327404699,-0.20762780148757098,0.18727669181985807,111.03758724226445,96.21661139977546,0.9873755357170697,0.013514609639670385,0.009357023680594614
last_s[53],-0.06558815113948765,0.18552772910395604,-0.3710343651828659,0.2345603118942235,118.89730931824711,112.46669895858565,0.986405194911267,0.017009357082839897,0.012809516005077345
last_s[54],0.07067039250510025,0.09909849083602176,-0.09468271984991174,0.20658464377972727,148.67782728654117,102.02274739494653,1.0273384059150255,0.008164253123757795,0.011308895083090147
last_s[55],-0.049021198124350365,0.1068866818662092,-0.24334178729523875,0.11852473650303726,118.3725822440328,104.09935095951225,1.0296675331299883,0.009637495350466959,0.008202163758313386
last_s[56],-0.16698463812259362,0.16084233621301935,-0.37929386008841603,0.11511418371745069,110.74214317905378,19.18575935150648,1.018490370016808,0.015605293263703487,0.010725628976917409
last_s[57],-0.27806025752465396,0.1579209558485702,-0.510794580335275,-0.0374553924958608,123.49029243984599,92.98745867925005,0.9917403068939454,0.014008763174059548,0.01131197785558657
last_s[58],0.09901027910164945,0.12684447297147566,-0.10583667986829173,0.29869217695329786,93.35310792352902,92.53693964437764,1.0205742122279966,0.013143895543592847,0.010843044991669454
last_s[59],0.02681687799340683,0.1144708114563106,-0.14730225075402922,0.1805194173666587,107.86953160767355,106.37076167781574,0.9958566405411393,0.011075389717215502,0.014012604960878059
last_s[60],0.02988980272493973,0.17387274851450654,-0.18544069577618444,0.2974229062893003,186.81905609412868,76.62953795379536,1.0080341515282696,0.013376842263905288,0.014389520917315258
last_s[61],-0.1022851864394336,0.23644693158522412,-0.49376573397227286,0.2160958510693893,87.31842172143007,70.78391532391439,1.0315466549281347,0.024718901142948387,0.022928281865438223
last_s[62],0.16174508358770864,0.07585835364253347,0.04465348165473375,0.2715635796167942,84.67537010703545,50.09197866624316,1.017795983392996,0.008671917030186915,0.006497698224824745
last_s[63],-0.016163026253045037,0.2291974215521955,-0.32270175147534896,0.3781564124896427,116.68007658219057,86.87088945943094,1.007383112320096,0.021787492153456663,0.019090911528592856
last_s[64],-0.14344408705070066,0.16617886889791753,-0.40049908408315,0.13595814936409836,98.76107298113303,73.52281002783292,1.0015955213339223,0.01708238386642919,0.014492796972695263
last_s[65],-0.023515126843195216,0.12793795078691858,-0.21765454729475656,0.1985985255020919,144.62275143404767,95.03533364969029,1.00282364845297,0.010517918941118738,0.009131123640387095
last_s[66],-0.2802882971176983,0.21106066551141017,-0.6297334362310675,0.07473266818739145,90.77305478080284,56.35354114487468,1.0069559088544615,0.02179334048554535,0.020871389239014618
last_s[67],0.07531168960242264,0.1625804973728959,-0.1754293179938505,0.319636756822086,123.76197931008446,80.55124223602488,1.0539171085872896,0.014028926092335199,0.013846521220060583
last_s[68],0.18635567426502217,0.20406646213841803,-0.14184017726248396,0.47572630521401643,93.2032937517384,94.54850860225999,1.0024491657951151,0.02154217095126175,0.014928286511209154
last_s[69],0.29183001930059604,0.1422672577677315,0.06952211827136731,0.5192221714182128,118.15926720441445,137.86524000149643,0.9944289758621392,0.013392248755787033,0.009806684680557513
last_s[70],-0.26562771377924793,0.21680178228765568,-0.5890662123913756,0.07885350206703519,78.73531749070351,89.09242298084929,1.0342454827312213,0.026338692438856434,0.011697762460058062
last_s[71],0.0749690536503714,0.18047559396009713,-0.18834163371034868,0.38873656636195314,102.83983483423854,75.45901689426573,1.005166634537957,0.018090400974411548,0.014694619111419267
last_s[72],-0.09706815882491875,0.17036948468980775,-0.3571756906272944,0.19132009979703157,113.89201566212945,109.41791441481357,0.987294185663195,0.015460242173431166,0.008470380062341893
last_s[73],-0.215001181977139,0.18713780879564487,-0.5218085277952493,0.09970685923941211,121.69098467111819,90.27326955818768,1.009097947266415,0.01681452188274663,0.01767922629081246
last_s[74],-0.08189386274561722,0.2540036056672329,-0.45883527241359606,0.3734943667285705,44.84426726339506,60.5154722469096,1.0587122159613043,0.0461049635625908,0.02981270680549282
last_s[75],-0.14418263666111616,0.15812942422800147,-0.3749471677306734,0.1051958660135612,161.9248157439462,89.97028943837459,1.104091503098321,0.012710546770618437,0.02175962256830701
last_s[76],0.3061982865142992,0.07945743983693791,0.19702703506697966,0.43693543327445067,180.4317845336261,86.53219044069692,1.0019130543686274,0.006294388833789517,0.006749037179119437
last_s[77],-0.13458988962644278,0.19585150093125592,-0.41343344068019233,0.20450399456950208,102.77256477293305,59.98785864911505,1.0070314618588097,0.0203648550346354,0.018419680725997985
last_s[78],-0.02627286748846247,0.11136303959180587,-0.19154200557955608,0.1570921395188636,135.15241766788216,93.65283991810118,0.9981181420180613,0.009174218664127643,0.006308724332218365
last_s[79],-0.16662398962108596,0.17690655555736556,-0.4400284828930231,0.11680705904528443,101.63092083272329,89.6649932419386,1.0090723705026912,0.017744972719087718,0.010089923598337056
last_s[80],0.0010385776870189133,0.07621975154574538,-0.12130004616316566,0.11475935207596681,188.4076857694814,85.12626492843478,1.0014626686216044,0.005489154096338664,0.004306923538931184
last_s[81],-0.12841267020948574,0.2190565509528115,-0.46462732052364725,0.2443048488777749,117.14538091200671,89.66270322737198,0.9885788597205238,0.0205196057285631,0.017930778058011587
last_s[82],-0.02733706902081664,0.20012791989169879,-0.3489319789283208,0.2612869752321631,143.51253135129159,69.97287726964515,0.9917160713182812,0.017187049949937184,0.013967143852765828
last_s[83],-0.009980178850994025,0.11513459050997812,-0.19393604876330742,0.19697293079344227,73.67940285084418,90.382526849282,1.0146711636220602,0.013431178601867575,0.006148179248967532
last_s[84],0.17339447589959125,0.07088495640972348,0.0709099289167242,0.29916369738172666,147.60642489032483,106.72188595093976,1.0057385487177009,0.005575732855627312,0.005499140339670231
last_s[85],-0.04676793955221638,0.10316414683913323,-0.2081782693580342,0.11155112662943013,164.56809998861158,64.64432605036181,1.0324062152392932,0.007724619559901608,0.011091178699574563
last_s[86],-0.0825331239358917,0.19235464441935932,-0.38223802633243775,0.22674837592302877,200.0,97.31064050928937,0.991996062776174,0.013670049328178712,0.01523885131162395
last_s[87],0.08841740475515426,0.10950806633049537,-0.10699908058834803,0.27335137390978637,65.33303653576593,76.32729799321537,1.0397785484352569,0.014236347528688324,0.008028928938241347
last_s[88],-0.1088409164599142,0.1922969208709473,-0.3745781976692022,0.2064199043808789,88.19532824001465,74.70683380509502,1.0315887854605605,0.021449351000537586,0.016117918467193938
last_s[89],0.16304716575133482,0.07723921907848959,0.03863802057986432,0.2942040295375916,125.81841891379605,131.24233397581915,1.0198767724942734,0.0069980465477122835,0.005300211162193653
last_s[90],-0.0322018973846486,0.09528204802498323,-0.19362357622560486,0.11194806248247324,105.58480796894185,87.73573854984186,1.0015247054878653,0.009313910223052719,0.005246198354332308
last_s[91],-0.0987971728343748,0.21033711389811516,-0.41928229325073046,0.2185410840331582,112.59266938816774,64.25323839752939,0.9964718681109874,0.017649637431659305,0.03419876958306044
last_s[92],0.03526054796431664,0.20712138122879212,-0.2821185464690561,0.33623989044719715,57.51275823305173,67.73989328027496,1.0403075026243975,0.02765809215050186,0.022972807544458445
last_s[93],0.1878243062864588,0.1551899924947548,-0.05270503299955186,0.4423731135666903,117.49992354114185,84.80007324162868,1.0189793487715137,0.01412407478535646,0.014581396692040036
last_s[94],-0.03947321743313183,0.10519527315761393,-0.19460897113529585,0.11948497440427151,151.94954539892314,110.56437336853791,0.9979961456031889,0.00849292434785995,0.005299398646868462
last_s[95],-0.23382259506215242,0.15827749592618703,-0.4754005965142311,-0.012876190216132448,101.64464348858654,92.98745867925005,1.009740197550447,0.015808440687752726,0.014150535901034775
last_s[96],-0.16991678463902382,0.13379695938995437,-0.39750863334759623,0.019613686045090572,97.35921790697343,72.00847826498364,1.0305862498259533,0.013847715855470276,0.009801727018386573
last_s[97],-0.1139777353187798,0.1791232991308889,-0.38021238150304854,0.15611578278297858,104.44162058017923,72.42844888091712,1.0034918611181591,0.01786089831953234,0.016398470324149376
last_s[98],0.05758723982329249,0.23213795356745068,-0.2800960747453511,0.412191160388711,88.56475723450275,89.09242298084929,1.0194083062099535,0.025489414771736975,0.020572050622852115
last_s[99],0.17813818637917492,0.08145629007148125,0.035297856336963765,0.30082411484305105,103.63565558866225,106.5888714956596,1.0075367582225476,0.007925038860773396,0.006891455785093633
last_s[100],0.17197743623650102,0.16953808355566202,-0.09131557509562617,0.42536784713529013,101.46033315847912,61.408543084365,1.0215249146870493,0.01709814404638109,0.012161024319262713
last_s[101],0.1588018095677626,0.11756627285955423,-0.04210108251321331,0.3328740617416267,200.0,107.29489444267473,0.995993946461748,0.008355071197638708,0.007604737911209483
last_s[102],-0.07691456613430353,0.23993324405607533,-0.4545011064179849,0.33161246745062123,102.63693933482736,74.69831455071306,1.0096332811084034,0.024148263821389637,0.019615440109343293
last_s[103],-0.17573832007435317,0.10372694488952254,-0.3249803465308089,0.016499507693312772,97.3030745047209,76.00379514302442,1.0265236623699574,0.010603391785004222,0.008239995930133966
last_s[104],-0.11714955956007915,0.08893678589602345,-0.2684318145229431,0.03224252494503234,102.23428026341762,88.85663986296807,0.9977702359432525,0.008812725478980706,0.006867720288747645
last_s[105],-0.0011571078371976691,0.13150483842657418,-0.2083608688102902,0.1954378804071004,116.92597470314648,112.46669895858565,1.0088215263105127,0.012172382941313748,0.010646922698908488
last_s[106],0.22471808112335054,0.07975517432962577,0.09986025566942743,0.34913208940426543,16.98349620747034,60.54301804913329,1.1062339693300691,0.02026338111342316,0.005497650946942019
last_s[107],0.151300589328003,0.06269560515125948,0.058722890768021764,0.2621935555625907,138.68385669481242,80.68328319724985,1.020458166203241,0.005670496881413762,0.004023141176701618
last_s[108],0.21616399009796866,0.18788886787793338,-0.10353898375863703,0.5232583134210211,150.57687972361447,103.41449762104672,1.0011867269586296,0.014775079031707772,0.016086429760390382
last_s[109],-0.13981658604060296,0.18978552828781506,-0.4360413505648723,0.1356922640412831,148.48734190767425,100.18810828494321,1.004750518128202,0.016035535200381684,0.015367610978167617
last_s[110],-0.1672174921976694,0.18091099158151033,-0.4198170498369085,0.14277943968521223,48.280857944184916,40.79695382744755,1.0439372374641334,0.026475795243253067,0.024456652870798436
last_s[111],0.06639184214952691,0.16829800076178864,-0.22246531065603845,0.3412191627004235,91.52262753896429,76.79812476868037,1.007179176764151,0.017713274144458745,0.014526817304882478
last_s[112],-0.03701054652955929,0.17173606157949925,-0.2961461831848716,0.21985083955583876,116.38461437634942,91.84688043748447,1.0078897085533982,0.016017501472514985,0.013920150134009206
last_s[113],-0.2257732303632814,0.1312684077265963,-0.4262419027896419,-0.012993214440580665,111.57549284275859,67.45501473576304,1.007409529440664,0.012819831437853669,0.01140105379434514
last_s[114],-0.047411661566270864,0.2015089996839368,-0.3923876011641746,0.26170443361468404,138.84388639679426,102.95813591585492,1.0052404716447605,0.017117401776214857,0.013404002037664309
last_s[115],0.2344230049379924,0.0773663691091283,0.09431757222308636,0.35334084989613407,200.0,29.338175481612545,1.0552194274769593,0.005498188438632906,0.01148520762077416
last_s[116],0.13221615207168327,0.07880030742911039,0.014236840086539493,0.25892326545821365,179.13958240491624,84.72827333180462,1.0194878348599494,0.005701014005474119,0.008271467450852645
last_s[117],0.02713302639771109,0.20246699765462012,-0.2887892784433386,0.4023258936704409,95.07519344612619,25.56643449640108,1.0428380240354027,0.020163026015510763,0.024522751938872375
last_s[118],-0.06959894940840805,0.14099837602765194,-0.29711164600118883,0.1408344276678316,115.05131411180436,92.53693964437764,1.0153485229637682,0.013352659675974534,0.009566225145262943
last_s[119],0.04668180811532165,0.08963844536208766,-0.09741280534521257,0.17991418112032334,116.05319504111559,41.5742490958557,1.0437648944371705,0.008352565344953945,0.012288484442018691
last_s[120],0.010674798762132969,0.1854315628531975,-0.2587595471792565,0.27931422937230066,28.812160859845736,95.81680951771784,1.065903087725671,0.03517459959176851,0.012281643424538408
last_s[121],0.09379937852199595,0.16745154167345108,-0.17120563792418567,0.39379450665958254,98.5779154388701,47.359535218611164,1.0371306362897341,0.016897730703481478,0.019481265905542097
last_s[122],0.11655059224174404,0.08555994947708316,-0.008732088338978374,0.26158736271044075,122.23756334775115,93.44487388120423,0.9870189987039019,0.007928279153955215,0.006047598136599795
last_s[123],0.24067845817739997,0.06729478539345009,0.13647617491434594,0.33882977049655355,194.40579276949785,77.96441251583167,1.0077939686266455,0.004807941045117243,0.00568567370179856
last_s[124],-0.15763233751269762,0.2658626526464124,-0.557789019435382,0.2403811883706053,97.9230626276121,75.24991209122416,1.0126433588101418,0.02754202053759438,0.024799536517115896
last_s[125],0.049077579355625636,0.1987991410987848,-0.2713545002714061,0.3502186776739141,115.17379221482668,106.00553824852895,1.0011057614449024,0.01873131508571258,0.01404675471945193
last_s[126],-0.10645319881584339,0.20394548413670896,-0.41297701060911146,0.21103616229294261,95.28531375470801,87.22295266716753,1.0279625503142507,0.021733877457917057,0.017405558700786063
last_s[127],0.2817268063812286,0.06650186901727251,0.17281686218424047,0.3898502064170739,107.14155813294974,75.77782804499373,0.9971005035392023,0.006320270531160076,0.004273168743225777
last_s[128],-0.19298955567840426,0.15898081418404364,-0.4816865703835755,0.04726408923116009,158.09726329842564,127.52299876424551,1.033609724901925,0.012886152595381957,0.010038085386302928
last_s[129],-0.043923791544733824,0.19236263654037544,-0.37963510612083945,0.29990747517019306,19.29502136098044,45.388937266643595,1.0848714662865362,0.04009406072478621,0.016737810919759087
last_s[130],-0.11349543634474481,0.20541867468494465,-0.4338068112095092,0.13387113715801444,117.4822391655039,66.01638284112954,0.9989962212355851,0.017300151433410557,0.026533378123849597
last_s[131],-0.12005538294762592,0.09936767595004403,-0.2712529696641624,0.04810368755131826,129.72255910857913,72.42844888091712,1.0021231887732553,0.008687235414927922,0.007277304817340935
last_s[132],-0.2797748947784924,0.11168113060155425,-0.4676361446032631,-0.11291180062401253,96.96740979719986,110.56437336853791,0.9870827837795426,0.011757314053485518,0.007081242904596624
last_s[133],-0.13222738747839624,0.10847562482435863,-0.2903683826855166,0.05569893312562386,96.66177640532975,109.19218413839852,0.9955424732885166,0.010801351632193014,0.0072581448675284625
last_s[134],0.1629738681868365,0.07461767314985483,0.043579069572312425,0.2832200813251139,200.0,70.81403044341495,0.9950080314605682,0.005302847122779281,0.009557931668508586
last_s[135],0.0840006939538318,0.12777100749189743,-0.08997990756088854,0.2730793528762587,113.25494823222247,74.69831455071308,1.0048238997851797,0.011777208596154215,0.009565726740710765
last_s[136],-0.09336858964649902,0.18129152865830206,-0.4318232214145327,0.15755688140832175,134.32796586762805,90.25447598520658,1.0029761921197589,0.016806528943818056,0.01542897919278523
last_s[137],-0.04387332602964781,0.1547623595357587,-0.2851059422307537,0.1909762824815021,155.33315357288967,89.30069762424178,1.0082976068277802,0.012406422955081063,0.010445275721130503
last_s[138],-0.3315162941826588,0.15007957962080068,-0.5614490750041091,-0.09848334956525,115.64504505653206,114.69389025490987,0.9921540846597066,0.01361353207634729,0.013962635409219331
last_s[139],0.10403388798726511,0.21943861301634546,-0.29620568863934627,0.3844673725125466,128.04353063201856,64.8387321977101,0.997689178264102,0.020101934959559403,0.01977670766416466
last_s[140],-0.09550907327018802,0.225268604923507,-0.39164197976916487,0.23448743741543165,57.69870583070138,39.97864958633574,1.024364589250921,0.027736770235492383,0.027038290998984412
last_s[141],0.31113934674003824,0.07501336113853778,0.21077716545341907,0.43746588305049267,168.49857688292494,109.19218413839852,0.9948950177896723,0.0058584166456456515,0.00483560817193394
last_s[142],-0.17746112465604516,0.13077208536177432,-0.4000738145148998,-0.005286222014992645,172.86963059849944,110.56437336853791,0.997638458762161,0.010375137852637696,0.009114125644195397
last_s[143],-0.22603561822432122,0.15439106250557907,-0.4446565549599365,0.013380512818118065,83.18821766950649,65.3606301435111,0.9994069348590686,0.01699441243363406,0.012118052996572986
last_s[144],-0.01997058006975532,0.20662657453818922,-0.3714200788096845,0.27980651264915213,85.83938265955354,35.663171831222286,1.041489354583651,0.022305671814832968,0.017105172944066917
last_s[145],0.264540805057182,0.1063175320751834,0.09383683485674123,0.4262005739160424,197.8070554386663,109.61288799716748,1.0250306225848618,0.007661480852289741,0.0064330704948303225
last_s[146],-0.002792992619240472,0.08502083257128178,-0.1455306119334024,0.10621098621941419,135.29726864229443,101.12633345968487,1.0161441292852507,0.0073867140850915345,0.00868423341459026
last_s[147],-0.038581846081726615,0.09475717499205662,-0.1881454266141772,0.11560997059190137,115.35948262177749,113.93771199506624,0.9900393906514809,0.00883732367792368,0.005550798118945536
last_s[148],-0.0853486064773721,0.21126863987796035,-0.42260826295372406,0.2638876062285638,136.66270429510513,78.18964968490735,0.9829763626131148,0.017702388562482536,0.01839493309488301
last_s[149],0.1593915015466828,0.16415234311041946,-0.08674142112506499,0.42748248710330633,117.01631901550866,43.05405865335529,1.0520134689915421,0.014886760383998056,0.012838122284393372
last_s[150],0.05566339325026325,0.10018722183651615,-0.09902015101085891,0.20911846860193356,95.0369343687617,94.36845724765038,1.0073171927260363,0.01001854099148889,0.0061227191297984745
last_s[151],0.36221196148599,0.07827829219985262,0.25592523054763777,0.4789270639688753,120.8901206070303,102.32622542232068,1.0094983940516782,0.007421410648787627,0.007553895332785063
last_s[152],0.035694182367727596,0.1930610833164654,-0.2715022668931474,0.3278104982666617,96.00971551196452,70.23960238195716,1.022310668309236,0.019415915507167352,0.015977108012172638
last_s[153],-0.016783802966081375,0.1007401045635818,-0.1543691045911256,0.17045294741172498,101.39736105390179,89.5961487028617,0.994470659856738,0.009637768865724794,0.006855410855609693
last_s[154],-0.010717922958251073,0.18493782737967332,-0.3061424537836146,0.25489095168590736,112.97025212001208,114.69389025490987,0.9955471733266429,0.017535450329860237,0.010316337685175538
last_s[155],0.05919422355377349,0.08574604186117533,-0.08549482875934454,0.19644695532671108,96.38180687683771,80.4251818496709,1.0072333407757648,0.008720889487678263,0.006703300915097958
last_s[156],0.016487978933763435,0.08678112779064508,-0.1355190491802502,0.13779725913030452,155.58708896818175,137.20757519494987,0.9974643536044795,0.00702332306682279,0.0049966052587308825
last_s[157],-0.07340056440699409,0.16347177648054628,-0.35669210225170195,0.1864122054351255,63.0946113750595,76.39003125514064,1.051105749317314,0.01972424588453805,0.009992313914174007
last_s[158],0.021697168163757205,0.10322708973310185,-0.14870607665087296,0.18061505123211527,101.12911178793566,87.60613594783504,0.99133328446157,0.010356529194305379,0.007403202944913088
last_s[159],0.028397238353578932,0.15740791557691558,-0.21784704807798586,0.2932190037032904,95.81509517575347,50.695811735712084,1.001093972994982,0.016292985699427612,0.012621315022788395
last_s[160],0.10488740439477154,0.08581883019387658,-0.030937413005897696,0.24047881132320625,105.26596443575843,89.42579228114215,0.9931800507025061,0.008470069517602992,0.006234662765477039
last_s[161],-0.11709373193285204,0.18114896297998076,-0.37278873518447225,0.16902170584760104,108.07528217397119,136.69996300406956,0.9923149937597279,0.017597922944658666,0.015991747245583058
last_s[162],0.06666574153156139,0.12972326572806503,-0.12412715046440029,0.2664130643195145,135.16174903810887,131.56493022264846,0.9970202033963558,0.011188253321923967,0.010582776026799988
last_s[163],-0.21152647038007688,0.13398276087398667,-0.43305562423465543,-0.02111980802420335,66.58853906764544,60.13813595486082,1.0273048325220913,0.016671604749359997,0.011420851589828123
last_s[164],0.19253289991187714,0.07262715126063364,0.07600893887342172,0.29951371596676046,100.79422512783523,108.16744730679152,0.9982300831362684,0.007215399081257487,0.004811011740619048
last_s[165],-0.09009020256397644,0.11011445685855764,-0.2714207273341902,0.057732003204868515,158.84197197073217,87.949593069047,0.9826744161853675,0.00865302661933177,0.007621783197410719
last_s[166],-0.06540569851201175,0.1156467056387438,-0.23146398334285634,0.12617702299408143,91.47420948593474,92.09316198951058,1.0042353924947682,0.012595661486376605,0.00745925523334057
last_s[167],0.189186127698915,0.07266050594241032,0.07453863211497029,0.30045302199842977,113.02009389351598,89.8371018721128,0.9849786808191505,0.006889723160526156,0.005647694026887159
last_s[168],0.15285216735083249,0.12904686555821923,-0.04694169919455881,0.37593065670681675,106.76075931136243,126.58881884881683,1.0022592597188387,0.012688380109395653,0.007643591678191777
last_s[169],0.13717877237641626,0.16290327461649018,-0.10926213884567243,0.392915477320641,64.9980396473504,79.41981508222159,0.9941379698041679,0.020448235568959205,0.008040954515667163
last_s[170],-0.24114263336637143,0.20376419318281958,-0.5274356027554781,0.09751948195246293,115.2027531734392,91.60058664147752,1.0340071604571668,0.018602300256323707,0.013019243784101648
last_s[171],0.5472256980761094,0.0825857379440069,0.41511655417978066,0.6764248959840847,156.590909973708,93.83208729036168,1.0229117030030885,0.00655614713318119,0.00569883828336489
last_s[172],-0.11527287283638486,0.16075692336767067,-0.37151505914189803,0.11091917209488951,116.831991139899,56.941062597359455,1.0394655065144596,0.014953139157776815,0.01054074977869395
last_s[173],0.2524396338884485,0.19888191131868602,-0.04621336980687005,0.5353961905909754,93.72067985317919,78.7078012390947,1.00033299655879,0.020483519249562845,0.015144558963140162
last_s[174],0.1318188710511735,0.16546086306712163,-0.11717945033940949,0.40380656788744507,143.22563966370834,67.23188249270981,1.029974562689269,0.01485507107293364,0.013041265202865755
last_s[175],-0.5043871839710434,0.20361779543071537,-0.8003612570754788,-0.22273163537485466,69.30720167451437,56.537581305709516,1.002290599720227,0.025521138409673023,0.01987383613681493
last_s[176],0.16586137397866388,0.09469107957991689,0.01119102137203954,0.3234579447540653,101.73849343597922,113.93771199506624,0.9978640325151409,0.009758013472665892,0.00593039322323479
last_s[177],0.020597647005546105,0.09334130933863069,-0.12418298287571096,0.16481712639774285,120.13512630307227,102.55210197395589,0.9954389501787116,0.008593035641085706,0.00584928104358922
last_s[178],0.049111843459344655,0.09190479505743063,-0.10514324352175115,0.19919779342736968,129.14880366594394,129.96834329933165,0.9957629938265333,0.007873865091094709,0.006858488046303192
last_s[179],0.07903993522500259,0.12199137591422406,-0.12694284717006193,0.28102610679396256,122.88960206086861,85.71625281130953,1.0020116535541947,0.011084792258780687,0.008855335909873996
last_s[180],-0.06933957983287199,0.13006427990452854,-0.261357881382439,0.1449090244618204,105.59094871160671,112.5912799046717,1.005622923264626,0.012486719780505343,0.008243490828646852
last_s[181],-0.08928938489363274,0.09115901839012512,-0.2394715390515854,0.03623897517451274,134.68126211676832,87.66948250159723,0.9949129869300878,0.008123490553300961,0.005329280116093371
last_s[182],-0.0005197870058724579,0.12268338052982125,-0.19817894470197098,0.17410238753511204,123.15965021375455,107.65724970054632,0.9935740246752509,0.010909283426879317,0.009987889108165896
last_s[183],0.03467352511613798,0.08406959196333387,-0.10195863106453237,0.1586983892782502,84.6352160980717,68.05026377491207,1.0066020469236012,0.009193804735480052,0.005368970680824467
last_s[184],0.15101648422748692,0.07835058105593411,0.04811310051222107,0.27226105496852543,110.2820671465139,54.04744084288105,1.0234729735630417,0.00761539884629893,0.005287742987782076
last_s[185],0.07044346484094056,0.08321557573345639,-0.029341690556572087,0.19741766471900277,141.8238882424742,112.2891713517478,0.9907426218898169,0.007023999787311956,0.0059282052027517865
last_s[186],-0.36969989359126115,0.16704391326218718,-0.6460335240046812,-0.11369249091633411,133.83416947010275,83.99636280972949,1.0413197089058617,0.014590042843159278,0.013951952582613546
last_s[187],-0.13347369159444702,0.14029437248971477,-0.3673579205279013,0.07724451748372026,125.19475987400824,107.54381945240011,0.9896218685659323,0.012544140010410734,0.0075756417355945
last_s[188],-0.16834671621984904,0.16093538984768785,-0.4243056437276392,0.09251150963506787,113.7665390947049,91.69843028849085,1.048635431862098,0.015439416408605355,0.012281910616700887
last_s[189],-0.23470717564192387,0.1716309211674791,-0.504466633295021,0.021913588775048735,105.99767184802171,114.69389025490987,1.0405396820730932,0.0169663994907511,0.012432136040205405
last_s[190],0.2338810839130777,0.0650790766431328,0.12918926003529344,0.3339817363613241,117.46088451770277,75.00201889687473,0.9982183315814721,0.006140618592142457,0.00481527339110238
last_s[191],0.3209275051912961,0.08703621969253553,0.17443538165665745,0.46439937410218524,166.65310145851137,111.5686215144267,0.9917668842560147,0.006923542477948592,0.006022840813778889
last_s[192],-0.19210048178384853,0.123894356502407,-0.3646409873580599,0.005299655777372281,129.7258765487369,112.4666989585856,0.9881309112342997,0.010958467288803002,0.006457095903852331
last_s[193],-0.10176442367807091,0.09246398929165153,-0.23950616981692116,0.05082071852687653,105.21783081719767,85.79268504474882,0.9850009480688982,0.009048993692505761,0.005822085796848857
last_s[194],-0.0970350109967699,0.11264305765325233,-0.25904200353642287,0.06990458405257621,101.63907645672435,113.19544163025881,1.0024612998767104,0.011127999392522618,0.009547130981237969
last_s[195],-0.03230519447953567,0.09166790256300686,-0.17161757443528675,0.11609046903015298,185.09482637130606,113.93771199506624,0.9866261235948994,0.006713657908723549,0.006671177636332572
last_s[196],0.33256389595303404,0.0642536268084772,0.23258681119922647,0.4327405059933018,145.6402636535367,118.56189699035187,1.0155931964980907,0.0052227695329018055,0.004260126892119581
last_s[197],0.16149563622268956,0.14554936048577838,-0.06679176790242772,0.3964939295247603,106.6016306040622,94.1897412619156,1.006423991526199,0.014325289002341814,0.015117769183130896
last_s[198],0.05732111891658714,0.08294157121106568,-0.06165929038705334,0.18179041088676268,150.3413092082014,95.46879452835564,1.0053596197819974,0.006998707496165846,0.0064457241399073365
last_s[199],0.10638094470694626,0.12764492305996683,-0.10780050266889966,0.3082537673043129,146.63939871032494,145.67147613762492,0.9920754725878289,0.010509315152844765,0.007783471792979091
last_s[200],0.585942096509028,0.08170243448622487,0.46303845527602233,0.7014369991288241,140.31253860594003,142.66909288009597,1.002779442239568,0.006914736081471948,0.00429106017174673
last_s[201],-0.03821523197935541,0.15010583863941562,-0.2609667044913272,0.19649960526124302,103.83877264323569,105.12798803375382,1.010053992329031,0.014618984992004133,0.010661319735740204
last_s[202],-0.08020115564835613,0.1863856636981924,-0.4017644123485812,0.2332792709680225,71.82079204012823,52.55234128770824,1.0128622318751646,0.02354011652844701,0.020381295713673163
last_s[203],-0.11687670365705445,0.15657309816974646,-0.38459558888612255,0.11826673224411752,79.38075997948579,70.85458343527111,1.0576408056450857,0.017641286159979404,0.011556529628462316
last_s[204],0.10093995735981061,0.1947238208738184,-0.17201701551804252,0.4375762638034389,139.7071918939547,67.94234324794915,1.0383443822594347,0.01681819735868766,0.021015451655844408
last_s[205],0.1445467839544792,0.2170182132575586,-0.252617572654834,0.4674414090439631,104.42851704727408,89.42579228114215,1.0168728196799526,0.021193776271674646,0.0160067599752687
last_s[206],0.08086588276189431,0.1902719634725427,-0.2455363936073259,0.37727400877741046,87.47057917626645,106.58887149565956,1.0438464077173812,0.020735709422148745,0.014219722510246955
last_s[207],-0.24841240492888642,0.17514797253045022,-0.5118975955239053,0.07569868197089127,96.77587811475995,98.70081564334865,1.0058403667933786,0.0177041123771551,0.011464402872506977
last_s[208],0.017570446568186016,0.15057983309873843,-0.19026277162621644,0.24557882971609368,144.65842628118992,77.87037419035441,0.9978779750424008,0.012827144693048504,0.010993781282186551
last_s[209],0.0525363507872071,0.12583778154503653,-0.1397143390134921,0.22816153342300746,140.42495647089703,55.89760811970594,1.0342808279129734,0.009539785541916623,0.013755824087049473
last_s[210],-0.1217515992558483,0.13594620661063508,-0.32741722194065415,0.1028068858484795,80.33575101937865,65.73694576036621,1.0080822871704858,0.015707461129417424,0.011597179489626278
last_s[211],0.08400337705940171,0.2094316750427958,-0.24638901456367793,0.39985332132430895,132.96021984409214,38.46470721509342,1.0065200203324964,0.02029041768413932,0.02620059793828497
last_s[212],0.3817770237507316,0.06935654282180759,0.2706834537122623,0.49952811216711585,82.33187510022326,94.18974126191557,1.0262652751158892,0.007749294772663234,0.0036685940963615887
last_s[213],0.008406986438805296,0.09346987183234265,-0.1448910541934722,0.14527122574540968,118.50964023097424,100.32582134129781,0.9959831575243222,0.008474870266579674,0.005222596601518897
last_s[214],-0.16477758272961743,0.20746843278591903,-0.477326285143103,0.11638897141476053,100.42769156337515,91.84688043748447,0.9915598747767477,0.02083066040739421,0.01642107245531352
last_s[215],-0.009824258174685468,0.1963662917506619,-0.3238766740326742,0.2921178269742149,87.56336959298712,76.2482153572389,1.0007754757639784,0.020825163198002664,0.01208614265662933
last_s[216],-0.12357144292549048,0.20959938047598142,-0.44055543411826376,0.2234326671048688,81.41115093769935,24.677906301783892,1.0282418197761394,0.02440063927039556,0.022506573200398866
last_s[217],-0.044960467539516234,0.10437826502456737,-0.19418174204463742,0.13389438330203277,97.54404144165217,80.95092826636447,1.0024141180511872,0.010643096549512027,0.006190066008681047
last_s[218],0.08256420363720293,0.07728608191629463,-0.04261246057418243,0.19950285824759756,140.72134996504965,106.30728069676098,1.016548306124882,0.006638496555092178,0.007496227832920971
last_s[219],0.04929949769352118,0.08485448277321743,-0.09080498095673555,0.17269610176687036,139.86713995419814,92.53693964437764,0.9947880745481544,0.007373754389796354,0.0077614726249741394
last_s[220],-0.06494201477745071,0.09908317667878834,-0.2530034061976808,0.06691332331977698,121.47281590209883,90.09986973512815,1.0085610052239689,0.008601000288343378,0.0062178293697294105
last_s[221],-0.028966287060418695,0.11443855504423309,-0.2262583425042291,0.14199787958452237,80.44388413947613,76.73501253235807,1.0380075163164446,0.013076851118869843,0.012735533034307354
last_s[222],-0.11831157835216766,0.1738333312399755,-0.3931674114084777,0.15743626147738443,102.8138545669307,89.57713788351347,1.0242978582981912,0.017374225309997313,0.013625050587774643
last_s[223],-0.0751979053927228,0.13360288196918918,-0.29461616003395064,0.1302512427576326,125.76735368221165,88.7829191727972,1.0038199270908623,0.012139110553293135,0.00937205925123161
last_s[224],0.14324833339676832,0.08253411496742853,0.007350366796655093,0.2621922863412688,130.9517574664787,88.01458727821037,1.0063531769785312,0.007265828836916232,0.006558377910404709
last_s[225],0.1251132501797106,0.09216700337094436,-0.019848252624091692,0.2703405683178216,95.11908059822794,77.62250948021203,1.0109142334106014,0.00941228333897527,0.006794608627670618
last_s[226],0.32790383678793494,0.08446787601066326,0.18086559875683136,0.4567674646948712,141.59329438635794,76.5300909369572,1.0124127228406563,0.0073093647879944315,0.006234267208855834
last_s[227],0.008916908412007686,0.16559150462255073,-0.2438284343505058,0.25685267360731345,106.72882322008196,90.62894302630308,1.034653409776686,0.016254250218504716,0.013272197160732262
last_s[228],0.03097599972336035,0.18794915601472809,-0.2661291477176101,0.3145951115730165,105.27330763386489,59.21218619906651,1.0095120084731202,0.018233768685779538,0.014121608184119363
last_s[229],-0.03932850103595381,0.17734987424920398,-0.3642957194472909,0.18975045872407953,129.57176885727512,75.52687304628415,1.0026574636229002,0.01600650085139693,0.01902732617817013
last_s[230],0.0908004519013878,0.15659982037616743,-0.15987106891502637,0.3358459096907686,164.39011073718925,92.98745867925005,1.005185713269284,0.012247140296932605,0.021805500763234707
last_s[231],-0.13740666877888244,0.18985962124889144,-0.4412426343069885,0.16606348186619685,96.66368729754761,86.69607235202584,1.0035918889061726,0.02012862096822125,0.014867788632947701
last_s[232],0.07450899626087289,0.13097193322238526,-0.12034251336828189,0.2692603390195823,133.3186429773207,90.25447598520658,0.988869415771925,0.011492165811717718,0.009974038970024118
last_s[233],-0.0010967103650572256,0.18060668248845888,-0.26591228933263455,0.3039280593102521,136.2179110088253,114.69389025490987,0.9828679672783843,0.01563642570430951,0.014987815455470375
last_s[234],-0.16567722030656248,0.19292372058610535,-0.44259709097155536,0.1477153190956588,125.80687975404526,104.39389217824863,0.9895821174850449,0.017240315915439428,0.011909414120941226
last_s[235],-0.05690157213329137,0.21790677373431797,-0.40745839097413245,0.2809606739716962,115.3517363601924,84.91040409581277,1.1134474748394445,0.020413566663731255,0.02454701355968559
last_s[236],0.08183951129443426,0.09291710152062826,-0.04180128321413672,0.22584949828124715,196.84991187637792,106.77387282237501,0.9865182870901227,0.0066033308686283074,0.006299115580622616
last_s[237],-0.29039531074734404,0.19328671625497962,-0.570492740310941,0.004981557181274418,132.3610402391667,86.25045938993017,1.0658963426859118,0.016979461992411644,0.02295083816614073
last_s[238],0.11808367286453686,0.07654423659824078,-0.0037003569587777804,0.23393121735037828,200.0,111.04834393768212,1.0629911467280546,0.0054397620252127545,0.007069249000465999
last_s[239],-0.03887711049180375,0.13255055961222253,-0.2467913148927534,0.1781852765170018,87.77997708864378,75.92168723943432,0.99355143836989,0.014193832733672718,0.01141961383885263
last_s[240],0.14372187973967362,0.23026244862737602,-0.2095808260437028,0.49370333987789256,125.04945408607594,86.76309598677008,1.0508365074261583,0.020514231276893096,0.016352106151230214
last_s[241],-0.06530690151635672,0.06914781503518996,-0.16955166404010794,0.054586059762401176,121.32795204214605,75.71886942837872,0.9882617975761638,0.006432626758024325,0.0047694034479289805
last_s[242],0.1514411974149866,0.07001552605465955,0.037878425553758886,0.25536648303895054,111.23682994494274,89.8371018721128,0.9956201166520171,0.006659322675872855,0.003918863493664667
last_s[243],-0.0464588706347224,0.07979766231476176,-0.16557590227123897,0.07726969306694201,159.71294553250587,91.65597552551068,0.9944809679224528,0.006339368921616253,0.006762844937416185
last_s[244],-0.19188203634247358,0.20405517782103846,-0.5096382484956407,0.15519154309236557,97.85469208788292,95.01157109796858,1.0185740187223191,0.019109763218980738,0.013067664269526724
last_s[245],-0.2602021485153021,0.19466810057396,-0.6100657749557783,0.020531310824861815,82.29607041895086,69.67121864331311,1.0136160837975208,0.021467928444093454,0.0192753840702243
last_s[246],0.007863835596733234,0.1242939755239169,-0.1950801686726757,0.1949144242690938,101.40119298385662,76.79812476868037,1.0287287778251195,0.01240029203604067,0.00784177684115714
last_s[247],-0.04652858753568868,0.21682892082637528,-0.4177047415397172,0.3014005200900866,134.62866259310698,81.60723649711588,1.0163317069176299,0.019275465126962096,0.016078599349527097
last_s[248],-0.02947913903686908,0.17378283981998469,-0.2746410823602141,0.2659252974137773,97.55796124670434,110.86108610861083,0.9966523927336569,0.017622985463380057,0.010028434132400052
last_s[249],-0.23787292394669943,0.1300286650110839,-0.4543351786335945,-0.05601749768214528,90.55873634916358,73.87501735319198,1.026698925795626,0.013687781464426705,0.008868248798624358
last_s[250],-0.1514079503547096,0.17969136627568236,-0.43815504451270526,0.16602858679024557,111.17490952978436,50.36815276316855,1.0077489231524848,0.016992543053995855,0.016926498112667516
last_s[251],0.09387859774384343,0.06901101124021834,-0.004737763239838344,0.19501658500558786,100.19875677070584,77.89566384299253,1.0043767708122397,0.007303017461425447,0.004410019611652494
last_s[252],0.011302326779275791,0.17914723716730133,-0.30141285202666523,0.30370123354518586,151.10253544902622,108.83084577114428,0.9837629166033978,0.014800973615209708,0.01281338682976679
last_s[253],-0.03027083227035744,0.11297102865332127,-0.20320277413783175,0.16983767666215666,95.58532774723145,91.60058664147752,0.991321914579867,0.011674250394342134,0.007671984847843195
last_s[254],-0.00027918202669298896,0.20936320201703515,-0.3153460317160418,0.312814220191781,169.50801110033944,82.53324719877037,1.008384416765626,0.016102011456194377,0.012186636262417255
last_s[255],-0.010044841686695075,0.17854677619065226,-0.27965636103724323,0.2761812092287756,108.5183508696659,76.5300909369572,1.0092400075758685,0.016754792566278195,0.012023960949447106
last_s[256],0.13656941381633927,0.08388270569559679,0.007321355674014505,0.28359626799219406,200.0,130.53951610046408,0.9961872173535842,0.0059612843147160265,0.005657166105979807
last_s[257],-0.27270795068788356,0.21732829629144296,-0.5797107611931062,0.07343342029700012,124.52727185523999,73.66354695431474,1.0085972901198932,0.019881810095117077,0.02323952717777278
last_s[258],0.06498080725762743,0.10441433682242125,-0.0890638489344812,0.22219584707098353,92.63096017681963,112.89336999694468,0.9873692860504067,0.011316304351849438,0.008082194341907309
last_s[259],0.29691092707839883,0.07553919281459728,0.17988296080660693,0.4291689271651036,125.53218313223924,114.69389025490987,1.0135212402204588,0.006659528647686825,0.005489940152797116
last_s[260],0.0042502978193489985,0.0910322065146788,-0.13174302739492255,0.14459632230113945,157.42839244798137,104.84872431700158,1.0157092536328185,0.007169839768459068,0.00798214758195194
last_s[261],0.1550431901264055,0.11203662000184425,-0.02985392445942295,0.30604118487915266,142.60706632951099,72.48497619605084,1.0252790880771716,0.00933577823308499,0.008126173691587291
last_s[262],-0.17817887475919356,0.21862384357223308,-0.5580153193164035,0.10204882698153225,124.2993087678262,88.385039969547,1.0045088631167385,0.01929877689925944,0.019628435002129827
last_s[263],-0.11484952297677664,0.13306912509484295,-0.34210934119053904,0.09581629393103705,91.31695101386289,72.76446522501462,1.017943353479869,0.014043493434105454,0.009422141632412069
last_s[264],-0.008228108632611865,0.1120348038515054,-0.18708560243015998,0.16570064714881907,89.94669920724567,86.44222020018202,1.0392946918245818,0.012048663660451873,0.0070451742543340265
last_s[265],-0.2427223380452067,0.12078300448227286,-0.42721799288522466,-0.06747512544906213,138.7573579865034,109.48367322881057,0.9995582223497396,0.010307739150146813,0.01195338575121058
last_s[266],0.03461751936507909,0.08699124060408266,-0.10519495843925411,0.1557267858255175,118.95735020099555,90.92254928569666,0.9941484175531373,0.008255540658868235,0.0053195244056040225
last_s[267],0.07458191002959354,0.1410300111388728,-0.14890542638344198,0.3061732113405433,59.22585263401201,61.36839157152504,1.0204375299559567,0.01853684120680051,0.008600176047485237
last_s[268],-0.15808669145715462,0.18315425125353904,-0.4866421716016357,0.08405872070793875,80.26401748930316,55.03983626927856,1.0255166500222745,0.020553121872127066,0.015252260932454888
last_s[269],-0.061745283613371116,0.1274963280111681,-0.2880189356431829,0.1236616336651556,102.45052784229625,71.62666156641484,0.9883970263582031,0.012548236399051012,0.01024759494233427
last_s[270],-0.07121447652195893,0.2073152018839643,-0.4028842442253743,0.2541013083547509,86.5102247979173,64.39056176692506,1.0325212659906078,0.02295734075659792,0.016248668935906204
last_s[271],-0.11854212124629432,0.1717402440005442,-0.34243052286613906,0.14993886971023124,133.24202965158335,106.37076167781574,0.9888975416905833,0.015263160010445987,0.012434687693663012
last_s[272],-0.26217889289504925,0.11386172176477814,-0.45744752580923365,-0.07531929857793833,107.83900532818446,90.14336052517258,1.0243044534847516,0.01110321897668545,0.008770860002984302
last_s[273],0.0031330734359354944,0.0955395257381338,-0.14799137010180263,0.14800207394179474,112.21375541349,145.6714761376248,1.0335934250796428,0.009018174610018387,0.005248657138027388
last_s[274],0.022695599249150534,0.10434938658918551,-0.1452116772621762,0.1652991260184466,102.64359040178927,105.2887225349295,0.9937889727134748,0.01035356918238788,0.009616550432981222
last_s[275],0.057664433505384194,0.15202653654748916,-0.1692672262272914,0.34261539401250357,188.1822143567007,77.34427048634242,0.9925361001547037,0.011870173154894552,0.015657503767325786
last_s[276],-0.02398730425485169,0.15231441293312942,-0.2653967736192969,0.20755605292230933,74.58639516353024,77.90427999156651,1.0179616629482577,0.0176528522208677,0.010223859491972699
last_s[277],-0.08616551920462777,0.19142852231093194,-0.4183916482297568,0.17958899401178632,95.88764607724609,107.58137379821612,1.0145395259086014,0.017646003123054716,0.012510474666748796
last_s[278],0.013566725776356007,0.1105669678629603,-0.14924052732695714,0.20808905606047848,139.79730851420712,101.52492348054218,1.002137649246979,0.009283657315311113,0.006371630728101398
last_s[279],0.2119211474693386,0.17246128108349307,-0.07237400484742434,0.48021627053964155,104.93482209671672,106.37076167781574,1.044119264610651,0.01714260603117616,0.015095391619091538
last_s[280],0.2180033587974242,0.09396958914401675,0.07529496029563985,0.3699866478846346,98.48317525734645,104.09369833842361,0.9828536510215877,0.009723785286934147,0.006408946721411525
last_s[281],0.16617107127934969,0.17285931413323635,-0.10691150009126794,0.4687253065728594,145.3344871928568,94.33483151773697,0.9971373885665838,0.013853139722601512,0.011772312975163584
last_s[282],-0.0032433716157227134,0.08895822382768888,-0.1332792402559174,0.1384209843019632,166.0079673944867,76.55781573811383,1.06401596961056,0.007377689986265985,0.009695694932150953
last_s[283],0.050221158943638954,0.17886534025717638,-0.2045809602593734,0.3590278439395006,114.15671895787372,68.64202117778187,0.9892117480227111,0.016853392080390193,0.013488897619021455
last_s[284],-0.11329312579341125,0.20301246621182065,-0.45981337273298434,0.21681539915717246,101.29005762534341,65.36352379267645,1.0133959621688318,0.020343016523220896,0.01666601525263507
last_s[285],0.05018070275230687,0.16844391984080523,-0.23274198034035645,0.32497146972437935,162.93133928506862,71.17949110974862,1.0120927342479464,0.012562241290055754,0.013047856458336726
last_s[286],0.17539053325271137,0.07386861458874176,0.06294738601790933,0.29747273869821134,135.09317125256638,82.57023470839258,0.9875217339458171,0.00660351224223385,0.005620881484839418
last_s[287],-0.09672110947567747,0.16180102121224443,-0.34039466043056726,0.13680130142899402,83.79898479355647,32.864256332539505,1.0297298256776142,0.01625762181823227,0.01807148811762819
last_s[288],-0.19563564227149155,0.15269658947314232,-0.4326533373978089,0.04961374315603147,82.00100340807121,83.68624977473415,1.0012239439856854,0.017049818516336357,0.011054455423412917
last_s[289],-0.3790916425105821,0.20634970769780622,-0.7150127918960051,-0.03636010258771434,68.40312382768181,41.115926327193925,1.058615595005057,0.024936165658487025,0.020336389615542797
last_s[290],-0.047531952233267935,0.08631682231020282,-0.17535761593262236,0.08244080479233393,67.0361200045011,45.305738926427566,1.0526358978218633,0.010619357309894368,0.005957667542292516
last_s[291],-0.06741943454285558,0.1932211977613305,-0.31089168126147637,0.23097951431874894,186.84251576754303,73.75677006400788,1.0394634701480818,0.014264815539942553,0.01879386275199068
last_s[292],0.19616640917210162,0.0810135763960062,0.08827327314898765,0.3573541398485272,49.5862653577074,71.71094093157382,1.0339173802384904,0.011037471250197444,0.006970444837673151
last_s[293],0.5202710984372805,0.06671552764779903,0.4132654218199373,0.6392645279504238,127.07184573812708,134.8384499981704,1.0113583473908399,0.00596309984410762,0.004682840922760101
last_s[294],-0.23140531772193149,0.1868959806049026,-0.5380629404733578,0.07177740247124446,98.71291114562912,64.1158564402014,1.0543957730602416,0.019177762956664873,0.01775396158917741
last_s[295],0.2611504911505462,0.15215153680087373,0.022148635091517103,0.4794433341734361,82.85965197578186,76.79812476868037,1.0470243506834873,0.016359146866948383,0.00993267141349538
last_s[296],0.04210272730465477,0.11400419303908779,-0.14606229381722896,0.21506133214347364,77.56567093219887,105.6864681811768,0.99324210766685,0.013188965637655503,0.00653685832855423
last_s[297],-0.1740122847363272,0.09829444227827684,-0.34463030294343955,-0.041298042719640764,124.07802256910051,90.25447598520658,0.9827409014191454,0.009131091758066145,0.007869997344248912
last_s[298],0.025283409020739455,0.15750412855106183,-0.22737509293415223,0.264487339507406,55.680947664931985,62.23069274113369,1.0296756133176812,0.021158048489746426,0.011533715192394656
last_s[299],-0.4820446302304977,0.1908761589079606,-0.7713773121193003,-0.20238261940511956,134.91277038542674,84.49576949462612,1.0192625968435909,0.01644558457113929,0.014974803243164596
last_s[300],0.2031574116575813,0.10770155571458233,0.0524331767729499,0.3785153207494073,87.3724096075081,54.31921862206104,1.0073968579589123,0.011837980331319423,0.008183422119075866
last_s[301],0.36682418479112916,0.070020934888264,0.2646470675021699,0.4815403337377305,140.10932460658663,29.88004790231067,1.1166480732015103,0.00580754572232663,0.007810427620305336
last_s[302],0.02092757803733464,0.15648931242536668,-0.22806057955118464,0.26651162809639567,180.09603117300009,67.8005675491217,1.0599433892475727,0.012101703589023925,0.016936329776829084
last_s[303],-0.07697632185461725,0.17480475422049863,-0.3353311607748598,0.22256412702225203,82.94373440645093,88.62084552613422,0.9969480555512213,0.019719366113682163,0.01624874271963601
last_s[304],0.24784704861639423,0.08577049662453788,0.1215047441059412,0.38491877268121166,109.38481713478124,87.68661061555305,1.0461802926746173,0.008219719632404204,0.008316022660760413
last_s[305],-0.10907120533702579,0.1725804157237812,-0.3850466226721116,0.1346091733919851,130.35836622426905,107.65724970054632,1.0070885634454683,0.015112409141558827,0.00932763422728451
last_s[306],-0.17905202679889,0.18109984447494604,-0.47588878690335806,0.07961994573471878,75.22201669966661,81.85730660265142,1.035259889494033,0.02183745139070359,0.01349149361202664
last_s[307],0.009758573333592913,0.1847153805778871,-0.25023904548076015,0.2836002396495829,99.53852458549136,69.67754101452007,1.0134084851070566,0.01840608157440315,0.013530864060760657
last_s[308],-0.042819640748588406,0.1833768816023158,-0.3296491874476521,0.2743296279491274,89.60324772579332,60.121051268772646,1.0047455895371957,0.019898914467161695,0.01331524948736612
last_s[309],0.02537071729674775,0.2168236394837339,-0.3004981848871698,0.3538110702093455,123.61159094261124,86.77518391936512,1.0360860916655696,0.019599377315813876,0.018171587174649596
last_s[310],-0.1310136592615088,0.17600117966833398,-0.4089507254656744,0.16422708340219933,99.02803465016648,75.36461829498992,1.0139186518386025,0.017641831760953637,0.009907468741283273
last_s[311],-0.2325137239941852,0.21280694192830663,-0.5974060193895466,0.11643939776325866,117.76546914542297,112.28917135174774,0.9917419754905451,0.019501015710644234,0.011874225434630238
last_s[312],-0.05459967945262801,0.09666501167247146,-0.2135091077734486,0.08294381728899818,135.62044358076594,84.72669172086327,1.0003683685487206,0.008157373036142465,0.0076569299257754405
last_s[313],0.1283523029681527,0.16185631072488496,-0.13369068781308277,0.4036400991733323,118.27550234545167,104.51487327042696,1.0197700605016191,0.015075702224376826,0.009441047833093229
last_s[314],0.48416593458633833,0.07427211072549743,0.3677184258500124,0.5946295066358952,200.0,127.81044621238321,1.0034945252884797,0.005348927933054155,0.00493906094161531
last_s[315],-0.003586458057786703,0.15318883751122755,-0.27261360511418087,0.24651468846699465,141.36260630274043,107.58137379821618,1.0146038791519119,0.012820267741812469,0.012201787726173856
last_s[316],-0.08766558600952669,0.12868462633373093,-0.24981056453415423,0.10864397947552965,73.85355070406607,81.81101327375475,1.01214050527711,0.015007715090873439,0.012093127695674482
last_s[317],-0.3015636903507415,0.2182594063982217,-0.6492885467159768,0.004445686051347507,107.87650108262139,60.121051268772646,0.9925415321920097,0.021190581552489277,0.019373540097408364
last_s[318],-0.1864554133103268,0.07735565580399978,-0.3118244252295152,-0.06778684113892437,106.92988171801919,110.35803742448799,1.0049131908169135,0.007637173394897397,0.0047108226476700885
last_s[319],0.0035865925404682864,0.1352844778991624,-0.2230711829365648,0.19299817959441307,83.93560057173879,80.6240453851189,1.0320023662475972,0.014581373138518199,0.00878937109563938
last_s[320],0.05310540776084645,0.11091520984775664,-0.10080216504608355,0.2431582261865352,110.11431216670073,115.46437099409329,1.0223805918993911,0.01046056659169272,0.007369317899638503
last_s[321],-0.021222500497472666,0.22119564662337127,-0.355431071814625,0.2951105107236901,105.49035387485522,83.04475373315394,1.0107832967108275,0.0203337413427544,0.018126080871308674
last_s[322],-0.00960120129567193,0.08547589083713004,-0.1383802105429262,0.1417346867295313,67.72436488161506,65.95051510081889,1.0224005644691505,0.01056336643831755,0.005545108889938504
last_s[323],0.06744574074115495,0.1807978317736348,-0.20994881661403253,0.3561627480766582,36.87206452185926,50.58410194745443,1.0462492773732897,0.02842376643886237,0.018813596595312305
last_s[324],-0.13417435940362535,0.13660777096154558,-0.3460602898085607,0.09291447110222838,59.5589537577345,62.38392706398782,0.9876726710734367,0.018073512918108894,0.011426750672840285
last_s[325],0.12698411000223989,0.0975289784286429,-0.052921797317732194,0.2665343754702736,99.34297092950385,75.00201889687473,1.0207624014704746,0.01019090673259582,0.007642909061756199
last_s[326],0.00022406778953264152,0.12414363882281373,-0.18731861176226605,0.21120400496252745,200.0,104.08494900818114,1.0100059424521644,0.00882250424267202,0.0078655523345837
last_s[327],-0.2529723460806777,0.17574290369706308,-0.5500006074677068,0.055923157747695865,123.35600858790467,91.35428060057673,0.991872947924059,0.015478665939238953,0.00997325620796579
last_s[328],-0.2635434868689393,0.1951194785506473,-0.5737161819781618,0.052076548309436504,63.659278615782895,82.14929837680911,1.0285688315304915,0.025527931157807777,0.011173957513843967
last_s[329],-0.14660980911842847,0.1408981524359301,-0.35028965288406333,0.11538222336515128,110.42103571212682,75.48890465092707,1.0469016045999495,0.013336511809241754,0.0160517568673834
last_s[330],0.0543960611517199,0.1088907583741432,-0.11960532096796112,0.21203947045074362,96.7559867832332,109.48367322881057,1.012657426553034,0.01117166589986189,0.005637760590239504
last_s[331],-0.026136996879151622,0.2024263664487123,-0.3262703082709394,0.31560670189940865,73.92385683362592,62.77790081602754,1.0256184478235253,0.023421960834527144,0.017374438609177225
last_s[332],-0.14023187713148932,0.15520547734299883,-0.4163579508628479,0.12162593294578766,130.1082482811306,92.07575380014946,1.0105485700110524,0.013433833274032374,0.011481319068501106
last_s[333],-0.014371096816709868,0.20620722905373617,-0.3314409462673878,0.3527045844103239,128.53645605892834,86.61288818427681,1.0088918895888768,0.018225099168886778,0.021252027528687278
last_s[334],0.3242754081566471,0.0726678884237813,0.2022103134186114,0.4347646844562545,99.96720522162704,76.76310477705063,1.0120483948991827,0.007411934077540719,0.006249536970197352
last_s[335],0.12572942925850897,0.16384091022597225,-0.11796118781094304,0.38893925078262936,94.85130221217793,74.15211719847478,1.0180642127953072,0.01706681065871414,0.013987545382163626
last_s[336],-0.08446493781569923,0.10951490417115546,-0.232658147896841,0.1264729274870746,127.64212554417003,135.97010507621727,0.9965419683630415,0.009436357592171155,0.006597581265537987
last_s[337],-0.06884402822506934,0.21146396306936824,-0.4448985952056184,0.30461187696559655,137.90420784648563,75.06263638567847,1.0094360500556148,0.018512235502632524,0.019775601624228114
last_s[338],0.19640155038457505,0.15666359300354268,-0.060703512242887676,0.40997553817880616,76.56318215050675,76.29579292024465,1.0112958074832734,0.016839540750552034,0.011080451264029536
last_s[339],-0.08188548429387398,0.1871459230904329,-0.34419549570499625,0.23003280770669318,84.8485521717298,49.20331254258609,1.0234437992993004,0.02026269727964468,0.017080802662876607
last_s[340],0.017365095969455693,0.14123337559333463,-0.18130872418198785,0.252991078499061,73.26155526549577,76.6120671781049,0.9863148190392906,0.016257563416056303,0.008173531708888135
last_s[341],0.11187798768080759,0.13346328853157993,-0.08973001037050028,0.28263548143562334,65.89687275514471,92.4313296178344,1.0159166232459476,0.016178043514660234,0.01239442405665372
last_s[342],0.05584916453437401,0.07737006573705661,-0.054356665862816685,0.20033154562039376,104.84759361527708,95.08696204138631,1.0164796026512581,0.00763467112356201,0.007026413726850564
last_s[343],-0.11504468401295669,0.1368534380601403,-0.3317479358937287,0.1013624790928008,94.19480823264988,89.6649932419386,0.9859326629262906,0.014298538220418355,0.00824181555890343
last_s[344],0.4155554099600065,0.07173643479068154,0.2991879131387219,0.5247892288607143,137.67173375500087,39.9410619375888,1.0031046835344903,0.006265171573969437,0.00480471868660157
last_s[345],-0.05659165601132754,0.18224412717951824,-0.38171011681982703,0.2335086033852166,99.66686285324089,61.41861418614179,1.0205212412117919,0.017908953226569612,0.014204963112018226
last_s[346],0.02430443363347292,0.10323562403508686,-0.17002784729306958,0.17334182046502014,107.94138178396705,90.4971834435464,0.99860226066639,0.009949244718917121,0.00765121390305393
last_s[347],-0.12231906275981846,0.12856743132475382,-0.3657372539482381,0.05794479657653376,98.74962519118179,135.69592361366128,0.99814010145952,0.012866725042320082,0.008272694758285695
last_s[348],0.04529853288725847,0.3015534058183524,-0.3980999915352531,0.45981629090028836,94.37913102891953,37.68632694498091,1.0485197254646363,0.03333754248156948,0.05158678219918383
last_s[349],0.035751727624011735,0.21433464808694097,-0.3048279072913275,0.3442291745970251,130.66915644515578,112.2891713517478,0.9921927105594001,0.01892719555811505,0.019791964512766623
last_s[350],0.052205664822007176,0.11520163586535478,-0.13519927405354396,0.22869294290056974,106.10757610969107,91.35428060057673,0.9930113858770632,0.011028685805232,0.007652548726258368
last_s[351],0.07909206047531164,0.09526692226304304,-0.06672572392651467,0.24715981761877467,106.30174458879863,75.20863016486868,1.0151180866030738,0.009476672972645284,0.008142365844766162
last_s[352],-0.007063310687949813,0.2079129018766955,-0.36343159616564674,0.295029617163734,137.17783224420336,58.9972856458566,0.9980813981501395,0.01833206326631672,0.017496739010403006
last_s[353],-0.08157546655960642,0.13366307366279043,-0.2715604027789466,0.12231751978985765,200.0,87.75629759812536,0.9945365493242887,0.009578451312518901,0.00843470612886689
last_s[354],-0.11745281224087323,0.16613868269477322,-0.3525607945227603,0.15888097489247832,92.37403533247259,65.0599487143947,1.019367730535097,0.017525594421997,0.01409997677355917
last_s[355],-0.12519186262315732,0.21279632484716068,-0.42828911679803416,0.19307024935400333,107.55519559194997,76.80697982136947,0.9958874540522851,0.020577527289944008,0.012016282455223095
last_s[356],0.27059621550782326,0.0655441952978707,0.1662891934240191,0.3693013937029678,95.43313010132965,76.99882668454576,1.0100087657162207,0.0066487293154005225,0.005228875943432705
last_s[357],-0.10227896553350414,0.16335251749666238,-0.3382828549051916,0.1937464111627587,103.30582415317544,86.53219044069692,0.9956105356089572,0.01630003542903389,0.01052220069408658
last_s[358],-0.017901373207669866,0.14134226259581523,-0.2428714949747778,0.20711599012139356,150.27574350016775,74.31717973784488,0.9937728577954785,0.011337844307031093,0.01048466556906529
last_s[359],0.0615114155770347,0.16999169371732523,-0.21407812306346025,0.31650205686407085,86.10569023708828,76.4535485205876,0.9991937364833621,0.018468812921587138,0.011867735687173746
last_s[360],0.004563762660721331,0.17470066579782872,-0.26303383142379855,0.31052657757978547,151.80043722855177,74.9298465580035,1.0207084105566024,0.01412658421172281,0.013920308389964758
last_s[361],0.08141100880681203,0.07084667290318952,-0.03397196016979278,0.18563307276015997,133.78652740624148,88.7829191727972,1.019220450854473,0.00610705549776473,0.005199669114612576
last_s[362],-0.25784166563639194,0.2007375627485887,-0.5704852851119433,0.056193228603894294,69.2627473924606,76.01745661219928,1.053051381362125,0.024155650745437653,0.017902205178283545
last_s[363],0.10995154876483772,0.06168381292901699,0.008977471990787448,0.20708464877618377,127.48103317341265,68.45276482836137,1.0122965704590419,0.005368895539250078,0.005769055513017599
last_s[364],-0.01132258654575295,0.17475353068786323,-0.2633502048658805,0.28030102674309804,67.24913045335481,62.17315514235908,1.0150461593634261,0.021268519534452197,0.011284306899769479
last_s[365],0.2327007611090637,0.1777728399526185,-0.02234301806626699,0.5171297101583497,20.619470627365125,37.88826714982131,1.0685603397300227,0.040803918519756587,0.023092906089695896
last_s[366],0.37412615183803566,0.06574532892955391,0.2749670604007443,0.4837280547968062,200.0,113.19544163025876,1.0036325949853013,0.004672317074938711,0.004068678766170693
last_s[367],0.2474857015653203,0.1741991945782782,-0.014192987930243844,0.5363099496446138,84.0545745428445,67.76086557858058,1.0130062490306666,0.018488450302524308,0.01245289031946128
last_s[368],-0.23343626314090166,0.19650449526459962,-0.5064320490047763,0.09977494387888426,105.7487129097495,66.44725137875824,1.0045454577223651,0.018831958742714473,0.01684490669857405
last_s[369],-0.005076621704545867,0.2251693358450625,-0.3688904424470164,0.360313431053236,109.42923540902747,92.09316198951058,1.0002355986123355,0.02177481547295055,0.011707206249847966
last_s[370],0.004639237353372718,0.23679171428015838,-0.4076370953663229,0.36564650168418006,124.33758548537043,74.59665175408405,0.9925200486438387,0.02147617737426631,0.021413023052758804
last_s[371],0.11636412492239315,0.09334030042974122,-0.04162802595022826,0.24988973120633245,117.70043295251544,97.31064050928929,1.0135572111372702,0.008701983797971094,0.005757732038991561
last_s[372],-0.05533797460240921,0.12801776917525715,-0.2448355273284324,0.14430905767643593,139.9120999691548,115.46437099409329,1.0151345907432943,0.010836157286056407,0.006420344999805977
last_s[373],-0.13178006117190452,0.1301927569893247,-0.3143864750880038,0.10059178983544725,104.45515707933777,90.31897306233589,1.006623318965838,0.012539872561380285,0.008202250331939952
last_s[374],0.03134376281595326,0.08999548448877398,-0.12015051110546852,0.18370541309433047,115.45303470509494,98.66856871136473,1.0024743201335538,0.008304592823425412,0.004755075486501032
last_s[375],0.026030015243138714,0.1564535177556873,-0.195960826224841,0.2921794526367401,90.2248442200997,108.60915441068109,1.0036679061208293,0.016662976080204478,0.009518278079838289
last_s[376],0.2716614891444151,0.11539006077236148,0.09872557232125873,0.4813729940832603,104.76816280115378,72.93896568090905,1.0214736295979276,0.011396276534955192,0.0069624885742430205
last_s[377],0.29496044299634766,0.08480274694162823,0.16810941911943403,0.44637155385230126,153.39452343557787,104.84872431700158,1.033629702048891,0.006821215838990619,0.005979939648927471
last_s[378],-0.04741175542629034,0.19734908437308415,-0.33026242768700403,0.30381062048978535,77.7524165755955,47.16080497957002,1.016579596613411,0.023145796391665183,0.01706368008753971
last_s[379],-0.11952158335139515,0.20158571685184368,-0.42003837924181764,0.22026705095465202,83.2541354367562,67.64303777108594,1.0153740364916772,0.022269166453282044,0.014614779910068425
last_s[380],-0.002281905583814471,0.08005120459461873,-0.1357031941102281,0.11446083964612391,200.0,125.21179261267365,0.9960157010266374,0.005688991388234083,0.007528612847894995
last_s[381],0.026655916049208476,0.18631623690303453,-0.2546606436720501,0.30627497935318837,107.32571290464003,75.8273469638362,1.0133134694771586,0.017805632935259674,0.015011823908795062
last_s[382],-0.20059791276838668,0.23132275594027646,-0.5243117088810494,0.1783208633999824,57.82162067361337,61.009656440911755,1.0120946984422574,0.031196133525035103,0.02552958571649241
last_s[383],0.08089249573345113,0.21338161236621073,-0.27854063548491476,0.44585883745133603,123.24055440941314,113.19544163025881,0.9970719235746144,0.01960885379105157,0.015018978452767529
last_s[384],0.07018499081574699,0.16895640466706838,-0.17370873019223265,0.3823979428979237,94.30449455512131,77.34427048634245,0.9868572430567112,0.017526293674879546,0.011001458178574758
last_s[385],0.07235626239059743,0.15799298157788277,-0.15554932920100437,0.3082167214836408,111.446908488928,73.81492066620676,0.996812894892574,0.015304336134750159,0.014018685944012404
last_s[386],0.06573902278698097,0.08613177724621962,-0.06404593751456367,0.19333267769738127,102.09555731548132,89.42579228114215,0.9864911611834735,0.008539993921993954,0.005605780140685035
last_s[387],-0.05083077498313724,0.18362674088570385,-0.35062558018907547,0.26341165519095644,124.74046818418768,90.01175663760165,1.0129833334729699,0.016485841708373764,0.012768148384452675
last_s[388],0.06654608983626888,0.20864869572320494,-0.3013047554297811,0.421155013856395,68.38226961454542,48.374562880455905,1.0184369425842588,0.02489614342757659,0.02688173301456723
last_s[389],0.004633488016046388,0.20757866636898276,-0.31337092601776134,0.30972909312774355,134.83224155897943,74.91876278733903,1.0271901345736527,0.018092685771415925,0.013314904783892105
last_s[390],0.03847467543337017,0.10775255497737185,-0.11764219774181006,0.19513176282144296,75.23156682483459,94.36845724765038,0.9961558753193462,0.012380983397001838,0.00774980523358366
last_s[391],-0.0629206919885268,0.2044705260130569,-0.37855214586074987,0.23201463002422248,89.13446243661937,106.30728069676098,1.0139509090991394,0.021019369034080523,0.017893665093121975
last_s[392],-0.09887328225712247,0.0871852147478974,-0.22930629458446997,0.047116992049503204,132.8409582684169,102.83885332591139,1.0174636468972778,0.007604539853403041,0.005735442477302881
last_s[393],0.3141055874121532,0.06981387016435983,0.19263305621565466,0.43025168539909403,199.0074153629151,113.19544163025876,1.033908818603647,0.0049614557101996986,0.0053029020065176674
last_s[394],-0.1074778318103254,0.2124996655069352,-0.4166121698127292,0.16915190915452125,138.61825832477987,111.04834393768212,1.0702814249041173,0.01769406671816262,0.02718115908369229
last_s[395],-0.15207053587426914,0.16873790389384088,-0.4416090053678692,0.10511537957360788,82.33951122155506,103.16023945426703,1.0167578355516884,0.019335418502386174,0.013026207483802716
last_s[396],-0.0073701136025989735,0.2057889038803556,-0.3358935908333661,0.32561641111015727,99.74988822174029,76.99882668454576,0.9866746514446153,0.02116368475479514,0.014171773364856657
last_s[397],0.18413015908526273,0.14550573026844163,-0.0784851352507263,0.4156269948811805,107.03623120823845,89.6649932419386,1.0059122831871694,0.014221735756879296,0.0093632497413758
last_s[398],0.023190706436163958,0.12017864003842506,-0.1395687128672432,0.23657827086660158,108.05944588541891,88.98657478911727,1.009009423965915,0.011313900973400026,0.008217157018263224
last_s[399],0.05350410277482063,0.11235173662345842,-0.1365227092480661,0.2452078202202317,126.65163673771163,88.47555312105548,1.005922661254398,0.009921634146234579,0.008264991008599707
last_s[400],0.09893378226094014,0.09471186838624912,-0.06736794139021893,0.2432059855233981,86.03628481440165,110.56437336853791,1.0143271534147176,0.010265248908397626,0.005240311929999751
last_s[401],-0.2802915278467381,0.16629585397233815,-0.5596191044426165,-0.013121915811190654,178.4058755506173,76.1416173250061,0.9946251363948265,0.012243043658714573,0.010659037734625464
last_s[402],-0.06580393893488164,0.1066887591648557,-0.23079984234902387,0.09310960445882596,89.0399421703855,70.58077898133213,1.000283124982828,0.011552201436228563,0.007574489813930755
last_s[403],-0.06826409722973376,0.15354945513242815,-0.32036307661315777,0.20309430054905472,60.69494917367763,79.24319020498706,1.059260690418638,0.019782210538171453,0.02057121036703917
last_s[404],0.0005616806005194808,0.1620506122876446,-0.23257717170678716,0.23517039440723322,88.7599165060177,57.14503700312809,1.012121490659951,0.017852516656007608,0.0211369582125457
last_s[405],-0.3815612355113197,0.1751346460285745,-0.6576773048417184,-0.12120079417747083,82.40315054149468,32.804361203317704,1.0293878503659168,0.01805209481960387,0.0152755227235435
last_s[406],0.04795798445305506,0.08953064058226037,-0.0813953693607875,0.18732742272148734,111.34034542924321,110.35803742448799,1.035047682260229,0.00869779609316848,0.005495411074878495
last_s[407],-0.09538481479532743,0.18086646083464175,-0.36542643008344977,0.1885867739685411,117.58172960811604,69.40950677324984,1.0319370704676316,0.017003338022877887,0.01707487596372053
last_s[408],-0.32257983874035573,0.20921038910462514,-0.6590423104140252,0.016547254386717752,102.912743832252,105.74405100762837,1.0160932092771315,0.02070963497200259,0.015273381543578653
last_s[409],0.16275008523763446,0.1779629891499216,-0.09859165466543421,0.45417510806779404,59.99622167687488,41.42762577228598,1.0451646853626386,0.023317152896676595,0.01659345286488506
last_s[410],0.06996561245181163,0.09765945983245511,-0.08218596180270193,0.21676307309283074,143.15991251067445,64.3888165896893,1.0056498486292915,0.007930467828730067,0.008301973238818263
last_s[411],-0.0010204423699651678,0.09754208429160204,-0.1431151811742805,0.15027383234960326,94.27547902068066,114.69389025490987,0.9878353632677699,0.010028632528565793,0.005295526110605358
last_s[412],0.014745786102843576,0.07854354763557475,-0.11413121745802213,0.1386783751209864,30.874698843236835,60.60162363544664,1.0525334998934832,0.012890228197714182,0.003298658013027326
last_s[413],0.334267776662846,0.07475158612706084,0.22099593852265345,0.4553855302814614,113.59174586280457,109.87213797204878,1.0077693285174405,0.006997217756427993,0.005429765668566164
last_s[414],0.28086740908772784,0.08029494750038223,0.1622843661649205,0.3974397798941631,162.80964786613845,107.0083984940631,1.010425961515433,0.006371242185562194,0.006040596820965454
last_s[415],0.2229249930985751,0.08499466732163584,0.09322237954197281,0.34062132747717966,107.02282999423937,107.0083984940631,1.0032750624482574,0.008656434173081618,0.00612418376489804
last_s[416],0.1820355164105725,0.18341111485764583,-0.07729289822413092,0.5162914323596115,82.58936724955801,89.42579228114215,1.0201629459916146,0.02091530128929598,0.012830142961611998
last_s[417],0.2502852098076346,0.07944622558662272,0.1329041793237343,0.3942998575164883,124.93026249875926,114.69389025490987,1.0026564771007735,0.00730401449580825,0.006198875149840232
last_s[418],-0.16469124781237462,0.16539716064072887,-0.4154424825957688,0.10693266813256537,106.53168766443872,82.95828575267015,0.9993426268210689,0.0159061993149199,0.011484520064404279
last_s[419],0.17817803355310846,0.06588423559716791,0.07390174647628797,0.26925832941532385,186.92038333604106,18.364062215646545,1.0115979929804957,0.00485828388821587,0.004534559542335821
last_s[420],0.0937952565385451,0.1048788447767552,-0.05720110474534773,0.27591164088503073,84.76104703048351,49.4496211678168,1.0448303733775293,0.01161848559421023,0.009834978623605904
last_s[421],-0.23693492520266332,0.16065831840874908,-0.4523035911512866,0.037529114424585494,127.47756731041778,90.73987901349463,1.0003226430584038,0.014547350671863154,0.01480453186210677
last_s[422],-0.10168068905590885,0.18080419984379362,-0.39336804211337145,0.19657056683100008,83.47520010664567,76.99882668454576,1.012732258486018,0.019984165349054204,0.014735160436238392
last_s[423],-0.21544888914680324,0.18191665625983192,-0.48904567849161534,0.06967628835360908,76.90496951861954,60.41436284394717,1.0092914616171915,0.02097083562329733,0.012553738199783048
last_s[424],-0.03541707796701012,0.10909543544358552,-0.21300509446552818,0.16027659277143577,128.22584400310996,107.58137379821618,0.9952805714159492,0.009906168106524444,0.007311508061170764
last_s[425],0.02395009835898611,0.08747368557229208,-0.1110051698975111,0.16257120564108454,106.42547997021326,76.2616280874577,1.008502374533403,0.008341163889933544,0.005390004024645354
last_s[426],-0.05366316823175606,0.20484362190909308,-0.3528611512351352,0.2930643301023058,153.349406864814,110.59257814258487,0.9866503837876472,0.01610915235254571,0.013545665518474255
last_s[427],0.06660467424847653,0.2086299664330095,-0.25272733515331886,0.38683517812631435,106.55393240651449,112.46669895858565,0.998247706003322,0.01987263410322967,0.011429158735757703
last_s[428],-0.1754975292358835,0.17755626949171066,-0.427778696949099,0.12054417879435096,100.89865038323332,80.99079100639571,0.9904594634083587,0.017902164085541898,0.011818298567876825
last_s[429],0.09104087945058367,0.08353976961080768,-0.05377909664125273,0.22147880779982557,200.0,98.37231352718085,1.021686552706979,0.005936912908402283,0.0059918808089318674
last_s[430],-0.07767027497309663,0.18061531574559198,-0.34688322216143613,0.23506755019874437,81.20927954720501,77.90427999156651,1.0990656166255517,0.02044940201955953,0.015407549689075041
last_s[431],-0.10712062068449986,0.11505302116376113,-0.2658818824500774,0.059922446000699604,97.97353952306908,74.84760667532728,0.9906874053399474,0.011860510080822121,0.00867269656945162
last_s[432],-0.04288583166067375,0.15129638643166166,-0.2882005706404542,0.19690010626488533,135.68231228996095,110.56437336853791,1.0115738376849637,0.013000462232484331,0.013504952431486977
last_s[433],0.03528796573833256,0.20629489605400086,-0.3083697082032323,0.36313478688594875,95.74871446739203,86.67124259804318,1.0178189012078653,0.02093191216436088,0.013185528726448107
last_s[434],-0.11505642402179517,0.11361868797305238,-0.2990272425437137,0.08269103397652508,24.734512267895877,71.43538388173585,1.0599875061357473,0.02131172933612216,0.007512990865424727
last_s[435],-0.20959260241255154,0.17647960906998938,-0.4732353787387771,0.06554793037074547,153.46178769230573,70.99410758410949,1.0323116962176042,0.01406422347846586,0.015717854867768735
last_r[0],0.039894528148172376,0.06520945713923791,-0.04638037259322938,0.15296504827767032,96.06480000418145,74.25399028452463,0.9945258304896116,0.0066844606732651395,0.005384223483319691
last_r[1],-0.13857602799377103,0.13339473990008224,-0.3575910437545947,0.053466201369376964,152.19212698194514,112.28917135174774,0.9899105050072551,0.01125135173084802,0.009486538329261687
last_r[2],-0.21052612699243536,0.08193760351919394,-0.3309552916445569,-0.0915607602343426,121.95242657638526,105.74405100762837,0.9933524310210224,0.007609358128856563,0.005907478395062439
last_r[3],-0.12483668604134616,0.13099560857673673,-0.3355478381292938,0.0627816703864137,87.87093439303636,107.24905453390684,1.025401828013238,0.014057004011642556,0.007836319171673576
last_r[4],-0.030790923726841734,0.14926906110886773,-0.2760470793361053,0.21540157172006896,67.5496947060217,29.692875266574305,1.0096146565245077,0.01810895948795116,0.011917889298154917
last_r[5],-0.2962277890336111,0.1165736280908062,-0.4759952586459051,-0.11700901690329772,156.15061945013431,91.35428060057673,0.9913780214813117,0.009109451190660504,0.009670918773289579
last_r[6],-0.05597882072439467,0.07665890882758257,-0.1662827297031156,0.07950892511091158,199.4674069748315,108.62818125387963,1.014244290390647,0.005447911425693342,0.0074635067758035975
last_r[7],0.03392869074666196,0.0806488932669044,-0.09357157212000929,0.14795552482605465,137.51386424967754,107.86783656212896,1.0319271457091492,0.0070928436620087505,0.006065336349125356
last_r[8],-0.12206787324310138,0.14831060981623737,-0.3708525860869261,0.11269690419779169,97.5508419051956,75.67600511955793,0.9910022484699353,0.014844062488673706,0.008769712481409427
last_r[9],0.17470219537871434,0.07705010002179091,0.04764460319972305,0.3035283040429715,125.02357241442971,92.53693964437764,1.015182570941638,0.00666758894300773,0.005480117192173836
last_r[10],0.1848123129736707,0.144544851834425,-0.0775600128672198,0.3675539321024489,160.06337747422722,81.22171451059269,1.0026475155041104,0.012069631109468668,0.012126745688125926
last_r[11],0.025136630530446277,0.12607888480549517,-0.1630919891214019,0.19525754681114252,79.59507570253741,86.85568504667482,1.0296152128447138,0.013811436697596428,0.009580719366784554
last_r[12],0.013126456102628503,0.15708119539999804,-0.21368378027350868,0.2818715888812014,75.93719267969544,82.02331537578381,1.0213097397869353,0.01790365771104977,0.011240892375562075
last_r[13],0.006160442934868303,0.09359934093324955,-0.1307652633424636,0.1572531716848508,99.10922584388899,94.7523719889095,1.019939073123954,0.00946132559507657,0.0047525133414484146
last_r[14],0.045027843809008886,0.12373571126669586,-0.12783525817846267,0.25516489395591985,112.53468994569911,63.18457037893731,1.002092001110616,0.012560760986014621,0.008422112050129306
last_r[15],0.012754621783141738,0.14828189224672822,-0.2115915840923707,0.2444472873498849,135.6686154805827,92.53693964437764,0.9866042165352162,0.012780544038685206,0.01656343363820061
last_r[16],-0.095786600048396,0.1691929870188323,-0.35564769213048375,0.18181411331583186,120.57685077696044,44.86373165618447,1.0408738471356116,0.015603644629573596,0.021148906838622427
last_r[17],-0.11531447477164676,0.1319131036284489,-0.3159257247727533,0.08780007120258461,89.36690059213915,76.39003125514064,1.0227606112869916,0.014146129195607305,0.009668341545200713
last_r[18],0.015802868590363114,0.1739478917745533,-0.2737693249595575,0.29772672744201867,200.0,75.36202325107072,1.0071992422106026,0.01236193837829432,0.016240913836110142
last_r[19],0.09055844710096697,0.06654495993665224,-0.017310714974343482,0.2039040290773828,104.20620121653964,72.06315952824332,1.0252526572827458,0.0062065135430071205,0.006745760073089216
last_r[20],0.03560120000089235,0.07412319176912947,-0.06986535791852261,0.15207036910254004,90.27260855783858,51.135090352241335,0.998289023088454,0.007664540028382257,0.004565636970969766
last_r[21],-0.015806194115574386,0.1545537674498431,-0.23870227924849657,0.2577476210249966,47.741122436042524,52.59793499256546,1.0400411288655134,0.022262834632789153,0.006959636364031706
last_r[22],-0.1463260166016528,0.12288885390982966,-0.35234801594467485,0.048159301122514,120.14384112480386,104.4782466934123,1.003150018804808,0.011254236814794481,0.007951757369597261
last_r[23],0.08520669636294308,0.11742765324867631,-0.09586633819120138,0.24487739279205295,100.17962400156446,90.31897306233589,0.9931080617760718,0.011518495631351964,0.007831672842861803
last_r[24],-0.07165534736585695,0.10961029519681288,-0.25225397749990036,0.11675803086177719,123.22536194252277,142.66909288009597,1.0050161756475642,0.009826880011567058,0.0064447938473332755
last_r[25],-0.05654571601983641,0.08676051290636799,-0.20161813471369297,0.06555630340810126,108.054278993352,99.46164199192451,1.019242713840355,0.008329898710863329,0.006301716003288041
last_r[26],0.1700643446920983,0.06934124767830746,0.0628971611273036,0.2779216647418187,152.02962838462972,96.39968692929811,1.0138459162505555,0.0053643024552284336,0.004999575999486394
last_r[27],-0.19516881583113208,0.1365638403003012,-0.3970611760499899,0.024195063339476797,174.1290458138847,111.04834393768212,0.9919418017414632,0.01065026231343267,0.012324887297518482
last_r[28],-0.09740840396497569,0.13729839321442702,-0.30366865561858336,0.07215924078367643,145.27579039879254,110.46027592768792,1.0095490809889665,0.011259218469867865,0.011399511064813723
last_r[29],0.13274816547712154,0.13123906335685667,-0.07147510818883102,0.31866359151410606,154.87159545834697,134.21721758082086,1.009129792533138,0.01036010269287608,0.007467768206432409
last_r[30],-0.0752579390617052,0.18610160572317436,-0.3411032113746013,0.24717477345668035,115.47755924395533,92.09316198951058,1.0047676874447964,0.016934207187291973,0.012087860760741592
last_r[31],-0.0577010296202357,0.10087749106485941,-0.2532122017260392,0.08781144827451523,86.87011676011018,81.85855372174719,1.0099879116621873,0.010042548963404481,0.007954575184429682
last_r[32],-0.06060143201476413,0.17481763920766766,-0.34502996909539035,0.24072574880210612,156.5859371646327,107.94624598305579,0.9989789711325668,0.014230251137295232,0.01069252223886218
last_r[33],0.046969540318093486,0.07516406715079053,-0.06637766740866073,0.1770464850173383,114.82138293356704,75.47208245910659,0.9923843861654035,0.0070621180105016855,0.0055722566896212085
last_r[34],0.3735227822465715,0.06008845592925317,0.28316114706691253,0.47519565151150944,146.63383330599606,112.46669895858565,0.9991552599267411,0.0050128827916261975,0.004312911196649326
last_r[35],-0.04790556323913482,0.1131991446015169,-0.21689316922969035,0.1301513327680639,169.02892503451687,49.3530138500552,1.0799254707589596,0.009105887677961222,0.009487528691427565
last_r[36],0.020719726177779417,0.15651562337947034,-0.20990301771459832,0.2687440193969943,81.19347054815738,77.34427048634245,1.0393437289081906,0.0175860579249914,0.012659445936924895
last_r[37],0.00027707886512693124,0.09567352710140635,-0.16492735872411457,0.14777665864264578,117.78234568248595,81.55514576747446,0.9897358536889143,0.009030150394631365,0.0067495765898591955
last_r[38],-0.06689198204473717,0.14770024884973454,-0.28887785589798237,0.15349156829787597,75.31148360880916,36.230140782725016,1.0172379033297625,0.01591540005724549,0.008425084348208932
last_r[39],-0.15425618539596064,0.1228395172464673,-0.3220090824540038,0.05164055617514825,79.1292937783192,90.382526849282,1.0054533826977547,0.014179036823991343,0.008456888075029294
last_r[40],0.11581269890346761,0.11577930941035527,-0.058940449988097034,0.29500089669538043,137.46528058075648,75.37232110424992,1.028503847289639,0.010034844077466767,0.009346449749924228
last_r[41],-0.14159133012091168,0.1881439210469637,-0.40848388847930417,0.1702519078688824,182.08531083760465,68.71619384037973,0.9961144555651474,0.014015234716895992,0.024844661182174814
last_r[42],-0.06636921441999588,0.13524645089453524,-0.2958755240726605,0.11550967044946761,118.95337939388634,90.382526849282,1.001882137009926,0.01252698506288973,0.008170333886777651
last_r[43],-0.09156960968171658,0.133400002607678,-0.29042042076127855,0.09280712389736508,175.70219186088858,92.09316198951058,0.9997109043350689,0.01019761304515215,0.009306637847012971
last_r[44],-0.06605398833435754,0.13521521740311807,-0.2611768509093449,0.14057468923437438,118.35303776178388,78.18964968490735,1.034893717823058,0.01196265684740832,0.008302116248540967
last_r[45],0.027649158246791053,0.1784460164278399,-0.2652424642585249,0.2714707128808438,102.60929098974043,85.33952035284386,1.0186059078681189,0.01733931674205619,0.010126954357051339
last_r[46],-0.03016408847561596,0.12839248108845988,-0.2418176047075501,0.15594109171267528,112.06909272118821,76.53009093695717,1.013255571656904,0.011961045646777711,0.009897766227267244
last_r[47],-0.03000182355703822,0.15077967113376292,-0.27746569177453156,0.2027331624833301,37.752487477692966,91.65597552551068,1.0529123387982808,0.02265767977608004,0.009916042509582789
last_r[48],-0.007787464484275182,0.0727187823966796,-0.14368715862241946,0.10177255253775049,134.02617334566864,111.75111751117512,0.9930095124019027,0.006556435366040451,0.00470487590973733
last_r[49],-0.08094331201986135,0.12640922318065947,-0.28887083592628143,0.12755804381949618,64.66443467967329,58.45274875409482,1.0165028453480063,0.01559167762947691,0.009219727405705794
last_r[50],0.15583875828081217,0.05689950175981568,0.0779117471579935,0.23907606546286553,120.75874244855913,54.9160495637509,1.0037163388459716,0.005123172954804904,0.004482760053877556
last_r[51],-0.03639570610149553,0.06564544793147756,-0.13679550173960509,0.07205231831687187,125.22957777243488,110.26764282285168,0.9956583134564785,0.005820337821861413,0.004500855587916411
last_r[52],0.03495339434097532,0.09777753760998247,-0.10146445323505111,0.18630902065914548,181.58722354978124,69.4874503661069,1.0182851816566079,0.007239409760142776,0.008631021681278418
last_r[53],-0.04677624985380706,0.1460552292586335,-0.28062498846550854,0.16818045493623107,163.40932610733074,90.25447598520658,1.0011894318791896,0.01152290065061317,0.008704308419006235
last_r[54],0.03944679186238602,0.07746568692994335,-0.06884045080718733,0.17342779466919728,81.41391083596275,111.04834393768212,1.0319334277346852,0.008407791309707702,0.006018212538198521
last_r[55],-0.018281011520338862,0.10172650840955513,-0.1622447434848596,0.16733132075018473,119.55746864794423,89.35518381637813,1.0077951285954363,0.009368601242695493,0.008198350496919015
last_r[56],-0.05493810164534471,0.1638748855040117,-0.3089149112319761,0.19790307733503637,124.80142307895747,89.09242298084929,1.0517818000092234,0.014676117929810358,0.011745773792814888
last_r[57],-0.03513071064191065,0.13870177479945528,-0.23549560025538924,0.17919339972827394,84.6387344816366,68.05026377491207,1.0297605708624786,0.015510301487946417,0.014380269617975092
last_r[58],0.024567821029409572,0.09378572293711789,-0.12792955568529926,0.18333937240219608,143.5376289123374,140.17630812303733,1.02162253697078,0.007967893249631512,0.006700822821636138
last_r[59],0.205461169477187,0.09819835804288805,0.05880137700554904,0.3721245316666904,86.12186991496901,77.34427048634245,1.026930984339314,0.010499187501206783,0.008267562081875455
last_r[60],-0.06113835658725414,0.1273779887691181,-0.23711447807946087,0.17023742069519399,93.69311032717538,59.36434968693032,1.0049034987503591,0.013654791979241169,0.009692074935291511
last_r[61],0.004498584612182466,0.15254270436063772,-0.2343394715891252,0.2109000833278375,103.80017760620842,89.42579228114215,0.9968645112094082,0.014656259408581843,0.010508324250275624
last_r[62],0.1555515320136243,0.06573985777380434,0.05021502349328399,0.2494134622444391,154.6777935416287,104.58533823945646,1.0079566070818127,0.0055287472265704764,0.004162379195585894
last_r[63],-0.06405015874723075,0.1669955220117256,-0.34540591494339534,0.17062722922178727,97.53834883203852,55.83460400035879,0.9950178099514292,0.016532700727506046,0.010234348269834152
last_r[64],-0.034218322064986706,0.15346969158141716,-0.2840182662090812,0.21916529630112644,104.20293600767762,89.42579228114215,1.006212725573463,0.01498606361276713,0.009274481314741938
last_r[65],0.16052132979519623,0.09006027703632273,0.005975531768761094,0.2960591607917304,119.99033190638295,107.94624598305579,1.0069952930881523,0.008166506868887913,0.006073633831689155
last_r[66],-0.10010600315566681,0.14448435589320086,-0.3284338629106539,0.12293169947031499,162.84014323034532,110.56437336853791,0.9953679579257577,0.011159689966782025,0.008164284171814596
last_r[67],-0.1552915394119568,0.11878444115812826,-0.36581226278314527,0.031938477790537004,101.94991538516278,111.45445817832712,1.0046120837132813,0.011367360158147028,0.00762056419570174
last_r[68],-0.06871046468731597,0.1714266625809444,-0.33519962248057644,0.2076126495315498,123.92985375366723,103.69147239092105,1.0586253740537503,0.015193622451316611,0.012319302618902744
last_r[69],0.0907137895769285,0.12772678446643104,-0.10439878271021052,0.2634858892013491,60.48504378176918,56.72510143152416,1.0331943276580071,0.016934534252274116,0.013309827836551397
last_r[70],-0.07544806459083307,0.13986751070468745,-0.30559863755691213,0.12120903498354141,131.39976564836726,87.95271511326715,1.0041755946579671,0.012196210314559456,0.012819729857072986
last_r[71],-0.06370244675083182,0.15360483686766774,-0.2980801547363159,0.13959451976358261,92.33805020230768,58.22270762509804,1.0335304229609656,0.015907389101898383,0.011546179171669167
last_r[72],0.05824390511484974,0.15621111808153837,-0.20840621700131115,0.28314324483330433,101.7409918852365,54.71200718693391,0.9912729731064103,0.015526453989901346,0.009307587847899017
last_r[73],-0.054748077358893824,0.15893993087257968,-0.3002968460832742,0.16078756060930596,41.694715669698724,71.069756821555,1.0515357763219118,0.021635151472579457,0.011612401698365814
last_r[74],0.057247118300969235,0.14384726429180128,-0.18354232287205782,0.2850519628675696,114.7243278699906,106.5888714956596,1.0269309276668888,0.013508108379353742,0.011449548549575722
last_r[75],0.011588636709658437,0.12255363262509922,-0.17602789945462485,0.22829639010302796,82.42176382210404,80.82443077587135,0.9930845632698626,0.013358951243231141,0.008465556702128573
last_r[76],-0.08205631127893966,0.07456091959435611,-0.2127121687991937,0.0358874892492078,148.63598799862277,103.65802617260526,1.0177318694646855,0.006103870479146213,0.005802116889900331
last_r[77],-0.15932726992640311,0.16245267543489703,-0.40194906632374855,0.09920544990252488,156.49202038443354,110.86108610861083,1.0011069243253563,0.013370713373843855,0.012190390115436297
last_r[78],0.23448585634039826,0.09142990305569963,0.08141878646881111,0.3707756652334723,97.77307109631833,106.37076167781574,0.9935925022368955,0.009250541704386023,0.0045317727800386984
last_r[79],0.014358561532627306,0.14006504892324778,-0.18073427697770264,0.2585508695209391,86.61292444163986,65.83766437615544,1.0561160408176478,0.01617133854227124,0.017047333184467155
last_r[80],-0.013454979014281212,0.07314784445603162,-0.13808244193389446,0.0997444690647978,99.31559050021559,63.35374068452735,1.0084290476549047,0.007649396064183634,0.009510078227680617
last_r[81],-0.09613759888222483,0.15050192562758885,-0.3176402123759192,0.12622606592536648,111.90514193860166,89.42579228114215,0.9928591544515477,0.014298624642325458,0.011440134339580814
last_r[82],-0.0070081295187233075,0.15782744366510898,-0.2762199046206463,0.23113472533255291,87.20291428341716,86.07034707663635,1.0076066144008038,0.01698580476299821,0.013325045633715924
last_r[83],-0.03701967662624938,0.08162467329986785,-0.15760281098436563,0.09951871203596659,87.67133229980826,80.26255930330801,0.9948059792261066,0.008756323839707364,0.005161703306860835
last_r[84],0.36603774642308146,0.06473462942182703,0.2704048948782987,0.46192406593498897,146.09159232196595,77.90427999156651,1.0349757594984603,0.005304797183111322,0.0064068631628266415
last_r[85],0.13684883957860597,0.08207086085436055,0.01447499892422896,0.27587391704710656,172.3921357673636,96.73845836768355,0.9990976322540063,0.006206916175230277,0.004866459814838514
last_r[86],-0.02958099636708787,0.1639068497805327,-0.2779655384240406,0.25136185089064705,136.35282233451417,77.58980785296576,1.0009724791252528,0.014482932246012057,0.014335289970240332
last_r[87],0.26486632790618236,0.09735135958095653,0.12388366947424267,0.399619057782284,140.1873934508678,109.57804276071246,1.0215048596678442,0.008125370876393194,0.008996891327494323
last_r[88],-0.08856345699717877,0.13320175910088677,-0.31881761068416964,0.10266784678068995,78.64221017279797,103.69147239092105,1.0236342840293944,0.015759598164883683,0.0115181741174751
last_r[89],0.03312034669261724,0.05814574998753293,-0.04842456993285483,0.13269330018081843,146.4988567995979,81.23503139361776,1.0110551377968062,0.00484712372794792,0.004045268172755039
last_r[90],0.017242829791397254,0.06943233978641965,-0.09374362808312342,0.1323022665046844,113.20630019540155,89.25790142093786,1.0070042719749133,0.006666495320171841,0.0043281036883284114
last_r[91],-0.01152790385777967,0.14601941482577266,-0.25653136035586777,0.21248254040812098,72.0730798289865,85.248843790985,1.0007765513949252,0.017949242014933257,0.013402548238501368
last_r[92],-0.1146572705587459,0.16300725678901776,-0.3758689466725367,0.10670928568717701,84.3685598953214,92.98745867925005,1.0034172140813424,0.01786872534753135,0.011000276593867766
last_r[93],-0.011520463905619902,0.12704835868990355,-0.2174855707227608,0.1752434166033046,136.33201430453767,90.80079739388343,1.0289646196130637,0.011444315640922385,0.013463268782501854
last_r[94],-0.017377710301511647,0.10827518660493753,-0.17929101889564306,0.1489556357725407,83.13764610107243,82.51624986228927,0.9987080311700098,0.011909541529316336,0.006710036509275788
last_r[95],-0.08262332410016426,0.15395067676172747,-0.2956271233259677,0.14407518782032194,82.29259994955447,94.67231245655061,1.0041613539790002,0.018009802633748205,0.010806567776259686
last_r[96],0.14725025367022218,0.1234828797213487,-0.08784511566066215,0.3223605092415037,106.49213567625796,69.19480712995215,1.0004884450628313,0.012349926345438165,0.008177536304165836
last_r[97],-0.0036904444916949154,0.16934265497648385,-0.2700704748491923,0.257610431563266,37.95184548118335,30.537774697272386,1.037626715118538,0.031050301707183096,0.017981933794051275
last_r[98],-0.19088190394490984,0.1692589843155018,-0.47591329685493644,0.05377559356079027,116.73083852205647,69.67754101452007,1.0019168774358465,0.016037333493948026,0.01588870851118761
last_r[99],0.09919168626822972,0.05766962021037061,0.011247522944830782,0.18234031696773306,126.23605327850451,94.54850860226003,1.0156174443351536,0.005295801306122878,0.004163433476917468
last_r[100],-0.15853972344593548,0.1400631124345402,-0.37467166384768774,0.08722452209171254,124.16383730425645,111.5686215144267,0.997117595874387,0.012585242016672398,0.009712696517080208
last_r[101],-0.09166233182667813,0.08159309310079144,-0.23356904599112555,0.03386831783443329,109.4762678131251,109.48367322881057,1.0425768494224368,0.0078581841981458,0.005290290371229492
last_r[102],0.00465623132763127,0.1654368861160778,-0.2234725712435331,0.2897140737527166,81.96998213771154,63.695914497500425,1.0215149456131043,0.018760766481299353,0.013678755874389664
last_r[103],0.18550931521792183,0.08888800111031078,0.043128040379872626,0.32308317220519256,163.00533905033328,77.09159190486122,1.0002217984565618,0.006799767507469296,0.007097577116548935
last_r[104],0.17351979328533682,0.07213496587978943,0.05027387631045426,0.28423973201969216,42.01204391704806,39.73516849591159,1.0441478536374773,0.011251514409641861,0.005031586853624567
last_r[105],-0.021189558405005037,0.10226482924157672,-0.1790143358031687,0.14909964972361384,91.65402587764123,63.81464092611756,1.0071678154962034,0.010637868949105008,0.00839216423532398
last_r[106],0.05583382927097329,0.08590883921355766,-0.0645302628588262,0.18966641970240533,96.14884480522258,77.34427048634245,1.0083458354807795,0.008572294435796471,0.007150948915780197
last_r[107],0.11230630636738245,0.0600877403063174,0.01904828166957781,0.20802771394936684,143.49507757100469,94.94161413661269,0.9874300766595551,0.005039498197338592,0.003244149365413201
last_r[108],0.00993716055220398,0.11852882805205771,-0.1502783114848595,0.23146662073329394,163.23501474277026,104.2453754232782,0.9836433625799896,0.009557957576099868,0.006939976788077229
last_r[109],-0.022582688166263697,0.16066131044644466,-0.27166518632287173,0.23638034705257532,120.72016228066146,93.44487388120423,1.0116935058123706,0.014483834717830624,0.011493099214818964
last_r[110],-0.04069451439783647,0.13829777506366153,-0.2632531041864845,0.17393090008725814,97.18615757461637,70.57504891810254,1.0133704528506549,0.014471498751825507,0.010421075464957855
last_r[111],-0.010585984045747697,0.12691797124581233,-0.18597254901605562,0.20573247091447772,85.3740845632104,87.91339519390911,0.9934438923367919,0.013786838009715688,0.013668282211512168
last_r[112],0.11317222020041204,0.1263967593414408,-0.08557085800366597,0.30980044773651694,86.71028952255034,88.94735571700981,0.9977099357678372,0.013481388153151225,0.00651379621013035
last_r[113],-0.12757992484934644,0.1295833255934835,-0.3062415742562614,0.07346677784403374,200.0,79.28023286583758,1.0139433971283764,0.009209085948090999,0.013670045599958524
last_r[114],-0.0559492215607454,0.16684926555280652,-0.2928285110395114,0.22494192837331456,102.92584887490146,92.09316198951058,1.0253353247622898,0.016289592718159208,0.013306418084763447
last_r[115],0.2042043799925367,0.060301792260113556,0.12034734105571468,0.30443563640092386,150.34520815518275,112.2891713517478,1.0002075959988654,0.004824468718355824,0.00507091065105116
last_r[116],-0.00970030542922285,0.06182187000217294,-0.09813108545552807,0.09235507872374285,96.33022254437844,113.19544163025876,0.995867277110149,0.00619667499819767,0.00416186546084873
last_r[117],-0.06911083488564605,0.1703540925909933,-0.3098127911629687,0.2578358386215132,144.48459623198656,62.901989535775066,0.99063972134146,0.015202602435647479,0.02602354082763605
last_r[118],-0.08633590361801093,0.12181494496675593,-0.27534746888195943,0.1008623583110865,149.34383896682417,98.71760619823661,1.004154039580377,0.010093649419228102,0.013788903225933877
last_r[119],0.3018421334891282,0.07341740020964686,0.18401276425480298,0.40199678907855435,153.0026065310136,92.43132961783444,0.9973357708685346,0.006089703841384381,0.005421870977777335
last_r[120],-0.04364294089009999,0.1476923219401698,-0.28694731914550914,0.1634140915929717,123.59236906471844,85.910253429435,0.993602888595599,0.013562995442005999,0.011498519045816969
last_r[121],0.009636713290112215,0.14124430568383262,-0.21433548732666527,0.21630792197354093,93.44495828222661,59.98374942246729,1.0018968232416121,0.014240629877170542,0.0135010958223305
last_r[122],-0.007503008546394771,0.07531055550716907,-0.12794792789260573,0.10881814291171235,127.50216255529732,84.32687246847752,1.019864020019508,0.00672949716951863,0.005993612665750984
last_r[123],-0.0011011644844187913,0.058732810784997425,-0.08714076077551723,0.09194250963176703,109.87317076992436,104.7992164544564,1.011617356329941,0.0056214655851804475,0.003752007393115622
last_r[124],-0.05934669279329448,0.17278515495828387,-0.30662780661280825,0.24983033341482266,88.34785767318373,51.53087061850731,1.009017359391763,0.019460036809685815,0.016097915026283105
last_r[125],-0.06678468441993904,0.138678666669477,-0.2564822248164495,0.18760210227603422,103.66335903898097,109.01352173031823,1.0196275976517615,0.013746044303269072,0.010812195127065334
last_r[126],-0.06696900925903235,0.17676483357655537,-0.3639825599280052,0.2121793399091331,76.93050581325735,56.670655437899356,0.9850247483389218,0.020321333548356992,0.012663632992739036
last_r[127],0.13095707352931493,0.06030239612132382,0.035668283949988666,0.22383387216980213,98.6183028255372,83.7009263343626,1.013434317597754,0.006067594862646762,0.004584701466659464
last_r[128],-0.04724087140901714,0.13073330496068047,-0.2517319175078771,0.16956534689989014,169.12195065505568,144.34564612793292,1.012773883662108,0.009742606993716357,0.011372360946338214
last_r[129],0.03474071730611687,0.14904753314023506,-0.1960413284481948,0.22928679521120904,191.0480840498404,107.86783656212896,1.011436452181025,0.010592346945511566,0.020356297772718652
last_r[130],-0.05745384146801811,0.1527748718861655,-0.2962400270987624,0.14687444350613663,81.25889481415375,59.5181183669567,1.0441165747112766,0.017091792783756315,0.014768789801196435
last_r[131],0.1179549651371969,0.0833662995555753,-0.030721918025331328,0.23897828071504676,120.13363354968507,91.60058664147752,0.9963196266248977,0.00752725311168848,0.004652292355088021
last_r[132],0.0590592596361102,0.09806281986823917,-0.09976343475047589,0.22419056590620728,121.2539436705822,63.71328170311488,1.0049805711605873,0.009473554546149546,0.007132034549381543
last_r[133],-0.10873245684318933,0.11609908680714516,-0.29007106806047583,0.07625852990212371,100.395893691835,69.0975690975691,1.0089726684156737,0.01163889823149947,0.008877160453356797
last_r[134],0.14779937146009564,0.0672306965269941,0.043761047329245656,0.2572195559270404,200.0,91.65597552551068,1.0273307942874914,0.004777877553547264,0.00485938908379972
last_r[135],-0.10064157833309158,0.08975708209726758,-0.2697943967056559,0.04393988633645223,87.594915104495,90.382526849282,1.0321072493317207,0.009562636246962568,0.006832845822252718
last_r[136],0.01667877175969394,0.15688981072715485,-0.2199241046627709,0.26048878553387717,101.64441477412925,114.95870870870888,1.0147693197124703,0.015827333542427786,0.01032408962453977
last_r[137],0.03423670423126708,0.11702914670847053,-0.14917184229969432,0.20601268375404577,89.52630180244431,89.6649932419386,0.9905767971769532,0.012375536174445777,0.008702643381349028
last_r[138],-0.08115848590626723,0.12279039520436788,-0.2753745036160951,0.10130140096991039,107.2014297619683,87.9248319606172,0.9932395823124611,0.012182437354510713,0.008240221931997605
last_r[139],-0.010729012947399237,0.13961260450204319,-0.22410700307932488,0.21071700893987566,157.79979732258002,112.4666989585856,0.9976770551855677,0.010915777129439528,0.009195803221649094
last_r[140],-0.030677606632650466,0.1640866250358389,-0.28945931473832753,0.20409470479343203,114.42653051186834,88.94735571700981,1.0123435885095242,0.015428082182931884,0.008337772144253687
last_r[141],0.24989671476619496,0.057601373765299134,0.16419034369165358,0.3431773998924447,190.02054717948437,135.26943462897538,0.9932309494154936,0.0043884337033265235,0.003733902254748097
last_r[142],0.01766662008014106,0.103459821885403,-0.14817829302935615,0.18113534688752508,113.97248004925382,109.8075052324381,0.997539224304321,0.01041286328717672,0.006048275413627309
last_r[143],-0.1188678770977428,0.1463450149608311,-0.37524926874043585,0.06613014242918513,77.43039340635302,70.12080030200073,1.00421460789992,0.017543426811410898,0.012817598987784612
last_r[144],-0.22486980716219832,0.13286898484619533,-0.44772215465843523,-0.0055447826140580265,95.91932257512266,92.98745867925005,1.0028400368192756,0.01373970130833616,0.010860947953647976
last_r[145],-0.19344670381634405,0.08828323535646239,-0.3191161733176662,-0.06045645320036038,131.0364712953973,93.65283991810118,0.9973917121082871,0.007168097925457904,0.008703964301984774
last_r[146],0.17334532567352773,0.06296617906105767,0.08828292103935702,0.2691031298803109,129.31378912989678,90.40689185242869,1.0063037842940263,0.005584356123903453,0.004789862772472031
last_r[147],-0.004792743331379582,0.07423464870644902,-0.12400510866944102,0.09431210285141998,117.5652843901787,40.113050636827495,1.0175862816718928,0.006786211945227335,0.0052683216554037186
last_r[148],-0.06989233204281926,0.16596952130594456,-0.31919095353840615,0.1908513854783961,69.7516627432519,87.29033782187572,1.0036341517318284,0.019984177716053923,0.016286091971788447
last_r[149],-0.13447141308449806,0.13844246446676556,-0.32517959179092265,0.08322377621007135,111.76009006413629,86.68852156247128,1.0675263897397496,0.012891995475029843,0.01412278677599631
last_r[150],0.05263608403530621,0.08467603931387553,-0.0823176098880662,0.18712753954611355,76.3231524865998,74.61037917737788,0.9995175626108271,0.009797395091165567,0.004922344863586043
last_r[151],0.1629185398026771,0.06537057895017057,0.06630913153771699,0.27321247256511727,176.12844223770958,142.7160589454116,0.992219747083424,0.004962691158759683,0.004339632488304147
last_r[152],-0.18269617037378663,0.15886965011636392,-0.4216346829466267,0.05610612936193825,107.44757994939376,65.18801874045867,1.018821253095125,0.01545517784465721,0.011614534874812696
last_r[153],-0.01493942402676963,0.08091301174314368,-0.13702853162244838,0.08968170213998436,119.12233222530121,88.7829191727972,0.9951505750260664,0.007612776274223916,0.006267937918470015
last_r[154],-0.03301912845975325,0.1444375178432275,-0.25233861275538544,0.17789084513537679,96.89136118698212,48.83855607747252,1.0101384457959475,0.015036554051268804,0.00845309722275645
last_r[155],0.11489787826858196,0.07608604406581652,0.012754870395676425,0.2317937194732945,200.0,89.16339931031223,1.0451608775004317,0.005407199699832208,0.006886260230494418
last_r[156],0.16858437749923177,0.06257743977288088,0.07468057853378259,0.268066783353818,138.51200707316988,104.29014959074225,1.0017980572795757,0.005287295967287003,0.003920838473733763
last_r[157],-0.19170420867784252,0.12346919882379452,-0.37369303826303385,0.010348531346216813,116.96675629302817,109.33880273273226,1.0067295644813778,0.011572037376980242,0.009322936492293241
last_r[158],-0.0771713235009716,0.09308679626040374,-0.23099685909546558,0.058927063381306606,72.50885699055725,79.74430167237037,0.9931832454628089,0.011307026867264616,0.00816350185723968
last_r[159],-0.05171432620719555,0.1159330230265535,-0.2355754402935805,0.14528800071349812,54.73069086980646,42.66657576583953,1.0433909637540622,0.01577892383099737,0.010434836615198385
last_r[160],-0.18643829741333334,0.08230476807227514,-0.31146773132343913,-0.05713937428239699,157.95146540404752,113.9377119950663,1.0319904984585742,0.006456568503430075,0.005825200331388003
last_r[161],-0.08982799548378807,0.14703542346108697,-0.2927044179768699,0.1564398411458193,137.02380367803175,98.90285897333227,1.0023236608908073,0.012346155151706534,0.010726528005387488
last_r[162],-0.021794659264988584,0.12074166685760426,-0.20565792930966093,0.14823176250992529,129.3641277752141,80.91109606691272,1.0103021803782033,0.011095617574931677,0.015558000247262681
last_r[163],-0.033289036352480116,0.10869075591932689,-0.20760734182286336,0.12299225375162051,134.00465309099957,90.4971834435464,1.0001432466107911,0.009564725473062172,0.007666898456633808
last_r[164],0.028551095406394597,0.05848402074043411,-0.06250107034145526,0.11412843171260377,135.99382963321452,84.1856805664831,1.0070128520994808,0.00521430264734692,0.005938106309677469
last_r[165],-0.04555085582235744,0.12491470970811726,-0.24320608754815531,0.16308084211182686,135.9472468333744,112.5912799046717,1.025751384958626,0.010914331121642173,0.010324095892543139
last_r[166],0.011962340814257198,0.10956155822836432,-0.16945943910374875,0.1912750142380866,76.99530065645618,90.4971834435464,0.9998856136955794,0.012117373527567789,0.009316516708299093
last_r[167],0.1633183485805591,0.06910478276248896,0.05924202649258214,0.26289458679244826,98.76937432404742,88.0136096212461,1.0105229025774385,0.007124795318861222,0.005058034346538175
last_r[168],-0.06049057959667161,0.14575957644176152,-0.2749996019881272,0.1590629486045272,111.39368019286688,64.25323839752942,1.0037365372892801,0.013488523292274604,0.01635341923937811
last_r[169],-0.04556063676617319,0.14152781437241174,-0.2581743286744277,0.18605302710637006,121.38597401851828,94.98769155421516,1.0176110207924185,0.012828003780232229,0.010248168551243662
last_r[170],-0.05289558923653834,0.18719706086607152,-0.33854962875149985,0.24842009087610856,107.76114529748838,34.058850837410304,1.058092571430606,0.017403613138010636,0.022759535560550524
last_r[171],-0.24828291048827972,0.06320604181725212,-0.34448351069954103,-0.15525194819868407,109.91504007452235,85.20782953871426,1.0130803315023433,0.0058652835361177715,0.004203641746955456
last_r[172],-0.21480312811402308,0.14836414591114946,-0.46568898981151813,0.0352820403600602,122.26745374683814,54.23733736059482,1.0226479150576326,0.013663285910065657,0.009090706575045323
last_r[173],0.07504653546055727,0.1430821308646117,-0.11279326290447442,0.3368116567537356,154.4602118904073,91.22523449171015,0.9897138905060924,0.012167340963292665,0.010018606125797238
last_r[174],-0.03856517348191789,0.13704118886588215,-0.261497134901422,0.16517212541099263,92.77143599080318,94.73251240391781,1.0077763434779339,0.014292314324275775,0.008467769169124525
last_r[175],-0.1750112018272779,0.1708202552720698,-0.4773039677464315,0.08606207313759011,116.91728647494317,104.26790325715719,1.0319714237722544,0.015820519645085712,0.015638733224514582
last_r[176],0.009246953846029927,0.0745184726765375,-0.10621951599985636,0.11721289531858727,86.36599825017848,75.2574597306575,1.0104965822185645,0.008004665467931712,0.005071446442272729
last_r[177],0.06585199687687851,0.08817758784149898,-0.0656780211874963,0.20202905459536397,113.15708692282999,87.16397067380422,1.0187171414147094,0.008161074461222755,0.005719049314571503
last_r[178],-0.05364826783911081,0.0900785627776812,-0.21060896183968017,0.08480778070993243,121.924452765779,86.35039533915939,0.9988378954690841,0.007988698358031012,0.00763954305484922
last_r[179],-0.03787589964548226,0.10150206163335362,-0.17635762907892125,0.12707943041193231,128.9308053558183,111.5686215144267,0.989722389400089,0.00904672817446141,0.006712003002719896
last_r[180],0.061321084686452455,0.12122108042181855,-0.11411818287229451,0.2688522165287922,100.87758256287908,87.17749620583771,1.0048325113035315,0.011908717192082714,0.008058346997194333
last_r[181],0.017200109978290398,0.0875812386900716,-0.10361504641999096,0.14136225369744276,83.87938554945123,88.07111361290934,1.032779483339333,0.009522517132461855,0.006396931205496135
last_r[182],0.07903696016641065,0.10040672673302549,-0.09717661939344058,0.22331274613317983,113.08170867641859,110.16621569385387,1.0027175462016902,0.009378276930451363,0.007521362996620384
last_r[183],0.07370151886088891,0.07610844449382673,-0.04557824022044118,0.19559172318878768,128.95275737604686,107.86783656212896,1.0162577281113432,0.006765248118630771,0.004750854954582795
last_r[184],-0.02164389901874029,0.07070035508047978,-0.1357268287010426,0.08226964064963782,95.05482476309164,76.00379514302442,1.0139003563239628,0.0070332817396268075,0.007492238068247963
last_r[185],0.11804498767685045,0.07147629053821093,0.01336133771635497,0.22821194662474928,126.48042638746783,88.54541097531752,0.9913064670551927,0.006408979482276642,0.005462963082090958
last_r[186],-0.2706956618566405,0.12762471713905307,-0.48243280258318233,-0.09049147180983418,99.80518488816301,107.0083984940631,0.9865811884257014,0.012633403543867132,0.010870476664100456
last_r[187],0.06521770806329526,0.12342791168197573,-0.13337807107944152,0.2744450474685335,128.18008289593956,79.85316300804863,1.0177194364625206,0.010886415477897364,0.011531956024041915
last_r[188],0.05537892661427066,0.12131694005100851,-0.12018881406908745,0.2406386922970724,83.40744528767654,64.7223543086596,1.031091080434374,0.013171940780343463,0.014327647745219087
last_r[189],-0.06822558705462022,0.15277534657028966,-0.2939121917188376,0.1481315792324816,200.0,30.524834104162466,1.0880667570622837,0.012041772363827868,0.03682797059153405
last_r[190],0.08010355889375269,0.06225772723228425,-0.03548013541905876,0.15687194190853473,125.22343108400358,89.42579228114211,1.0285426118923013,0.005780275974637257,0.005794796088622713
last_r[191],0.08166255083929741,0.07653231742089875,-0.06243100826554555,0.1882304804775656,118.60883742228198,76.14005682398869,1.0112057963804562,0.007189810884421791,0.005251682208523562
last_r[192],-0.10458787325957973,0.0961442544731176,-0.24051993712353315,0.054247107236733545,126.60253853764634,107.68399059043556,0.9869689075055751,0.008651567626534294,0.005796667793608412
last_r[193],0.0462935414056654,0.08509886189165791,-0.09678179800575906,0.1597802453186715,114.8633972603608,107.71550349386757,0.9948213064168092,0.007858002697276163,0.004939871258776505
last_r[194],0.053657650573885905,0.09685936825112879,-0.10164341763593591,0.19551973318592342,107.24796709064712,88.385039969547,1.0131007774980476,0.009378266243093382,0.008692462962455317
last_r[195],-0.07436086163582224,0.10422364437719281,-0.21117818478489817,0.11038185792480851,168.2435970836092,66.93690330150942,0.9984872708748247,0.008226282206567093,0.010641837383308777
last_r[196],0.1353948556853606,0.06657220471924082,0.031644753080750335,0.23631796918296366,67.32277628505209,74.34834705061972,1.027290231078405,0.008268428407739096,0.004676967253450113
last_r[197],0.0014403229389905303,0.13936988675965759,-0.22230513087098414,0.23879318254562917,136.63547626491788,79.582166702563,0.9985064319193301,0.011886708546973802,0.009313039120475987
last_r[198],0.12491583731142558,0.0822643424821762,-0.009169791379996545,0.23564372007770343,106.71160064642702,106.65480018373908,1.0128145598669598,0.007787583129520148,0.007079267806991016
last_r[199],-0.14772634870459989,0.10431566203937151,-0.323718604086655,-0.006801005193676084,163.07182657284363,92.4313296178344,1.0024929675781151,0.008041298665121507,0.006536819326507696
last_r[200],-0.08178572820414207,0.06238274253198186,-0.1750642495763586,0.009951186415629117,94.26825878568278,89.8371018721128,0.9954089558145186,0.0065925835462213745,0.004921025233007456
last_r[201],0.04754077524994489,0.12384731605405787,-0.13548010126236587,0.2561915719957439,128.15619258820928,103.70474319393765,0.9936938303664606,0.011221274026944394,0.007983990225552125
last_r[202],-0.07043015765203185,0.14618657475082844,-0.3241415923032486,0.15356559939751238,129.6968004290614,66.6737501992244,0.9925726240787986,0.01290291628737514,0.010525943399154785
last_r[203],-0.012772237724940265,0.12915707507242416,-0.20286817372028507,0.1820939073442463,79.8447383435009,41.17113811486908,1.0431428251510986,0.014165331065876542,0.007816269047719128
last_r[204],0.009110068217270085,0.15708581477511427,-0.213654220027904,0.2529315534822682,64.16368898205462,59.09969621651478,1.0208453397273998,0.01958889532769117,0.012596056745539467
last_r[205],0.0785140478693502,0.15114208130678075,-0.148894816921585,0.31801894570230566,96.27549417982404,58.24709940420192,1.0408220625345734,0.01492288699632284,0.012889973268811415
last_r[206],-0.09694303421870057,0.1432600882808879,-0.314961014891084,0.1444962175837983,155.06293294083156,109.8398844101082,1.007590155529512,0.011937789882539167,0.011207587642770066
last_r[207],0.008880700743464786,0.14953438217710316,-0.2278200508111635,0.2415647549354638,92.72007824839324,73.81492066620676,1.0064496388734456,0.015300300265373141,0.009233545837171002
last_r[208],-0.16872482917361503,0.1430930217215611,-0.3835924917624951,0.054414722934187414,100.74723109637665,42.48809384229706,1.0073806940017616,0.01434577038399955,0.009089390886890735
last_r[209],0.08232523843390135,0.10953756867217218,-0.0848648746608382,0.2770400269977753,139.95666444585714,110.86108610861083,0.9870207852681532,0.009545486546573254,0.007798238180694384
last_r[210],0.13232414616277657,0.1368670904912237,-0.05311805300661481,0.3529590868428294,104.45285999187941,77.20672966121226,1.0114199149095657,0.013424408640756974,0.010368207511427772
last_r[211],-0.16711257448525924,0.1484118001324008,-0.3988290317619215,0.10398385412110922,200.0,111.59697549421523,0.9881119368689169,0.010547167367951176,0.01407812751279352
last_r[212],0.26315088772978257,0.05529381201733778,0.17685695132437143,0.3502605492959347,167.08049828340097,53.43571038270756,1.008415660292722,0.004426712081459127,0.0059933401180543265
last_r[213],0.25124197161659967,0.07304221102455298,0.1386559645532345,0.368208262541028,154.88309871357404,69.49585430855802,1.012904818255368,0.005893397773138151,0.004049870613211422
last_r[214],0.1299732551844029,0.19016013523387726,-0.15282058917665697,0.45118448588267057,159.68275050490328,107.29489444267469,1.0049753090105182,0.01530742788199094,0.01140559376269488
last_r[215],-0.01214820646142164,0.14466223754836716,-0.23798711591301133,0.23546158939794146,116.84319983441955,86.76610823983707,0.9914035509370225,0.013320192507765059,0.008562480999548382
last_r[216],-0.08031165931948764,0.19257605535698727,-0.38805012728619837,0.18726380958916175,101.18502677064694,113.37280273437486,1.012622710183125,0.01915427871261724,0.01640966917966216
last_r[217],0.05836883961815448,0.09416876379901033,-0.09126749880271158,0.1956347176163776,200.0,109.19218413839852,1.021506821079494,0.006692282633423759,0.007194463546524691
last_r[218],0.1696127193645257,0.06744934321817776,0.06925306809590492,0.2702977249894434,113.78848873937112,92.07575380014946,1.0047842917490866,0.00621384296333275,0.005251772139769571
last_r[219],0.06841151194342104,0.06641353066934232,-0.02239697024474864,0.17539746503037984,93.24703998371199,85.84138458330439,1.0273823700293336,0.0071751427641337994,0.007629516910019782
last_r[220],-0.04597281887768829,0.08837213185682774,-0.18272914946432509,0.08387248282938356,120.3231549445431,77.34427048634242,1.016419263573169,0.0078018762769965595,0.005193054174138611
last_r[221],0.041304284463407503,0.09755861384973796,-0.11968020448622149,0.19567347260207638,89.7783749807537,64.91237266516399,1.0107172354183191,0.010338436865373082,0.011910040236439616
last_r[222],-0.010391106256069722,0.1727241888483212,-0.2555232745206264,0.2888551430692201,128.36440538430298,34.11745190604925,1.0837353618619556,0.015510399214498975,0.016782700542380572
last_r[223],-0.11756324949603712,0.09210385484434731,-0.2782135474924542,0.019715274207413442,99.74596005082485,109.57804276071246,0.9948045339188629,0.009311379461269378,0.006319970445287069
last_r[224],0.2642444687228356,0.06828720163213049,0.16012401359405318,0.36458373925822346,106.07246166219672,88.54541097531752,0.9893509533299294,0.006573039478181777,0.004882351804146359
last_r[225],-0.19729140741561277,0.08101077271394387,-0.31222136724351446,-0.06596763821418225,106.95497453099944,102.2246485601201,1.0111090561072404,0.008000499455272534,0.0047783549497258096
last_r[226],0.0355748657173214,0.07204073295726753,-0.08606452819415981,0.13401785698158786,131.26025653873035,64.8433597988392,0.9981323430819776,0.006089996773619253,0.004659779265699459
last_r[227],-0.10004728859152456,0.1520072726614491,-0.3445441891010546,0.15362748894492842,200.0,113.19544163025876,0.9806215413089536,0.010802686474227845,0.010597915666698439
last_r[228],-0.03578465057108062,0.11403196590426319,-0.2032896897671477,0.13926980229712468,123.87209629931121,80.46027205834187,0.9863562894272762,0.010803830638196453,0.007210383384953026
last_r[229],-0.027998969829214574,0.16549680923124868,-0.30314704072259535,0.23791489498689336,117.70366713284204,77.485873323775,1.003762951990876,0.01547107364956371,0.014932268960055905
last_r[230],-0.186359823875026,0.12243210304599586,-0.4243652877206366,-0.01160794897930091,86.0671009901384,58.529342814722206,0.992465847572283,0.013662996223922209,0.010648761486913507
last_r[231],-0.06837507516009024,0.1639057624774757,-0.32129944940285765,0.19418026360228482,138.0874559860512,63.87364385141963,1.0357793622671008,0.01422834615142994,0.010913779688887069
last_r[232],-0.0924889208106853,0.11220051718073339,-0.2646776216160844,0.07358938276479277,79.42062768965445,57.06297552479603,1.0083985257144803,0.012681003439842445,0.01007111821414471
last_r[233],-0.008794575590994655,0.15888643747386028,-0.31370742294522896,0.20358950248753785,96.66537341323144,62.35313863712653,1.025284751922155,0.016728978184039074,0.014263698447336255
last_r[234],-0.09444110327970957,0.1409692344180528,-0.321830933560128,0.12010579326389458,80.5864373621511,58.23936145528797,1.0035356926768266,0.015642513027822755,0.009025311309913497
last_r[235],-0.1015405038124772,0.15528371663516466,-0.3427604601307443,0.15433572511863153,200.0,99.8951302804593,1.0550602555915356,0.011035533208326237,0.0133064420736075
last_r[236],-0.02554299929053511,0.06894581403319448,-0.13301083925956167,0.08102956264802351,144.88048875636477,97.01272571157617,1.0197050098048273,0.005898796462883241,0.005435003477528315
last_r[237],-0.036222952581772036,0.15589426375641988,-0.2866633634233789,0.18196175316313978,79.27186229183042,64.1554158507678,1.0126720165236067,0.016988334021966967,0.012108990276568381
last_r[238],0.2631113798147315,0.07485755001474868,0.14932912041879828,0.3826356769322438,139.7164702545944,31.33007029761516,1.0380267762798112,0.006411737904968907,0.008417277184731684
last_r[239],-0.08155747794929002,0.12687201743232332,-0.2963673539660671,0.11098279666544728,195.27532514382145,113.9377119950663,0.987137300273382,0.009377506071706081,0.008738092537312407
last_r[240],-0.16188281285806524,0.19032071222870556,-0.44030162594247174,0.1671246373162927,116.93487520303103,56.41334638849134,1.0103956921125783,0.01722274744270774,0.016540296489650684
last_r[241],-0.012497990999261147,0.07258461731567084,-0.1330032402306137,0.0970353244082774,112.94845783064387,52.386455644519465,1.0105731334654615,0.0066984546675845375,0.007374105813772431
last_r[242],0.017692844578149992,0.06367935199684817,-0.08065049738375396,0.11746815416768512,171.66481139844973,74.78906913790038,1.0025127284716993,0.0047662109461992985,0.005602855821292162
last_r[243],0.09056196487340751,0.0734603684880338,-0.0317382257113318,0.19838967319745995,200.0,107.12520712811416,0.9948711669405074,0.005220601061798638,0.005055519238575624
last_r[244],-0.07903801374739934,0.14503016554195322,-0.30127555973019005,0.1473469130817999,181.55797755128162,106.19902590852757,0.9864197619914387,0.010501401156689457,0.009376731552009337
last_r[245],-0.17107049622671577,0.16351442471884783,-0.45830934372120063,0.04606144164841926,136.0372895702981,84.83284618195106,1.024842134058529,0.013656188817535117,0.014143369805549618
last_r[246],-0.01743476801935979,0.09571567842254726,-0.16706949406296887,0.12725160875728267,104.12689796690718,92.4313296178344,1.0334254685946551,0.009545091053600076,0.006344571767754216
last_r[247],-0.08073300693861336,0.1829625926213063,-0.319161278893017,0.22114956652257847,109.09364494666531,86.53219044069692,1.0275023741954123,0.017595049051131816,0.014897828112168046
last_r[248],-0.18949980827322258,0.1984704250898592,-0.4967591916767308,0.11442373534352282,116.71376628234498,38.97201527577789,1.0403170870066785,0.01717824170565453,0.019188714437093364
last_r[249],-0.167748011937757,0.12323884263564236,-0.3529702208830971,0.019615647269185417,119.20020026219008,98.7176061982367,1.0071939548787383,0.011557824224373823,0.006119932421988583
last_r[250],0.11663646632491975,0.1403194013581499,-0.1071630626228835,0.3238693152716287,101.0129661748724,87.53740663069345,1.0259986056132224,0.012696514330647527,0.009976768969470957
last_r[251],0.12787321288282916,0.07383552729650437,0.005517106640293876,0.24693409052517912,85.1100964493895,49.478487614080834,1.029942943876234,0.007914120258610945,0.004985440838461856
last_r[252],0.09476031819472355,0.15407427194247306,-0.1635945161231643,0.3295350774821477,107.99707308431984,102.51916148506727,0.9985506579882116,0.015203955118147679,0.010026679820933717
last_r[253],-0.024175733721575235,0.10256288532214944,-0.17966054467848072,0.1283888603139809,148.76389801725128,99.78395895220085,0.9851258887423018,0.008399041533084151,0.006744516037399516
last_r[254],-0.007454017836990295,0.17017850556279893,-0.30337911688376495,0.23244183177706282,88.42189444113684,65.60392397302269,0.9979938725950046,0.017869939142126534,0.01543246769412144
last_r[255],0.0983430057883614,0.12245688775120196,-0.1076060548785594,0.2920741767388296,62.39935846085199,57.188669160876515,0.9954442589152079,0.015590516150890167,0.007841344081566193
last_r[256],0.02630689117570812,0.07381801873008906,-0.07933089945336697,0.13133126548412083,200.0,100.59027401711253,0.9899754999816229,0.005251484432817243,0.005639021921712052
last_r[257],-0.05302676616339555,0.13979135773042,-0.26250696091232817,0.15657894701408873,116.76686577800524,97.16013673415712,0.9915741003603116,0.013061079226792784,0.010454017515482295
last_r[258],0.14040893967526735,0.07753525678341419,0.017548950437264028,0.26431086349334426,77.43420768994194,78.18964968490735,1.0101323506026052,0.008792876756369998,0.006931027289525638
last_r[259],0.15344599502338016,0.059706413352235,0.060874039534495765,0.25177181025921924,166.21071948678795,115.36059943802677,0.9945345776619194,0.004777206026742577,0.0032382605655219454
last_r[260],0.17499566388619442,0.06840889198300759,0.06892551603278148,0.25720595385610356,166.39779479478017,113.93771199506624,0.9946499078912503,0.005248996977626411,0.00904345673872197
last_r[261],-0.18359670222093058,0.08813093777957721,-0.34012683470307364,-0.06109856597475816,138.83722910406635,92.98745867925005,0.9886752645129238,0.007535516926421433,0.006231046240671724
last_r[262],-0.14165471215494865,0.1520362783908512,-0.36401301648174994,0.07307231410765376,74.32943440533059,57.759526011379485,1.0279739407495647,0.017469467136805833,0.018743654231056863
last_r[263],-0.037782596808833134,0.11702867239897613,-0.22481063395046302,0.11779225178497071,84.5552619080501,75.3132089353962,1.0346430886751419,0.013469792252629712,0.008581053757201418
last_r[264],0.009175813651704593,0.1034401916743173,-0.15317567674276705,0.14899796880106564,73.17192275767947,27.28586141786344,1.0442101428368824,0.011735442503893629,0.006921164855840454
last_r[265],0.14401877721251702,0.10292629197467922,-0.009125342780900282,0.3145277580658016,117.07353703971988,89.22734206639382,1.011624433808714,0.009518676405514598,0.007896645247291233
last_r[266],0.07516122567273058,0.07292840895910813,-0.04544949404017304,0.18028089921110782,113.8476857644012,88.54541097531752,1.0042884576911393,0.0070951716522642564,0.0057057723854352935
last_r[267],0.09300660669457171,0.12181551189041268,-0.10729905618777204,0.29603709503573267,137.3135714470115,92.09316198951058,0.987802209591822,0.010335895625018568,0.008413810683558568
last_r[268],-0.12597790462916306,0.16716391931254562,-0.374829661464731,0.17159790413924236,60.991657474067416,107.22282827122928,1.0411531993848349,0.016603500596656075,0.009748539636036543
last_r[269],-0.06998187226909257,0.11649924438441035,-0.2673553074433579,0.08742237309411038,88.0029295643232,51.38739132215052,1.0106881060845854,0.012206156377443765,0.009103071263291358
last_r[270],0.057235633262493445,0.14531407477776964,-0.17096896123633892,0.268333915317562,92.84094215863458,63.511926699865406,0.9978656754216922,0.014925119496252831,0.012768200724157453
last_r[271],-0.06922867181380793,0.14153956830087105,-0.30766786600928137,0.16969930999322186,119.17148481932942,109.41791441481351,1.0093506979017093,0.012767748500584384,0.012594101393407857
last_r[272],0.18774404686165355,0.09617282946323928,0.03648770235798432,0.3333552696864158,85.06807912667237,52.89619034131145,1.0185425272862234,0.010510351929056042,0.007910888885152702
last_r[273],-0.08339205778076353,0.08701707317615111,-0.20405865381298333,0.05411992788487827,189.29761793870068,110.3892285983069,1.0335471488241703,0.006453854937992015,0.00855180483473193
last_r[274],-0.08618629034116314,0.09487795926717967,-0.26850717954899617,0.057281946224916815,82.78920893797675,68.36861537319801,1.0106569239328607,0.00995329358978989,0.008356040897201406
last_r[275],-0.1368793072526409,0.12404354154903992,-0.3233615138138571,0.062926233384214,130.84032644097817,85.87599276105722,1.0114662034242685,0.01066691444820817,0.012744614374199709
last_r[276],0.12193383936939178,0.10418820486018221,-0.06668731029795996,0.28515158730879064,146.38826210045536,90.71937147066042,0.9984924509903406,0.008593471751852285,0.009501653604806358
last_r[277],-0.12603137721184304,0.14584052926006003,-0.351874192790084,0.10822408452756838,111.3300926065463,129.71821641817095,1.0230920542060693,0.013702014674887849,0.018450222709475304
last_r[278],0.06001029082186822,0.08657695134379167,-0.06495257617947993,0.18559117457375934,164.05249044087424,101.97902617599294,1.0007476860002484,0.006660804705433986,0.005181333211303912
last_r[279],0.008313487653556374,0.13676370545597222,-0.2260502630034162,0.23057387660708875,164.42971579728,110.56437336853791,1.0151827849018538,0.010287190412664474,0.012411850388658796
last_r[280],0.01950095734963907,0.07090651966753513,-0.08578039946159029,0.12641841656313788,87.03822344483413,77.13768191376401,0.9896049116328858,0.007794720707505509,0.006113331987380439
last_r[281],0.007417149903992837,0.12601801282330286,-0.1912207894611065,0.20722460342372495,153.970461345601,73.59025889585058,1.0847098825931913,0.010454936282655198,0.018187626227315415
last_r[282],0.07753530084576324,0.072520137188393,-0.06459030436016609,0.18377025744064468,133.07541202619979,109.19218413839852,0.9893794749436858,0.006229805355860743,0.0049031834107747824
last_r[283],-0.1015357568697276,0.1340801431616329,-0.30460607696682807,0.11381288511109916,92.48141892588835,42.51919230296456,1.0336386620795963,0.014021774088996691,0.012301162860816783
last_r[284],-0.11819781025986567,0.14954368184261846,-0.3273241763998519,0.12056796357186421,101.6847685300173,57.027197586541284,1.00557265663859,0.014717085518264813,0.01565238367506337
last_r[285],0.03837726350115624,0.11942054280980542,-0.1539955224443181,0.2183061259594182,141.93868589634673,99.70129974973766,0.9919027164613526,0.010353218802655008,0.007318485753799317
last_r[286],-0.0604450498654442,0.07339235591445444,-0.17660055775494413,0.04588095529713861,129.92673460309737,71.89051853562769,1.0057234638503592,0.006537324794377948,0.005364095240677532
last_r[287],-0.07423915820196526,0.1595441769504191,-0.2724428666854256,0.2169100136384917,89.46391589855534,92.7692693949284,1.0159026223752197,0.01742232639807775,0.012578438415605553
last_r[288],-0.09459531740539617,0.1571246137647375,-0.34236681139641734,0.12391967623439029,74.41357268006642,62.44775121217186,0.9998269073930743,0.01858854554398305,0.011046909530568354
last_r[289],-0.013809511349328339,0.15045446514116811,-0.2588830828313469,0.22415795190228385,192.08503444514864,59.594472672016785,0.9894779282804369,0.010940270404082528,0.012100178737549547
last_r[290],0.07760924077460354,0.09315160929428566,-0.06479495426867984,0.22381482896653482,86.8206100713248,37.973413594181075,1.0183814842964498,0.00980599192973571,0.007174441854952148
last_r[291],-0.0973196969303436,0.1257916121851208,-0.30308612604541957,0.08389665224630177,80.20284332171954,87.91339519390911,0.9958660400239491,0.0138427988255108,0.010448553138387873
last_r[292],0.2371574432052294,0.06619763261184723,0.13939634207694035,0.345930687887837,200.0,97.26243748354824,0.9964482949983983,0.004704460897963783,0.0046488989363898175
last_r[293],0.003108202055714977,0.06321946191697296,-0.08859622646800511,0.11505473864819406,166.1357041414672,58.64711239518893,1.017583568386186,0.0048534461294991805,0.004409836931886728
last_r[294],-0.18317410691257788,0.16432920256701333,-0.4328065694598289,0.07578243679205605,121.8257789765805,113.19544163025876,1.0245140543611464,0.01505095649084596,0.010944082360851192
last_r[295],0.04436295253404547,0.12017597470927598,-0.12464750335723498,0.2380960302337833,153.5903618078082,88.18529536761581,1.0080081961409137,0.009788239586860042,0.008254795859002684
last_r[296],-0.08053281536226209,0.10621730732877563,-0.22996147479077494,0.10349740744170968,79.68289777523373,80.71258601839351,1.0214722770565112,0.011820441684581174,0.008039405170790947
last_r[297],0.06114133023597799,0.08263950880961608,-0.0679675207199406,0.1819602780457032,110.92114252761664,75.60310891288987,1.012960946271359,0.007843195214753471,0.006400658244464978
last_r[298],0.09548638946802257,0.13926093338022888,-0.1270756562930819,0.33322477987314303,104.16099757481486,92.53693964437764,0.9863527486673155,0.013479397986007453,0.009333404226553781
last_r[299],-0.035448396393347785,0.16712997661078802,-0.26951182392793743,0.25455164710979045,92.77105266733275,65.73694576036621,1.0191516805099923,0.01704832740924104,0.01306584150405853
last_r[300],-0.28065975534473425,0.10146335203590898,-0.4481144555303178,-0.12764219018073905,97.61201156297463,67.52847586331586,1.00744155835701,0.01047828858173583,0.0070525488097754165
last_r[301],0.10763929115200725,0.06208585571686893,0.024307201942526818,0.20446999471633562,106.05722596711442,87.56505837670558,0.9992137431470469,0.00614540970719368,0.005502750142509391
last_r[302],-0.047482328811088666,0.14356964807687314,-0.27394586947852884,0.1637666429707844,103.3034122823353,73.26189387462972,1.0024843661345193,0.014407426273377913,0.012128412826135252
last_r[303],0.22653712058681674,0.13566957039046249,0.009849350303427264,0.43438879462332836,71.22130453060807,41.657519209659704,1.0290879459065934,0.015772161019284584,0.02109898343609937
last_r[304],0.044840315271101,0.08412636084779733,-0.08175951517327043,0.17911398204305704,200.0,123.26221838813498,1.0503047075089178,0.0059786001323803226,0.008992819678231614
last_r[305],-0.06862826981242143,0.13904290615862,-0.2896487420210502,0.1481036035581972,200.0,128.8202774590592,1.0460579595997515,0.009881349065727902,0.01406310279676323
last_r[306],0.056149006733488244,0.14678682303358948,-0.17996921935784427,0.2685987434488459,136.57544403753468,60.876423325282175,1.012356594029109,0.013301596038218266,0.01268180707465445
last_r[307],0.008073829021623142,0.16832369132692998,-0.24082041908872762,0.24140039940409044,99.5340851914809,89.8371018721128,1.0142444387555674,0.016959402367950602,0.013012781119750664
last_r[308],-0.04373798570048939,0.16636028565207467,-0.33460663258684165,0.2032116690530236,93.1357919724347,67.8444838280904,1.0111418616182233,0.01824525037441391,0.012474842667196834
last_r[309],-0.14348682344532893,0.16337270234599457,-0.3687220111414935,0.1004687089820488,179.58519417319076,109.61288799716748,0.9931029430456075,0.012235230488455612,0.015515258426335903
last_r[310],-0.09996633086100283,0.16663970000766018,-0.323724956812823,0.17668716589334277,149.46105796479992,47.89229610977897,1.0311576710985784,0.013412595062356408,0.023405431013682237
last_r[311],-0.1527321226695377,0.1452146310220221,-0.3918021848092921,0.0445737761604047,126.74905438288404,53.9637397795947,1.006535515952825,0.013538525583186519,0.011718480751177011
last_r[312],0.13364700868885235,0.07312736567643961,0.02519703320976401,0.23849851689130103,105.14386673852681,83.41004512898806,1.000916441328433,0.007202687168496754,0.005264814402206752
last_r[313],-0.07924546459827929,0.14694017752202065,-0.28511746024622375,0.19820086303630047,151.4036924330906,90.4971834435464,1.0169672526822278,0.012431453372301548,0.01219942400209992
last_r[314],0.4482973344757518,0.05953214894472875,0.370223995454037,0.5386841829427766,103.17844041174983,42.39423841578835,1.0111720071891364,0.005850809856986851,0.0051212959470640475
last_r[315],-0.13447199304394422,0.12884445177340786,-0.3597390537396381,0.05113997860287337,80.27679739712204,89.8371018721128,1.0081517057560196,0.014524403383147345,0.006184850403698338
last_r[316],-0.0778628396846966,0.0965309096579669,-0.2518745109721832,0.05372098650934741,200.0,88.14875838531249,1.0152082472103772,0.006860153029845752,0.010382731805159692
last_r[317],-0.06616119929488198,0.15685791237718835,-0.26393924309615385,0.15090935229640262,73.36591502320996,87.9248319606172,1.0156400496231819,0.020386457687609126,0.012766973064235975
last_r[318],0.1047822641346786,0.06537565366507367,-0.001559535080271338,0.212920138979867,102.99942692024973,90.25447598520658,0.993419807569474,0.0066622759630044,0.005056373998618509
last_r[319],0.10135275243145428,0.11415756657503165,-0.07014060419776406,0.2749318394763345,119.37806117454772,114.69389025490987,1.006966711591323,0.010436525244521214,0.008711184283936028
last_r[320],-0.08618132004416806,0.08653947340387044,-0.222064554008879,0.04721029165823476,116.33795903381596,106.5888714956596,1.0130195180282782,0.00803390904535265,0.005790941640883791
last_r[321],-0.012317487240033205,0.177075239514392,-0.24562446922884748,0.25258186517158077,187.59468213894664,106.08670686190062,1.0068387986315248,0.012697192325116641,0.01663703301035723
last_r[322],0.020663683911998906,0.07094422994203287,-0.09316072662847953,0.12271391374823033,143.24841978109544,107.29489444267469,1.0017963077438539,0.006094877771659802,0.005888124074591622
last_r[323],0.05785460069215259,0.1635521863245436,-0.20448911717974147,0.30375398957005906,53.00514210060188,56.686596533716795,1.027067659049127,0.02438580419075233,0.016678898261592322
last_r[324],-0.010144061996202715,0.1262444700980621,-0.19708162477220473,0.2058144815636268,36.62682171784154,90.73987901349463,1.0482327529914013,0.022336088561686705,0.008811709983942723
last_r[325],-0.04288524270934664,0.07767235561716242,-0.15381345911147065,0.105202958632816,75.07571054314896,34.38752055528802,1.0396875984375347,0.010276982102626923,0.0050001158494103115
last_r[326],0.1086082202997309,0.1229912368019489,-0.07100338294816828,0.2994098587808699,105.62460213379649,76.2482153572389,0.9962158108268894,0.011912842583948181,0.011522727567598513
last_r[327],0.11966641926377974,0.11635367130103212,-0.04220254272452037,0.30138993581460527,200.0,114.69389025490987,1.0033900625338623,0.008268895357328424,0.008702070239213969
last_r[328],-0.03637795273616211,0.16526202773134965,-0.29447200056728945,0.2285772589603213,200.0,107.86783656212896,1.029970840468411,0.011744660899568169,0.013040832420136159
last_r[329],-0.1398838083756844,0.09213944423319258,-0.2855724887393009,0.018209303660639435,139.7207857140527,95.81680951771777,1.0161196584213212,0.007968603520362274,0.006813947054026348
last_r[330],0.24051394231138568,0.1012784373222651,0.07913261316574491,0.41126974795403987,114.36634397247768,87.91339519390911,0.9936317369474724,0.009583886884116755,0.007716845027298695
last_r[331],-0.20727410504261964,0.15774313498319817,-0.4622912869643282,0.027552728546672255,103.02189552100822,85.43401391582066,1.0311368047514522,0.015667271933439888,0.011167179007213547
last_r[332],0.19116026963165964,0.12010199285997271,-0.012811782039378817,0.3535331227732554,132.2525723522661,109.28393005828478,0.9916521957508474,0.010551344249190167,0.007092085448451121
last_r[333],0.06037502643410584,0.14139836803781286,-0.13060509965898173,0.29024401788624055,83.3921646514502,87.44170552964691,0.995421376612043,0.0152860195636352,0.012861068167074873
last_r[334],0.1254528163136181,0.056587462834952744,0.03990692177677609,0.21741750020009024,89.8351853776463,87.22487481076044,1.0189708549511096,0.005998827885917441,0.003563778782648917
last_r[335],-0.025778307533672103,0.14202977989608936,-0.24511330955843724,0.20943145972434846,84.98740435928681,77.62250948021203,1.0024770487994916,0.015622603485471186,0.012109060704465276
last_r[336],0.05907185238262972,0.08751375277020958,-0.07186594916996218,0.2047022233433825,164.15745059028396,82.17529270160853,1.002596369162026,0.006839865006065876,0.007012535361703775
last_r[337],-0.085071578165864,0.16092525077718292,-0.3470287508279806,0.17703520683618132,114.10446351829921,90.31897306233589,0.9992352613217214,0.014819033265290984,0.014241405086093535
last_r[338],0.0970027877895,0.12287495447438448,-0.0635566771211861,0.2723843840427772,57.68960283853628,57.17800355369266,1.0203418862995766,0.017557355728860725,0.015870219572895455
last_r[339],0.009245664626319683,0.14889394116033847,-0.22131030101376092,0.24506318135778896,200.0,112.20771333130872,0.9949166552555021,0.01058143163879809,0.014884143773875173
last_r[340],-0.1776248488507674,0.09888420495413469,-0.32788667591961235,-0.014060870185521865,121.32435346712352,104.84872431700158,0.9999003928674856,0.008994586418906799,0.007206584876897396
last_r[341],0.0029835543429640515,0.12509978438815708,-0.19526065031524745,0.1948109565294156,89.67620612905499,112.5912799046717,0.9985519152732755,0.013489481709371713,0.006647456413820224
last_r[342],0.18626184461926407,0.06703020155609059,0.0868335061905661,0.287047776006998,104.20623394059722,89.09242298084929,1.0139282175439066,0.00642248915627728,0.004446863170248074
last_r[343],-0.018643531511089176,0.15616245265822917,-0.26028459735181114,0.24373881168623168,91.0965853298872,87.60613594783504,1.0323785465464292,0.020029764728262428,0.010922813469629606
last_r[344],0.34086921466842823,0.059414364372449985,0.24275675496623134,0.43899627205847275,93.57379604319374,64.11014443787468,1.0211271877925623,0.006125451805976573,0.004377681647902115
last_r[345],0.016249277676452088,0.12359624226867662,-0.19517677921141624,0.1965061457064437,85.43647840713007,83.02388738014741,1.0115251936754033,0.012998909822684496,0.008395703773636059
last_r[346],-0.04704401595962369,0.09289349069764695,-0.20760184945330534,0.08389158759678336,35.86397154124229,110.06659987033653,1.042597810082898,0.014798574431167071,0.007349669795977169
last_r[347],0.05078079109365431,0.1172436130636966,-0.1192161121877266,0.23975177943412865,141.2129989855473,102.3641573900584,0.9823097462529026,0.009555903217928628,0.006939824965266022
last_r[348],-0.08842046629354161,0.14876547377339575,-0.37097305739184633,0.12665665057334102,133.4528704464279,113.93771199506624,1.0000887541323227,0.01296213372212481,0.011419867207104525
last_r[349],-0.07989693522765164,0.16472857794294687,-0.3388417665490613,0.18855391097471233,109.8586379554551,75.71886942837872,0.9911342505248492,0.01547562608372888,0.014114907987207295
last_r[350],-0.08097722205055552,0.0934925984065791,-0.23037147668402727,0.04389128252749193,172.39293948125535,136.75369727953262,0.9860554139228246,0.0073089972402304625,0.005486011590126779
last_r[351],-0.021091362675756446,0.0740353430676391,-0.15050176127132323,0.08822933792655861,110.11306786007988,104.96722423146474,0.9978686551883513,0.007076596627822022,0.005207005787904815
last_r[352],-0.021143486034591624,0.17475622674060615,-0.2637273535445098,0.2412171416124926,90.87859183589099,96.00684097328394,1.0036835958793493,0.0198134836741388,0.014077445583838047
last_r[353],-0.029688634983417464,0.09961768186790802,-0.17790264157520477,0.12382967449053832,139.3893194594486,109.87213797204878,0.9954797081856733,0.00845516470634733,0.007072801296080106
last_r[354],0.07658652525671954,0.12766436266078302,-0.1063237501547865,0.27032123298121347,64.23305051629784,75.98660850157249,1.022930166231412,0.01685972876303238,0.011236033017387
last_r[355],-0.07057197102737743,0.17097451797732044,-0.3365615786941232,0.22659059417075528,147.0756474513479,76.2482153572389,0.9862717271568134,0.014292854973603589,0.012193314239078743
last_r[356],0.23717665468163507,0.06296999424677586,0.1364620146550534,0.3248706128829892,153.1310177048018,144.34564612793292,0.9919378165824202,0.005148926925852745,0.004191991868633777
last_r[357],-0.010816965207927368,0.12925185577740061,-0.22211677136089103,0.19402147773570724,107.45644043209123,75.92168723943432,1.0122201974490037,0.012331054107285851,0.009839614220774354
last_r[358],0.0037374698872637085,0.1196937308885845,-0.19437572252785362,0.16799671032599525,95.15996097453404,85.91737210158267,0.9939434506391315,0.012180452424345662,0.008255893294655177
last_r[359],-0.02915730941102221,0.16128651543291853,-0.2804923132967556,0.20452733290471586,59.79857038827724,65.94947719728033,1.0127068195689732,0.02453809094143078,0.02431239713668501
last_r[360],-0.15412975482545246,0.11820734508252698,-0.3445333497206781,0.02686809370368519,110.01158166599237,91.60058664147752,0.9980912227551619,0.011140399176973011,0.006269800885223184
last_r[361],0.18755119232946663,0.0718197577972731,0.08018402798371876,0.29970111096139845,139.99466982998104,110.35803742448799,0.9998478776671009,0.006174653328575767,0.005013930170148372
last_r[362],0.07318743811680645,0.15712055230827301,-0.15910884967661276,0.31379428388260944,104.52627766108519,54.369627507163315,1.0366872455104985,0.015606509682943429,0.01480221857117143
last_r[363],0.08153288045923177,0.06136420819202839,-0.006808272525187891,0.18516833851057998,145.93231706935262,105.46241211465659,1.0005632518405059,0.0047245069812985666,0.004716495912357652
last_r[364],-0.049956252807143615,0.15287052693603878,-0.30339228452791744,0.1710993457491809,110.06527471694102,92.53693964437764,0.9909783004243137,0.014766665553906865,0.009190261325429052
last_r[365],0.2214883012388245,0.12091482729830054,0.05686140135423081,0.4214202213025825,140.58831787963797,85.248843790985,0.9967887161200043,0.010212387455020717,0.009887373023259366
last_r[366],0.30274230382444023,0.05704462648164212,0.2204469931745571,0.3985819572580832,98.51393269787296,110.56437336853791,0.9988864032751589,0.005664580680160438,0.0037750691766517334
last_r[367],-0.12651407778017337,0.1444606783102781,-0.34985307811811095,0.07912091676911381,111.41145918236627,112.2891713517478,1.0089603665764248,0.013386472007270712,0.014636115133304766
last_r[368],-0.09200235275042087,0.15084237251701607,-0.3136767919637907,0.1648291879319055,123.31082872590912,90.382526849282,0.995358807262608,0.01397445106863945,0.009321353157709971
last_r[369],-0.04928483547243232,0.17006962795928887,-0.37684220188568723,0.23560801110403953,83.58359950415117,21.01120144387455,1.0616989422690855,0.018379323778073543,0.027910165570493316
last_r[370],-0.08200569711372023,0.1750830228725724,-0.33713902584586486,0.20495933850448048,126.81725899518766,46.2575145363162,1.004870085233549,0.01586940949734678,0.014067960151424114
last_r[371],0.0849522357057963,0.09278742871955015,-0.04529601217816472,0.2418999787667315,122.9696960049045,87.67755597325656,0.9950524226766698,0.00842246781274807,0.006494499196948028
last_r[372],-0.011594827233613103,0.09909359221021873,-0.1883583912516883,0.13550933801005738,200.0,61.913649780876696,1.0323861391516058,0.007042274948489791,0.008373874487585227
last_r[373],0.011461166554573325,0.1058445571784093,-0.12338961825392326,0.20247606106160015,107.75748022991068,108.23522538050307,0.9883800863893469,0.01027791149023996,0.007292774205597819
last_r[374],-0.07535919782156843,0.06435547178310015,-0.17104191629166482,0.020497212459478456,94.81628660469848,80.53152977390471,1.012993026441011,0.006607364145291589,0.003582485745889143
last_r[375],-0.015177438035957605,0.1222117922945628,-0.18754893185923474,0.19695629217751395,77.10469313965702,15.453478632017283,1.1410134205256175,0.014225774598313468,0.018540573985850062
last_r[376],-0.06868350457458783,0.10225803478022025,-0.21887401688239563,0.09712186854956063,93.11468387365056,88.22695705579441,1.0288435820274153,0.009566375241447364,0.008162692766269625
last_r[377],-0.01740198987984455,0.06455018902540088,-0.11317555592909759,0.07626827985083216,114.5317079991173,64.9215567305192,1.0228134735253522,0.006111636215192052,0.0076556834675704346
last_r[378],0.041006336119052786,0.1448487199612551,-0.20078784936826155,0.2385956510472921,200.0,112.46669895858565,1.0444586105303757,0.010773071797978569,0.011856822968416909
last_r[379],-0.07441706180168843,0.14809210692076247,-0.3002227541656488,0.1615621078509571,157.919538228583,107.0083984940631,1.0250361500923324,0.012250585251607722,0.010158683131028908
last_r[380],-0.017890370636317494,0.07001016210691045,-0.12392593865811903,0.10221107536464091,151.14272210231994,92.09316198951058,0.9919002363043831,0.0058497378622253075,0.005143099449334234
last_r[381],-0.02297566632135431,0.13678740457697847,-0.2662912194978941,0.19025552461567408,30.122917036757993,40.43507050356587,1.0612548582690713,0.02716297842501547,0.015101649230035626
last_r[382],-0.11414312717363892,0.14591020522024153,-0.3593224698394588,0.14668881589957064,190.62346454182418,91.65597552551068,1.0067362674390077,0.010617004562017755,0.010435068242386474
last_r[383],-0.09739348936060747,0.19914983592649393,-0.4447592013051837,0.2521643343164014,110.99371123598016,46.16696744209045,1.0095320884283008,0.019244827997947307,0.014559352540002533
last_r[384],0.06401616711587065,0.12380209516100542,-0.15118843182920688,0.2562777718406244,89.12336012632413,61.76492652390995,1.02228235975154,0.013856974538863975,0.007991196072850553
last_r[385],0.08369012591288431,0.13855083499550383,-0.15304688218636603,0.29042088098742724,78.89263646830562,107.71550349386757,1.0006915519784525,0.015524926078074234,0.008935275019823927
last_r[386],0.018342016283334324,0.07897475730295994,-0.11536365925085233,0.1248042673393411,200.0,94.73251240391781,0.9943266995990973,0.005612491610333844,0.006197385467648394
last_r[387],0.011432579392667888,0.16286271559882415,-0.2059413026817767,0.29956970809828676,91.60308630096222,59.24634807429379,0.9956660989360361,0.017450088731729433,0.012749876063948876
last_r[388],0.02909825128469534,0.13579916427307318,-0.1767765242065488,0.21978863316420558,107.6532770352037,105.46241211465659,1.0106869400767924,0.013172951826691051,0.00937141825033432
last_r[389],0.041759438195610434,0.16844668323024595,-0.20831324488055336,0.3118417368963104,69.60171084694036,50.905590803101894,1.0301501675388456,0.020341618179540916,0.017520973808516974
last_r[390],0.0031177784779885453,0.09597000087971752,-0.14029116698117144,0.13219131835866296,140.5110961562096,49.143756971327285,1.0190384699805928,0.008099396256173504,0.0061189932702440135
last_r[391],0.18368718113963278,0.14487210746382526,-0.060037428188209334,0.3613695624667888,84.47392612850142,79.7443016723704,1.0340261334884053,0.016084037453078345,0.01233260217271821
last_r[392],0.02807559127961294,0.07687186124447208,-0.10609161003573546,0.14742998260238566,135.5135905254654,110.0925676282916,0.9904628099046883,0.006773734140563331,0.005066720876200355
last_r[393],0.23031165998518902,0.06599935852074702,0.11553608193974783,0.32740730134071333,139.8506017099922,50.94025232087594,1.0178748721349173,0.0057641495432359646,0.006402548320227249
last_r[394],-0.024975399769175607,0.16546829809154665,-0.26519549044370727,0.2334669769343058,188.56049840789166,111.59697549421523,1.0055835967859943,0.012545552495852165,0.010325893983052992
last_r[395],0.05799188743617087,0.14134087761654252,-0.1552043143016672,0.2737633698086133,151.295274048316,90.31897306233589,1.0156283895075096,0.011747614185228756,0.009808713333900395
last_r[396],-0.052205686044365734,0.18282096563676248,-0.3331044594855104,0.2164132591949537,80.20724405169268,68.28108586277436,0.9953834517311074,0.02019488888641531,0.00996663050988156
last_r[397],-0.11617282747205976,0.11949522722975911,-0.33255219537922764,0.08667415281069236,155.41340467504511,53.38835240566645,1.0151512052411826,0.01070325533300872,0.012457270893903553
last_r[398],0.1509568762561051,0.1052595880604355,-0.0077287543848275075,0.3031182201645441,95.18604565145995,113.93771199506624,1.0375709741021526,0.011120579283972754,0.00809221723322279
last_r[399],0.11547900857614973,0.08896206239559251,-0.018483554952661053,0.27203884942476736,87.72665820946409,112.4666989585856,1.0239345637949409,0.009508602308296225,0.005499764294846516
last_r[400],-0.22057776787709002,0.09232163376894557,-0.356737979503163,-0.07282021818682122,124.4677991581644,107.0083984940631,1.0076473212276669,0.00830153370828533,0.0065813466252828984
last_r[401],0.004506080314474604,0.14360808611236026,-0.24362878616893063,0.22961344759387098,109.38856627870528,90.73987901349463,0.994187142933167,0.013990502479549135,0.010006540533810828
last_r[402],0.05359198555443259,0.0808655518741792,-0.06179442017573555,0.18540727167066787,114.30463052018436,83.22989626739971,1.0019107245792713,0.0074422349777048865,0.005497157796947053
last_r[403],0.015126340517300517,0.12187021592738646,-0.19371699052380015,0.1882296789129319,75.6789025377352,88.54541097531752,1.0004644237077895,0.013844246589009386,0.007922807927299177
last_r[404],-0.01240351029157413,0.1498007489373928,-0.24166953650589337,0.19735940313333591,107.15964259215916,77.34427048634242,1.005975025848863,0.01476941718832542,0.017071896872849535
last_r[405],-0.08776400420182635,0.1382388472684698,-0.2975224351913742,0.1305084719081115,57.34741949532884,39.19508439046758,1.0665524320924207,0.016012153110449227,0.010013604782457209
last_r[406],-0.06314609938712158,0.08427398965934796,-0.18807401698680865,0.053175104756806583,150.202690232134,91.22523449171011,1.001793517562703,0.007092602303878682,0.008158622536590197
last_r[407],-0.019303851605209366,0.1367356771818989,-0.21952101306604604,0.2116550092876154,108.24549836685745,76.00379514302442,1.018022023111297,0.013062529448161513,0.010370417610361825
last_r[408],-0.015318425201607597,0.1712928159897149,-0.2649257351961798,0.2551909153322679,98.52968579346225,77.90427999156651,0.9932098610288703,0.01743008170973552,0.01047137493467392
last_r[409],-0.1226025059526268,0.1272110556167268,-0.30430984114507903,0.1001747855488762,131.26571711167944,105.46241211465659,1.0669525415660106,0.011193662726304498,0.011129013366504611
last_r[410],-0.029014867246189065,0.07129888022176528,-0.145803469854105,0.07997591764261924,150.73783933940058,108.81313352612972,0.9889809892138675,0.005777046654765526,0.0060077847003595685
last_r[411],0.14111146805802477,0.0888329491793892,-0.018615377612299693,0.26810172256920756,123.567911641605,79.58216670256294,0.99561918922727,0.008074302608496502,0.005359965066679751
last_r[412],0.16809514914056645,0.05999430141628595,0.07602533603956863,0.2510245286023115,114.69247778317377,97.63212530551105,1.011394227979249,0.005694392659697434,0.0036260898579509983
last_r[413],0.20422734719206154,0.04982426975204853,0.11610857347291186,0.27236375724332434,121.9098253655501,86.11250513253344,1.0285176042697843,0.004590402341473898,0.004221595614551859
last_r[414],0.22580044863305188,0.05913739289656042,0.12453331533878209,0.30593787272687134,175.22709262527866,93.44487388120423,0.9979147530644008,0.004380368735212441,0.003975490343864208
last_r[415],0.15075313701599966,0.07802780002499785,0.02467463869501533,0.27534857644631416,146.5093848596138,92.09316198951053,1.007753510168236,0.0063572776769181384,0.006957488241290538
last_r[416],-0.06713360996723268,0.15214868544109333,-0.27992523040124623,0.1722746467806369,162.21812929225771,89.98618369676211,0.9920814140080217,0.012483989027580706,0.010595919020444692
last_r[417],0.05995765830064105,0.06873227613589118,-0.05833155559074428,0.17936769800270688,127.92755298854595,92.98745867925005,1.0137833577564686,0.006067275256778689,0.005077036957095752
last_r[418],-0.12766783758087816,0.1154136385395377,-0.32750160531184774,0.028624590377472357,48.36272575941988,53.84776622118783,1.0146001336348995,0.016438206138672393,0.008393237601589552
last_r[419],-0.017033428982379296,0.06574165017144254,-0.1310230313817644,0.0868274888033614,113.21962330705915,114.69389025490987,0.9991953897057083,0.005950767748722589,0.005072190693213682
last_r[420],0.10314150594323697,0.06673502890434375,0.007082719548256375,0.20832601472028184,200.0,56.90081715271003,1.0216099853462168,0.004742651989472818,0.006779932385535771
last_r[421],0.026091593275539136,0.1184648937421915,-0.16458699485199357,0.21332567432893607,115.14289981146926,99.92354842603643,1.009281583346506,0.011505651896051902,0.009515598691546884
last_r[422],-0.1368876763376256,0.1517106219547394,-0.4131300185509619,0.07433777194753512,114.090208314368,89.06357047560667,1.0043392275713023,0.014478102420903517,0.012883808580701471
last_r[423],0.037818576948560306,0.16287349615834207,-0.18986000882628012,0.32091117994303864,98.15741305062821,84.73990038738248,1.004664196070994,0.017060832554246803,0.010296279888976589
last_r[424],0.04852775368390987,0.10248927844133557,-0.12307264322105395,0.21646914207055667,87.37672138127303,92.98745867925005,1.0105760912738142,0.011013240394088514,0.006996649809515388
last_r[425],0.08277839107576469,0.07052855999176644,-0.03339963840354841,0.18628928171299938,200.0,66.59553658753441,0.9978723800861854,0.005012246504591416,0.005226439465912446
last_r[426],-0.077888989682873,0.1607949840543025,-0.31188229372030857,0.18687555598915143,88.41518679076054,99.80388469494665,1.0197456997949113,0.016943505072880675,0.01587919421407368
last_r[427],-0.04018783748166163,0.1573716367150098,-0.29082904252973263,0.18415267585645417,165.0890311931743,85.23955843860254,1.0157374391310208,0.011187036292633625,0.016193538209769747
last_r[428],-0.008813679343101455,0.16645349841015503,-0.30842945748262435,0.23143700531956382,89.37683145292804,91.4115121758654,0.9982367270397652,0.017512875749600396,0.011095163390333512
last_r[429],0.1654798045458376,0.06801000480457879,0.06143225459040006,0.2689219597436086,107.3349886129656,90.4971834435464,0.9914904743279704,0.006419363336459651,0.004636091134644063
last_r[430],-0.12370700013885129,0.14548331552096597,-0.3687545610308998,0.1102603109323573,114.41547729552495,104.56944483644266,1.0066103208286576,0.013927566783205444,0.008792374198598995
last_r[431],0.035378918076210956,0.09995494315065119,-0.13262129628535077,0.1644382615790017,72.05618612675063,102.2246485601201,1.0234309864163473,0.011999893081446271,0.006660001194753866
last_r[432],-0.09542007038904743,0.12649107591340997,-0.27987476613627527,0.09699167962620343,103.85702165670757,80.46027205834184,1.0106978454501487,0.012631600151891223,0.010798552564131621
last_r[433],-0.11171056512935902,0.15925425817788438,-0.3597846168423516,0.13724498272383828,62.00480791893366,12.953282595528407,1.0313625629733882,0.025364937064336058,0.01503149489928557
last_r[434],0.03556778836535485,0.12297183631362721,-0.16273130766421656,0.20577386305669584,120.70913001299232,57.48925416663503,1.0538616337255629,0.012256712289096087,0.011300804156099265
last_r[435],-0.061011342501857094,0.15279826871521765,-0.29978895607650025,0.1940208985298637,186.86976170037107,109.19218413839852,0.9939862152618797,0.011099989725076203,0.013520361567349449
"surf[0, 0]",-0.04203081081631857,0.05498435379573586,-0.12921626989861032,0.04483055181494978,200.0,92.09316198951053,0.9927628318710363,0.003907567872533739,0.003979770795905024
"surf[0, 1]",-0.0002496943407981565,0.08034980981456409,-0.14320042884748094,0.11163029743768642,98.12027114978547,60.623275442298336,1.013012055967635,0.008439692216965972,0.0077855867709474376
"surf[0, 2]",0.05447636551525245,0.04959005729212859,-0.004824153156364161,0.1403113917852863,167.89365301199055,57.91162485019521,1.0316747922644596,0.0041105749550046505,0.005555788946633564
"surf[0, 3]",0.004003128800587124,0.06705022558318814,-0.11068286490261112,0.1027731418399702,123.51603047667005,86.2504593899302,1.0109816549814765,0.006382194809960486,0.004341949000948866
"surf[0, 4]",-0.0031720353671852936,0.0704866859619373,-0.11251975186509129,0.10975308013916478,95.55735437227574,96.43139133023543,1.0401683990100816,0.0070868733393671555,0.004842933880796503
"surf[0, 5]",0.013223878605353743,0.0805541647578595,-0.10782235478324838,0.13359833537179483,72.57353549993317,61.90359677024712,1.0196435021878008,0.009273243073593692,0.009758862076627236
"surf[0, 6]",0.13096274597459337,0.043763167032202184,0.04644947003249282,0.19402553434168338,150.458396305529,112.46669895858565,1.0110141912665893,0.0035871181606284656,0.003981203329399026
"surf[0, 7]",0.0733262572405754,0.04087101406584018,0.0017852551512100709,0.13185759032765562,173.162464486125,96.58246656760772,1.0125234806887433,0.003178422010552337,0.0029588976578333336
"surf[0, 8]",-0.04069120915475394,0.059697388490519074,-0.13188628543030612,0.047421446783814866,83.84644647899796,48.6781751891588,1.0099455779988302,0.005952913469219209,0.004833631459614142
"surf[0, 9]",0.002868415289500366,0.0454651593865005,-0.06638224782541662,0.07121590349220283,110.13801803742597,75.98380103084348,1.0019657327831204,0.00417808953897458,0.004010075621654709
"surf[0, 10]",-0.00913720648184,0.07109893920504638,-0.1122952238778194,0.08760668541450235,104.07571579818294,73.92784878843213,0.9958356968717708,0.006867666671447184,0.0069873342029890045
"surf[0, 11]",0.0015919884993037476,0.06197525246783055,-0.09812825123734224,0.09006444340618634,85.60692303394295,104.20210956107529,1.038248200646533,0.00690636213911464,0.004144051171843935
"surf[0, 12]",0.00617615360587191,0.07666386422554142,-0.10840087432469288,0.1132110312763619,119.68174927221482,115.46437099409329,1.0343997082480554,0.007202504745910972,0.00500404517933271
"surf[0, 13]",-0.04655691306914587,0.06737842820558815,-0.15500042743174192,0.05234232572821522,118.91099018145114,92.59026608708754,0.9881676350269682,0.006198507998316887,0.004079240594466936
"surf[0, 14]",-0.00034764896482104623,0.06590587718791027,-0.10734011031342071,0.10129909568315296,77.35070486942357,66.89836490672043,1.0450906429664986,0.007589869169336862,0.005466324926748222
"surf[0, 15]",-0.011065950493189012,0.06902082824930275,-0.11618327927784051,0.08168530471287289,121.23189808448241,71.82250826298082,1.0377818457834653,0.006150274261543682,0.0088187653754605
"surf[0, 16]",0.0010911302005350049,0.06349654589163801,-0.08295367068672246,0.11132958586993993,62.28619174279616,28.32756290385292,1.0899131249302876,0.008312944027682548,0.008712089180925623
"surf[0, 17]",0.008532440498434317,0.05906255088720501,-0.0911410261218664,0.10434739627998163,95.64535836808469,87.45024584406464,1.0304632913768463,0.006093266989147023,0.0037913761388669595
"surf[0, 18]",-0.02765657992408324,0.06479594370639728,-0.13545610494171637,0.07069067882171007,81.28119690897574,71.62666156641485,1.004509632743502,0.007301789549250568,0.0054800292081364456
"surf[0, 19]",0.03246521509520799,0.042643004715047034,-0.03623889822439333,0.09940391485046186,104.89373151385222,75.71886942837872,1.0030438900328777,0.00416314113614876,0.003229428862761672
"surf[0, 20]",-0.020168155619636884,0.04321281993624759,-0.09204898921488235,0.045746688827442705,79.48838760608801,73.15783288282995,0.996972292264077,0.004900531914832541,0.003118429892260415
"surf[0, 21]",-0.004335293714950276,0.059555287351641444,-0.08810959487735479,0.09557831798770643,101.23519706199761,76.2616280874577,1.0315953877573014,0.005785869258910719,0.005336253091776351
"surf[0, 22]",0.0009534108610088992,0.07462860521876638,-0.11031862781021756,0.12434641786577322,123.89086976123131,50.75691332386052,1.0691815309700112,0.006710990781778045,0.007854870890269813
"surf[0, 23]",0.018009017600423158,0.06441895018621699,-0.09207666065795243,0.11541967937805893,94.55402866862036,89.66270322737198,0.9942568005011431,0.00683716183485338,0.005121856642883019
"surf[0, 24]",-0.022272888973610027,0.05816833599002551,-0.11214713017194529,0.056757297535393096,140.3926330307376,90.92254928569666,1.0048390128031421,0.005030128067632207,0.005439370585468221
"surf[0, 25]",0.0717042534417094,0.06347736090971713,-0.019097175059973773,0.17209741581466437,87.06299797210889,77.20672966121226,0.994898570474213,0.006964309365642143,0.004941475210170596
"surf[0, 26]",0.007620488720114323,0.04760585920467203,-0.05939455095559856,0.08933396483601193,200.0,43.662832950730845,1.01395513351975,0.0033832010950534687,0.004590675435245922
"surf[0, 27]",-0.02620888649140722,0.06280464742571529,-0.13001169629040768,0.06725206259089289,137.07656986708,90.80079739388343,0.9995924554738379,0.005429798647978585,0.004022038258675832
"surf[0, 28]",-0.0006329253754207531,0.058441136966765554,-0.09115820060008344,0.10130937801191342,94.30049779986838,63.92421268242723,1.0229480566903268,0.006112067383754166,0.006550639302993954
"surf[0, 29]",-0.007522160561688314,0.06373990789403987,-0.10101313369579157,0.07785334953074101,92.04065673124687,64.95795801089389,0.9897687555575635,0.006609491188087475,0.004330165408316351
"surf[0, 30]",-0.03308461116656715,0.06119645057371351,-0.12142104692912178,0.05578252310064037,140.07856663248268,70.66636394596438,0.9893207451279983,0.005062202338305017,0.005368508182290306
"surf[0, 31]",-0.03635465802538231,0.04278178285871468,-0.09582634124716136,0.03860091263322509,200.0,89.45368920608331,0.9958082846452189,0.003040368917482715,0.004797402573731619
"surf[0, 32]",0.011790641848422087,0.07311126932323192,-0.11329194055181996,0.1257859682977821,137.5560295119802,93.44487388120423,0.9919289520024485,0.005932853241686986,0.006461522963629494
"surf[0, 33]",0.010317041939708315,0.044543810759132635,-0.05315426897867109,0.08013510204052421,115.36137785538493,106.37076167781574,0.9860198146288212,0.004116516128959419,0.0032233151166749336
"surf[0, 34]",-0.011329779527623795,0.043439417025695426,-0.07492919593876131,0.062043632492865784,200.0,144.34564612793292,0.9879842310273659,0.003087104942649454,0.002559978453008652
"surf[0, 35]",-0.09136854786325889,0.06133903630643278,-0.1863978650801443,0.012220808675616273,108.37447835201343,77.34427048634245,1.015664571068068,0.005925284949365454,0.007797568309152503
"surf[0, 36]",0.004607792425171604,0.05714427324063828,-0.09807989463324016,0.09510132363762804,162.8917333712402,96.21661139977542,0.9906041828270215,0.004532202101782324,0.004477293132904755
"surf[0, 37]",-0.0024230678002135904,0.060192614500486984,-0.0936974990301687,0.07635058031815849,106.05558098827997,76.72447896062795,1.0096661574477577,0.005955012673000061,0.0060757422059196705
"surf[0, 38]",-0.0012633746617178021,0.06125135663556435,-0.09046007980753289,0.10526611293356303,97.76163664881334,53.878841496134946,0.9988949476164172,0.006199374409404743,0.00483871516621888
"surf[0, 39]",-0.025985596690136194,0.07432841946584783,-0.12984101060064657,0.09315507442701487,120.52834731136358,84.5038641620126,1.0157533929496798,0.007108931377774517,0.006818897541953085
"surf[0, 40]",-0.0009099172916512609,0.05191946428204332,-0.08185334361946227,0.0746413251751746,110.00040840435956,79.18480661240461,1.0220536747218378,0.0048863872865959924,0.0033438258845233004
"surf[0, 41]",-0.010739229164715149,0.07226803409429725,-0.11891668652236745,0.09762255493012888,102.7085256307502,65.06445799833656,1.0015445015093454,0.007311715333749841,0.006671526581555073
"surf[0, 42]",-0.006651967688514222,0.0602760672666312,-0.09623658052042822,0.1053917526213612,158.53184132367934,104.65278748078802,1.0793607878645513,0.004842044124725471,0.00454076881216541
"surf[0, 43]",-0.02204528605493418,0.061577024185511954,-0.12107124845396584,0.07609518520376814,126.35241751333457,28.51561032422884,1.002021815676423,0.005609892749845383,0.005395028975311558
"surf[0, 44]",0.008463051573083486,0.062006573794801526,-0.0792584456471613,0.09871932826041982,125.68252593365271,90.92254928569666,1.0072396343060788,0.005476554272815233,0.004855843867257828
"surf[0, 45]",0.004033260450803409,0.07991411269385067,-0.11794190815355171,0.1296041488965794,96.66998637748534,65.46429698180671,1.0198620998651242,0.0075842886814484175,0.014001742563199868
"surf[0, 46]",0.024495985904124908,0.06757768326407756,-0.08969950460155986,0.14300536528661933,127.13152431783405,100.18878101402372,0.9911478165732709,0.006038510528516582,0.0047729799626327245
"surf[0, 47]",-0.03746535209092258,0.06436700866947608,-0.13229550130707343,0.0742647763101183,166.38912314111667,114.69389025490987,1.0009090928564197,0.0050716808526628954,0.003942253583223598
"surf[0, 48]",-0.12330782536367815,0.05784778427531915,-0.20962233893765955,-0.021690693161987518,89.33647778832685,77.57715725383161,0.9912573403229292,0.006070650557121349,0.005095902600996982
"surf[0, 49]",-0.0029386521410669476,0.07156673467655887,-0.11544674348354995,0.10651746897090854,153.40533034271297,42.15099875860512,1.001367464349233,0.006622220530146924,0.009239277477259214
"surf[0, 50]",0.008461483769517305,0.037670989119376434,-0.0473608489352736,0.06625710595727499,112.2922112646876,61.27571611379074,1.0066846549552808,0.0035973867045395926,0.0032977124109475264
"surf[0, 51]",-0.05366747949223354,0.04384300793190475,-0.13379793260940778,0.00519893437474406,183.18535520172506,67.44405924992124,0.9905186187888667,0.003475204063307208,0.004143945568961635
"surf[0, 52]",0.02626843483972376,0.050870143132214114,-0.047237581915304236,0.11512928350421278,97.49669245830087,65.07254768098034,1.0287269840852746,0.005125422622550742,0.0042103893249160204
"surf[0, 53]",0.0032007875660103164,0.065039637484775,-0.09828776948885189,0.10550521868028696,115.19427230021147,70.03272557269743,1.0196973840795278,0.006222190772794573,0.005448510329633632
"surf[0, 54]",0.06120190415090442,0.04459214862206327,-0.0019532920344297756,0.13343946300716245,158.98928584435953,112.2891713517478,0.9857713347199849,0.0037043623883862937,0.0033126332813247002
"surf[0, 55]",-0.0074005266222736945,0.05993392340416877,-0.09215657952648976,0.09497897135282075,124.24076249390612,80.95622044498681,1.0208698503589912,0.0053886779354346045,0.004475049267430808
"surf[0, 56]",-0.022479861359962067,0.0665497968411474,-0.1125668122547443,0.0907178328410118,38.819972445910075,92.09316198951058,1.0560164760491166,0.010219956615153167,0.003230533001988045
"surf[0, 57]",-0.01910163479012045,0.06613469738429519,-0.13141280677266104,0.08785987986815816,120.65469425325384,80.3500738236365,1.0048616406183937,0.0059714961064240984,0.005562183277999265
"surf[0, 58]",-0.002886707526458459,0.07505473879787938,-0.1296705540364086,0.11382578546872742,139.90298651479733,91.35428060057673,0.9935818217552271,0.006225332038121401,0.006185542848955778
"surf[0, 59]",-0.004204777129389861,0.05195231167442114,-0.08781350286490394,0.0783813276645257,129.2488701442487,100.70752798937355,1.0226653716418177,0.004736900268536435,0.0036994944539108813
"surf[0, 60]",-0.019370967513907527,0.06161628696023367,-0.10309269670316355,0.07095894675493761,98.30738968787365,65.0560858357138,0.9918015717137815,0.005643146199656332,0.00390434341485577
"surf[0, 61]",-0.016669715813696195,0.05798486725793226,-0.10143871670839015,0.07656410705611853,120.1901785252965,96.76495103146493,1.0891121483015753,0.005282293796729431,0.003695998170497814
"surf[0, 62]",0.09814349073046863,0.041819639200149146,0.04024856273129395,0.16506862295491911,200.0,129.04234256139492,1.025960577570106,0.002971992345068322,0.0026539744154089667
"surf[0, 63]",-0.002232943370052182,0.06328932870977137,-0.093990813073743,0.10241955291936711,100.55841453899318,109.6113912785523,1.009284865244395,0.006327004056150008,0.004539403259476298
"surf[0, 64]",0.005372035758100626,0.06888730533044171,-0.1035479091254127,0.09918075605059,120.3465547558205,61.204967735659416,1.0770607363793079,0.0056665085525211415,0.007910362783785874
"surf[0, 65]",0.010206021013701508,0.05800522791574165,-0.08751302329292726,0.09523034681963836,87.79265680431823,90.25447598520658,0.9883982010704195,0.006204632359525389,0.0031805943466439975
"surf[0, 66]",-0.05769163412573088,0.0758268467983708,-0.18121845608193368,0.053256369123479905,110.43631632347089,39.196547826980385,0.9973512660513277,0.007169153566294758,0.0061048322091600505
"surf[0, 67]",0.00628396612389964,0.062487506443927754,-0.09421390072936293,0.10347383751651079,73.59791486663802,47.65310061575661,1.0220061493750068,0.00639891696756753,0.0054881257321574076
"surf[0, 68]",0.011006368474232881,0.05958587340910173,-0.08414339423693289,0.1013189734259144,104.49216585115697,90.4971834435464,0.9958569802869385,0.005901467564764458,0.003890401454101549
"surf[0, 69]",-0.0056617229708307345,0.06942293637224431,-0.106602100174733,0.10885780002819663,112.1819118100183,73.53227628657135,1.0440945677484874,0.0064063401144794415,0.008363999541745014
"surf[0, 70]",-0.06970171438415129,0.058785083638847,-0.15972896069400794,0.026968677837637414,88.54715645505362,84.85329103885807,1.0110333795657895,0.006492303308703714,0.005444653674223956
"surf[0, 71]",-0.00019780156007116235,0.07141007380545267,-0.12824367012767576,0.10966503218054877,133.97091727516337,70.99410758410956,1.0189829153445709,0.006265960405633884,0.007590638340174581
"surf[0, 72]",-0.0015048735337809282,0.07105368640314412,-0.10862371811067764,0.09528488701988969,102.66340805568584,78.18964968490735,0.9878973588054958,0.006836128977447268,0.004226277799056911
"surf[0, 73]",0.002127710625391226,0.0731541510246324,-0.12157623805333928,0.1347560892918244,69.15623221634064,58.716033688225004,0.9956193650826531,0.009021492680858556,0.006510205329354223
"surf[0, 74]",0.0021260894771299543,0.05994572343394711,-0.08380821813907156,0.10439951986853237,75.31939381968196,66.72219305075231,1.0041732876473668,0.006631496654017122,0.004460490096117311
"surf[0, 75]",0.001087984843845983,0.0582107832003206,-0.09309971086449162,0.10234220740335943,97.88141785427328,64.40631575345985,1.0242768601292613,0.005768503393555851,0.0063714641900193625
"surf[0, 76]",-0.002239809512969586,0.049378390445471654,-0.08627428554796034,0.07463007569018344,200.0,83.12449655419312,0.9953477233929031,0.0035091694051538613,0.004384807441503169
"surf[0, 77]",-7.639165835990988e-05,0.06393573832916724,-0.10371359581758714,0.09754888589211928,87.57097067959141,76.99882668454576,1.0149840957415424,0.006738561716870959,0.0056840745694937
"surf[0, 78]",0.0045043041830900524,0.07344086860498374,-0.11135308084040477,0.10626838357578437,80.03788042508893,43.82976266096896,1.0049824291066667,0.007854257932626653,0.0042262947330230696
"surf[0, 79]",-0.029753234378530117,0.06673959445271223,-0.13099980881230225,0.062275070549054456,74.25190537888594,94.50432670411423,1.01149248068324,0.007982631651686981,0.003957930980610985
"surf[0, 80]",0.0792861647222764,0.04500966975371081,0.010741136816671772,0.14738236734875837,139.76249886457768,88.385039969547,1.0208062523364734,0.0038092245918360944,0.003559559712502539
"surf[0, 81]",-0.004848550808601926,0.07511802246066285,-0.1149916991595547,0.11817773865312305,135.46489019000649,73.03226823835523,1.049805335914254,0.006515136960077817,0.00610616779166325
"surf[0, 82]",0.00851638122150759,0.0805911261503623,-0.13443461415025126,0.1330328002745026,89.42745655627903,56.882735218820564,1.0767592858930413,0.008735248456613078,0.008724988104028627
"surf[0, 83]",0.0018083682304160487,0.06983581158361296,-0.11102107906643699,0.10532410063953254,116.03002178520354,105.74405100762837,0.995589496507756,0.006694103426328952,0.004811178049421414
"surf[0, 84]",0.09569377270066527,0.04335030506494394,0.03536947100569583,0.16307772249500568,200.0,63.29755767768108,1.0329137653371512,0.0030807720313600984,0.003990725667529426
"surf[0, 85]",0.04433047660216762,0.0468896180735973,-0.03385041556868578,0.11592105226313759,200.0,102.54791060348148,0.9902815875946481,0.0033323000543106418,0.0039422907900656
"surf[0, 86]",-0.023620783556528815,0.06941150836638638,-0.125702309986918,0.10108505949657672,152.68535542448595,65.09081428695569,1.0121621247100179,0.005778801447412331,0.006819653614526104
"surf[0, 87]",0.01660929593844134,0.0525400075105129,-0.06400010828557798,0.10454360984565642,176.74333682821322,81.97438984349351,0.998357041132977,0.004099507913523114,0.005439150614125544
"surf[0, 88]",0.0012220282072084138,0.060744054754633674,-0.09217290481719587,0.09617243009143901,121.13969797316228,89.25790142093786,1.0250783785385145,0.005518346644898707,0.005165985866042288
"surf[0, 89]",-0.10173281973655719,0.04283945459633616,-0.1660559422731437,-0.029148749381413853,200.0,113.6363636363636,0.9985330435133292,0.0030444674694075054,0.003023918265069173
"surf[0, 90]",-0.06353337715816144,0.06751683043418952,-0.16530997893521115,0.040954239493050895,87.71305552002644,111.15778104467314,1.0024676141366908,0.00703734338768777,0.005677894043982346
"surf[0, 91]",-0.0086184690340711,0.06762227879118474,-0.10224428451307417,0.10331295345679445,120.97386723364384,84.72669172086327,1.137339369067681,0.006707956898037459,0.008367110057973344
"surf[0, 92]",-0.011351344389711287,0.06319920094277794,-0.10303181403000562,0.10754306847622569,106.6081239856729,76.24821535723893,0.9944299074662717,0.0061250970530209005,0.004117927557207328
"surf[0, 93]",0.010709996162721029,0.08623848897580812,-0.1216016686193122,0.12152563656160571,169.51060003894094,46.556218356809865,1.001616050678048,0.006511423059737117,0.009555760281036557
"surf[0, 94]",-0.0065486049275366885,0.0680524398251177,-0.1171044723479524,0.10910498492224104,102.58570000192871,75.32223951474532,1.0565617861068874,0.006782421297056888,0.007839288010838061
"surf[0, 95]",-0.020620261095720762,0.06123635454555632,-0.11991169370421269,0.08334561316737346,91.35178545362604,142.66909288009597,1.0114111287303413,0.006348209788881601,0.0037038066952484595
"surf[0, 96]",0.00623177401314031,0.06045160883368737,-0.09091274897263707,0.10706213185728554,98.36523648557356,89.33020143782473,1.0248672758562867,0.0061930255087289925,0.0037234606600193543
"surf[0, 97]",-0.01484670392816001,0.06390146321032651,-0.12102100143202554,0.08531324690319964,110.43559029101176,65.80474651333058,1.0293347285847003,0.005898528849959427,0.006749185571186461
"surf[0, 98]",0.00951225561517757,0.06459439711334267,-0.10762308635381573,0.10769086765324735,200.0,59.98239049086509,1.1083013844900405,0.004590523912374476,0.005022107983236554
"surf[0, 99]",-0.005754440230876881,0.05105430036463607,-0.08963266932112562,0.0796212935068226,145.31299622989974,92.09316198951058,0.9977383360680004,0.004337997432238694,0.0029748115241738427
"surf[0, 100]",-0.012774752944045337,0.07173762030005945,-0.12227888474469197,0.10152830768976445,165.29609759631205,77.41759280657155,1.0199487630662851,0.005555066542465919,0.007185398991063194
"surf[0, 101]",-0.008977119762965885,0.057978511465079076,-0.10452107733234059,0.07995893783702687,100.12241887486687,114.69389025490987,0.9862401737616671,0.005870833191010987,0.004143170568325813
"surf[0, 102]",-0.000878013333196604,0.05098883944201484,-0.08641583563809413,0.09733350617262546,173.91179621689386,53.34952149692902,0.9921940290050922,0.004003292374164096,0.00510036891114753
"surf[0, 103]",-0.022884308260974966,0.05302216435727764,-0.09945030140219745,0.06161808364726067,171.7208333979845,103.69147239092105,1.0025388172699359,0.003886629769496481,0.00473606339219311
"surf[0, 104]",-0.01845804404649386,0.05104220426497104,-0.08804441765794324,0.062263128680875454,101.14003111256241,89.42579228114215,1.0191690740871884,0.005188288648796012,0.0043113593038644595
"surf[0, 105]",-0.043773896339472006,0.05417571945866353,-0.12835963757217744,0.030061349567766668,102.13692032750188,67.93873690337598,0.997966112643554,0.005459412709392168,0.0035407636047125168
"surf[0, 106]",-0.024610319561833266,0.04536280436274814,-0.10675607582564253,0.04641005910343933,72.12879631400209,64.19816576669236,1.0119905016719783,0.005474841882814729,0.0035040856564928337
"surf[0, 107]",0.019162332602748338,0.04281645667607821,-0.049345790579783694,0.07947167333275226,146.55969060487206,110.46027592768792,0.9947608429354915,0.003404367395962579,0.0026584284042240427
"surf[0, 108]",0.02117875403498513,0.059249642484507245,-0.08292483445197553,0.11185063548453504,101.47669013912133,78.21334338484736,1.042182152578731,0.005891456769668965,0.004022270458601966
"surf[0, 109]",0.009930693916257262,0.06742360270505413,-0.0964644737410354,0.12273825799741778,76.40257406182258,59.65750696933492,1.0300877267196575,0.00760772213304843,0.005926601797225306
"surf[0, 110]",-1.0542396858722603e-05,0.06650162953147233,-0.09560171735725569,0.10808672318090683,107.83500527808911,89.42579228114215,0.9963473040946714,0.006568852642936021,0.005572728385027389
"surf[0, 111]",-0.016574544930624012,0.06749113724365875,-0.14063137193728115,0.07539693572192233,145.99759937598344,47.85505670539744,1.021536056089703,0.005494069369300924,0.007912042415691576
"surf[0, 112]",-0.0022087503923037283,0.06535499076786669,-0.0931044015359355,0.10701978170084298,93.2951444942754,86.07034707663635,0.9966036316814709,0.006475378129646105,0.004438387160688393
"surf[0, 113]",-0.049380484319047416,0.05032919760837455,-0.12915891801500567,0.029511988349859936,83.1541894284101,58.265936168362465,1.0151454286311241,0.005560444525350172,0.003347448232690886
"surf[0, 114]",-0.015288729965657864,0.0721567066979199,-0.12955581907829683,0.092723072234986,76.82998066648521,74.39075672320229,1.02082680166167,0.008213102723205518,0.0043046041653284324
"surf[0, 115]",0.005143217787634733,0.04333456156783302,-0.06270500416361481,0.0716932518861331,110.45288898234455,138.603119973065,0.9942209357782491,0.004059851337728721,0.0029713305261038284
"surf[0, 116]",-0.04741796768076945,0.05129120787374999,-0.12821103069043632,0.030071431317575836,111.45269371639326,66.74837537804962,0.9836588737103075,0.004957560115623289,0.003366803280526515
"surf[0, 117]",0.0021496947124538144,0.07198957341737214,-0.12636863534646442,0.11320721523944247,98.33852816050445,26.94094882985184,1.0975494127522192,0.007399986161356504,0.007386042017002059
"surf[0, 118]",0.010224675072238967,0.06604798642876321,-0.10042951867217695,0.0997133870599531,153.6644324271836,91.65597552551068,1.0012212189765939,0.005583349181512186,0.004631742273648131
"surf[0, 119]",0.09819318358461665,0.047998157156934104,0.02761441339134844,0.1677093401672537,128.7121324715208,106.37076167781574,1.0126054057202363,0.004263398293445066,0.004610754172290378
"surf[0, 120]",-0.00276118535666397,0.06860205937700076,-0.1208900343027868,0.1099774324819322,60.71993049027816,90.80079739388339,1.0248267525695742,0.009078987201655876,0.005393183954731452
"surf[0, 121]",0.0032047418226232647,0.05641950638253599,-0.08697015889416075,0.08912762801358226,93.30969072801743,80.26255930330798,1.0482550755937816,0.005874348021331136,0.005040800413594199
"surf[0, 122]",0.14118903275168943,0.05201582213358747,0.05831932537437199,0.2281195344909721,87.5724033719452,87.84790371018467,1.0556894041508502,0.005474585906263934,0.0064280751075159025
"surf[0, 123]",-0.0060585261126075915,0.045431024659733595,-0.0709445623983761,0.0704725168551626,133.3925632870086,66.5009322560597,1.00208838469871,0.0037913523909983587,0.006593890458047254
"surf[0, 124]",-0.04284287384537691,0.07689796106296261,-0.16170101252997138,0.07063315742158306,195.593390416752,92.43132961783436,1.0021658975824501,0.005682851397630279,0.005751420385225471
"surf[0, 125]",-0.0071829717084892705,0.058107294797694914,-0.09127996972209235,0.08116459622953935,170.12377802588162,61.31613324624431,1.0455051033746598,0.004438866079903245,0.005781138595643997
"surf[0, 126]",-0.04320720382921043,0.0650869872983355,-0.15248532885078908,0.06388429721190926,158.59521454455384,82.30133587363477,1.0257504700952877,0.005178032257085325,0.004396029030976201
"surf[0, 127]",0.018268773784991917,0.03990106354324425,-0.037048735704100735,0.08411927347507198,106.3821076756982,75.34713861465647,1.032151162726802,0.0037931709929601033,0.0051612789208156035
"surf[0, 128]",-0.05785717692877455,0.06507397040322369,-0.14589694422874072,0.04790452353265291,135.65186287812702,84.37237400922076,0.9955261969076193,0.00578123319777104,0.004639416875685873
"surf[0, 129]",-0.0070514716510738625,0.06685641148943293,-0.11819335015732327,0.09608347161412671,200.0,68.84570245719084,1.0224784848382502,0.0047512782741708556,0.009926152451058178
"surf[0, 130]",-0.011456518910179663,0.06538157398888635,-0.1190231737110154,0.0982046694468459,88.47831523613006,29.957104224301432,1.0208795604327479,0.007225762928158706,0.006782923667158962
"surf[0, 131]",0.10026578923205154,0.04527093864021835,0.029578679790541604,0.16784802677829894,90.4498773474616,74.6012517666061,1.0206663377429757,0.004750702089507689,0.003313326783360722
"surf[0, 132]",0.023914280341288712,0.04979874474392171,-0.049010161622167044,0.10517056722667184,154.89110135489224,98.87043545920406,0.9869712283670566,0.004184851245102884,0.0033689809993953245
"surf[0, 133]",-0.05585649176622456,0.05285366694973025,-0.14536286419390246,0.01549926665780025,110.22113216539897,88.47555312105548,0.9934181273632728,0.0050904650879550735,0.0042305404733334676
"surf[0, 134]",-0.0006501812635971588,0.03889722546267357,-0.06221161606223306,0.05846332024937512,181.2389326513238,113.19544163025876,0.9959867840509039,0.0029283925824057392,0.00236241958893064
"surf[0, 135]",-0.051936844623870354,0.07321310501257071,-0.15662934050952199,0.0637600481205787,168.7251331522439,90.92254928569666,1.0023176495417718,0.005744065156075781,0.007304991387780863
"surf[0, 136]",-0.04754644079422848,0.07565988532778878,-0.16139868872068033,0.07154613007598713,200.0,92.53693964437764,1.0066953836056978,0.005376913917089304,0.0084075448565245
"surf[0, 137]",0.07789184829107518,0.05108142729242698,0.00031781515547350163,0.16460481496051566,84.47715882431817,76.00379514302442,1.0290380634783225,0.005472247957061135,0.004840329499402311
"surf[0, 138]",-0.014939141858359069,0.05575908870148786,-0.10132153846617034,0.08456825158153418,152.77985677210285,90.31897306233589,1.0154083708663992,0.0046777946361529375,0.005097964074322449
"surf[0, 139]",-0.0006332286029607989,0.06878773489056614,-0.10822594098891145,0.10946493453380378,135.2362626386532,67.73989328027493,1.1006223292500055,0.006152452295856126,0.007595461641277903
"surf[0, 140]",-0.015719519276826605,0.06218286153920338,-0.1162071088005355,0.0887342638510642,75.90431972824356,75.25956871659399,0.9854402812294921,0.007421484860860642,0.004492953704258167
"surf[0, 141]",0.0003787231705580161,0.03825966951366276,-0.05740101306998902,0.062472935595982236,128.39884518293968,101.37433664444133,1.0047891488180158,0.0035048264920888236,0.00316953785260595
"surf[0, 142]",0.03628919297115303,0.06083329226613321,-0.06298879588778314,0.1295013765241463,55.5268006025405,79.9388515557821,1.0335467469277726,0.009074637072002602,0.005969612022545685
"surf[0, 143]",-0.016525372404649817,0.07364965082593251,-0.12721165960211092,0.10647663996165428,153.63435630547735,97.73602140014354,1.0644353405018938,0.006085420724941519,0.005643918624266666
"surf[0, 144]",-0.05170914852426997,0.06233551388630698,-0.1490693809912215,0.04272184097062328,128.92629759012368,112.46669895858565,0.9939177983857642,0.005632372439701762,0.005076762056211173
"surf[0, 145]",-0.06270233352455358,0.04796626210691235,-0.15120848996975084,0.009638726686059638,143.0021880800563,89.15851457878246,0.9951462322016306,0.00401935149654728,0.0029056662966241184
"surf[0, 146]",0.06604494115949644,0.04889987492666475,-0.009056091243987388,0.15569482108671828,171.61900126327535,53.28306181973395,1.0134185632027524,0.0038575574753336216,0.004890748177527387
"surf[0, 147]",-0.09314710313269693,0.06425178777543306,-0.19525413664971883,0.009761146528304341,71.32436916860924,42.409201171995356,1.0324936337837631,0.0088279028536307,0.006249702953840508
"surf[0, 148]",-0.012456714817306647,0.0708408994500939,-0.13337654149075673,0.10165423324604644,74.0305720237695,89.34216019562236,0.9841646218155422,0.008278359261041871,0.00477227442069488
"surf[0, 149]",-0.009424809083853916,0.0818209043277211,-0.14416699446424078,0.11962331709126332,74.80782182176614,53.26260404537024,0.9936223686985933,0.009558400717058935,0.007913506491633504
"surf[0, 150]",0.025096899742963853,0.0529407123397477,-0.05126620494914804,0.10734745681715434,69.78420225463067,77.90427999156651,0.9951080865513884,0.006399946700826047,0.0036496361005783195
"surf[0, 151]",0.02423131087587052,0.041672739466942506,-0.031209884619612552,0.10347882815704566,113.38727469850718,90.92254928569666,1.0150498718140464,0.0038958342341383493,0.002748692778355918
"surf[0, 152]",-0.002624265891117373,0.06193421953635144,-0.0970398032056461,0.08599977976567424,177.79587586987384,70.51852412774734,1.1054373882652355,0.004562598679392332,0.01173001209223542
"surf[0, 153]",0.0878373455443742,0.059989972485435146,-0.0022826213883021342,0.17866254710519558,93.34236684728612,64.36649814978892,0.9912974362500613,0.006215626517527375,0.004120352178237312
"surf[0, 154]",-0.026664694019708536,0.06746923260970838,-0.14133846752269197,0.07167591456052078,63.25057593956671,64.11576887424042,1.0343395475343873,0.008839447365146871,0.004679643303428236
"surf[0, 155]",-0.0009875052848561652,0.047712931623704845,-0.07505454461984717,0.075605457192214,129.6072323738235,96.20175539458054,1.0026652748347893,0.0041553018028199955,0.0038075754799215293
"surf[0, 156]",0.044629139443699305,0.0514364455971695,-0.028032236061802975,0.12936877277930897,83.71456229154346,103.21738164036448,0.9952111579977623,0.005411272089885106,0.004256684118977424
"surf[0, 157]",-0.010051731705518246,0.05621359295918291,-0.0885161505287054,0.08256339924529675,73.13681528599773,53.85413963145603,1.0066571564689097,0.006502729183503267,0.004498758759719992
"surf[0, 158]",-0.006890499498693018,0.05635901591528903,-0.10668872268473736,0.07296685733306588,93.87770398206709,78.18964968490738,0.9846675132252317,0.005910400467830704,0.004296313864373859
"surf[0, 159]",0.0025013290393732135,0.06876656463199267,-0.1001019256336195,0.11188286134051824,132.52255350606092,70.0739616916366,1.001443203092842,0.006334650469926067,0.004813186245604318
"surf[0, 160]",0.08526224941950257,0.04413362045343083,0.010119177041564287,0.14948844352652296,200.0,70.4145905800507,0.9966146777282084,0.0031912560415928858,0.003797391184083858
"surf[0, 161]",-0.006414156195071396,0.06577062457705783,-0.1062383708925393,0.10187671177908045,91.1493120131489,60.9199151851248,1.0717923552186768,0.007054296602776671,0.006048613725575018
"surf[0, 162]",0.03348792630676395,0.051967216098777205,-0.053835543273221584,0.1085423741148634,122.30906158613715,78.47868796446572,1.016362299589456,0.004660539285727762,0.004549298301671506
"surf[0, 163]",0.0036259874526894252,0.048836131676384995,-0.06778498726259423,0.07686973021703407,144.5160492208782,54.76974279202685,1.0595080297038373,0.003995075732742532,0.004194016021702817
"surf[0, 164]",0.021781423512926154,0.048375185536279355,-0.060279936386962094,0.09455413969867633,197.80577670550664,90.4971834435464,1.0038135941118866,0.0034378747367234397,0.003052456612287969
"surf[0, 165]",-0.002542925400945899,0.06998086121062609,-0.12702258216530815,0.11524494783953866,70.81801617063134,58.75892366831412,1.052229332561038,0.008579317735741082,0.008710634480125415
"surf[0, 166]",0.0033776835296558992,0.05274165621583602,-0.08199410810197254,0.07894883471625995,80.97043451095624,91.22523449171011,1.0256413588264,0.00585397258727508,0.004105082227765844
"surf[0, 167]",-0.037682673123637773,0.03864411956471594,-0.10657119003488622,0.020571616508968906,106.96802900847912,87.14111465565772,1.0229916945570434,0.0038175766929383808,0.003201770225163798
"surf[0, 168]",0.026351892835658502,0.04848969994413824,-0.04596637369751521,0.0993454804277066,97.57933950395721,75.98190417437796,0.9965937927745058,0.005015139296481529,0.004036101817471805
"surf[0, 169]",0.002116691245542247,0.05700543414399361,-0.09723861680309474,0.08951441897534752,95.31871548291674,89.8371018721128,0.9919926316387183,0.005979500532283219,0.0036378063779754764
"surf[0, 170]",0.017377312275948617,0.0795554327077002,-0.11405226131903683,0.13714031633936394,92.58137031705112,62.47944755014797,0.987946173596563,0.007912141667706032,0.00626708993562878
"surf[0, 171]",-0.08441328191608254,0.05118209169231179,-0.15769295064530192,-0.010130426309198234,96.43551026129312,88.85663986296807,0.9966834725986695,0.005303345673939106,0.0038418763486771277
"surf[0, 172]",-0.023312412390997097,0.052765647301008196,-0.10247240062154056,0.0680446309304125,100.78849835730382,91.3542806005767,1.0003704753060305,0.005181383852129846,0.004398186433827458
"surf[0, 173]",0.04327362623048082,0.06674043389962322,-0.06969037261835449,0.14605417277768384,102.7039006056684,47.10774577954319,1.052509199574209,0.00657398340283903,0.006926973978966914
"surf[0, 174]",-0.0022935815976021456,0.06515880478146698,-0.10282831040408347,0.09971537338509404,149.2515227964631,98.80813524782471,0.9887648526742395,0.005574360629806262,0.00536649583682243
"surf[0, 175]",0.00044086587318281287,0.06331957321809821,-0.09908654820770792,0.09987798821533296,165.44003080002707,74.21243941841688,0.9930312654934893,0.005092610324398909,0.0056083666481024875
"surf[0, 176]",0.06128932857678067,0.0625279717923659,-0.03765371336639867,0.16124629105207722,110.4918892014585,111.59697549421523,0.9960619513121484,0.005809119677236179,0.004132249045122319
"surf[0, 177]",-0.06934623038880244,0.05070897865433015,-0.1491551391043869,0.013635532545917902,86.31156920990537,77.069497031014,1.017291209320864,0.00541483876395946,0.003627910302697136
"surf[0, 178]",-0.06339264013584345,0.06444342605662189,-0.15569467347512883,0.04483611878582264,156.36560370015502,90.4971834435464,1.0330527426293719,0.005232329904205319,0.005304646310158692
"surf[0, 179]",0.0030615445679772007,0.06640805951130405,-0.08950573175111733,0.11829612259551556,101.86058829265772,74.30174265934593,0.9918231533226075,0.006480647050557093,0.0059763842253904974
"surf[0, 180]",0.003809491549597531,0.06597431567066367,-0.1081132472150495,0.1441664032757861,59.51452818039233,49.73758903229259,1.0846617179446987,0.008834429906709807,0.007589437789088572
"surf[0, 181]",0.09258969767501242,0.04926952065754774,0.01736537684957052,0.17919915141229964,158.0022080467699,110.56437336853791,1.0023162778907757,0.003844267210653616,0.003434631212751053
"surf[0, 182]",-0.05318980967742707,0.059523317156170465,-0.15399228312775404,0.037316857880297864,129.1172966118835,95.08696204138624,1.0665664056419415,0.005215572911812342,0.0053901979484199045
"surf[0, 183]",-0.014604008139072833,0.050642188947822415,-0.09611583720312512,0.06316163509252067,101.65791873580777,62.978222483814,0.9921186235966821,0.004996259283936698,0.003208102416994804
"surf[0, 184]",0.012027281807153614,0.046624520314697965,-0.06595304626049274,0.07557903681627309,117.10615130827938,107.58137379821618,1.0079350390497286,0.004278693527355979,0.0038738606904602352
"surf[0, 185]",0.013420872087482803,0.047028854881906175,-0.06952590332559756,0.07672822086910719,161.28263666724777,87.22487481076044,0.9987039800022943,0.003923731377274609,0.0037508130079300403
"surf[0, 186]",-0.00819561948963728,0.067354439072219,-0.1104971768099732,0.07916385767115998,139.86823857311504,137.42971293282034,0.9969498240718382,0.005679759257331311,0.005057864138367101
"surf[0, 187]",-0.011123383534133663,0.059903609331388316,-0.1075045147971171,0.0925337110297171,99.9964586157636,90.25447598520658,1.0106070626329864,0.00613566332141626,0.005505842416574052
"surf[0, 188]",-0.012599937591853056,0.05741237215766714,-0.10097954499651723,0.08023378016429256,89.31730104963648,133.73145132102783,1.0275121926712647,0.006066133720450029,0.0038966552759973736
"surf[0, 189]",-0.006282554129812951,0.05065560858546387,-0.08794612157633394,0.07765280010263936,94.16617427999368,57.42323762793726,1.009022142783974,0.00524058417543071,0.004108109615586592
"surf[0, 190]",0.03191726297971308,0.03879625397900294,-0.03494135535144774,0.08957392779952428,183.50529407760922,77.09159190486122,1.001101469709274,0.002921857518848741,0.003120577918909667
"surf[0, 191]",0.008639428510824389,0.05346860407391944,-0.07905729098595075,0.09386981925937875,111.79439948431491,90.09986973512811,1.0082826931137612,0.005056380169448065,0.004170951348643369
"surf[0, 192]",-0.018138712803301708,0.064531212891378,-0.12115624601540058,0.09590114915895781,52.88414187097483,42.852996579727645,1.0403812779772483,0.00875470139392452,0.006691696286880999
"surf[0, 193]",-0.037933025322866756,0.05879910082195903,-0.13574804396498383,0.0482914833346607,150.75962813420392,100.15015820239192,1.001212669389193,0.005008318667689013,0.0034253868659512767
"surf[0, 194]",-0.001932839039841116,0.06989988218018053,-0.10980097145249691,0.11707326966994891,61.77587178742472,51.60295588398711,1.006930097308858,0.009175685779510008,0.008162156947341452
"surf[0, 195]",0.013655090954661107,0.059686146724209986,-0.07738285043327604,0.09909355401368487,112.9226187103675,113.19544163025876,1.0094043664219032,0.005636185877689196,0.004954406320439905
"surf[0, 196]",0.041105471107510214,0.04081185407821492,-0.025210968779829854,0.11131278349979057,200.0,76.14161732500615,1.0326808204013067,0.0029003721750920203,0.0030840644756310043
"surf[0, 197]",-0.006592354877507308,0.06709513642323349,-0.0966206299349504,0.08339065065246877,74.70331580373002,55.24161684235638,1.0074233381365825,0.007529620683906757,0.00993175230944739
"surf[0, 198]",-0.015737424932177092,0.05335756017679071,-0.10487420415050595,0.06794934065351027,193.0568318880454,112.2891713517478,0.9859808555488697,0.003791956684226457,0.003967496368335186
"surf[0, 199]",0.05624872509666925,0.044568838159004004,-0.010102188949213558,0.12514701550406035,139.60207466779582,105.12798803375382,1.02571343721251,0.003763562630656708,0.0035590679642413846
"surf[0, 200]",-0.05955085578711513,0.043431151591943606,-0.12385540414336399,0.010399449568208319,157.02743884094514,89.05205001453918,0.9982834180123288,0.003415835492716122,0.0023000959163916603
"surf[0, 201]",-0.0399234037987866,0.074106420835971,-0.15589827687845528,0.06858278568136529,85.12880573616971,79.65634280865514,1.0169801292116232,0.008010774807174704,0.006114602624173093
"surf[0, 202]",0.005539636777063168,0.060879439297430234,-0.09723457933890899,0.09903155284271678,123.06012746295298,70.43714404254517,1.0099547174618095,0.00568264486290854,0.0073897912681992455
"surf[0, 203]",-0.032091257876936896,0.06074122566236277,-0.12012775251698639,0.05883828570310262,107.81491298896006,77.62250948021203,0.9927901852735044,0.005892754383365939,0.004142398722313857
"surf[0, 204]",0.020642288002756075,0.07340679598209648,-0.10871319527346338,0.12122463588526748,76.18956130807705,70.90976947147819,1.0415699649630195,0.008354404254496154,0.010338194789446588
"surf[0, 205]",0.037325923704835846,0.061921124577248104,-0.04723737748293901,0.12865685526737197,106.2501027463187,79.90622042501934,1.0263452515223173,0.006061868566968132,0.003954541732797423
"surf[0, 206]",0.0007244210384322772,0.06211515205826818,-0.09167151776208565,0.1043138331481222,81.46164466447932,62.910421575016294,1.0683010107934299,0.006945942259254014,0.007503359292952544
"surf[0, 207]",-0.018167133831626776,0.06375032966499956,-0.09835494136335929,0.10403741038491843,122.91047600600666,97.8876867594024,0.9925735474456271,0.005749140197147867,0.005963053809144315
"surf[0, 208]",-0.035525554705545435,0.06863808923752789,-0.14227431486672223,0.06566871759780847,34.49280885121727,63.286872398159616,1.0594605724799817,0.012108898688101482,0.006665714899191984
"surf[0, 209]",0.034012521981825236,0.04952853391664731,-0.038337726862535754,0.11110464551860166,165.5705148916407,88.04393946537178,1.0318771505816167,0.0038107408190240976,0.004741901119591338
"surf[0, 210]",0.040804065539709,0.04950054625186228,-0.03692342325285113,0.12659390893784123,129.37345184859032,75.43559270822844,1.0486594311963158,0.004250696145931618,0.00475728946593362
"surf[0, 211]",-0.005267942896186872,0.07220172095967793,-0.10935486133892162,0.11153281040865475,87.96936598491075,63.67565802476559,1.0436468528639693,0.007439803059390668,0.006551673563810447
"surf[0, 212]",0.04039629695319705,0.042672296886779294,-0.021323460436871135,0.11418991683780365,177.29137797167974,57.9208491981078,1.0024573707486126,0.0033059045315566803,0.003047650115386085
"surf[0, 213]",0.09992986311426262,0.045385689599209716,0.03305440025752024,0.17348760150385117,181.35006211999692,84.11108581834728,1.01121358138299,0.0035343585794538703,0.003974721092504061
"surf[0, 214]",0.008296676786687811,0.0651163221825657,-0.08861299592790645,0.12270371339722885,84.6206047512885,91.65597552551068,1.0111464531279153,0.006996357508833214,0.004701663414076806
"surf[0, 215]",-0.011099533313991059,0.06213600891183831,-0.11605897649320124,0.0836517458474593,20.036389097794622,56.193262810413266,1.0884789976063933,0.014187782966022936,0.004104238316081935
"surf[0, 216]",-0.015979482061891113,0.07568335314586241,-0.14104903421739257,0.10233633595628622,62.902879116987194,43.35260115606936,1.1426993288469374,0.01009604780405103,0.01245818838368029
"surf[0, 217]",0.04793118831694081,0.06289646727101454,-0.04894707357808837,0.14461861442194676,116.0401388709481,99.27244623297707,1.007245884279372,0.005768851640994914,0.003931836454726115
"surf[0, 218]",-0.03542624423920256,0.04386985306072802,-0.11475377735856256,0.03522242232768866,200.0,140.11939617475937,0.9828623351303195,0.003117694699654194,0.0030574654057346456
"surf[0, 219]",-0.007920708531224356,0.04663759358467156,-0.07399724005266362,0.07159621103914972,88.40539040269744,39.88532314449378,1.0804664386915046,0.00517675438600929,0.010603777753344276
"surf[0, 220]",0.021446068811551946,0.05756942348711781,-0.06638069048877418,0.10658099396322787,128.68615723807096,88.1492231924056,0.992499529956405,0.005069898527299891,0.004344198171808718
"surf[0, 221]",-0.0007916109651308326,0.0722138803989013,-0.11344432195434749,0.10974351004230513,75.53406018712617,33.42445110305065,1.0794777180348698,0.008278988392154992,0.013121972976191965
"surf[0, 222]",-0.019647001336146618,0.07260678541329652,-0.1463620397730086,0.08613025449804033,87.69423305238627,54.84855250427921,1.0080513206896609,0.008221145366882211,0.008148196144129363
"surf[0, 223]",-0.0323438681144284,0.06610132658370768,-0.14591338924255182,0.062305464857589005,97.81171790028381,53.04529854890846,1.0348893621547648,0.00672217553281808,0.006278834671784966
"surf[0, 224]",0.03432596391015492,0.04655944474220773,-0.046584755397598224,0.10640424867065712,117.84599966968231,46.004545175357784,1.0032613559603447,0.004477403168266204,0.004264347395631523
"surf[0, 225]",0.0013283093371086053,0.05863477277859193,-0.08186142606518525,0.09975936414081352,138.70332944946347,110.86108610861083,1.0750459762286801,0.005286806264943062,0.004438109138962763
"surf[0, 226]",0.0009017285935058427,0.04375058623796658,-0.059990750849458964,0.07573919860721383,172.4674678590686,67.19296671750247,1.0355640641801187,0.0032052931586424435,0.00656372936983724
"surf[0, 227]",0.007224387805833174,0.06056184883564611,-0.0808424534736094,0.1108975412760192,82.1564185399448,20.048249970972588,1.0413785327231706,0.006654833852673238,0.0052620995858289575
"surf[0, 228]",0.005429599746720998,0.06021558264614812,-0.08978628279307255,0.09050147320496883,100.53684711975009,83.46392314505692,1.0060811944474666,0.006026941801641135,0.004232963279305015
"surf[0, 229]",-0.0005937121079618414,0.06793367390335929,-0.10866468124025039,0.11242115441172078,113.11996430279996,68.47673818476738,0.9957721656228145,0.00659852902528403,0.005460442148916861
"surf[0, 230]",0.007541319395016682,0.06069884157220789,-0.09088056565008888,0.10590091534891029,97.84645068321986,86.11250513253341,1.0480635439243609,0.006382176460473708,0.0047550624613886955
"surf[0, 231]",-0.00593108392368438,0.06514417785543282,-0.09715999436189704,0.08989747199629677,84.24649141824837,21.73665318215483,1.097953854622406,0.0071135707007815,0.008734504937248377
"surf[0, 232]",0.009574131577889076,0.07926349928234018,-0.11582086094769282,0.1330016209115496,128.8096997284444,68.33900537929523,1.0490719722435895,0.00721283601221461,0.010346529083300405
"surf[0, 233]",0.011070318160459553,0.0636150350447505,-0.07761763825340377,0.13010085123896134,146.45404050463563,90.4971834435464,0.9932773873542701,0.005523139764456658,0.006246336351172767
"surf[0, 234]",-0.0004080554034633091,0.08473950235101929,-0.1307633088457499,0.13922778103714867,160.86703816425623,61.52198978751445,1.0495991497881862,0.006706970932266009,0.010294069179767183
"surf[0, 235]",0.001016034134615099,0.07084874835045295,-0.1032990439579263,0.10170303642241181,88.30597949969471,70.99700764289928,1.0105759480662813,0.0073383485549718954,0.007709698380078244
"surf[0, 236]",0.03591025867015228,0.04299561457964018,-0.020823837559360403,0.11011383409679597,200.0,124.68786415848176,0.9950329986428231,0.0030555652761763384,0.002601713782971753
"surf[0, 237]",0.006139934340109552,0.06593058525177155,-0.10465519310509241,0.14175435485296864,73.826838838147,43.12833421860927,1.0485750168722308,0.008043244366221544,0.00812249612593126
"surf[0, 238]",-0.09257380618793139,0.0512898066412928,-0.1694459003955893,-0.008917033578670049,147.69532734993263,106.08670686190062,0.9932734197040894,0.0041811926383752245,0.0032985197966696267
"surf[0, 239]",0.024173102699115656,0.06377308804923147,-0.07513448338825612,0.1251099093498859,184.63113048885094,44.10009156129388,1.0447648488009669,0.004920668157635999,0.0048150874602140995
"surf[0, 240]",-0.008187038656387938,0.0624350368530521,-0.11117252244042605,0.0799003449887947,184.06023610987876,75.3132089353962,1.0085639956814187,0.0045943332668950424,0.005516270557528386
"surf[0, 241]",-0.08693745628991673,0.057201228014517685,-0.18583005821973514,-0.009572889238560409,168.74194225084437,62.36231427956207,1.03116944748999,0.004137655839679611,0.0051040606579042915
"surf[0, 242]",0.024285398068143935,0.050170255108590724,-0.04458363678189865,0.11274036070515385,118.43928827721548,108.23522538050307,1.0164513434505846,0.00507836737427366,0.0033048533870342913
"surf[0, 243]",-0.011892531809238478,0.044065756497226174,-0.071828529097004,0.05327399363625623,147.07001326005326,46.59417290639776,0.9896858567664915,0.0037035497496552988,0.005892178796592676
"surf[0, 244]",-0.0011660843357323189,0.05774171369362566,-0.09785609457387254,0.07716597097827976,103.54731116310312,66.89836490672046,1.0331188013997417,0.00574876176943074,0.00429298265693846
"surf[0, 245]",0.009421092205010745,0.08450173865956266,-0.13795396051784922,0.14710770696449937,104.38887083746368,61.5300978550954,1.0303243582796386,0.008059257546072318,0.007737825188950052
"surf[0, 246]",0.010655759924603644,0.05176577258006455,-0.07400566452377047,0.10357600836669503,100.71386370970014,91.3542806005767,0.9943255485040488,0.005132450810228198,0.003906949337649762
"surf[0, 247]",-0.024345963080929983,0.06331714259753711,-0.11985695798231519,0.08167087131910086,75.31508783950501,113.9377119950663,1.0348166610802607,0.0058341718467243295,0.003952087987265342
"surf[0, 248]",-0.0009933716640399164,0.07162838744424779,-0.12046584788132741,0.10403728063337186,67.97503769969767,60.65451960974353,1.022861684040296,0.008878559553595058,0.004872197181712256
"surf[0, 249]",-0.03370255948123173,0.06105473674374052,-0.1280325222037504,0.06545374782848631,127.4317991271038,114.69389025490987,1.0139306787141573,0.005196670008018401,0.0037062828110242725
"surf[0, 250]",0.006410085086839168,0.06450511162763632,-0.088265262294196,0.12110489655898064,134.3608955391547,118.76218790959362,1.0680074724792001,0.005571237854845342,0.00562246054032366
"surf[0, 251]",0.032415313658780746,0.038411993665219205,-0.02625030749687698,0.09794473899203247,139.98691089784182,73.94653556002307,0.9902662973581768,0.0033286317780629624,0.003332807987268022
"surf[0, 252]",0.02154661549664389,0.06907725772415953,-0.0795802623327491,0.1154415616812333,124.29815708677857,84.32687246847749,0.9851762825401702,0.006618655738746597,0.0071515099804952366
"surf[0, 253]",-0.017862804524732653,0.068868800354059,-0.1364448628566144,0.08289777641476803,106.94895027615235,84.62863098744734,1.0750003656235585,0.006835370874261209,0.004570860549376434
"surf[0, 254]",0.0030898281771521443,0.06315112861631147,-0.10245429690554457,0.11352919431523506,119.82056937390442,88.30789139447388,0.9938805843050472,0.005528893368881473,0.00639717528410236
"surf[0, 255]",-0.0008658347632550764,0.06599190128053656,-0.10515367102440591,0.09904078476711102,117.95917294099591,91.3542806005767,1.0316000737751008,0.0061557019508008065,0.004205828711033455
"surf[0, 256]",-0.06791120453218052,0.04373334680888394,-0.1409430942923321,0.004240770143707362,200.0,107.58137379821618,0.9936439645147,0.0031079936227608024,0.0032268278451394023
"surf[0, 257]",-0.028440281643380347,0.06726349839617103,-0.150088919903732,0.07711422971343324,107.09577209317708,52.59146341463413,0.9966549225798513,0.006402874090292193,0.007501728745607172
"surf[0, 258]",-0.027630068075413433,0.044684654691908146,-0.09896760635370692,0.04126272988059872,125.59368962976369,106.37076167781574,1.0441081155034324,0.003953310818569982,0.0031094421554034714
"surf[0, 259]",-0.002105775246914276,0.04358790753567562,-0.06390102629837438,0.05679088368660963,200.0,143.43231001509815,0.9971673068958679,0.0030976577036827173,0.004763126088717358
"surf[0, 260]",-0.003676977910310189,0.05011163227201538,-0.08222324207068618,0.06548907491815496,102.38840497650484,87.60613594783504,0.9951687845290459,0.0049764254930096665,0.003117482754510024
"surf[0, 261]",-0.00681883571278299,0.052171500905551074,-0.09688024881648422,0.0689994011590879,140.76359518158648,108.65114646700978,0.9862310895027719,0.004392983322516466,0.0037683436518354124
"surf[0, 262]",-0.01622707967390632,0.06193410988046455,-0.10947930032042183,0.07524083178680084,112.32049639605474,76.8069798213695,1.019573462646811,0.005975700511364836,0.005370581027446858
"surf[0, 263]",0.0056633598164937595,0.05854199621608335,-0.07548272976833031,0.09943471832041331,99.10825743776236,87.68661061555305,0.9959835983122288,0.005995334011379148,0.005333282906819369
"surf[0, 264]",0.010112723821553059,0.05987711113919962,-0.09842656937707792,0.09870231260448142,79.46399785345955,53.392229179174876,0.9980701107923062,0.006754012435678016,0.004255850947197139
"surf[0, 265]",0.04311803291028115,0.05875662385324877,-0.05267380224222971,0.13573936895289718,137.3575863238422,110.56437336853791,0.9921806458210192,0.005108505738634206,0.004751845044256458
"surf[0, 266]",0.04220865752572442,0.04580346265050702,-0.027483504282621373,0.11351368195093116,50.91967439531194,52.6227514780494,1.045670725086656,0.007219439094166213,0.004384398155106633
"surf[0, 267]",-0.0004477615216763481,0.07390146035656686,-0.11190245287086381,0.12150147779008666,98.55709724899583,46.12670448280513,1.1203028283448886,0.007417519162715375,0.0169399901249582
"surf[0, 268]",-0.05110750478433051,0.06159671631221098,-0.1497689809495525,0.03654362550493388,87.61480221444457,73.53227628657135,1.0336716770659506,0.006695562878429033,0.004517434050607436
"surf[0, 269]",-0.012413099512023263,0.06291808317202523,-0.107088609485695,0.09104241419426044,109.43840924245785,95.70561733378484,0.9966145108680886,0.0059152350416583266,0.00541408253874937
"surf[0, 270]",-0.00964307568991849,0.06337027076594959,-0.09924500016480091,0.09558524431272786,95.49535185801916,67.64467677808865,0.9925601373344332,0.0065240476506307965,0.0060225156558269535
"surf[0, 271]",-0.005271459170490945,0.07008014395644793,-0.1289620518589027,0.10781536963036593,123.28301843454186,68.88134841018149,1.0294584710363084,0.006286660854256872,0.0066890751481546405
"surf[0, 272]",-0.00954926359003535,0.055482925260843294,-0.0971447901110837,0.0699947565421199,114.67492506776216,110.35803742448799,1.0137078050904662,0.005274940475375135,0.003475693231722947
"surf[0, 273]",-0.045004163532553945,0.05895845920411483,-0.14125695208917977,0.0415176721012104,193.30888735352195,80.95092826636447,1.010931019770135,0.004342508003561892,0.006110279006102781
"surf[0, 274]",0.0369018646950872,0.04616785540790592,-0.029843468883641068,0.10838733569351527,110.50669588110513,115.46437099409329,0.9948606123256803,0.004236317012182161,0.004653436703291839
"surf[0, 275]",0.001732629977840806,0.06973693178316101,-0.10955845481964571,0.11322569393971196,98.32748847120354,70.71879996954236,1.053201380204007,0.007056144819689507,0.005565375624778382
"surf[0, 276]",0.018717064018156145,0.05643432865254457,-0.07502653989956468,0.11100923343992186,178.98739293472244,110.86108610861083,0.9995104195396042,0.00426996470562189,0.0029323717303575128
"surf[0, 277]",-0.04243460719181874,0.07518175347183234,-0.17111741879004128,0.06803566673560142,66.58861627602528,58.695037244240496,1.0104429265329393,0.009243556741473685,0.006301816414329873
"surf[0, 278]",0.03161245533986815,0.049288762910459555,-0.05307668586235589,0.0982190907641099,101.20001557489364,61.8594774259071,1.0166567053963775,0.004770729953826543,0.003341389758047967
"surf[0, 279]",-0.014173075968857776,0.06293172850046479,-0.10651630614655108,0.09106998460619489,127.40334505484165,89.57713788351336,1.0031546786256778,0.0057516102313725495,0.004527722189867462
"surf[0, 280]",-0.05575945842910612,0.05270093650648695,-0.13343560088978995,0.028331239708237546,129.00567736796495,114.69389025490987,0.9939081592209144,0.004586314156952755,0.004230695431213376
"surf[0, 281]",-0.0002570671429746768,0.07223205359736787,-0.11959303377644351,0.12016342615703338,106.1937657059004,75.52687304628418,1.00086276084406,0.006652701884129351,0.0061726977142242435
"surf[0, 282]",-0.007153787695033121,0.05221703110346962,-0.08944241987479552,0.07499337674564295,131.29572565022065,104.92447430987599,1.0355563745082326,0.004589844153263376,0.004059888532174501
"surf[0, 283]",0.005258140617961637,0.06207149301335209,-0.10348171974518064,0.11012863443990165,111.15553287324538,65.695991579686,1.0204025468981401,0.006068326931986869,0.0055747769413903555
"surf[0, 284]",-0.0003652720009189726,0.07675423144198114,-0.10239405892210632,0.1433790433807665,145.73412066040376,78.18964968490735,1.0258189306982417,0.00673183033533469,0.007139517987133527
"surf[0, 285]",-0.03149669946469641,0.06302666406294903,-0.1344173238075812,0.0741883529174009,200.0,90.80079739388343,1.005370873541946,0.004479109975908381,0.005775703700598899
"surf[0, 286]",-0.05594248868339305,0.05972859165183704,-0.15381405852376615,0.04542601460418504,56.98471630986127,63.71328170311488,1.0088689767570458,0.007457169033430787,0.004640668738766973
"surf[0, 287]",-0.028922935544257237,0.07143737030891589,-0.12754519427688094,0.08016013018477085,74.52062327292079,66.23047849960777,1.0493533030388889,0.00841188117926642,0.005201505734002882
"surf[0, 288]",0.008017233123881296,0.05987219462078541,-0.0917300579881036,0.1092104618008869,101.51697318604377,66.00978312323579,1.0800719063683197,0.006174830171275412,0.007024963544988164
"surf[0, 289]",0.004100903702111789,0.07945240424959832,-0.12536992102987068,0.1216348660364469,73.21804368600603,57.668975473407784,1.033642833068516,0.009540561754044186,0.01001363439857354
"surf[0, 290]",0.005549576132092027,0.04800999449613603,-0.07142134832162378,0.07366976267943168,102.02347935450226,76.26162808745768,1.0376469276175333,0.0049264062720029275,0.003732484250465008
"surf[0, 291]",-0.008292580634512426,0.06333863840946938,-0.0994949284066996,0.09215833379179575,167.98515927758982,88.47555312105548,1.0986503430313974,0.004849512655843732,0.005895234472428619
"surf[0, 292]",-0.004143651040389096,0.044633070144410925,-0.08571139886307114,0.06795747060678319,200.0,103.02828063735716,0.989690872318323,0.0031719341759795386,0.004406873353063236
"surf[0, 293]",0.0047294994669960025,0.04149629338617802,-0.05546117289520892,0.07649404677721876,144.49016455266718,95.8330100100877,0.9987990413062585,0.0034343753269591576,0.002824395287250091
"surf[0, 294]",-0.005070057663968218,0.057738784061982656,-0.09997954523325664,0.07732877611305959,81.34939440609423,58.01662986799455,1.0357944392884826,0.0066744240131212966,0.0054426870781789215
"surf[0, 295]",0.0037230183468779867,0.05788237353237811,-0.07689379430579776,0.09053895582035754,147.21585697437428,57.858537038758286,1.0783541366284775,0.005056550226807236,0.006041651705314457
"surf[0, 296]",0.011696831677881268,0.07776282890544083,-0.1164566716489576,0.14788431866447058,103.00547285089078,40.60464302889869,1.094413892618244,0.007512121733864303,0.009681534429908325
"surf[0, 297]",-0.04664133332799172,0.05585353148319433,-0.1304803597717588,0.03611385099317136,135.61451406603595,109.28393005828478,0.9905152765140797,0.004880721764784789,0.0036637543797342783
"surf[0, 298]",-0.009591334135652442,0.07117576039727878,-0.11625251672300638,0.09718397370523127,119.21053404376146,76.20893695164257,1.0252725074354048,0.006850502359332863,0.005791800338221391
"surf[0, 299]",-0.004152027680216831,0.07268687911486175,-0.10820137303416774,0.10779816800948544,76.87849402762912,55.65225022304777,1.036195309933184,0.008198110737837945,0.006814995873421482
"surf[0, 300]",-0.026634962703160462,0.06265736300087779,-0.12106496336430905,0.07464562882198966,113.16673367868627,75.25745973065753,1.0087479971427382,0.005853369074554645,0.004312486025884834
"surf[0, 301]",0.0869139772402025,0.039008648462448905,0.017291523611607847,0.1410546109033581,116.97001935525562,38.709742882074906,1.0761686329526745,0.0037327342999048316,0.005298078611916414
"surf[0, 302]",-0.0061372057626663335,0.06182986840097781,-0.09125380486191496,0.09049402352897916,101.218230387873,89.1058236592152,1.0120605838622774,0.006026023241777838,0.004929254615624348
"surf[0, 303]",0.026846959316390976,0.05966959001867714,-0.0609463719443553,0.12778040391175297,138.39543304254195,77.34427048634245,0.9858624537214168,0.005270329935070061,0.0050654652066616694
"surf[0, 304]",-0.02650786418125723,0.052609883244364324,-0.10722777149395755,0.07271399740091031,117.6489931172817,100.40912372650216,1.016773217711004,0.004959327924819044,0.0036200629149948232
"surf[0, 305]",-0.03930332968130071,0.06341553167904838,-0.14006836172697035,0.05041382448975922,123.51760524529759,105.39075869937247,1.0041596709149796,0.005489081865945878,0.004364895588254053
"surf[0, 306]",0.012145597079885512,0.06936477758182877,-0.08029648687932317,0.12750876860225727,87.12874327181287,42.80704167239721,1.0207715766843444,0.007831487894872848,0.010339767211141987
"surf[0, 307]",-0.014142690244117885,0.07679705242288656,-0.1436916402020908,0.10393772324447546,55.00674692766448,15.61720276301248,1.0817618667325115,0.010624718578404095,0.009351272760460562
"surf[0, 308]",-0.014799177205557299,0.06763014995006263,-0.11633849892699376,0.08884650364927225,60.86142727419024,37.5671380579751,1.027326743556242,0.008370451826384935,0.004655579875574447
"surf[0, 309]",-0.017902881320579055,0.07263084427194673,-0.13238382391152215,0.10221667809216886,80.5533455736322,34.25910820499021,1.102153966548815,0.007747518932533964,0.010412414749626056
"surf[0, 310]",0.006582869136584754,0.07087611319738554,-0.08914597055823749,0.1307534497239971,161.23070483901822,82.07309739637853,0.9856921307551556,0.005567899291271815,0.008626797890753806
"surf[0, 311]",-0.001655745600311838,0.05884104510441062,-0.11160891274991397,0.10088194481227901,135.5423765508392,46.39219483496144,1.0180693006882724,0.004861764351713809,0.008063952862952844
"surf[0, 312]",0.015445146275533147,0.04834239483346862,-0.06353662492827028,0.0833419524424809,98.81006940592226,85.99958775164326,1.051456051436345,0.004808609513597505,0.00284156402049377
"surf[0, 313]",-0.013352276986314032,0.07242442057745231,-0.12262973180628528,0.09793244686559781,90.41634731312158,72.1437840140995,1.0218207614793757,0.007688184971389053,0.00673581965282678
"surf[0, 314]",0.04598980379231997,0.04134079002377525,-0.022196915711875344,0.10695653579962451,85.44403959558417,82.62517096795891,1.004420969394055,0.0044280680548828555,0.0024187891489022982
"surf[0, 315]",-0.008316831250314148,0.06905642628438532,-0.09888587140646651,0.10166143995926046,117.4323455375975,79.51103418433588,1.0757053732614414,0.0065799617482718425,0.011312607758282947
"surf[0, 316]",-0.030829843137594067,0.04415668333094876,-0.09345219125707092,0.03820977465979964,151.40232204371395,87.91339519390911,1.048805779433427,0.003626701798618333,0.0042926082125353095
"surf[0, 317]",0.008599012578613612,0.07496594519718629,-0.1196537538684317,0.13595036539947897,153.18227481626025,87.05615535448509,0.9998604860476665,0.006171376184072163,0.006056215581299748
"surf[0, 318]",0.12814093215226752,0.046942085825231704,0.05391998279797374,0.19614966552909982,93.35127578976254,88.7829191727972,1.006705091046805,0.004909399310688978,0.004540455165657724
"surf[0, 319]",-0.005032905844547998,0.06382336594183703,-0.11007616726293283,0.08948710142878943,126.61429135845164,123.36586264039768,1.0004434034693346,0.005615577595505347,0.004653397304007063
"surf[0, 320]",0.056507775960435144,0.04870653904883029,-0.020281967354618468,0.12413270271952546,108.31848612918313,77.62250948021203,1.0014039371256092,0.0047422210622635975,0.002923619235105675
"surf[0, 321]",-0.010847770051197312,0.05704620111340499,-0.10210264575705935,0.06662034676404373,77.51656955040302,58.5862772605535,0.9960034455209046,0.006553211451603402,0.005335047134923102
"surf[0, 322]",0.016083009427823425,0.05241651718088561,-0.06574420916683069,0.08992855156536181,200.0,100.86611821563356,1.0062646228053707,0.0037250796706103243,0.0061146048786761475
"surf[0, 323]",-0.009010904463121541,0.08757822906209563,-0.1323734784456519,0.14315465705586228,91.69702228145087,66.71681621979832,1.0330816653256705,0.009177435948527794,0.00776479794030996
"surf[0, 324]",0.0385324373222346,0.05001041305614643,-0.047349822069942885,0.11455712912905239,86.23043333191413,107.58137379821618,1.0230054836226647,0.005410446492679267,0.002663907559614466
"surf[0, 325]",0.015965706665536684,0.057712779613116834,-0.08983887247950435,0.10101622888785386,90.87685528135113,46.50152107779226,1.0150577239417022,0.006184961387708406,0.0041065300611944884
"surf[0, 326]",0.01952109375696018,0.06642587114415964,-0.08334484416821653,0.1285781884690666,146.6977808917407,78.18964968490738,0.9927412398679427,0.005606699726235613,0.005452113617831184
"surf[0, 327]",0.006294305460700039,0.06371639876275453,-0.08613491668491975,0.11861401868630223,170.02674065661128,114.69389025490987,0.9994470856039799,0.00527570007258128,0.003954691515366441
"surf[0, 328]",0.013844623107455524,0.08675755540027462,-0.13181739237062037,0.1382722499337008,46.4365085807316,60.95057126063815,1.051311111596396,0.014773537273202,0.008256831733762784
"surf[0, 329]",0.0657178272581734,0.046161079739103945,0.0017414987508025989,0.14744331061883956,114.88545113842972,57.917568839276775,1.0086200897666635,0.0043666041862140265,0.002925585032807295
"surf[0, 330]",-0.002733028417453034,0.05881799677417834,-0.09455095259659967,0.08559995516128907,65.30613500889342,63.631460068098306,1.0112461059725262,0.007356085487603803,0.004575948896419371
"surf[0, 331]",-0.000356441254761739,0.05833720901067529,-0.09935929509660636,0.08589486047805836,131.08644515166495,90.5427651785056,1.0077257042280738,0.004933964211370547,0.004680373385556567
"surf[0, 332]",-0.0013942514552419065,0.05632180746380027,-0.0962956131976404,0.07373709928780342,200.0,90.89570913373076,1.0152587727021762,0.004002616565908328,0.005681216226078295
"surf[0, 333]",0.0027744445019536046,0.05598812145474904,-0.09294453345693379,0.08679839784726047,50.477061406972155,84.62863098744734,1.0397818897514142,0.006889707181063442,0.002994274055225817
"surf[0, 334]",-0.005081910635401783,0.04583171682817773,-0.07663158454777962,0.06878238821571452,97.37015500279593,52.13887080915652,1.0114639806850425,0.004437114509597038,0.004416891847779178
"surf[0, 335]",0.010094055666299465,0.05808692918582531,-0.07167882852334577,0.10829189343221009,128.11598834666074,110.86108610861083,1.0043283681950468,0.00509215950156776,0.0032969490421562867
"surf[0, 336]",-0.04175989467162846,0.04874038654564321,-0.11645507265225467,0.03241093055228617,109.87227062568566,86.16103439502233,1.0106116597463106,0.004657952186848421,0.0048947544514098985
"surf[0, 337]",-0.0066112420076634955,0.07439954473626509,-0.12553609991958012,0.09150770319026794,97.58556161511996,38.59842343031377,1.0609566190390645,0.007719852280823499,0.009226322194501424
"surf[0, 338]",-0.0002689660488988883,0.06427178359453012,-0.10724967241667037,0.09363385736780673,99.2551546171063,87.14111465565772,1.0178516247764477,0.006438157622610562,0.005362472565350083
"surf[0, 339]",0.004968182251304183,0.07311155914739888,-0.10739016604662244,0.10258375007946612,52.57930403367438,45.55431570428319,1.0786996819498302,0.009530828366402889,0.005136922601639852
"surf[0, 340]",0.07591835819630668,0.05129345448610001,-0.007248470341302435,0.14935154108154383,200.0,101.92712416952091,1.0005380989228108,0.003645267080263474,0.003602715217737093
"surf[0, 341]",-0.005000078814736058,0.06699080790839261,-0.11722461223027798,0.08992032693236839,115.19636122301915,80.23089266291178,1.013611603297843,0.0063505771489405245,0.00605964585528468
"surf[0, 342]",-0.05850450799067418,0.041426869512021375,-0.13001926095299962,0.005200676195091768,138.49669205184512,85.2929453965723,1.0174639136251513,0.0035828560281647745,0.0034479678588220154
"surf[0, 343]",0.0010157624404728346,0.07325738043604846,-0.10336715659244673,0.11801370699075214,117.04950693079931,27.599727981711123,1.0525583449338987,0.007959105449313783,0.005639841594934247
"surf[0, 344]",0.154518847092731,0.040149046970591726,0.09052137273080867,0.21637103531687046,119.80111794210326,83.06532106021956,1.0328469752352798,0.003654129165090456,0.002843188496367322
"surf[0, 345]",-0.05220786340172296,0.054544755502003744,-0.14003251480171536,0.04864921678381908,111.7381436863192,91.35428060057673,1.0189569152466582,0.005163467718983644,0.005182842993092454
"surf[0, 346]",-0.022121124950491188,0.06385896866226921,-0.12470591772272506,0.07586363096963067,87.09845233142643,66.71681621979832,1.0386800368233338,0.0067640064569559006,0.004673854999741698
"surf[0, 347]",0.00883236854762403,0.05858323299406401,-0.09308742819235084,0.09356393448955524,122.53492852895084,47.81134519410264,1.0413609716709389,0.005663467106569408,0.0061479222546855315
"surf[0, 348]",0.010115919162108678,0.06628457192890605,-0.0907672135143366,0.12104495039820858,91.14341925092012,49.704938809457815,1.1222427075794912,0.0070401983375586626,0.012394914158101174
"surf[0, 349]",-0.004433780595499275,0.07801078105661878,-0.12365602537417199,0.12622335712236826,84.87832541540106,76.2482153572389,0.9996032323089785,0.008357513395661131,0.0087766951543975
"surf[0, 350]",0.010171738845128404,0.05610112014373204,-0.0647093303791774,0.10580936167165965,157.23711085916716,105.28872253492955,0.9880931079151049,0.004505777943578043,0.005673778692260626
"surf[0, 351]",0.011410763950935416,0.05019415027367221,-0.06277028302904483,0.08932676348455082,109.40964005917888,86.02274032387731,1.0083850697130667,0.00471300256404918,0.004252009025686553
"surf[0, 352]",-0.008452050457059596,0.06878208264068449,-0.12932017686979322,0.09535927818675215,135.029784469821,54.515784305230746,1.018163278524288,0.005766276751193384,0.005836555466442214
"surf[0, 353]",0.0350576085775377,0.04589351717334609,-0.03260697963987961,0.10697703910838337,89.62993092808233,109.28393005828478,0.9917879235622895,0.0048236537526704995,0.0035421456175695285
"surf[0, 354]",0.0038370282763512936,0.085757538746875,-0.15651868680477077,0.1273238152191702,80.8943956440151,55.183084063950496,1.0292477558767772,0.009595975594042136,0.010376156989608672
"surf[0, 355]",-0.004562229507344952,0.07372328217934071,-0.11819535344421309,0.12500888467843704,96.40123502030139,68.60439068100362,0.9835687760880857,0.00775102742969966,0.007790821719324383
"surf[0, 356]",0.030695621877318988,0.03966629572421907,-0.025479080604016862,0.09478181600136094,126.79188172598566,92.09316198951058,0.9966781892711974,0.003451307392764021,0.0029194231929244884
"surf[0, 357]",-0.004010511345089131,0.05808382583369184,-0.10030044839734735,0.08740025465533137,107.69325427625587,80.79438850159245,1.0034322099767707,0.005708121691711383,0.003969382586258326
"surf[0, 358]",0.03189247965812797,0.0675651369912428,-0.08153483540829945,0.13673863568873884,108.95829007725574,89.25698623607222,1.0124328883065885,0.006415674472612804,0.005836468361735349
"surf[0, 359]",0.0167995482925012,0.06787489159578718,-0.09929436993590518,0.13868917362758118,106.2576924836571,89.6649932419386,1.04588953058806,0.006718290618112586,0.005510025927149459
"surf[0, 360]",-0.09267554843504616,0.06219316055160369,-0.1859241390974921,0.007309974322597698,135.67721005352954,84.52921448290023,0.9965768212695721,0.005504736302431581,0.00448951896826138
"surf[0, 361]",0.014906282842015825,0.055144192796729975,-0.06111610631208209,0.09809407579286547,140.81109984808919,61.71211996374721,1.031748113843487,0.00476353755780972,0.0045288217198559706
"surf[0, 362]",-0.009096008649578618,0.0753456612246483,-0.1313478390938097,0.08806261677644542,73.69836089096157,92.09316198951053,1.0062090256619618,0.008656158295916646,0.005965540108228535
"surf[0, 363]",0.04726280664089326,0.0367557632548261,-0.007162347493359356,0.1079799163745993,152.63055912165913,114.69389025490987,0.9982993350191443,0.003018760631273673,0.0022705548053696296
"surf[0, 364]",-0.012345960070919235,0.06725783574120565,-0.11216356862999542,0.09619263076022116,172.58388748173616,47.52683272579994,1.0016714263609583,0.0052730093223468605,0.005720767737709888
"surf[0, 365]",0.11373675886371579,0.045422235406638055,0.04420629784658163,0.18210853176142971,173.25968888820248,90.89570913373069,1.0005362375891083,0.003404817555541825,0.003090261137203921
"surf[0, 366]",0.01385073714411459,0.04347467603542055,-0.04782513370666366,0.08936020933733657,200.0,105.86458452068847,1.0174164971756112,0.003089610691359917,0.003759012788599542
"surf[0, 367]",0.005844004724084234,0.05701446681776749,-0.0932414890689669,0.11528210664712348,82.86667195804591,66.90204598949843,1.0005067568633852,0.006337085747341371,0.005165016692291069
"surf[0, 368]",-0.0035263731266422316,0.05323797677507628,-0.08944316646413457,0.07388908934072579,106.44158101507183,106.93086592178781,0.9893691654353183,0.005154373372561871,0.004338657685885251
"surf[0, 369]",0.007636753988622699,0.05733436747214194,-0.08241344070376755,0.09390207591702901,101.8899115842748,78.47868796446572,1.0224234657539217,0.0057365164446598615,0.004337823902858545
"surf[0, 370]",0.003292447015960208,0.06977480183476639,-0.10993425098721209,0.10746385883675173,96.59088893250492,46.82935212235768,1.0719070303821088,0.008184420017514862,0.006042641250285727
"surf[0, 371]",-0.005458953633759748,0.05608738884783813,-0.09201610889616876,0.08726297521291787,55.70861453932729,23.83272736359433,1.0347544204098436,0.007661256583427218,0.005915552789543962
"surf[0, 372]",0.04043621353036974,0.050443779142433504,-0.03324509619719518,0.13047162003409266,172.80136568941293,60.48370816005169,1.0123671358545823,0.0038693104321818206,0.004754118587371074
"surf[0, 373]",0.04274646182024767,0.045074878197978244,-0.02625611709570756,0.10549264052020074,139.976685264631,77.90427999156651,0.9949921489506333,0.003901075867069988,0.003689582925523808
"surf[0, 374]",-0.02370126059378513,0.04676691567531944,-0.08706920897666659,0.05215952429051658,116.00964592443344,59.726156751652496,0.9987925711273923,0.004402058816080234,0.00342756868351903
"surf[0, 375]",0.039156392378591656,0.04702222613046066,-0.027304174602149393,0.11648304342711086,119.53132750446,79.58440445586974,1.0077071818530285,0.004302493475766587,0.0042270630940844
"surf[0, 376]",-0.0060657333959503535,0.06464476355969315,-0.10401303789821781,0.10278098463710433,81.61711883299343,38.29154632776561,1.0069515031837506,0.007050281330987849,0.005778534256990725
"surf[0, 377]",0.0032679862545467874,0.048924006659133615,-0.06879304429298473,0.0798725523201133,160.25650222341466,83.91624019487342,1.0132785468945684,0.003738253123990746,0.002954179292166717
"surf[0, 378]",0.0016621288496259372,0.07440354912413458,-0.14052054424030175,0.10491574227184283,113.77858839925295,44.333099270437835,1.1302193060167427,0.007405876253276488,0.007957600594979396
"surf[0, 379]",-0.02212854855944598,0.05892813555945903,-0.11489338065009587,0.0742076843911074,119.21280676618782,103.61339681316562,1.0082946826913775,0.00538250577303774,0.004815241112354571
"surf[0, 380]",0.04233778219131822,0.04271980045116758,-0.03071435371895162,0.10749938441879746,200.0,130.63879705662794,0.9881633820159967,0.003035964019585886,0.00359064110679876
"surf[0, 381]",-0.006175360504579873,0.05571462370115349,-0.08968515672520913,0.0778810772645457,83.21244057393997,86.51369702645749,0.987777986441732,0.00613492817171943,0.003516043274247479
"surf[0, 382]",-0.0018496211393938674,0.07212381310710471,-0.11762137142442744,0.09334724404522449,93.9284761596285,75.21757567191,1.0147194332652336,0.00733129828532237,0.007547103613181059
"surf[0, 383]",0.005343062518133827,0.06183110819116668,-0.08955968934996665,0.10350128303844508,145.31649518892877,81.85160093735075,1.031285645538578,0.005127117822455795,0.007010894713227317
"surf[0, 384]",0.006647050801815021,0.06607572324970169,-0.10732732025396163,0.12992764512968064,121.82669159270783,88.62084552613422,1.0248217037133076,0.005763749092436526,0.005937516563578018
"surf[0, 385]",0.01617673364491373,0.05926752749100412,-0.08708237690448231,0.10675930205215145,93.49283759097199,139.4301714026259,0.9944025170588126,0.006335111276292114,0.00391324063703814
"surf[0, 386]",-0.03887772314779261,0.048790731372165455,-0.12499355024183392,0.031176261132321727,200.0,134.42908457603116,1.003957368710384,0.0034674062933532763,0.0035412815260958954
"surf[0, 387]",0.008821596096232082,0.06523245136859634,-0.10841816855486698,0.11200225995223488,113.52039138788021,33.95455935526813,1.1800250255851714,0.005861295781734675,0.015712795123491094
"surf[0, 388]",0.010895549323181182,0.06152792298193117,-0.08698967275044218,0.08799509287757412,80.81986112268042,91.22523449171011,0.9994941884579243,0.006834214270248093,0.0051060346180215365
"surf[0, 389]",0.0018951203890197137,0.07040395761663164,-0.1086874951730607,0.1061828967977686,168.046904985552,34.31323275428801,1.1227628942710488,0.005436633710639805,0.012598580114932287
"surf[0, 390]",0.049745591724929934,0.05299183072997716,-0.020307641628232502,0.13454258746155795,176.86633557187824,103.65802617260528,1.0198275194759463,0.003917739618600368,0.005174206567514078
"surf[0, 391]",0.05286513933593492,0.060180335620792134,-0.04538628817788036,0.1406476698562772,86.92545166751161,80.41201790264901,1.0170455168722476,0.006539989725435941,0.00464957092983065
"surf[0, 392]",-0.012620905590060133,0.06142836103754449,-0.10621478109445862,0.08828431452249311,122.49817583994343,78.18964968490738,0.9944364958077022,0.005667206758545724,0.005190013029208199
"surf[0, 393]",0.04908727063134233,0.0415573868292779,-0.014522560204739103,0.11488019022523134,182.35778591548203,90.73987901349463,0.9957516340733249,0.0030579227695729195,0.003341180029797645
"surf[0, 394]",-0.004734360862366044,0.05854702554825959,-0.08105065287386844,0.09361347405182646,102.44618842142062,65.46429698180673,0.9977882516806259,0.005752789736482178,0.006681809595560506
"surf[0, 395]",-0.0074452171101522325,0.08922387862114242,-0.14669685181833153,0.13870706172235372,120.82521192882086,32.65358802271553,1.0565095229140278,0.008236926510897394,0.010342220475219339
"surf[0, 396]",-0.011082211789476971,0.0851195128594776,-0.12217151567515873,0.12599195506677524,111.38226845981804,54.82166446499342,1.0482145568143717,0.007733211325838775,0.011096253601831156
"surf[0, 397]",-0.06253470201008636,0.06223756633848906,-0.1584506944515551,0.04437167829404745,109.37437561096876,57.60536120014995,1.0705439491062276,0.005865482898263493,0.005526022648345687
"surf[0, 398]",0.00020654272482097534,0.05923360237280876,-0.10388186716271539,0.08595565473627081,140.77821827426428,141.4083429008802,1.000401007837577,0.004994909072200185,0.0037851122478129943
"surf[0, 399]",-0.04765613370308763,0.051048607515932834,-0.13843814371329077,0.0332759004560229,153.42713033979317,17.060741093873798,1.0433579383111988,0.004212568292078735,0.005963883556611565
"surf[0, 400]",-0.009667935358670473,0.06120266582099463,-0.10711806372148137,0.07944375462103664,128.14726147049325,85.8863517120241,1.0092064439340211,0.005484335890073889,0.004501648326879453
"surf[0, 401]",-0.00383658462853207,0.06433097973214798,-0.10331469803643825,0.09867344417860067,75.30729668050307,82.63362800448103,1.0150756482842114,0.0076807964384808984,0.005301816410470092
"surf[0, 402]",-0.00370557242301758,0.06407107905370052,-0.10195226606607635,0.09952622452296991,109.40285080196126,81.69356621711248,1.0241329842138642,0.0062461013566308165,0.004878026585556214
"surf[0, 403]",-0.01587259946291164,0.05072807367500217,-0.0932915567339353,0.06768189537155292,91.19481885316688,82.81870313189245,1.0499116135367825,0.005304189059110611,0.007014202698507692
"surf[0, 404]",0.005855089469067043,0.0624031480086241,-0.0859944340813137,0.113105715251775,94.69322229813878,20.563070751898977,1.07472126687497,0.006608217905136756,0.007688210263785561
"surf[0, 405]",-0.041729450737959556,0.06078370034034232,-0.13834690477217443,0.048360005631695964,123.24975211968554,92.98745867925005,0.9867622205693699,0.005348777652951113,0.004905705881380471
"surf[0, 406]",0.050756163869240284,0.050257195962344875,-0.02431803454600101,0.13232574712404266,20.46947323214443,81.60205146036162,1.07732357676316,0.010384757252048559,0.0033913713370658204
"surf[0, 407]",0.016616135940805632,0.06973800733476641,-0.089815961950712,0.1237308989168472,85.05850917878603,46.27721362461123,1.0039508901901883,0.0075713909646155896,0.006352932306422268
"surf[0, 408]",-0.038749962171431604,0.06204570468271599,-0.14001430687044508,0.05153520221399384,122.052062466328,111.5686215144267,0.9854331107577353,0.005757321208778981,0.003604553229212307
"surf[0, 409]",0.016820321109574436,0.05419148544503063,-0.06936523633212367,0.09777614101014867,83.35557804844152,80.03666126694525,1.0183164385373042,0.005713799956119747,0.003660680510752016
"surf[0, 410]",0.08342508590113558,0.04464675798613259,0.00746923729418778,0.13946741158137524,200.0,93.6747592295345,1.0134595877403705,0.0031729069285330127,0.005097147126281715
"surf[0, 411]",-0.04663006195976133,0.05798575979335962,-0.13499821984848417,0.03940118804842665,176.76403703459508,70.26752455130378,1.0089650045005836,0.004401664483630891,0.005815826416538318
"surf[0, 412]",-0.0021331642414373904,0.041405350125006235,-0.07410399475032092,0.05984256846402724,109.6920484163902,110.86108610861083,0.9903563603824301,0.003953713089999642,0.002136126945081397
"surf[0, 413]",0.013564901661401911,0.04098756598827409,-0.04868081611078208,0.08299176171340823,149.17820271576116,113.19544163025881,1.0017149467371784,0.003392114664623361,0.003386348412458364
"surf[0, 414]",-0.0036109894909538563,0.04488829358370312,-0.07565225188879844,0.06043160805520273,200.0,75.03273240004026,1.028449232371037,0.0031900721160088184,0.003748077990581387
"surf[0, 415]",0.07699663237374187,0.04737092711777389,-0.0029120449979076705,0.14803684774751052,189.182833196727,69.46794510246283,1.0282096503946867,0.003582923269805589,0.004878418635161097
"surf[0, 416]",-0.00026341969980943206,0.05757728738730539,-0.09371477927667494,0.1150833367003902,141.6078810499074,105.67296996662951,1.020549787704536,0.00465531053597109,0.0062459248411647385
"surf[0, 417]",-0.04086306710172594,0.046830483801023254,-0.11380191519043334,0.03523710776440349,95.71550849028274,59.64800509675879,1.0049711292973424,0.0047099540985406025,0.003929245834640309
"surf[0, 418]",-0.034281443182584116,0.05742597714672627,-0.12437342609867494,0.049917150936978724,98.4950179385635,90.5427651785056,1.00436500645774,0.005861362062567855,0.0040042336689415205
"surf[0, 419]",0.05541513653531367,0.03880478247046786,-0.007448242352539047,0.11301442293852247,191.97127502765625,27.020327218641548,1.047188890067711,0.00317350523317069,0.0037353965144589127
"surf[0, 420]",0.04243686820010581,0.046483181297707475,-0.036262387655180514,0.11955709130802152,200.0,90.31897306233589,0.9923620715756539,0.0033034158503863153,0.0038228720697024805
"surf[0, 421]",-0.02880126279395735,0.06470717299737715,-0.13209426804553068,0.06695398627288118,121.60962355854491,91.65597552551068,0.9863258066393009,0.005802376408868114,0.005640515326484635
"surf[0, 422]",-0.009212422085308864,0.06894691265211104,-0.1249391296118215,0.09054829534082125,32.60940146839296,30.89351682702066,1.0541355506782666,0.01182303386566379,0.007100660553001993
"surf[0, 423]",-0.007307647432128139,0.06596346623710232,-0.11617564177202276,0.10223714262185427,77.40682309241588,64.11985279404215,0.9819532658548563,0.007665740934736789,0.007146040910090501
"surf[0, 424]",0.012849844148808189,0.047634543521595754,-0.06415477471413908,0.0972055314113378,67.80876263825347,40.79864824400052,1.0644951054754197,0.005773051262118161,0.005844471907345313
"surf[0, 425]",-0.061882778337294636,0.04655406350438635,-0.1321536182352808,0.008358989780890658,135.12114810427576,40.790947732913104,1.0471280113799697,0.0036731449814324194,0.0033470611584416393
"surf[0, 426]",-0.019416352704213474,0.07548830053760518,-0.14157237880634785,0.08484752067100043,110.63700083644903,74.79902132121624,1.0395197177114213,0.0074607970321158585,0.005005209293778349
"surf[0, 427]",0.0018096990169838676,0.07479991817865471,-0.11761413264567738,0.11681574361649433,165.28383948982417,75.71886942837872,1.0699803027500743,0.0061094297510058265,0.005713774686716046
"surf[0, 428]",-0.02944302253423619,0.07356556336237609,-0.15184911859650602,0.08567811540858636,96.91775229877932,91.35428060057677,1.0230561034139474,0.0075601830329194274,0.0058419022115211265
"surf[0, 429]",-0.07575205798942848,0.04134024599132375,-0.13324820879181126,-0.008076845168219386,141.91813105348155,86.05030274802048,1.0054033663319126,0.003496031540517361,0.002723430873349993
"surf[0, 430]",-0.022889489915798512,0.06023102146700776,-0.12160470052650357,0.07056206409884819,81.41185681649596,75.3132089353962,1.0131967841960998,0.006639026012728462,0.005705739762785814
"surf[0, 431]",-0.0072261397573774675,0.06853276851954193,-0.11721915209204185,0.0870988063530248,79.321662053346,46.487857740997995,1.0199653079508728,0.007929978832637878,0.005644540620972292
"surf[0, 432]",0.008442429645399733,0.06269729939183948,-0.09241087939941672,0.10817391425705691,110.65422056701958,109.87213797204878,1.0022321069081725,0.006001649829105246,0.004296803222358618
"surf[0, 433]",-0.004688235072445689,0.06182086354466785,-0.10085347271818924,0.1053409522178818,79.46057496316831,75.78287044063335,1.0443819702942299,0.007861046299573864,0.0061329187749051195
"surf[0, 434]",0.00940033340069248,0.06084454498924094,-0.08405024815863925,0.08887053660406533,120.32654197838177,77.34427048634245,1.0243394025387669,0.005351798959082078,0.0050711090284602965
"surf[0, 435]",0.012266118412809534,0.07280584778706198,-0.10396292153212834,0.1379189640784521,75.13493274234784,39.93509892180469,1.1001333331594043,0.008767246077396235,0.008639849771246027
"surf[1, 0]",0.05481118760820213,0.04652455421731067,-0.019790639348761845,0.12504443409998117,139.61073312475116,107.94624598305579,1.0129722918479211,0.004034996923826842,0.0027010052617310303
"surf[1, 1]",-0.027945926870755176,0.07269723871485317,-0.12459806381693665,0.0903424669472341,167.79600940657184,89.25790142093786,1.005936089301181,0.005543160092159385,0.0063428098895507755
"surf[1, 2]",-0.06346892863095381,0.059515543733341544,-0.15176109399174267,0.024742853317957076,85.82900616457884,77.34427048634242,1.011902435314348,0.006348026348636735,0.004315142578135382
"surf[1, 3]",-0.03761895668447494,0.060829044493625174,-0.12676034639977202,0.0624970414585269,84.30537382720436,63.97881609293586,1.0058143830874784,0.00688857547132049,0.004312521614528256
"surf[1, 4]",0.01279397551491337,0.08069847337115937,-0.09278043012883655,0.15838084724679138,139.54311670080594,24.575961339755512,1.1237717982132687,0.0071710065310737325,0.016652765132241502
"surf[1, 5]",0.0034377396574428215,0.06328356837874015,-0.09221393830567319,0.09882664963076633,200.0,32.08574187210397,1.0824383118634844,0.004520044262696827,0.011705411652792255
"surf[1, 6]",-0.05399678752501688,0.0738410168651848,-0.17016239807308553,0.04898775691194208,124.50954731738531,66.34744504912013,1.0021595989549523,0.006840279783073669,0.00867676741733892
"surf[1, 7]",-0.07191864639078328,0.06063639419291093,-0.16353628693146474,0.028426332724271898,100.22496528378929,91.60058664147752,0.9984772116805618,0.005885392110602216,0.004153519913119173
"surf[1, 8]",0.006870795012770752,0.07430095883417787,-0.10157718101270395,0.14148678728719544,96.31771227582735,88.62084552613419,1.0000181817764586,0.008101673816298761,0.006417658661769765
"surf[1, 9]",0.020260493813579354,0.04573721293270355,-0.0517063668606357,0.08847898575446753,161.3830265358642,61.75471976643106,1.0229324219744227,0.003791676781247628,0.004008210789278068
"surf[1, 10]",0.002880028914139546,0.057361251215373006,-0.09083079788909182,0.09980505904141676,74.36728874496433,59.790851760197896,1.0357792862039998,0.006608543029650641,0.005982062016721719
"surf[1, 11]",-0.0003299331126318543,0.07024356560011964,-0.10736426688037876,0.10880545016217143,106.7542796356495,64.17121536654457,1.0009557877469357,0.006896057383566648,0.007379875462303423
"surf[1, 12]",-0.002751977668749448,0.07525100480785755,-0.11093236202456969,0.13080093531349085,60.25830395156847,86.61288818427681,1.019301033892285,0.009622120602470498,0.005445455035693307
"surf[1, 13]",0.024856868908020812,0.05386927969352246,-0.053840704251553274,0.10263586175196467,200.0,84.32706775359878,1.0039652732948054,0.0038283230067399083,0.00551411234345308
"surf[1, 14]",0.013750078878937868,0.06425923342495456,-0.08252635491276349,0.10795488321852575,108.30745600893837,67.26743127616967,1.0399946485491336,0.00619611841525909,0.0064547213293668125
"surf[1, 15]",0.005035381401308163,0.05989298795751708,-0.0922896880612037,0.09557048000058918,164.13121378057812,48.72178494763546,1.0091075721244758,0.004395522133041405,0.006175617010873995
"surf[1, 16]",-0.03696693414136848,0.07175499796560098,-0.15554826771561966,0.08060538424797897,104.39173659480483,90.80079739388343,1.0159072180618742,0.007122545815144254,0.005237224861661702
"surf[1, 17]",-0.0015939859544666574,0.05384226110710729,-0.07744467333310959,0.08098719223652268,111.75061291872952,30.52244179534362,1.0211464745008394,0.004965610915844762,0.0054153162777721454
"surf[1, 18]",0.0024069725945911765,0.0650833712524768,-0.10930082438776324,0.09446358053798445,126.37820718072149,58.01662986799455,0.9944061950101482,0.005920144071369762,0.005966207057695931
"surf[1, 19]",-0.023404756345845747,0.04424197795902002,-0.09501526745047092,0.046341745932755675,116.04264490556898,93.12644139175771,1.0010069407425837,0.004164334917732046,0.002780750629839846
"surf[1, 20]",0.0015391918167933533,0.06415086666153663,-0.12068995595659893,0.10772904829914796,86.33642503954329,52.04460966542751,1.0148784166734584,0.0072028411111488685,0.008039125414655022
"surf[1, 21]",0.0014142849021439266,0.07480593547577076,-0.12721582139974255,0.12872053701309458,103.11841441282262,57.43969975742598,1.0693377989850814,0.007335982395321269,0.0076829595245119136
"surf[1, 22]",-0.0007736753792750409,0.07019125547436394,-0.11264623474239453,0.10799117755809443,93.85752958011538,73.0056453758165,0.997355354650862,0.007850992267048633,0.006338131521465248
"surf[1, 23]",-0.009718271284640461,0.0722410725686615,-0.13562528184281528,0.10346738353330817,62.915039624705514,40.81698157618815,1.0708676821488134,0.009278609988104907,0.01024100292631105
"surf[1, 24]",0.011022920699611014,0.06963338645241332,-0.09255547078594734,0.13368386180958575,104.70601395361254,76.45386833751738,0.9971198395884173,0.006973617211848729,0.006932344584679659
"surf[1, 25]",-0.021122950879657206,0.05302385707671918,-0.10531635134431928,0.07046794113799795,74.58700067284882,41.641185300494804,1.0073283192629305,0.006320015524526812,0.0031776909315189682
"surf[1, 26]",0.03178474942041724,0.04188805176227068,-0.039978965731684954,0.10132762058994035,192.58842042590913,86.99399077654074,0.9915991653747328,0.0030118740249031805,0.003473418613300168
"surf[1, 27]",-0.007745490523144252,0.0688004777379586,-0.12083260321451228,0.09655144646386077,113.87718699339786,91.35428060057677,0.9859035504267665,0.006590499773431738,0.0066951194034715516
"surf[1, 28]",0.001984655369866708,0.08553461779444743,-0.1278631303385926,0.1526596108214977,76.48455501935634,46.85056608494403,1.002612072590322,0.010193644261944197,0.009880433077076176
"surf[1, 29]",0.004873152346544594,0.08809021287037885,-0.14046759426760863,0.13556128331056383,121.53588465757534,64.02516792789731,1.0599252439058509,0.00816785641886638,0.010364520293281249
"surf[1, 30]",0.008060611028504111,0.05905089840806434,-0.0860767811663237,0.09957831156579547,82.65186797878633,76.79812476868037,1.0169161036295575,0.006653135765465844,0.004447343080376686
"surf[1, 31]",-0.02081346147523115,0.07701532247319605,-0.1405777863361439,0.08518213460364306,75.95397927988118,52.81964749088947,1.019134031106388,0.009030366367972484,0.008032663703727464
"surf[1, 32]",-0.008919019740257127,0.069816164320543,-0.1174290896470548,0.1050120918629132,88.01323740523138,74.3171797378449,1.0300137888976517,0.0074219430116142905,0.007105915414969469
"surf[1, 33]",0.0011448083718625906,0.05757635048404079,-0.10278613435598952,0.08663825260951002,122.89010285656295,88.40935334872978,1.000621723043857,0.00516386680753246,0.004634363263699207
"surf[1, 34]",0.10253259153558904,0.0444049781485497,0.02461709421880511,0.16777057322549363,200.0,109.87213797204878,0.9850648410379766,0.0031557243836753414,0.0035278938277595825
"surf[1, 35]",0.10380016708987264,0.0489173064779211,0.03258534312805998,0.1848432064513322,112.77747455562329,107.58137379821618,1.01302245096557,0.004511346505467735,0.002820828167367174
"surf[1, 36]",0.010467470188516651,0.063980478530737,-0.08865018565936815,0.11314800100818681,111.54777204749155,140.33421952145832,1.0062974630048644,0.006034266617264491,0.004073876280846085
"surf[1, 37]",-0.00309593095198931,0.08258717237368245,-0.11489137565443315,0.1309659413542255,89.5557749514892,90.75667006852314,1.0539068372827627,0.008752577818045084,0.009972664963599933
"surf[1, 38]",0.001460656544123246,0.07100423537483272,-0.10960740110618547,0.11835052204650094,110.06128159463813,59.12768707808686,1.0584583269259367,0.006952413830747999,0.00703234677826622
"surf[1, 39]",0.0065092508980123445,0.060376319103043787,-0.100008260203157,0.10630885333739189,78.1033275318274,75.00201889687473,1.0028766676558845,0.006979455997469856,0.005167876698606647
"surf[1, 40]",0.03308808338154095,0.05030064858443166,-0.05239095744816721,0.10005930338891814,200.0,133.41539798338187,1.0363998562589412,0.003648464573154474,0.005114875504514281
"surf[1, 41]",-0.007609360477209848,0.06611743200904716,-0.12611873137887517,0.10753642132636737,155.9834902410842,85.7162528113095,1.0316518308968297,0.004947558798220821,0.007061479949778575
"surf[1, 42]",-0.005160443668127951,0.06652485728725364,-0.10679170540732208,0.09851129291149795,86.43351147471017,73.12988100570628,1.050780667633299,0.0069161536485235,0.004907913567904927
"surf[1, 43]",0.0022933712288882293,0.06869289662751658,-0.09513968395120896,0.12968279123302567,101.00541412421902,90.27326955818768,1.0177538111403501,0.00720353191951159,0.006597598057356695
"surf[1, 44]",-0.00105687413531157,0.07198345879047209,-0.12639852593489978,0.11538145786933615,77.72864904641837,60.60954949916936,1.012311815489753,0.008359298363209375,0.009338535110424455
"surf[1, 45]",-0.012707835021632025,0.07206722811252302,-0.12213265168779223,0.0973017822838045,35.13051532683573,10.255300961157568,1.0596238773200075,0.013272839667943346,0.01165679849676479
"surf[1, 46]",-0.036670387898216916,0.05415723164620543,-0.12599845109839686,0.05878620290089531,128.04805713046545,92.98745867925005,1.032986644887566,0.0047986542158143216,0.0045819302388012215
"surf[1, 47]",0.002834375521622511,0.07095242079305503,-0.12181659651189304,0.0969757053207393,93.57013895529387,64.28831705158682,1.000666697105525,0.007588998129110485,0.0062439926313351355
"surf[1, 48]",0.09779420479048051,0.05239965830375837,0.005075965953032106,0.18369022754125813,147.77907133470177,124.61743967805751,0.9971601118222999,0.004339458198207972,0.003290040739877408
"surf[1, 49]",-0.0029195718102102493,0.05949920809068278,-0.08657584136984993,0.08196356903569736,70.34546098341798,61.8513558754603,1.1190718374959545,0.007068993689436307,0.0077267258338929445
"surf[1, 50]",0.003527856451121928,0.04703570907683958,-0.06129664569200601,0.0705425989218672,81.88947938833954,76.4535485205876,1.0033871984641147,0.005314280912731117,0.004538220312252365
"surf[1, 51]",0.0686178461779964,0.0531521206948705,-0.014307300182413926,0.1430144212558474,138.07570921241575,91.65597552551068,1.014477006503027,0.004762576919968322,0.0049725603937478
"surf[1, 52]",-0.04731381296784886,0.05281601929167557,-0.1312801123046151,0.02924809305329102,111.74890334336683,141.03103830992384,0.9857216702135826,0.00501636654153265,0.00254238305700895
"surf[1, 53]",-0.00013305601921018116,0.05133803846938672,-0.08708172799369224,0.06821376401543501,106.04669977036691,61.40222124370086,1.1676220994215696,0.005012002231674453,0.0074116317080755644
"surf[1, 54]",-0.08793688169442887,0.05624304300101552,-0.17461178490798124,0.002123701535864331,74.7435777219387,64.97787802550532,1.03052745741495,0.006541598780371466,0.004320353394788167
"surf[1, 55]",-0.017506312796795043,0.05282520275778381,-0.10133844043908746,0.06103636236653274,106.97786256957416,82.41758241758245,1.0254987046653736,0.00475410061071183,0.0031002847764175423
"surf[1, 56]",0.003717057987752362,0.07202978373920545,-0.11967157411648964,0.11450510211820121,70.08926775128013,25.981366967228777,1.0740710964087063,0.008263164048335379,0.010347120126569138
"surf[1, 57]",0.0016230583530376225,0.06985761013112635,-0.12111881521422979,0.11452946642278396,99.0595458561257,57.02370631670202,1.0595533475654284,0.006971323569130553,0.005070404429868611
"surf[1, 58]",-0.006098147010462779,0.07850544935115693,-0.14208048740059523,0.12342541757198845,124.95048667162935,44.57364341085269,1.0451119141629097,0.007064764396035392,0.013310261504389229
"surf[1, 59]",0.10578663597838492,0.05720934763720911,0.026725868997299597,0.18760387995390887,103.21718567749988,86.16103439502233,1.0288476724844688,0.005484357741982992,0.0044239127279666075
"surf[1, 60]",-0.005498497908075739,0.06189272047507789,-0.09277768195636629,0.08637300937606943,51.17342689166024,78.21334338484736,1.0317194150020554,0.008865782898267052,0.005201388725973408
"surf[1, 61]",0.0030234435385312662,0.06557758549693948,-0.0985139952155,0.1100250336262413,97.62449295621389,79.85316300804858,1.0881816444192371,0.00644493940744522,0.007794228828146798
"surf[1, 62]",-0.08167129785215194,0.05156473119914173,-0.1734250685396295,0.0014865225943274706,200.0,110.00176709666012,1.0237419196242037,0.003664545876780504,0.004038374203442731
"surf[1, 63]",-0.0028693230190477803,0.06400453563073506,-0.11482864754619426,0.09072360975291198,63.21499861429712,57.873255234297105,1.0176352274851612,0.007917309034143023,0.005805420898572317
"surf[1, 64]",0.003877130443027188,0.06862573836888654,-0.09087980980179174,0.122254027700012,59.13039999740138,62.10086991501987,1.0738297155701109,0.009430766226706142,0.0068530927977467505
"surf[1, 65]",0.02944336443668406,0.047700439694957575,-0.06101255861239597,0.10374168718769242,133.22883140311413,92.53693964437764,0.9918625055291336,0.004302637924706127,0.00397822036163689
"surf[1, 66]",-0.005344887360813226,0.08310824799843727,-0.12120819458260008,0.1186220966160169,110.11671621280928,52.901742687636975,1.0072675297520364,0.007614363467449401,0.0096638655944305
"surf[1, 67]",-0.008373908966877602,0.06466925264283833,-0.09947086946478748,0.09443353410879361,69.39649789899244,62.99800796812748,1.0720755984980672,0.007849597314000492,0.008728664803088424
"surf[1, 68]",0.008807351582732867,0.07380232979277934,-0.10036303575134299,0.12379634180851,64.97253181140597,40.049650958008854,1.055905560368592,0.008720545634814472,0.008720442086429766
"surf[1, 69]",-0.010167910365087369,0.05685412232659443,-0.09934646348753584,0.08867007058677862,53.85482471359556,54.16785612332282,1.0407430707154268,0.007724659746898309,0.004270230437608453
"surf[1, 70]",0.002658969466027727,0.06437567952911452,-0.10296478740551811,0.10705813807456796,133.29414181146052,50.66441793724412,0.9922119187069759,0.005771332711456141,0.006403131853816064
"surf[1, 71]",0.009623475424746227,0.05888632700271425,-0.0901984381176908,0.09840346659436809,95.36499730171874,55.6812635875594,1.0535631922483129,0.005755307982819435,0.005593191238002017
"surf[1, 72]",0.0019710281946000953,0.07293979051133528,-0.11624012709507411,0.12408735531740119,87.24856159030823,56.92787109523448,1.0368652469009645,0.007813437583327086,0.006143715154210167
"surf[1, 73]",-0.0027579822740604444,0.07945116055851648,-0.12774892995198858,0.11917070320815965,110.46493125253929,65.68072310343618,1.005002391406408,0.007391748945656471,0.006783507339407145
"surf[1, 74]",0.01658157500299315,0.06148017639891351,-0.0666541095552068,0.11278292024176628,77.80491608758666,62.040748162992664,1.036450248654745,0.006507103149168444,0.0072808970771559
"surf[1, 75]",0.008585245180340125,0.07699902891164861,-0.12277314287117594,0.11526935483277556,96.84219506714142,72.30804971541413,1.0141322018749548,0.007863115771771739,0.007281123814017862
"surf[1, 76]",-0.0794307525986118,0.06316846481883318,-0.18558150506907872,0.021517000110825708,157.45688846150597,106.37076167781574,0.9973509394357439,0.005074962524859767,0.0034689830095579136
"surf[1, 77]",-0.05925679128758112,0.07267969312701403,-0.17063985082712702,0.05906653189972508,103.30284731441702,55.83954797258919,1.0555235484717154,0.007328650470163961,0.008655920239702145
"surf[1, 78]",0.038027806666548356,0.06014920868943883,-0.05301479226982339,0.1371548535664423,109.27187965246779,107.94624598305579,1.0381309973608748,0.005769479793127336,0.004824412794091632
"surf[1, 79]",-0.017335300840729363,0.08429691593229004,-0.12841662463201123,0.12229916814649318,180.21841404385347,65.018607582914,1.0406088166965253,0.006566000986778764,0.008617848184282836
"surf[1, 80]",-0.07897349596525234,0.05554511519185835,-0.17195454593855644,0.0036492466918927806,103.27432501173725,109.19218413839852,0.9979020271406877,0.0054194189811163015,0.003899666557383676
"surf[1, 81]",-0.005789595666107988,0.07904085611497702,-0.13414510904916221,0.09973614279028588,94.7805353520843,70.39920490309761,1.080669485175754,0.00811916345081483,0.009816334758327386
"surf[1, 82]",0.010289632173634957,0.0621765481376775,-0.08728530269306159,0.09241874347916275,99.69059247790102,31.191027532159296,1.0189556088055425,0.006165145142087968,0.009974916813461469
"surf[1, 83]",0.00925525233659823,0.07535374677271248,-0.11240187182395567,0.12570938483206956,96.74020527859207,72.23068138561095,1.0795430514073594,0.007767573329244955,0.0144937170131045
"surf[1, 84]",0.006395825499455244,0.05051482068664632,-0.06931277325078644,0.08577575915782482,148.46035620969502,92.53693964437764,1.0132155584614324,0.004127995886831767,0.0032970724813501913
"surf[1, 85]",-0.028716177200036403,0.04801566810938557,-0.11299764763109446,0.045133683234139445,106.36813450747651,75.92168723943432,0.9974421485201291,0.004645775623212098,0.0033465418018544173
"surf[1, 86]",0.0012834355266251587,0.06382248284455315,-0.10218181855434233,0.12010303339340214,77.51804722311044,64.13954008936489,1.0233171290233407,0.007349679433553384,0.00603110476111837
"surf[1, 87]",0.02466063157096189,0.04813989387040142,-0.04594668528956184,0.09961330204367601,145.30884825548563,98.90285897333223,1.0626955651515857,0.003747397761303057,0.0056748577540466204
"surf[1, 88]",-0.04801397892851577,0.06140016426818883,-0.14885537871611124,0.043334332164006645,163.1218183508447,106.58496591007165,0.9894852950820637,0.004784901578133524,0.004329920334175449
"surf[1, 89]",0.04967416262704697,0.04201588669239555,-0.016003811675484755,0.11353077675620808,123.50600819786689,67.03782660018672,1.0192103896067126,0.0036297964048607836,0.004046717211176751
"surf[1, 90]",0.10106375810691304,0.05036468512945986,0.018804482052032587,0.17026273327038788,127.40168476018769,91.65597552551068,0.9995901010199447,0.0044860317761424105,0.004068266108264736
"surf[1, 91]",-0.003033118295691612,0.0602187637419821,-0.10022131972381097,0.09514926119121214,25.785791358820333,31.683085657037896,1.0706693931292461,0.012739806951267658,0.004570060654092057
"surf[1, 92]",-0.005413541731842933,0.061824061662554365,-0.10570822194853269,0.0920808518833472,95.47009459170297,72.9521768773741,1.0043687214076569,0.006134135904895219,0.004186297079803136
"surf[1, 93]",0.0006958598766263855,0.05600887671365499,-0.09153485962317107,0.08444130307930282,142.63563181478992,105.28872253492955,1.0067348429054608,0.0046282054727897004,0.003861781314940961
"surf[1, 94]",0.0016182642380349749,0.05742613114825284,-0.09831876872192764,0.09960711338163951,108.35292795684853,53.12188877826768,1.0305129967611832,0.0054192528568117815,0.006073621193172106
"surf[1, 95]",-0.00359921571550768,0.07326675221665997,-0.10429245740871881,0.13257884258407013,94.08402380436334,55.04245493817964,1.0279701150334477,0.007724161616812429,0.011562136536512462
"surf[1, 96]",-0.0059304477041919835,0.05937203506780026,-0.10657191015256758,0.09915213026121343,136.0075846811355,52.38861299573335,1.0150783261798533,0.005017224545256323,0.0058889438985435735
"surf[1, 97]",-0.0023712910921555824,0.06567221174291438,-0.10766088325429408,0.09860625842152429,125.06992085267987,88.385039969547,0.9945948909206725,0.005965449028547508,0.005534808763372547
"surf[1, 98]",0.004142301980402361,0.06286028996120133,-0.09141669230013144,0.10350016322489966,110.7421349636218,49.023489047242016,0.9888879520812452,0.005876436324802476,0.00429293632417241
"surf[1, 99]",0.03525711517343813,0.05699766997356712,-0.054531572774930884,0.1281008948175886,123.00327532541415,62.53652834599648,1.0305354502672823,0.005089296107806438,0.0067041519314954496
"surf[1, 100]",-0.002081133172510226,0.05793332905902454,-0.10181970482191215,0.08759981818365636,138.03302378637648,58.695037244240496,1.0322271454897654,0.005226940756787143,0.004943527264708141
"surf[1, 101]",0.008280631053522574,0.07821956424070389,-0.11793871801427694,0.12436361542863665,106.18427608575436,70.24109527212552,1.0459895528606649,0.0075797253143716865,0.0055582672765473904
"surf[1, 102]",0.0019138591390482711,0.06301960940911437,-0.08159264074100646,0.11099335418096852,124.23778643294922,63.44733287755746,1.0195535607827562,0.00567306349684549,0.006141012257975225
"surf[1, 103]",-0.011527135945276663,0.04857279295413598,-0.08516012958480346,0.06805857583612472,102.37317658259275,66.35952866129175,1.018678662267344,0.004786237824419631,0.0032504972533627602
"surf[1, 104]",0.00891949836421007,0.054648754635601766,-0.0816354204343937,0.09188021688208985,188.489979337703,70.70820891317825,1.012499908022013,0.0039445917503286914,0.003603168396676729
"surf[1, 105]",0.016424066178776932,0.0714885166214733,-0.10791167678180703,0.1223511728259203,89.77177987926326,57.60404391242323,1.0193057908817016,0.007429337845999725,0.006113109001591793
"surf[1, 106]",-0.0034800439001431583,0.0543290514907558,-0.089186933699912,0.08578574852679374,136.62301694908172,142.66909288009597,0.9938478661349085,0.004824784743117184,0.0031281882854817407
"surf[1, 107]",0.005641245940897453,0.045499587033547534,-0.061226869288562524,0.0709550366892604,95.32963170935011,111.15778104467314,1.0270713840090628,0.004818090406445583,0.003926577023625036
"surf[1, 108]",-0.00932903271559512,0.06204712183233495,-0.10811351602440297,0.07763418310611099,71.09790776751903,55.41346973572036,1.0053981538335612,0.007588926996524256,0.006755488744956543
"surf[1, 109]",-0.0015299253313038948,0.06780544675215665,-0.09450117719191942,0.11296326691184842,157.7193257718269,26.62808522365181,1.046944924258961,0.005507964569418489,0.008152185327471107
"surf[1, 110]",-0.017551311623462865,0.058450767903420624,-0.09899986306237604,0.08764331801791735,102.22180445739797,112.5912799046717,0.9987677171524034,0.006018664105352325,0.002981853657723212
"surf[1, 111]",0.012917260489321817,0.07206358078271112,-0.10083589908259478,0.1127966429986751,82.84607256915702,70.12936213014449,1.0536395040500084,0.00812616199796731,0.007167264267171363
"surf[1, 112]",0.001616996258268398,0.0666065929775559,-0.09863238436865074,0.09821574149410181,111.08161609791506,56.01465804135662,1.007289947705293,0.006659719409651514,0.00500749109095959
"surf[1, 113]",0.012110304797976994,0.06816775282793605,-0.09893784763030636,0.10947664199658018,120.44132484198478,58.24709940420195,1.0314831265204865,0.006484866761825577,0.00565319201225901
"surf[1, 114]",0.004194498734330901,0.07308988535936842,-0.12295130607239639,0.13115497632431838,184.997122309881,78.19801856813513,1.0032006438788932,0.005246543637786945,0.006474323170866807
"surf[1, 115]",-0.01903595839972993,0.05157986778222089,-0.09921770586767435,0.06618817565028212,130.6811856828899,49.22764656263181,0.9946554760070095,0.004637446874357485,0.003676300790881698
"surf[1, 116]",0.04191297109472699,0.05558434724229246,-0.0516387580267711,0.12941582964550877,113.95139501482491,58.84177067989767,1.0272621416946313,0.0052176670007892684,0.005225436053831017
"surf[1, 117]",-0.013506960100190965,0.07066313067945214,-0.1210729722818742,0.08977816625869199,25.771230875915094,37.87060141069221,1.0871314181221876,0.014725834642513444,0.005896263182276271
"surf[1, 118]",-0.015472904770324156,0.0721724733350079,-0.12189152751064271,0.09782024755703507,66.60141863463922,45.53656336104947,1.0177352052855244,0.00921870141586578,0.00698133600065052
"surf[1, 119]",-0.025245625360727483,0.051641421282451194,-0.10646402100123119,0.05150701751145383,82.0018558521869,85.33952035284386,1.0027311636198395,0.005782794621901385,0.0029596785368289176
"surf[1, 120]",-0.007628169212413636,0.06604207488932665,-0.12332465467632524,0.09044857455043516,133.80530691645336,54.78131949592287,1.0239010546643021,0.005881758940352845,0.008315516414961444
"surf[1, 121]",-0.00822561932719011,0.06256214183124767,-0.10695650446996782,0.09248690078921902,104.02017300301277,87.75866956439572,1.0221913801286884,0.006072964767336388,0.0057234989259777
"surf[1, 122]",-0.03747998701156139,0.055336593986383145,-0.12901286502897075,0.046682655717098995,142.98825443364217,58.891236479455095,0.9989262580400106,0.004509052994425711,0.005324051217210766
"surf[1, 123]",0.09270809912421382,0.03757741930127874,0.03148409800642598,0.15654670900800535,182.95575802168358,106.37076167781574,1.0099505683444288,0.0026902884646164867,0.0035470197896965146
"surf[1, 124]",0.011612332389978748,0.0683102676107132,-0.07550673050482233,0.12981900277708744,133.97409712246463,53.96403350773367,1.134827073213383,0.006204233775744204,0.008934547893825757
"surf[1, 125]",0.05896315414552201,0.055142690044497386,-0.018897268861198246,0.1430240636457726,108.27053643069456,112.00948357092915,1.0274332466199965,0.005303977289277124,0.0035650553087592254
"surf[1, 126]",-0.003983602681918849,0.06732354500624102,-0.09529763795861504,0.08972349864386502,86.78047711202865,42.87963360526692,1.0262958910903688,0.006639154011450617,0.00651475528920894
"surf[1, 127]",0.039461477169923785,0.046684868112729136,-0.031802991499718145,0.1107722071229035,156.05944521589979,112.4666989585856,1.0047457494075125,0.003686436179932554,0.003004931786795868
"surf[1, 128]",0.011769793313523602,0.0703460530848448,-0.08966052300114694,0.12584677756593463,76.86149605312667,26.815284355970228,1.0040294582079612,0.008223149462962428,0.008781532637612584
"surf[1, 129]",-0.016238470794008718,0.06391583477779157,-0.11477808608120998,0.081303838862279,59.74494381286473,81.55514576747449,1.016329413127434,0.008411837364395049,0.003783006116475963
"surf[1, 130]",0.003854625013343389,0.06377101164992459,-0.08479522499170646,0.09961383918871948,138.61116741839862,78.18964968490738,1.000251112440092,0.005158177669975815,0.00805778529485166
"surf[1, 131]",-0.022472563736204133,0.0637780404443765,-0.11134865385701903,0.08429659751009169,94.6295517884733,87.02219123968854,1.0287882949165914,0.006372269276688794,0.005065370725133701
"surf[1, 132]",-0.07758001461398163,0.05973557089469322,-0.16911893823093213,0.014825448597261969,68.16481711836373,60.59001027221365,1.0111482113756702,0.007231821571781115,0.005362380119822984
"surf[1, 133]",-0.028525125403854452,0.057170854684338315,-0.11610462060337393,0.04325873663080824,51.08652057434644,107.29489444267469,1.0530574240040569,0.005631794458965162,0.004022774589041521
"surf[1, 134]",0.0761923542288388,0.046197683293869966,0.001073633757514078,0.1435791664973497,200.0,73.66680689122165,1.0235448805724074,0.0032831263907408975,0.0030001913422336816
"surf[1, 135]",-0.02985524114142986,0.06969287331798021,-0.15482790612045008,0.07255211671381373,102.55505091387619,94.54850860225999,1.0200124478805868,0.007146787914409539,0.004872011291957801
"surf[1, 136]",-0.010572829722068623,0.07262530436510499,-0.11710478289159612,0.10917757239606651,101.45063808201053,56.65404361687798,1.0301710245095894,0.007153613089571846,0.007930904492573035
"surf[1, 137]",-0.0501558182637039,0.05288612050156815,-0.14497362064802094,0.030310329258268324,200.0,90.80079739388343,1.006576468582182,0.003758452925401155,0.005078976356955047
"surf[1, 138]",-0.008041314563773366,0.06037554341775305,-0.10668678963676886,0.08190374480615506,139.03417334768733,110.86108610861083,1.0228305221203942,0.00509457860971724,0.00443970449826616
"surf[1, 139]",0.0021345890799178836,0.05716293014426338,-0.07791198688114247,0.0808615338135198,123.24352235018132,59.886463580394924,1.02068519267332,0.004984368555930983,0.004467966843941318
"surf[1, 140]",0.01305781204927373,0.08337008072515426,-0.11613024514415422,0.14107306391793278,138.31305902866922,43.7256837582022,1.1067244520262278,0.006874382375214019,0.016606327148509997
"surf[1, 141]",0.02735448078880093,0.04641957471277598,-0.050128883150655,0.09791801388689529,55.79709059398323,58.75661894489116,1.0327231980283307,0.005890362139684827,0.002963471356680075
"surf[1, 142]",-0.046525560715495615,0.06436397272108035,-0.15590985033987514,0.04993047112815929,132.69137534827078,115.46437099409329,1.000479338904453,0.005438207819330144,0.00422337786439879
"surf[1, 143]",0.008735204715801543,0.06510521643200602,-0.09347639763766274,0.10767772970331789,66.31060207296778,50.076887076285345,1.0335570052730496,0.008181052979138381,0.005980148781713528
"surf[1, 144]",0.0003395612605926518,0.05778590857560333,-0.08351125901161965,0.1035766701743084,106.38227946008384,30.402766930715163,1.0331329492952286,0.005721996591552233,0.005542389569385868
"surf[1, 145]",0.037840929216796035,0.04880619724765233,-0.03539179941583047,0.1021003434420147,172.92050217677877,91.52509323128682,1.0056588958398582,0.003555251792239555,0.004496526953774316
"surf[1, 146]",0.009158095759795199,0.04795782329284914,-0.06251488127255354,0.09772536056256352,95.33036223828707,91.35428060057677,1.0004100297541387,0.005024548075439568,0.003015900854075518
"surf[1, 147]",0.0670574775872184,0.05598061202077844,-0.02128527297938018,0.1476202130053739,120.33870362811223,90.25447598520658,1.0087431068351147,0.0050736598144070924,0.0031725755465901264
"surf[1, 148]",-0.0006646827321444881,0.0672369174324622,-0.1023219325464802,0.10539991331210494,84.8223205526808,77.15598245980374,1.064381720282917,0.007409776442966106,0.007052218453271077
"surf[1, 149]",-0.011800943864978415,0.05830638047676638,-0.10436371411636726,0.08074722113325343,110.78410022269797,57.45989223416229,1.0326957991389403,0.005526973016175206,0.004465895030566439
"surf[1, 150]",0.014230927888434082,0.05038287462576313,-0.06741194721455065,0.09817211277787499,103.48652171863759,84.42766161303047,1.0047453520231913,0.004977734188285072,0.003968044394665757
"surf[1, 151]",0.031907892474520756,0.044258337144005865,-0.04145406738040439,0.097079007811188,89.12553219163685,72.72762866819362,1.0064989406488387,0.0047078310013659135,0.004337185077835833
"surf[1, 152]",-0.0005193226799562491,0.07161792093887963,-0.11447847496523443,0.13567931029777044,83.38654223837506,39.964522907009886,1.1218568103324944,0.008809725233279823,0.007992703017879386
"surf[1, 153]",-0.011289857550213717,0.058921019761049416,-0.10265119799289536,0.07498296699244267,83.06157901720124,89.09242298084929,1.0142877686916125,0.006572265695864541,0.00681382303099888
"surf[1, 154]",0.005972523941952353,0.07342194633130242,-0.11488813329280502,0.11679844663916442,181.80596075684215,60.562677948107584,1.0075330463533496,0.005493523851831828,0.007025213567203846
"surf[1, 155]",-0.003675182106414862,0.04795873592241809,-0.0770659877322097,0.08094086892600524,118.83583273594576,70.37051068343689,0.9966766398634461,0.004534715622312139,0.004473528394965854
"surf[1, 156]",0.0001696315677394495,0.052086178967878496,-0.08805914146971133,0.07360516862297828,52.88520532290894,36.089035512183,1.0332450864882712,0.007454979978484924,0.004270628240783187
"surf[1, 157]",-0.004603493869866452,0.07630423506716003,-0.11612771932983372,0.1268592678410352,136.98990356663296,42.93281609782103,1.0189236955583265,0.006324483876565357,0.010305469871190256
"surf[1, 158]",0.0072124492546792275,0.0535948583198687,-0.06944741130030287,0.08319170335565275,200.0,91.39253029928268,0.9858487311838868,0.0038088207289244842,0.004364116232954291
"surf[1, 159]",-0.006168326415715665,0.07062275175038749,-0.1111859340355705,0.08702644826101938,21.35863564733327,69.99018829136102,1.0806016101270142,0.016581530996756307,0.006687844784966195
"surf[1, 160]",-0.032753426726811405,0.06034018723062613,-0.12446743872434989,0.06131771374604955,163.83453263972342,112.2891713517478,0.9900879493656048,0.004783500533799723,0.00389663824233935
"surf[1, 161]",0.0060732632101995684,0.06738201984407834,-0.09858238797747797,0.11901668291863256,125.23466618308262,50.38712880587199,0.9985152407111518,0.005809330313380055,0.006151330962045206
"surf[1, 162]",-0.06500569717516011,0.05127859462638203,-0.1439866184517568,0.02795046515849167,117.87312682737378,61.43879374352366,0.9920863389615804,0.0047603105353914545,0.0037792966164156795
"surf[1, 163]",0.009083436229951607,0.04482626349641849,-0.05586230501262632,0.07454302415987588,113.07904274143624,23.617259847908517,1.0005200731971853,0.0042324270268211655,0.004626838359371271
"surf[1, 164]",0.01634379542130084,0.04333840342657973,-0.05062961544710538,0.08100113611605234,138.3611143695293,114.69389025490987,0.9895561221386969,0.003738099231851846,0.003298967302069025
"surf[1, 165]",0.00529585754866781,0.058170472401684076,-0.08090969889030293,0.09512153877457373,101.34148859937399,91.3542806005767,1.004856017610425,0.005853531659944697,0.003935928162587294
"surf[1, 166]",0.006839302475854509,0.055462300947495345,-0.07824696368664527,0.10149042218409574,92.24318617720546,83.7870403427348,1.027359718355811,0.005819416293627104,0.005455973984592437
"surf[1, 167]",0.03082360276348117,0.043068039391398076,-0.0355265832946957,0.08734157595742802,95.03629261399907,80.9509282663645,1.0075423539551196,0.004354167803352489,0.0029269059793534374
"surf[1, 168]",0.07644287185020927,0.05916358578496114,-0.02147008482558331,0.15792129584884732,110.92725123415845,122.0777937033559,0.99233024352565,0.0057638700027037035,0.0038079122725814137
"surf[1, 169]",0.001303132577113212,0.05965673364058648,-0.06918122426350698,0.08320611510776788,90.49089705410734,30.422361816976608,1.1028732600398852,0.006614191958454336,0.00990874282558856
"surf[1, 170]",-0.003534343021894002,0.06258544998672134,-0.10634743567716104,0.09385773386866897,66.07925247663742,25.635684335017704,1.0551496778203395,0.008091879846529152,0.007652689797314699
"surf[1, 171]",0.053380477743510235,0.045719473315199405,-0.015502750950732854,0.12518760355297961,110.72842168813321,77.7250593082782,1.0167805280892785,0.004284561493371749,0.003202093082980852
"surf[1, 172]",-0.004335608493587171,0.07397726835169134,-0.11953451508278656,0.11127915735209717,81.69432057671484,50.48190334973375,0.9935445410572352,0.008295678194991277,0.006579147039292833
"surf[1, 173]",0.009052596874109076,0.066079775402172,-0.09741060408397016,0.10820810024386882,186.58291714679962,66.57930148901924,1.0426439611583362,0.004942122026463962,0.006342783715879688
"surf[1, 174]",0.05765074099461527,0.061394537302825146,-0.04400182730077082,0.15346619987347543,93.59087510504077,93.44487388120423,0.9832798951326616,0.006337224480654234,0.004054171104988495
"surf[1, 175]",-0.006920596732842554,0.06031518552908215,-0.09851720441440344,0.09590655379291158,92.37665604006928,70.03272557269747,1.0236050745410352,0.006220454615842529,0.0048827878155159685
"surf[1, 176]",-0.05989234866883897,0.05395263750942512,-0.1372163423064012,0.03399524095844553,196.13424298172308,126.39493739793134,0.9958252441367487,0.0038879551155404906,0.0038570623971618365
"surf[1, 177]",-0.041634605027495185,0.052583662859416194,-0.12460566552474935,0.04156446868013571,61.923140172720565,75.74541514507003,1.0419773398546828,0.0064226610445909825,0.0031180520541207353
"surf[1, 178]",0.021944011494362384,0.06298421790439508,-0.08117571638385242,0.12114173712988631,140.44253636498087,75.23288780882943,1.0011386126809556,0.005221948279244959,0.003600817162977063
"surf[1, 179]",0.05519877544192234,0.05340076471900456,-0.029256207165859312,0.13257260394122164,131.93660238385328,89.42579228114215,0.999641718840942,0.004752132445982338,0.004932258338006529
"surf[1, 180]",0.037410497106347515,0.06554390327244611,-0.05963115613221007,0.13875373881099842,173.77696631374317,90.80079739388343,1.0184016733809396,0.005091448262157115,0.003867405175885703
"surf[1, 181]",-0.029217934699294096,0.0683152667756303,-0.13261333211057036,0.078438349616202,148.69420342278428,55.94795259107543,1.0452805713962436,0.005224580515393967,0.009044167476999612
"surf[1, 182]",0.04622545041613044,0.06197526503511365,-0.043498978886402695,0.1542423742191581,154.10183641783757,135.9212644519245,0.9867742248987769,0.004802769631176349,0.005183240809497992
"surf[1, 183]",0.007639806588450545,0.051834686752373356,-0.08147433252030009,0.08546891892378929,86.00489469599981,82.23903850434006,1.0034229241146844,0.005773308424855328,0.004350683741446081
"surf[1, 184]",0.026520194050199307,0.051131967254070695,-0.04502713682869145,0.10193389969396127,100.35357401732986,108.23522538050307,0.9947536618201647,0.005067967393556014,0.0035589722289839035
"surf[1, 185]",-0.021856891165798257,0.05410462883839191,-0.1066636061368179,0.053270323663314835,200.0,93.44487388120423,1.0193183815518052,0.003845048542166525,0.004927735658972871
"surf[1, 186]",-0.022672061639400814,0.056286734111301494,-0.10793932441932004,0.0704786661345896,60.06747878351886,99.38469769930444,1.0343492819276137,0.008022284192656265,0.003993635664655971
"surf[1, 187]",-0.014283463200891166,0.06199793352652741,-0.10872380252009965,0.08257542090226891,144.5106518745749,112.4666989585856,1.0556113283505222,0.005389198628526522,0.007766956891616305
"surf[1, 188]",-0.00018469277723633118,0.08012163891118493,-0.1320664970430326,0.1346414308127066,92.65895389133665,61.16333821761963,1.0287328017996036,0.008226163544811404,0.00896179770879808
"surf[1, 189]",0.00347730150371714,0.05971534947557611,-0.08639924215476445,0.08026198011503718,125.76137489999728,27.292595691794897,1.068347792326958,0.005268087693543296,0.006568401829656306
"surf[1, 190]",-0.04315862214549321,0.04519630635354592,-0.1160657315810876,0.029030529803621013,135.14126549395783,70.61374563967188,1.0232037642291834,0.003861800248595591,0.003212152410016536
"surf[1, 191]",0.06057179811556805,0.054321269918105354,-0.02055688502571844,0.1359356523232412,87.66951231900453,88.7829191727972,1.0107711674510071,0.00568503031122803,0.006398936007783358
"surf[1, 192]",-0.004607998940115836,0.051610449606700616,-0.09648279369289404,0.0945730270954282,183.91569753366042,48.258671579658646,1.0202907998024413,0.0037892341379479185,0.00505277265732886
"surf[1, 193]",-0.012253389106478664,0.060519376862751426,-0.11229997134544809,0.07732855088911739,98.9626435067751,75.98190417437796,0.9949326596325007,0.006262265960503517,0.005459683208906612
"surf[1, 194]",-0.008165410718813054,0.06109833619507366,-0.10229204636232518,0.08349417872270146,99.96793252907472,98.30122777307369,0.9872709799875631,0.0059835949002886284,0.0049507379273538675
"surf[1, 195]",0.011568392267681148,0.07469464942800925,-0.1078773691186088,0.12706980104659485,118.10100556916703,57.380431482159125,1.00159681553465,0.0070020936645138225,0.006343318652389826
"surf[1, 196]",0.034863917414010966,0.03980400167301249,-0.027906243254886907,0.10167653931588944,138.16169329264534,90.05605654399213,0.9977474595173577,0.0034986334061664704,0.0031397824371479336
"surf[1, 197]",0.002861264815519775,0.0808233579323891,-0.12267132763823757,0.13442686797711279,83.27327118280621,39.964522907009886,1.0257051245172681,0.008699491531386933,0.006607456957018418
"surf[1, 198]",0.0022261221351150802,0.06360447175066827,-0.1023000838824662,0.10035627644364,102.82828621438844,67.96593514575827,1.007337270744399,0.006113868555668135,0.005743861437643796
"surf[1, 199]",-0.00043391603092801385,0.07212522221398017,-0.09858709628195357,0.11411201705060807,50.9052445056022,53.72601905424805,1.0343692352993077,0.010408593440614362,0.00665885023237467
"surf[1, 200]",0.07608907321573322,0.04409838420192511,0.011272833278159953,0.1454468875535017,200.0,112.2891713517478,1.0061013518976298,0.0031339357006584553,0.0032420289262869925
"surf[1, 201]",-0.009755328061103732,0.06461280239669527,-0.10217963178211363,0.10042761637720443,77.88235614861425,44.86373165618448,1.045997895307699,0.007366390705668866,0.00825181879862893
"surf[1, 202]",-0.004198289443909374,0.06311910545581019,-0.09420029360373662,0.10162646647142023,111.12690277403533,58.46914343091063,1.0360361272596843,0.005884711869014928,0.0055085525225414735
"surf[1, 203]",-0.007170414320223979,0.06673293914352825,-0.125503931572862,0.09347700631529103,103.1283091946976,68.06750255139235,1.0298571949805544,0.006594489462995266,0.006254548922268672
"surf[1, 204]",0.00019797992286107346,0.0650377897603061,-0.0978127961839238,0.10590533562467955,120.23650506940355,77.25026584099582,1.0012779926041206,0.006066942870897154,0.0056458246106794565
"surf[1, 205]",0.0011153289660049968,0.06978386837361811,-0.1081102123297869,0.10184411659298291,96.84495040950026,64.84325909376524,1.02873324971593,0.0070613086994627886,0.006133888368370771
"surf[1, 206]",-3.625418698856631e-05,0.06418183110046247,-0.10526589104254992,0.09302422364408583,93.94900120007907,58.784954798819626,1.0525088320631633,0.006550222932131367,0.005579685228228306
"surf[1, 207]",0.0014596419333052924,0.06355553264839922,-0.10671401106743122,0.11330027902817737,89.00313765050399,48.09301846462879,1.016522234135293,0.006720897063323917,0.005816931946379526
"surf[1, 208]",-0.0029454182360762636,0.08891983613322921,-0.1325286749178548,0.14840887934062996,110.03221526673795,56.74421454060925,1.0110027433296698,0.008534204116650082,0.011232551114346997
"surf[1, 209]",-0.0010955388733100337,0.05440301396019939,-0.08888772600714509,0.08812022208234631,113.88384060074878,92.09316198951058,1.0015705909362271,0.005052290341798352,0.004905994403466298
"surf[1, 210]",0.021061304163892042,0.060230358659781484,-0.07472481708994327,0.10603463144787056,178.43497935833335,52.61678960309098,1.0373808660220032,0.004414391688607145,0.008062928660853973
"surf[1, 211]",0.007611939803830065,0.057431075422831025,-0.07775402894529765,0.09709527778763571,105.31744491313546,56.31141626559349,1.064132348980774,0.005758378639434882,0.007090362588937674
"surf[1, 212]",0.04081640751274574,0.0480559423003311,-0.024844388736248287,0.11469072937078949,200.0,89.8371018721128,1.0183060854875514,0.0034151871078581574,0.0042624962151215275
"surf[1, 213]",-0.03789342949024405,0.04992669924278313,-0.11883553928123139,0.04039651405407545,200.0,109.48367322881057,1.0111439278798489,0.0035481360146108246,0.004064204603042345
"surf[1, 214]",0.01192035637771876,0.07505553810763511,-0.10232833213095371,0.12499288599172,30.570997622620254,55.84473527662114,1.0614272136199463,0.015093330754820597,0.0077169899175908024
"surf[1, 215]",0.002808799886019552,0.060026859948977294,-0.09566730493585107,0.0849800628108141,99.90875453861752,46.264154189271416,1.0421941746679577,0.005978965502881233,0.0076885443646443055
"surf[1, 216]",0.011309323436103285,0.08383339516946733,-0.10976864937460501,0.14576654785862578,92.07936771583152,52.306792221541215,1.004902490403489,0.008689621300067795,0.009728037780838666
"surf[1, 217]",-0.015294611439738306,0.05731516498597572,-0.09949713729315338,0.07562339997436152,107.0373389824509,92.09316198951058,0.9858620587875054,0.005615159306331622,0.00377975633682666
"surf[1, 218]",0.008368896030745537,0.03967389880087485,-0.053112697456923014,0.06407694901632495,200.0,114.03187396959153,1.003895354610121,0.002819501214988838,0.00294556242578881
"surf[1, 219]",0.025090417190655342,0.04662200198010077,-0.037765181815598715,0.10792795898451905,139.4315495482708,56.28335032076265,1.0268335795857284,0.0042029431565318645,0.006608903171764992
"surf[1, 220]",-0.050864186967413606,0.05096104194984399,-0.15490335984338324,0.029063386420086712,129.0542228124433,107.65724970054632,0.994854272919639,0.0044245719434219425,0.00452634528649858
"surf[1, 221]",-0.007069688617096171,0.07875459321656528,-0.13153259356442562,0.13977227926098892,123.13994484799515,76.2482153572389,1.0124141444590862,0.007235805956604719,0.006942150730129793
"surf[1, 222]",-0.001294821395159369,0.07019846492534797,-0.10692527354474428,0.1134418633915856,108.87641079637874,77.62250948021203,1.0018393339435887,0.006992649984055687,0.00500999556859499
"surf[1, 223]",0.009621557559390597,0.052978309297314,-0.07008780869201035,0.09382640349522024,115.92787696247198,54.75646236503819,1.0098259190879855,0.004918535036927214,0.003691908352016895
"surf[1, 224]",0.00034751170363719295,0.044857138530694736,-0.0714437341501071,0.06510609789321888,117.17725406120417,87.33164983164986,1.0144640069469637,0.004108846893504237,0.0035338078789873837
"surf[1, 225]",0.028967452448211275,0.05497609052579472,-0.06392252073689161,0.11612709609974942,97.73150144134597,89.09242298084929,1.0056537684596099,0.00571524370441242,0.0037425174518651203
"surf[1, 226]",0.03282796920062897,0.04879658607407238,-0.03779387564314385,0.1149931197622023,129.00856773619648,64.84325909376524,1.0061390259765046,0.004209826452993441,0.005005639577028271
"surf[1, 227]",0.0023133501457543327,0.06350480621435203,-0.09789419576815528,0.09193615767623439,91.00015624728451,75.71886942837872,1.0153022114279406,0.0067464693256656825,0.005287528426780873
"surf[1, 228]",-0.004020879180411793,0.07296218648112907,-0.12766078103565073,0.11354002626676785,65.05328133660915,42.910447761194035,1.021775844486613,0.00893750568861124,0.006305447543994724
"surf[1, 229]",0.016407969085056737,0.06530939392337966,-0.09141533971679112,0.11012285670096587,21.347605886403944,11.114946010100649,1.1080635706895878,0.01352501514691343,0.007080532034580445
"surf[1, 230]",0.007266084000008078,0.0658717808281547,-0.09555053025774016,0.10997329304772867,113.68633690045515,92.98745867925005,0.994794442173119,0.0064013776704568304,0.005537608982658675
"surf[1, 231]",0.006940130453299765,0.0857427097738532,-0.1408215705902407,0.1340681548887866,186.18870355281845,94.36845724765034,1.0087954332050029,0.0066148876679511925,0.008385383972219065
"surf[1, 232]",0.00510230657560365,0.0647295942402839,-0.09102991052499454,0.11316345182392468,122.33232842088373,89.28895942622455,1.0080592106645925,0.005858390299956105,0.004431734779511529
"surf[1, 233]",-0.010031112360515362,0.06854096223944998,-0.11619946040469624,0.09119857022101414,86.91352460173027,76.14005682398869,1.0227552056604092,0.007442241535823153,0.007675805634785411
"surf[1, 234]",0.003726219009162646,0.059966866614240714,-0.09476067669098723,0.10059684999684863,51.83930785114417,38.40962828409934,1.048904846236533,0.009180543920181267,0.005101173723350595
"surf[1, 235]",0.004264206679735396,0.05657087202888563,-0.1019097027849674,0.08687242217163815,75.85898966344455,58.78495479881964,1.0356138854559536,0.006651746678111295,0.006194015658014448
"surf[1, 236]",-0.015924959311795817,0.04767628172868358,-0.08465102355257692,0.06976048195892036,132.3415680568875,106.05586083193344,1.059866428055093,0.004069124387584242,0.0048162921942333636
"surf[1, 237]",-0.03385315837386772,0.06578905283194243,-0.13143183443650158,0.04959894637488216,97.94345199587006,79.232693911593,1.0087493467020092,0.006690318628074361,0.006702732193092367
"surf[1, 238]",0.10401401680751295,0.04741832450107279,0.027198089240172255,0.18028670696312543,142.31294314986872,81.3869283730181,1.0105916035413425,0.004157569576902358,0.0026544848027687824
"surf[1, 239]",-0.02687389451827491,0.07723513061211072,-0.14378196461935255,0.1142470391308292,128.27056768510894,88.16061131018769,0.9952502720609833,0.007017720635215702,0.0070832639641039375
"surf[1, 240]",-0.01032035729636944,0.06485627444338861,-0.13823371466849088,0.08479417073614261,52.73670377873887,52.8071150639244,1.0078079521918843,0.00879756451917517,0.006121865456432058
"surf[1, 241]",0.018032246761924782,0.05294976138715718,-0.06163671201221303,0.10808911911174228,154.95145085214904,61.6809908172936,1.044507439524931,0.004270688757620504,0.004750837910113658
"surf[1, 242]",0.004867049492478308,0.052202324937300426,-0.0740870479904247,0.08019680770146018,136.31249798439094,105.18075718758895,0.9867357970165337,0.004637421021325857,0.0032712493304524076
"surf[1, 243]",0.10641852237245876,0.0445964336741108,0.037674213761407685,0.17132146743387947,200.0,103.39959027739327,0.9846694701456764,0.0031693305354086303,0.003040842681137911
"surf[1, 244]",0.003038503920034439,0.0841800834510452,-0.14372574542833413,0.13360266747591465,139.09000911129692,66.51351640132494,1.022639217764665,0.006811892030351076,0.014017591627975008
"surf[1, 245]",-0.004149251030585851,0.07307688875990476,-0.11640084606610256,0.1255788987662423,88.26949716523029,44.6158050449723,1.0276676345845677,0.00836713810201192,0.008446699276220283
"surf[1, 246]",-0.03506777802529076,0.05240844094004408,-0.1133886721048316,0.044372172265555766,94.37380459543581,107.65724970054632,1.0529257175061066,0.0053911750093409185,0.004701331324593025
"surf[1, 247]",-0.0005863904329911129,0.0732862590553787,-0.11634255767449204,0.11611490339890825,178.70821958192823,75.63971340839298,1.0241121074601025,0.005615479916379444,0.006590972571151392
"surf[1, 248]",-0.008545530702336438,0.06490202254066138,-0.11346382087560022,0.08325427132559804,127.81913928547706,74.61648517605933,1.033041000684288,0.006108153830385076,0.006262974909539832
"surf[1, 249]",-0.018215103685489214,0.058578354841211454,-0.10932214045490118,0.07764705801883955,121.23944582129106,93.12644139175774,1.0350616299602549,0.0052164523529849805,0.005324540915295581
"surf[1, 250]",0.007081439552334706,0.0609185052228642,-0.08781274153770047,0.11131737971139977,90.45268913297907,75.20239032564149,0.9954796696231358,0.006525924521108362,0.0037872393808913015
"surf[1, 251]",-0.013391440174242698,0.05411299576876449,-0.09919757631138108,0.058550487423018154,157.97445501470935,110.35803742448799,1.0662667771522873,0.003929335159430984,0.005579635045192801
"surf[1, 252]",0.004636960620725779,0.06801360593563122,-0.09905555378296275,0.11548313637405445,113.03499119675597,23.719800890817204,1.045826250398109,0.006384160413490036,0.009728118878007947
"surf[1, 253]",-0.028995102430534502,0.06077130335760747,-0.11889216539914613,0.05651472321333919,48.771282960345694,44.81676632526198,1.063967994504111,0.008677141036869613,0.006634964672813341
"surf[1, 254]",0.0005348560610741138,0.06575522844591111,-0.10515134561571798,0.0968990708632415,96.0713668413262,114.69389025490987,1.018400704199304,0.007014513286032175,0.004190417818554417
"surf[1, 255]",0.005196850715456419,0.07434057849416648,-0.12286575768180744,0.11731417468605441,137.7797490549951,56.55604636236644,0.9834214805651191,0.006386552009335988,0.0069628815162163515
"surf[1, 256]",0.028613822856811064,0.0441875572430971,-0.05696876435836917,0.09539101535461848,200.0,109.57804276071246,0.9932186560081472,0.0031402729527442814,0.002761537126678044
"surf[1, 257]",-0.004847256373477128,0.06664105191823884,-0.12771657118131494,0.09234988687003844,153.27483693643006,66.20716265039111,1.0350976827653804,0.005797017529649328,0.007203836256425637
"surf[1, 258]",0.047943850285929825,0.04623991295235853,-0.01621713509274747,0.12755694543021126,90.8603059017709,93.15825496210304,1.0066599920897537,0.004835352595711326,0.0031807422088592193
"surf[1, 259]",0.053451632232582764,0.04706682508879676,-0.01621841388804657,0.13148466207711032,169.5377873630471,114.69389025490987,0.989883847352992,0.0036350139471835055,0.003761643361606651
"surf[1, 260]",-0.04085668693422846,0.052643136106926475,-0.14356898806748777,0.03427106343750936,144.25719816657195,81.3195496148021,1.0163354335663,0.004510792307182833,0.0062040852052057905
"surf[1, 261]",-0.037065600977998735,0.06686045480631136,-0.14718789194898557,0.06038588395254445,67.17687447179519,43.762781186094045,1.0217728478172596,0.008255694647481701,0.006955763034002027
"surf[1, 262]",0.008760599015114369,0.05784310830235144,-0.09249725444061636,0.09552937755965238,184.51770276801142,33.7912451963426,1.0759166925290096,0.004566281657697678,0.00843965723629618
"surf[1, 263]",-0.004352025349887839,0.05269483691533171,-0.09065568424486718,0.08627598632103582,179.1723623811909,45.498214512299086,1.0332816838178096,0.00406270671571874,0.005370696124139947
"surf[1, 264]",0.012754778301676284,0.06804184093699567,-0.07969971086536255,0.1333394931924492,52.98191808587571,35.65693775384908,1.0360880620232087,0.01047707407751382,0.01042524340148128
"surf[1, 265]",-0.037576628850984624,0.06697737897627297,-0.14519175896334485,0.0760944673003773,155.38176885194264,89.89506127540912,0.9818636150036877,0.00516088946396099,0.005867171043380761
"surf[1, 266]",-0.04535617343931292,0.0490235313987513,-0.11576940003006365,0.01876878581409019,134.92187466906407,113.19544163025881,1.009418734243548,0.004244639568042335,0.003854711589358946
"surf[1, 267]",-0.0034890693228886278,0.0612424956665752,-0.10060513953575323,0.0893853387910087,175.71767575261217,114.29013300340236,1.0075278349524837,0.004725678819741956,0.004147259167927367
"surf[1, 268]",-0.0006823448013533476,0.0814226454130595,-0.12580205822913965,0.12967138397297925,127.69402154815295,71.38636781898664,0.9985594355216346,0.007253234014190523,0.008166235813836615
"surf[1, 269]",0.014661025954826441,0.06463504690016479,-0.09685880217852158,0.11323166478230687,78.13874105393931,73.90636532285411,1.0245250888023902,0.00750039580794298,0.005000719399667105
"surf[1, 270]",0.003246756137681607,0.07270868422628873,-0.1293710950096787,0.12194316296449735,112.16348606016261,59.21218619906648,1.0533084521013125,0.006806476381901464,0.007768264850886575
"surf[1, 271]",-0.013271870513400614,0.057294702730505555,-0.10253178635627212,0.07208253057541607,116.92139729548997,78.21334338484736,1.0192539028512506,0.005541034530196533,0.004909025297239334
"surf[1, 272]",-0.03413737436354189,0.05969068929840151,-0.12351939476092216,0.055528929819585425,150.75774854155924,108.60915441068109,1.0330881859111372,0.005151895705544367,0.003797178839674128
"surf[1, 273]",-0.004277658905630977,0.06355816900240469,-0.10641289593438072,0.08988968211055631,164.1215915143783,86.01727291671489,1.0204249861768984,0.004953856239301562,0.0035322190334752183
"surf[1, 274]",-0.04935116804551838,0.05844726564853772,-0.13817963690973223,0.03129683395721461,113.16128147478925,38.81360265916639,1.0242234243091313,0.005197667255681937,0.006162564581379737
"surf[1, 275]",0.00954536477206024,0.07608739105866734,-0.10695134305978209,0.132095724865261,84.64470824541841,35.93551650743051,1.029523649069108,0.0077931601557620096,0.007018495046526649
"surf[1, 276]",-0.024886431595035185,0.06006452436430364,-0.11846920485305044,0.07340878368555923,119.06649242003685,88.11864923849542,1.0291119348090638,0.005675443471789841,0.004634535920122811
"surf[1, 277]",-0.00405994553360425,0.07922151058122878,-0.12878101223190125,0.10952446505607143,99.37151482192151,67.08189241549128,0.9990470846124412,0.00793527474492963,0.007459716830399241
"surf[1, 278]",-0.036956929023961166,0.05594436469777241,-0.11406988727578529,0.05891949851413938,68.99084774119741,112.4666989585856,1.0029665437675697,0.00688496784211463,0.003169861979843694
"surf[1, 279]",-0.003316091608098997,0.0691186402672702,-0.10139976907616911,0.1231324449466204,86.04704176873304,77.62250948021203,1.0134483920665598,0.007657219758409298,0.0061401104658603154
"surf[1, 280]",0.050328519709100926,0.04966119374733998,-0.026744225345923155,0.12525755311815176,125.0173685904774,107.29489444267469,1.0388282897144152,0.004449212945992795,0.003511318359731212
"surf[1, 281]",-0.0062263085956794,0.08149083833446133,-0.15231209580040586,0.10987269949838369,97.4919638930643,48.45248053535812,1.028334002015755,0.008368661750614265,0.0112131526945339
"surf[1, 282]",0.009537922459426426,0.053549078134028386,-0.07303127089685044,0.10106754782210937,117.61229818568243,87.52450922491792,0.985212179609766,0.005135993321184461,0.0037902960084427373
"surf[1, 283]",0.0035372720577003663,0.08445650855947802,-0.11268568549015835,0.1424774843587819,93.67461488389597,53.526763381690856,1.0528200947997817,0.009453290441764023,0.009833368739126448
"surf[1, 284]",-0.005792362011596739,0.06921066130157885,-0.11472890055706991,0.09833872154588297,127.53296953925388,51.10186259125334,0.9994905071577923,0.005941103570263179,0.007053895761239381
"surf[1, 285]",0.02285389017290127,0.0648389670212789,-0.0859937983495945,0.14101892004885927,102.91107151953786,103.34103918978423,1.0228620222350286,0.0062821315099457955,0.004106032024945099
"surf[1, 286]",0.03128901438961578,0.05758495497370808,-0.05878905214621321,0.11235904798885411,127.86391963228328,68.25970176900988,1.0102028631540034,0.005170207676063932,0.004481976715875804
"surf[1, 287]",0.0033521945873218584,0.06987628125457916,-0.1223646962474025,0.09953966420745447,58.92575251054956,60.52460084718147,1.0249425804404724,0.00836240568609831,0.007287344808346036
"surf[1, 288]",0.00023333216901643333,0.06806990318011301,-0.1102850362063179,0.10765427765406911,96.0911838897959,76.26533430822975,1.0382640543901427,0.006947527270759625,0.005319003346611532
"surf[1, 289]",0.00690279912169068,0.05990725443873162,-0.07567097228090251,0.10886309383934886,55.908141455592784,76.92785554543191,1.0269321846179504,0.007839820702542119,0.0060039280067386465
"surf[1, 290]",-0.032437809190128036,0.05807069478673186,-0.12377845761475931,0.058175359562207936,138.58241296683582,72.08026548758187,1.0110445789299363,0.005011181503880248,0.004828908590300581
"surf[1, 291]",-0.01530384506985166,0.0553158826162236,-0.08873462194093136,0.06120997687647183,161.39506870737722,80.3844568353909,0.9890445255343794,0.004477052967624607,0.004484473798809027
"surf[1, 292]",0.0558150616489539,0.050151587389965814,-0.023949026271138738,0.12769560891213982,161.4617030284341,92.53693964437764,1.0171281148888416,0.003996813771453554,0.004309596073559601
"surf[1, 293]",0.005828622854721342,0.04979453026548053,-0.0697162026280522,0.08129323784423172,200.0,78.70780123909476,0.9946618551772402,0.003538743174397191,0.003978267363040684
"surf[1, 294]",-0.0034058517578710655,0.06161682706829742,-0.10513747395274628,0.09570102268665819,185.09795121663305,56.64158505690628,1.0256913311437978,0.0046008227056215985,0.0091855518292315
"surf[1, 295]",-0.0028472282801586066,0.05249214943196836,-0.0773358137840413,0.08383341905165902,72.29665617866154,67.26743127616967,0.9935115050932847,0.006135432917170307,0.004188568326606838
"surf[1, 296]",0.005502653249478598,0.05891887062722089,-0.09220176208965601,0.09177204305819742,119.09728660497989,104.29014959074225,1.0086071910943495,0.005348424655612617,0.003647853140332684
"surf[1, 297]",-0.02123953730728367,0.05223164581376742,-0.1180523354750934,0.059141461241744624,115.50634927962625,56.81123073158794,0.994314480654384,0.005076310873952586,0.004926813182632693
"surf[1, 298]",0.007049697186650947,0.06071136224263205,-0.09348199786185886,0.08545547991885905,70.91371066983895,42.23906080862414,1.0233510734170301,0.0069507263437589015,0.0061708151996340945
"surf[1, 299]",0.002532214641820017,0.07447307759084151,-0.11324363836040124,0.1261227960045072,131.19742708049458,101.99901687694577,1.041005115514674,0.006922067865767271,0.0072993137196030854
"surf[1, 300]",0.013390369402989795,0.07106259742863683,-0.11498687535244426,0.1206349407287905,153.51589297955059,47.01818651161945,1.0614990150621362,0.005844565283322271,0.007704915696276833
"surf[1, 301]",-0.02924106081237006,0.04943100728058889,-0.10805823083941743,0.05098378735647084,113.57098782888495,78.37187401904366,1.0089175887256756,0.004802880428991441,0.0034182604430063996
"surf[1, 302]",-0.0062899823627196524,0.059952046298510905,-0.09614373045516189,0.09915596933190146,93.23482950323994,76.32729799321537,1.0046223282839233,0.006237115814140586,0.005291709862083723
"surf[1, 303]",0.010730685753706021,0.0825766180975828,-0.11962744348108718,0.15480441256272065,69.2158793170504,48.67817518915879,1.1567447976552365,0.010106484904329052,0.011594139736423426
"surf[1, 304]",0.07497727026388398,0.04827664446688969,0.007457784234685128,0.15110654532130824,106.2921984095576,78.18964968490735,1.0016820040917116,0.004796383271611384,0.0031933501231598688
"surf[1, 305]",0.002609848952200416,0.0675480621654334,-0.08240092387508396,0.11699409932041406,115.33545074598584,78.22055936436803,1.009109299412211,0.006496580615588015,0.008973629197335476
"surf[1, 306]",-0.008177624385150798,0.07363540731640301,-0.12288026963037432,0.11296397458405881,81.20180382558351,59.31765111504645,1.0504952721322358,0.008378765492370616,0.0076694913820456265
"surf[1, 307]",-0.004885062668380771,0.05745621865899709,-0.09559421086042477,0.0694124285807679,97.73356193333811,34.723319711918315,1.0619959941436476,0.006227102453677752,0.00582537558934354
"surf[1, 308]",-0.002136932268905058,0.06593906979168587,-0.10737173628155425,0.1101369845411403,93.32093330292182,63.75542829460716,0.9972226823255985,0.006832949255943744,0.007381813775742049
"surf[1, 309]",0.007882768947426537,0.07374808576688566,-0.12088485279108843,0.13151664618425632,136.13414129538546,67.31047977967819,1.045000597984193,0.006343160144112651,0.007069409344917707
"surf[1, 310]",0.009790458922328549,0.08647564909178662,-0.13142410405568544,0.14087142938634295,100.94498763932765,61.482550903569475,0.9944462395251545,0.008739122805514622,0.007532559993295942
"surf[1, 311]",0.005594630363707208,0.06642821193900668,-0.09997107134109894,0.11254319802708639,23.47800084476046,35.376483679525236,1.0755316337632956,0.012357010227506305,0.008399582261446905
"surf[1, 312]",-0.06011208758021773,0.05613094579619745,-0.15961813272550915,0.009352550610164385,54.78359214512415,50.8338356439622,1.0444016202483268,0.007708174425380728,0.004244336170653926
"surf[1, 313]",-0.00251052942210894,0.08297475577591648,-0.1533882892691474,0.11705142488178423,135.42465753802503,47.817021057509145,1.0350704394297683,0.007491614461699291,0.009964631913375406
"surf[1, 314]",0.05017156229963088,0.0424546309838227,-0.01339164638715433,0.11936358715463309,142.37018522441343,109.57804276071246,0.9838640726117995,0.0034666719422897807,0.002743227899873752
"surf[1, 315]",-0.03480175416850647,0.06223028053067205,-0.14629009349826577,0.06389354936766317,200.0,104.56944483644266,1.0593870477335587,0.004422513462716624,0.006288376427257919
"surf[1, 316]",-0.019616800222137354,0.05440092139774011,-0.11145365940254948,0.05756034182891402,133.02502212174798,71.8093684190556,1.046625831785862,0.004676435290779561,0.006780815658114121
"surf[1, 317]",0.0007166795603520254,0.06297975529947261,-0.10656871388797251,0.08711578403783887,98.63412049216825,62.693563237632866,0.9933592434998557,0.006566759406393368,0.005293267522329527
"surf[1, 318]",-0.16087686452154412,0.05130441020751806,-0.248269175420678,-0.0796442266138412,88.7983040112856,91.65597552551068,1.0151137184268721,0.005511815784119532,0.0030831773029806626
"surf[1, 319]",0.0031559068541671107,0.06356006816187801,-0.09643390828746887,0.0876082137154302,143.9321598023432,76.0428736964079,1.0344812654483357,0.005301945023331779,0.005544284333138179
"surf[1, 320]",0.008750376479249103,0.073873069884533,-0.10208307930888061,0.12448303823571163,90.9644839942305,63.65018881465405,1.0086290399055233,0.007676822615778251,0.007409087505476413
"surf[1, 321]",-0.010046164553824464,0.08462593553971333,-0.1643244702525245,0.11611338943453595,46.461272977709534,56.31141626559349,1.1898521146243322,0.012667902092682476,0.014542638056704107
"surf[1, 322]",-0.0006540854821356024,0.0545041360732677,-0.0837683514249194,0.08271320412759867,56.29106568239602,109.6113912785523,1.0204727225698595,0.007527187709050034,0.004229734817557166
"surf[1, 323]",0.0010153728660999178,0.07254475188464733,-0.1105030698581116,0.12828939041640905,68.78328421097945,65.94947719728034,1.0331095652907396,0.009241143448390669,0.006551699523903987
"surf[1, 324]",-0.058789976407048264,0.06335487815914741,-0.16083032992181656,0.03602303699833556,68.9506446503324,71.45043425029652,1.0484755345386603,0.007661676428847815,0.004728884416504938
"surf[1, 325]",-0.03247911817220694,0.0493099433792838,-0.11467066710488513,0.042510712804005986,127.71328776357558,109.28393005828472,0.9968377119176122,0.004264524583514094,0.0033569532422284775
"surf[1, 326]",-0.013424188143899807,0.06582600729637496,-0.11357949407256962,0.08922139398622037,88.34630406531595,63.44733287755746,1.039896392848133,0.007028596344327002,0.007288695207396411
"surf[1, 327]",-0.012739937024826856,0.0808102126856926,-0.13826571672969412,0.1037994414414677,113.75404230148794,52.85648452010221,1.0540215952717231,0.007600273297210413,0.008130972365926517
"surf[1, 328]",-0.005758288024202542,0.07488541434683846,-0.11524738231877146,0.12053846239815319,77.02174925848935,59.30480247869868,1.0014866831103957,0.008700675083209526,0.007471029409407802
"surf[1, 329]",-0.022562359383042595,0.06311366213513483,-0.11368472718880565,0.07710549677580385,70.91155627824647,71.92389248667546,1.0178694203675172,0.007452939355988991,0.005289493473431074
"surf[1, 330]",0.00037807516860926903,0.06939524941631653,-0.08860468465366839,0.10897659837267376,88.84641658817608,73.81492066620676,1.031105661334637,0.007295986769058966,0.005957691073507341
"surf[1, 331]",-0.007911148730210524,0.05219208631467797,-0.07721807204608003,0.08034688510800823,200.0,97.16013673415712,1.056852061420202,0.0037091300634610655,0.006557885271595881
"surf[1, 332]",0.010425134292974678,0.08072685687373446,-0.09944231966926705,0.14457343813703405,89.20673600227845,52.21555900152322,1.0371443515991308,0.008864441240286102,0.010300119323376013
"surf[1, 333]",0.0010886573188544403,0.07381626804425609,-0.0991367460939318,0.12812385044150187,185.68468064971813,91.6069851859119,1.0055371879419925,0.00524589374191105,0.009666224216188214
"surf[1, 334]",0.07521696462826488,0.04784992009450077,0.005762499141948149,0.15040643154373015,107.03855109571512,88.385039969547,1.0369984875081668,0.004640141777935112,0.005008797871345644
"surf[1, 335]",-0.0007287248157722508,0.058025890880882225,-0.0886852721721259,0.08685659675503912,91.70399619652419,73.18650311556999,1.0156410036664079,0.005980787627160728,0.006304843026729749
"surf[1, 336]",0.0681572355560581,0.04867650095522819,-0.014205579329007144,0.14916876947792548,93.14345668158244,75.92168723943432,1.0069214424023807,0.0052103791331904944,0.003932850071936884
"surf[1, 337]",0.01000514581196413,0.056604038603556166,-0.07976873611635243,0.11130482794137712,152.37530892200292,89.35518381637817,0.9938365912503007,0.004617415618431753,0.004782934171288567
"surf[1, 338]",-0.01065300308661947,0.07956987930633265,-0.12822181834702773,0.135962079635456,110.11300113551724,41.7107534666147,0.9893724468710384,0.007522455292004212,0.008576812028269386
"surf[1, 339]",-0.006392736840285074,0.05509291920563763,-0.09088995307700404,0.07448918955190638,54.69964677661449,60.849818490029,1.0119689667209801,0.007604950686832136,0.004104147878167783
"surf[1, 340]",-0.0873307712811484,0.06224762304324277,-0.1825590642980322,0.007890312075021964,129.29904360665995,34.674950888574166,1.0281783285562731,0.005702767151831493,0.004985478490537194
"surf[1, 341]",0.022752445116866624,0.0646993325408694,-0.09407708139656235,0.12345872332275655,67.33715512261996,60.71055039874493,1.0321728226739268,0.008174867449414971,0.0069929295750179145
"surf[1, 342]",0.040951892628903336,0.04516309904075854,-0.029541914131198894,0.10348261661029716,144.7605019604904,102.32622542232068,1.0143831656875262,0.003628881468629071,0.0035213019639697644
"surf[1, 343]",0.005055698432131048,0.0648963532286461,-0.09900758814130894,0.08924489055607927,172.14228140633378,38.06210929622905,0.9864923816669572,0.005041141319757932,0.006811114320410175
"surf[1, 344]",-0.040631057680922754,0.043735808397710504,-0.10694778972942694,0.02842074337089664,110.93792320128054,43.09806371018108,1.0095821585583962,0.00453280858396332,0.005633262739545649
"surf[1, 345]",0.06388899621698002,0.053479235956244604,-0.014666056046754139,0.14541953409431196,72.4736350955178,89.8371018721128,1.0156275421358834,0.0063561440312109585,0.0030585959513226043
"surf[1, 346]",0.048580887423200145,0.04981559795964787,-0.02891947046305974,0.11951410043741864,125.9949909561471,82.40475078401282,1.000064379265217,0.0044775162165901815,0.004238377658584893
"surf[1, 347]",-0.01807145208081238,0.06141985405612699,-0.13860595320616564,0.06394225123301063,109.05529050194734,75.98190417437796,1.0178839908580941,0.006398849370863642,0.005696567002356171
"surf[1, 348]",0.008506284226588369,0.07591511297018365,-0.11001507781860612,0.1160581088400196,53.08661097976604,46.73361220411358,1.0450442596728742,0.011358612348801794,0.006667093041786549
"surf[1, 349]",0.004511329185963468,0.06373111540814835,-0.10357435653912768,0.10044845815853769,134.69122341028736,89.97028943837456,1.0278126658706697,0.005464913012927459,0.005622649881270877
"surf[1, 350]",-0.03925360148428389,0.06597745835385978,-0.13477325593400719,0.06808683394287382,88.80715950873591,55.787481979817386,1.006721290221453,0.007093451490344615,0.0061844967374569135
"surf[1, 351]",-0.040683864908053605,0.05527595114287765,-0.11294046432482611,0.040598929059025665,170.2825710659285,110.56437336853791,0.9822838713306713,0.0042700427016220364,0.0060637408056510795
"surf[1, 352]",0.0037307196254089538,0.06145212897932272,-0.0903397538828715,0.09316600053048048,130.97613007908186,76.00379514302442,1.0116432271129303,0.005411938504488047,0.007740344358008872
"surf[1, 353]",-0.07453881378783367,0.057961066693263175,-0.15944137875741318,0.026238203172540876,180.6687348023476,108.77840243616767,0.9983450585094658,0.004352469594819429,0.005300287242607214
"surf[1, 354]",0.028224095697209375,0.058343230784551385,-0.06824474658963771,0.11327017695052233,91.07498965370002,100.6807157705947,0.9949297332749706,0.006128147409241967,0.003082999938119339
"surf[1, 355]",-0.03355767348500862,0.06540124531217498,-0.13255823050002008,0.07496861907419686,108.41543306801054,106.93086592178771,1.0084677860392306,0.006188261503833684,0.00507075907739501
"surf[1, 356]",0.018373158474940143,0.054829009300697513,-0.07157429560696904,0.09371207154572755,108.1231587140497,92.09316198951058,1.0091415749176023,0.005200929130561839,0.003969231168240664
"surf[1, 357]",-0.015461707154617373,0.055995631231696846,-0.10692098332536147,0.0759994776489538,131.81940256070627,107.58137379821618,1.002173787441483,0.004889483318383132,0.003904459377503145
"surf[1, 358]",0.0034277606709327813,0.06986548271341075,-0.12014384967346478,0.10593636474626583,34.06963395410445,43.52812983884837,1.0716908299190866,0.011961033283417032,0.005933271946811279
"surf[1, 359]",-0.002702628943434089,0.0755671679349756,-0.12032518666047565,0.11880990384845676,110.09432271203133,41.77548581293432,1.021744183165627,0.007499725724543278,0.009885269503118438
"surf[1, 360]",-0.022721852814221,0.059367763551768295,-0.11992131572925092,0.06661942475558527,155.5960819690902,95.65104840797302,1.030704317838697,0.004813335997045465,0.004187891410360662
"surf[1, 361]",0.023463699806379926,0.061738536221386045,-0.05670404871669657,0.12533971736565386,89.60177071658397,90.27359286489092,1.036434240785482,0.007210891847276388,0.005301681008122924
"surf[1, 362]",-0.0024776081781145466,0.07333244255836205,-0.10599519803172407,0.10317535914529012,86.63035991292007,46.57080894059242,1.015417665884457,0.007853438777035242,0.011790825858855233
"surf[1, 363]",0.0031801881715902976,0.041190850901866354,-0.06895546148283224,0.07451448312485985,115.33554934989698,91.65597552551068,0.9939549367766554,0.0038702699743978657,0.0032219187428737077
"surf[1, 364]",-0.01124725341154766,0.06755823100892476,-0.11697980426425343,0.0950486059221342,74.0580550576503,46.569445990574806,1.009187705648702,0.007925597710276561,0.0066103109972045805
"surf[1, 365]",-0.06299373665992489,0.05624608845765889,-0.14256801805381705,0.021282437398108294,192.74921584143107,123.25160441007073,0.9992314616311543,0.004118871321883512,0.0032496134637664733
"surf[1, 366]",0.07894044345189599,0.042099523366366,0.007187203965767944,0.13903240069127445,119.5701892913732,105.46241211465654,0.9971038074381399,0.0038496740599750744,0.0024439539342218063
"surf[1, 367]",-0.0001280504284775748,0.06737647029051211,-0.0981633384377199,0.10337276260902598,113.25866987389759,86.92295093474341,1.063341432853691,0.006377193613345014,0.006074900814282602
"surf[1, 368]",0.004809021358859704,0.0750295690395759,-0.10551940298896963,0.10514429022992142,147.57206061455256,44.961791363070894,1.096243645731922,0.006275277216145521,0.014456114479385756
"surf[1, 369]",0.005172314544742137,0.071792344142775,-0.1110244250324203,0.12103542454866326,105.46801133778143,39.09250665572287,1.0386296824429544,0.006968340321936588,0.0068702703632993415
"surf[1, 370]",-0.00845547094811492,0.04938865769378979,-0.08566800738545399,0.06358216132960086,58.9175469112356,68.3472879504915,1.0145098774489671,0.006245459251590107,0.0037604721932118315
"surf[1, 371]",-0.026037441616866986,0.05583048954460085,-0.10968397656697049,0.05614351244174986,83.80279083846385,111.15778104467314,0.9899199266917578,0.005997549104269553,0.0051555228407636
"surf[1, 372]",-0.04381014568612459,0.05152821224132021,-0.12276568917453687,0.03532848975100418,67.19093543925814,76.39003125514064,1.0122709308326454,0.005621950001034566,0.0030376977767371622
"surf[1, 373]",-0.017873953095883667,0.06186820638875927,-0.1233224956539419,0.08557323486264631,167.23548363903478,53.74962525161679,1.0270846652192274,0.004825369679804214,0.006218112030144914
"surf[1, 374]",-0.007794216911774341,0.0465090633776832,-0.09023864589326369,0.06091712543223447,129.08532025314435,88.94735571700981,0.9912681527944837,0.004093501560201874,0.003920053803377735
"surf[1, 375]",-0.07098816550822644,0.04911782387274105,-0.14048875681349907,0.005935426830821718,151.4199605668786,87.616554131643,1.0104218651489758,0.0038825892820376334,0.002956109980131999
"surf[1, 376]",-0.016685310837645597,0.0705924596401263,-0.15593928395847953,0.08684263799186948,129.96319038039286,90.98256269592476,1.0437935908149603,0.006008190760348039,0.007186121400246541
"surf[1, 377]",0.018585399389311762,0.0520738547376154,-0.06500283525613006,0.11140180583863127,119.2945078896001,77.40002066756223,1.0191978049698651,0.00476816915138184,0.003591534030410598
"surf[1, 378]",0.00012544741809905022,0.06619008676325105,-0.1047611663899157,0.09962863756640968,105.94345603811476,90.4971834435464,1.0139320934838545,0.006368821258623322,0.00634488880077048
"surf[1, 379]",0.007681039222761374,0.06845824283048228,-0.10587108702731082,0.11145182537048215,83.81663924992546,62.552678113999576,1.0236634518704204,0.007183008806381932,0.004417647766306189
"surf[1, 380]",-0.012031230149301124,0.047730136893251625,-0.08837805056480266,0.06290157833964163,135.37572031572012,110.56437336853791,0.9938917077813177,0.004179638812326736,0.002981924452944232
"surf[1, 381]",0.012208046411309544,0.07836818546558014,-0.13265313188556158,0.1307756137124549,87.14888572467143,57.0730658145394,1.0240849958011524,0.008504606524868879,0.007681044528211562
"surf[1, 382]",-0.05214620023386009,0.07019361851276938,-0.15997611167908393,0.04378518047281581,72.40746128475212,41.89380173632143,1.0187651668158844,0.008212116932471177,0.005918063471752347
"surf[1, 383]",0.008902686543706462,0.06297175067277831,-0.07494289252773374,0.09904348767925984,79.32781680966553,77.34427048634242,1.0277064124245683,0.006696235120162281,0.006834419212437008
"surf[1, 384]",0.0501265156185561,0.06176603695655467,-0.04569728990718025,0.14565953888231317,200.0,122.0239080764264,1.0118907103678816,0.004389521108528188,0.004997439944031265
"surf[1, 385]",0.004571607594960992,0.06441693277069371,-0.0927172923655295,0.11675150284300131,71.7903400658926,38.858625162127105,1.0503059336710099,0.008541355107923525,0.008890864298764331
"surf[1, 386]",0.017366340347677995,0.047279351838596245,-0.05926087492016792,0.08910343283656987,200.0,132.29502327246684,1.006388298572009,0.003359997226939222,0.00283289745364369
"surf[1, 387]",0.006068008888483959,0.06345667506901641,-0.09637474847102667,0.11538763648856216,71.48420644856694,48.222170578666045,0.9873922939097161,0.00757377358748139,0.006832425697114134
"surf[1, 388]",0.007035553449048051,0.06033544432011339,-0.10228142532703015,0.09974425462997825,82.0862922042864,25.070644673720178,1.0517280398176911,0.006572275996538139,0.006210651214810168
"surf[1, 389]",0.0057766196947906774,0.07075759339541528,-0.09661407941038225,0.12607947990111912,95.00895258541348,65.21355453582773,1.00838039009717,0.007197740870550256,0.005333495643547001
"surf[1, 390]",-0.00026275857967045387,0.045968776384898914,-0.08245429083973864,0.07857096875746852,103.48534647976935,92.53693964437764,1.0099218160479626,0.004485252803010233,0.002959771084951245
"surf[1, 391]",0.0013383045391620026,0.07517946355951112,-0.1059144006825068,0.12270496428711057,103.34373526043687,73.94575331617496,1.003548884033671,0.007375468199198433,0.008133927158127637
"surf[1, 392]",-0.0689689456807902,0.055899604207360155,-0.16411195708302367,0.025678271712986214,145.0618241034888,86.7751839193651,1.008844449194321,0.00455669782492316,0.0037749035020819078
"surf[1, 393]",-0.066546061915631,0.05435865227747434,-0.14986138443006475,0.00790810335552587,118.18326135681708,89.6649932419386,1.0123149311954056,0.005144298583071359,0.0037749171214385567
"surf[1, 394]",0.009116097407401708,0.05666175688849448,-0.0786074998562251,0.0941661874730286,96.3134865957844,77.41759280657152,0.9877416150669437,0.005692375340659217,0.0056085784925248095
"surf[1, 395]",0.001774943798002812,0.05887165208190079,-0.09212732380560627,0.08859267390800386,74.3453386701772,66.89836490672043,1.0150723563085078,0.0069739915893884,0.0036584376367765174
"surf[1, 396]",0.003527253797663662,0.062418496388352784,-0.10671249871171212,0.09618605649558436,182.89277333737525,88.7581071342781,1.0248924595413305,0.004435889381278965,0.006493417625762158
"surf[1, 397]",0.020390715844582026,0.05669561877472563,-0.07219751879405131,0.11266135419591246,137.06512931278428,111.5686215144267,0.9929346187902586,0.004858230952686338,0.004718513480680733
"surf[1, 398]",0.03002721779796504,0.06304757938926606,-0.07032867734696621,0.12097780731276843,101.73592554743045,112.2891713517478,1.0065716860063358,0.0064355915532079535,0.005922405848295206
"surf[1, 399]",0.0834311043775509,0.046254843409745054,0.014742755391653435,0.15800705528908945,133.80250340029087,92.09316198951053,0.9927845304205232,0.003963656031942624,0.0032181945363145854
"surf[1, 400]",-0.037573368377225864,0.056495831539335024,-0.1390633652427019,0.051440585896855955,119.46143763011922,111.5686215144267,1.0053252861372706,0.0050855328193977044,0.003963978905687301
"surf[1, 401]",0.00037467981497837905,0.07352539642209166,-0.1421087001926793,0.10271455008151725,132.5228021534944,65.13886940664888,0.9981025193837926,0.006353487580488664,0.007741615122049282
"surf[1, 402]",0.02950529561298011,0.043173402418380184,-0.041535006806546454,0.08721906971380317,94.54916148583207,71.95150294391074,0.9947318436533533,0.004445363197550595,0.0032867480476420482
"surf[1, 403]",0.0015499446702341802,0.0557781709083205,-0.0837164785331251,0.08806521102173825,99.99410117495462,64.78301592257262,0.9985408038366599,0.005502399328336166,0.004691600899967037
"surf[1, 404]",0.0005180639941283671,0.07060415000975805,-0.10171259977724197,0.10818113442197061,136.1458732893126,63.74372802676046,1.0068199775420292,0.006195315053285081,0.008220817582742228
"surf[1, 405]",0.002536536082528022,0.06372056464434524,-0.08858220498191567,0.11032499005653373,63.065880743497765,57.18866916087654,1.0332737814758666,0.008097727715244262,0.0057295229917316785
"surf[1, 406]",-0.07695266596343106,0.06611132620768677,-0.17048620136719306,0.030452058796024535,121.31175029161734,66.44488721269482,1.0206552940627198,0.006118144968249865,0.007789988272808316
"surf[1, 407]",-0.004081357167962014,0.06004274128082452,-0.10077589394984085,0.07916342704105758,165.46552860472167,78.38062473040219,1.1106614036660984,0.004301019692434431,0.007891681766724218
"surf[1, 408]",-0.00026862470152538257,0.06631059517424263,-0.09711409373272058,0.10962823205595015,111.75526101327213,78.24476239141545,0.989493242184068,0.006206769624929459,0.007131911334783234
"surf[1, 409]",-0.00841523917662543,0.06533199998878764,-0.10490393635394529,0.09151200618753733,85.87475213393478,51.27550334668424,1.0535907210095583,0.006964653558048199,0.00705122005721445
"surf[1, 410]",-0.02866177531488328,0.046631232538444915,-0.10521537925314532,0.04341304161263727,103.8735323840047,112.2891713517478,1.0035130900296723,0.0047720866282003485,0.0029625738936062316
"surf[1, 411]",0.020129878057818126,0.06410824958697232,-0.0787257865354305,0.11737131829200928,154.61996681158044,54.21643141512849,1.029914609599007,0.005036504133338852,0.004717760534089395
"surf[1, 412]",-0.012889195109381434,0.04722148069759486,-0.08420117045675489,0.06852938660658342,131.88809430478207,88.94735571700981,1.0059376204875978,0.004207450331956566,0.0044297315324751075
"surf[1, 413]",0.014070422729186509,0.045306908458235644,-0.05153638377424386,0.09022984174430847,114.44653719549048,93.65283991810121,1.0127440661502112,0.004254734988543907,0.003279011997434305
"surf[1, 414]",0.05477052057540331,0.05120392908749746,-0.02550182958016927,0.12244916379423865,102.953545366338,89.42579228114215,1.0141468983094066,0.004717770097800753,0.005302064071948196
"surf[1, 415]",-0.01533821145702294,0.06301801040004441,-0.10498366140085222,0.0722787010544491,93.09752313000948,57.97034505057971,1.0353015175748215,0.006866510826603016,0.005839955339097081
"surf[1, 416]",-0.005342198965310034,0.06536630534498236,-0.09900755191256883,0.09099574682854857,186.11844309033668,69.3879813733462,1.0135651912550225,0.004645381041689936,0.006337792723163545
"surf[1, 417]",-0.017252665865178166,0.05704547732300472,-0.11209141559273005,0.05835030405912513,125.60590803174667,21.137371036059307,0.9983220133720426,0.005061822889134404,0.003188672766003502
"surf[1, 418]",0.0040898201989484516,0.07214916095777675,-0.09469315025879403,0.1206528731157695,127.51612547018239,51.828529910389925,1.0054793903643817,0.006161506380328491,0.005631896387824868
"surf[1, 419]",-0.05428290090691856,0.05683449212391802,-0.14649941258686158,0.033739946701438546,67.73616319406166,70.66636394596438,1.0232753179202412,0.006934999663515106,0.0045304447973019725
"surf[1, 420]",0.007167194547200542,0.052645166706498825,-0.08080015992050821,0.1006209684542125,200.0,130.638797056628,0.984709183409655,0.0037413290848286934,0.00388708137620725
"surf[1, 421]",0.0019219942165215303,0.052986149185338914,-0.09139562615510105,0.07751971919216738,91.17429737681577,67.67835021496755,1.0589176992552134,0.005677208463388964,0.005750455944764309
"surf[1, 422]",-0.043792100355135595,0.06923355240951078,-0.15249678534440808,0.08525924209954093,154.9588314573175,78.8670106349373,0.9925824884753737,0.005965227577078938,0.007290275567438411
"surf[1, 423]",0.0022652768446946776,0.07146772412513169,-0.11239666517152119,0.11432111226989639,107.62056051474195,40.42732822444474,1.0177342345567897,0.006605594277508869,0.007496617793473945
"surf[1, 424]",-0.042618409154312975,0.05027996034221697,-0.1333165582713344,0.035082518268945394,96.8119439187817,101.14383991701014,1.0063334035641682,0.005125359925072254,0.003558924440599852
"surf[1, 425]",0.11207135672684425,0.04701141675593001,0.03546181747928837,0.18054449973451825,191.7714204480408,108.44071232083391,1.0026150543892498,0.0033419703502789795,0.0031403363179496988
"surf[1, 426]",-0.005991106022884742,0.07237951107772854,-0.1301457675314822,0.09918744275302777,163.8911581391032,76.87176066095347,1.0299959526445912,0.0057333985108989766,0.007642522625470712
"surf[1, 427]",-0.0012632102399146566,0.07078120496746429,-0.13181449696855402,0.1089286141721169,200.0,72.13367361679587,1.0325160069711814,0.005030201201192226,0.00831750799700916
"surf[1, 428]",-0.003759740577298703,0.07687722050367544,-0.12690253874990398,0.11075102978085664,115.38993519803498,78.18964968490735,1.009099044889093,0.00728268361217501,0.006914425823713017
"surf[1, 429]",0.010383198165456676,0.04973514243591848,-0.05852455225580144,0.1042067689428904,177.43469043086347,76.29579292024465,0.9945172351626357,0.003603257833673511,0.0031403144339473598
"surf[1, 430]",0.007363990554316409,0.06633472600172623,-0.10180446098721986,0.11474270309189502,84.99573205140058,61.71211996374721,1.0453542603139054,0.007275217744959419,0.007910171940861122
"surf[1, 431]",0.006268575922284167,0.06005580823588822,-0.08413407258405542,0.11664512550864325,174.29687919253,104.92447430987599,1.022089895651646,0.004687821182318729,0.0053791023741438
"surf[1, 432]",-0.009084343812453127,0.065345127233377,-0.10162803135258866,0.08799038339737196,114.87178976249886,55.35629594498457,1.0599477749347141,0.005998731531280493,0.006322365387293977
"surf[1, 433]",0.005860828325256061,0.05764236446149587,-0.08133609716880308,0.09983680773495643,136.89212220358442,39.740300539295255,1.0084371426177148,0.0055553971684751775,0.004296493733766874
"surf[1, 434]",-0.028288999121323356,0.06152169779061371,-0.12286234885848474,0.06878574176668886,53.18339245624436,50.641735350801646,1.0257792976589932,0.008271621289800137,0.004925705660427403
"surf[1, 435]",0.0019685630275187473,0.06360667175731863,-0.09141304310087817,0.11558473413383417,107.50771895164846,52.926259402780936,1.0471922065252337,0.006550053475699988,0.005347468814151983
"surf[2, 0]",-0.010378272587582282,0.04072845253028714,-0.07372461193269365,0.060368045361948335,140.7094344281808,24.980815386876085,1.0098205026201494,0.003342405675066385,0.003940443463953594
"surf[2, 1]",-0.028327621409354728,0.06350386589947286,-0.1291029407323005,0.06321444283692197,91.46764187115085,78.58154540208778,1.0042386375022592,0.006627531932568194,0.003959196142011598
"surf[2, 2]",-0.02639853249681813,0.04939706619592254,-0.09729995389349351,0.045437002142988125,112.8236320681541,110.56437336853791,1.0157292148214174,0.004729429082199607,0.005245090554344999
"surf[2, 3]",0.002501216675973762,0.06051818457380404,-0.09411049370198223,0.10087254145664588,26.45419619367554,14.651723046421132,1.0644881024934736,0.01206412486799805,0.006904972372764796
"surf[2, 4]",0.004057603263721323,0.05722305464779354,-0.08271523991671051,0.08987783831318874,116.08760186407405,60.64326049594893,1.013585118635056,0.005338940621186226,0.004594061773481581
"surf[2, 5]",-0.021081490901681148,0.061091072362503905,-0.11844063379411861,0.06597603959093523,104.14873945956299,105.28872253492955,0.998604346190941,0.005518854174891946,0.006970701856784807
"surf[2, 6]",-0.07371594704068532,0.04587925970019976,-0.15223377305626448,-0.007133266899280023,153.34818154244056,90.80079739388343,1.060340400409162,0.0037297049136558527,0.005711522059807067
"surf[2, 7]",0.003671559672728269,0.04814107139942744,-0.07877451428874409,0.07428424849260805,159.8080617379612,70.82666056585069,1.0031628480731953,0.003738487693761569,0.0038796002713325055
"surf[2, 8]",0.003281564025279464,0.07480456738303339,-0.11338210769601466,0.12828933081463892,107.51692579546528,50.52645972924928,0.983104527502583,0.007206337047101102,0.007407079038563558
"surf[2, 9]",-0.0035586353757548943,0.037667637418961196,-0.06153078970133533,0.05288910108247836,99.61063974655485,71.94383552383799,1.0432413165921561,0.003750970774475228,0.005301158197670781
"surf[2, 10]",0.019794681014079215,0.059577669216556196,-0.09938075066276736,0.10366130413354699,108.40747076082978,87.83863023337632,0.991431036514704,0.005764585109545268,0.004185738210287299
"surf[2, 11]",-0.00035207064373883303,0.0735900387168495,-0.11195488197685927,0.11348732638692208,50.578998881085596,40.87075770173525,1.0209705900466726,0.010176476875753395,0.006152585996362062
"surf[2, 12]",-0.003949104597085869,0.059733583981904016,-0.09485956448831835,0.08834605366261743,153.77106101086665,70.92131066389959,1.0300454388759768,0.004789907937180577,0.005354518471978613
"surf[2, 13]",-0.005944170521071502,0.05722265794706013,-0.09836944467601966,0.08627126004208963,103.62869830151739,85.20782953871426,1.0460179847823292,0.005346616614486663,0.004862993882927092
"surf[2, 14]",0.009378945838698988,0.055980051366040964,-0.07878654769019533,0.10008259842266928,124.4817939796627,89.28895942622455,1.028395267144789,0.005050822199261688,0.0033881418760063125
"surf[2, 15]",-0.002379022643494391,0.055316466553540014,-0.08477779193794585,0.09267682640272742,110.67880199669979,92.98745867925005,1.0006148612693475,0.005258128209903027,0.0049328348903702225
"surf[2, 16]",-0.0012459739604283814,0.06982323470099837,-0.10815913603123603,0.10628304668688893,98.7096033454442,53.613692778387104,1.050770857999164,0.007077862099093026,0.010083161893480207
"surf[2, 17]",-0.0028154809852625707,0.056025612498641277,-0.08611099348893754,0.08253843723698412,118.58517017261316,89.8371018721128,0.995221905678019,0.00495021835460877,0.006267335069510406
"surf[2, 18]",-0.003733360615484139,0.06519466207183365,-0.12045572419808691,0.09653897569415065,158.43518548926863,54.143228826000325,1.0088908443319586,0.005043572238713028,0.006914723089187222
"surf[2, 19]",0.05779652268574589,0.04337179339448541,-0.015802293041327353,0.11814035058233784,119.11283792760169,46.82713347921224,1.001620079913084,0.004175298544724448,0.0033954306050552755
"surf[2, 20]",0.021066088753233268,0.043178031729202496,-0.04367466220731333,0.09100986826789191,86.6860456114467,89.66499324193856,1.021082978187535,0.004712605892718436,0.003533611758443936
"surf[2, 21]",-0.02161660201093624,0.057955225642970815,-0.12010615256839914,0.06394699332183545,134.09531255900666,96.39968692929816,1.005446996839513,0.005143521108532479,0.004249483321952917
"surf[2, 22]",-0.01875501437271569,0.06373997488998377,-0.09797321846359827,0.07469391464284708,107.13857864389273,102.2246485601201,1.0048639429092738,0.006161292678276949,0.007127057490183984
"surf[2, 23]",0.011833670599803668,0.07289266107468136,-0.09624430634626588,0.12842444364989675,113.0296008410436,80.41101361050846,1.0166514559075375,0.006923123335112047,0.005309562008271903
"surf[2, 24]",-0.017804943687916505,0.061802032494030004,-0.1152229625013497,0.0854753503674507,124.4564265593753,88.62084552613419,0.9857785033795043,0.0055306610381604055,0.004985482864724092
"surf[2, 25]",-0.04055955110760308,0.05709054164104136,-0.1403417716264544,0.05867425301872847,98.34385119517133,71.80082166768109,1.0484975594117658,0.005631665984070031,0.004252351518857514
"surf[2, 26]",0.004576847393445968,0.041855959526233937,-0.059746390619853894,0.07532007971884054,200.0,142.66909288009597,0.9945110217017279,0.002974573518248171,0.0034169932805800983
"surf[2, 27]",0.00021013905293221238,0.06999225757087589,-0.11275688765081407,0.11905276680670684,107.90697503778439,75.3799026968587,1.1656507519055919,0.006648264078244023,0.010303285834913694
"surf[2, 28]",-0.017673701677413275,0.0647632762935768,-0.11770942525276343,0.0857867434179924,95.55815256127241,75.90959764872795,1.0267660839658788,0.006680749730741443,0.0035635098258690705
"surf[2, 29]",-0.0023174952694334223,0.061874741351738115,-0.10728450918562195,0.0922948397323,118.00912884019462,90.71937147066038,0.9963350983509622,0.005922896847345882,0.0055745542579119615
"surf[2, 30]",0.0008666955223346929,0.07573425254192206,-0.10763829882989136,0.1128116267131017,103.39156818819548,46.159963221132934,1.0245352982087295,0.007803311638312364,0.011992759058395822
"surf[2, 31]",0.03924919317687972,0.04607026545967488,-0.0259509469384282,0.11489345474774991,113.44211408597825,106.28632410839182,0.9929978164100578,0.004300320605916781,0.0027734545904375017
"surf[2, 32]",-0.056286459438527184,0.06557815457200411,-0.15915383635400507,0.06729188164110009,116.58354050050991,89.32819488057856,1.0231677703282926,0.006134559288413655,0.005314046136416079
"surf[2, 33]",0.021592835267395687,0.04931674154991082,-0.05551545879068836,0.11064305044873578,130.98417507300718,75.82734696383618,1.0083154075352367,0.004321265315015339,0.004323122453553507
"surf[2, 34]",0.048847060104893994,0.03762617151770758,-0.02158973899606432,0.10560814435273616,200.0,140.17630812303733,1.0103674691726694,0.0026739755737647734,0.002500578809635432
"surf[2, 35]",0.07544519832976654,0.03471939488603401,0.020801997295447197,0.13672919248118542,166.1008276512176,101.11870219657581,0.9961289528986683,0.0027527550241498587,0.002041895521589148
"surf[2, 36]",-0.0006581828317865729,0.05897739636983732,-0.0885261923128871,0.09141445532950898,149.7425281283377,95.40240244106548,1.0320821215696756,0.004976197089097087,0.004931073075693927
"surf[2, 37]",-0.01434346486095581,0.05809545052605725,-0.10126536817960931,0.06885540482460147,97.94167049639954,90.27326955818768,1.007057962469136,0.0057009585208711855,0.005597479727412665
"surf[2, 38]",-0.02869320550513237,0.06876357983368656,-0.13937603607023397,0.07181333761674479,100.30190754006257,73.72201936815364,1.0103471467127216,0.007139412927695441,0.004243930193735435
"surf[2, 39]",-0.01466080270398098,0.07341959922429099,-0.13071443191826884,0.10534172675624266,121.20873050422327,49.507533755136535,1.0776118870675047,0.006670808670231667,0.006752709313370459
"surf[2, 40]",-0.0056928290972761445,0.04761107516127208,-0.0815468701333268,0.06362455989492223,187.31907878872153,88.80695031871696,1.0039756014295511,0.0034493932042842733,0.0034574865960263186
"surf[2, 41]",-0.060859391593187075,0.0666558888081317,-0.17344732823798187,0.04016508959649477,104.30213132614792,87.83863023337632,1.0022524317414578,0.006401497926142689,0.0038926456787797816
"surf[2, 42]",-0.009991835425538135,0.06958154777987409,-0.12326587743466631,0.11564945024083541,161.9369466899694,90.25447598520658,0.9872280646093171,0.005562138649053383,0.005480209369812695
"surf[2, 43]",-0.006199293540618058,0.07180406082931308,-0.11138448852429848,0.09537465598457485,111.91952976634421,53.80360606278276,1.0003132302598037,0.007129662776995442,0.012305468955117603
"surf[2, 44]",-0.01936472764628117,0.06179676596709679,-0.12203505810482382,0.0772601971062486,89.90256071734692,104.4670624823296,0.9996361014582198,0.006556179962223064,0.005048196336838256
"surf[2, 45]",-0.00976942706324401,0.06627465683562525,-0.10795796565529162,0.09322954760034714,80.26265155174909,91.65597552551068,0.9918655123728285,0.0074863286981439025,0.004706467656635653
"surf[2, 46]",0.011988428559217017,0.061651738895689,-0.08747454503356371,0.12360745135941215,98.34046702186615,52.18421235978542,1.020610221149334,0.00688133994379414,0.006159324321003409
"surf[2, 47]",-0.0015711318767326734,0.07791716107074091,-0.1247962785079046,0.13181693267305306,186.82407364762832,50.93595661359996,1.1353811152652464,0.005594511635267168,0.013043405757841702
"surf[2, 48]",0.024862300634986734,0.0451550103293011,-0.0521155824615354,0.10114711687525169,159.75486375833168,74.57235039873379,1.0029927881455767,0.0036048783280991175,0.0036897128931628084
"surf[2, 49]",-0.012650218586658062,0.060180743218940576,-0.1087430249982264,0.06818806766390734,127.82155309385456,88.22695705579439,0.9939520557491808,0.005381896031728593,0.005683865176384318
"surf[2, 50]",0.006896137493982311,0.0396653899449711,-0.05110469198834722,0.07916049487463563,122.24652942527332,80.19681768803123,1.0093272433482239,0.003679571131077233,0.0031288512205961735
"surf[2, 51]",0.017752986104714666,0.042427940251421256,-0.04764261171046734,0.08864378942060197,144.13848091984764,64.17121536654459,1.0078608903476087,0.0036457568250869246,0.003224557113295984
"surf[2, 52]",0.011909440037213625,0.04400653572837188,-0.06958093142806271,0.08317653908346684,155.669818416494,94.54850860225999,1.0031957090687278,0.003590825422084807,0.00309561498490848
"surf[2, 53]",-0.013043217346074783,0.0708490412942674,-0.12214437850687558,0.08668431469522439,85.09646182816452,75.00201889687473,1.002385251048045,0.007869738912152528,0.0054988303408352425
"surf[2, 54]",0.04170106537305533,0.04866953968797738,-0.030949956845436204,0.1129072963195533,154.54694797361807,87.32434417877197,0.9985252806390518,0.0040732232294495305,0.003801507308733636
"surf[2, 55]",-0.011648313369158357,0.05609315593754957,-0.09481583860782307,0.08577035653270502,110.10367870954225,79.39391348948534,0.9972574201183305,0.0054324085911995066,0.00417882441197621
"surf[2, 56]",-0.008889804482343807,0.07097933517608726,-0.14032279211298695,0.08932759269374199,83.61128316756752,66.89836490672043,1.0133689668713377,0.007989767726875905,0.006083357519907694
"surf[2, 57]",0.006031039824668103,0.054207022710887856,-0.08447606984616306,0.08826861563985355,116.6502801309929,63.67152633144898,1.0673998245725875,0.005193715864893272,0.005583653067833789
"surf[2, 58]",-0.009809199034320495,0.06310089561418536,-0.10508872578748145,0.11064359213955816,82.17256959991705,89.42579228114215,1.0269166039998017,0.00698594768016628,0.005502546336898954
"surf[2, 59]",-0.08136144614238645,0.055187179380179086,-0.17479537090279232,0.005089022576597492,121.76312542927809,92.09316198951058,0.9889491728628573,0.0051041203542435114,0.004328568229816653
"surf[2, 60]",0.01627798593039466,0.05532766372999853,-0.07447020776935126,0.09842010064117195,127.57102845994766,122.02390807642632,1.0092371144532322,0.005021569464272749,0.00327894284175238
"surf[2, 61]",-0.00950648482793721,0.07080834490049283,-0.12122276154689207,0.10185023198865083,92.76378246829255,76.79812476868037,1.0542266755084821,0.007121219979060548,0.005123409685285922
"surf[2, 62]",-0.0033645057120204615,0.036087542950001425,-0.06517827898318161,0.05433502218554407,200.0,131.56493022264846,0.9963341703370682,0.002564630002818054,0.0026013869905219126
"surf[2, 63]",-0.004625097942961534,0.06793580767177355,-0.10788856356643489,0.11046252530825836,149.622766672838,63.238062639055244,1.007338880887549,0.0055152910986205434,0.007509837434798668
"surf[2, 64]",-0.01121748951436517,0.060271808301403725,-0.09667173887289274,0.09184848943066014,81.62658171054892,85.58532822944638,1.0097600585728665,0.006829787143354789,0.003708518841246455
"surf[2, 65]",-0.0041351126093246,0.04833901170847652,-0.09247862399125334,0.06855234870861818,127.15507869883446,84.62863098744734,0.9856410580835958,0.004266290643505084,0.0034125828602837357
"surf[2, 66]",0.005342818709813339,0.08084744138721822,-0.12179981931502423,0.13684766889838149,110.38892909181912,50.06568188520416,0.984537963413676,0.007775282930096463,0.008935721759864653
"surf[2, 67]",-0.015200269530436279,0.056751341129165814,-0.10305400222317788,0.06627158320462535,112.91539262463851,64.06100723351989,1.018261334462675,0.0052432484807243525,0.0038960554573345195
"surf[2, 68]",-0.001922491272381602,0.05390730159857995,-0.08151811210398081,0.07922279179069834,127.77062860639825,87.83863023337632,1.0099390994898159,0.004920735657822939,0.004961094269077128
"surf[2, 69]",0.03650264445191143,0.060283030125925924,-0.05094649446665097,0.13866673089334472,91.75288818974822,89.57713788351347,1.0195244293953776,0.006445749232747688,0.003432049001897457
"surf[2, 70]",0.002140423305351557,0.07223616110285914,-0.10785672283365987,0.11174315914770729,71.26703657024673,33.08199895203331,1.031030667256915,0.008663073959174396,0.010352587838289965
"surf[2, 71]",-0.0035162078611020303,0.058948459555416104,-0.08592159120581057,0.0918750942114436,113.9155870945325,85.8863517120241,1.0354794952111184,0.0059066654098631835,0.005325106569621389
"surf[2, 72]",-0.008597972821815961,0.06259649694417743,-0.1064579355128659,0.10126878944228145,99.59159371126287,54.65770703173981,1.0030747387034291,0.005933867579609943,0.009283912629626493
"surf[2, 73]",-0.0352681965151003,0.06083750217992838,-0.1291945819240112,0.06492806768552438,192.7430557470023,55.66153020774343,1.0437081269813027,0.004408045121941997,0.0075650809394822395
"surf[2, 74]",0.01187711504143178,0.07646994898405944,-0.09774826295318863,0.13845866989679234,79.92046280209449,34.812921217755026,1.0288157446236144,0.00846645959900256,0.010196705960526159
"surf[2, 75]",-0.017156997214154212,0.054757949937405286,-0.11330141377613591,0.07079841688406543,112.98800492282392,115.46437099409329,1.0054443160911073,0.005190284738220805,0.002844070830983473
"surf[2, 76]",0.03346851965673103,0.045392021056712695,-0.05276470772522413,0.10316946717905565,131.35734196084178,73.66354695431473,0.9942505139358737,0.004272077792688006,0.0037566078382105217
"surf[2, 77]",0.0018585953526485538,0.06488311912717888,-0.08229434011386055,0.1011091280657706,96.03255020747257,49.907943187795915,1.0116477531055348,0.0060944880268872376,0.008097415269826077
"surf[2, 78]",0.0002477057248575967,0.052517966271561085,-0.07894602647945677,0.08845061097123871,115.79632544794894,89.42579228114215,1.02505090028361,0.004886888987375409,0.0050311456166907
"surf[2, 79]",-0.002000172696029949,0.06617957882522238,-0.11279223657971751,0.10793187198450939,125.3163115274545,76.72447896062795,1.063330403622771,0.006198517297796637,0.005756240101716454
"surf[2, 80]",-0.012981793447431198,0.04673685741479589,-0.07855890138000199,0.05532578554595187,135.74716900229646,105.1449427949742,1.0606976071164447,0.004071756292500545,0.005205000174520301
"surf[2, 81]",-0.03125632796192354,0.06938699834252306,-0.13720809615298735,0.0687227886695829,85.11920237597691,75.05586024781636,1.024983020351558,0.0075647539066012225,0.006034288368029183
"surf[2, 82]",-0.023252228631651398,0.06406550154502569,-0.12301930135097665,0.060993848993867505,54.949710692977945,75.490137417978,1.040784864902331,0.00815295445021561,0.006226722285923314
"surf[2, 83]",0.006478356076099968,0.06050071487535112,-0.08383029547521442,0.1144369391889969,97.14570296463141,65.60392397302269,1.0187087405931028,0.006066627271743046,0.004491997211087243
"surf[2, 84]",0.024449111788817018,0.046914969216210224,-0.042272320891179486,0.1006279699837787,200.0,47.35520843898974,1.01454789190278,0.0033637642164939616,0.004057698032892815
"surf[2, 85]",0.029022302021527425,0.04452877819063658,-0.04449211356900699,0.09482368127895385,170.38441500910992,92.27547123321425,1.0138186006499872,0.003367034318032678,0.0038884329233162024
"surf[2, 86]",-0.0017351091271486014,0.06661498350860473,-0.11186749581924652,0.09375713870082528,101.38678289942575,61.595794886816726,1.0605406915060525,0.006146450454308179,0.005686998090220801
"surf[2, 87]",0.03464555348437812,0.04466078671096937,-0.03932445663477895,0.10734426870290929,162.5073295566598,95.09509509509512,1.0186804074272806,0.00340981927960237,0.004600600474616399
"surf[2, 88]",-0.009131576215288649,0.06746456349040657,-0.1064679096746247,0.09690666488010051,150.0488045177485,77.18864327304583,1.0280029485281446,0.005481264865649998,0.00810697099057588
"surf[2, 89]",0.05972401770504864,0.03834651008012546,0.000659501198553553,0.12447615276164997,187.96377995978725,92.98745867925005,0.9847170425497521,0.002725167806273462,0.003128843284075778
"surf[2, 90]",-0.037463546082809586,0.04790570566251134,-0.12169067461761311,0.038120925909939145,133.94743601235885,78.48978470769687,0.9982038069719831,0.004207286192480128,0.003787374905541111
"surf[2, 91]",-0.01950890845148891,0.06332330850505279,-0.10769906822149652,0.0834132474702132,119.47968605425199,112.4666989585856,0.9995344886886188,0.00584461083626214,0.003837252449132481
"surf[2, 92]",0.001230063173605857,0.05682852685900402,-0.08011895665436551,0.0870299358899903,90.22393841842093,44.24830625688626,1.0975843851190008,0.005999705438773662,0.005948459647742858
"surf[2, 93]",0.011051024450088893,0.05581111263217701,-0.08006238725713576,0.08652266209559437,103.17737654967581,74.80163937735963,1.0189908962798817,0.005564170969874016,0.004994554765685537
"surf[2, 94]",-0.03021795322536812,0.06618043944654227,-0.1301569618627215,0.07941960699017651,147.50728453185306,74.31495478603938,0.996419249593086,0.005472956744571365,0.004723827025242214
"surf[2, 95]",-0.03634191114984947,0.05832840225704698,-0.1303097741778814,0.046451389174742924,112.32398458583373,65.32451817687597,0.9902937569994139,0.005378232660985277,0.003895499062271141
"surf[2, 96]",-0.026408156315245998,0.07585870385264765,-0.1442975078907497,0.09538737918503028,95.22477757918709,49.25236096537253,1.0610184681748782,0.008001445203910535,0.011567665352231145
"surf[2, 97]",-0.011762230683743425,0.06312224576046387,-0.1036280857224749,0.09146997028462839,115.47536845810569,92.98745867925005,1.0039464657204242,0.005743156056701474,0.004127471424437554
"surf[2, 98]",-0.037733852590750114,0.06769308673939144,-0.1322027758735825,0.08917866145221647,128.68718212386852,86.53219044069692,1.0151949814552317,0.0066114805139004685,0.007176782109612817
"surf[2, 99]",-0.00978393927179902,0.04287036787585251,-0.08111554186121626,0.059678870787873886,178.1718089714034,77.72505930827815,1.0090096010130938,0.0032444073394998995,0.0029106111029767756
"surf[2, 100]",-0.007031655457799955,0.06085018460095471,-0.11771945323328421,0.09710006976872933,151.40654054025802,92.09316198951058,0.9967078351385587,0.004855358483907632,0.004149028622001426
"surf[2, 101]",0.005847680496139465,0.059332918722471234,-0.09436343146791658,0.09370753137934829,148.60341217073355,105.46241211465659,1.0405755281268823,0.00486602258852359,0.004266683380425876
"surf[2, 102]",-0.0032185383191704383,0.06564908313691309,-0.10732425054845922,0.10202213868246017,144.21519287081887,73.38466036448693,1.0205335822581598,0.005788294985823685,0.005982119544463704
"surf[2, 103]",0.055352074244700275,0.04162037929126237,-0.007491533153867778,0.12223910542379934,115.2934346071671,89.6649932419386,1.0131415104983568,0.004248131119903248,0.004355244021163607
"surf[2, 104]",0.021458763025636714,0.04548518650177572,-0.04400818781503785,0.09837876033940063,81.85606166257017,102.2246485601201,1.0350713718765856,0.00499702692857581,0.002658087846290103
"surf[2, 105]",0.03376619018814768,0.05284357204475161,-0.0454693853763435,0.11468725441855263,133.18684918772587,110.86108610861083,1.0148338577292324,0.004499823669197929,0.0037522113337701037
"surf[2, 106]",0.015610976916166608,0.04600419840407664,-0.06443049024428425,0.07596967180090464,103.18384276363838,66.35952866129175,1.0212191111076603,0.004612767703860657,0.0034327199364136756
"surf[2, 107]",0.007804318494235737,0.04160964526037404,-0.05369010052946923,0.06456429901351925,164.02539274167745,75.98380103084351,1.0082379905278158,0.003060216319448046,0.002878077506460601
"surf[2, 108]",0.006721747634475177,0.05829346307525494,-0.0807097517076193,0.1049588559361997,76.33234044638793,44.42514927325928,1.0744353665882647,0.00629991184098329,0.005766968372504367
"surf[2, 109]",-0.02022985974021472,0.06487593917637392,-0.11249103155295724,0.07459424824711795,73.7612798940305,31.40124452638861,1.034420107005251,0.007601434892524,0.004756697589380451
"surf[2, 110]",0.004960863147009626,0.061048045879693015,-0.10989193508281067,0.10200990054675194,116.07272336014094,43.34167199953458,1.0228403534632935,0.005584961879921747,0.005962371526662679
"surf[2, 111]",0.0008028777682521017,0.06463830831261111,-0.08758733673874286,0.1211587304593411,142.19719169772284,58.992222689795966,1.1038160965378772,0.005447659817604642,0.01326356739829263
"surf[2, 112]",0.006806192379282675,0.059933805201286675,-0.0845414613545895,0.10938348957054264,121.25056437779831,78.99045310539849,1.0186551638245542,0.005639916069310459,0.004966495968045675
"surf[2, 113]",-0.007017034527045549,0.05913201469363454,-0.08849409237921786,0.10568611492772147,200.0,75.51384249677245,0.9923723535713278,0.004202329297411121,0.006642351901378764
"surf[2, 114]",-0.0034163851826997955,0.06189006358476021,-0.10623104692548187,0.08047778746925642,121.92547487577507,73.39288157457541,1.017664585450804,0.00563130803420254,0.003788467106159676
"surf[2, 115]",0.0458905077026228,0.04383041101351761,-0.0275110852624324,0.11420916735088328,194.85913438429583,110.00328368010986,1.0038905736431465,0.0031148916754142634,0.00455739022515781
"surf[2, 116]",0.015106042321670936,0.05122915616389217,-0.04677808860695207,0.09378268218806626,101.8272258327976,92.09316198951058,1.0084804842901036,0.004950224979780402,0.00355774364756002
"surf[2, 117]",-0.0019283261684680008,0.059153717017796974,-0.09585681857590864,0.08913803620443457,84.18340289472782,75.06718664753784,1.0258842547996876,0.006822468837806726,0.006026461282441177
"surf[2, 118]",-0.0394193509497429,0.07106290136571586,-0.13910770845569817,0.08947690913617105,83.548415154873,66.18372814438804,1.0107116645240923,0.007417182560511301,0.004555427150016402
"surf[2, 119]",-0.06572517061995786,0.046182898354063355,-0.13402877788609813,0.014994483310648102,87.33086452892474,85.24884379098505,1.0250420988298778,0.004288749245931142,0.003890686416833276
"surf[2, 120]",-0.018472647539658108,0.06778153891366544,-0.1278272463316578,0.09145325710149657,136.62785030955447,79.43466733471124,1.1274472982031485,0.005583761058091745,0.011197678703731059
"surf[2, 121]",0.008623246998846644,0.06769457642903565,-0.09115710446788287,0.10336239484998762,36.062296717928696,36.905641783690555,1.0431500983184043,0.012112304326292515,0.007436812556856709
"surf[2, 122]",-0.08681746172455483,0.05533323748807824,-0.1773455345713091,-0.0002921505473833164,70.95451855532335,38.18099501987021,1.046616880812882,0.005896707572089625,0.007421378528287497
"surf[2, 123]",-0.025987317847157326,0.037662303906230175,-0.08183949277460348,0.036238262986005736,67.20143664085207,89.16339931031223,1.0307842410657886,0.0046766047691615175,0.0025987010777647054
"surf[2, 124]",-0.0013878891306648236,0.07086593633957923,-0.11168670420944235,0.12218041415578573,110.47103344285834,36.7052801724138,1.0820576741677868,0.0068929800743031625,0.012052809744060705
"surf[2, 125]",-0.03975558320428138,0.06324072161818464,-0.1456564453338715,0.05337530115696715,159.77932807683433,77.069497031014,1.0041502451705846,0.005011053066147663,0.005482854460865553
"surf[2, 126]",-0.008007639944212585,0.06449478119142721,-0.10637645763329406,0.09256175886860843,111.15396581726117,60.09267303793803,1.0015447712628818,0.006189860808214858,0.006177616852556542
"surf[2, 127]",0.021022205210112527,0.041107951061185526,-0.04199178315255403,0.09124923061133138,112.748593362145,113.19544163025876,1.0549342103138402,0.003978483209283994,0.004098803504470262
"surf[2, 128]",0.02174699529209404,0.06678365347912098,-0.0873938484958389,0.12358307122439198,101.88445040060115,90.92254928569666,1.0035803553670424,0.006622294048000988,0.0044724390558509635
"surf[2, 129]",0.00044527478637903617,0.055059834531661245,-0.07862770163691679,0.08598315906899351,110.92744418090203,92.98745867925005,0.9889595238811689,0.005291550893041908,0.0036725247084090913
"surf[2, 130]",-0.026398868249139187,0.06390762755137201,-0.12053083235492819,0.06814416531021697,56.50954687595422,100.70397651599592,1.0309095468537521,0.009996303887374929,0.00514891441838171
"surf[2, 131]",-0.11396129960871387,0.04751089290040695,-0.18918046733455943,-0.040650713021015215,111.01074468525363,107.0083984940631,0.9936184387313811,0.0044372591220668296,0.003158407117470954
"surf[2, 132]",0.04114732646226888,0.04855294236047095,-0.03744273399196469,0.11211310275985648,144.76979755763776,111.45445817832712,0.9922938455166191,0.004047447973390118,0.002729861387858274
"surf[2, 133]",-0.0019389991119998032,0.054447424565462706,-0.09362667867899209,0.07424947291697914,94.3960314943264,72.37600359438186,0.9935085995104967,0.005462409228511087,0.004903069681447029
"surf[2, 134]",-0.0001666733210113809,0.04294596883694226,-0.063735749920391,0.06654864376375542,200.0,110.59257814258486,1.037427456935338,0.003052037106873937,0.0030441884697942814
"surf[2, 135]",0.048053189624014496,0.05767650677260236,-0.04671828216844281,0.12375833392051551,173.52913209038607,133.19231320808828,1.0091665192555386,0.004525764909632508,0.004938866100951121
"surf[2, 136]",0.0322972818489077,0.06293253052809733,-0.056524873971152946,0.14106005838138713,77.34300886506958,53.62218968042037,1.0196532821547606,0.007864980679166711,0.005148538921669728
"surf[2, 137]",-0.00719461861053149,0.05434862681687901,-0.08690573681262023,0.07563881105288424,146.86560125047464,142.28743998761044,0.984710474994901,0.004487943503853332,0.0034105600308993625
"surf[2, 138]",-0.025119401291460938,0.06422290379393279,-0.12967660018993948,0.07684002962854279,49.93586464618909,59.063168491254594,1.035729748413179,0.009080609741987487,0.004572529111183783
"surf[2, 139]",0.014427770849950148,0.06442677562904468,-0.09747044275129042,0.12001090339407798,151.77264212620295,102.37351827802487,1.0012758585030028,0.005384755731033081,0.006170356271558923
"surf[2, 140]",0.00773457590048103,0.07063492236743539,-0.10478517069921821,0.1139818381630655,193.9247108884466,88.94735571700981,1.0089621740003902,0.0050556468306589275,0.005910833518551452
"surf[2, 141]",0.048211267964232786,0.03841328210090929,-0.016204245745671964,0.11203688834470142,107.63931640804712,110.59257814258487,0.9892750243673638,0.003469086475893479,0.0030879910356648296
"surf[2, 142]",-0.005460454860374056,0.07153154879387189,-0.11925505936125298,0.0971678824916898,90.74112409653186,66.39626135261445,1.0570999126242482,0.007569093895380778,0.010050326632629003
"surf[2, 143]",-0.02597757950171501,0.06294541950479171,-0.12926002025561797,0.08111802491850924,79.27873212784158,84.77645727221271,1.0207312620215974,0.007089356391205274,0.005131459094036566
"surf[2, 144]",0.012956198186814481,0.07330557145904576,-0.10150226331660885,0.1252878008065356,106.07891776711713,81.5797921209639,0.986329205956911,0.00710766105348582,0.006533709370150824
"surf[2, 145]",0.016099585086519305,0.054206491987872904,-0.07148474148485265,0.09630781216383799,182.7709766909548,72.30804971541414,1.0078532887069163,0.004105461724100225,0.005423854516060468
"surf[2, 146]",0.03210815841916139,0.04789186635397196,-0.03774058212585045,0.11778072911583379,96.91792661231212,64.4254320902474,1.023722419325193,0.004812971834967737,0.0037102170795528396
"surf[2, 147]",-0.004484898636392683,0.04416152202741096,-0.07183985074563415,0.06581259309306312,153.44251412010712,92.53693964437764,0.9917538202129057,0.0035409037963282783,0.0033127023442762198
"surf[2, 148]",-0.004190122050294334,0.07166133840782543,-0.11659711898863302,0.11578355893831363,71.89720835589658,66.14086312491095,1.0271657631690203,0.008604447422186903,0.007251097108969264
"surf[2, 149]",-0.029739789180756614,0.06362346126679873,-0.14473369497457647,0.0767476995518402,139.4602337034421,69.82529541471138,1.0166510658650292,0.005476658695352221,0.006089068227495851
"surf[2, 150]",-0.023909755799573086,0.04562597945707738,-0.09694076617524228,0.040477712761723406,89.4591847617909,83.12449655419317,1.0078085404383264,0.0047745556437686475,0.003062385235468747
"surf[2, 151]",0.00019540946932307423,0.03635783889870892,-0.05467817558434456,0.04943750138879673,117.26330540492145,78.1806003265375,1.0228675591875493,0.003514809526173243,0.004943138266960524
"surf[2, 152]",-0.021162127670865446,0.06196173757583931,-0.12483769087846186,0.08611210212244155,138.41373692821074,67.64181362924003,1.0649169701134877,0.005414505707603097,0.006483114188800889
"surf[2, 153]",-0.07667254406965818,0.05799612734254139,-0.16110731140989817,0.014931625867933743,104.61022548792624,94.47915338518432,1.0086801312403737,0.005738268408360185,0.003518781096738323
"surf[2, 154]",0.0007103381410682397,0.07550811827025074,-0.14372469682178773,0.11448244124702238,113.23953220697513,52.27139138466707,1.0434615331969843,0.00776783531729664,0.008710145163217112
"surf[2, 155]",0.02360263097741861,0.05413609625676656,-0.06123636317460263,0.11405812293722215,175.04617439450092,96.60776473623112,1.015282968034342,0.004137996980638117,0.0035638818334411343
"surf[2, 156]",-0.002695102878429203,0.044738104475508765,-0.07103653763094564,0.06286286631449994,159.1704566027933,96.58246656760772,0.9990159533805697,0.003633763292863832,0.0033190824095184032
"surf[2, 157]",-0.01695926348595227,0.06833362986065826,-0.12178149520564392,0.09052635203047539,150.66888366009874,90.05651076109157,1.0577590760521405,0.005421326250283292,0.005335511825161746
"surf[2, 158]",-0.011473114520099912,0.06152781838806981,-0.10442427856524275,0.08069532712232938,153.3534081320047,100.63832676897988,1.0198091616043807,0.00487588834627697,0.003704220753343205
"surf[2, 159]",-0.00922739089667123,0.07220122726922804,-0.12131540800044918,0.0996099563406811,66.07786327382713,41.486171276241265,1.0250769924248229,0.009171990284647371,0.006349788107945326
"surf[2, 160]",-0.08744962290260955,0.04993971245227497,-0.1650966453097874,-0.010457773128881697,105.88159067157322,74.97723363351209,1.0114583173704679,0.004828355102916619,0.0048011189325358845
"surf[2, 161]",-0.037627109966755806,0.0763239904886404,-0.15885779461759258,0.09494876379054903,98.4549735351121,64.14275788439052,1.0177768604999957,0.00756871902431297,0.005924050455200395
"surf[2, 162]",0.05518980507447088,0.04900278926511728,-0.015485480676800462,0.12969485589930893,127.1273416573646,81.04268463310163,1.0162320414262105,0.0043656848546013705,0.004977126591814072
"surf[2, 163]",0.011855272846911022,0.03946352468452922,-0.05366521656282153,0.07088534596518734,200.0,99.08780539848499,0.9886132053494187,0.002804550577552981,0.0031900323432974887
"surf[2, 164]",-0.01730061765318858,0.03922217267308,-0.07852569041239686,0.041297779156507584,141.24263778532662,111.15778104467314,1.0036907749043158,0.0032871941916692965,0.0031187866805093157
"surf[2, 165]",-0.007271906318471046,0.056466142511190406,-0.08936514368465305,0.07739067936002816,107.81066882874829,99.08780539848495,1.0006270556616923,0.005650901313884761,0.0033673290062707067
"surf[2, 166]",-0.014460798078957018,0.061231686817020584,-0.10556250166289899,0.09138723364655377,101.59212492836768,109.48367322881057,1.0335953769831372,0.006104434554056487,0.0039638666781392625
"surf[2, 167]",0.036487766923902286,0.03995450521223597,-0.03573645242961215,0.09416183891597703,118.25289143620522,67.8827102465833,1.032413313519545,0.003990298790292122,0.003614617514576401
"surf[2, 168]",-0.032668803642073654,0.050267686786636644,-0.11411962272013579,0.04404138871639342,87.65607877451917,90.382526849282,1.0043094677144666,0.005313239849879186,0.003295487233069146
"surf[2, 169]",-0.007576388438395626,0.07036719111981515,-0.13544108946636696,0.10209141666957025,109.41263109230414,58.096586536981775,1.0632622276796861,0.006597562165005111,0.007978889542279054
"surf[2, 170]",-0.05393903866572452,0.08230347347186337,-0.18324622532366203,0.08585925606835722,75.93772068413664,53.225148706987476,1.03060582842852,0.010121508802686092,0.008258256013784233
"surf[2, 171]",0.013877650161295187,0.042814501987872344,-0.047449161203894134,0.07904647985131744,110.72818527739051,98.07516040329963,1.0475275371106676,0.003998358916195026,0.0027047992737204156
"surf[2, 172]",-0.02774438508056406,0.0596287137611041,-0.13042948610345864,0.055361982216589604,105.68653281525903,88.385039969547,0.9951930326233934,0.005711121946411171,0.0035302381022664954
"surf[2, 173]",0.005038279916057629,0.06502756006033956,-0.09895007926107864,0.1023195785152149,70.87573762068837,75.00201889687473,1.031178622719901,0.007693962784570503,0.00594722072147025
"surf[2, 174]",-0.04264407566011136,0.056351500637945036,-0.13737678900161168,0.030643961638989595,122.43017420220748,64.41797791880379,1.01452317355665,0.005164330046274822,0.004264653618230176
"surf[2, 175]",-0.10472009762529463,0.07844276558094188,-0.22835773516613317,0.009698731048130274,139.56489873329446,70.82742316784869,1.0134454835801519,0.006415976233506148,0.007940083872350907
"surf[2, 176]",-0.0075260800925379566,0.04742445083546038,-0.08404092390633366,0.06561715337961543,118.85002074291677,76.2616280874577,0.9921241459188329,0.004400576365466709,0.0029638371592802986
"surf[2, 177]",0.09511157095465154,0.05464206198732931,0.007472547024342788,0.18415920321636775,161.71170707981176,90.5819127981908,1.0216298063477156,0.004291029883536544,0.004556782784464327
"surf[2, 178]",0.040692477699649274,0.05238649854613355,-0.039403186570022786,0.12934914760749086,117.54160940713055,112.16735793648391,1.008280173689192,0.004883577596010897,0.00394274256651409
"surf[2, 179]",-0.05631985308808742,0.052983896860079906,-0.14611581574238042,0.023184408114856732,200.0,58.5401596408082,1.0361952653081905,0.003765401588626937,0.004096017336968991
"surf[2, 180]",-0.03889611628928686,0.07380927728329334,-0.1539966718072321,0.07689190145490941,83.01331514052895,54.67746934077125,1.034823412707277,0.008249522047399458,0.008924291827095492
"surf[2, 181]",-0.08993234343830307,0.057336133851131815,-0.1768386399656135,-0.010034216074655839,155.251528613025,108.60915441068109,0.9866893844829787,0.004312399477355992,0.003556015402126689
"surf[2, 182]",0.031813028196820956,0.06070724577808751,-0.0654709098997546,0.1296469503143311,94.45490405332232,85.2861378544526,1.0102172131797107,0.006360716341607854,0.003844643562658759
"surf[2, 183]",0.008681864162942704,0.054285542347620765,-0.0769108932404301,0.0850597977578284,101.13884443224815,78.18964968490738,1.0235950940396614,0.005378154465938342,0.004034831610571998
"surf[2, 184]",0.06926217484346639,0.03972651757778515,0.010937753780697786,0.12637541180598982,133.68410335573338,92.53693964437764,1.0166610218793044,0.003536085510651497,0.003220613437740471
"surf[2, 185]",0.04297891106216379,0.044737654500868515,-0.034371433275862076,0.11159430800746813,182.96749370538475,110.35803742448799,1.0307400216361615,0.0033288715614096017,0.003723612417766299
"surf[2, 186]",-0.0819259986809933,0.06062890659302921,-0.179418253338246,0.02613036066312988,121.89546160702072,113.19544163025876,0.9992071150061911,0.005140969920750957,0.004621260404658238
"surf[2, 187]",0.029236592119730082,0.06429083954636329,-0.08166846065583362,0.13126639492582906,200.0,107.58137379821618,1.0370469195148857,0.004636238251568944,0.004889028947634644
"surf[2, 188]",0.011558770421283608,0.06061285633905373,-0.0854253185475683,0.0922985028930554,61.10734161264002,87.95864148775762,1.0337489495248866,0.008012771453279732,0.0036675853958159648
"surf[2, 189]",-0.03836431030964242,0.06633422876534946,-0.14131943516993736,0.06329462254441771,200.0,95.8330100100877,0.9892256707490356,0.0047141683638898145,0.005522972360371123
"surf[2, 190]",-0.0068314653441527715,0.03923022835564464,-0.06875477144926723,0.050944801251663493,105.65140443799868,89.42579228114215,1.0020678865513097,0.003833498814382114,0.00286696940176537
"surf[2, 191]",-0.012423738557139373,0.05314371188265166,-0.09566357431048125,0.06956519462441677,131.90109643497883,75.06718664753781,0.9997938388637652,0.00473854855457745,0.004693531833196237
"surf[2, 192]",0.018165424832465304,0.05248181472600065,-0.06844632221659527,0.0986463357195015,103.53500069835945,92.09316198951058,1.017141147753,0.0050641094515019615,0.004238393301036924
"surf[2, 193]",0.04182467629709191,0.04339235465261906,-0.03624665895153428,0.10224799183229229,113.57445279295086,67.31374134986966,1.071379991156411,0.00406634671859171,0.0032688580114711837
"surf[2, 194]",0.04474739075092919,0.054040324278078006,-0.03409731336684841,0.1250965756854686,91.08712425781417,91.65597552551068,0.9940045854580188,0.005618445289025599,0.003677412812682922
"surf[2, 195]",-0.0159549589318876,0.06093584636137541,-0.10129737567454672,0.07643298959762039,156.25038462251334,89.1058236592152,1.0145077562736162,0.004765173002343877,0.007323507134378425
"surf[2, 196]",0.0312626965199595,0.03675029505089743,-0.02628242647809016,0.09451676138393146,200.0,113.93771199506624,1.00985160009518,0.0026117297437104584,0.0028930033663245704
"surf[2, 197]",0.016636945748660772,0.07004020583107522,-0.10476250221260178,0.1445502514390592,120.20860246613235,86.22867246882684,1.0274674749274506,0.006392089522073277,0.007651416114012916
"surf[2, 198]",0.007836862344957164,0.0572173542843715,-0.0774947844328948,0.0931323038237109,180.66913648634704,88.62084552613419,1.0308532253645837,0.004146975885627465,0.0050163851281230755
"surf[2, 199]",-0.07706632839085514,0.0528729310682315,-0.16351963606909603,0.005845832661370518,92.02132705583902,57.378560235966454,1.0094407588608936,0.005477048368415297,0.003632668015603646
"surf[2, 200]",0.013383297433305512,0.039870430353544574,-0.05519992870229839,0.07314804746923168,149.87107302394574,91.60058664147752,1.0306444144148375,0.0033023995521820016,0.002397503549718338
"surf[2, 201]",0.04954599409040812,0.0633284595973155,-0.052855458085867967,0.14722374884040496,101.7133000536734,135.97010507621727,1.0087569617254302,0.006394810924741869,0.003778130250650061
"surf[2, 202]",-0.021222872528567166,0.0765547605026578,-0.14840940473784628,0.08692492178502534,57.34683096258064,58.383093131584644,1.043225733856124,0.010542880715271256,0.006446262506783488
"surf[2, 203]",0.01445515364354925,0.06555082307037141,-0.09786400782012968,0.11954997845279215,114.74333899000162,84.75727056693447,1.0184226343234468,0.006206085218178894,0.00503945549674564
"surf[2, 204]",-0.0028102975583703875,0.053484437014111166,-0.07374359379123688,0.08109374048211009,60.779648550526026,46.50397386513239,1.0447654157235244,0.007098001776734025,0.00542825994595536
"surf[2, 205]",-0.00356192631334749,0.04886518945042804,-0.08412088949184438,0.07451380286034041,200.0,137.86524000149643,0.9926869887123211,0.003472697798561291,0.0033872103594548898
"surf[2, 206]",0.008214145819720534,0.06830120495465897,-0.093499576940835,0.12118383817584136,139.69072185681034,61.93850333011504,1.0431189560080445,0.005611009177905226,0.007224373933262753
"surf[2, 207]",0.0034768390899833712,0.06023965418262818,-0.08821789501035544,0.11070757748489286,77.6980180176246,63.54752139348832,1.0379765551890316,0.006761115333352091,0.008502082593098653
"surf[2, 208]",0.0040459198160472856,0.0705137931425476,-0.10400813483983005,0.11617753177928508,91.68417641412898,91.60058664147752,0.9920064616280373,0.007359772451568842,0.004544079292371351
"surf[2, 209]",0.011378440308331478,0.0500598854458496,-0.058715024384484116,0.09634833692604707,164.23639554437833,68.07645086217957,1.0125570167825242,0.0037775613965567545,0.005070917987207247
"surf[2, 210]",-0.004746807789935346,0.05007932745548945,-0.07864935045297362,0.08147077264142268,144.39826896528842,93.21991368061828,1.0062656743626022,0.004191596968808145,0.006548930148458109
"surf[2, 211]",-0.007040151382843277,0.06271893954056443,-0.0923018018180198,0.10011572446018896,145.84872488928312,103.69815092453774,1.0009281773176124,0.005323694379493651,0.004538893879833104
"surf[2, 212]",0.03303456286189772,0.039158479161804705,-0.031672352674300026,0.09720404015949392,200.0,107.58137379821618,1.0059935683975203,0.002782871936231002,0.0030057800296517927
"surf[2, 213]",-0.00020034943965501956,0.05023101761810389,-0.07773608589651046,0.08235038331001204,127.76281179016577,92.00099058940066,1.0196222943858495,0.004401685270395128,0.0040352976774129775
"surf[2, 214]",0.00696677353796847,0.06385787872142785,-0.08690980141251337,0.09819947095642664,100.30213470544473,64.80999479437793,1.032355154410496,0.006537033964655099,0.007275716496495163
"surf[2, 215]",-0.015586236194213064,0.06074405191949517,-0.10315203240013295,0.08913126210001815,109.26022564362692,62.29679084659105,0.9925851356231625,0.005908630239031921,0.006154761026007761
"surf[2, 216]",-0.04233522096446925,0.06868001012309514,-0.15585741543210915,0.06848818217232414,176.17384331494773,104.96722423146477,0.992813550336257,0.00526625651762963,0.004802792425499582
"surf[2, 217]",-0.02611802548682369,0.07191261899671807,-0.13796461017069275,0.08841408076246937,110.04111080580371,104.92447430987599,1.0077161171789153,0.006933365436160237,0.005240575292681845
"surf[2, 218]",0.04833364356420415,0.04657028079585714,-0.020876942054932717,0.11528116126673896,200.0,109.28393005828478,0.9853540549485195,0.0033096057421862233,0.003753499777809583
"surf[2, 219]",0.03588207389726484,0.04618616808344945,-0.03554163853639452,0.10432096171760809,102.97735597621804,11.16780727393683,1.1150112986843452,0.00479756911757524,0.010187758924848
"surf[2, 220]",0.014888477956224461,0.04446900439654371,-0.05050491344230521,0.09580376646144662,94.98079565174852,89.75164282953224,1.0218064279757366,0.004581255233564302,0.00307270046348993
"surf[2, 221]",0.006737387236657557,0.05865251288146772,-0.08249584978977065,0.09165745245730944,94.95387130153692,75.00201889687473,1.0200748266670387,0.006072449435327587,0.005184462052537929
"surf[2, 222]",-0.00879487635519534,0.05723923320312057,-0.091794590539745,0.09217569413352031,80.86129401223188,67.73989328027493,1.0404013213468932,0.006271868999821031,0.003908813671106689
"surf[2, 223]",0.007099425728209659,0.050502241195824214,-0.07661758676531522,0.0829334227368622,139.6707025974275,88.385039969547,1.0057764146115091,0.0041677033087432255,0.0032383399394138937
"surf[2, 224]",0.021637581809758034,0.042709747070144154,-0.047832907209878046,0.09125292864125152,107.87435995527717,75.77782804499373,0.9860522363110165,0.004189895519298833,0.0036517966931954573
"surf[2, 225]",-0.04682156291926901,0.05885340000826475,-0.13544131159792291,0.04686051661230415,102.67637354870647,109.87213797204878,0.9857608607724889,0.005749927855681911,0.003586873721688762
"surf[2, 226]",0.031974602194171045,0.04102015011719739,-0.03367210350545678,0.10254223803719828,122.88037829528811,29.571960369707483,1.0268851741772966,0.003781600577820542,0.006494626980251932
"surf[2, 227]",-0.015064537977027692,0.05415580468138915,-0.08968057909315247,0.06847831099944339,83.18406182969717,86.619636868278,1.0784367213357047,0.005957828718795001,0.003895283492061786
"surf[2, 228]",-0.01025112534307425,0.07702943035146702,-0.11731468947981828,0.11214085244015456,141.93744239501618,85.92405644143628,1.0380505251502445,0.0069041258905885704,0.005364716636353918
"surf[2, 229]",-0.017263149011455415,0.06199441488417398,-0.11296259825120311,0.06920148475255872,49.00596858081588,82.90051937674787,1.0310385813833505,0.008453968146918336,0.004992558545036969
"surf[2, 230]",-0.008425742741314472,0.06755680907419091,-0.11277625555836887,0.10116937829874224,89.58711847759982,52.34122807637158,1.0007793099685085,0.007155013700985054,0.005069220602127815
"surf[2, 231]",-0.020694391658282404,0.06521826598013769,-0.10329245027709397,0.08648045033997098,157.22466873359502,126.01336453987312,0.9920148788064391,0.00524175587198008,0.005704861409726422
"surf[2, 232]",-0.004864798482981908,0.06931081016002492,-0.12432494135248327,0.10376205606784628,107.24501360408142,29.363772109419482,1.0141836996741607,0.0065702695186202285,0.008502605814745053
"surf[2, 233]",-0.010435884453752401,0.06794566710541654,-0.13449128414094294,0.09965576720963538,92.5977310199178,37.25023740295848,1.0522429255875523,0.007049284538506019,0.00981797121783882
"surf[2, 234]",-0.02747631575760419,0.07197720329028998,-0.15144767868101688,0.08257337138522362,84.5959483004565,76.79812476868035,0.9954922616960651,0.007989223810331979,0.005938741703255829
"surf[2, 235]",-0.028647374956187455,0.07202045452372823,-0.14840447169569662,0.08037037618758676,116.7130795938681,73.81492066620676,1.0126769084797014,0.006989046569171737,0.0047380853669739
"surf[2, 236]",-0.018267354005365312,0.04634621308621576,-0.08930034102617325,0.05369876765450784,134.08325360179873,45.94469597390574,1.0056873720335224,0.003981720931602066,0.002967940278870604
"surf[2, 237]",-0.0014473944081688944,0.06790241351983621,-0.10757861473689553,0.0961418987305059,64.42483482282196,53.49206235235827,0.9885216706978174,0.008338099028966112,0.007713054882040017
"surf[2, 238]",0.021805370414779143,0.054315849974712886,-0.07527326532332135,0.09672691266566956,200.0,100.0725357977594,1.0038205979084533,0.0038600593746908845,0.0038887480833954824
"surf[2, 239]",-0.01657883963801219,0.06200729978046223,-0.10981269200626032,0.08562581678712727,138.57263075454995,97.74795087402845,1.0079887672190126,0.005392068926422732,0.00474622857949569
"surf[2, 240]",0.009063332060317711,0.07507705491625122,-0.13513547408944723,0.11092486051588793,119.36889814928597,89.57713788351347,1.0100428488612399,0.007148982176738825,0.006116282850471157
"surf[2, 241]",0.06149837940802219,0.04120625799330852,-0.007223597318267121,0.13346335955134295,154.6733507069115,113.32798815838166,1.0024739292089437,0.0033981796818207486,0.002567902611410312
"surf[2, 242]",-0.0278816593840947,0.044602282667706876,-0.09294262470589323,0.053938193363041544,167.14335136212398,83.45622737632394,1.0043939051330937,0.003294765022904849,0.003690071595602423
"surf[2, 243]",-0.011226437978423846,0.045347798156979056,-0.08624697596593267,0.0567285567679927,200.0,93.59487691200063,0.9881865916408178,0.003222727684072522,0.00359310496656421
"surf[2, 244]",-0.02707763928690921,0.061319621867520276,-0.11494664881619386,0.07457393319695985,97.31357012291953,86.92295093474341,1.0141773171588757,0.006158223622577271,0.003699236298537558
"surf[2, 245]",-0.04527862090459597,0.05815527980665755,-0.14394285968281237,0.04661295107900578,17.457111814146895,34.78364208957819,1.1212509375471504,0.014493564054639991,0.003491172933652004
"surf[2, 246]",0.03923395139368367,0.05007968346817078,-0.03611524875679656,0.12985444630017734,87.97620551327698,91.60058664147752,1.0012055632037267,0.0053180460924116294,0.002800068813415745
"surf[2, 247]",0.004709758718248031,0.06646692990574957,-0.10076462646719392,0.12517379951831956,110.22742554104636,75.21252385471838,1.0055789327057258,0.006180939413198311,0.0063740754260318555
"surf[2, 248]",-0.06407182834021252,0.07001733376843587,-0.1666717687019189,0.04962432489208183,52.19789387931837,92.2243427938189,1.0426849327630805,0.009930913894438426,0.0048088537166247275
"surf[2, 249]",0.007119556480472197,0.05714895501580644,-0.07793886830652896,0.10183583185783834,100.75535919505592,109.87213797204878,0.9954139058391801,0.005621728242606672,0.0032867174699473044
"surf[2, 250]",0.0036960087641408953,0.05812188091057292,-0.08555014718125972,0.10316946054382493,110.01833964504672,87.60613594783504,1.0213766899426044,0.005618774160194699,0.004405704318107972
"surf[2, 251]",0.022765633809114262,0.0393238624077663,-0.05136233638236584,0.08605049606066432,116.93801795044713,73.22794291571395,0.9958973478486086,0.0037331653734316455,0.0036493096317617864
"surf[2, 252]",0.001846304076217083,0.0694266904538274,-0.105792037358285,0.10670203283943165,65.5045004212882,61.009656440911755,1.0034476761170745,0.00923255460445091,0.007153032184161709
"surf[2, 253]",0.04064246265624688,0.06181041702142698,-0.05639581695382557,0.13282585796966576,161.56002509276286,90.80079739388343,1.0371031478404402,0.00477057648730422,0.0051540764102623645
"surf[2, 254]",-0.00023798867235068545,0.05806027220172305,-0.07791061943860388,0.10482273537631777,112.07352558899183,62.19122348154606,1.0776848298362838,0.005670831531544195,0.0074054236332322596
"surf[2, 255]",-0.008192669534313178,0.08517744197638162,-0.13694668085531125,0.12278512695364446,51.989174573288246,29.192394116203097,1.0727975109081953,0.013260770687540557,0.009266899792445715
"surf[2, 256]",0.06851144453292,0.04005333548635765,-0.006727921392686074,0.12719324053083472,200.0,116.89338816830112,0.9890980771077166,0.002846466606041014,0.0036615719791080526
"surf[2, 257]",-0.02327097736305463,0.06408425168220648,-0.1285892747712016,0.08813805200379413,86.0583518102224,58.209985428330384,1.0255816979299301,0.006937915749580232,0.004983249464235249
"surf[2, 258]",0.07732474497609526,0.038742156975577514,0.008452590974519978,0.13539399218881537,163.2581140318782,112.4666989585856,0.9880037846943314,0.0029485961931350383,0.002340095381707309
"surf[2, 259]",0.033024868135539454,0.04241857635860881,-0.032343149299393234,0.1013808867951779,180.8444854075602,87.45291902071561,0.9975374808527832,0.0031177091842278432,0.0034760630101701587
"surf[2, 260]",0.04513893774783667,0.0459979178004161,-0.015122197554029897,0.13770576924015518,142.97584763957286,65.0599487143947,1.0611834841217493,0.0038981910696038406,0.005010020150845598
"surf[2, 261]",0.046566983151835384,0.05659643319094021,-0.03677413180689924,0.13460349386851422,109.43401743513219,75.09226184602635,1.0717252895201985,0.0055435585269812526,0.006916858484233509
"surf[2, 262]",-0.03786463487503995,0.07641545254702078,-0.14161270674975504,0.08450732053275539,133.66188837079523,82.14568487727632,1.0006076958924404,0.006612052333329916,0.005117851991345259
"surf[2, 263]",-0.020894157179770147,0.06857681727289838,-0.12380678006452933,0.07889716716164437,196.701447519126,101.07160253287867,1.0550878214932808,0.005230862863471114,0.006246329544536022
"surf[2, 264]",-0.005016567553084209,0.05992106839035581,-0.11474725304474344,0.0886703284492285,67.2291701031136,48.45248053535809,1.0035044332501803,0.00746474045161592,0.006134549105293482
"surf[2, 265]",-0.024854735111350102,0.05961316094178787,-0.1296087419978304,0.07310722158999203,132.85530607740588,77.485873323775,0.9928536159013893,0.00521170065584419,0.0037567682821126967
"surf[2, 266]",0.004721894608492301,0.04596953636269499,-0.06355151509904988,0.07900208026298246,76.42769412694514,67.94234324794913,1.0303793740302565,0.005328596628275043,0.003949511449728186
"surf[2, 267]",0.0128814202056124,0.06605367160699556,-0.08154145647951358,0.09719367698501807,98.48921284094577,74.80163937735963,1.0083875911116684,0.0069330103044357135,0.006077394845710251
"surf[2, 268]",0.008253565563681486,0.0696796591088795,-0.11032308875037884,0.11180383180809211,98.09196490595416,64.13650571335853,1.0121824414347689,0.007129167730719797,0.007473455751851463
"surf[2, 269]",-0.041259696498713846,0.07252525936759585,-0.15333903272117438,0.09359848443534159,98.93551642953516,24.14666679161709,1.0713660821815834,0.007088214237025112,0.012963347667417328
"surf[2, 270]",0.0038275399070781934,0.06100679304185009,-0.08884495286157626,0.09535171400401626,125.29752370728258,99.50843629600112,1.0249487336787542,0.005713163661755162,0.0036386041357237063
"surf[2, 271]",0.01665563398688598,0.08768159464593824,-0.1143532495284007,0.15198042076348495,159.0835706253864,40.10381066302132,0.9906796330685337,0.00674751927730194,0.00786720721752961
"surf[2, 272]",0.019819802478862586,0.05139565210391036,-0.052674163451439944,0.09829446423430387,127.32191458343311,76.5300909369572,1.0211615742548434,0.004497847341696754,0.004018732967435082
"surf[2, 273]",0.04319361831084596,0.048795175210232224,-0.03236746217355079,0.11297096352937465,123.93912319942707,92.53693964437764,1.0016679939292665,0.004332190819059891,0.002721477820607105
"surf[2, 274]",-0.0005093308549260172,0.04441052030354385,-0.08265371954332806,0.062881251596586,120.73916891516133,77.8829156701674,1.0183039393581854,0.004091259347178774,0.0029331240611104904
"surf[2, 275]",-0.02431252521804892,0.059445930305468735,-0.11353210471324689,0.06457919494287685,109.54292865688716,63.70901358211009,0.9805120551554065,0.005741830154339333,0.004396748428061316
"surf[2, 276]",0.014061845311313402,0.06277841118173223,-0.06337406424947334,0.12020420469409021,133.01154206998893,77.90427999156651,0.9949639118543849,0.005449371426239667,0.004503159053027625
"surf[2, 277]",0.0018542221778784815,0.07346469610821822,-0.11375165615134314,0.13533891384109084,79.07521243553622,49.200249614083496,1.0923850924125547,0.00833885321489003,0.00843392575871117
"surf[2, 278]",0.02797321505357336,0.04645649176384644,-0.03334625139118466,0.1135546602847843,188.0762443439538,88.47555312105548,0.9859547209866032,0.0038553511347255054,0.004677869785307099
"surf[2, 279]",0.052540945468148935,0.059745880937703666,-0.03576312047770037,0.16095882556789945,124.44958141837775,94.0110541857002,1.0063365486759732,0.005478014870890779,0.005656642672370455
"surf[2, 280]",0.030482049344587918,0.04545562417793422,-0.0430262139662847,0.09804662007004772,127.76434092371994,73.57551532251743,1.0370464209022712,0.0041010000369236035,0.004143037987529712
"surf[2, 281]",0.013411636156426156,0.05714383768845626,-0.07312988648634657,0.09917008260275384,47.49932251075086,57.69025591001235,1.0403984947657046,0.00846077744191006,0.003978493031369577
"surf[2, 282]",0.013397433110813466,0.05073362721468242,-0.0689150424372197,0.09085331858688071,137.02832693523996,89.22734206639382,0.9894043234826047,0.0044477406088347625,0.003683700183753364
"surf[2, 283]",0.00015954483109467877,0.07295516344356631,-0.13157780558908827,0.12152626086382416,98.4725433826081,87.79724878256852,0.9889396979674842,0.007291682823481981,0.005728457452948124
"surf[2, 284]",-0.03587054251043494,0.06361527124355969,-0.128959942128489,0.06731176658388581,170.7755670454627,137.42971293282034,1.0132149173596958,0.004890839244760617,0.0037544169388083683
"surf[2, 285]",0.007132399835604173,0.05756685838863302,-0.08108622196023703,0.09194710193052467,108.03063060935287,110.56437336853791,1.0069596223960422,0.005361404024703785,0.003173343101097647
"surf[2, 286]",-0.007268658947547967,0.047191550186202254,-0.08049213006675293,0.06774154618193727,185.6664350281516,109.87213797204878,0.9913303917826468,0.003588063323821338,0.004105598402670795
"surf[2, 287]",-0.006686231899032319,0.080147601184623,-0.12490381268186106,0.12101047987351483,154.28029486090503,88.62084552613419,1.0611981800942905,0.006834341280150444,0.006241839999887537
"surf[2, 288]",-0.03211115192994769,0.06939163491978424,-0.13952176648005452,0.08849386105982616,121.59530841191761,43.406390160447614,1.0110989313621308,0.00645152093265579,0.005642645259057475
"surf[2, 289]",-0.04155827597809851,0.056929747027045244,-0.12827964022007365,0.048817921626788545,25.652134750327892,52.89174493326743,1.0537093389948509,0.010977038109651928,0.003966739692636191
"surf[2, 290]",0.036843844532012934,0.0437804464859143,-0.027494543234787713,0.11056769020563272,38.901963711741566,103.61749859786872,1.040545306853903,0.007770596523208608,0.0034674467569307866
"surf[2, 291]",-0.011215279163472818,0.05773522807175587,-0.10775566714904732,0.07222296055530701,106.39849254820048,87.91339519390911,1.0081523163262547,0.00575345852143109,0.004476434966429755
"surf[2, 292]",0.020792997347303232,0.047962649850277844,-0.06707638506803897,0.08676845839325678,200.0,97.74795087402849,0.9928394981571952,0.00340855710213085,0.004224912921054697
"surf[2, 293]",0.05394077548612568,0.04147536865483004,-0.012188355762089775,0.12112028547157903,163.43769432165058,76.25731957065382,1.006987870455732,0.0030686425633279454,0.00341292076008226
"surf[2, 294]",-0.0407235841730821,0.06012287400268014,-0.12453290649100975,0.06465978266355728,58.75257203178036,42.09520597987967,1.0608033272869515,0.00765229453649419,0.0074766162678492724
"surf[2, 295]",0.029195320093754855,0.06335054506171328,-0.07582519707972603,0.12608713920754983,137.72389928012663,85.20782953871426,0.9925394689224325,0.005608993808847627,0.005840523410419642
"surf[2, 296]",-0.01376089497778828,0.06700726741180887,-0.13833404063828061,0.08998029675193707,77.05945701001635,77.34427048634245,1.008828566178628,0.00775800991549453,0.0048046040972799285
"surf[2, 297]",0.024740846550405395,0.04598138219819652,-0.04000330964089751,0.1057178682377784,99.19423962794797,80.3044923340838,1.0263195743569864,0.004919135945315012,0.00482570955490646
"surf[2, 298]",0.03277073876598696,0.05358290330368272,-0.034876009027841284,0.12265113842206248,153.02761585330916,107.65724970054632,0.9913443027007848,0.004549515112803855,0.003775247247212521
"surf[2, 299]",-0.03769438539983176,0.06978589248934922,-0.14148738907014258,0.09126513866060314,75.60159902996722,88.3035860872013,1.0388118068295382,0.007947486626187102,0.0054506648605757825
"surf[2, 300]",-0.012819604837788469,0.06223658018790165,-0.10613725238687229,0.09503463741448334,97.15409132564875,68.66069939400678,0.9971669644921952,0.006060598555549935,0.005680000357195816
"surf[2, 301]",-0.006237651707856189,0.040538682395145326,-0.07904775984741418,0.0537590169634413,106.93860130036599,44.97939191207217,1.0522139908482921,0.0038409418204486162,0.004432615404287954
"surf[2, 302]",-0.002298238069127618,0.05838654298468635,-0.08837305718293205,0.08852509202153531,133.16502258028916,107.65724970054632,0.9945353015797823,0.005198020461268707,0.006846807479500235
"surf[2, 303]",-0.006964043591427635,0.07806677798365434,-0.12806791800955172,0.10979345041124301,128.01846181503728,77.069497031014,1.092376820539207,0.0076349812571456874,0.0066307907343361215
"surf[2, 304]",-0.002407928267995182,0.052463815043337365,-0.08196715642063697,0.0798626010544911,200.0,112.4666989585856,1.0131634682273565,0.0037284409833292587,0.005220792443843481
"surf[2, 305]",0.002554439487990122,0.07349790455044411,-0.11784527337998213,0.12790631886665021,109.76646382649783,51.10186259125334,1.0660622665516475,0.007246853640171269,0.009017291564690645
"surf[2, 306]",-0.019307991396523075,0.06128829405227049,-0.10952513802824827,0.08042769023001674,127.66906170182745,88.94735571700981,0.9967229954937412,0.005359548790362602,0.004645824805793362
"surf[2, 307]",-0.007608546569124133,0.05742901257918328,-0.09866640788419426,0.06883277721607117,75.59547607885453,86.90858764748656,1.005045500179488,0.006661196855187433,0.004110433557834784
"surf[2, 308]",0.0016312610094056232,0.07077003621362998,-0.10401237951438301,0.1107605972725346,89.34618063647446,60.44495337804678,1.028890879974072,0.007486918793701979,0.007207819436818411
"surf[2, 309]",-0.024572516972805977,0.0590622357522107,-0.11209294260231624,0.06760786395550139,91.70712315117876,79.8772746508677,1.0358426656308843,0.006339197748140634,0.0044102411729354685
"surf[2, 310]",-0.02783107181752412,0.0637083152150576,-0.12871466613461474,0.07556463249924382,90.64014060630947,43.001666821001926,0.9922967232749179,0.006751977968542728,0.0056587887371111045
"surf[2, 311]",-0.041733494526105926,0.05426781807065492,-0.11854303217907776,0.04278282117690362,99.82863750614024,92.53693964437764,1.0136514617184416,0.005269231274975991,0.0031928112846246973
"surf[2, 312]",0.08938749021088409,0.0424862068088496,0.02599840656781418,0.160192603405261,59.46934464810607,33.96733049899304,1.0292861568962717,0.0047559699178877975,0.0028828755935918758
"surf[2, 313]",-0.006253327680346355,0.07228331565918239,-0.12982374888082676,0.09955723394662594,121.85615418776291,92.09316198951058,1.006748419136917,0.006463822780561567,0.00920662266490667
"surf[2, 314]",0.1022090188606684,0.0416938393725471,0.04155867162186405,0.17317918388698453,151.9099493007769,108.23522538050302,1.0002526236020686,0.0034082115256399434,0.003098524024007639
"surf[2, 315]",0.00044517449719700357,0.06434866824232209,-0.10242633128889123,0.09550668766521035,46.482747418978526,32.87796700970351,1.041897390550355,0.009505055934807653,0.006459224762950412
"surf[2, 316]",0.05543664113980044,0.0498527988813857,-0.024453858703773562,0.13487419343825588,200.0,81.76428431819667,1.074027245265201,0.0035428841446145352,0.009791776398807626
"surf[2, 317]",-0.06733758365431262,0.059773543877933204,-0.16061706539416862,0.02550744509641549,200.0,93.44487388120423,0.9862778560090179,0.00424792079129629,0.0036138772897535065
"surf[2, 318]",0.0229343348067206,0.04497639631651782,-0.057287107718408274,0.09793619588779891,81.49593198456904,74.50033909123549,1.016444127943418,0.005009761637561112,0.0040574537197933915
"surf[2, 319]",0.005772980155531554,0.07617703767927334,-0.11571946306014949,0.13191266966896978,118.76543922557173,75.00201889687473,1.0193251766943872,0.006882134913525937,0.0058682205428519105
"surf[2, 320]",-0.026603436912349232,0.05559841417345939,-0.10540185865143825,0.07324579400496856,90.33176622679109,86.264100862641,0.9994981011568023,0.005962336862784067,0.0029499661938276007
"surf[2, 321]",-0.013006379590661405,0.06267136066645952,-0.10405528604458872,0.09277635339092546,189.22558592559713,45.256403394527524,1.0735221234920276,0.00463376925369903,0.008021726709555086
"surf[2, 322]",-0.018645834020465966,0.05429034573491659,-0.09499410938289653,0.07322265352446385,146.00780383317903,68.7779613506841,0.9931356929708893,0.00425034364907162,0.004843448003281549
"surf[2, 323]",0.015959065354497176,0.06404251002918745,-0.0878642548486718,0.1278473551011533,141.20688364694016,71.59012497124893,1.03021818409842,0.005523110416523728,0.005535777353772493
"surf[2, 324]",-0.035838565864011886,0.05373200886597623,-0.1305283884122143,0.038999569694240156,114.11935637492165,88.385039969547,0.9983014053794605,0.005144170546517245,0.003683143575964505
"surf[2, 325]",0.034750131733697384,0.05297471837686985,-0.05500520754004359,0.11763299601090679,93.7986638653085,75.15526693775163,1.032964257602381,0.005594543044257087,0.0042940206071112085
"surf[2, 326]",0.004742522146065956,0.08114060585403964,-0.12925475385173438,0.12889081130437646,149.78421932641837,64.2725361479384,1.01442474989049,0.006310987148725545,0.008085524002721669
"surf[2, 327]",-0.0016844973868716995,0.07102450775464605,-0.1150509967147493,0.1050219372815581,84.13827777469803,37.583532752782766,1.0739744103936333,0.00802872611688498,0.00941745818310154
"surf[2, 328]",-0.04228202566763616,0.07594711958131019,-0.159116280615203,0.069614058464889,106.02944825041807,51.32421968684689,1.0051036138717255,0.007598520177047558,0.006081369366592387
"surf[2, 329]",-0.06023617115932279,0.051317679260883396,-0.13115906593359516,0.021891530190447102,115.15422016965557,87.14469528599831,1.0079533288647426,0.004624742748898004,0.0033117313647564386
"surf[2, 330]",0.03384089989215864,0.06240311937968554,-0.05491265980681457,0.14683931944455367,115.41125420062258,111.59697549421523,0.9930870919927779,0.0059313114414752946,0.00382684358841761
"surf[2, 331]",-0.04039330310389611,0.052414628076402466,-0.12004581414822645,0.03800753856347141,93.44071832267826,58.26526643329441,1.023206226072832,0.005668044483385048,0.004635212921030512
"surf[2, 332]",0.016279179660981264,0.053941698514874556,-0.07694746125517457,0.10480464546715863,131.2636161475416,83.45622737632394,0.9904018480718748,0.004881471324595355,0.004369317261537519
"surf[2, 333]",-0.0013493624337361637,0.0864554121495838,-0.13576617989794187,0.12696401162467408,138.33013424308757,51.94534988556767,1.0855546319758163,0.007158016990895726,0.008854659989759442
"surf[2, 334]",-0.012530015930698326,0.04260153437590228,-0.08649892674713143,0.04704013970945046,185.3221625067429,66.51351640132494,1.0078361600717536,0.003206196696573047,0.005346015705788171
"surf[2, 335]",-0.00203849180323004,0.06382714887565615,-0.09341861753373981,0.10116649038249342,115.67634001825944,39.28253002569886,1.0734313457090643,0.005978317313452773,0.008110048893337853
"surf[2, 336]",0.03445156300512267,0.048668609514993584,-0.034250982073722396,0.09850240003885656,150.33251804650158,115.46437099409329,0.9872959189349394,0.003805935216786873,0.005800646242329134
"surf[2, 337]",-0.02911817648298138,0.07182692796866069,-0.1253940635686674,0.08845688072940608,66.69306311448686,54.647562819497445,1.0338148701835337,0.008686716053258724,0.005673738797313898
"surf[2, 338]",0.02796015808203924,0.06422751098829196,-0.06917005804339177,0.12231969901998585,161.55058556055715,83.75190345235116,1.0092661251810644,0.004862855353478969,0.006112267093978076
"surf[2, 339]",0.011317590579572942,0.062049489255873155,-0.08929110256166807,0.10606178932987187,60.45730681285027,33.5707019328586,1.0239058282532303,0.007844977910419337,0.0036522626581944316
"surf[2, 340]",0.010535167188549893,0.04795632473181887,-0.06631133294856988,0.0795082955899888,164.3970615500047,91.65597552551068,0.9997278365171652,0.0037691346950385076,0.003593196833895962
"surf[2, 341]",-0.012388638804285429,0.067120093651854,-0.1219290018687245,0.09092240714465813,126.96801282446806,76.2482153572389,1.0000267408788954,0.005887322621541352,0.006632168579428955
"surf[2, 342]",0.07699893381876137,0.03963706063622014,0.017673138749735508,0.14799763189480972,143.89353406797377,18.276551966092388,1.0722020597576896,0.003248130357245521,0.004436572988405032
"surf[2, 343]",-0.017190544823174326,0.0712396297193421,-0.12333305104296831,0.09868099876660574,59.61119341030079,60.92246978541479,1.0200916573194223,0.009201737124965297,0.006388967435451613
"surf[2, 344]",0.0508937334923776,0.04334524532282339,-0.011770236210756445,0.1181319023673802,109.12371940284136,103.65210634400846,1.0177741974952235,0.004185269911286702,0.0034816798191909986
"surf[2, 345]",0.010268924150434502,0.045650564510426546,-0.062485873776762894,0.07964930487190026,72.08838082111541,19.932595337371424,1.0364188864575903,0.005312606986905568,0.004006829145664839
"surf[2, 346]",-0.03687483833878689,0.04872730245246299,-0.10508252324106954,0.04467950733158343,160.1960803535458,46.40243229658325,1.0118817671526121,0.003920844047592807,0.0036687819824865135
"surf[2, 347]",-0.012289657421429392,0.06306216022343623,-0.10243781681156226,0.08058224467697021,103.46871707167848,106.19902590852757,0.9940963427350309,0.006415462260549088,0.003709830215091998
"surf[2, 348]",-0.019734486197330335,0.06717197928974517,-0.13730800909581997,0.08279017183781386,136.49750300461756,112.4666989585856,1.013798611233872,0.005587782580963206,0.0038384350526808456
"surf[2, 349]",-0.01030939881824403,0.06445752260652461,-0.11430282071913703,0.0966326800331205,45.974680483001336,51.16968920649889,1.0234285972779813,0.009237765144578181,0.006079012348954095
"surf[2, 350]",0.0008664328270661629,0.06007378525870386,-0.09402652292913159,0.10565832174147859,121.46508766923722,92.98745867925005,1.005048771805326,0.00562833737626635,0.003810040476752764
"surf[2, 351]",0.046250154094833046,0.054571152792973684,-0.03725511254768701,0.1371933274913992,117.65775274481702,86.619636868278,1.0078696267852232,0.004959157332708039,0.005786224379871864
"surf[2, 352]",0.005953569531756302,0.05649556672252058,-0.071584941850123,0.09321666616570715,63.36317827909902,46.25658620267119,1.056812000184808,0.007189901416718274,0.005999735054128957
"surf[2, 353]",0.044151854348216064,0.05020142992473246,-0.037628340019425284,0.13291783259284176,82.55034066361758,77.62250948021203,1.0034474182866382,0.005532927003674544,0.003763156485162352
"surf[2, 354]",-0.020827132126883686,0.06663612857169161,-0.13601558022663623,0.08305960056730594,153.30421702660536,66.30181230934862,0.9996056773293738,0.005407508060886042,0.007023301455913109
"surf[2, 355]",-0.0064893183936760405,0.0571660199337997,-0.09062668293471296,0.08072915197318115,84.3590944107824,87.14111465565772,1.012673112973911,0.006206483056787386,0.003709080852639293
"surf[2, 356]",0.04562649464596182,0.038126478537784704,-0.011649581080674633,0.10731601403533725,141.0551957822136,65.47534207525655,0.9827775394034004,0.0030913772728716955,0.002682212249483966
"surf[2, 357]",-0.009078825994563045,0.05601753881335109,-0.09484192867650197,0.08623437114290995,134.3665408860644,107.58137379821618,1.0172279159973656,0.004942465676031687,0.0036822470552360952
"surf[2, 358]",-0.003588643252904357,0.059248961732352244,-0.10066972411311938,0.08706232351097419,128.08498374806763,80.94234613929856,1.0030069321492843,0.0054815163899234595,0.006352628608130763
"surf[2, 359]",-0.03814766323955362,0.059100056169192096,-0.11955375665620091,0.06336659863110822,84.01468840154406,92.09316198951058,1.0248597219951852,0.006521089293345794,0.003978961948688225
"surf[2, 360]",0.06661669576073884,0.05801427293364673,-0.02107363995969657,0.16222135735464066,113.83791723546263,87.79724878256852,1.0112314892101784,0.005425059415238583,0.004242226903718297
"surf[2, 361]",-0.026581197761166884,0.04695175497157183,-0.10115708870614015,0.04273566183562208,151.29537612480664,78.18964968490735,0.9874837240418893,0.0036732525134724582,0.004106883533076785
"surf[2, 362]",0.005930990405367602,0.06699510900018522,-0.09731900823422723,0.10573508699462798,142.23419330624316,52.27617758787684,1.1312730138288363,0.005602396492580719,0.009849161438812381
"surf[2, 363]",-0.010334697697060198,0.040803949371240864,-0.07479407619469122,0.05404602984739024,128.0375225054955,76.79812476868037,1.0336232583597873,0.003530153036110949,0.004154314106896148
"surf[2, 364]",-0.0006888199454268282,0.07758274685141475,-0.11819816641576501,0.12690386614040242,150.5208437911335,46.38184178985217,1.1111890398851432,0.006193238930177481,0.011998678318271387
"surf[2, 365]",0.07348412696402111,0.04770344152076918,0.006227827189547692,0.1382152945474001,179.5052725417637,90.4971834435464,0.991620557568924,0.003672852652099535,0.004485189514458619
"surf[2, 366]",0.07446746930375259,0.037922405903971355,0.01662668149237899,0.13971486583787826,165.77906761794242,111.58836957827698,1.0303511640605278,0.0030600835835224945,0.00322403313600333
"surf[2, 367]",-0.005180533752870571,0.06577144722755612,-0.10884162940886331,0.09929470099996,104.25496063938442,127.22948870392392,1.031376609703255,0.006519479258246428,0.004510539481529086
"surf[2, 368]",-0.03356665399018377,0.07150853226699037,-0.1317979274013392,0.07549622239331949,87.27630778143944,88.94735571700981,1.010218867311423,0.007620751866815762,0.006687660925482482
"surf[2, 369]",-0.0049287330969034785,0.06418108551471767,-0.11031802756285279,0.08909390549252019,88.02118403118384,92.09316198951058,1.0226525272444582,0.006993718011870794,0.004074878405154182
"surf[2, 370]",-0.03318152195478916,0.05661349169360094,-0.11769171396294546,0.04885189002998132,200.0,131.14345706252888,1.0029173740102162,0.004023345661489374,0.005371643131277991
"surf[2, 371]",0.029418533503927938,0.0553301838786972,-0.05472046795877829,0.11676870643698421,92.68456862777684,56.908700980392126,1.0031062203785897,0.005832345225541106,0.0052630481478555275
"surf[2, 372]",-0.03249963779964113,0.053724441922650655,-0.12415534676342144,0.04479500816416338,46.29951344621374,94.85473384802924,1.0405679752170365,0.008484467248553246,0.003412221657972759
"surf[2, 373]",-0.053455239450372616,0.05443916516392628,-0.1375676282397489,0.03182014040781141,146.3969665700879,93.44487388120423,0.9901748764906597,0.004427481202745325,0.003844772031678582
"surf[2, 374]",0.04027544931090685,0.036508094459304904,-0.021334715958572295,0.09258413223860365,135.1374190837834,87.91339519390911,1.0017763718396093,0.003132217524832793,0.002777244672191368
"surf[2, 375]",0.04664383640434837,0.04131410677065384,-0.02442073517104255,0.11031372586675468,111.24151576338166,90.4971834435464,1.0089294451307673,0.003961619916480145,0.003124006868322881
"surf[2, 376]",0.00043077265737027866,0.06449235031190227,-0.10646584824463273,0.09240055406521482,120.0498422204122,85.07943817637572,1.0112604375006136,0.005812665125327951,0.0071113544565087495
"surf[2, 377]",0.02415524721588864,0.044778716471042465,-0.039667198403991806,0.10733046437644708,132.75315938042013,38.267935894921514,1.0219335227339565,0.00405404324040301,0.0035804056693544027
"surf[2, 378]",-0.001659062426408921,0.06860669892209097,-0.11266403443817,0.11096228532843957,147.31145951586538,86.35039533915942,1.0679751897727268,0.005596728116313294,0.006327811041174371
"surf[2, 379]",0.005722608182396022,0.0662062149517528,-0.09420705024259975,0.11052652594662757,130.16041299524812,77.34427048634245,1.0097435584213343,0.005930921900845981,0.0059267862307258706
"surf[2, 380]",0.014430143558617589,0.041411589403436956,-0.0620327420701512,0.08089186538341128,200.0,112.16735793648391,0.9875087264826585,0.0029429935087457223,0.0032790757819361636
"surf[2, 381]",-0.011696372208415936,0.06092231993457564,-0.12122212875659205,0.07781481955290787,115.67784448027282,53.74183827222502,1.0048894578693088,0.005997111590206401,0.007598169064935831
"surf[2, 382]",-0.0037971045883666804,0.06582802228498959,-0.10013705772659164,0.09575434711815776,128.81719250995502,74.50033909123549,1.0209548037676743,0.005745957010689776,0.0061086514979022165
"surf[2, 383]",-0.012418271066486353,0.0660356265631498,-0.11908085950342909,0.08559797507942239,133.5788031325452,89.57713788351354,1.0147506941028182,0.00567375296318247,0.004561948124293601
"surf[2, 384]",-0.02278816514402808,0.06054402803528755,-0.12075452473393113,0.07687022434789582,112.13305327245116,109.02689428681319,0.9969455610894994,0.005679686477779177,0.003413858357459402
"surf[2, 385]",-9.99911010068283e-05,0.05639639142732937,-0.07730979332608745,0.09256116374108556,200.0,67.16702017729916,0.9983580493407148,0.004007917017392676,0.005349068547177369
"surf[2, 386]",0.043001946968069485,0.049702560600070264,-0.03579644645296685,0.12166314805630946,200.0,108.09168258378197,0.999496852348493,0.0035322071748810392,0.003686334698438188
"surf[2, 387]",-0.022528013402562892,0.06183955738796174,-0.11515960379288284,0.07895292316374207,101.73678548893625,78.18964968490735,0.9936904706236174,0.0061686402765591675,0.005062711515480205
"surf[2, 388]",0.011940305831088419,0.06598528076436823,-0.10725017688795477,0.10963464372344932,75.94831238833127,92.98745867925005,0.9995329246726788,0.00759930119181483,0.004565216280876912
"surf[2, 389]",-0.0012475540446942157,0.05387395378357464,-0.09741700318868753,0.07745707372129146,110.13739730738901,77.74815943132776,0.9895932675459589,0.005176640585535673,0.003474005158532338
"surf[2, 390]",-0.05594914118445189,0.04940783106347346,-0.12422037173823341,0.019204348690195532,192.42579454690247,104.65278748078808,1.0015408950544735,0.003636951905714628,0.003166581909408795
"surf[2, 391]",-0.0007691175533727775,0.064581974304292,-0.10570324247162938,0.1005539674373266,68.5126523910291,92.09316198951058,1.0461673205204904,0.008897393995178532,0.005461364031129244
"surf[2, 392]",0.10436650619862516,0.04591353276083924,0.03839012306645346,0.17285140186157302,200.0,125.2866585727775,1.019938060883911,0.0032629326916759046,0.003227707545891988
"surf[2, 393]",0.08025851992763028,0.04173775550737087,0.019102519699107052,0.14239217299696388,119.94978759415002,61.316133246244334,1.0216735423143022,0.0035864762749768537,0.0026988508423220815
"surf[2, 394]",-0.01753901089528055,0.058172047168131916,-0.11398251136749524,0.06278069632466265,147.84798700918972,88.94735571700981,0.993592895948078,0.004504695824221419,0.005870392313518747
"surf[2, 395]",0.0028258962780964127,0.07983623572334456,-0.11008181878510563,0.14276958522093727,39.19385706196907,57.985600371603326,1.0392675471051458,0.011495925616303934,0.006823693744926519
"surf[2, 396]",-0.0065759338110827105,0.06574339016289428,-0.10751246678709186,0.08966658617712278,104.833350320605,87.60613594783504,1.017427003290943,0.006447112172255559,0.0038977960227998525
"surf[2, 397]",0.007165993662343311,0.05740494124183622,-0.08965872580746932,0.08715680236432789,74.9626989407998,91.32251720747296,1.0197088604669071,0.006747000581018872,0.004821496616351937
"surf[2, 398]",-0.04518016410096597,0.05901590394260875,-0.1284235204915922,0.059488319528988365,97.41448183353098,43.73940282208226,1.0447391275166238,0.005868591890828036,0.006234594445126024
"surf[2, 399]",-0.002768336712543163,0.04831360539543448,-0.07264898395880863,0.0673572560046974,128.8100290977931,109.11890555366368,0.9979389724483505,0.004318797534640646,0.003232923960576698
"surf[2, 400]",0.023278882909849072,0.05496412855835183,-0.06477350271043611,0.10752235940126122,89.5961748624337,105.80263573458899,0.9960915488626712,0.005809006184563131,0.003910950213765476
"surf[2, 401]",-0.037122423517368656,0.0687093582840189,-0.14145213467405257,0.0708338799786205,112.12360900492264,63.02095636621335,1.000164343370817,0.006544827812338419,0.006104920134759165
"surf[2, 402]",-0.013581132213062836,0.043746114057113816,-0.08209799582708818,0.056572905034724945,111.83950327107945,76.2482153572389,0.9956593443843489,0.0040925803430982,0.003186563361120271
"surf[2, 403]",0.007418212959914361,0.05640037694203126,-0.07015462295015905,0.09791567197199214,127.32143483154084,63.05202430183284,1.0060322715851313,0.005119793485860525,0.005183254273926668
"surf[2, 404]",-0.002805336016094487,0.06428004522635082,-0.10061455807714183,0.09300124098978466,103.474999790231,121.02849656075983,0.9966540444370403,0.0064145347993236155,0.004795402357157817
"surf[2, 405]",-0.04262790638609801,0.06209304293813617,-0.12993057358248025,0.061924259691662,84.89617057074783,67.50804523308707,1.0073240464524205,0.006611293917283875,0.0037766414314370903
"surf[2, 406]",-0.03421248721527842,0.055492687132780376,-0.11442807981465411,0.04973315198580361,127.80843832135332,94.0110541857002,0.9988828298570716,0.004861831853098061,0.004283741146852499
"surf[2, 407]",-0.005497471945638457,0.06278480834525556,-0.10949566515591308,0.08464611705185672,102.0491398749344,34.3734432317377,1.0234259505349486,0.006459897720934055,0.005010529214198743
"surf[2, 408]",-0.009157201985770757,0.07274326588340561,-0.12860350960269543,0.11329070542713619,127.91663888877208,104.01083857856554,1.0005121807538413,0.006193311476482795,0.007620580912887096
"surf[2, 409]",-0.04338570292679714,0.054672508369701674,-0.12258063927072375,0.044712115028967186,50.717137812661036,74.25399028452463,1.0403234970703235,0.007697895520347733,0.005983065316577233
"surf[2, 410]",-0.004452048474126079,0.049290206130760586,-0.07938417968326078,0.07135793633754763,172.175666683517,87.33164983164986,1.024247766996397,0.004030017973861429,0.007083103489580173
"surf[2, 411]",0.05576115772162727,0.05166907328254001,-0.020908187182243344,0.13779407967941978,155.21034558529124,99.27244623297707,0.9987427582325776,0.004309393583483441,0.003637587439634166
"surf[2, 412]",0.03730168971668651,0.0412427947366213,-0.030184240075156094,0.09333237174293052,125.17132162582477,81.43959986952268,1.017000609895479,0.0037065787022088964,0.002759894857821618
"surf[2, 413]",0.07568141298016536,0.03934630192531581,0.013117266451552876,0.14029308199037596,111.65938589617242,90.75667006852314,0.999153576774849,0.003692163721188414,0.003328190393317471
"surf[2, 414]",-0.009178631075306126,0.046702190944644666,-0.08912204716268785,0.061624133184203046,200.0,98.299328752222,0.9893196182763268,0.0033189801882582484,0.003681043813563634
"surf[2, 415]",0.0071253364369590925,0.041513221916781196,-0.05457252479862898,0.07310121686169122,200.0,75.61918951740465,0.9873942902315139,0.002950216216962392,0.003955607416667913
"surf[2, 416]",-0.008067474034719663,0.06938440104093355,-0.11358639993424459,0.08209690963623742,90.16714075145232,51.00793305803088,1.0155814014920916,0.007377465072518883,0.005017930721476773
"surf[2, 417]",0.053319198258785255,0.051149981719608335,-0.03528649029212351,0.13368072454075486,115.1286749165505,73.7422467263956,1.0205518339810578,0.00472957986025091,0.0032697504030349983
"surf[2, 418]",-0.0037505203930054166,0.07379977902283892,-0.11200992340474282,0.11447269103499957,75.76221984746553,35.109100710150734,1.0173198623276636,0.008394235645568167,0.0066224959854862
"surf[2, 419]",0.01315643540898722,0.041267856842109506,-0.04774224417499588,0.07368223417226427,123.05496034760101,110.56437336853791,1.0385651366303308,0.0036987857481837636,0.003392747718840938
"surf[2, 420]",0.0398372684515953,0.04808609975960081,-0.02817931951631025,0.1222420640772753,200.0,77.32442867578001,1.0033986813307534,0.0034173303051647464,0.006133142943870927
"surf[2, 421]",-0.021531746851036745,0.05376739986581284,-0.10570158399693078,0.06822324574527341,148.45328649734356,112.5912799046717,0.9947151142629149,0.004503349808159091,0.003265621381986327
"surf[2, 422]",0.013216717044090427,0.0685255108277136,-0.09252017083150407,0.12898084973811028,92.12718358101088,80.39068369646881,1.0169913285074874,0.00726661318291205,0.01105842780859392
"surf[2, 423]",0.009180733292114118,0.06502093808965864,-0.10332277564676651,0.10972719557557634,99.72543483411846,73.90636532285409,0.9952528499563681,0.006510320073900711,0.007243015439099546
"surf[2, 424]",0.0046791219771334085,0.05944405687656871,-0.10894967734010907,0.0882792499170696,131.0880314623633,103.10279751332152,1.000280800769843,0.0051743832707925284,0.004056982256239217
"surf[2, 425]",0.01690531460421253,0.04576309144130047,-0.044103880884450754,0.09478830876923439,112.78147596142156,114.69389025490987,0.9845676711621423,0.004216584133955545,0.0027030944773413336
"surf[2, 426]",0.0013366857744649024,0.07430479482516075,-0.1148973542273951,0.12316910144822903,188.4535234825972,67.23188249270981,1.0431325984373205,0.0055975405681861126,0.006579089950790452
"surf[2, 427]",0.013702300466343598,0.061359789508195914,-0.06918532419581626,0.09816513043251654,71.3292253135732,71.72703290778504,1.0051322594691465,0.007179174983088382,0.0038147105453824326
"surf[2, 428]",-0.0031371469294095553,0.07853135462437606,-0.14708607747296515,0.09777020904881505,40.52835981811557,85.07560362346295,1.0598625121749656,0.013035568050414826,0.00633434965473659
"surf[2, 429]",0.053651044008106226,0.04555031371522594,-0.016970248082252153,0.12251132612965941,182.22874139850177,94.18974126191557,1.0273222791703807,0.0033674737103857513,0.004408289316001945
"surf[2, 430]",0.006048641910861587,0.0711884020027618,-0.11665825905162436,0.11576747888500918,98.76796315995928,50.502326208617085,1.021184986381717,0.007795766949896772,0.007402048402263542
"surf[2, 431]",-0.002657568758765666,0.05128025055851196,-0.09319001898613599,0.07062509516528832,52.498452923046614,75.20239032564149,1.0233936502274243,0.007160054655324533,0.004854748188100047
"surf[2, 432]",-0.02292413160115988,0.060848927921147315,-0.11738819703106057,0.06901690427342047,92.83960216233432,69.62907873942548,1.0035909321695446,0.006329935977684062,0.004202007223759817
"surf[2, 433]",-0.03810947586537319,0.07251084798187538,-0.1448606147698892,0.07418205816485765,42.23090566763195,71.80270202361852,1.030560294000579,0.010640115344118954,0.006102690477285397
"surf[2, 434]",0.014838228316429452,0.051475956033410174,-0.07761166695579251,0.08983165019662868,173.75157405185712,107.58137379821618,1.0034161453784192,0.003897513980970442,0.004283157517543313
"surf[2, 435]",-0.04009695967408815,0.05872448734625466,-0.13550030810708563,0.051738594018169125,84.8629846518885,81.37352324169152,1.0033512649225411,0.006248901552810195,0.0053486880978542255
tour[0],0.08393959184958395,0.021847997993258046,0.048731358889244715,0.11568508476526937,109.17677890833372,105.40723598803413,1.0343202383969257,0.002124512830008141,0.0012861669221785439
tour[1],0.0218609725299885,0.025236778274976248,-0.020286297043021345,0.05736121769292503,150.6769413882794,100.51273703914708,0.9910983626720972,0.0020160918671445157,0.001574034722509744
tour[2],-0.08000524611362217,0.020632916148483303,-0.11065489127716559,-0.045815145085314715,98.96618665239534,71.88011729311867,0.9989459547287955,0.002086717108741109,0.0021192388248016812
tour[3],0.022664570719955042,0.019541220786950995,-0.005836520837368654,0.05411480747146492,125.45275431996899,101.97902617599294,0.988706833275418,0.0017091964916490455,0.0016110568362332715
tour[4],0.05865519633040797,0.024054928848064865,0.022127968513241874,0.09643039464165988,94.22418950198225,88.11044126565119,1.0263109312230945,0.0025237252779389337,0.0016857393184957
tour[5],0.004719369347795522,0.011506914781288083,-0.01214403471660742,0.02315288160711755,130.3046358894838,131.91717243841484,1.0094081124324223,0.0010378068278991276,0.0008312760228704204
tour[6],0.03972128322403344,0.021410492207524525,0.0022354423366295075,0.0708878206638789,200.0,106.5888714956596,1.0177931729593015,0.0015215774253901475,0.0014698809307590083
tour[7],-0.07787370427174291,0.015136046272531713,-0.10026783445012638,-0.05527657054036143,174.61843456352787,91.3542806005767,1.000748847650324,0.0012031263787205164,0.0012489437944938355
tour[8],0.02751084426870166,0.02208861642485845,-0.010789663612481109,0.06374151092719182,101.55411721314034,65.60392397302267,0.9970758879458781,0.002140635752896892,0.002200257676779833
tour[9],-0.11431389269227292,0.02193755238648476,-0.1466903771160276,-0.0754525837976065,127.72438808418737,89.42579228114215,1.0323894463906307,0.0018751733444730284,0.0017768585706601152
tour[10],-0.038512051224113796,0.019407165715157857,-0.06932144537529229,-0.009443079435340946,120.03368069386153,88.69419107057129,1.0041757311104236,0.0017077614069760162,0.0011316647227199287
tour[11],-0.06166335885208816,0.02638347704872804,-0.10892684212968336,-0.018653214611228607,92.69272705433497,73.8791014865552,0.9949122607012325,0.0027984817225834334,0.002044963756997483
tour[12],0.08810108195056932,0.038318489460324935,0.032046465213133014,0.15544174181619497,171.81948948794368,114.69389025490987,0.9979435656378371,0.002997820768539166,0.003322408839338512
tour[13],0.06420650023038825,0.01918126101373437,0.03499539607972016,0.0955796510817476,102.9419778809578,88.7829191727972,0.9882506925372772,0.0019020816651782266,0.0015024485651914663
tour[14],-0.07459685600415686,0.021224548971702843,-0.11052048553466155,-0.04545340067521474,86.20629531525186,62.82167726309414,1.0160885256150722,0.0022718222718050396,0.0014980926874779417
tour[15],-0.016143137236331307,0.021307194643020763,-0.050995998349392585,0.013882423614555148,86.0445780685204,91.60058664147752,1.0155022736666834,0.0023282437471078593,0.0016918112146149954
tour[16],-0.017462410285617735,0.017318317673196356,-0.046998108591600536,0.008667990289705912,196.98920858248812,92.98745867925005,0.9942720916769164,0.0012440589247072016,0.0015086779097507527
tour[17],-0.0885126150866696,0.024918801459341722,-0.1235135019939771,-0.04541484668189247,102.45022662561624,78.18964968490735,0.9872770340104479,0.0024954962701323334,0.0016616382694637887
tour[18],-0.007534070918698487,0.020827553964454387,-0.03884227733566645,0.017978682517293426,200.0,114.69389025490987,0.9911579511182198,0.0014801498083856033,0.0014621578726127793
tour[19],0.00875041628686654,0.016084367054053524,-0.014426058268230443,0.033916543489364445,152.0690478252408,110.06659987033659,0.9991741596334539,0.0013183429431557563,0.0011400682878730947
tour[20],0.025535963582333978,0.03499732395825909,-0.02915347085698327,0.08298449184518347,122.13256581376693,88.46923223471136,1.0559706120728178,0.003170976498487514,0.004640736415606987
tour[21],-0.02417730395850862,0.021103347593759147,-0.058728972432743484,0.006716480347696325,141.368904375005,50.94802891829219,1.0267221272094438,0.001857452946596354,0.00153185825498841
tour[22],-0.0017858928961294038,0.018447975614633867,-0.03034254451897264,0.028390028839469526,108.2893810863888,78.47868796446569,0.9878852753741363,0.0017676539984292038,0.001059743840375028
tour[23],-0.015110545970090648,0.020980148261370096,-0.04771746632681504,0.013878558109348913,124.7266773735966,110.86108610861083,0.9886594351693805,0.001860440498647749,0.0014116405226679816
tour[24],-0.0893571542702066,0.030666077411118594,-0.13627807636387412,-0.042195523168567575,107.27112894847825,75.3132089353962,0.9985107017959162,0.0029633184274032885,0.002178557744921831
tour[25],0.04937381726239454,0.01794192141166363,0.023517683279042478,0.07659552703793461,132.63676327212593,115.46437099409323,0.9910038020945872,0.0015654297831462717,0.0010898911160271937
tour[26],-0.05707478357969693,0.02424024446117964,-0.10064467543428189,-0.021368546157588326,140.94093778913003,115.46437099409323,0.9887923775333425,0.002063877508359936,0.0016507862308080443
tour[27],-0.03952474826016886,0.011948329478250055,-0.057589090392762124,-0.020765070189826807,180.75272558478616,111.5686215144267,1.022085667634464,0.000866123962802061,0.0011070496837550603
tour[28],-0.0069167681977837315,0.02159179698846209,-0.044695345427590204,0.02161027783197347,100.24903259877613,90.25447598520658,0.9964435116888194,0.0022175940120103977,0.001840120490611183
tour[29],0.14578263402883196,0.024582260721754845,0.10754683343351765,0.18262291967201563,96.31045459350901,86.02274032387734,1.015196576463673,0.0024966051793634276,0.002141008555887523
tour[30],-0.11252020842798598,0.019303343516918144,-0.14364439493967435,-0.0849114488309283,114.92767585562805,92.98745867925005,0.9890725606167751,0.0018152251144678525,0.0012885070110476556
tour[31],-0.07704049661274602,0.021204245700182527,-0.10821174889949976,-0.04592375367075009,140.51270427983647,138.2341937897493,0.9832814565067236,0.0017721406836367607,0.0015817124662421283
tour[32],-0.03647200551872834,0.015810159617304614,-0.0627787292159415,-0.012355048210408991,145.6529204674715,92.53693964437764,0.9889882863728973,0.0013107896483395582,0.0012218430052508
tour[33],0.06123509257886837,0.031111250700755152,0.011934905324312385,0.11296660575189507,184.77056567172295,87.52450922491792,0.9978269435041702,0.0023550288832901644,0.0020828054790736133
tour[34],-0.07133824541201486,0.023157144034474025,-0.10707295381892352,-0.03614866245677226,80.85072156229938,76.5300909369572,1.0101153386905055,0.0025716617810226422,0.001744615988756686
tour[35],-0.024541425387634982,0.024070725800374157,-0.061900481408545115,0.007833128032545069,82.63823554610876,75.06263638567847,1.0301915956904382,0.002644843508582535,0.002255039969552825
tour[36],-0.02940100801018596,0.023748317651134023,-0.06613220015515188,0.0141324426190744,106.96783631732086,89.5961487028617,1.0069167617705,0.0023296858430510415,0.001535190352878823
tour[37],0.021850854885835616,0.016371849369267815,-0.007742056074721932,0.04945967888230615,112.67305728972586,90.73987901349463,0.9993963768827181,0.001537301185896277,0.0013544946064942647
tour[38],0.11350271432669104,0.022911471297203407,0.07976963248046977,0.15191198674229495,160.66203084952164,129.53457723520842,1.0171493205301494,0.0017501178949835554,0.001163856770852153
tour[39],0.04150775372451983,0.0202368352229204,0.01060987866074475,0.07303356652123516,145.52167028170743,88.1492231924056,1.0034297484333061,0.0016644665920369825,0.0013931967453865409
tour[40],0.04798677203027472,0.023568695421118106,0.006040064804687036,0.07917632521695162,133.76231754726282,94.14012738853494,0.9994130929620338,0.0021667282502967813,0.00145713781071353
tour[41],-0.04866553322907704,0.01618349763415845,-0.07907405897726205,-0.026079618175658233,96.33252703215602,77.90427999156651,0.9953732355078667,0.0016612230219214903,0.0015678029518598263
tour[42],-0.15155730463119285,0.016993732604205246,-0.17690194521727545,-0.12185613437215131,185.1786763186773,88.29627511260456,1.0024111689072477,0.0013131460458954576,0.001454562976303671
tour[43],0.06089703716361061,0.027054690070652688,0.018726970801213202,0.10161243013666238,87.25672053528353,57.197403589156174,1.0279968586719304,0.002950845609493203,0.005381255626330332
tour[44],0.03928196213306536,0.022076639574491883,0.002547176471001596,0.07662410473564693,115.51334489693717,103.53717358762552,0.9933448555322106,0.0020002348462002544,0.0016733426947662157
tour[45],0.023744390724212448,0.021692976066792262,-0.0072728799946097855,0.06046475533830128,107.29277917699726,103.13750734697304,1.0121108897240918,0.0021166029341957095,0.001525646597614079
tour[46],-0.03644362243692019,0.02279443891627995,-0.07173443595179135,-0.0007495346763065222,91.25809320135006,77.90427999156651,0.9903357292576696,0.002389919357060969,0.0016575353957318888
tour[47],-0.060449000570533026,0.02100251867736899,-0.09496982693272973,-0.027464134006442667,74.5035086221319,47.37819724390671,1.038810120545378,0.0024054499333281813,0.0022679719544650423
tour[48],0.13878055347228438,0.02338843283082809,0.10757464978409025,0.17635989794917817,90.67878046226203,58.239361455287955,1.0153342503064184,0.0025325459944436214,0.0019444225839063238
tour[49],-0.00310629810370236,0.01909213356703238,-0.02980413132168751,0.02713191081518665,81.1641173288274,102.45901639344272,0.9930437101801987,0.0021171376702552635,0.0013293825046441358
tour[50],0.09917636932526096,0.015306526633038824,0.07725280311718598,0.12969004214402516,87.57336727652127,91.35428060057673,0.9966943762742584,0.0016324057275604884,0.0010962216509076078
tour[51],-0.05675179653894515,0.01706587949205274,-0.08334609242025114,-0.02895836415448938,129.82933663318892,54.88938295003103,1.0127547547917468,0.001520605461933124,0.0009693851314370157
tour[52],0.056310307597456234,0.019279556753929932,0.025223383500393038,0.08301754210293881,138.57997803588816,109.5463978654016,1.012109496627428,0.0016450847261370637,0.0013744161014363713
tour[53],0.03774857537426793,0.022933125738593182,-0.002084408672997411,0.07308506686508619,115.9570638365247,69.04455749986025,1.0034083642866176,0.002123320718443386,0.0014462440168299176
tour[54],-0.036548385836868806,0.03113764085351154,-0.08041172141632345,0.014462998683424023,46.78225927607274,22.20391894849616,1.0663565816926377,0.004738306047800543,0.0027172564578911563
tour[55],0.05721665813950261,0.028079049133043398,0.014821099293847884,0.0981939884932616,100.65999980960302,77.34427048634242,0.9999703751846042,0.0027811040602306234,0.002763846447810667
tour[56],0.041871095627613465,0.014772795690687103,0.01992614970206985,0.06646486311710714,123.8647635532151,74.25399028452463,0.9969907895009592,0.001303846217415243,0.0009755216250823604
tour[57],-0.04499925456248821,0.022112436278413784,-0.0767864398538473,-0.008080765545693832,138.3508451471203,45.419184967985174,1.022954666361677,0.0018573575469747353,0.0017756907150379272
tour[58],0.007925614101508098,0.0238517378287952,-0.029022145581903552,0.04642397983041957,146.53237502685877,76.77006278361407,0.987215369965846,0.0020018357377795553,0.0017009160347492807
tour[59],-0.04810328781808505,0.01879531715821802,-0.07768727646465054,-0.018488203975089202,162.35030263865644,107.58137379821618,0.9998598164819977,0.0014767503534625088,0.001373103249590814
tour[60],0.011739064244053127,0.02184934414936624,-0.0254880775699775,0.04551676815179742,137.46823710289902,108.23522538050307,1.0073479334198356,0.001890708914903622,0.001863702580800832
tour[61],0.04110511742734331,0.017000288109505,0.01741590330072819,0.06682132240702407,154.94453825779513,79.73598765103527,1.0210400230371293,0.0013616931089140572,0.0010150175187156388
tour[62],0.006645478579018129,0.011025416858164147,-0.011291801029174662,0.023695596689435536,175.9391234714533,100.59027401711253,1.0063820021549232,0.0008209017519548605,0.000803855167832932
tour[63],-0.13914983064487932,0.022742953587819227,-0.1814334429188825,-0.10564507338477802,97.73870311460753,87.17749620583771,0.993246297711275,0.00229373218945742,0.0011881940139023685
tour[64],0.011024370909493377,0.02295912470337098,-0.02793491218903037,0.04493106569463835,172.1091477660777,101.09278434903615,0.9967931151006607,0.0018028284025837721,0.0018796608252895448
tour[65],0.050214972241995254,0.01949911799959609,0.016795033069937817,0.08100986486283031,102.93245656581914,100.69933860999674,1.0132045617275187,0.0019180323618159985,0.0012451496191141793
tour[66],-0.05161683630338519,0.02537001488540043,-0.09751166838306236,-0.017944704023837257,108.54050238345111,86.90858764748656,1.010781540624893,0.0024210399875678277,0.0019333333505565744
tour[67],0.01987692366858541,0.017624750332722473,-0.005205491712607556,0.048518532015373074,115.66518140186751,91.65597552551068,1.0350720744813748,0.0016563625509776986,0.0013447834822497306
tour[68],0.135066190980154,0.012100121112196736,0.11644011664053991,0.15287958260183218,145.25720063874488,83.91963123883461,1.0233070135233027,0.0010035341321374138,0.0010355974941463175
tour[69],0.0016045582099600232,0.01574714562208184,-0.02021165969926712,0.02489046672391036,115.36991965812963,86.61894658303994,1.0182560933562295,0.001462757006762132,0.0010124858177690402
tour[70],0.04140487120944707,0.02129282654544947,0.006276689779838969,0.0799964887851289,129.1242456523136,93.44487388120423,1.0057928634721265,0.0018259804818343884,0.00160461997753772
