p1,p2,date,source_year,year,surface,tournament,round,score,n1,k1,n2,k2,period,match_id,tourney_id,best_of,iid,conditional_burst,burst,temperature,burst_seed2
wta:220704,wta:211768,2024-12-30,2025,2024,hard,Auckland,F,4-6 0-0 RET,36,19,25,17,83,WTA-2025-1049-300,2025-1049,3,0.22082697085756797,0.38892279523954837,0.30487488304855814,0.30141493419810494,0.3099710075526778
wta:211768,wta:221024,2024-12-30,2025,2024,hard,Auckland,QF,6-7(2) 6-1 6-2,82,53,80,43,83,WTA-2025-1049-294,2025-1049,3,0.8538709638865767,0.6558132438205676,0.7548421038535722,0.7643827592907199,0.7509666079731938
wta:219917,wta:220465,2024-12-30,2025,2024,hard,Auckland,QF,6-1 6-4,62,35,51,24,83,WTA-2025-1049-295,2025-1049,3,0.17414623824859826,0.37030820872749465,0.27222722348804645,0.2615975889657398,0.27085401628633754
wta:221905,wta:211095,2024-12-30,2025,2024,hard,Auckland,QF,6-4 6-4,55,39,64,37,83,WTA-2025-1049-296,2025-1049,3,0.28449172929880034,0.42224595666768383,0.3533688429832421,0.35095152040283834,0.3551692702032604
wta:220704,wta:201619,2024-12-30,2025,2024,hard,Auckland,QF,6-4 7-6(7),75,48,91,53,83,WTA-2025-1049-297,2025-1049,3,0.24763627739488975,0.41370155630149524,0.3306689168481925,0.32282065606628135,0.3252371194725441
wta:221024,wta:214839,2024-12-30,2025,2024,hard,Auckland,R16,5-7 7-5 7-6(6),138,83,126,76,83,WTA-2025-1049-286,2025-1049,3,0.6856175792117734,0.5640830027464144,0.6248502909790938,0.6271025359060265,0.6245756495387521
wta:211768,wta:211814,2024-12-30,2025,2024,hard,Auckland,R16,7-5 6-3,61,48,65,40,83,WTA-2025-1049-287,2025-1049,3,0.9611831180502508,0.7843454379005188,0.8727642779753848,0.8946872565546641,0.878012981057472
wta:219917,wta:213889,2024-12-30,2025,2024,hard,Auckland,R16,7-5 6-3,59,41,61,34,83,WTA-2025-1049-288,2025-1049,3,0.21174668136887903,0.40198352151357947,0.30686510144122925,0.29394802280247045,0.30298960556085086
wta:220465,wta:215983,2024-12-30,2025,2024,hard,Auckland,R16,6-4 6-3,67,39,63,30,83,WTA-2025-1049-289,2025-1049,3,0.4905791431444685,0.4981080256332011,0.4943435843888348,0.4937190157998353,0.4903155099304888
wta:221905,wta:211702,2024-12-30,2025,2024,hard,Auckland,R16,6-2 6-2,46,33,54,28,83,WTA-2025-1049-290,2025-1049,3,0.5109888156437807,0.4977418370460787,0.5043653263449297,0.5073265325106171,0.5098581551517652
wta:211095,wta:201606,2024-12-30,2025,2024,hard,Auckland,R16,7-6(2) 6-4,68,42,83,45,83,WTA-2025-1049-291,2025-1049,3,0.7775360937388014,0.6060115959719256,0.6917738448553634,0.6972514396882988,0.6909499205343381
wta:220704,wta:213550,2024-12-30,2025,2024,hard,Auckland,R16,4-6 7-6(7) 7-6(3),111,70,120,72,83,WTA-2025-1049-292,2025-1049,3,0.5325534610143682,0.518919743667989,0.5257366023411786,0.5217193738604995,0.5214338864424908
wta:201619,wta:211713,2024-12-30,2025,2024,hard,Auckland,R16,6-1 6-2,41,30,55,23,83,WTA-2025-1049-293,2025-1049,3,0.8609706820388179,0.6520292950869698,0.7564999885628938,0.7712854373880483,0.7548216242052497
wta:214839,wta:223159,2024-12-30,2025,2024,hard,Auckland,R32,6-3 6-3,62,39,54,29,83,WTA-2025-1049-270,2025-1049,3,0.653538853033257,0.5550503509307293,0.6042946019819931,0.6042218333312207,0.6095433050640804
wta:221024,wta:260761,2024-12-30,2025,2024,hard,Auckland,R32,6-0 6-2,39,29,58,25,83,WTA-2025-1049-271,2025-1049,3,0.7022346462051601,0.5961245041196216,0.6491795751623908,0.6392186679305436,0.6515598009786863
wta:211814,wta:220742,2024-12-30,2025,2024,hard,Auckland,R32,2-6 6-3 7-6(7),102,61,112,65,83,WTA-2025-1049-272,2025-1049,3,0.7456461494609906,0.6385413487946292,0.6920937491278099,0.6719496916128295,0.6878825803759028
wta:211768,wta:215151,2024-12-30,2025,2024,hard,Auckland,R32,6-4 6-4,55,39,68,40,83,WTA-2025-1049-273,2025-1049,3,0.9514604774957326,0.7838571864510223,0.8676588319733775,0.8790799774301492,0.8696728692025504
wta:219917,wta:216153,2024-12-30,2025,2024,hard,Auckland,R32,2-6 6-2 6-3,96,53,80,44,83,WTA-2025-1049-274,2025-1049,3,0.09711652822558953,0.3056759231003967,0.20139622566299312,0.18445446698683077,0.20698060161660922
wta:213889,wta:204431,2024-12-30,2025,2024,hard,Auckland,R32,6-4 6-0,58,36,49,21,83,WTA-2025-1049-275,2025-1049,3,0.729981116277484,0.5801342691486115,0.6550576927130478,0.6599379795776182,0.6553323341533895
wta:215983,wta:201585,2024-12-30,2025,2024,hard,Auckland,R32,5-7 6-4 6-4,87,59,108,62,83,WTA-2025-1049-276,2025-1049,3,0.584019895652565,0.5342386328959414,0.5591292642742531,0.5563097134212253,0.5545824226508171
wta:220465,wta:222965,2024-12-30,2025,2024,hard,Auckland,R32,6-4 6-7(6) 6-2,107,68,119,68,83,WTA-2025-1049-277,2025-1049,3,0.6789811075819673,0.5607873054623131,0.6198842065221402,0.6223172730110186,0.6208301937055396
wta:221905,wta:215988,2024-12-30,2025,2024,hard,Auckland,R32,6-3 2-6 6-0,73,41,81,39,83,WTA-2025-1049-278,2025-1049,3,0.46401885089504796,0.4914555996338114,0.4777372252644297,0.4759895129938675,0.47566215660406963
wta:211702,wta:215898,2024-12-30,2025,2024,hard,Auckland,R32,6-3 6-4,69,39,66,33,83,WTA-2025-1049-279,2025-1049,3,0.4098300032104008,0.47149832163564237,0.4406641624230216,0.43951956110110674,0.4392909552213127
wta:211095,wta:223286,2024-12-30,2025,2024,hard,Auckland,R32,6-2 7-5,58,40,70,38,83,WTA-2025-1049-280,2025-1049,3,0.7943930077296564,0.6238938053097345,0.7091434065196954,0.7111702651980318,0.7079838093271413
wta:201606,wta:215138,2024-12-30,2025,2024,hard,Auckland,R32,6-3 3-6 6-3,86,53,76,45,83,WTA-2025-1049-281,2025-1049,3,0.20540259760611895,0.3780592004882514,0.2917308990471852,0.2886583374853835,0.2955453634963765
wta:220704,wta:214593,2024-12-30,2025,2024,hard,Auckland,R32,6-2 6-3,53,31,51,19,83,WTA-2025-1049-282,2025-1049,3,0.8336273390198521,0.6335367714372903,0.7335820552285712,0.7454272383153898,0.7310797665499016
wta:213550,wta:216016,2024-12-30,2025,2024,hard,Auckland,R32,7-6(5) 6-1,73,48,56,35,83,WTA-2025-1049-283,2025-1049,3,0.5023060350601877,0.5050045773573391,0.5036553062087634,0.5015373627626625,0.49981032604397846
wta:211713,wta:263857,2024-12-30,2025,2024,hard,Auckland,R32,6-3 2-0 RET,36,23,27,12,83,WTA-2025-1049-284,2025-1049,3,0.36159286365694476,0.4509307293256027,0.4062617964912737,0.4063749695520043,0.40787912941773086
wta:201619,wta:214459,2024-12-30,2025,2024,hard,Auckland,R32,6-4 6-4,50,34,75,40,83,WTA-2025-1049-285,2025-1049,3,0.8380562312819949,0.6318889227952396,0.7349725770386173,0.7494893527080798,0.7346674198826819
wta:211768,wta:219917,2024-12-30,2025,2024,hard,Auckland,SF,6-4 6-2,58,38,52,27,83,WTA-2025-1049-298,2025-1049,3,0.9640540421307803,0.782575526396094,0.8733147842634371,0.899596910647608,0.8716364199057929
wta:220704,wta:221905,2024-12-30,2025,2024,hard,Auckland,SF,6-4 6-3,57,37,69,34,83,WTA-2025-1049-299,2025-1049,3,0.8318269391122539,0.6330485199877938,0.7324377295500238,0.7437885854177688,0.7336278424581715
wta:214544,wta:221236,2024-12-30,2025,2024,hard,Brisbane,F,4-6 6-3 6-2,77,51,89,47,83,WTA-2025-800-300,2025-800,3,0.9668959190337957,0.7877631980469942,0.877329558540395,0.9046179988145586,0.8772685271092079
wta:211843,wta:214040,2024-12-30,2025,2024,hard,Brisbane,QF,4-6 6-1 7-5,95,65,88,54,83,WTA-2025-800-294,2025-800,3,0.5100622965553092,0.5015257857796765,0.5057940411674928,0.5067087009034847,0.5097915999102454
wta:221236,wta:221909,2024-12-30,2025,2024,hard,Brisbane,QF,7-6(5) 6-3,72,49,67,42,83,WTA-2025-800-295,2025-800,3,0.4724247068723074,0.49127250534025024,0.48184860610627883,0.4816061032787362,0.48151293323475
wta:259799,wta:202460,2024-12-30,2025,2024,hard,Brisbane,QF,6-4 7-6(2),78,49,69,39,83,WTA-2025-800-296,2025-800,3,0.7077845556662065,0.5670125114433934,0.6373985335547999,0.6433113607567043,0.6369713135364905
wta:214544,wta:213631,2024-12-30,2025,2024,hard,Brisbane,QF,6-3 6-4,64,44,69,38,83,WTA-2025-800-297,2025-800,3,0.9240044208495735,0.7082392432102533,0.8161218320299134,0.8409563581724181,0.8174950392316223
wta:214040,wta:215713,2024-12-30,2025,2024,hard,Brisbane,R16,7-6(2) 6-2,67,46,88,47,83,WTA-2025-800-286,2025-800,3,0.35927542798903267,0.44525480622520597,0.4022651171071193,0.40475922959463073,0.41090106462008846
wta:211843,wta:206294,2024-12-30,2025,2024,hard,Brisbane,R16,6-1 6-4,53,32,60,27,83,WTA-2025-800-287,2025-800,3,0.33461763272789097,0.44592615196826363,0.3902718923480773,0.3874013110332684,0.3898446723297679
wta:221236,wta:214082,2024-12-30,2025,2024,hard,Brisbane,R16,1-6 6-2 7-5,95,47,75,38,83,WTA-2025-800-288,2025-800,3,0.2268955080954377,0.4082697589258468,0.31758263351064225,0.3063406904986558,0.31398177907060565
wta:221909,wta:215480,2024-12-30,2025,2024,hard,Brisbane,R16,7-5 6-0,49,35,50,24,83,WTA-2025-800-289,2025-800,3,0.3634824700565658,0.4566066524259994,0.41004456124128263,0.4076905970643671,0.4114177684429915
wta:259799,wta:222328,2024-12-30,2025,2024,hard,Brisbane,R16,6-3 6-0,57,40,42,20,83,WTA-2025-800-290,2025-800,3,0.6481904822405964,0.5433933475740006,0.5957919149072985,0.6004634397357347,0.5954562420357696
wta:202460,wta:220589,2024-12-30,2025,2024,hard,Brisbane,R16,6-4 1-6 6-4,83,41,101,55,83,WTA-2025-800-291,2025-800,3,0.7149349655116785,0.5768385718645103,0.6458867686880944,0.6486209239013462,0.6444525300551984
wta:213631,wta:201458,2024-12-30,2025,2024,hard,Brisbane,R16,6-4 6-4,88,46,59,27,83,WTA-2025-800-292,2025-800,3,0.24819089621690255,0.4097955447055233,0.32899322046121293,0.32325431960492046,0.33256355918565605
wta:214544,wta:201709,2024-12-30,2025,2024,hard,Brisbane,R16,7-6(2) 6-4,75,50,84,49,83,WTA-2025-800-293,2025-800,3,0.7979390051476822,0.6171193164479707,0.7075291607978265,0.7141532408361522,0.6989847604316379
wta:214040,wta:215613,2024-12-30,2025,2024,hard,Brisbane,R32,7-5 7-5,78,47,81,40,83,WTA-2025-800-270,2025-800,3,0.14891435046469728,0.3518156850778151,0.2503650177712562,0.23828694730169903,0.25210441356008745
wta:215713,wta:215035,2024-12-30,2025,2024,hard,Brisbane,R32,7-5 6-4,61,39,79,41,83,WTA-2025-800-271,2025-800,3,0.6153422220822506,0.5425999389685688,0.5789710805254098,0.577670140302454,0.5763467289843661
wta:206294,wta:216146,2024-12-30,2025,2024,hard,Brisbane,R32,6-4 6-3,55,36,73,40,83,WTA-2025-800-272,2025-800,3,0.33716014079334256,0.4490387549588038,0.3930994478760732,0.38920616908345707,0.39416749792184674
wta:211843,wta:223670,2024-12-30,2025,2024,hard,Brisbane,R32,6-3 4-6 6-1,71,48,84,47,83,WTA-2025-800-273,2025-800,3,0.13101806156150247,0.3530973451327434,0.24205770334712293,0.22074592502568263,0.23940283609048574
wta:214082,wta:220548,2024-12-30,2025,2024,hard,Brisbane,R32,7-6(7) 4-6 7-5,131,69,136,70,83,WTA-2025-800-274,2025-800,3,0.5729495336878123,0.5260604211168752,0.5495049774023437,0.5488264752913097,0.5456905129531524
wta:221236,wta:214643,2024-12-30,2025,2024,hard,Brisbane,R32,6-7(7) 6-3 6-2,99,65,89,51,83,WTA-2025-800-275,2025-800,3,0.248189580608776,0.40460787305462315,0.32639872683169957,0.32325329132323566,0.3272531668683184
wta:215480,wta:211684,2024-12-30,2025,2024,hard,Brisbane,R32,7-5 6-3,75,46,67,35,83,WTA-2025-800-276,2025-800,3,0.517311360601378,0.5046383887702167,0.5109748746857974,0.5115434703029323,0.5083505231447536
wta:221909,wta:214939,2024-12-30,2025,2024,hard,Brisbane,R32,6-3 6-3,56,39,48,29,83,WTA-2025-800-277,2025-800,3,0.22462811794579027,0.4038754958803784,0.31425180691308435,0.30450612045861325,0.31474005836258084
wta:259799,wta:215020,2024-12-30,2025,2024,hard,Brisbane,R32,6-4 6-4,62,39,62,34,83,WTA-2025-800-278,2025-800,3,0.9672070679339447,0.7722612145254806,0.8697341412297126,0.9051782495456846,0.8702834241103963
wta:222328,wta:223331,2024-12-30,2025,2024,hard,Brisbane,R32,6-1 6-4,49,38,59,32,83,WTA-2025-800-279,2025-800,3,0.8708667048645388,0.6779066219102838,0.7743866633874112,0.7811582989284827,0.775119040561656
wta:202460,wta:206420,2024-12-30,2025,2024,hard,Brisbane,R32,6-3 6-2,61,40,62,30,83,WTA-2025-800-280,2025-800,3,0.5518665364567732,0.5215440952090327,0.5367053158329029,0.5346469086932965,0.5343250900166076
wta:220589,wta:211651,2024-12-30,2025,2024,hard,Brisbane,R32,6-3 1-6 6-2,104,58,82,47,83,WTA-2025-800-281,2025-800,3,0.09399774971551673,0.3203234665852914,0.20716060815040407,0.18086263610546538,0.20572636951750814
wta:213631,wta:211533,2024-12-30,2025,2024,hard,Brisbane,R32,7-6(0) 6-4,79,42,90,39,83,WTA-2025-800-282,2025-800,3,0.5120468906790638,0.5017699115044247,0.5069084010917443,0.5080321240402129,0.5097768783575363
wta:201458,wta:233741,2024-12-30,2025,2024,hard,Brisbane,R32,6-7(5) 6-2 6-4,98,60,109,56,83,WTA-2025-800-283,2025-800,3,0.851422830598524,0.6625877326823314,0.7570052816404277,0.7620351284263256,0.7598737589062196
wta:201709,wta:220520,2024-12-30,2025,2024,hard,Brisbane,R32,6-2 7-5,61,44,68,40,83,WTA-2025-800-284,2025-800,3,0.8625516338868302,0.6475740006103143,0.7550628172485723,0.7728424046145812,0.7588772816977636
wta:214544,wta:213887,2024-12-30,2025,2024,hard,Brisbane,R32,6-4 6-0,42,30,43,21,83,WTA-2025-800-285,2025-800,3,0.9830452552032841,0.82731156545621,0.9051784103297471,0.9374230860066561,0.9049037688894053
wta:214040,wta:211880,2024-12-30,2025,2024,hard,Brisbane,R64,3-6 7-5 6-2,74,43,89,44,83,WTA-2025-800-239,2025-800,3,0.6739067772144917,0.5585901739395789,0.6162484755770352,0.6186775780676503,0.6173775570539959
wta:215713,wta:202536,2024-12-30,2025,2024,hard,Brisbane,R64,2-6 6-4 2-0 RET,69,36,99,48,83,WTA-2025-800-240,2025-800,3,0.5618504288344791,0.5147696063472689,0.5383100175908739,0.541351223763064,0.5381269232973128
wta:206294,wta:201551,2024-12-30,2025,2024,hard,Brisbane,R64,6-2 6-4,52,40,51,29,83,WTA-2025-800-243,2025-800,3,0.6457018490381633,0.5414403417760146,0.593571095407089,0.598719545537264,0.5944560511593013
wta:211843,wta:206374,2024-12-30,2025,2024,hard,Brisbane,R64,6-4 2-0 RET,29,17,46,21,83,WTA-2025-800-244,2025-800,3,0.3147431950972161,0.4414708574916082,0.3781070262944122,0.37315835495339256,0.37212594603808014
wta:220548,wta:206368,2024-12-30,2025,2024,hard,Brisbane,R64,6-2 6-3,66,43,51,26,83,WTA-2025-800-247,2025-800,3,0.5838440247569683,0.5217271895025939,0.5527856071297811,0.5561905934785055,0.557149354459656
wta:221236,wta:216133,2024-12-30,2025,2024,hard,Brisbane,R64,6-1 6-3,49,30,49,21,83,WTA-2025-800-248,2025-800,3,0.30906180949821244,0.43140067134574306,0.37023124042197775,0.36903954392132343,0.3714823847613125
wta:215480,wta:215872,2024-12-30,2025,2024,hard,Brisbane,R64,6-2 6-4,73,47,55,31,83,WTA-2025-800-251,2025-800,3,0.7086355707103562,0.5624351541043637,0.63553536240736,0.6439410890295144,0.6346504066551476
wta:221909,wta:220416,2024-12-30,2025,2024,hard,Brisbane,R64,6-3 1-6 6-3,69,45,77,45,83,WTA-2025-800-252,2025-800,3,0.7999620277459344,0.608452853219408,0.7042074404826713,0.7158641680669922,0.7068623077393084
wta:215020,wta:239383,2024-12-30,2025,2024,hard,Brisbane,R64,6-1 7-6(5),48,30,74,34,83,WTA-2025-800-255,2025-800,3,0.5355448416760149,0.5107415318889228,0.5231431867824688,0.5237187856715982,0.5221971995990694
wta:223331,wta:213710,2024-12-30,2025,2024,hard,Brisbane,R64,7-6(3) 6-2,73,48,71,39,83,WTA-2025-800-256,2025-800,3,0.3430248673430312,0.44086054317973755,0.3919427052613844,0.39335558429193607,0.38910474371118603
wta:202460,wta:202453,2024-12-30,2025,2024,hard,Brisbane,R64,7-6(5) 6-4,85,53,77,46,83,WTA-2025-800-259,2025-800,3,0.9138458832454294,0.7056759231003967,0.809760903172913,0.8284027746200417,0.8099745131820677
wta:220589,wta:211685,2024-12-30,2025,2024,hard,Brisbane,R64,1-6 6-2 6-2,71,42,80,45,83,WTA-2025-800-260,2025-800,3,0.3599242904991019,0.45520292950869695,0.4075636100038994,0.4052118744472656,0.4089978486367954
wta:213631,wta:221883,2024-12-30,2025,2024,hard,Brisbane,R64,7-6(5) 3-6 6-3,106,63,120,66,83,WTA-2025-800-263,2025-800,3,0.9277361215344884,0.7620079340860543,0.8448720278102713,0.8457455839991672,0.8464893607367285
wta:233741,wta:213666,2024-12-30,2025,2024,hard,Brisbane,R64,6-3 6-4,61,39,59,33,83,WTA-2025-800-264,2025-800,3,0.6974785283036874,0.5970399755874275,0.6472592519455574,0.6357302443416312,0.642864988900089
wta:220520,wta:202663,2024-12-30,2025,2024,hard,Brisbane,R64,6-4 6-4,58,39,55,31,83,WTA-2025-800-267,2025-800,3,0.3287462346837,0.4483674092157461,0.3885568219497231,0.3832189937309626,0.3886483690965037
wta:213887,wta:202600,2024-12-30,2025,2024,hard,Brisbane,R64,6-0 6-3,51,33,47,18,83,WTA-2025-800-268,2025-800,3,0.41754500408508155,0.4838877021666158,0.4507163531258487,0.44474993658668993,0.44690188867665737
wta:221236,wta:211843,2024-12-30,2025,2024,hard,Brisbane,SF,6-4 6-3,72,46,46,27,83,WTA-2025-800-298,2025-800,3,0.5449143849947424,0.5162953921269454,0.5306048885608439,0.5299878201064925,0.5277058955794585
wta:214544,wta:259799,2024-12-30,2025,2024,hard,Brisbane,SF,6-3 6-2,78,50,49,28,83,WTA-2025-800-299,2025-800,3,0.7542525491390601,0.5853219407995117,0.6697872449692859,0.678658851720454,0.6697567292536923
wta:220520,wta:210722,2025-01-06,2025,2025,hard,Hobart,F,6-4 3-6 6-0,69,43,104,53,84,WTA-2025-1050-300,2025-1050,3,0.22448955744152857,0.39844369850472994,0.31146662797312924,0.304393785870641,0.311741269413471
wta:210722,wta:206368,2025-01-06,2025,2025,hard,Hobart,QF,6-1 0-6 6-2,68,39,80,42,84,WTA-2025-1050-294,2025-1050,3,0.6496220541165789,0.5471162648764114,0.5983691594964952,0.6014680024011188,0.60169537249619
wta:233741,wta:213550,2025-01-06,2025,2025,hard,Hobart,QF,6-3 6-1,55,33,46,20,84,WTA-2025-1050-295,2025-1050,3,0.3495720469781767,0.4354287458040891,0.3925003963911329,0.39796602704911804,0.39674208085863366
wta:220520,wta:215035,2025-01-06,2025,2025,hard,Hobart,QF,7-5 6-4,60,38,91,46,84,WTA-2025-1050-297,2025-1050,3,0.513673575261468,0.5073848031736344,0.5105291892175512,0.5091169797102612,0.5110479563826412
wta:210722,wta:213887,2025-01-06,2025,2025,hard,Hobart,R16,6-4 6-3,58,30,61,24,84,WTA-2025-1050-286,2025-1050,3,0.8365474838983714,0.6361000915471468,0.7363237877227591,0.7481005080193671,0.7351641905302049
wta:206368,wta:215785,2025-01-06,2025,2025,hard,Hobart,R16,6-4 6-1,56,35,57,28,84,WTA-2025-1050-287,2025-1050,3,0.6002846896510945,0.5296612755569118,0.5649729826040031,0.5673631716436619,0.5666208312460539
wta:233741,wta:202663,2025-01-06,2025,2025,hard,Hobart,R16,6-1 6-1,45,29,42,13,84,WTA-2025-1050-288,2025-1050,3,0.33677152986163655,0.44006713457430574,0.38841933221797115,0.38893054286342954,0.3889686150986547
wta:213550,wta:215020,2025-01-06,2025,2025,hard,Hobart,R16,6-2 3-6 6-2,67,45,80,46,84,WTA-2025-1050-289,2025-1050,3,0.8354482390016246,0.6351846200793408,0.7353164295404827,0.7470919232661439,0.7329056880085938
wta:220589,wta:213889,2025-01-06,2025,2025,hard,Hobart,R16,6-2 6-2,39,30,54,25,84,WTA-2025-1050-290,2025-1050,3,0.4706188597174423,0.4941409826060421,0.4823799211617422,0.4804000297571693,0.48091516681325275
wta:216153,wta:214388,2025-01-06,2025,2025,hard,Hobart,R16,6-3 6-4,57,42,48,34,84,WTA-2025-1050-291,2025-1050,3,0.8957391087465917,0.682056759231004,0.7888979339887978,0.8074981883040216,0.7920715684105251
wta:220520,wta:214604,2025-01-06,2025,2025,hard,Hobart,R16,6-2 6-2,45,30,56,27,84,WTA-2025-1050-292,2025-1050,3,0.6386875030777656,0.5474824534635337,0.5930849782706497,0.5938203730235115,0.5931460097018367
wta:215035,wta:215983,2025-01-06,2025,2025,hard,Hobart,R16,1-6 7-5 6-2,97,51,108,54,84,WTA-2025-1050-293,2025-1050,3,0.35438270548287876,0.45251754653646625,0.4034501260096725,0.4013396519511479,0.40250413882627306
wta:210722,wta:203463,2025-01-06,2025,2025,hard,Hobart,R32,6-3 6-1,54,35,54,25,84,WTA-2025-1050-270,2025-1050,3,0.9115089383711693,0.7005492828806835,0.8060291106259264,0.8256059058873974,0.8052051863049011
wta:213887,wta:214459,2025-01-06,2025,2025,hard,Hobart,R32,6-4 6-3,71,41,61,32,84,WTA-2025-1050-271,2025-1050,3,0.32418672026378964,0.43365883429966434,0.37892277728172696,0.3799568328100961,0.37989928018071994
wta:206368,wta:220714,2025-01-06,2025,2025,hard,Hobart,R32,7-5 6-0,61,38,83,39,84,WTA-2025-1050-272,2025-1050,3,0.6518669444867049,0.5549282880683553,0.6033976162775301,0.6030453787163981,0.5977827246083205
wta:215785,wta:206294,2025-01-06,2025,2025,hard,Hobart,R32,6-2 6-3,61,37,63,29,84,WTA-2025-1050-273,2025-1050,3,0.41564211824723907,0.47735733902960026,0.4464997286384197,0.4434613411026219,0.4467438543631679
wta:202663,wta:219875,2025-01-06,2025,2025,hard,Hobart,R32,6-3 3-6 6-4,85,44,101,52,84,WTA-2025-1050-274,2025-1050,3,0.7795731339728371,0.5961245041196216,0.6878488190462293,0.6989116002023182,0.6890694476699706
wta:233741,wta:215337,2025-01-06,2025,2025,hard,Hobart,R32,6-2 6-3,52,36,65,35,84,WTA-2025-1050-275,2025-1050,3,0.3907944434623763,0.45068660360085444,0.4207405235316154,0.4265398396024946,0.42373106365978136
wta:215020,wta:211095,2025-01-06,2025,2025,hard,Hobart,R32,7-5 6-4,91,47,66,29,84,WTA-2025-1050-276,2025-1050,3,0.25922674699025744,0.41760756789746717,0.3384171574438623,0.33181349493268053,0.3388748931777653
wta:213550,wta:215138,2025-01-06,2025,2025,hard,Hobart,R32,4-6 6-3 6-3,77,49,91,50,84,WTA-2025-1050-277,2025-1050,3,0.5768145933772721,0.5343606957583156,0.5555876445677939,0.5514358130444524,0.5547026888155815
wta:220589,wta:216016,2025-01-06,2025,2025,hard,Hobart,R32,6-3 7-5,68,40,63,34,84,WTA-2025-1050-278,2025-1050,3,0.3830619209225953,0.4575831553249924,0.42032253812379383,0.42123280000706587,0.4218483239034704
wta:213889,wta:202600,2025-01-06,2025,2025,hard,Hobart,R32,7-5 6-3,71,41,67,35,84,WTA-2025-1050-279,2025-1050,3,0.5921026499611842,0.525877326823314,0.5589899883922491,0.5617932274059573,0.5619194970892281
wta:214388,wta:210886,2025-01-06,2025,2025,hard,Hobart,R32,7-5 6-4,80,41,101,48,84,WTA-2025-1050-280,2025-1050,3,0.4814241957359608,0.49218797680805615,0.4868060862720085,0.48761296332289356,0.4877825891710015
wta:216153,wta:201611,2025-01-06,2025,2025,hard,Hobart,R32,6-3 6-3,50,34,59,31,84,WTA-2025-1050-281,2025-1050,3,0.7431443977224128,0.5833079035703387,0.6632261506463757,0.6700145504242072,0.6674068036826895
wta:220520,wta:211685,2025-01-06,2025,2025,hard,Hobart,R32,6-3 7-5,82,47,62,31,84,WTA-2025-1050-282,2025-1050,3,0.32093211247846826,0.44037229173024106,0.3806522021043547,0.37762033976929343,0.3836427422325207
wta:214604,wta:222601,2025-01-06,2025,2025,hard,Hobart,R32,6-3 3-6 6-0,89,50,73,33,84,WTA-2025-1050-283,2025-1050,3,0.3748146705740168,0.4580103753433018,0.41641252295865927,0.41554773229682,0.415588598637634
wta:215983,wta:201585,2025-01-06,2025,2025,hard,Hobart,R32,7-5 6-1,57,39,66,32,84,WTA-2025-1050-284,2025-1050,3,0.5827528861714363,0.5261214525480623,0.5544371693597493,0.5554517273236519,0.5576108037814764
wta:215035,wta:220465,2025-01-06,2025,2025,hard,Hobart,R32,2-6 6-4 6-1,74,43,95,49,84,WTA-2025-1050-285,2025-1050,3,0.35943282069651583,0.4541043637473299,0.40676859222192285,0.4048690444160994,0.4085079880107541
wta:210722,wta:233741,2025-01-06,2025,2025,hard,Hobart,SF,6-2 6-3,56,36,59,31,84,WTA-2025-1050-298,2025-1050,3,0.7553364022785364,0.6086359475129692,0.6819861748957528,0.6795096669635633,0.6827795835011845
wta:220520,wta:220589,2025-01-06,2025,2025,hard,Hobart,SF,4-6 6-3 6-4,85,45,86,41,84,WTA-2025-1050-299,2025-1050,3,0.44819215466342344,0.4844980164784864,0.4663450855709549,0.46539245414473746,0.4641174383326272
wta:201619,wta:202468,2025-01-06,2025,2025,hard,Adelaide,F,6-3 4-6 6-1,75,50,91,48,84,WTA-2025-2014-300,2025-2014,3,0.43485354669652987,0.48315532499237107,0.4590044358444505,0.4564315070372591,0.45668524145934214
wta:214643,wta:215613,2025-01-06,2025,2025,hard,Adelaide,QF,6-4 6-4,54,34,57,28,84,WTA-2025-2014-294,2025-2014,3,0.41635037764993543,0.4736954531583766,0.445022915404156,0.4439410688229155,0.4448703368261884
wta:201619,wta:214082,2025-01-06,2025,2025,hard,Adelaide,QF,6-1 6-3,52,36,45,20,84,WTA-2025-2014-295,2025-2014,3,0.6956693068443265,0.5560268538297223,0.6258480803370243,0.6344076926640009,0.6296015133550287
wta:201709,wta:223670,2025-01-06,2025,2025,hard,Adelaide,QF,7-6(3) 6-7(9) 6-4,141,84,112,68,84,WTA-2025-2014-296,2025-2014,3,0.5209719238106348,0.5055538602380226,0.5132628920243287,0.5139858409420028,0.5147886778040052
wta:202468,wta:221909,2025-01-06,2025,2025,hard,Adelaide,QF,6-4 2-0 RET,40,28,36,20,84,WTA-2025-2014-297,2025-2014,3,0.8963620588425443,0.6796155019835215,0.7879887804130329,0.8081903207573895,0.7883549690001552
wta:215613,wta:206420,2025-01-06,2025,2025,hard,Adelaide,R16,7-6(4) 6-4,78,47,100,53,84,WTA-2025-2014-286,2025-2014,3,0.6517802902577,0.5488861763808361,0.6003332333192681,0.6029844430802314,0.6017979876677575
wta:214643,wta:202505,2025-01-06,2025,2025,hard,Adelaide,R16,7-6(3) 4-6 6-4,107,66,103,62,84,WTA-2025-2014-287,2025-2014,3,0.4327031172167273,0.4727189502593836,0.45271103373805544,0.45498374039194717,0.45496919669197666
wta:214082,wta:263644,2025-01-06,2025,2025,hard,Adelaide,R16,7-5 6-3,72,40,68,34,84,WTA-2025-2014-288,2025-2014,3,0.9223335290469679,0.7261214525480623,0.8242274907975151,0.8388444855798706,0.8262720437422817
wta:201619,wta:211533,2025-01-06,2025,2025,hard,Adelaide,R16,3-6 6-4 6-3,94,53,101,50,84,WTA-2025-2014-289,2025-2014,3,0.7682411581987985,0.5958193469636863,0.6820302525812424,0.6897471684642513,0.68322036548939
wta:223670,wta:214954,2025-01-06,2025,2025,hard,Adelaide,R16,4-6 1-1 RET,47,21,58,28,84,WTA-2025-2014-290,2025-2014,3,0.5099425548623373,0.4991455599633811,0.5045440574128592,0.5066288553548408,0.5080533647061152
wta:201709,wta:202460,2025-01-06,2025,2025,hard,Adelaide,R16,6-2 6-4,57,38,66,34,84,WTA-2025-2014-291,2025-2014,3,0.6513743870407105,0.54174549893195,0.5965599429863302,0.6026990615903504,0.5997030616924639
wta:221909,wta:211651,2025-01-06,2025,2025,hard,Adelaide,R16,7-6(4) 6-7(4) 6-2,116,66,104,59,84,WTA-2025-2014-292,2025-2014,3,0.09822693053636514,0.315929203539823,0.20707806703809406,0.18572138153289852,0.20597950127672698
wta:202468,wta:206289,2025-01-06,2025,2025,hard,Adelaide,R16,6-4 6-1,46,27,59,26,84,WTA-2025-2014-293,2025-2014,3,0.7069100579227966,0.5651205370765945,0.6360152974996955,0.6426648615717527,0.6363814860868179
wta:206420,wta:220367,2025-01-06,2025,2025,hard,Adelaide,R32,6-4 3-6 6-2,90,51,92,47,84,WTA-2025-2014-271,2025-2014,3,0.4274190394184602,0.46862984436985045,0.44802444189415536,0.4514221750679243,0.45238818922403023
wta:214643,wta:213631,2025-01-06,2025,2025,hard,Adelaide,R32,1-6 6-4 6-1,72,40,85,46,84,WTA-2025-2014-272,2025-2014,3,0.5939268461173567,0.5320415013732072,0.5629841737452819,0.5630333257921579,0.5609396208005154
wta:202505,wta:214939,2025-01-06,2025,2025,hard,Adelaide,R32,6-2 1-0 RET,30,22,37,16,84,WTA-2025-2014-273,2025-2014,3,0.5235106951037751,0.5003051571559353,0.5119079261298551,0.5156802203156503,0.5180415849641549
wta:214082,wta:216265,2025-01-06,2025,2025,hard,Adelaide,R32,6-2 6-3,57,37,67,33,84,WTA-2025-2014-274,2025-2014,3,0.6305595939147555,0.5391821788220934,0.5848708863684244,0.5881716400731452,0.586518735010475
wta:263644,wta:216133,2025-01-06,2025,2025,hard,Adelaide,R32,6-4 6-0,46,28,53,21,84,WTA-2025-2014-275,2025-2014,3,0.10749025872874572,0.2972535855965822,0.20237192216266398,0.1960619603693841,0.20401977080471465
wta:201619,wta:206242,2025-01-06,2025,2025,hard,Adelaide,R32,6-2 6-1,54,37,39,17,84,WTA-2025-2014-276,2025-2014,3,0.6110573209655258,0.5296612755569118,0.5703592982612188,0.574729125924791,0.5723428197747983
wta:211533,wta:211684,2025-01-06,2025,2025,hard,Adelaide,R32,4-6 6-1 6-1,95,57,83,40,84,WTA-2025-2014-277,2025-2014,3,0.5228237956616986,0.49798596277082696,0.5104048792162628,0.51522174030433,0.5176371038119296
wta:223670,wta:211701,2025-01-06,2025,2025,hard,Adelaide,R32,6-3 0-6 6-0,83,47,75,41,84,WTA-2025-2014-278,2025-2014,3,0.7156611934887501,0.5745804089105889,0.6451208011996695,0.6491625725486375,0.6440832668694896
wta:214954,wta:201499,2025-01-06,2025,2025,hard,Adelaide,R32,6-4 6-7(4) 6-2,117,71,118,63,84,WTA-2025-2014-279,2025-2014,3,0.5749122039360026,0.520872749465975,0.5478924767009887,0.5501510645298467,0.5495403253430395
wta:201709,wta:202499,2025-01-06,2025,2025,hard,Adelaide,R32,6-2 6-3,63,39,66,32,84,WTA-2025-2014-280,2025-2014,3,0.5885088964142613,0.5271589868782423,0.5578339416462518,0.5593529437057512,0.5571625959031941
wta:202460,wta:203389,2025-01-06,2025,2025,hard,Adelaide,R32,7-6(6) 6-2,60,42,73,42,84,WTA-2025-2014-281,2025-2014,3,0.3118483119084773,0.438358254501068,0.37510328320477265,0.3710624475357396,0.3736080131406897
wta:211651,wta:220548,2025-01-06,2025,2025,hard,Adelaide,R32,6-7(5) 6-3 7-5,118,68,108,59,84,WTA-2025-2014-282,2025-2014,3,0.7877137948087681,0.6013732072017088,0.6945435010052385,0.705604951378107,0.6942688595648967
wta:221909,wta:216146,2025-01-06,2025,2025,hard,Adelaide,R32,4-6 6-2 6-2,75,47,83,43,84,WTA-2025-2014-283,2025-2014,3,0.25358036550655183,0.41547146780592004,0.33452591665623593,0.32745065648694327,0.3348615895277648
wta:206289,wta:222328,2025-01-06,2025,2025,hard,Adelaide,R32,6-3 6-3,60,41,55,33,84,WTA-2025-2014-284,2025-2014,3,0.48276793132613594,0.4957277998169057,0.4892478655715208,0.4885094260541743,0.48805775266337315
wta:201619,wta:214643,2025-01-06,2025,2025,hard,Adelaide,SF,5-7 7-5 3-0 RET,69,49,98,59,84,WTA-2025-2014-298,2025-2014,3,0.6758848117712815,0.5540738480317363,0.6149793299015089,0.620094448268203,0.6192210143690097
wta:202468,wta:201709,2025-01-06,2025,2025,hard,Adelaide,SF,7-6(4) 6-3,74,50,60,40,84,WTA-2025-2014-299,2025-2014,3,0.6100485929987212,0.5336893500152579,0.5718689715069896,0.5740377223918777,0.5724792858188601
wta:201619,wta:214544,2025-01-13,2025,2025,hard,Australian Open,F,6-3 2-6 7-5,87,54,96,58,84,WTA-2025-580-226,2025-580,3,0.2668594564728273,0.4186451022276472,0.3427522793502373,0.33765911129967274,0.3415621664420896
wta:214544,wta:201499,2025-01-13,2025,2025,hard,Australian Open,QF,6-2 2-6 6-3,75,44,79,42,84,WTA-2025-580-220,2025-580,3,0.8385534860100047,0.6391516631064998,0.7388525745582523,0.7499482500385458,0.7391577317141875
wta:211651,wta:221103,2025-01-13,2025,2025,hard,Australian Open,QF,7-5 6-4,63,40,86,48,84,WTA-2025-580-221,2025-580,3,0.32082416420628956,0.4357949343912115,0.3783095492987505,0.37754272760164137,0.3829479380689672
wta:201619,wta:202494,2025-01-13,2025,2025,hard,Australian Open,QF,3-6 6-3 6-4,87,58,92,60,84,WTA-2025-580-222,2025-580,3,0.5072198633890438,0.5026853829722308,0.5049526231806373,0.5048134281254465,0.5046779817402955
wta:216347,wta:215613,2025-01-13,2025,2025,hard,Australian Open,QF,6-1 6-2,53,35,59,27,84,WTA-2025-580-223,2025-580,3,0.9006059018407989,0.6848031736344218,0.7927045377376103,0.8129535029287778,0.7932843363338874
wta:214544,wta:201585,2025-01-13,2025,2025,hard,Australian Open,R128,6-3 6-2,46,30,63,30,84,WTA-2025-580-100,2025-580,3,0.9535948484165611,0.7528532194079951,0.8532240339122781,0.8823857320014787,0.8541089896644904
wta:222601,wta:222661,2025-01-13,2025,2025,hard,Australian Open,R128,6-1 7-6(5),62,39,65,32,84,WTA-2025-580-101,2025-580,3,0.19434920382823753,0.37342081171803476,0.28388500777313613,0.27928804356410125,0.284220680644665
wta:213583,wta:211095,2025-01-13,2025,2025,hard,Australian Open,R128,7-6(3) 6-4,76,45,76,41,84,WTA-2025-580-102,2025-580,3,0.222754707048628,0.39618553555080865,0.3094701212997183,0.30298509190298323,0.3123385985655102
wta:220704,wta:222328,2025-01-13,2025,2025,hard,Australian Open,R128,5-7 6-3 6-4,90,59,79,51,84,WTA-2025-580-103,2025-580,3,0.37260051386565396,0.4558132438205676,0.4142068788431108,0.41401683426466857,0.4136270802468337
wta:211684,wta:221236,2025-01-13,2025,2025,hard,Australian Open,R128,6-4 6-4,58,32,63,28,84,WTA-2025-580-104,2025-580,3,0.6477845720110895,0.5466890448581019,0.5972368084345957,0.6001787912455593,0.6008071471590388
wta:215020,wta:201611,2025-01-13,2025,2025,hard,Australian Open,R128,1-6 6-4 7-5,97,60,88,57,84,WTA-2025-580-105,2025-580,3,0.26853432490913703,0.42084223375038143,0.3446882793297592,0.33893413115850296,0.3441389964490757
wta:220416,wta:202663,2025-01-13,2025,2025,hard,Australian Open,R128,4-6 6-2 7-6(8),95,57,99,57,84,WTA-2025-580-106,2025-580,3,0.11887158021497517,0.3357033872444309,0.22728748372970303,0.2082609899089504,0.22560911937205885
wta:259799,wta:213631,2025-01-13,2025,2025,hard,Australian Open,R128,6-3 6-3,66,39,56,24,84,WTA-2025-580-107,2025-580,3,0.7797037086643394,0.6036313701556302,0.6916675394099847,0.6990182134432398,0.6930712623272872
wta:223670,wta:220714,2025-01-13,2025,2025,hard,Australian Open,R128,7-6(4) 6-4,78,49,82,48,84,WTA-2025-580-108,2025-580,3,0.8529026172072666,0.645193774794019,0.7490481960006428,0.7634522263168779,0.7471867373494374
wta:201548,wta:221909,2025-01-13,2025,2025,hard,Australian Open,R128,6-4 4-6 6-4,93,52,103,53,84,WTA-2025-580-109,2025-580,3,0.45177433062329125,0.4808361306072627,0.46630523061527696,0.4677939478103253,0.4674953435234247
wta:211279,wta:213544,2025-01-13,2025,2025,hard,Australian Open,R128,7-5 2-6 7-6(7),112,54,124,60,84,WTA-2025-580-110,2025-580,3,0.7203342937439946,0.5731156545620995,0.646724974153047,0.6526588104004328,0.6512413000608896
wta:202499,wta:220348,2025-01-13,2025,2025,hard,Australian Open,R128,6-4 6-4,63,41,75,39,84,WTA-2025-580-111,2025-580,3,0.7272634455029638,0.58556606652426,0.656414756013612,0.6578786452307757,0.6539124673349423
wta:201499,wta:206294,2025-01-13,2025,2025,hard,Australian Open,R128,6-4 4-6 6-3,86,50,97,52,84,WTA-2025-580-112,2025-580,3,0.6820636058168748,0.5532804394263046,0.6176720226215897,0.6245363131700499,0.6225850528321482
wta:215713,wta:214461,2025-01-13,2025,2025,hard,Australian Open,R128,6-2 7-5,69,44,66,34,84,WTA-2025-580-113,2025-580,3,0.8411612925885295,0.6390906316753128,0.7401259621319212,0.7523644564245179,0.739027396370554
wta:201696,wta:221024,2025-01-13,2025,2025,hard,Australian Open,R128,4-6 7-5 6-4,118,61,124,61,84,WTA-2025-580-114,2025-580,3,0.4562216592197231,0.49029600244125726,0.47325883083049014,0.470772871169529,0.47017674355554356
wta:221012,wta:223331,2025-01-13,2025,2025,hard,Australian Open,R128,7-6(3) 6-1,68,47,75,41,84,WTA-2025-580-115,2025-580,3,0.958620457063792,0.7903265181568507,0.8744734876103213,0.8904298233289653,0.8753889590781273
wta:221103,wta:213550,2025-01-13,2025,2025,hard,Australian Open,R128,6-3 6-3,74,46,60,31,84,WTA-2025-580-116,2025-580,3,0.9234789534960064,0.7111077204760452,0.8172933369860258,0.840290097451431,0.8142112497110792
wta:214839,wta:206417,2025-01-13,2025,2025,hard,Australian Open,R128,6-2 6-4,47,36,55,33,84,WTA-2025-580-117,2025-580,3,0.8494965208613554,0.668141592920354,0.7588190568908547,0.7601991703732096,0.7602838112393442
wta:213710,wta:203564,2025-01-13,2025,2025,hard,Australian Open,R128,6-2 6-3,52,32,62,30,84,WTA-2025-580-118,2025-580,3,0.7671342010834714,0.6048519987793713,0.6859930999314214,0.6888609729305547,0.6828804969408813
wta:220367,wta:263857,2025-01-13,2025,2025,hard,Australian Open,R128,7-5 6-4,82,47,81,42,84,WTA-2025-580-119,2025-580,3,0.609631844477278,0.5393042416844676,0.5744680430808728,0.5737521781873633,0.5726371001452609
wta:214096,wta:206408,2025-01-13,2025,2025,hard,Australian Open,R128,6-1 6-1,48,33,48,20,84,WTA-2025-580-120,2025-580,3,0.9846379313339363,0.8355508086664633,0.9100943700001998,0.9412314226722371,0.9111319043303798
wta:211768,wta:201614,2025-01-13,2025,2025,hard,Australian Open,R128,6-3 3-6 6-3,81,53,83,49,84,WTA-2025-580-121,2025-580,3,0.8280176378101096,0.6386023802258163,0.733310009017963,0.7403448499616945,0.7319673175318476
wta:215480,wta:220662,2025-01-13,2025,2025,hard,Australian Open,R128,7-5 7-6(2),94,57,79,42,84,WTA-2025-580-122,2025-580,3,0.8736191446642647,0.6802868477265792,0.776952996195422,0.783960324705905,0.7807979763602069
wta:202505,wta:211533,2025-01-13,2025,2025,hard,Australian Open,R128,6-3 7-6(6),77,45,79,40,84,WTA-2025-580-123,2025-580,3,0.6662590885191293,0.5576136710405859,0.6119363797798576,0.6132219100012193,0.6137368069998759
wta:211651,wta:216133,2025-01-13,2025,2025,hard,Australian Open,R128,6-3 7-6(5),69,44,58,37,84,WTA-2025-580-124,2025-580,3,0.8057968776750569,0.617485505035093,0.711641191355075,0.7208371703761165,0.7127092414008486
wta:221883,wta:220309,2025-01-13,2025,2025,hard,Australian Open,R128,3-6 7-6(5) 6-1,98,51,110,53,84,WTA-2025-580-125,2025-580,3,0.16063359141179887,0.31849252364967956,0.2395630575307392,0.2493002845850985,0.24008182469582923
wta:215898,wta:216081,2025-01-13,2025,2025,hard,Australian Open,R128,6-0 6-1,56,37,35,13,84,WTA-2025-580-126,2025-580,3,0.6279448508977908,0.551754653646628,0.5898497522722095,0.5863605488485285,0.5897887208410224
wta:216146,wta:211702,2025-01-13,2025,2025,hard,Australian Open,R128,3-6 6-3 6-1,89,54,61,34,84,WTA-2025-580-127,2025-580,3,0.907570093817204,0.692004882514495,0.7997874881658495,0.8209622048878552,0.7994518152943206
wta:214643,wta:215872,2025-01-13,2025,2025,hard,Australian Open,R128,6-2 6-4,55,36,54,29,84,WTA-2025-580-128,2025-580,3,0.7931172408307127,0.6109551418980775,0.7020361913643951,0.7101019418558222,0.6998085441260673
wta:215337,wta:201551,2025-01-13,2025,2025,hard,Australian Open,R128,6-4 6-4,55,39,74,43,84,WTA-2025-580-129,2025-580,3,0.6303258704590662,0.538877021666158,0.5846014460626121,0.5880096346379751,0.5862798104202563
wta:210722,wta:203530,2025-01-13,2025,2025,hard,Australian Open,R128,4-6 7-6(8) 6-4,120,70,96,59,84,WTA-2025-580-130,2025-580,3,0.808797947202538,0.6181568507781507,0.7134773989903443,0.7234178135082602,0.7139961661554344
wta:202468,wta:233741,2025-01-13,2025,2025,hard,Australian Open,R128,6-3 6-0,37,28,60,28,84,WTA-2025-580-131,2025-580,3,0.8912581340547852,0.7014647543484894,0.7963614442016373,0.8025705013157829,0.795079784146709
wta:214981,wta:263644,2025-01-13,2025,2025,hard,Australian Open,R128,6-1 6-1,40,29,50,20,84,WTA-2025-580-132,2025-580,3,0.9846364258661535,0.8598413182789136,0.9222388720725336,0.9412277524927428,0.9200722562653929
wta:260300,wta:203463,2025-01-13,2025,2025,hard,Australian Open,R128,6-2 6-1,59,37,39,14,84,WTA-2025-580-133,2025-580,3,0.7996743464924805,0.633353677143729,0.7165140118181048,0.7156204580608331,0.7175820618638784
wta:203575,wta:215138,2025-01-13,2025,2025,hard,Australian Open,R128,6-3 7-5,64,44,70,39,84,WTA-2025-580-134,2025-580,3,0.2396669185943246,0.3978333841928593,0.318750151393592,0.3165502824537303,0.3181093213661278
wta:215035,wta:210886,2025-01-13,2025,2025,hard,Australian Open,R128,6-1 6-4,66,45,50,28,84,WTA-2025-580-135,2025-580,3,0.6916803908304692,0.5612755569118096,0.6264779738711395,0.6315001867356129,0.6300177968799889
wta:201619,wta:215983,2025-01-13,2025,2025,hard,Australian Open,R128,6-4 7-5,62,42,61,38,84,WTA-2025-580-136,2025-580,3,0.7979081521698826,0.618462007934086,0.7081850800519843,0.7141271993697835,0.7066898099879013
wta:211817,wta:201593,2025-01-13,2025,2025,hard,Australian Open,R128,6-4 6-0,44,32,54,26,84,WTA-2025-580-137,2025-580,3,0.4891426847977583,0.5030515715593531,0.49609712817855567,0.4927611577025874,0.4935032923531056
wta:215018,wta:213889,2025-01-13,2025,2025,hard,Australian Open,R128,5-7 7-5 7-6(5),118,70,140,80,84,WTA-2025-580-138,2025-580,3,0.22686395297674233,0.3879462923405554,0.30740512265864883,0.30631520596908657,0.30142404240231685
wta:203389,wta:220750,2025-01-13,2025,2025,hard,Australian Open,R128,7-6(4) 6-3,73,43,91,48,84,WTA-2025-580-139,2025-580,3,0.8948146896959085,0.6983521513579494,0.7965834205269289,0.8064743442608381,0.7969190933984578
wta:206242,wta:220699,2025-01-13,2025,2025,hard,Australian Open,R128,4-6 7-5 6-2,96,63,114,64,84,WTA-2025-580-140,2025-580,3,0.8450723592689695,0.6541653951785169,0.7496188772237432,0.7560189815474223,0.7457433813433648
wta:222965,wta:202453,2025-01-13,2025,2025,hard,Australian Open,R128,6-1 7-6(6),77,45,79,39,84,WTA-2025-580-141,2025-580,3,0.7153800952596564,0.5838571864510222,0.6496186408553393,0.6489528655342821,0.6473299621858246
wta:206368,wta:216265,2025-01-13,2025,2025,hard,Australian Open,R128,6-1 6-1,37,27,41,15,84,WTA-2025-580-142,2025-580,3,0.5037174914946015,0.49896246566981994,0.5013399785822108,0.5024783530339202,0.5033540158113838
wta:211107,wta:201606,2025-01-13,2025,2025,hard,Australian Open,R128,6-4 3-6 7-5,101,65,86,58,84,WTA-2025-580-143,2025-580,3,0.9168442449588031,0.7116570033567288,0.814250624157766,0.83203908676701,0.8129689641028377
wta:202494,wta:201514,2025-01-13,2025,2025,hard,Australian Open,R128,6-4 6-4,57,40,78,43,84,WTA-2025-580-144,2025-580,3,0.7895953964821726,0.6101617332926457,0.6998785648874091,0.7071658606930281,0.6998785648874091
wta:214452,wta:239383,2025-01-13,2025,2025,hard,Australian Open,R128,7-6(5) 6-2,77,47,68,36,84,WTA-2025-580-145,2025-580,3,0.7530793811054008,0.6028989929813854,0.6779891870433932,0.6777394390431047,0.6761277283921878
wta:213887,wta:203501,2025-01-13,2025,2025,hard,Australian Open,R128,6-7(6) 6-1 6-2,100,64,92,51,84,WTA-2025-580-146,2025-580,3,0.1870008049476749,0.3730546231309124,0.28002771403929366,0.2729424241066581,0.2811873112318478
wta:211148,wta:221096,2025-01-13,2025,2025,hard,Australian Open,R128,6-0 6-4,64,42,53,27,84,WTA-2025-580-147,2025-580,3,0.8598864184693057,0.6478791577662496,0.7538827881177776,0.7702219031665488,0.7580024097229043
wta:215613,wta:220548,2025-01-13,2025,2025,hard,Australian Open,R128,6-7(5) 7-6(5) 7-5,117,67,134,71,84,WTA-2025-580-148,2025-580,3,0.6373819141651627,0.5483979249313397,0.5928899195482511,0.5929110239638583,0.5927373409702835
wta:216016,wta:211814,2025-01-13,2025,2025,hard,Australian Open,R128,6-1 7-5,49,33,58,25,84,WTA-2025-580-149,2025-580,3,0.8440482267439484,0.6550808666463228,0.7495645466951356,0.7550583872135044,0.7491068109612327
wta:202460,wta:211843,2025-01-13,2025,2025,hard,Australian Open,R128,6-3 6-3,55,32,54,25,84,WTA-2025-580-150,2025-580,3,0.7745570753614741,0.6000915471467806,0.6873243112541274,0.6948338181149852,0.688453392731088
wta:215785,wta:206289,2025-01-13,2025,2025,hard,Australian Open,R128,6-4 6-7(4) 6-4,91,57,113,61,84,WTA-2025-580-151,2025-580,3,0.2476383463641511,0.4142508391821788,0.33094459277316496,0.32282227446317646,0.32438371392055587
wta:201709,wta:220589,2025-01-13,2025,2025,hard,Australian Open,R128,4-6 7-5 6-2,92,56,95,51,84,WTA-2025-580-152,2025-580,3,0.8377922291348817,0.6312786084833689,0.7345354188091253,0.7492459499596729,0.7363968774603307
wta:201533,wta:220520,2025-01-13,2025,2025,hard,Australian Open,R128,6-3 6-4,48,35,69,36,84,WTA-2025-580-153,2025-580,3,0.43445718881962303,0.4796155019835215,0.45703634540157223,0.45616473061615653,0.45679221967682404
wta:206374,wta:214388,2025-01-13,2025,2025,hard,Australian Open,R128,3-6 6-3 6-4,96,61,84,51,84,WTA-2025-580-154,2025-580,3,0.8312776857109989,0.6373817516020751,0.734329718656537,0.743290100770155,0.7349400329684076
wta:214082,wta:202600,2025-01-13,2025,2025,hard,Australian Open,R128,6-1 6-3,52,36,49,22,84,WTA-2025-580-155,2025-580,3,0.7762476800078069,0.5971010070186146,0.6866743435132108,0.6962043486665676,0.6868879535223654
wta:220332,wta:214040,2025-01-13,2025,2025,hard,Australian Open,R128,6-2 6-2,44,26,50,19,84,WTA-2025-580-156,2025-580,3,0.5702351444226674,0.5211779066219103,0.5457065255222888,0.5469959664234367,0.5480562356229908
wta:219875,wta:216083,2025-01-13,2025,2025,hard,Australian Open,R128,6-3 6-4,58,40,55,30,84,WTA-2025-580-157,2025-580,3,0.3941741578962228,0.46551724137931033,0.42984569963776653,0.42885282141799635,0.42831991385809004
wta:211713,wta:201549,2025-01-13,2025,2025,hard,Australian Open,R128,6-2 4-6 7-6(7),96,56,95,56,84,WTA-2025-580-158,2025-580,3,0.6637740049565135,0.5606042111687519,0.6121891080626327,0.6114565276073799,0.6124942652185681
wta:214459,wta:201458,2025-01-13,2025,2025,hard,Australian Open,R128,6-2 7-6(2),96,56,62,36,84,WTA-2025-580-159,2025-580,3,0.1731093776680236,0.37018614586512055,0.27164776176657207,0.26066806050803343,0.2714036360418238
wta:221054,wta:206420,2025-01-13,2025,2025,hard,Australian Open,R128,7-6(4) 7-6(2),101,52,81,39,84,WTA-2025-580-160,2025-580,3,0.6154810071754637,0.5334452242905097,0.5744631157329867,0.5777655095221051,0.5726626885129684
wta:216153,wta:214604,2025-01-13,2025,2025,hard,Australian Open,R128,6-2 6-3,55,33,50,23,84,WTA-2025-580-161,2025-580,3,0.8547272892854625,0.6565456209948123,0.7556364551401373,0.765207784869815,0.7560636751584469
wta:211685,wta:220465,2025-01-13,2025,2025,hard,Australian Open,R128,3-6 6-2 6-2,82,47,77,39,84,WTA-2025-580-162,2025-580,3,0.5623939644321809,0.516966737870003,0.5396803511510919,0.5417167225674699,0.5415112940867038
wta:216347,wta:211701,2025-01-13,2025,2025,hard,Australian Open,R128,6-3 6-4,55,38,57,30,84,WTA-2025-580-163,2025-580,3,0.9624779649202839,0.7681110772047605,0.8652945210625222,0.8968824500561017,0.8663930868238893
wta:214544,wta:259799,2025-01-13,2025,2025,hard,Australian Open,R16,6-1 6-2,54,38,37,17,84,WTA-2025-580-212,2025-580,3,0.7209019108349453,0.5806835520292951,0.6507927314321202,0.6530847800496151,0.6521049072026419
wta:201499,wta:202499,2025-01-13,2025,2025,hard,Australian Open,R16,7-6(0) 6-0,72,49,69,38,84,WTA-2025-580-213,2025-580,3,0.4825599643210426,0.49615501983521515,0.48935749207812884,0.48837068870883515,0.4890523349221936
wta:221103,wta:202505,2025-01-13,2025,2025,hard,Australian Open,R16,5-7 6-2 6-1,100,64,85,45,84,WTA-2025-580-214,2025-580,3,0.817340832951628,0.6241379310344828,0.7207393819930554,0.7308532981210326,0.721746400607642
wta:211651,wta:215337,2025-01-13,2025,2025,hard,Australian Open,R16,6-1 7-6(2),57,40,56,31,84,WTA-2025-580-215,2025-580,3,0.860862916624588,0.6555691180958193,0.7582160173602037,0.7711795773766734,0.7594366459839449
wta:201619,wta:214981,2025-01-13,2025,2025,hard,Australian Open,R16,6-3 1-6 6-3,89,51,85,48,84,WTA-2025-580-216,2025-580,3,0.3494810691903935,0.4447055233445224,0.39709329626745793,0.39790211399951314,0.4020063264780164
wta:202494,wta:206368,2025-01-13,2025,2025,hard,Australian Open,R16,6-4 6-1,53,33,49,23,84,WTA-2025-580-217,2025-580,3,0.7883003978842905,0.6040585901739396,0.696179494029115,0.7060910056730345,0.6960879468823344
wta:215613,wta:214082,2025-01-13,2025,2025,hard,Australian Open,R16,6-4 5-7 7-5,107,56,135,64,84,WTA-2025-580-218,2025-580,3,0.6006547762509747,0.5339945071711931,0.567324641711084,0.5676155928408498,0.5677518617293934
wta:216347,wta:220332,2025-01-13,2025,2025,hard,Australian Open,R16,6-0 6-1,39,30,47,18,84,WTA-2025-580-219,2025-580,3,0.983168699589912,0.8238327738785475,0.9035007367342298,0.9377131423683449,0.9074982954769822
wta:214544,wta:220704,2025-01-13,2025,2025,hard,Australian Open,R32,7-6(5) 6-4,72,39,109,53,84,WTA-2025-580-196,2025-580,3,0.9000351678493599,0.6855965822398535,0.7928158750446067,0.8123079498545097,0.7938228936591932
wta:259799,wta:211684,2025-01-13,2025,2025,hard,Australian Open,R32,6-2 1-6 6-2,76,45,78,41,84,WTA-2025-580-197,2025-580,3,0.8033359556643065,0.61443393347574,0.7088849445700233,0.7187326998098709,0.7076338002306886
wta:202499,wta:223670,2025-01-13,2025,2025,hard,Australian Open,R32,7-6(4) 6-7(3) 7-5,117,71,122,70,84,WTA-2025-580-198,2025-580,3,0.43252438546912236,0.4772963075984132,0.4549103465337678,0.4548633679257146,0.45487983081817424
wta:201499,wta:201696,2025-01-13,2025,2025,hard,Australian Open,R32,6-1 6-2,56,38,54,25,84,WTA-2025-580-199,2025-580,3,0.7806464694014421,0.6038144644491913,0.6922304669253168,0.6997886792324919,0.6909793225859819
wta:221103,wta:220367,2025-01-13,2025,2025,hard,Australian Open,R32,6-4 6-2,45,34,58,31,84,WTA-2025-580-200,2025-580,3,0.8729697894951265,0.6545926151968263,0.7637812023459765,0.7832969706653312,0.7632624351808864
wta:202505,wta:211768,2025-01-13,2025,2025,hard,Australian Open,R32,7-6(3) 0-0 RET,40,26,46,25,84,WTA-2025-580-201,2025-580,3,0.3490968138893107,0.4446444919133354,0.39687065290132306,0.3976321232103418,0.39668755860776184
wta:211651,wta:216146,2025-01-13,2025,2025,hard,Australian Open,R32,6-4 4-6 6-3,108,65,111,61,84,WTA-2025-580-202,2025-580,3,0.7445530193756266,0.581599023497101,0.6630760214363638,0.6711033230031793,0.6657614044085944
wta:215337,wta:202468,2025-01-13,2025,2025,hard,Australian Open,R32,7-6(3) 6-1,72,52,54,36,84,WTA-2025-580-203,2025-580,3,0.14590702758275192,0.35456209948123285,0.25023456353199236,0.23540354051321394,0.2500819849540247
wta:214981,wta:215035,2025-01-13,2025,2025,hard,Australian Open,R32,6-3 6-4,64,44,69,38,84,WTA-2025-580-204,2025-580,3,0.9440013759552707,0.7342386328959414,0.839120004425606,0.8679782913613538,0.8424767331408944
wta:201619,wta:203389,2025-01-13,2025,2025,hard,Australian Open,R32,6-4 6-4,65,43,55,34,84,WTA-2025-580-205,2025-580,3,0.5006154960380612,0.5081782117790662,0.5043968539085637,0.5004103308071874,0.5016809552207395
wta:206368,wta:206242,2025-01-13,2025,2025,hard,Australian Open,R32,6-4 6-2,49,31,72,36,84,WTA-2025-580-206,2025-580,3,0.29662313393543777,0.4307903570338724,0.3637067454846551,0.35994099058410955,0.3630048840260039
wta:202494,wta:211148,2025-01-13,2025,2025,hard,Australian Open,R32,2-6 6-4 6-0,74,46,77,41,84,WTA-2025-580-207,2025-580,3,0.6135540226614644,0.5341165700335673,0.5738352963475158,0.5764419722055176,0.5769784150536494
wta:215613,wta:202460,2025-01-13,2025,2025,hard,Australian Open,R32,6-4 3-6 6-4,98,52,87,47,84,WTA-2025-580-208,2025-580,3,0.5992972293632941,0.5341776014647543,0.5667374154140242,0.5666898751759738,0.5643571895977288
wta:214082,wta:201709,2025-01-13,2025,2025,hard,Australian Open,R32,7-5 6-1,55,34,56,25,84,WTA-2025-580-209,2025-580,3,0.3434141975352233,0.44714678059200486,0.39528048906361407,0.39363037841723186,0.39744710487075474
wta:220332,wta:211713,2025-01-13,2025,2025,hard,Australian Open,R32,4-6 6-3 6-3,80,54,98,54,84,WTA-2025-580-210,2025-580,3,0.4906500651870497,0.5004882514494965,0.4955691583182731,0.4937663064190284,0.49553864260267955
wta:216347,wta:221054,2025-01-13,2025,2025,hard,Australian Open,R32,6-1 6-0,35,28,53,22,84,WTA-2025-580-211,2025-580,3,0.9167947967983564,0.7042722001830943,0.8105334984907253,0.8319786685491104,0.8129442400226143
wta:214544,wta:222601,2025-01-13,2025,2025,hard,Australian Open,R64,6-3 7-5,80,48,61,32,84,WTA-2025-580-164,2025-580,3,0.970546380625911,0.7852609093683247,0.8779036449971178,0.911333620333635,0.8767745635201571
wta:220704,wta:213583,2025-01-13,2025,2025,hard,Australian Open,R64,6-2 6-2,44,30,54,24,84,WTA-2025-580-165,2025-580,3,0.8795173380659785,0.6685077815074764,0.7740125597867274,0.790053005358516,0.7705337682090649
wta:211684,wta:215020,2025-01-13,2025,2025,hard,Australian Open,R64,0-6 6-0 6-2,60,36,67,33,84,WTA-2025-580-166,2025-580,3,0.8375416937213284,0.6321330485199878,0.7348373711206581,0.7490151132288537,0.732701271029111
wta:259799,wta:220416,2025-01-13,2025,2025,hard,Australian Open,R64,6-4 3-6 7-6(8),110,69,104,65,84,WTA-2025-580-167,2025-580,3,0.9761761837047088,0.8086969789441563,0.8924365813244326,0.9223923650523279,0.8891103683247377
wta:223670,wta:201548,2025-01-13,2025,2025,hard,Australian Open,R64,6-4 7-5,67,41,65,35,84,WTA-2025-580-168,2025-580,3,0.8555394568505185,0.647207812023192,0.7513736344368552,0.7659921394147752,0.7536928288219635
wta:202499,wta:211279,2025-01-13,2025,2025,hard,Australian Open,R64,4-6 6-0 6-2,78,45,78,35,84,WTA-2025-580-169,2025-580,3,0.821633246315798,0.6202319194385109,0.7209325828771544,0.7346416239615249,0.7242282801612557
wta:201499,wta:215713,2025-01-13,2025,2025,hard,Australian Open,R64,7-6(2) 2-6 6-2,94,49,90,44,84,WTA-2025-580-170,2025-580,3,0.712050850560775,0.5701251144339334,0.6410879824973542,0.646474229471176,0.6418813911027861
wta:201696,wta:221012,2025-01-13,2025,2025,hard,Australian Open,R64,7-6(3) 6-3,80,51,79,45,84,WTA-2025-580-171,2025-580,3,0.0643544788931422,0.2753433018004272,0.16984889034678471,0.14374178712664987,0.17183241186036421
wta:221103,wta:214839,2025-01-13,2025,2025,hard,Australian Open,R64,6-3 7-5,67,41,68,34,84,WTA-2025-580-172,2025-580,3,0.983551188942788,0.8450106805004577,0.9142809347216229,0.9386171766333247,0.911290394593457
wta:220367,wta:213710,2025-01-13,2025,2025,hard,Australian Open,R64,3-6 6-4 6-4,110,67,91,56,84,WTA-2025-580-173,2025-580,3,0.7798178584326068,0.5933780897162039,0.6865979740744053,0.6991114353843267,0.6907481113951255
wta:211768,wta:214096,2025-01-13,2025,2025,hard,Australian Open,R64,1-6 6-1 6-3,69,44,95,52,84,WTA-2025-580-174,2025-580,3,0.38868043320671397,0.46155019835215133,0.4251153157794326,0.4250910664963572,0.426396975834361
wta:202505,wta:215480,2025-01-13,2025,2025,hard,Australian Open,R64,6-1 7-6(3),57,33,74,32,84,WTA-2025-580-175,2025-580,3,0.6754383372381965,0.5663411657003357,0.6208897514692661,0.6197744245826181,0.615427438378024
wta:211651,wta:221883,2025-01-13,2025,2025,hard,Australian Open,R64,6-1 6-0,40,31,32,12,84,WTA-2025-580-176,2025-580,3,0.9841478243830712,0.8837656393042417,0.9339567318436565,0.9400438412782957,0.9333769332473794
wta:216146,wta:215898,2025-01-13,2025,2025,hard,Australian Open,R64,6-3 6-0,48,32,42,17,84,WTA-2025-580-177,2025-580,3,0.8597016349722155,0.6489166920964297,0.7543091635343226,0.7700409961400747,0.7554077292956898
wta:215337,wta:214643,2025-01-13,2025,2025,hard,Australian Open,R64,6-1 6-2,38,25,55,22,84,WTA-2025-580-178,2025-580,3,0.33627281407344944,0.4420201403722917,0.38914647722287055,0.3885766982867418,0.38841410004862587
wta:202468,wta:210722,2025-01-13,2025,2025,hard,Australian Open,R64,6-4 6-2,53,37,48,25,84,WTA-2025-580-179,2025-580,3,0.7306470510161307,0.5794629234055538,0.6550549872108422,0.6604436611943516,0.6550244714952487
wta:214981,wta:260300,2025-01-13,2025,2025,hard,Australian Open,R64,6-0 6-3,61,38,60,25,84,WTA-2025-580-180,2025-580,3,0.8597782702136965,0.6799206591394569,0.7698494646765767,0.7701160115979391,0.7686593517684289
wta:215035,wta:203575,2025-01-13,2025,2025,hard,Australian Open,R64,6-0 6-1,35,26,39,12,84,WTA-2025-580-181,2025-580,3,0.7001962352273158,0.5757400061031431,0.6379681206652295,0.6377214794649797,0.635526863417747
wta:201619,wta:211817,2025-01-13,2025,2025,hard,Australian Open,R64,7-6(1) 2-6 7-5,98,59,116,64,84,WTA-2025-580-182,2025-580,3,0.8580461285290201,0.6514189807750992,0.7547325546520596,0.7684246380917398,0.7531762531567896
wta:203389,wta:215018,2025-01-13,2025,2025,hard,Australian Open,R64,7-6(4) 4-6 6-2,99,62,106,64,84,WTA-2025-580-183,2025-580,3,0.9467334999082851,0.7750076289288984,0.8608705644185918,0.8719680953441145,0.8610231429965594
wta:206242,wta:222965,2025-01-13,2025,2025,hard,Australian Open,R64,6-2 6-3,42,30,50,24,84,WTA-2025-580-184,2025-580,3,0.8459590531698782,0.6379920659139456,0.741975559541912,0.7568527828384033,0.7440811439178656
wta:206368,wta:211107,2025-01-13,2025,2025,hard,Australian Open,R64,7-6(3) 2-6 6-2,95,55,82,46,84,WTA-2025-580-185,2025-580,3,0.34902977645815964,0.452212389380531,0.4006210829193453,0.39758501271390345,0.39744744849761815
wta:202494,wta:214452,2025-01-13,2025,2025,hard,Australian Open,R64,6-1 6-4,64,44,54,30,84,WTA-2025-580-186,2025-580,3,0.8619893136686844,0.6448886176380836,0.753438965653384,0.7722877604604477,0.7585961215886907
wta:211148,wta:213887,2025-01-13,2025,2025,hard,Australian Open,R64,6-2 6-3,48,29,59,25,84,WTA-2025-580-187,2025-580,3,0.8686565406310163,0.6619774183704608,0.7653169795007385,0.7789264880719744,0.7655916209410802
wta:215613,wta:216016,2025-01-13,2025,2025,hard,Australian Open,R64,6-3 3-6 6-4,85,48,89,47,84,WTA-2025-580-188,2025-580,3,0.6951608110217962,0.5654867256637168,0.6303237683427565,0.6340364118418115,0.6325819312966778
wta:202460,wta:215785,2025-01-13,2025,2025,hard,Australian Open,R64,7-5 6-3,64,37,65,31,84,WTA-2025-580-189,2025-580,3,0.7132224102382723,0.57165090021361,0.6424366552259411,0.6473454002192561,0.6441455352991788
wta:201709,wta:201533,2025-01-13,2025,2025,hard,Australian Open,R64,6-2 6-1,40,28,55,22,84,WTA-2025-580-190,2025-580,3,0.8940940173003329,0.6797985962770827,0.7869463067887078,0.8056788158388964,0.7878312625409202
wta:214082,wta:206374,2025-01-13,2025,2025,hard,Australian Open,R64,6-2 6-0,54,36,50,22,84,WTA-2025-580-191,2025-580,3,0.6179161584035034,0.5295392126945377,0.5737276855490205,0.5794400441944049,0.5736056226866464
wta:220332,wta:219875,2025-01-13,2025,2025,hard,Australian Open,R64,6-2 3-6 6-4,78,49,86,47,84,WTA-2025-580-192,2025-580,3,0.6618039487342007,0.5491913335367714,0.605497641135486,0.610059516882037,0.6078778669517815
wta:211713,wta:214459,2025-01-13,2025,2025,hard,Australian Open,R64,7-5 7-5,70,44,79,41,84,WTA-2025-580-193,2025-580,3,0.45608378005359007,0.4849862679279829,0.4705350239907865,0.4706805568694974,0.4682768610368652
wta:221054,wta:216153,2025-01-13,2025,2025,hard,Australian Open,R64,6-3 7-5,79,39,73,31,84,WTA-2025-580-194,2025-580,3,0.5560119789314271,0.516905706438816,0.5364588426851216,0.5374285619703891,0.5360011069512185
wta:216347,wta:211685,2025-01-13,2025,2025,hard,Australian Open,R64,6-0 6-2,37,28,38,17,84,WTA-2025-580-195,2025-580,3,0.9575257875745378,0.7581019224900823,0.85781385503231,0.888644586089005,0.8604382065733538
wta:214544,wta:211651,2025-01-13,2025,2025,hard,Australian Open,SF,6-4 6-2,49,35,72,39,84,WTA-2025-580-224,2025-580,3,0.6652178525986547,0.5534025022886787,0.6093101774436667,0.6124817924826479,0.610591837498595
wta:201619,wta:216347,2025-01-13,2025,2025,hard,Australian Open,SF,5-7 6-1 7-6(8),106,58,105,52,84,WTA-2025-580-225,2025-580,3,0.1537933794723993,0.36036008544400366,0.2570767324582015,0.24291406385849462,0.25475753807309315
wta:210722,wta:215983,2025-01-27,2025,2025,hard,Singapore,F,6-1 6-4,52,36,58,29,84,WTA-2025-1096-300,2025-1096,3,0.6615757504966939,0.5510222764723833,0.6062990134845386,0.6098978375380845,0.6056581834570745
wta:210722,wta:215785,2025-01-27,2025,2025,hard,Singapore,QF,6-4 6-2,52,36,61,31,84,WTA-2025-1096-294,2025-1096,3,0.7422595143940532,0.5850167836435765,0.6636381490188148,0.6693316604938211,0.665194450514085
wta:216133,wta:213525,2025-01-27,2025,2025,hard,Singapore,QF,6-7(5) 7-6(5) 6-4,138,91,126,81,84,WTA-2025-1096-295,2025-1096,3,0.7807714128228638,0.6011290814769606,0.6909502471499123,0.6998908822746107,0.6953750259109741
wta:215983,wta:214040,2025-01-27,2025,2025,hard,Singapore,QF,7-6(2) 7-6(4),83,55,74,43,84,WTA-2025-1096-296,2025-1096,3,0.660848205394611,0.5526701251144339,0.6067591652545224,0.6093825630233769,0.6097191896670949
wta:214939,wta:216566,2025-01-27,2025,2025,hard,Singapore,QF,6-3 4-6 6-0,77,49,81,43,84,WTA-2025-1096-297,2025-1096,3,0.7073671099152413,0.5772047604516326,0.6422859351834369,0.6430026748930426,0.6403634451010445
wta:210722,wta:213583,2025-01-27,2025,2025,hard,Singapore,R16,6-7(3) 6-3 6-1,75,53,99,54,84,WTA-2025-1096-286,2025-1096,3,0.9263370822471585,0.7126945376869087,0.8195158099670337,0.8439380144704342,0.8208890171687425
wta:215785,wta:222966,2025-01-27,2025,2025,hard,Singapore,R16,3-6 6-2 6-4,67,36,102,49,84,WTA-2025-1096-287,2025-1096,3,0.49043902361507613,0.4898687824229478,0.49015390301901196,0.49362558407646645,0.4932359902939586
wta:216133,wta:233741,2025-01-27,2025,2025,hard,Singapore,R16,6-4 6-2,59,38,56,29,84,WTA-2025-1096-288,2025-1096,3,0.6919492863009057,0.5750686603600854,0.6335089733304955,0.6316958248038276,0.632898659018625
wta:213525,wta:216265,2025-01-27,2025,2025,hard,Singapore,R16,6-4 6-4,69,42,58,31,84,WTA-2025-1096-289,2025-1096,3,0.2771779421728155,0.4171193164479707,0.3471486293103931,0.3454721154506572,0.3472706921727672
wta:214040,wta:221024,2025-01-27,2025,2025,hard,Singapore,R16,6-7(3) 6-3 7-5,117,75,115,67,84,WTA-2025-1096-290,2025-1096,3,0.40899683704827267,0.4705218187366494,0.439759327892461,0.4389537480285138,0.4373791020761656
wta:215983,wta:221237,2025-01-27,2025,2025,hard,Singapore,R16,6-3 6-2,47,36,54,29,84,WTA-2025-1096-291,2025-1096,3,0.5220207688440032,0.5042111687519072,0.5131159687979552,0.5146857900636143,0.5170524961095206
wta:216566,wta:213710,2025-01-27,2025,2025,hard,Singapore,R16,6-4 6-4,64,37,72,37,84,WTA-2025-1096-292,2025-1096,3,0.6267071293635285,0.5362526701251145,0.5814798997443215,0.5855042443117873,0.5812052583039797
wta:214939,wta:215899,2025-01-27,2025,2025,hard,Singapore,R16,6-2 7-6(3),64,42,64,35,84,WTA-2025-1096-293,2025-1096,3,0.93805167069405,0.7498626792798291,0.8439571749869396,0.85956353901636,0.8397154905194388
wta:210722,wta:203501,2025-01-27,2025,2025,hard,Singapore,R32,6-1 6-0,46,32,35,12,84,WTA-2025-1096-270,2025-1096,3,0.5228588104234703,0.5106194690265486,0.5167391397250094,0.5152451105824833,0.5134129267253147
wta:213583,wta:263857,2025-01-27,2025,2025,hard,Singapore,R32,2-6 6-1 6-2,83,51,75,43,84,WTA-2025-1096-271,2025-1096,3,0.1272083495078934,0.3307598413182789,0.22898409541308615,0.2168847584805712,0.23038781833038857
wta:222966,wta:222965,2025-01-27,2025,2025,hard,Singapore,R32,7-6(5) 6-2,66,46,66,39,84,WTA-2025-1096-272,2025-1096,3,0.6030804245287004,0.5421727189502594,0.5726265717394798,0.569271110023218,0.5675914786665472
wta:215785,wta:211095,2025-01-27,2025,2025,hard,Singapore,R32,6-1 6-7(0) 6-3,98,60,84,47,84,WTA-2025-1096-273,2025-1096,3,0.5166715962188597,0.5067134574305767,0.5116925268247182,0.5111166868201276,0.5121502625586212
wta:216133,wta:201606,2025-01-27,2025,2025,hard,Singapore,R32,6-4 5-7 7-5,100,63,107,67,84,WTA-2025-1096-274,2025-1096,3,0.8862686464261491,0.678089716203845,0.782179181314997,0.7971841581044897,0.7822096970305905
wta:233741,wta:219917,2025-01-27,2025,2025,hard,Singapore,R32,4-6 6-1 7-5,87,55,88,50,84,WTA-2025-1096-275,2025-1096,3,0.6967250196829142,0.5772657918828197,0.636995405782867,0.63517913184277,0.6376362358103311
wta:213525,wta:211279,2025-01-27,2025,2025,hard,Singapore,R32,6-3 6-1,72,45,62,30,84,WTA-2025-1096-276,2025-1096,3,0.42693469122940825,0.4794324076899603,0.4531835494596843,0.4510954131620423,0.4486367078362482
wta:216265,wta:220416,2025-01-27,2025,2025,hard,Singapore,R32,6-1 6-7(1) 6-2,91,54,103,51,84,WTA-2025-1096-277,2025-1096,3,0.8585116789916548,0.6547757094903875,0.7566436942410212,0.7688783800536675,0.7568878199657694
wta:214040,wta:221236,2025-01-27,2025,2025,hard,Singapore,R32,6-3 6-2,47,28,62,27,84,WTA-2025-1096-278,2025-1096,3,0.45748689848505214,0.48913640524870305,0.4733116518668776,0.4716198720108946,0.4730064947109423
wta:221024,wta:213887,2025-01-27,2025,2025,hard,Singapore,R32,2-6 6-0 6-3,72,43,60,31,84,WTA-2025-1096-279,2025-1096,3,0.6452921778783562,0.5495575221238939,0.597424850001125,0.5984327630693854,0.5987675414872404
wta:215983,wta:201611,2025-01-27,2025,2025,hard,Singapore,R32,6-3 6-1,55,34,42,19,84,WTA-2025-1096-280,2025-1096,3,0.6121968330925518,0.5366188587122368,0.5744078459023942,0.5755106043284705,0.5770016817278444
wta:221237,wta:216016,2025-01-27,2025,2025,hard,Singapore,R32,6-3 7-6(3),70,47,67,39,84,WTA-2025-1096-281,2025-1096,3,0.4473334331265727,0.4857796765334147,0.4665565548299937,0.4648164747143065,0.4645730333164142
wta:213710,wta:221054,2025-01-27,2025,2025,hard,Singapore,R32,5-7 7-5 7-5,116,62,121,64,84,WTA-2025-1096-282,2025-1096,3,0.18799636874242662,0.381599023497101,0.2847976961197638,0.27380784133498864,0.2872999847984333
wta:216566,wta:221096,2025-01-27,2025,2025,hard,Singapore,R32,6-4 7-6(2),80,39,70,26,84,WTA-2025-1096-283,2025-1096,3,0.6865897588546167,0.5772657918828197,0.6319277753687182,0.6278059986732726,0.6260077265435733
wta:215899,wta:201548,2025-01-27,2025,2025,hard,Singapore,R32,6-2 6-3,53,37,50,26,84,WTA-2025-1096-284,2025-1096,3,0.23426600609059126,0.3850778150747635,0.3096719105826774,0.31225777129257365,0.3115028535182892
wta:214939,wta:214452,2025-01-27,2025,2025,hard,Singapore,R32,6-4 4-6 6-2,89,51,117,63,84,WTA-2025-1096-285,2025-1096,3,0.7839489193199486,0.6066829417149833,0.6953159305174659,0.7024975248963934,0.6906165103160622
wta:210722,wta:216133,2025-01-27,2025,2025,hard,Singapore,SF,6-3 6-4,60,39,58,32,84,WTA-2025-1096-298,2025-1096,3,0.5887465889190121,0.5273420811718035,0.5580443350454078,0.5595142340721106,0.5539247134402812
wta:215983,wta:214939,2025-01-27,2025,2025,hard,Singapore,SF,7-6(2) 1-0 RET,39,26,59,31,84,WTA-2025-1096-299,2025-1096,3,0.305357071440783,0.438297223069881,0.371827147255332,0.36634152896279604,0.3709727072187131
wta:206420,wta:215035,2025-01-27,2025,2025,hard,Linz,F,6-2 3-6 7-5,96,58,81,47,84,WTA-2025-528-300,2025-528,3,0.7202264697578882,0.5730546231309124,0.6466405464444003,0.6525779258161591,0.6452063078115043
wta:220704,wta:215020,2025-01-27,2025,2025,hard,Linz,QF,6-4 6-3,63,41,81,44,84,WTA-2025-528-294,2025-528,3,0.8582544518192927,0.6520292950869698,0.7551418734531312,0.7686276004180324,0.751907207600217
wta:215035,wta:206289,2025-01-27,2025,2025,hard,Linz,QF,7-5 6-0,54,34,51,22,84,WTA-2025-528-295,2025-528,3,0.20449302728652968,0.39173024107415316,0.2981116341803414,0.287894805752016,0.2973792570060967
wta:206420,wta:201549,2025-01-27,2025,2025,hard,Linz,QF,3-6 6-2 6-2,85,57,82,45,84,WTA-2025-528-296,2025-528,3,0.7973184045742491,0.6123588648153799,0.7048386346948146,0.7136297194821536,0.7053268861443109
wta:214096,wta:215713,2025-01-27,2025,2025,hard,Linz,QF,6-3 3-6 6-3,102,67,74,51,84,WTA-2025-528-297,2025-528,3,0.9187817978408074,0.7005492828806835,0.8096655403607455,0.8344186788549238,0.8135105205255304
wta:215020,wta:202494,2025-01-27,2025,2025,hard,Linz,R16,6-4 6-4,69,35,66,29,84,WTA-2025-528-286,2025-528,3,0.04044183123928429,0.23707659444613977,0.13875921284271203,0.10802531306285064,0.13732497420981607
wta:220704,wta:201514,2025-01-27,2025,2025,hard,Linz,R16,6-2 6-4,58,39,61,30,84,WTA-2025-528-287,2025-528,3,0.5590652713696654,0.5136710405859017,0.5363681559777835,0.5394792105771677,0.5370395017208413
wta:206289,wta:202600,2025-01-27,2025,2025,hard,Linz,R16,6-3 6-2,55,39,52,28,84,WTA-2025-528-288,2025-528,3,0.7970677883286565,0.6085138846505951,0.7027908364896258,0.7134184832245218,0.7080090238561195
wta:215035,wta:222045,2025-01-27,2025,2025,hard,Linz,R16,7-5 6-1,72,44,59,27,84,WTA-2025-528-289,2025-528,3,0.7618734320202735,0.6106499847421422,0.6862617083812078,0.6846703195774136,0.6853767526289954
wta:201549,wta:220589,2025-01-27,2025,2025,hard,Linz,R16,6-4 4-6 7-5,132,72,108,56,84,WTA-2025-528-290,2025-528,3,0.32878235581501636,0.444278303326213,0.3865303295706147,0.3832447862607685,0.38695754958892414
wta:206420,wta:205925,2025-01-27,2025,2025,hard,Linz,R16,6-3 6-2,60,38,54,25,84,WTA-2025-528-291,2025-528,3,0.6461502323687165,0.5523039365273116,0.5992270844480141,0.5990335217962952,0.5986472858517369
wta:215713,wta:211685,2025-01-27,2025,2025,hard,Linz,R16,7-6(1) 6-4,78,48,74,41,84,WTA-2025-528-292,2025-528,3,0.4147106675949123,0.4736954531583766,0.4442030603766445,0.44283023952759243,0.44096839452373016
wta:214096,wta:204427,2025-01-27,2025,2025,hard,Linz,R16,6-2 6-3,51,35,56,29,84,WTA-2025-528-293,2025-528,3,0.970540438692331,0.7831248092767775,0.8768326239845543,0.9113224233713275,0.8798536798283139
wta:215020,wta:221257,2025-01-27,2025,2025,hard,Linz,R32,7-6(3) 6-2,64,40,59,31,84,WTA-2025-528-271,2025-528,3,0.6293205225142845,0.5504119621605127,0.5898662423373986,0.5873130424814963,0.5894085066034956
wta:201514,wta:201551,2025-01-27,2025,2025,hard,Linz,R32,5-7 6-2 6-3,84,58,104,59,84,WTA-2025-528-272,2025-528,3,0.6533406154467546,0.5493744278303326,0.6013575216385436,0.6040822655756929,0.6049583760785802
wta:220704,wta:211843,2025-01-27,2025,2025,hard,Linz,R32,6-3 6-3,54,40,57,33,84,WTA-2025-528-273,2025-528,3,0.7207915791262656,0.5793408605431798,0.6500662198347227,0.6530019590123133,0.651866647054741
wta:202600,wta:222601,2025-01-27,2025,2025,hard,Linz,R32,7-6(7) 6-4,89,43,82,36,84,WTA-2025-528-275,2025-528,3,0.503370337454664,0.5085444003661886,0.5059573689104263,0.5022469105426086,0.5031499230758214
wta:222045,wta:210886,2025-01-27,2025,2025,hard,Linz,R32,6-3 6-4,70,40,69,34,84,WTA-2025-528-276,2025-528,3,0.40610491120103087,0.4660665242599939,0.4360857177305124,0.43698827127501144,0.43666551632678946
wta:215035,wta:214459,2025-01-27,2025,2025,hard,Linz,R32,7-6(6) 7-5,95,57,78,46,84,WTA-2025-528-277,2025-528,3,0.3938871242759722,0.4620384498016478,0.42796278703881,0.42865653403420423,0.4270473155710041
wta:220589,wta:211701,2025-01-27,2025,2025,hard,Linz,R32,6-3 6-2,51,36,55,28,84,WTA-2025-528-278,2025-528,3,0.3609323270032097,0.46545620994812326,0.4131942684756665,0.4059146898304223,0.4099596026227522
wta:201549,wta:220332,2025-01-27,2025,2025,hard,Linz,R32,6-4 5-7 6-3,101,60,122,65,84,WTA-2025-528-279,2025-528,3,0.34215162642595,0.44580408910588953,0.39397785776591976,0.3927389429290583,0.39290980772014616
wta:205925,wta:220435,2025-01-27,2025,2025,hard,Linz,R32,6-3 7-6(3),70,43,86,41,84,WTA-2025-528-280,2025-528,3,0.6089601444438474,0.5320415013732072,0.5705008229085273,0.5732920756228054,0.5720571244037973
wta:215713,wta:211814,2025-01-27,2025,2025,hard,Linz,R32,6-2 6-2,52,37,47,23,84,WTA-2025-528-282,2025-528,3,0.8172562436191787,0.634330180042722,0.7257932118309504,0.7307790032668865,0.7228331874183779
wta:211685,wta:220714,2025-01-27,2025,2025,hard,Linz,R32,7-5 7-5,77,49,73,42,84,WTA-2025-528-283,2025-528,3,0.6848867601031959,0.5620079340860543,0.6234473470946251,0.6265741415973409,0.6217994984525745
wta:204427,wta:215138,2025-01-27,2025,2025,hard,Linz,R32,6-3 6-3,47,34,84,43,84,WTA-2025-528-284,2025-528,3,0.3441537277228058,0.4504424778761062,0.397298102799456,0.39415212445380055,0.39558922272621827
wta:215035,wta:220704,2025-01-27,2025,2025,hard,Linz,SF,6-1 6-4,79,50,60,33,84,WTA-2025-528-298,2025-528,3,0.293831505160455,0.4361000915471468,0.3649657983538009,0.3578828835949966,0.3626466039686925
wta:206420,wta:214096,2025-01-27,2025,2025,hard,Linz,SF,6-0 6-4,52,37,49,24,84,WTA-2025-528-299,2025-528,3,0.14138647963103934,0.3508391821788221,0.24611283090493072,0.23102227867420386,0.24608231518933718
wta:215713,wta:214459,2025-02-03,2025,2025,hard,Cluj-Napoca,F,4-6 6-1 6-2,85,54,78,43,84,WTA-2025-2050-300,2025-2050,3,0.511982436744562,0.5088495575221239,0.510415997133343,0.5079891409611106,0.5046790426017592
wta:211701,wta:202600,2025-02-03,2025,2025,hard,Cluj-Napoca,QF,6-3 7-6(7),73,42,91,48,84,WTA-2025-2050-294,2025-2050,3,0.695887003064285,0.56957583155325,0.6327314173087675,0.6345667024705701,0.6307784115107815
wta:214459,wta:220714,2025-02-03,2025,2025,hard,Cluj-Napoca,QF,6-1 6-4,48,35,45,22,84,WTA-2025-2050-295,2025-2050,3,0.5959197716614315,0.5332010985657614,0.5645604351135964,0.5643892414706316,0.5615393792698369
wta:205925,wta:211843,2025-02-03,2025,2025,hard,Cluj-Napoca,QF,2-6 6-4 7-6(3),90,44,111,58,84,WTA-2025-2050-296,2025-2050,3,0.6022134696405298,0.5319804699420202,0.567096969791275,0.5686791922076091,0.5666087183417785
wta:215713,wta:230870,2025-02-03,2025,2025,hard,Cluj-Napoca,QF,6-2 6-3,54,37,62,30,84,WTA-2025-2050-297,2025-2050,3,0.7656693136333147,0.6040585901739396,0.6848639519036271,0.6876906096175519,0.6871526305731419
wta:202600,wta:215337,2025-02-03,2025,2025,hard,Cluj-Napoca,R16,7-5 7-5,68,46,81,45,84,WTA-2025-2050-286,2025-2050,3,0.37289033238914904,0.4581324382056759,0.4155113852974125,0.41421733349675555,0.41746439109539846
wta:211701,wta:214452,2025-02-03,2025,2025,hard,Cluj-Napoca,R16,2-6 6-1 6-4,72,40,99,50,84,WTA-2025-2050-287,2025-2050,3,0.6557876408130514,0.5560878852609094,0.6059377630369804,0.6058065229491355,0.6022148457345696
wta:214459,wta:220548,2025-02-03,2025,2025,hard,Cluj-Napoca,R16,6-2 7-6(1),57,38,67,34,84,WTA-2025-2050-288,2025-2050,3,0.35581112812672794,0.4646628013426915,0.4102369647347097,0.40233917935152025,0.40141792292817935
wta:220714,wta:202536,2025-02-03,2025,2025,hard,Cluj-Napoca,R16,6-3 6-0,33,24,57,25,84,WTA-2025-2050-289,2025-2050,3,0.4536708872795838,0.48108025633201096,0.46737557180579736,0.46906463971560813,0.46993889191565397
wta:205925,wta:222233,2025-02-03,2025,2025,hard,Cluj-Napoca,R16,6-3 7-5,61,35,59,25,84,WTA-2025-2050-290,2025-2050,3,0.6378676878440499,0.5458956362526701,0.59188166204836,0.5932492767217484,0.5920952720575148
wta:211843,wta:215480,2025-02-03,2025,2025,hard,Cluj-Napoca,R16,1-6 6-4 6-4,83,44,85,46,84,WTA-2025-2050-291,2025-2050,3,0.30302731189636267,0.4307293256026854,0.36687831874952403,0.3646397710229154,0.3666952244559628
wta:230870,wta:215020,2025-02-03,2025,2025,hard,Cluj-Napoca,R16,6-2 7-6(5),66,42,67,38,84,WTA-2025-2050-292,2025-2050,3,0.5201566396181997,0.5097039975587427,0.5149303185884713,0.5134418066926669,0.5115125584419957
wta:215713,wta:203530,2025-02-03,2025,2025,hard,Cluj-Napoca,R16,6-4 7-5,77,43,63,28,84,WTA-2025-2050-293,2025-2050,3,0.6441737325668104,0.5496795849862679,0.5969266587765392,0.59765023233427,0.5950652001253338
wta:215337,wta:219917,2025-02-03,2025,2025,hard,Cluj-Napoca,R32,6-3 6-3,69,40,55,26,84,WTA-2025-2050-270,2025-2050,3,0.8073849271406539,0.625358559658224,0.716371743399439,0.7222007711904753,0.7155173033628202
wta:202600,wta:210886,2025-02-03,2025,2025,hard,Cluj-Napoca,R32,3-6 6-4 6-1,76,47,117,60,84,WTA-2025-2050-271,2025-2050,3,0.6957567993423989,0.5668904485810192,0.631323623961709,0.634471594816753,0.6322696111451085
wta:214452,wta:220750,2025-02-03,2025,2025,hard,Cluj-Napoca,R32,7-5 2-6 6-4,94,53,97,59,84,WTA-2025-2050-272,2025-2050,3,0.5761684312856732,0.5206896551724138,0.5484290432290435,0.5509993433287168,0.5487036846693853
wta:211701,wta:215936,2025-02-03,2025,2025,hard,Cluj-Napoca,R32,6-4 6-7(5) 6-4,102,57,115,60,84,WTA-2025-2050-273,2025-2050,3,0.6789579380855284,0.5620689655172414,0.6205134518013848,0.6223006169794879,0.6271658778007746
wta:220548,wta:219875,2025-02-03,2025,2025,hard,Cluj-Napoca,R32,2-6 6-2 6-2,92,54,71,38,84,WTA-2025-2050-274,2025-2050,3,0.818236042994606,0.6171803478791578,0.7177081954368818,0.7316404070557666,0.7217057541796343
wta:214459,wta:201594,2025-02-03,2025,2025,hard,Cluj-Napoca,R32,6-1 6-1,46,33,34,13,84,WTA-2025-2050-275,2025-2050,3,0.2122388302486026,0.38733597802868475,0.2997874041386437,0.29435581324115495,0.2983226497901542
wta:202536,wta:214839,2025-02-03,2025,2025,hard,Cluj-Napoca,R32,6-2 6-3,44,31,49,24,84,WTA-2025-2050-276,2025-2050,3,0.6728819549318068,0.5623741226731767,0.6176280388024917,0.6179444481769977,0.6213204403893089
wta:220714,wta:201593,2025-02-03,2025,2025,hard,Cluj-Napoca,R32,6-3 7-5,75,45,65,35,84,WTA-2025-2050-277,2025-2050,3,0.4413925597206367,0.4826060421116875,0.4619993009161621,0.4608283812648238,0.46383024385177396
wta:205925,wta:222601,2025-02-03,2025,2025,hard,Cluj-Napoca,R32,6-7(0) 7-5 6-4,108,64,135,73,84,WTA-2025-2050-278,2025-2050,3,0.5859236699369907,0.5269758925846811,0.556449781260836,0.5575996846071476,0.5581891770496672
wta:222233,wta:201514,2025-02-03,2025,2025,hard,Cluj-Napoca,R32,6-1 1-6 6-4,80,47,84,46,84,WTA-2025-2050-279,2025-2050,3,0.299921148335876,0.42334452242905096,0.3616328353824635,0.362364641025198,0.36416563977672656
wta:215480,wta:214388,2025-02-03,2025,2025,hard,Cluj-Napoca,R32,7-6(2) 7-6(6),78,45,93,51,84,WTA-2025-2050-280,2025-2050,3,0.8439850959622542,0.6397619774183705,0.7418735366903124,0.7549992583952019,0.7442842782222012
wta:211843,wta:211817,2025-02-03,2025,2025,hard,Cluj-Napoca,R32,6-2 6-3,49,33,57,29,84,WTA-2025-2050-281,2025-2050,3,0.42516635160498856,0.47216966737870003,0.44866800949184427,0.4499019687231123,0.4447314821802788
wta:230870,wta:211713,2025-02-03,2025,2025,hard,Cluj-Napoca,R32,6-4 6-2,60,42,70,39,84,WTA-2025-2050-282,2025-2050,3,0.2801680899539346,0.4161428135489777,0.3481554517514561,0.347717967309366,0.3504746461365645
wta:215020,wta:204427,2025-02-03,2025,2025,hard,Cluj-Napoca,R32,6-2 6-2,49,31,49,22,84,WTA-2025-2050-283,2025-2050,3,0.360787517778047,0.4633201098565761,0.41205381381731154,0.40581375600214276,0.4072323307535337
wta:203530,wta:201551,2025-02-03,2025,2025,hard,Cluj-Napoca,R32,7-5 4-6 7-6(10),143,74,121,63,84,WTA-2025-2050-284,2025-2050,3,0.4767052135754996,0.4959108941104669,0.48630805384298326,0.48446389426180997,0.4875286824667245
wta:215713,wta:211814,2025-02-03,2025,2025,hard,Cluj-Napoca,R32,6-4 6-0,55,36,49,24,84,WTA-2025-2050-285,2025-2050,3,0.8160751879416186,0.6400671345743058,0.7280711612579622,0.729743113068019,0.7237074139280872
wta:214459,wta:211701,2025-02-03,2025,2025,hard,Cluj-Napoca,SF,4-0 RET,14,10,10,2,84,WTA-2025-2050-298,2025-2050,3,0.40208878449699725,0.4624656698199573,0.4322772271584773,0.43425466236619953,0.43871604314871226
wta:215713,wta:205925,2025-02-03,2025,2025,hard,Cluj-Napoca,SF,6-3 7-5,59,42,75,39,84,WTA-2025-2050-299,2025-2050,3,0.5326621226920767,0.5227036924015869,0.5276829075468318,0.5217919866583034,0.5217933744372804
wta:202505,wta:221909,2025-02-03,2025,2025,hard,Abu Dhabi,F,4-6 6-1 6-1,89,51,88,38,84,WTA-2025-2088-300,2025-2088,3,0.7769131950405967,0.6093683246872139,0.6931407598639053,0.6967449279871314,0.6925609612676282
wta:222328,wta:202663,2025-02-03,2025,2025,hard,Abu Dhabi,QF,6-4 6-3,55,36,59,32,84,WTA-2025-2088-294,2025-2088,3,0.6485900622441181,0.5479707049130302,0.5982803835785742,0.6007437294873976,0.5969376920924587
wta:221909,wta:220367,2025-02-03,2025,2025,hard,Abu Dhabi,QF,7-5 4-6 6-2,90,50,101,50,84,WTA-2025-2088-295,2025-2088,3,0.26364470539750734,0.41626487641135185,0.3399547909044296,0.3352041532866409,0.3420298595647897
wta:202505,wta:214954,2025-02-03,2025,2025,hard,Abu Dhabi,QF,7-5 6-3,64,35,67,32,84,WTA-2025-2088-296,2025-2088,3,0.4638023612699947,0.48510833079035703,0.47445534603017586,0.47584476731121556,0.4735398745623699
wta:214981,wta:202460,2025-02-03,2025,2025,hard,Abu Dhabi,QF,6-2 4-6 7-6(4),98,60,109,63,84,WTA-2025-2088-297,2025-2088,3,0.8030856411977905,0.6196216051266402,0.7113536231622153,0.7185192229297782,0.7129709560886724
wta:222328,wta:211651,2025-02-03,2025,2025,hard,Abu Dhabi,R16,6-4 6-1,42,26,56,25,84,WTA-2025-2088-286,2025-2088,3,0.2999444262425758,0.4335367714372902,0.366740598839933,0.36238171802626873,0.36320077583108346
wta:202663,wta:201499,2025-02-03,2025,2025,hard,Abu Dhabi,R16,5-7 4-1 RET,54,29,62,33,84,WTA-2025-2088-287,2025-2088,3,0.36253360021609343,0.4570949038754959,0.4098142520457947,0.40703015493109224,0.40630494475253864
wta:221909,wta:214082,2025-02-03,2025,2025,hard,Abu Dhabi,R16,1-6 7-5 6-4,92,46,111,56,84,WTA-2025-2088-288,2025-2088,3,0.26904846735212495,0.42224595666768383,0.3456472120099044,0.3393249878758307,0.3440298790834473
wta:220367,wta:215138,2025-02-03,2025,2025,hard,Abu Dhabi,R16,6-0 6-3,48,34,51,24,84,WTA-2025-2088-289,2025-2088,3,0.6862454144024405,0.5709185230393653,0.6285819687209029,0.6275567598146086,0.625194724290021
wta:202505,wta:206368,2025-02-03,2025,2025,hard,Abu Dhabi,R16,6-0 6-0,32,25,44,15,84,WTA-2025-2088-290,2025-2088,3,0.6933944579864671,0.5671345743057675,0.6302645161461173,0.6327481599025729,0.6285556360728797
wta:214954,wta:201709,2025-02-03,2025,2025,hard,Abu Dhabi,R16,6-2 6-3,63,38,46,22,84,WTA-2025-2088-291,2025-2088,3,0.46929798164488395,0.48999084528532194,0.47964441346510295,0.47951767353140823,0.4808040106576571
wta:202460,wta:259883,2025-02-03,2025,2025,hard,Abu Dhabi,R16,6-3 6-3,53,33,61,30,84,WTA-2025-2088-292,2025-2088,3,0.9094239776681801,0.7206286237412267,0.8150263007047034,0.8231371008941747,0.8115780248426344
wta:214981,wta:220465,2025-02-03,2025,2025,hard,Abu Dhabi,R16,2-6 6-4 6-4,101,57,102,60,84,WTA-2025-2088-293,2025-2088,3,0.8971969939740798,0.6790051876716509,0.7881010908228654,0.8091207660064559,0.7891386251530454
wta:222328,wta:211684,2025-02-03,2025,2025,hard,Abu Dhabi,R32,6-0 6-3,47,35,41,18,84,WTA-2025-2088-271,2025-2088,3,0.665635260190599,0.5630454684162344,0.6143403643034167,0.6127784133610003,0.6134248928356107
wta:202663,wta:213887,2025-02-03,2025,2025,hard,Abu Dhabi,R32,6-4 7-6(6),75,47,81,46,84,WTA-2025-2088-272,2025-2088,3,0.7474421308215085,0.5837961550198352,0.6656191429206718,0.6733430332829035,0.6658937843610135
wta:201499,wta:213550,2025-02-03,2025,2025,hard,Abu Dhabi,R32,6-3 6-1,41,33,48,26,84,WTA-2025-2088-273,2025-2088,3,0.646021474169186,0.5437595361611229,0.5948905051651545,0.5989433499798217,0.5956533980549927
wta:221909,wta:220520,2025-02-03,2025,2025,hard,Abu Dhabi,R32,6-3 6-7(4) 6-3,106,69,85,51,84,WTA-2025-2088-275,2025-2088,3,0.5405690642713858,0.5097039975587427,0.5251365309150643,0.5270791079530511,0.5313922526117381
wta:215138,wta:201614,2025-02-03,2025,2025,hard,Abu Dhabi,R32,6-1 6-3,52,34,59,28,84,WTA-2025-2088-276,2025-2088,3,0.48348186967729334,0.49713152273420813,0.49030669620575074,0.48898568643802814,0.4899710233342219
wta:220367,wta:220416,2025-02-03,2025,2025,hard,Abu Dhabi,R32,7-6(3) 7-6(0),88,47,84,42,84,WTA-2025-2088-277,2025-2088,3,0.926540531990826,0.7123893805309734,0.8194649562608998,0.844199960004924,0.8178476233344426
wta:206368,wta:214643,2025-02-03,2025,2025,hard,Abu Dhabi,R32,5-7 6-1 7-6(5),119,68,108,58,84,WTA-2025-2088-278,2025-2088,3,0.364200430585812,0.4624656698199573,0.41333305020288463,0.40819004928765157,0.4090303343041968
wta:202505,wta:211685,2025-02-03,2025,2025,hard,Abu Dhabi,R32,6-2 3-6 6-1,76,49,76,40,84,WTA-2025-2088-279,2025-2088,3,0.6593387854820741,0.5613365883429966,0.6103376869125354,0.6083144715493037,0.6058518767202864
wta:214954,wta:221054,2025-02-03,2025,2025,hard,Abu Dhabi,R32,6-3 6-4,71,40,61,32,84,WTA-2025-2088-280,2025-2088,3,0.564167585816771,0.5167226121452548,0.5404450989810129,0.5429097797301621,0.5415131490267864
wta:202460,wta:211533,2025-02-03,2025,2025,hard,Abu Dhabi,R32,7-6(4) 7-5,82,45,86,44,84,WTA-2025-2088-282,2025-2088,3,0.5858885809832582,0.528806835520293,0.5573477082517756,0.5575759001811869,0.5577138968388979
wta:259883,wta:206294,2025-02-03,2025,2025,hard,Abu Dhabi,R32,6-4 6-3,50,37,87,46,84,WTA-2025-2088-283,2025-2088,3,0.14578056409477705,0.3365578272810497,0.2411691956879134,0.23528174924467357,0.2412912585502875
wta:220465,wta:222661,2025-02-03,2025,2025,hard,Abu Dhabi,R32,3-6 6-4 6-4,98,50,96,48,84,WTA-2025-2088-284,2025-2088,3,0.30258699608103845,0.42480927677754043,0.36369813642928944,0.36431769656090873,0.36482721790625006
wta:221909,wta:222328,2025-02-03,2025,2025,hard,Abu Dhabi,SF,7-6(2) 6-4,79,52,72,45,84,WTA-2025-2088-298,2025-2088,3,0.23508254089936384,0.40283796155019835,0.3189602512247811,0.3129090363924974,0.3166715725552663
wta:202505,wta:214981,2025-02-03,2025,2025,hard,Abu Dhabi,SF,3-6 6-3 6-4,80,51,88,52,84,WTA-2025-2088-299,2025-2088,3,0.2663117160053721,0.4125419591089411,0.33942683755715664,0.337241544618615,0.3391216804012213
wta:216153,wta:211533,2025-02-09,2025,2025,hard,Doha,F,6-4 6-3,57,35,69,35,84,WTA-2025-1003-300,2025-1003,3,0.5951867940243641,0.5283185840707965,0.5617526890475804,0.5638904126589496,0.5600743246899361
wta:216347,wta:214981,2025-02-09,2025,2025,hard,Doha,QF,6-2 7-5,63,42,66,36,84,WTA-2025-1003-294,2025-1003,3,0.7348361572403395,0.5796460176991151,0.6572410874697272,0.6636344821290742,0.6612996776436668
wta:211533,wta:202460,2025-02-09,2025,2025,hard,Doha,QF,6-2 6-2,58,35,50,21,84,WTA-2025-1003-295,2025-1003,3,0.4129668256369902,0.47564845895636254,0.4443076422966764,0.44164808808547135,0.4425682465078451
wta:216153,wta:216146,2025-02-09,2025,2025,hard,Doha,QF,4-6 7-5 6-4,119,66,104,56,84,WTA-2025-1003-296,2025-1003,3,0.4794400257974575,0.4949343912114739,0.48718720850446573,0.4862890556331798,0.487492365660401
wta:206420,wta:202468,2025-02-09,2025,2025,hard,Doha,QF,4-6 6-1 6-1,81,50,75,37,84,WTA-2025-1003-297,2025-1003,3,0.2076948818653358,0.3869697894415624,0.2973323356534491,0.29057680266415353,0.3036490887813099
wta:216347,wta:222328,2025-02-09,2025,2025,hard,Doha,R16,6-7(1) 6-4 6-4,108,66,91,59,84,WTA-2025-1003-286,2025-1003,3,0.9091196019526051,0.6904180653036314,0.7997688336281182,0.8227787264174529,0.8034002037837484
wta:214981,wta:211685,2025-02-09,2025,2025,hard,Doha,R16,7-6(1) 6-2,56,38,70,34,84,WTA-2025-1003-287,2025-1003,3,0.8636147631829614,0.6559963381141288,0.759805550648545,0.7738936257932955,0.7595614249237969
wta:211533,wta:211148,2025-02-09,2025,2025,hard,Doha,R16,6-2 6-2,51,33,51,23,84,WTA-2025-1003-288,2025-1003,3,0.33101580297599537,0.4445834604821483,0.38779963172907184,0.38483807120496166,0.38850149318772303
wta:202460,wta:213550,2025-02-09,2025,2025,hard,Doha,R16,6-3 6-4,55,39,53,29,84,WTA-2025-1003-289,2025-1003,3,0.6013527895275881,0.52886786695148,0.565110328239534,0.568091797620978,0.5671853968998941
wta:216153,wta:220367,2025-02-09,2025,2025,hard,Doha,R16,6-3 6-0,49,34,41,19,84,WTA-2025-1003-290,2025-1003,3,0.4872652407092078,0.49578883124809275,0.4915270359786503,0.49150914031778437,0.49219838172170793
wta:216146,wta:202663,2025-02-09,2025,2025,hard,Doha,R16,6-4 6-2,71,40,70,32,84,WTA-2025-1003-291,2025-1003,3,0.6213716885912948,0.5410131217577052,0.5811924051745,0.581820110379074,0.5825045809450218
wta:202468,wta:214082,2025-02-09,2025,2025,hard,Doha,R16,6-3 7-5,78,47,74,40,84,WTA-2025-1003-292,2025-1003,3,0.7553346494855073,0.5860543179737565,0.6706944837296319,0.6795082899455532,0.6726474895276179
wta:206420,wta:210722,2025-02-09,2025,2025,hard,Doha,R16,6-4 6-2,45,32,51,28,84,WTA-2025-1003-293,2025-1003,3,0.4184420523203489,0.4719255416539518,0.4451837969871504,0.4453570790114861,0.4466790670512334
wta:216347,wta:206289,2025-02-09,2025,2025,hard,Doha,R32,6-3 6-2,56,35,48,21,84,WTA-2025-1003-270,2025-1003,3,0.9180892443279595,0.7089105889533109,0.8134999166406351,0.8335653728897207,0.8138355895121641
wta:222328,wta:201709,2025-02-09,2025,2025,hard,Doha,R32,6-2 6-3,45,33,50,24,84,WTA-2025-1003-271,2025-1003,3,0.4084608193709883,0.4705218187366494,0.4394913190538189,0.4385896284134635,0.44211567059486245
wta:211685,wta:259799,2025-02-09,2025,2025,hard,Doha,R32,3-6 6-3 7-5,96,53,97,51,84,WTA-2025-1003-272,2025-1003,3,0.21648261240832817,0.40094598718339947,0.30871429979586384,0.29785732770536344,0.3059373696768525
wta:214981,wta:220548,2025-02-09,2025,2025,hard,Doha,R32,6-2 6-4,53,31,64,29,84,WTA-2025-1003-273,2025-1003,3,0.8381835909183187,0.6390296002441257,0.7386065955812222,0.749606832946189,0.7369892626547652
wta:211148,wta:201614,2025-02-09,2025,2025,hard,Doha,R32,6-3 6-4,56,38,52,28,84,WTA-2025-1003-274,2025-1003,3,0.7291172091445248,0.5798291119926763,0.6544731605686005,0.6592825939148464,0.6537712991099494
wta:211533,wta:214643,2025-02-09,2025,2025,hard,Doha,R32,7-6(5) 7-5,76,41,83,40,84,WTA-2025-1003-275,2025-1003,3,0.39535438317133426,0.46142813548977724,0.4283912593305558,0.42965962754300896,0.4289405422112393
wta:213550,wta:219917,2025-02-09,2025,2025,hard,Doha,R32,7-6(3) 3-6 6-2,99,52,104,54,84,WTA-2025-1003-276,2025-1003,3,0.839652525439926,0.6433018004272201,0.741477162933573,0.7509645728072197,0.7373880570440399
wta:202460,wta:221012,2025-02-09,2025,2025,hard,Doha,R32,6-4 6-2,66,38,56,24,84,WTA-2025-1003-277,2025-1003,3,0.2021472903115817,0.3924015868172109,0.2972744385643963,0.28591959299018505,0.2953214327664103
wta:220367,wta:215613,2025-02-09,2025,2025,hard,Doha,R32,6-2 6-2,44,31,43,20,84,WTA-2025-1003-278,2025-1003,3,0.4161360984968969,0.47216966737870003,0.4441528829377985,0.4437959441104105,0.4491574602951375
wta:216153,wta:211651,2025-02-09,2025,2025,hard,Doha,R32,6-4 6-3,67,43,79,42,84,WTA-2025-1003-279,2025-1003,3,0.24224721263535018,0.4043027158986878,0.323274964267019,0.31858859713932797,0.32937810738572515
wta:202663,wta:211684,2025-02-09,2025,2025,hard,Doha,R32,7-5 5-7 6-4,105,61,118,66,84,WTA-2025-1003-280,2025-1003,3,0.5173588538567907,0.5002441257247483,0.5088014897907696,0.5115751536348343,0.5136840042857345
wta:216146,wta:221103,2025-02-09,2025,2025,hard,Doha,R32,6-2 7-5,55,36,58,29,84,WTA-2025-1003-281,2025-1003,3,0.12732118545734838,0.34436985047299357,0.23584551796517098,0.21699981296007076,0.23288549355259852
wta:202468,wta:202494,2025-02-09,2025,2025,hard,Doha,R32,6-3 7-6(3),101,55,85,40,84,WTA-2025-1003-282,2025-1003,3,0.5732334603793289,0.5262435154104363,0.5497384878948826,0.5490180412949066,0.5461986648860331
wta:214082,wta:220589,2025-02-09,2025,2025,hard,Doha,R32,6-2 6-3,67,40,70,35,84,WTA-2025-1003-283,2025-1003,3,0.7243495281843125,0.5774488861763808,0.6508992071803467,0.6556782362811959,0.649251358538296
wta:210722,wta:213710,2025-02-09,2025,2025,hard,Doha,R32,6-2 6-3,49,35,82,39,84,WTA-2025-1003-284,2025-1003,3,0.7882431136939159,0.6115654562099482,0.699904284951932,0.7060435177915526,0.6977071534291979
wta:206420,wta:214544,2025-02-09,2025,2025,hard,Doha,R32,3-6 6-3 7-6(5),100,56,121,68,84,WTA-2025-1003-285,2025-1003,3,0.1028148004776962,0.3227036924015868,0.2127592464396415,0.19089240000697974,0.20998231632063022
wta:206289,wta:211817,2025-02-09,2025,2025,hard,Doha,R64,4-6 6-3 4-0 RET,78,47,75,35,84,WTA-2025-1003-239,2025-1003,3,0.752324305442369,0.593439121147391,0.6728817132948799,0.6771485117224953,0.67340048045997
wta:201709,wta:220416,2025-02-09,2025,2025,hard,Doha,R64,6-2 6-7(5) 6-3,98,56,104,52,84,WTA-2025-1003-240,2025-1003,3,0.9656844475082252,0.7839182178822094,0.8748013326952173,0.9024568145123673,0.8744961755392819
wta:222328,wta:202499,2025-02-09,2025,2025,hard,Doha,R64,6-2 6-4,54,38,55,30,84,WTA-2025-1003-241,2025-1003,3,0.49674940273641893,0.49981690570643883,0.4982831542214289,0.4978329181958016,0.49776438705633885
wta:259799,wta:220465,2025-02-09,2025,2025,hard,Doha,R64,4-6 7-6(4) 6-4,93,57,104,59,84,WTA-2025-1003-242,2025-1003,3,0.8305690377017828,0.62834909978639,0.7294590687440864,0.7426479288974418,0.7305881502210471
wta:211685,wta:211843,2025-02-09,2025,2025,hard,Doha,R64,6-2 6-3,60,39,41,19,84,WTA-2025-1003-243,2025-1003,3,0.7103816219950968,0.5668294171498321,0.6386055195724645,0.6452349562518404,0.6426641097464041
wta:220548,wta:215035,2025-02-09,2025,2025,hard,Doha,R64,7-5 6-3,74,44,76,38,84,WTA-2025-1003-244,2025-1003,3,0.7375384102465161,0.580622520598108,0.6590804654223121,0.6657019189455133,0.6650615456786441
wta:201614,wta:206294,2025-02-09,2025,2025,hard,Doha,R64,6-1 7-6(5),74,49,63,34,84,WTA-2025-1003-247,2025-1003,3,0.46903734330064517,0.48205675923100394,0.4755470512658245,0.47934354657909845,0.47926996856823534
wta:211533,wta:256684,2025-02-09,2025,2025,hard,Doha,R64,6-2 6-1,42,29,52,21,84,WTA-2025-1003-248,2025-1003,3,0.6332457535732021,0.5532194079951175,0.5932325807841599,0.5900352398204771,0.5900284306468391
wta:214643,wta:215138,2025-02-09,2025,2025,hard,Doha,R64,6-3 6-3,73,47,52,30,84,WTA-2025-1003-249,2025-1003,3,0.6858116586271092,0.5702471772963076,0.6280294179617084,0.6272429192141797,0.6260458964481289
wta:219917,wta:223670,2025-02-09,2025,2025,hard,Doha,R64,6-4 7-6(2),65,43,72,41,84,WTA-2025-1003-250,2025-1003,3,0.05396655887988429,0.2624656698199573,0.15821611434992078,0.12906226080621244,0.1540659770292006
wta:213550,wta:221909,2025-02-09,2025,2025,hard,Doha,R64,6-4 6-4,60,44,56,37,84,WTA-2025-1003-251,2025-1003,3,0.6238845082445105,0.5443698504729936,0.584127179358752,0.5835537936788483,0.5812281863773666
wta:202460,wta:220520,2025-02-09,2025,2025,hard,Doha,R64,6-2 6-0,35,26,48,18,84,WTA-2025-1003-252,2025-1003,3,0.7490335965984316,0.5883735123588648,0.6687035544786482,0.674580633639452,0.670595528845447
wta:220367,wta:213889,2025-02-09,2025,2025,hard,Doha,R64,6-1 6-2,48,33,58,27,84,WTA-2025-1003-255,2025-1003,3,0.7062002321381331,0.5638999084528532,0.6350500702954931,0.6421405497657171,0.6387729875979039
wta:216153,wta:201458,2025-02-09,2025,2025,hard,Doha,R64,6-3 7-5,65,41,78,41,84,WTA-2025-1003-256,2025-1003,3,0.3254307464135725,0.439273725968874,0.38235223619122327,0.380848159683418,0.3825353304847844
wta:211651,wta:213887,2025-02-09,2025,2025,hard,Doha,R64,6-3 4-6 6-2,78,48,76,41,84,WTA-2025-1003-257,2025-1003,3,0.946670782995596,0.7405248703082087,0.8435978266519024,0.8718755567280392,0.847198681091939
wta:211684,wta:206242,2025-02-09,2025,2025,hard,Doha,R64,6-4 3-6 6-2,83,49,111,59,84,WTA-2025-1003-258,2025-1003,3,0.30634823031845626,0.4374427830332621,0.3718955066758592,0.3670643156299102,0.3724142738409492
wta:202663,wta:206368,2025-02-09,2025,2025,hard,Doha,R64,3-6 6-0 6-4,88,53,82,44,84,WTA-2025-1003-259,2025-1003,3,0.5305967126050961,0.5028684772657919,0.516732594935444,0.5204119756945992,0.5208217008249771
wta:216146,wta:220309,2025-02-09,2025,2025,hard,Doha,R64,6-3 6-3,68,41,80,39,84,WTA-2025-1003-260,2025-1003,3,0.8014221707920786,0.6135794934391211,0.7075008321155998,0.7171032484469646,0.7088740393173087
wta:202494,wta:214954,2025-02-09,2025,2025,hard,Doha,R64,0-6 6-2 7-5,85,47,79,43,84,WTA-2025-1003-263,2025-1003,3,0.5675648863001836,0.5173329264571255,0.5424489063786546,0.5451967573829452,0.544951195057324
wta:220589,wta:216133,2025-02-09,2025,2025,hard,Doha,R64,7-6(3) 1-6 7-6(5),107,56,132,71,84,WTA-2025-1003-264,2025-1003,3,0.33746082470622485,0.44324076899603293,0.3903507968511289,0.38941937364734824,0.39328030554810783
wta:214082,wta:221236,2025-02-09,2025,2025,hard,Doha,R64,6-0 6-0,33,25,35,10,84,WTA-2025-1003-265,2025-1003,3,0.7508348783193421,0.5904485810192249,0.6706417296692835,0.6759847560592314,0.6725337040360824
wta:213710,wta:214939,2025-02-09,2025,2025,hard,Doha,R64,6-7(3) 7-5 6-4,129,73,106,57,84,WTA-2025-1003-266,2025-1003,3,0.18630807766177943,0.37976808056148914,0.28303807911163426,0.27233917364198734,0.28276343767129253
wta:210722,wta:220704,2025-02-09,2025,2025,hard,Doha,R64,6-0 0-0 RET,13,12,22,8,84,WTA-2025-1003-267,2025-1003,3,0.5964650612908717,0.5389380530973451,0.5677015571941084,0.5647604433192649,0.563765029882543
wta:206420,wta:221054,2025-02-09,2025,2025,hard,Doha,R64,6-3 7-5,76,43,57,30,84,WTA-2025-1003-268,2025-1003,3,0.3840033934424266,0.465212084223375,0.4246077388329008,0.42188012263373464,0.4212204944020189
wta:211533,wta:216347,2025-02-09,2025,2025,hard,Doha,SF,6-3 6-1,48,32,48,21,84,WTA-2025-1003-298,2025-1003,3,0.03734125588149565,0.22822703692401586,0.13278414640275576,0.10280860644927346,0.13464560505396114
wta:216153,wta:206420,2025-02-09,2025,2025,hard,Doha,SF,6-3 6-3,76,46,64,35,84,WTA-2025-1003-299,2025-1003,3,0.5607170196219107,0.5194690265486726,0.5400930230852916,0.5405892436878983,0.5425342803327741
wta:259799,wta:220704,2025-02-17,2025,2025,hard,Dubai,F,7-6(1) 6-1,71,44,66,33,84,WTA-2025-718-300,2025-718,3,0.7701981283245147,0.5988098870918523,0.6845040077081835,0.6913176914934991,0.6831002847908811
wta:259799,wta:216347,2025-02-17,2025,2025,hard,Dubai,QF,6-3 6-3,66,44,61,30,84,WTA-2025-718-294,2025-718,3,0.15785577582433655,0.3602380225816295,0.259046899202983,0.24672060575928023,0.25935205635891834
wta:214981,wta:213550,2025-02-17,2025,2025,hard,Dubai,QF,6-2 7-6(2),72,50,71,41,84,WTA-2025-718-295,2025-718,3,0.8710273057385537,0.6547146780592005,0.7628709918988771,0.7813210971585413,0.7641831676693989
wta:214096,wta:201514,2025-02-17,2025,2025,hard,Dubai,QF,6-2 7-5,53,33,64,28,84,WTA-2025-718-296,2025-718,3,0.8974760567244636,0.6779676533414709,0.7877218550329672,0.8094324685892097,0.791383740904191
wta:220704,wta:222328,2025-02-17,2025,2025,hard,Dubai,QF,7-6(4) 6-4,74,45,83,48,84,WTA-2025-718-297,2025-718,3,0.3715685201472636,0.46173329264571256,0.41665090639648805,0.4133026075443423,0.4154302777727469
wta:216347,wta:215035,2025-02-17,2025,2025,hard,Dubai,R16,7-5 6-0,50,33,58,24,84,WTA-2025-718-286,2025-718,3,0.9878796396337663,0.8456820262435154,0.9167808329386409,0.9494913959621818,0.9205037502410516
wta:259799,wta:220548,2025-02-17,2025,2025,hard,Dubai,R16,6-1 6-1,50,31,56,23,84,WTA-2025-718-287,2025-718,3,0.7466501159245023,0.5838571864510222,0.6652536511877623,0.672728150934519,0.66800006559118
wta:213550,wta:211148,2025-02-17,2025,2025,hard,Dubai,R16,6-4 6-0,41,33,53,26,84,WTA-2025-718-288,2025-718,3,0.3186913594677839,0.4388465059505645,0.3787689327091742,0.3760077467846559,0.3806609070759731
wta:214981,wta:211651,2025-02-17,2025,2025,hard,Dubai,R16,4-6 7-6(8) 7-6(2),137,81,118,70,84,WTA-2025-718-289,2025-718,3,0.5775273456023445,0.526853829722307,0.5521905876623258,0.5519173771021002,0.548528701791102
wta:201514,wta:215613,2025-02-17,2025,2025,hard,Dubai,R16,7-6(5) 3-6 7-5,107,57,136,71,84,WTA-2025-718-290,2025-718,3,0.28052448505786687,0.42566371681415927,0.35309410093601307,0.3479851218286905,0.35370441524788365
wta:214096,wta:220520,2025-02-17,2025,2025,hard,Dubai,R16,6-3 1-6 7-6(5),92,54,105,64,84,WTA-2025-718-291,2025-718,3,0.9473773963740438,0.7445529447665548,0.8459651705702993,0.8729208224478242,0.848711584973717
wta:222328,wta:202468,2025-02-17,2025,2025,hard,Dubai,R16,6-3 7-6(8),76,51,69,43,84,WTA-2025-718-292,2025-718,3,0.3076290766340798,0.4331095514189808,0.3703693140265303,0.36799730462085606,0.37210870981536154
wta:220704,wta:214544,2025-02-17,2025,2025,hard,Dubai,R16,6-3 6-2,48,29,69,31,84,WTA-2025-718-293,2025-718,3,0.09821463721528682,0.31666158071406775,0.2074381089646773,0.1857073889897043,0.20502736743278838
wta:216347,wta:201458,2025-02-17,2025,2025,hard,Dubai,R32,6-0 6-2,47,30,46,17,84,WTA-2025-718-270,2025-718,3,0.8639322074687233,0.6549588037839488,0.7594455056263361,0.7742081796305307,0.7586826127364978
wta:215035,wta:215713,2025-02-17,2025,2025,hard,Dubai,R32,6-2 6-3,51,36,65,33,84,WTA-2025-718-271,2025-718,3,0.3812251691167868,0.46283185840707963,0.4220285137619332,0.4199689559669104,0.42160129374362376
wta:259799,wta:214954,2025-02-17,2025,2025,hard,Dubai,R32,7-5 6-0,59,36,62,28,84,WTA-2025-718-272,2025-718,3,0.5951861536934834,0.5253890753738175,0.5602876145336504,0.5638899769509701,0.5620575260380752
wta:220548,wta:221012,2025-02-17,2025,2025,hard,Dubai,R32,3-6 6-4 6-4,100,65,84,57,84,WTA-2025-718-273,2025-718,3,0.17008496335407397,0.37519072322245955,0.2726378432882668,0.257943754224699,0.2717223718204609
wta:211148,wta:220332,2025-02-17,2025,2025,hard,Dubai,R32,6-2 7-5,56,35,62,30,84,WTA-2025-718-274,2025-718,3,0.7911196048217837,0.6102837961550198,0.7007017004884017,0.7084342189058085,0.7013730462314594
wta:213550,wta:216146,2025-02-17,2025,2025,hard,Dubai,R32,5-7 7-6(7) 7-6(5),129,80,118,74,84,WTA-2025-718-275,2025-718,3,0.36790102173734035,0.45904790967348186,0.41347446570541113,0.4107607501813096,0.41536644007221
wta:211651,wta:210722,2025-02-17,2025,2025,hard,Dubai,R32,6-2 6-1,48,36,38,16,84,WTA-2025-718-276,2025-718,3,0.7423844842933423,0.5822703692401587,0.6623274267667505,0.6694280537032146,0.6635785711060852
wta:214981,wta:220416,2025-02-17,2025,2025,hard,Dubai,R32,6-3 6-2,54,39,44,27,84,WTA-2025-718-277,2025-718,3,0.9881472371199331,0.8509917607567897,0.9195694989383614,0.9502089729956995,0.9204849704061673
wta:215613,wta:202505,2025-02-17,2025,2025,hard,Dubai,R32,7-6(6) 2-6 6-3,85,48,108,59,84,WTA-2025-718-278,2025-718,3,0.511968357425808,0.5029295086969789,0.5074489330613935,0.5079797517561152,0.5057705687037493
wta:201514,wta:219917,2025-02-17,2025,2025,hard,Dubai,R32,3-6 6-4 6-1,70,48,96,53,84,WTA-2025-718-279,2025-718,3,0.8275266105875232,0.6354897772352762,0.7315081939113997,0.7399032074578519,0.733369652562605
wta:214096,wta:221054,2025-02-17,2025,2025,hard,Dubai,R32,7-6(6) 6-4,77,46,80,48,84,WTA-2025-718-280,2025-718,3,0.7898862309534422,0.6056454073848032,0.6977658191691227,0.7074076031966559,0.6952940462060467
wta:220520,wta:221103,2025-02-17,2025,2025,hard,Dubai,R32,6-4 7-5,70,46,66,41,84,WTA-2025-718-281,2025-718,3,0.031059443277920536,0.21797375648458955,0.12451659988125505,0.09165992487838595,0.12164812261546316
wta:202468,wta:214643,2025-02-17,2025,2025,hard,Dubai,R32,6-0 6-4,48,29,67,29,84,WTA-2025-718-282,2025-718,3,0.7366449254584111,0.5850167836435765,0.6608308545509938,0.6650175268591075,0.6601900245235297
wta:222328,wta:223670,2025-02-17,2025,2025,hard,Dubai,R32,7-6(8) 4-6 6-3,94,56,97,55,84,WTA-2025-718-283,2025-718,3,0.4293745969114057,0.48333841928593224,0.456356508098669,0.45274095252468544,0.4552579423373019
wta:220704,wta:202494,2025-02-17,2025,2025,hard,Dubai,R32,7-6(5) 3-6 7-6(4),126,76,103,65,84,WTA-2025-718-284,2025-718,3,0.254997646134564,0.41754653646628015,0.33627209130042207,0.3285489287244563,0.33239659542004363
wta:214544,wta:206368,2025-02-17,2025,2025,hard,Dubai,R32,6-3 6-4,79,47,62,32,84,WTA-2025-718-285,2025-718,3,0.9266730008407764,0.7066524259993897,0.816662713420083,0.8443706821593719,0.8212095550435191
wta:201458,wta:211843,2025-02-17,2025,2025,hard,Dubai,R64,2-6 7-6(4) 6-4,99,53,109,58,84,WTA-2025-718-239,2025-718,3,0.8938944328950065,0.6815074763503204,0.7877009546226634,0.8054589085256241,0.7825132829717633
wta:215035,wta:202663,2025-02-17,2025,2025,hard,Dubai,R64,6-3 7-5,75,45,72,41,84,WTA-2025-718-240,2025-718,3,0.31156167294904297,0.43854134879462925,0.3750515108718361,0.370854607009002,0.37419707083521725
wta:215713,wta:206242,2025-02-17,2025,2025,hard,Dubai,R64,6-3 6-0,48,32,46,19,84,WTA-2025-718-241,2025-718,3,0.25325469656269967,0.4116264876411352,0.33244059210191745,0.3271979859080855,0.3318913092212339
wta:259799,wta:220589,2025-02-17,2025,2025,hard,Dubai,R64,6-2 6-1,44,30,50,20,84,WTA-2025-718-242,2025-718,3,0.8755275104533334,0.6608178211779067,0.76817266581562,0.7859182060141665,0.768111634384433
wta:214954,wta:201614,2025-02-17,2025,2025,hard,Dubai,R64,6-2 6-2,40,27,47,18,84,WTA-2025-718-243,2025-718,3,0.7639135905990291,0.6002136100091547,0.6820636003040919,0.6862914169267141,0.6786458401576165
wta:220548,wta:202460,2025-02-17,2025,2025,hard,Dubai,R64,7-6(6) 6-4,86,55,82,47,84,WTA-2025-718-244,2025-718,3,0.463856706475544,0.48645102227647236,0.47515386437600815,0.47588110317106513,0.47466561292651166
wta:220332,wta:201593,2025-02-17,2025,2025,hard,Dubai,R64,5-7 7-5 6-3,106,64,92,51,84,WTA-2025-718-247,2025-718,3,0.48301323776257044,0.49359169972535855,0.4883024687439645,0.4886730701518386,0.4918728074684076
wta:216146,wta:211701,2025-02-17,2025,2025,hard,Dubai,R64,6-3 6-4,72,46,45,26,84,WTA-2025-718-248,2025-718,3,0.6157707995249423,0.529844369850473,0.5728075846877076,0.5779646696500265,0.5794294949715038
wta:213550,wta:202499,2025-02-17,2025,2025,hard,Dubai,R64,7-5 6-3,59,43,61,40,84,WTA-2025-718-249,2025-718,3,0.33462935914430636,0.4387244430881904,0.3866769011162484,0.38740964379620174,0.3875923725840543
wta:211651,wta:215138,2025-02-17,2025,2025,hard,Dubai,R64,6-3 6-4,55,40,66,36,84,WTA-2025-718-250,2025-718,3,0.8674646107210776,0.6595971925541654,0.7635309016376215,0.7777294440680202,0.7609980972433585
wta:210722,wta:220367,2025-02-17,2025,2025,hard,Dubai,R64,6-2 6-2,51,36,59,30,84,WTA-2025-718-251,2025-718,3,0.5084095734790656,0.49932865425694234,0.5038691138680039,0.5056066760496835,0.5056390253724288
wta:220416,wta:211533,2025-02-17,2025,2025,hard,Dubai,R64,6-3 6-3,57,35,78,38,84,WTA-2025-718-252,2025-718,3,0.11197595061501815,0.3195300579798596,0.21575300429743888,0.20093248762346594,0.21593609859100008
wta:202505,wta:256684,2025-02-17,2025,2025,hard,Dubai,R64,6-0 6-2,41,28,51,22,84,WTA-2025-718-255,2025-718,3,0.7674220316940346,0.6130302105584376,0.6902261211262362,0.6890912515534868,0.689066523933682
wta:219917,wta:216133,2025-02-17,2025,2025,hard,Dubai,R64,6-3 6-3,57,40,60,35,84,WTA-2025-718-256,2025-718,3,0.13026545656429517,0.33826670735428743,0.2342660819592913,0.2199869425967894,0.23640218205083846
wta:201514,wta:214082,2025-02-17,2025,2025,hard,Dubai,R64,6-1 6-4,63,36,42,18,84,WTA-2025-718-257,2025-718,3,0.36385448019780786,0.45459261519682637,0.4092235476973171,0.4079494163895388,0.4104136606054648
wta:214096,wta:215480,2025-02-17,2025,2025,hard,Dubai,R64,6-2 6-2,49,35,51,27,84,WTA-2025-718-258,2025-718,3,0.8879109774800231,0.6729630759841319,0.7804370267320775,0.798945822493465,0.7856552140985712
wta:221054,wta:206289,2025-02-17,2025,2025,hard,Dubai,R64,6-4 6-2,57,34,58,26,84,WTA-2025-718-259,2025-718,3,0.5156999390876176,0.5077509917607568,0.5117254654241872,0.5104685378904262,0.511023603965536
wta:220520,wta:216153,2025-02-17,2025,2025,hard,Dubai,R64,6-2 6-3,46,33,59,27,84,WTA-2025-718-260,2025-718,3,0.24172077604036113,0.40472993591699724,0.3232253559786792,0.3181733767188981,0.32276762024477623
wta:214643,wta:201499,2025-02-17,2025,2025,hard,Dubai,R64,6-2 6-2,47,34,46,24,84,WTA-2025-718-263,2025-718,3,0.4664956658171937,0.49298138541348796,0.4797385256153408,0.4776451690873416,0.48028780849602437
wta:222328,wta:201709,2025-02-17,2025,2025,hard,Dubai,R64,6-2 7-6(5),68,47,57,38,84,WTA-2025-718-264,2025-718,3,0.4083685877016371,0.4665547757094904,0.43746168170556377,0.43852696672820507,0.44243574334730923
wta:223670,wta:211684,2025-02-17,2025,2025,hard,Dubai,R64,6-2 6-2,56,36,51,22,84,WTA-2025-718-265,2025-718,3,0.7363995471277239,0.5837351235886482,0.6600673353581861,0.6648297116715092,0.6631494226331327
wta:202494,wta:214939,2025-02-17,2025,2025,hard,Dubai,R64,6-1 6-2,45,26,52,21,84,WTA-2025-718-266,2025-718,3,0.6295548775946945,0.5380225816295392,0.5837887296121169,0.5874753856857806,0.5847347167955164
wta:220704,wta:211685,2025-02-17,2025,2025,hard,Dubai,R64,7-6(7) 6-0,55,42,68,37,84,WTA-2025-718-267,2025-718,3,0.5156571611685761,0.5036618858712237,0.5096595235199,0.5104400036883614,0.5088661149144681
wta:206368,wta:206420,2025-02-17,2025,2025,hard,Dubai,R64,3-6 6-4 6-3,99,62,81,53,84,WTA-2025-718-268,2025-718,3,0.43073083737337975,0.4722306988098871,0.4514807680916334,0.45365508113794517,0.4548680125225153
wta:259799,wta:214981,2025-02-17,2025,2025,hard,Dubai,SF,6-4 4-6 6-3,101,60,90,54,84,WTA-2025-718-298,2025-718,3,0.36334546666139245,0.4592920353982301,0.4113187510298113,0.4075952637168267,0.4091826509382641
wta:220704,wta:214096,2025-02-17,2025,2025,hard,Dubai,SF,6-4 6-7(4) 6-3,111,70,105,63,84,WTA-2025-718-299,2025-718,3,0.13194967723872492,0.34485810192249006,0.2384038895806075,0.22168289905601393,0.23663397807618272
wta:202468,wta:220520,2025-02-24,2025,2025,hard,Austin,F,7-5 6-2,66,38,64,31,84,WTA-2025-2082-300,2025-2082,3,0.9123145636913628,0.6982300884955752,0.805272326093469,0.8265664831974961,0.8031667417175155
wta:220520,wta:201514,2025-02-24,2025,2025,hard,Austin,QF,5-7 6-4 6-1,99,61,104,56,84,WTA-2025-2082-294,2025-2082,3,0.361511114483908,0.4500762892889838,0.4057937018864459,0.4063180154026319,0.41104240496853317
wta:213889,wta:214452,2025-02-24,2025,2025,hard,Austin,QF,6-3 7-5,76,48,62,35,84,WTA-2025-2082-295,2025-2082,3,0.5499804004338037,0.5212999694842844,0.535640184959044,0.5333821843725449,0.5324055191061299
wta:201548,wta:214262,2025-02-24,2025,2025,hard,Austin,QF,7-5 3-6 7-6(8),109,70,107,68,84,WTA-2025-2082-296,2025-2082,3,0.6708763717834045,0.5535245651510527,0.6122004684672286,0.6165115648337125,0.6185172215950896
wta:202468,wta:215020,2025-02-24,2025,2025,hard,Austin,QF,6-2 6-2,46,31,47,19,84,WTA-2025-2082-297,2025-2082,3,0.9745852087444586,0.7941104668904486,0.8843478378174536,0.9191698146720555,0.8846529949733889
wta:201514,wta:223670,2025-02-24,2025,2025,hard,Austin,R16,6-3 2-6 6-4,104,63,77,47,84,WTA-2025-2082-286,2025-2082,3,0.25229173892510565,0.40680500457735735,0.32954837175123153,0.32645020334858615,0.3310436418153145
wta:220520,wta:213710,2025-02-24,2025,2025,hard,Austin,R16,5-7 6-3 7-6(4),119,64,113,58,84,WTA-2025-2082-287,2025-2082,3,0.5102884172441638,0.4992065913945682,0.504747504319366,0.5068594827254607,0.5063648372458232
wta:214452,wta:219875,2025-02-24,2025,2025,hard,Austin,R16,5-7 6-2 6-2,105,58,91,44,84,WTA-2025-2082-288,2025-2082,3,0.6520290349484679,0.5509612450411963,0.6014951399948321,0.6031593718377718,0.6008543099673679
wta:213889,wta:215480,2025-02-24,2025,2025,hard,Austin,R16,6-1 6-0,45,29,39,12,84,WTA-2025-2082-289,2025-2082,3,0.40484133668579897,0.4658834299664327,0.4353623833261159,0.4361287285408783,0.43490464759221287
wta:201548,wta:214839,2025-02-24,2025,2025,hard,Austin,R16,4-6 6-3 6-0,86,58,80,47,84,WTA-2025-2082-290,2025-2082,3,0.6327307585975978,0.5526701251144339,0.5927004418560158,0.5896777049847273,0.589313197425134
wta:214262,wta:214040,2025-02-24,2025,2025,hard,Austin,R16,6-3 4-6 6-4,86,57,94,53,84,WTA-2025-2082-291,2025-2082,3,0.35343778770129236,0.4505645407384803,0.4020011642198863,0.40067790609948395,0.40221477422904106
wta:215020,wta:213583,2025-02-24,2025,2025,hard,Austin,R16,6-2 6-2,45,31,51,22,84,WTA-2025-2082-292,2025-2082,3,0.55371741891515,0.5213610009154714,0.5375392099153107,0.5358885337006359,0.5365016755851307
wta:202468,wta:203463,2025-02-24,2025,2025,hard,Austin,R16,6-1 6-3,41,32,59,30,84,WTA-2025-2082-293,2025-2082,3,0.9739580286597911,0.803509307293256,0.8887336679765235,0.917921753114092,0.8884285108205883
wta:223670,wta:236955,2025-02-24,2025,2025,hard,Austin,R32,0-6 6-2 7-5,86,45,89,46,84,WTA-2025-2082-270,2025-2082,3,0.9733243122297676,0.8179737564845896,0.8956490343571786,0.9166728717254485,0.8956490343571786
wta:201514,wta:201696,2025-02-24,2025,2025,hard,Austin,R32,6-3 0-6 6-1,73,40,76,40,84,WTA-2025-2082-271,2025-2082,3,0.6242876068755157,0.5454684162343607,0.5848780115549381,0.5838321399304809,0.584694917261377
wta:213710,wta:211095,2025-02-24,2025,2025,hard,Austin,R32,6-3 6-4,62,40,72,37,84,WTA-2025-2082-272,2025-2082,3,0.45363842613296584,0.4848031736344217,0.4692207998836938,0.4690428950291236,0.46827481270029436
wta:220520,wta:203530,2025-02-24,2025,2025,hard,Austin,R32,6-2 7-5,70,41,76,38,84,WTA-2025-2082-273,2025-2082,3,0.540321415170451,0.5134879462923405,0.5269046807313957,0.5269134056117496,0.5248906435022227
wta:219875,wta:220548,2025-02-24,2025,2025,hard,Austin,R32,6-2 6-3,58,36,63,30,84,WTA-2025-2082-274,2025-2082,3,0.17954538334725384,0.3723222459566677,0.27593381465196076,0.2664021998065185,0.2769408332665473
wta:214452,wta:220435,2025-02-24,2025,2025,hard,Austin,R32,6-2 5-7 6-4,79,54,94,52,84,WTA-2025-2082-275,2025-2082,3,0.5686106969129018,0.5278303326213,0.5482205147671009,0.5459012424235632,0.5494716591064357
wta:213889,wta:221096,2025-02-24,2025,2025,hard,Austin,R32,5-7 6-3 6-2,90,56,97,51,84,WTA-2025-2082-276,2025-2082,3,0.6549002069938317,0.5589563625267012,0.6069282847602664,0.605180841630668,0.6049447632466869
wta:215480,wta:215872,2025-02-24,2025,2025,hard,Austin,R32,1-6 6-3 6-4,100,50,102,51,84,WTA-2025-2082-277,2025-2082,3,0.7023878342898285,0.5733597802868478,0.6378738072883381,0.639331311302942,0.6383315430222412
wta:201548,wta:220465,2025-02-24,2025,2025,hard,Austin,R32,7-6(3) 7-5,92,48,106,51,84,WTA-2025-2082-278,2025-2082,3,0.36655374731352086,0.45740006103143116,0.411976904172476,0.40982553246090203,0.4146012557135197
wta:214839,wta:201520,2025-02-24,2025,2025,hard,Austin,R32,3-6 6-4 6-4,115,64,97,55,84,WTA-2025-2082-279,2025-2082,3,0.14050256504507014,0.32923405553860235,0.23486831029183625,0.23015880427648527,0.2355091403193004
wta:214262,wta:215219,2025-02-24,2025,2025,hard,Austin,R32,2-6 6-3 6-2,82,54,80,47,84,WTA-2025-2082-280,2025-2082,3,0.4331066091897469,0.4724137931034483,0.4527602011465976,0.4552554606338766,0.45492681695373827
wta:214040,wta:206294,2025-02-24,2025,2025,hard,Austin,R32,7-6(5) 7-6(5),90,50,88,49,84,WTA-2025-2082-281,2025-2082,3,0.33903598849821437,0.44543790051876714,0.3922369445084908,0.39053543850546785,0.39007032870135006
wta:215020,wta:220416,2025-02-24,2025,2025,hard,Austin,R32,4-6 6-4 6-0,91,51,76,37,84,WTA-2025-2082-282,2025-2082,3,0.5787099175406295,0.5209948123283491,0.5498523649344893,0.5527166372173892,0.5531480622185907
wta:213583,wta:214388,2025-02-24,2025,2025,hard,Austin,R32,6-4 4-6 6-1,94,52,77,41,84,WTA-2025-2082-283,2025-2082,3,0.4666906699824679,0.48114128776319803,0.473915978872833,0.4777754952931291,0.47550279608369656
wta:203463,wta:222837,2025-02-24,2025,2025,hard,Austin,R32,6-2 6-4,69,41,54,25,84,WTA-2025-2082-284,2025-2082,3,0.5752569613094022,0.5270369240158682,0.5511469426626352,0.5503838287630909,0.5515131312497575
wta:202468,wta:201551,2025-02-24,2025,2025,hard,Austin,R32,6-3 3-2 RET,46,30,42,22,84,WTA-2025-2082-285,2025-2082,3,0.9193181314231639,0.7028074458346049,0.8110627886288844,0.8350816369845008,0.8123749643994062
wta:220520,wta:213889,2025-02-24,2025,2025,hard,Austin,SF,7-5 6-4,57,37,90,47,84,WTA-2025-2082-298,2025-2082,3,0.4208029726544228,0.4793103448275862,0.45005665874100453,0.44695404391208143,0.4473712757687738
wta:202468,wta:201548,2025-02-24,2025,2025,hard,Austin,SF,6-1 4-6 6-3,89,52,91,47,84,WTA-2025-2082-299,2025-2082,3,0.9191775664890933,0.7021971315227342,0.8106873490059138,0.8349077044786303,0.8086427960611472
wta:215613,wta:215306,2025-02-24,2025,2025,hard,Merida,F,6-0 6-0,36,26,38,11,84,WTA-2025-2085-300,2025-2085,3,0.8540020258494374,0.6570949038754959,0.7555484648624666,0.7645089001096377,0.7560672320275567
wta:201611,wta:211651,2025-02-24,2025,2025,hard,Merida,QF,1-6 5-3 RET,39,17,47,27,84,WTA-2025-2085-294,2025-2085,3,0.08716723436853578,0.29786389990845286,0.19251556713849433,0.17281365455498804,0.19452960436766734
wta:215306,wta:211685,2025-02-24,2025,2025,hard,Merida,QF,5-7 6-3 6-0,100,53,73,30,84,WTA-2025-2085-295,2025-2085,3,0.27808024804436693,0.41974366798901436,0.3489119580166906,0.3461506621773473,0.34744720366820114
wta:220589,wta:233741,2025-02-24,2025,2025,hard,Merida,QF,4-6 6-2 6-0,83,44,76,30,84,WTA-2025-2085-296,2025-2085,3,0.553988960669001,0.5150137320720171,0.5345013463705091,0.5360707378413411,0.5341046420677932
wta:215613,wta:220309,2025-02-24,2025,2025,hard,Merida,QF,6-4 6-2,49,25,54,20,84,WTA-2025-2085-297,2025-2085,3,0.8464530714176656,0.6446444919133354,0.7455487816655004,0.757318192055612,0.7462201274085581
wta:211651,wta:211713,2025-02-24,2025,2025,hard,Merida,R16,6-2 6-1,43,33,43,19,84,WTA-2025-2085-286,2025-2085,3,0.8981854516196481,0.6753433018004272,0.7867643767100376,0.8102264676396027,0.7856658109486705
wta:201611,wta:211843,2025-02-24,2025,2025,hard,Merida,R16,4-6 6-2 6-2,84,49,79,40,84,WTA-2025-2085-287,2025-2085,3,0.5544257628831211,0.513976197741837,0.534200980312479,0.5363638567076678,0.5348112946243497
wta:211685,wta:206242,2025-02-24,2025,2025,hard,Merida,R16,7-6(8) 6-3,72,43,97,52,84,WTA-2025-2085-288,2025-2085,3,0.3323622442166791,0.4489777235276167,0.3906699838721479,0.385797154569426,0.38575695366158946
wta:215306,wta:215936,2025-02-24,2025,2025,hard,Merida,R16,3-6 6-3 3-4 RET,77,41,83,42,84,WTA-2025-2085-289,2025-2085,3,0.46344362872458417,0.48272810497406166,0.4730858668493229,0.4756049063766212,0.47506938836290236
wta:220589,wta:222601,2025-02-24,2025,2025,hard,Merida,R16,6-1 6-4,61,39,53,27,84,WTA-2025-2085-290,2025-2085,3,0.5664272344366313,0.5225205981080256,0.5444739162723284,0.5444306607534778,0.540995124694666
wta:233741,wta:202499,2025-02-24,2025,2025,hard,Merida,R16,6-1 6-2,60,40,64,30,84,WTA-2025-2085-291,2025-2085,3,0.22041472351562363,0.38458956362526703,0.30250214357044536,0.30107848653399116,0.29624642187377154
wta:220309,wta:202663,2025-02-24,2025,2025,hard,Merida,R16,6-3 3-1 RET,39,27,40,23,84,WTA-2025-2085-292,2025-2085,3,0.2980753316105427,0.4300579798596277,0.36406665573508523,0.36100921198393,0.3626934485333764
wta:215613,wta:201549,2025-02-24,2025,2025,hard,Merida,R16,6-1 6-2,49,36,35,15,84,WTA-2025-2085-293,2025-2085,3,0.8895519315450406,0.6765639304241684,0.7830579309846045,0.8007169967700151,0.7847057796266552
wta:211713,wta:263857,2025-02-24,2025,2025,hard,Merida,R32,6-4 4-1 RET,50,32,46,20,84,WTA-2025-2085-271,2025-2085,3,0.36816572842365214,0.4616112297833384,0.41488847910349524,0.4109444049929846,0.4104331846268398
wta:211843,wta:206417,2025-02-24,2025,2025,hard,Merida,R32,6-4 1-6 6-1,74,44,68,40,84,WTA-2025-2085-272,2025-2085,3,0.9117481030078575,0.7120842233750382,0.8119161631914478,0.8258906800371136,0.8124654460721313
wta:201611,wta:216146,2025-02-24,2025,2025,hard,Merida,R32,6-4 7-6(6),77,42,83,42,84,WTA-2025-2085-273,2025-2085,3,0.23785378061148826,0.4049740616417455,0.3214139211266169,0.31511321958559907,0.3244654926859699
wta:211685,wta:215138,2025-02-24,2025,2025,hard,Merida,R32,6-3 6-1,49,34,53,24,84,WTA-2025-2085-275,2025-2085,3,0.5958353923400064,0.5346048214830638,0.565220106911535,0.5643318088497604,0.5633586482603297
wta:215936,wta:210886,2025-02-24,2025,2025,hard,Merida,R32,6-4 3-0 RET,43,29,33,16,84,WTA-2025-2085-276,2025-2085,3,0.6807367081835732,0.5674397314617028,0.6240882198226381,0.6235803430482314,0.6265294770701204
wta:215306,wta:214604,2025-02-24,2025,2025,hard,Merida,R32,6-2 6-3,70,38,61,26,84,WTA-2025-2085-277,2025-2085,3,0.5881049372462428,0.5286847726579188,0.5583948549520807,0.5590788657343528,0.5605309550436279
wta:220589,wta:211684,2025-02-24,2025,2025,hard,Merida,R32,4-6 6-3 6-3,97,55,82,44,84,WTA-2025-2085-278,2025-2085,3,0.38529740918513206,0.46270979554470554,0.4240036023649188,0.4227693046254883,0.42348483519982877
wta:222601,wta:260761,2025-02-24,2025,2025,hard,Merida,R32,7-5 5-7 7-5,139,74,110,55,84,WTA-2025-2085-279,2025-2085,3,0.657566721598981,0.5741531888922795,0.6158599552456303,0.6070621227852934,0.6154937666585079
wta:233741,wta:211814,2025-02-24,2025,2025,hard,Merida,R32,6-3 6-2,65,40,67,32,84,WTA-2025-2085-280,2025-2085,3,0.7139844063002104,0.5975892584681111,0.6557868323841607,0.6479126355423145,0.6532235122743042
wta:220309,wta:206289,2025-02-24,2025,2025,hard,Merida,R32,7-5 6-2,65,37,68,32,84,WTA-2025-2085-282,2025-2085,3,0.1934321518034011,0.3780592004882514,0.28574567614582624,0.27850137600161357,0.2891634362923017
wta:202663,wta:220714,2025-02-24,2025,2025,hard,Merida,R32,6-4 6-0,54,32,60,25,84,WTA-2025-2085-283,2025-2085,3,0.6791941078707859,0.564754348489472,0.621974228180129,0.622470410317022,0.6207230838407942
wta:201549,wta:201585,2025-02-24,2025,2025,hard,Merida,R32,6-2 6-3,56,28,62,23,84,WTA-2025-2085-284,2025-2085,3,0.33254614836634927,0.4491608178211779,0.39085348309376355,0.3859280684278043,0.38825964726831347
wta:215306,wta:201611,2025-02-24,2025,2025,hard,Merida,SF,6-3 4-6 6-2,84,50,107,57,84,WTA-2025-2085-298,2025-2085,3,0.4263202214015547,0.4683246872139152,0.44732245430773493,0.45068079027322244,0.4500688687111527
wta:215613,wta:220589,2025-02-24,2025,2025,hard,Merida,SF,6-3 6-3,55,35,62,28,84,WTA-2025-2085-299,2025-2085,3,0.7990600318273282,0.6082697589258468,0.7036648953765875,0.7151004959754198,0.7084558627247719
wta:259799,wta:214544,2025-03-05,2025,2025,hard,Indian Wells,F,2-6 6-4 6-3,82,51,92,52,85,WTA-2025-609-300,2025-609,3,0.36518610435581816,0.45959719255416537,0.41239164845499177,0.40887536142209063,0.41065225266616057
wta:216347,wta:221012,2025-03-05,2025,2025,hard,Indian Wells,QF,6-3 6-3,54,34,59,27,85,WTA-2025-609-294,2025-609,3,0.8128178470038652,0.6182178822093378,0.7155178646066015,0.7268997987126791,0.713412280230648
wta:259799,wta:202494,2025-03-05,2025,2025,hard,Indian Wells,QF,7-5 6-3,52,40,72,41,85,WTA-2025-609-295,2025-609,3,0.5635596306246621,0.5154409520903265,0.5395002913574942,0.542500760065228,0.5424908314856602
wta:201619,wta:202505,2025-03-05,2025,2025,hard,Indian Wells,QF,6-1 6-1,48,29,52,20,85,WTA-2025-609-296,2025-609,3,0.5498369857035661,0.5096429661275557,0.5297399759155609,0.5332860415847296,0.5299230702091221
wta:214544,wta:214643,2025-03-05,2025,2025,hard,Indian Wells,QF,6-2 6-3,49,31,60,27,85,WTA-2025-609-297,2025-609,3,0.8712361178067936,0.6574610924626183,0.7643486051347059,0.7815328939813532,0.7670950195381236
wta:201614,wta:211095,2025-03-05,2025,2025,hard,Indian Wells,R128,6-3 6-4,55,37,57,30,85,WTA-2025-609-175,2025-609,3,0.5772512137706388,0.5219713152273421,0.5496112644989904,0.5517307970708735,0.5462545357837021
wta:215035,wta:206294,2025-03-05,2025,2025,hard,Indian Wells,R128,6-2 6-4,63,39,58,29,85,WTA-2025-609-176,2025-609,3,0.6228431348185024,0.5403417760146475,0.581592455416575,0.5828350093186525,0.580554921086395
wta:211701,wta:214604,2025-03-05,2025,2025,hard,Indian Wells,R128,6-2 6-1,45,26,68,26,85,WTA-2025-609-179,2025-609,3,0.7746520974100468,0.6047909673481843,0.6897215323791155,0.6949107479220311,0.6898741109570832
wta:220714,wta:213887,2025-03-05,2025,2025,hard,Indian Wells,R128,6-4 1-0 RET,37,26,30,15,85,WTA-2025-609-180,2025-609,3,0.47925046959272594,0.4916386939273726,0.48544458176004923,0.4861625648803191,0.4844375631454627
wta:214452,wta:215872,2025-03-05,2025,2025,hard,Indian Wells,R128,6-2 7-6(3),76,44,66,32,85,WTA-2025-609-183,2025-609,3,0.58113352347905,0.523863289594141,0.5524984065365954,0.5543557316754101,0.5534443937199949
wta:221905,wta:215898,2025-03-05,2025,2025,hard,Indian Wells,R128,3-6 7-5 6-2,79,46,105,55,85,WTA-2025-609-184,2025-609,3,0.532301635006705,0.5106194690265486,0.5214605520166269,0.5215510963822839,0.520148376246105
wta:215138,wta:211685,2025-03-05,2025,2025,hard,Indian Wells,R128,6-3 1-6 7-6(2),99,63,96,62,85,WTA-2025-609-187,2025-609,3,0.22453331303636836,0.40680500457735735,0.31566915880686286,0.3044292624662347,0.3106035500183367
wta:201458,wta:238064,2025-03-05,2025,2025,hard,Indian Wells,R128,6-4 7-6(7),68,44,80,44,85,WTA-2025-609-188,2025-609,3,0.8594289329952127,0.6755874275251754,0.7675081802601941,0.7697741968652364,0.7643650615540605
wta:202663,wta:220548,2025-03-05,2025,2025,hard,Indian Wells,R128,6-4 4-6 6-3,86,55,86,51,85,WTA-2025-609-191,2025-609,3,0.39230710383178274,0.46594446139761975,0.42912578261470125,0.427575543058854,0.428362889724863
wta:216133,wta:210886,2025-03-05,2025,2025,hard,Indian Wells,R128,6-4 7-5,81,50,80,44,85,WTA-2025-609-192,2025-609,3,0.8883088636110406,0.6729630759841319,0.7806359697975862,0.7993742658289525,0.7806359697975862
wta:221909,wta:220465,2025-03-05,2025,2025,hard,Indian Wells,R128,0-6 6-2 6-2,81,44,70,35,85,WTA-2025-609-195,2025-609,3,0.5283224919192423,0.5028684772657919,0.515595484592517,0.5188928958993775,0.5197761376288308
wta:221024,wta:215992,2025-03-05,2025,2025,hard,Indian Wells,R128,6-1 6-2,46,34,50,24,85,WTA-2025-609-196,2025-609,3,0.9320283807337264,0.7696978944156241,0.8508631375746752,0.8513862621186401,0.8527245962258806
wta:219875,wta:201520,2025-03-05,2025,2025,hard,Indian Wells,R128,4-6 6-3 6-4,80,50,111,58,85,WTA-2025-609-199,2025-609,3,0.21846973808714418,0.39032651815685077,0.30439812812199746,0.29948790963889305,0.3036657509477527
wta:215785,wta:211768,2025-03-05,2025,2025,hard,Indian Wells,R128,6-4 6-4,56,39,83,46,85,WTA-2025-609-200,2025-609,3,0.13882088192101855,0.3478486420506561,0.2433347619858373,0.228509714464253,0.24095453616954193
wta:201593,wta:215983,2025-03-05,2025,2025,hard,Indian Wells,R128,7-5 3-6 6-1,77,50,84,48,85,WTA-2025-609-203,2025-609,3,0.22324728442064992,0.3926457125419591,0.3079464984813045,0.30338548027839946,0.30867887565554925
wta:215480,wta:213631,2025-03-05,2025,2025,hard,Indian Wells,R128,3-6 6-3 6-3,80,48,95,52,85,WTA-2025-609-204,2025-609,3,0.3323125478218934,0.44086054317973755,0.3865865455008155,0.3857617743274406,0.387593564115402
wta:215713,wta:222601,2025-03-05,2025,2025,hard,Indian Wells,R128,6-7(5) 6-4 7-5,121,69,120,64,85,WTA-2025-609-207,2025-609,3,0.8087311216496113,0.6156545620994812,0.7121928418745462,0.7233601764083796,0.7102093203609667
wta:214040,wta:203530,2025-03-05,2025,2025,hard,Indian Wells,R128,6-4 6-4,69,36,62,29,85,WTA-2025-609-208,2025-609,3,0.5765348669384693,0.522886786695148,0.5497108268168087,0.5512468513549194,0.5504737197066469
wta:220589,wta:201616,2025-03-05,2025,2025,hard,Indian Wells,R128,6-4 6-2,61,31,56,22,85,WTA-2025-609-211,2025-609,3,0.8738990698123664,0.6616112297833384,0.7677551497978524,0.7842467279585105,0.7716306456782308
wta:201514,wta:233741,2025-03-05,2025,2025,hard,Indian Wells,R128,6-2 7-5,68,39,65,31,85,WTA-2025-609-212,2025-609,3,0.4841736351987013,0.49566676838571866,0.48992020179220996,0.48944713172855003,0.4935820876634337
wta:219917,wta:214939,2025-03-05,2025,2025,hard,Indian Wells,R128,6-4 6-3,63,39,82,41,85,WTA-2025-609-215,2025-609,3,0.24364176466731488,0.41089411046689045,0.32726793756710265,0.3196869623120134,0.3267491704020126
wta:202505,wta:213583,2025-03-05,2025,2025,hard,Indian Wells,R128,6-1 6-1,39,29,41,15,85,WTA-2025-609-216,2025-609,3,0.9839535416096071,0.8330485199877937,0.9085010307987005,0.9395770226216554,0.9059987421200308
wta:202600,wta:215337,2025-03-05,2025,2025,hard,Indian Wells,R128,6-2 6-3,52,33,81,38,85,WTA-2025-609-219,2025-609,3,0.28268381267276266,0.42194079951174857,0.3523123060922556,0.34960138627550447,0.35621831768822754
wta:220416,wta:221054,2025-03-05,2025,2025,hard,Indian Wells,R128,6-3 6-2,60,35,54,24,85,WTA-2025-609-220,2025-609,3,0.14005103406132788,0.35859017393957887,0.24932060400045336,0.2297168389222159,0.24529252954210734
wta:260300,wta:211814,2025-03-05,2025,2025,hard,Indian Wells,R128,2-6 7-5 6-0,78,48,76,40,85,WTA-2025-609-223,2025-609,3,0.9162021089421708,0.7270979554470552,0.821650032194613,0.8312556809197221,0.8206124978644329
wta:211713,wta:206368,2025-03-05,2025,2025,hard,Indian Wells,R128,6-2 6-3,70,42,69,35,85,WTA-2025-609-224,2025-609,3,0.2944378809687019,0.4326212999694843,0.36352959046909306,0.3583304503947731,0.3644145462213055
wta:216083,wta:201548,2025-03-05,2025,2025,hard,Indian Wells,R128,6-4 0-0 RET,35,18,29,14,85,WTA-2025-609-227,2025-609,3,0.3549725054782811,0.4527006408300275,0.4038365731541543,0.40175247995391855,0.40493513891552135
wta:213550,wta:213666,2025-03-05,2025,2025,hard,Indian Wells,R128,6-2 6-1,44,31,52,23,85,WTA-2025-609-228,2025-609,3,0.8408239319413711,0.658193469636863,0.749508700789117,0.7520509695675364,0.7454501106151774
wta:222661,wta:201478,2025-03-05,2025,2025,hard,Indian Wells,R128,7-6(6) 6-2,65,47,72,43,85,WTA-2025-609-231,2025-609,3,0.7799491205247215,0.6191943851083308,0.6995717528165262,0.6992186548721762,0.6983511241927849
wta:221236,wta:214906,2025-03-05,2025,2025,hard,Indian Wells,R128,6-4 6-2,88,49,55,27,85,WTA-2025-609-232,2025-609,3,0.6100193934327581,0.5363747329874886,0.5731970632101233,0.5740177137065774,0.5710609631185761
wta:214459,wta:211843,2025-03-05,2025,2025,hard,Indian Wells,R128,6-4 7-5,72,41,75,38,85,WTA-2025-609-235,2025-609,3,0.628201588520458,0.541806530363137,0.5850040594417976,0.5865382497943625,0.5858890151940099
wta:220520,wta:215020,2025-03-05,2025,2025,hard,Indian Wells,R128,6-1 6-2,44,29,44,16,85,WTA-2025-609-236,2025-609,3,0.7747932357992043,0.595514189807751,0.6851537128034777,0.6950250358718075,0.6844518513448264
wta:216347,wta:214096,2025-03-05,2025,2025,hard,Indian Wells,R16,6-1 6-1,37,28,39,17,85,WTA-2025-609-286,2025-609,3,0.8054037850624007,0.6138236191638694,0.709613702113135,0.720500314777575,0.7123906322321464
wta:221012,wta:216146,2025-03-05,2025,2025,hard,Indian Wells,R16,6-3 6-2,55,34,56,26,85,WTA-2025-609-287,2025-609,3,0.7061383311190051,0.5650595056454074,0.6355989183822063,0.6420948456422123,0.6365143898500122
wta:202494,wta:202468,2025-03-05,2025,2025,hard,Indian Wells,R16,5-7 6-1 6-2,94,58,84,45,85,WTA-2025-609-288,2025-609,3,0.4319441191807592,0.47339029600244126,0.45266720759160023,0.4544725242341503,0.4555356848573921
wta:259799,wta:214981,2025-03-05,2025,2025,hard,Indian Wells,R16,6-1 6-2,40,26,55,23,85,WTA-2025-609-289,2025-609,3,0.42715062769215306,0.47985962770826973,0.4535051277002114,0.4512410995370498,0.455549680644978
wta:201619,wta:202499,2025-03-05,2025,2025,hard,Indian Wells,R16,4-6 7-6(7) 6-3,91,59,110,65,85,WTA-2025-609-290,2025-609,3,0.8411534681722153,0.6383582545010681,0.7397558613366417,0.7523571826150764,0.7358193340250763
wta:202505,wta:221103,2025-03-05,2025,2025,hard,Indian Wells,R16,3-6 6-3 6-4,89,57,87,56,85,WTA-2025-609-291,2025-609,3,0.4171034740726876,0.4696063472688434,0.4433549106707655,0.4444510242399548,0.446833702248428
wta:214643,wta:211148,2025-03-05,2025,2025,hard,Indian Wells,R16,6-0 6-4,43,31,52,23,85,WTA-2025-609-292,2025-609,3,0.43596320302743263,0.484070796460177,0.46001699974380483,0.45717821834464084,0.4601085468905854
wta:214544,wta:222661,2025-03-05,2025,2025,hard,Indian Wells,R16,6-1 6-2,46,30,53,23,85,WTA-2025-609-293,2025-609,3,0.9060776707798318,0.6915166310649985,0.7987971509224152,0.8192248484375678,0.8011163453075234
wta:216347,wta:215035,2025-03-05,2025,2025,hard,Indian Wells,R32,6-0 6-2,42,30,50,22,85,WTA-2025-609-270,2025-609,3,0.9649961903768115,0.7627403112602991,0.8638682508185553,0.9012428991430227,0.8652414580202641
wta:214096,wta:211701,2025-03-05,2025,2025,hard,Indian Wells,R32,7-5 6-1,65,38,60,26,85,WTA-2025-609-271,2025-609,3,0.8429950786991455,0.6340860543179737,0.7385405665085596,0.754073286189437,0.7399137737102686
wta:216146,wta:214452,2025-03-05,2025,2025,hard,Indian Wells,R32,6-3 6-3,71,44,79,41,85,WTA-2025-609-272,2025-609,3,0.7695257844748419,0.5956972841013122,0.682611534288077,0.6907775611469471,0.6829472071596059
wta:221012,wta:215138,2025-03-05,2025,2025,hard,Indian Wells,R32,6-4 7-5,70,40,72,36,85,WTA-2025-609-273,2025-609,3,0.9409824488817305,0.7319804699420202,0.8364814594118753,0.8636638073486624,0.8364509436962818
wta:202468,wta:216133,2025-03-05,2025,2025,hard,Indian Wells,R32,6-2 6-1,55,35,42,17,85,WTA-2025-609-274,2025-609,3,0.8615225015659966,0.6419591089411046,0.7517408052535506,0.7718280391306968,0.7558909425742708
wta:202494,wta:203389,2025-03-05,2025,2025,hard,Indian Wells,R32,6-2 6-4,71,43,45,24,85,WTA-2025-609-275,2025-609,3,0.5996300293019546,0.533811412877632,0.5667207210897933,0.5669167596086289,0.5631808980809437
wta:259799,wta:220704,2025-03-05,2025,2025,hard,Indian Wells,R32,6-3 6-0,38,28,48,22,85,WTA-2025-609-276,2025-609,3,0.672456411712886,0.5570643881599023,0.6147603999363942,0.617640215452238,0.6142721484868976
wta:214981,wta:211107,2025-03-05,2025,2025,hard,Indian Wells,R32,6-0 7-5,49,36,59,31,85,WTA-2025-609-277,2025-609,3,0.8371759339716875,0.6336588342996643,0.7354173841356759,0.7486783734776873,0.7369431699153525
wta:201619,wta:210722,2025-03-05,2025,2025,hard,Indian Wells,R32,6-2 6-7(8) 6-4,128,74,123,69,85,WTA-2025-609-278,2025-609,3,0.7437817215841476,0.5783643576441868,0.6610730396141672,0.6705069006905999,0.6660165855403191
wta:202499,wta:215613,2025-03-05,2025,2025,hard,Indian Wells,R32,7-6(5) 6-1,70,35,60,25,85,WTA-2025-609-279,2025-609,3,0.3686383840785791,0.45617943240768993,0.4124089082431345,0.41127226055955574,0.4124089082431345
wta:202505,wta:223670,2025-03-05,2025,2025,hard,Indian Wells,R32,6-4 6-4,62,35,66,29,85,WTA-2025-609-280,2025-609,3,0.7774617950178886,0.599542264266097,0.6885020296419928,0.697190995544572,0.6888682182291153
wta:221103,wta:206289,2025-03-05,2025,2025,hard,Indian Wells,R32,7-6(1) 6-2,74,45,60,28,85,WTA-2025-609-281,2025-609,3,0.8963043439337717,0.6855355508086665,0.7909199473712191,0.8081261219177855,0.7842064899406423
wta:211148,wta:211713,2025-03-05,2025,2025,hard,Indian Wells,R32,6-4 3-6 6-4,104,59,96,51,85,WTA-2025-609-282,2025-609,3,0.7976470586583235,0.6115044247787611,0.7045757417185423,0.713906885167497,0.7043926474249811
wta:214643,wta:214082,2025-03-05,2025,2025,hard,Indian Wells,R32,2-6 6-3 6-2,85,47,70,35,85,WTA-2025-609-283,2025-609,3,0.40224457894522275,0.47430576747024716,0.43827517320773496,0.43436079582578313,0.43671887171246493
wta:222661,wta:221236,2025-03-05,2025,2025,hard,Indian Wells,R32,7-5 6-3,74,47,63,35,85,WTA-2025-609-284,2025-609,3,0.6302988396384795,0.5420506560878853,0.5861747478631825,0.5879908997253412,0.5868460936062401
wta:214544,wta:214459,2025-03-05,2025,2025,hard,Indian Wells,R32,6-1 6-2,47,31,58,25,85,WTA-2025-609-285,2025-609,3,0.9092246066907834,0.6906011595971926,0.799912883143988,0.8229023019214219,0.8009199017585745
wta:216347,wta:201614,2025-03-05,2025,2025,hard,Indian Wells,R64,6-2 6-0,44,28,44,15,85,WTA-2025-609-238,2025-609,3,0.9810138265580264,0.8154714678059201,0.8982426471819732,0.932762346330539,0.9026674259430352
wta:215035,wta:202460,2025-03-05,2025,2025,hard,Indian Wells,R64,6-3 6-1,58,35,49,20,85,WTA-2025-609-239,2025-609,3,0.2915922394867175,0.42255111382361915,0.3570716766551683,0.3562275415975554,0.3624119268840362
wta:211701,wta:201709,2025-03-05,2025,2025,hard,Indian Wells,R64,6-2 6-2,60,37,69,32,85,WTA-2025-609-240,2025-609,3,0.23129826387827074,0.4079646017699115,0.3196314328240911,0.3098836473745746,0.3233543501265018
wta:214096,wta:220714,2025-03-05,2025,2025,hard,Indian Wells,R64,6-4 6-3,65,39,53,28,85,WTA-2025-609-241,2025-609,3,0.9222332238577703,0.711901129081477,0.8170671764696236,0.8387183267076985,0.8137714791855224
wta:214452,wta:220332,2025-03-05,2025,2025,hard,Indian Wells,R64,7-6(3) 6-4,69,48,82,46,85,WTA-2025-609-242,2025-609,3,0.45830068527717416,0.4818126335062557,0.4700566593917149,0.4721645447996834,0.4734133881070033
wta:216146,wta:221905,2025-03-05,2025,2025,hard,Indian Wells,R64,6-1 6-3,46,32,46,20,85,WTA-2025-609-243,2025-609,3,0.8409379140927702,0.6368935001525786,0.7389157071226744,0.7521568550381993,0.7397091157281062
wta:215138,wta:222328,2025-03-05,2025,2025,hard,Indian Wells,R64,6-1 6-4,56,40,60,33,85,WTA-2025-609-244,2025-609,3,0.06725106170221017,0.2758925846811108,0.17157182319166048,0.14765215459885436,0.16733013872415972
wta:221012,wta:201458,2025-03-05,2025,2025,hard,Indian Wells,R64,6-3 6-4,59,37,53,26,85,WTA-2025-609-245,2025-609,3,0.6889542753099813,0.567744888617638,0.6283495819638096,0.6295196479528926,0.6256947147071725
wta:202468,wta:202663,2025-03-05,2025,2025,hard,Indian Wells,R64,6-4 6-2,56,36,54,27,85,WTA-2025-609-246,2025-609,3,0.8819803373902393,0.6633201098565762,0.7726502236234077,0.7926344576615579,0.7698122620732093
wta:216133,wta:211533,2025-03-05,2025,2025,hard,Indian Wells,R64,6-4 6-4,74,46,53,34,85,WTA-2025-609-247,2025-609,3,0.33424909482208237,0.4458651205370766,0.39005710767957946,0.3871393884600594,0.38871441619346414
wta:202494,wta:221909,2025-03-05,2025,2025,hard,Indian Wells,R64,6-1 6-7(8) 6-3,94,54,113,55,85,WTA-2025-609-248,2025-609,3,0.7910068456484187,0.5992371071101618,0.6951219763792902,0.7083402656576804,0.6970444664616826
wta:203389,wta:221024,2025-03-05,2025,2025,hard,Indian Wells,R64,5-7 6-2 6-4,104,58,90,44,85,WTA-2025-609-249,2025-609,3,0.8139593795874907,0.6168141592920354,0.7153867694397631,0.7278939759603941,0.7143187193939895
wta:259799,wta:219875,2025-03-05,2025,2025,hard,Indian Wells,R64,7-5 6-4,69,40,71,35,85,WTA-2025-609-250,2025-609,3,0.9452777115583914,0.7362526701251144,0.8407651908417528,0.8698317295473608,0.8396666250803858
wta:220704,wta:215785,2025-03-05,2025,2025,hard,Indian Wells,R64,7-6(3) 7-5,83,54,86,47,85,WTA-2025-609-251,2025-609,3,0.7694417644662122,0.5889838266707355,0.6792127955684738,0.6907101043238578,0.6816845685315498
wta:211107,wta:201593,2025-03-05,2025,2025,hard,Indian Wells,R64,6-7(2) 6-3 6-0,104,64,79,40,85,WTA-2025-609-252,2025-609,3,0.7513681455944448,0.5917302410741532,0.671549193334299,0.676401136005951,0.6702370175637772
wta:214981,wta:215480,2025-03-05,2025,2025,hard,Indian Wells,R64,6-3 6-3,67,43,65,34,85,WTA-2025-609-253,2025-609,3,0.9426758850065864,0.7297223069880989,0.8361990959973427,0.8660721988304468,0.8347953730800401
wta:201619,wta:215713,2025-03-05,2025,2025,hard,Indian Wells,R64,6-3 6-0,44,31,54,22,85,WTA-2025-609-254,2025-609,3,0.8330692867143712,0.6284711626487641,0.7307702246815677,0.7449185517459713,0.728603608874427
wta:210722,wta:214040,2025-03-05,2025,2025,hard,Indian Wells,R64,6-4 7-5,69,44,64,37,85,WTA-2025-609-255,2025-609,3,0.8132314791948162,0.6170582850167836,0.7151448821058,0.727259757604415,0.7147176620874904
wta:202499,wta:220589,2025-03-05,2025,2025,hard,Indian Wells,R64,6-3 6-3,64,36,48,16,85,WTA-2025-609-256,2025-609,3,0.5948463058072903,0.526853829722307,0.5608500677647986,0.5636587473641316,0.5608500677647986
wta:215613,wta:201514,2025-03-05,2025,2025,hard,Indian Wells,R64,3-6 6-1 7-6(3),92,56,99,55,85,WTA-2025-609-257,2025-609,3,0.7173461361669236,0.5667683857186451,0.6420572609427844,0.650421002865522,0.6438576881628026
wta:223670,wta:219917,2025-03-05,2025,2025,hard,Indian Wells,R64,6-1 6-1,51,33,38,14,85,WTA-2025-609-258,2025-609,3,0.8074174675432155,0.6065608788526091,0.7069891731979123,0.722228758697267,0.7093693990142077
wta:202505,wta:216153,2025-03-05,2025,2025,hard,Indian Wells,R64,6-4 6-7(3) 6-1,96,57,95,49,85,WTA-2025-609-259,2025-609,3,0.728850464134959,0.5801342691486115,0.6544923666417852,0.65908037575698,0.653210706586857
wta:206289,wta:202600,2025-03-05,2025,2025,hard,Indian Wells,R64,6-0 6-3,51,27,44,13,85,WTA-2025-609-260,2025-609,3,0.7240184849219636,0.5718950259383583,0.647956755430161,0.6554287451758998,0.6489637740447475
wta:221103,wta:220416,2025-03-05,2025,2025,hard,Indian Wells,R64,6-4 3-6 7-6(4),125,65,111,56,85,WTA-2025-609-261,2025-609,3,0.9783907646209039,0.8043027158986878,0.8913467402597959,0.9270246812403391,0.8933912932045625
wta:211148,wta:260300,2025-03-05,2025,2025,hard,Indian Wells,R64,7-6(3) 1-6 6-3,89,50,94,52,85,WTA-2025-609-262,2025-609,3,0.634075580515941,0.548764113518462,0.5914198470172015,0.5906115910288302,0.589436325503622
wta:211713,wta:220367,2025-03-05,2025,2025,hard,Indian Wells,R64,5-7 7-6(5) 6-3,114,68,122,73,85,WTA-2025-609-263,2025-609,3,0.2635107534641718,0.42029295086969787,0.3419018521669348,0.33510163841713336,0.3407422549743807
wta:214643,wta:216083,2025-03-05,2025,2025,hard,Indian Wells,R64,7-6(8) 6-4,64,40,73,42,85,WTA-2025-609-264,2025-609,3,0.7977877158699632,0.6181568507781507,0.7079722833240569,0.71402555986384,0.70998632055323
wta:214082,wta:213550,2025-03-05,2025,2025,hard,Indian Wells,R64,3-6 7-5 6-4,103,60,97,56,85,WTA-2025-609-265,2025-609,3,0.6541189387014736,0.5471772963075984,0.600648117504536,0.6046303566394375,0.59973264603673
wta:222661,wta:206242,2025-03-05,2025,2025,hard,Indian Wells,R64,6-2 6-1,49,34,39,17,85,WTA-2025-609-266,2025-609,3,0.4339867772160987,0.4776624961855355,0.4558246367008171,0.45584807030116237,0.4540242094807988
wta:221236,wta:206420,2025-03-05,2025,2025,hard,Indian Wells,R64,7-5 6-2,65,37,54,24,85,WTA-2025-609-267,2025-609,3,0.21026409191800718,0.3991760756789747,0.3047200837984909,0.2927173616580527,0.30334687659678206
wta:214459,wta:211684,2025-03-05,2025,2025,hard,Indian Wells,R64,6-3 7-5,86,46,61,28,85,WTA-2025-609-268,2025-609,3,0.575374690633496,0.5215440952090327,0.5484593929212643,0.55046332042031,0.5467505128480266
wta:214544,wta:220520,2025-03-05,2025,2025,hard,Indian Wells,R64,7-6(4) 6-3,57,44,75,46,85,WTA-2025-609-269,2025-609,3,0.8782157623234719,0.6647848642050657,0.7715003132642688,0.7886978587719562,0.7675637859527034
wta:259799,wta:216347,2025-03-05,2025,2025,hard,Indian Wells,SF,7-6(1) 1-6 6-3,90,50,84,51,85,WTA-2025-609-298,2025-609,3,0.20841125410475148,0.4038754958803784,0.30614337499256494,0.2911746734829682,0.3027256148460895
wta:214544,wta:201619,2025-03-05,2025,2025,hard,Indian Wells,SF,6-0 6-1,40,29,40,16,85,WTA-2025-609-299,2025-609,3,0.5522481623586567,0.5162343606957583,0.5342412615272075,0.5349028698947961,0.5330511486190599
wta:214544,wta:202468,2025-03-18,2025,2025,hard,Miami,F,7-5 6-2,65,37,64,27,85,WTA-2025-902-300,2025-902,3,0.6284593605410286,0.5369850472993591,0.5827222039201938,0.5867166944130913,0.5828137510669744
wta:223253,wta:216347,2025-03-18,2025,2025,hard,Miami,QF,6-2 7-5,66,34,70,27,85,WTA-2025-902-294,2025-902,3,0.0002327202834143078,0.02602990540128166,0.013131312842347984,0.003769785052803766,0.013802658585405659
wta:202468,wta:221054,2025-03-18,2025,2025,hard,Miami,QF,6-4 6-7(3) 6-2,102,70,93,58,85,WTA-2025-902-295,2025-902,3,0.7554199180248004,0.5891669209642966,0.6722934194945485,0.6795752821759535,0.6704319608433431
wta:211148,wta:202663,2025-03-18,2025,2025,hard,Miami,QF,6-3 6-2,74,45,45,24,85,WTA-2025-902-296,2025-902,3,0.7033516774455356,0.5593225511138237,0.6313371142796796,0.6400404670325838,0.6355787987471804
wta:214544,wta:221012,2025-03-18,2025,2025,hard,Miami,QF,6-2 7-5,59,33,66,26,85,WTA-2025-902-297,2025-902,3,0.668806943579544,0.5533414708574916,0.6110742072185178,0.6150356081669753,0.6131492758788779
wta:201614,wta:214388,2025-03-18,2025,2025,hard,Miami,R128,6-0 7-6(5),78,45,64,30,85,WTA-2025-902-175,2025-902,3,0.6927427051119095,0.5638388770216661,0.6282907910667879,0.632273386092023,0.6286569796539102
wta:220548,wta:211107,2025-03-18,2025,2025,hard,Miami,R128,6-4 6-2,56,33,55,23,85,WTA-2025-902-176,2025-902,3,0.4794251824448951,0.49127250534025024,0.4853488438925727,0.4862791507514883,0.4865999882319074
wta:202505,wta:215035,2025-03-18,2025,2025,hard,Miami,R128,6-4 1-6 7-5,106,60,106,60,85,WTA-2025-902-179,2025-902,3,0.862031421766632,0.646292340555386,0.7541618811610089,0.772329260932747,0.7565115912617109
wta:201458,wta:211843,2025-03-18,2025,2025,hard,Miami,R128,6-3 6-1,43,31,40,16,85,WTA-2025-902-180,2025-902,3,0.7670382126937623,0.5900823924321026,0.6785603025629324,0.6887842008140104,0.6798114469022671
wta:239475,wta:215785,2025-03-18,2025,2025,hard,Miami,R128,7-5 5-7 6-3,109,58,100,53,85,WTA-2025-902-183,2025-902,3,0.06939842141681908,0.21101617332926456,0.14020729737304183,0.1505051286169403,0.13553839288723163
wta:211814,wta:261972,2025-03-18,2025,2025,hard,Miami,R128,6-4 6-4,74,43,63,32,85,WTA-2025-902-184,2025-902,3,0.3988145958561907,0.46411351846200793,0.4314640571590993,0.4320224116149354,0.4318912771774087
wta:223253,wta:220465,2025-03-18,2025,2025,hard,Miami,R128,6-3 7-6(3),69,36,75,36,85,WTA-2025-902-187,2025-902,3,0.035954951848325076,0.21370155630149526,0.12482825407491016,0.10041871657967906,0.12720847989120557
wta:220589,wta:222965,2025-03-18,2025,2025,hard,Miami,R128,6-1 6-7(4) 6-4,89,50,94,48,85,WTA-2025-902-188,2025-902,3,0.7412436562878333,0.5842233750381447,0.662733515662989,0.6685487003011286,0.6619401070575572
wta:211095,wta:201548,2025-03-18,2025,2025,hard,Miami,R128,6-3 6-2,66,43,43,26,85,WTA-2025-902-191,2025-902,3,0.3788894317684315,0.4589258468111077,0.4189076392897696,0.4183599029308331,0.4184193878402731
wta:220416,wta:215480,2025-03-18,2025,2025,hard,Miami,R128,6-4 6-3,87,52,79,43,85,WTA-2025-902-192,2025-902,3,0.36229498208071914,0.45886481537992063,0.41057989873031986,0.40686400518116267,0.4106104144459134
wta:214040,wta:215713,2025-03-18,2025,2025,hard,Miami,R128,3-6 6-3 7-6(5),96,57,100,55,85,WTA-2025-902-195,2025-902,3,0.27574447425265225,0.4292645712541959,0.3525045227534241,0.34439261888625333,0.3471642725245562
wta:215020,wta:215872,2025-03-18,2025,2025,hard,Miami,R128,4-6 6-3 6-2,95,56,73,42,85,WTA-2025-902-196,2025-902,3,0.5118798831272366,0.5051266402197132,0.5085032616734749,0.5079207502462803,0.5078319159304172
wta:206368,wta:216133,2025-03-18,2025,2025,hard,Miami,R128,6-2 7-6(5),64,47,63,40,85,WTA-2025-902-199,2025-902,3,0.5611668895267861,0.5194079951174855,0.5402874423221358,0.5408916583827973,0.5396466122946717
wta:210886,wta:215138,2025-03-18,2025,2025,hard,Miami,R128,7-5 1-6 6-4,109,64,92,59,85,WTA-2025-902-200,2025-902,3,0.30853340839815835,0.4398230088495575,0.3741782086238579,0.3686553287910574,0.37442233434860617
wta:220520,wta:213631,2025-03-18,2025,2025,hard,Miami,R128,6-4 2-6 6-4,101,54,93,51,85,WTA-2025-902-203,2025-902,3,0.55633204935242,0.5175160207506866,0.5369240350515533,0.5376434518492608,0.5370155821983339
wta:221054,wta:259967,2025-03-18,2025,2025,hard,Miami,R128,6-2 6-1,40,28,44,18,85,WTA-2025-902-204,2025-902,3,0.6360841298374028,0.5474214220323467,0.5917527759348747,0.5920078786382769,0.5907152416046947
wta:211685,wta:214593,2025-03-18,2025,2025,hard,Miami,R128,3-6 6-1 6-3,74,44,79,43,85,WTA-2025-902-207,2025-902,3,0.8334477844416198,0.6359780286847727,0.7347129065631963,0.7452634914626892,0.7390766538930711
wta:211701,wta:206294,2025-03-18,2025,2025,hard,Miami,R128,6-2 2-6 7-6(4),88,51,94,49,85,WTA-2025-902-208,2025-902,3,0.5924201902189129,0.5269148611534941,0.5596675256862035,0.5620090238746824,0.56067454430079
wta:211768,wta:263857,2025-03-18,2025,2025,hard,Miami,R128,3-6 6-4 6-3,97,59,88,51,85,WTA-2025-902-211,2025-902,3,0.9092583330950239,0.6907232224595666,0.7999907777772952,0.8229420059962694,0.7999602620617018
wta:221024,wta:215337,2025-03-18,2025,2025,hard,Miami,R128,6-3 6-7(5) 6-1,90,65,97,56,85,WTA-2025-902-212,2025-902,3,0.3669154234585483,0.45300579798596274,0.40996061072225554,0.41007666965915235,0.4138055908870404
wta:222258,wta:214906,2025-03-18,2025,2025,hard,Miami,R128,7-5 4-6 6-3,101,63,102,63,85,WTA-2025-902-215,2025-902,3,0.5219214567564403,0.5014647543484895,0.5116931055524649,0.514619510884903,0.5138902370751991
wta:202663,wta:201499,2025-03-18,2025,2025,hard,Miami,R128,7-6(3) 6-2,84,56,66,41,85,WTA-2025-902-216,2025-902,3,0.26658879695340226,0.41492218492523647,0.34075549093931934,0.3374528121932764,0.345851615443439
wta:214459,wta:222601,2025-03-18,2025,2025,hard,Miami,R128,6-4 6-3,73,40,63,28,85,WTA-2025-902-219,2025-902,3,0.7323783950984248,0.5821483063777846,0.6572633507381047,0.6617603548739367,0.6561037535455505
wta:213550,wta:201520,2025-03-18,2025,2025,hard,Miami,R128,6-4 7-5,58,40,71,39,85,WTA-2025-902-220,2025-902,3,0.4384712080449705,0.48462007934086054,0.4615456436929155,0.4588650338558655,0.4613320336837608
wta:221909,wta:213887,2025-03-18,2025,2025,hard,Miami,R128,6-3 6-2,61,38,47,24,85,WTA-2025-902-223,2025-902,3,0.6931451063434545,0.5595056454073848,0.6263253758754197,0.6325664820116708,0.6290107588476503
wta:219917,wta:219875,2025-03-18,2025,2025,hard,Miami,R128,3-6 7-6(0) 6-3,97,59,105,58,85,WTA-2025-902-224,2025-902,3,0.5145593981965253,0.5061031431187062,0.5103312706576157,0.5097077900813916,0.508164654850475
wta:203501,wta:215983,2025-03-18,2025,2025,hard,Miami,R128,3-6 6-4 6-2,92,52,83,46,85,WTA-2025-902-227,2025-902,3,0.39596621017426215,0.4647848642050656,0.43037553718966387,0.43007769322588935,0.4305281157676315
wta:201616,wta:256684,2025-03-18,2025,2025,hard,Miami,R128,6-4 3-6 6-4,116,65,104,59,85,WTA-2025-902-228,2025-902,3,0.34170725329797746,0.4406164174549893,0.3911618353764834,0.3924249892131357,0.39045997391783216
wta:201514,wta:220714,2025-03-18,2025,2025,hard,Miami,R128,6-3 7-6(5),73,49,81,47,85,WTA-2025-902-231,2025-902,3,0.6823587177871411,0.5590173939578883,0.6206880558725147,0.6247490852587608,0.6200472258450506
wta:214119,wta:213889,2025-03-18,2025,2025,hard,Miami,R128,6-7(4) 6-4 7-5,105,73,97,67,85,WTA-2025-902-232,2025-902,3,0.3851931586133169,0.4589868782422948,0.4220900184278058,0.42269769176722083,0.42199847128102524
wta:211817,wta:221236,2025-03-18,2025,2025,hard,Miami,R128,6-1 6-7(5) 6-2,76,41,97,40,85,WTA-2025-902-235,2025-902,3,0.5191369205874725,0.5038449801647849,0.5114909503761287,0.5127614101172953,0.5099346488808587
wta:202600,wta:216083,2025-03-18,2025,2025,hard,Miami,R128,6-3 2-6 6-3,87,50,88,47,85,WTA-2025-902-236,2025-902,3,0.548180220199405,0.5212389380530974,0.5347095791262513,0.5321755952596303,0.5336720447960712
wta:216347,wta:202494,2025-03-18,2025,2025,hard,Miami,R16,7-6(5) 6-3,69,39,85,40,85,WTA-2025-902-286,2025-902,3,0.8294017222698608,0.6223680195300579,0.7258848708999593,0.7415924907609502,0.7267393109365783
wta:202468,wta:216146,2025-03-18,2025,2025,hard,Miami,R16,6-2 6-3,44,32,68,33,85,WTA-2025-902-288,2025-902,3,0.7501889275466034,0.5923405553860238,0.6712647414663135,0.6754808159769294,0.6664432584025357
wta:221054,wta:216153,2025-03-18,2025,2025,hard,Miami,R16,6-1 6-3,40,30,54,24,85,WTA-2025-902-289,2025-902,3,0.4438049984891934,0.4789441562404638,0.4613745773648286,0.46244856188393674,0.4611304516400804
wta:211148,wta:211768,2025-03-18,2025,2025,hard,Miami,R16,3-6 6-4 6-4,114,68,84,55,85,WTA-2025-902-290,2025-902,3,0.2901074655170762,0.43231614281354896,0.3612118041653126,0.3551277199671837,0.35959447123885546
wta:202663,wta:221103,2025-03-18,2025,2025,hard,Miami,R16,6-4 6-4,65,40,65,35,85,WTA-2025-902-291,2025-902,3,0.07109289255343688,0.28840402807445836,0.17974846031394762,0.15273002286217502,0.18099960465328235
wta:221012,wta:221909,2025-03-18,2025,2025,hard,Miami,R16,6-2 7-6(3),60,44,62,38,85,WTA-2025-902-292,2025-902,3,0.7998180812846549,0.6126640219713152,0.7062410516279851,0.7157422063291062,0.7074006488205393
wta:214544,wta:203389,2025-03-18,2025,2025,hard,Miami,R16,6-4 6-4,53,37,62,35,85,WTA-2025-902-293,2025-902,3,0.7710314554507413,0.6008849557522123,0.6859582056014768,0.6919879616558043,0.684127262665865
wta:216347,wta:210722,2025-03-18,2025,2025,hard,Miami,R32,7-6(2) 6-1,71,44,70,36,85,WTA-2025-902-270,2025-902,3,0.8939048171756426,0.6696673787000306,0.7817860979378366,0.8054703458526251,0.7856005623870279
wta:202494,wta:214096,2025-03-18,2025,2025,hard,Miami,R32,6-2 3-6 6-2,81,51,86,50,85,WTA-2025-902-271,2025-902,3,0.46842314037588634,0.48913640524870305,0.47877977281229467,0.47893318574938654,0.47877977281229467
wta:211651,wta:220704,2025-03-18,2025,2025,hard,Miami,R32,6-3 7-6(3),80,56,63,42,85,WTA-2025-902-272,2025-902,3,0.6462220988186853,0.5477265791882819,0.5969743390034836,0.5990838547765407,0.599293533388592
wta:223253,wta:201619,2025-03-18,2025,2025,hard,Miami,R32,6-4 6-2,62,35,66,28,85,WTA-2025-902-273,2025-902,3,0.001611868956487131,0.06161122978333842,0.03161154936991278,0.013575342666579266,0.032038769388222206
wta:202468,wta:214939,2025-03-18,2025,2025,hard,Miami,R32,6-7(3) 6-2 7-6(2),95,66,104,61,85,WTA-2025-902-274,2025-902,3,0.8076561755088049,0.605462313091242,0.7065592443000235,0.7224341248747281,0.7099159730153117
wta:216146,wta:215020,2025-03-18,2025,2025,hard,Miami,R32,6-2 6-1,48,30,46,21,85,WTA-2025-902-275,2025-902,3,0.8249361137936421,0.6292645712541959,0.727100342523919,0.7375816193261396,0.7271918896706996
wta:216153,wta:259799,2025-03-18,2025,2025,hard,Miami,R32,7-6(5) 2-6 6-3,116,66,122,69,85,WTA-2025-902-276,2025-902,3,0.2969587908085626,0.43146170277693013,0.3642102467927464,0.3601880410676185,0.36302013388459864
wta:221054,wta:220520,2025-03-18,2025,2025,hard,Miami,R32,6-1 3-0 RET,31,20,27,6,85,WTA-2025-902-277,2025-902,3,0.562718193361114,0.5276472383277387,0.5451827158444263,0.5419347758469181,0.5431076471840663
wta:211148,wta:202460,2025-03-18,2025,2025,hard,Miami,R32,4-3 RET,28,16,16,10,85,WTA-2025-902-278,2025-902,3,0.4315318424042266,0.4794934391211474,0.455512640762687,0.4541947891019941,0.45447510643250694
wta:211768,wta:221024,2025-03-18,2025,2025,hard,Miami,R32,7-6(6) 3-6 6-4,104,64,118,70,85,WTA-2025-902-279,2025-902,3,0.8813012105279154,0.6753433018004272,0.7783222561641714,0.7919204094428206,0.7763082189349984
wta:202663,wta:222258,2025-03-18,2025,2025,hard,Miami,R32,7-5 6-4,73,45,79,45,85,WTA-2025-902-280,2025-902,3,0.6632150661724898,0.5521208422337504,0.60766795420312,0.6110599488157575,0.608644457102113
wta:221103,wta:206289,2025-03-18,2025,2025,hard,Miami,R32,6-2 6-4,47,29,56,26,85,WTA-2025-902-281,2025-902,3,0.8957301538584431,0.6780286847726579,0.7868794193155505,0.8074882517826208,0.7896563494345619
wta:221909,wta:220367,2025-03-18,2025,2025,hard,Miami,R32,6-1 7-5,59,40,68,36,85,WTA-2025-902-282,2025-902,3,0.4480334995383638,0.4816295392126945,0.46483151937552913,0.46528604641881116,0.46773051235691454
wta:221012,wta:203501,2025-03-18,2025,2025,hard,Miami,R32,6-1 7-6(3),55,44,52,33,85,WTA-2025-902-283,2025-902,3,0.809103552629373,0.6151052792187977,0.7121044159240852,0.7236815000167997,0.7150339246210642
wta:203389,wta:214119,2025-03-18,2025,2025,hard,Miami,R32,6-4 3-6 6-3,90,55,109,63,85,WTA-2025-902-284,2025-902,3,0.878929759731724,0.6625267012511443,0.7707282304914342,0.7894404800709508,0.7703010104731247
wta:214544,wta:211817,2025-03-18,2025,2025,hard,Miami,R32,6-1 0-0 RET,28,19,21,8,85,WTA-2025-902-285,2025-902,3,0.948576951045802,0.7502288678669515,0.8494029094563768,0.8747088595921986,0.8467480421997395
wta:216347,wta:201614,2025-03-18,2025,2025,hard,Miami,R64,6-2 7-5,57,39,68,32,85,WTA-2025-902-238,2025-902,3,0.9806258532945944,0.8214525480622521,0.9010392006784232,0.931894880984569,0.8989946477336567
wta:210722,wta:220548,2025-03-18,2025,2025,hard,Miami,R64,6-4 6-1,46,29,49,19,85,WTA-2025-902-239,2025-902,3,0.6739149827092165,0.5569423252975282,0.6154286540033723,0.618683450664277,0.6125296610219869
wta:202494,wta:202505,2025-03-18,2025,2025,hard,Miami,R64,6-1 6-2,57,36,48,23,85,WTA-2025-902-240,2025-902,3,0.40602612396423166,0.47216966737870003,0.43909789567146584,0.4369346902248729,0.4371448898734799
wta:214096,wta:201458,2025-03-18,2025,2025,hard,Miami,R64,6-0 0-0 RET,24,16,22,7,85,WTA-2025-902-241,2025-902,3,0.6990574581909669,0.567622825755264,0.6333401419731155,0.6368864351145174,0.6340114877161731
wta:211651,wta:239475,2025-03-18,2025,2025,hard,Miami,R64,7-5 1-6 7-6(3),95,58,112,65,85,WTA-2025-902-242,2025-902,3,0.9869916132190897,0.9086054317973756,0.9477985225082326,0.9471522562122824,0.9449300452424407
wta:220704,wta:211814,2025-03-18,2025,2025,hard,Miami,R64,6-4 7-5,63,46,72,41,85,WTA-2025-902-243,2025-902,3,0.9764175280383018,0.81443393347574,0.8954257307570209,0.9228886218743156,0.8923741591976679
wta:223253,wta:211533,2025-03-18,2025,2025,hard,Miami,R64,7-6(2) 7-5,101,58,76,41,85,WTA-2025-902-244,2025-902,3,0.01587197500541667,0.16371681415929204,0.08979439458235436,0.060003833436659534,0.08979439458235436
wta:201619,wta:220589,2025-03-18,2025,2025,hard,Miami,R64,6-3 6-3,59,31,69,28,85,WTA-2025-902-245,2025-902,3,0.8991010088279069,0.6762587732682331,0.78767989104807,0.8112547096422152,0.7885648468002824
wta:202468,wta:211095,2025-03-18,2025,2025,hard,Miami,R64,6-4 6-4,59,43,61,36,85,WTA-2025-902-246,2025-902,3,0.9451474993994591,0.7291119926762283,0.8371297460378437,0.8696418142609239,0.8391437832670168
wta:214939,wta:220416,2025-03-18,2025,2025,hard,Miami,R64,6-1 6-3,59,41,53,27,85,WTA-2025-902-247,2025-902,3,0.8095790955307679,0.6162648764113519,0.7129219859710598,0.7240921464768587,0.7159735575304129
wta:216146,wta:214040,2025-03-18,2025,2025,hard,Miami,R64,7-5 4-6 6-3,97,54,87,49,85,WTA-2025-902-248,2025-902,3,0.7572201285796327,0.589472078120232,0.6733461033499324,0.6809916062592745,0.6738648705150223
wta:215020,wta:223670,2025-03-18,2025,2025,hard,Miami,R64,6-4 7-6(0),63,38,70,32,85,WTA-2025-902-249,2025-902,3,0.1861511640710317,0.382575526396094,0.2843633452335628,0.2722024040546421,0.2872318224993547
wta:259799,wta:206368,2025-03-18,2025,2025,hard,Miami,R64,6-0 6-2,37,29,59,26,85,WTA-2025-902-250,2025-902,3,0.8276456465956389,0.6280439426304547,0.7278447946130469,0.7400102246757981,0.7244270344665713
wta:216153,wta:210886,2025-03-18,2025,2025,hard,Miami,R64,6-2 6-2,41,32,51,24,85,WTA-2025-902-251,2025-902,3,0.9612191146475306,0.7655477570949039,0.8633834358712172,0.8947478713441374,0.8628951844217208
wta:220520,wta:222328,2025-03-18,2025,2025,hard,Miami,R64,2-6 7-5 7-6(4),92,53,104,59,85,WTA-2025-902-252,2025-902,3,0.2593006187071963,0.42035398230088494,0.33982730050404064,0.33187035299909096,0.33778274755927407
wta:221054,wta:215613,2025-03-18,2025,2025,hard,Miami,R64,7-6(6) 2-6 7-6(3),111,60,103,62,85,WTA-2025-902-253,2025-902,3,0.4242201575379324,0.4823008849557522,0.4532605212468423,0.4492630937848946,0.4505141068434245
wta:211148,wta:211685,2025-03-18,2025,2025,hard,Miami,R64,6-4 6-4,77,41,74,35,85,WTA-2025-902-254,2025-902,3,0.6464161483873945,0.5465669819957278,0.5964915651915612,0.5992197736118762,0.5902358434948873
wta:202460,wta:211701,2025-03-18,2025,2025,hard,Miami,R64,6-4 7-6(7),63,46,72,45,85,WTA-2025-902-255,2025-902,3,0.7355193124809869,0.5816600549282881,0.6585896837046374,0.6641564640875831,0.6582845265487022
wta:211768,wta:214643,2025-03-18,2025,2025,hard,Miami,R64,6-2 6-4,45,35,59,30,85,WTA-2025-902-256,2025-902,3,0.7573617159017965,0.5971620384498016,0.677261877175799,0.6811031609514725,0.6732643184330465
wta:221024,wta:214082,2025-03-18,2025,2025,hard,Miami,R64,3-6 6-4 7-5,111,66,90,56,85,WTA-2025-902-257,2025-902,3,0.2142885478804982,0.39215746109246263,0.30322300448648043,0.2960503200426524,0.305786324596337
wta:222258,wta:206242,2025-03-18,2025,2025,hard,Miami,R64,6-0 6-2,52,34,37,16,85,WTA-2025-902-258,2025-902,3,0.23397955581762045,0.4055843759536161,0.3197819658856183,0.31202910230078684,0.31908010442696705
wta:202663,wta:206420,2025-03-18,2025,2025,hard,Miami,R64,7-6(5) 6-2,66,45,67,41,85,WTA-2025-902-259,2025-902,3,0.26989839126314874,0.42743362831858406,0.34866600979086637,0.33997055501816587,0.34543134393795216
wta:206289,wta:214459,2025-03-18,2025,2025,hard,Miami,R64,6-3 5-7 6-4,108,71,105,65,85,WTA-2025-902-260,2025-902,3,0.5093050738818503,0.4959108941104669,0.5026079839961586,0.5062037805099132,0.5069717313260336
wta:221103,wta:213550,2025-03-18,2025,2025,hard,Miami,R64,6-0 6-0,35,25,32,8,85,WTA-2025-902-261,2025-902,3,0.8867599789772166,0.6740006103143119,0.7803802946457643,0.7977100520606847,0.7750400444168963
wta:221909,wta:214981,2025-03-18,2025,2025,hard,Miami,R64,6-4 2-6 6-4,83,55,74,53,85,WTA-2025-902-262,2025-902,3,0.12891720614110017,0.3459566676838572,0.2374369369124787,0.21862263567888826,0.2416175899487924
wta:220367,wta:219917,2025-03-18,2025,2025,hard,Miami,R64,7-6(1) 6-3,64,42,80,43,85,WTA-2025-902-263,2025-902,3,0.7623313968614155,0.5941714983216356,0.6782514475915256,0.6850337730520563,0.6783429947383062
wta:203501,wta:201709,2025-03-18,2025,2025,hard,Miami,R64,7-6(2) 1-6 6-1,97,57,83,45,85,WTA-2025-902-264,2025-902,3,0.25559141668986574,0.41449496490692705,0.3350431907983964,0.32900841318235197,0.33690464944960175
wta:221012,wta:201616,2025-03-18,2025,2025,hard,Miami,R64,6-1 7-5,52,38,47,25,85,WTA-2025-902-265,2025-902,3,0.9765471990805656,0.8118095819346963,0.894178390507631,0.9231560894700032,0.8947276733883145
wta:203389,wta:201514,2025-03-18,2025,2025,hard,Miami,R64,6-4 7-6(3),61,47,81,52,85,WTA-2025-902-266,2025-902,3,0.7319220467591787,0.5822093378089717,0.6570656922840752,0.6614130203333264,0.6544108250274381
wta:214119,wta:202499,2025-03-18,2025,2025,hard,Miami,R64,6-1 6-3,52,32,49,19,85,WTA-2025-902-267,2025-902,3,0.2128950083779963,0.3942325297528227,0.3035637690654095,0.2948989548154076,0.30096993323995935
wta:211817,wta:211684,2025-03-18,2025,2025,hard,Miami,R64,6-4 6-4,61,38,68,37,85,WTA-2025-902-268,2025-902,3,0.44728092205260656,0.48333841928593224,0.4653096706692694,0.4647812496305448,0.4656148278252047
wta:214544,wta:202600,2025-03-18,2025,2025,hard,Miami,R64,6-3 6-0,41,28,52,20,85,WTA-2025-902-269,2025-902,3,0.9716851160416415,0.782636557827281,0.8771608369344612,0.9134966155122421,0.8785645598517637
wta:202468,wta:223253,2025-03-18,2025,2025,hard,Miami,SF,7-6(3) 5-7 6-3,106,66,102,58,85,WTA-2025-902-298,2025-902,3,0.9972918014889223,0.919896246566982,0.9585940240279521,0.9809073237712366,0.9591433069086357
wta:214544,wta:211148,2025-03-18,2025,2025,hard,Miami,SF,6-2 6-2,51,36,59,29,85,WTA-2025-902-299,2025-902,3,0.8364196247831864,0.6318278913640525,0.7341237580736195,0.7479830518076646,0.735649543853296
wta:202468,wta:213550,2025-03-31,2025,2025,clay,Charleston,F,6-3 7-5,58,31,78,34,85,WTA-2025-804-300,2025-804,3,0.7522560945538102,0.584589563625267,0.6684228290895387,0.6770951611173056,0.6727560607038199
wta:213550,wta:214939,2025-03-31,2025,2025,clay,Charleston,QF,6-4 6-3,49,35,60,34,85,WTA-2025-804-294,2025-804,3,0.5767785039739287,0.5242294781812633,0.550503991077596,0.5514114327831741,0.5527621540315173
wta:216153,wta:215613,2025-03-31,2025,2025,clay,Charleston,QF,7-5 7-6(1),87,45,81,41,85,WTA-2025-804-295,2025-804,3,0.43475491363718577,0.4802868477265792,0.45752088068188246,0.4563651230385462,0.45477446627846474
wta:206420,wta:221012,2025-03-31,2025,2025,clay,Charleston,QF,6-1 6-4,61,41,48,26,85,WTA-2025-804-296,2025-804,3,0.18909189502104026,0.37293256026853827,0.2810122276447893,0.2747580531414211,0.2850097863875418
wta:202468,wta:203389,2025-03-31,2025,2025,clay,Charleston,QF,1-6 6-3 6-0,60,37,81,43,85,WTA-2025-804-297,2025-804,3,0.5756180617946706,0.5164784864205065,0.5460482741075885,0.5506276564603221,0.5498627385567799
wta:214939,wta:201619,2025-03-31,2025,2025,clay,Charleston,R16,6-2 6-4,58,39,59,31,85,WTA-2025-804-286,2025-804,3,0.1142063108278644,0.32990540128166007,0.22205585605476225,0.20332329252839682,0.22281874894460046
wta:213550,wta:214082,2025-03-31,2025,2025,clay,Charleston,R16,6-3 7-6(7),86,52,66,38,85,WTA-2025-804-287,2025-804,3,0.24680443300080895,0.41449496490692705,0.330649698953868,0.322169575814695,0.3313210446969257
wta:215613,wta:221909,2025-03-31,2025,2025,clay,Charleston,R16,4-6 6-4 6-2,83,49,83,39,85,WTA-2025-804-288,2025-804,3,0.7193266239670468,0.5760451632590784,0.6476858936130626,0.6519033022016566,0.6480825979157785
wta:216153,wta:201709,2025-03-31,2025,2025,clay,Charleston,R16,6-4 6-4,51,37,59,34,85,WTA-2025-804-289,2025-804,3,0.3372783405318186,0.44494964906927065,0.39111399480054465,0.3892899865132449,0.39151069910326053
wta:206420,wta:223670,2025-03-31,2025,2025,clay,Charleston,R16,6-2 6-1,45,31,41,17,85,WTA-2025-804-290,2025-804,3,0.43263438601091664,0.47967653341470856,0.45615545971281257,0.4549374519935472,0.453531108171769
wta:221012,wta:210722,2025-03-31,2025,2025,clay,Charleston,R16,6-3 3-6 6-3,97,58,81,43,85,WTA-2025-804-291,2025-804,3,0.7741097391287493,0.5952090326518157,0.6846593858902825,0.6944718174723408,0.6859715616608043
wta:203389,wta:211533,2025-03-31,2025,2025,clay,Charleston,R16,7-5 6-3,72,41,69,34,85,WTA-2025-804-292,2025-804,3,0.5385439224347506,0.5161733292645713,0.527358625849661,0.5257242970870184,0.5236967399784372
wta:202468,wta:201548,2025-03-31,2025,2025,clay,Charleston,R16,6-3 6-2,58,40,48,23,85,WTA-2025-804-293,2025-804,3,0.865595718592195,0.6657613671040586,0.7656785428481268,0.7758616029301028,0.7596059154450141
wta:201619,wta:214452,2025-03-31,2025,2025,clay,Charleston,R32,6-3 7-6(4),73,49,77,46,85,WTA-2025-804-270,2025-804,3,0.936489012830752,0.7337503814464449,0.8351196971385985,0.8574108652167627,0.8323122513039937
wta:214939,wta:216083,2025-03-31,2025,2025,clay,Charleston,R32,6-1 6-4,43,28,56,23,85,WTA-2025-804-271,2025-804,3,0.6576327171048849,0.5619469026548672,0.6097898098798761,0.6071087323790036,0.6094236212927537
wta:213550,wta:202505,2025-03-31,2025,2025,clay,Charleston,R32,6-0 6-3,64,39,43,18,85,WTA-2025-804-272,2025-804,3,0.18164815127564998,0.37604516325907844,0.27884665726736424,0.26825765810765123,0.27552044426766936
wta:214082,wta:201616,2025-03-31,2025,2025,clay,Charleston,R32,6-1 6-1,43,27,39,12,85,WTA-2025-804-273,2025-804,3,0.9763050669613543,0.8086359475129692,0.8924705072371617,0.9226571266806053,0.8949422802002378
wta:215613,wta:221024,2025-03-31,2025,2025,clay,Charleston,R32,6-4 6-3,70,45,57,34,85,WTA-2025-804-274,2025-804,3,0.7858642921884155,0.6106499847421422,0.6982571384652788,0.7040758191733241,0.7010645842998837
wta:221909,wta:220465,2025-03-31,2025,2025,clay,Charleston,R32,6-3 7-6(4),64,42,66,40,85,WTA-2025-804-275,2025-804,3,0.572817605524228,0.5210558437595362,0.5469367246418821,0.5487374691663358,0.5508427362378541
wta:201709,wta:201533,2025-03-31,2025,2025,clay,Charleston,R32,7-6(5) 6-1,70,38,61,22,85,WTA-2025-804-276,2025-804,3,0.9619350859512464,0.7763503204150137,0.86914270318313,0.8959583538377314,0.8666709302200541
wta:216153,wta:206368,2025-03-31,2025,2025,clay,Charleston,R32,6-2 6-2,54,38,46,25,85,WTA-2025-804-277,2025-804,3,0.6776876047451215,0.5491913335367714,0.6134394691409464,0.6213879290511733,0.621465102342045
wta:223670,wta:221236,2025-03-31,2025,2025,clay,Charleston,R32,6-3 6-2,53,35,54,26,85,WTA-2025-804-278,2025-804,3,0.8483253176719494,0.660207506866036,0.7542664122689927,0.7590876617412644,0.7550903365900181
wta:206420,wta:215983,2025-03-31,2025,2025,clay,Charleston,R32,6-3 6-0,58,37,66,29,85,WTA-2025-804-279,2025-804,3,0.5389371890386117,0.5145865120537076,0.5267618505461596,0.5259873529518228,0.528104542032275
wta:210722,wta:219875,2025-03-31,2025,2025,clay,Charleston,R32,6-3 7-5,75,44,78,37,85,WTA-2025-804-280,2025-804,3,0.8309445657864412,0.633353677143729,0.732149121465085,0.7429880934928667,0.7313251971440597
wta:221012,wta:206289,2025-03-31,2025,2025,clay,Charleston,R32,6-4 6-1,53,35,66,35,85,WTA-2025-804-281,2025-804,3,0.8258986230465066,0.6304851998779372,0.728191911462222,0.7384425820447976,0.7284360371869701
wta:203389,wta:221905,2025-03-31,2025,2025,clay,Charleston,R32,6-3 6-1,46,33,58,29,85,WTA-2025-804-282,2025-804,3,0.7819590681160555,0.6137625877326823,0.697860827924369,0.7008634800932917,0.6975861864840271
wta:211533,wta:211635,2025-03-31,2025,2025,clay,Charleston,R32,7-5 6-2,66,38,67,30,85,WTA-2025-804-283,2025-804,3,0.9596498697010927,0.782575526396094,0.8711126980485933,0.8921265534710959,0.8699225851404456
wta:201548,wta:220548,2025-03-31,2025,2025,clay,Charleston,R32,6-1 6-4,58,33,61,25,85,WTA-2025-804-284,2025-804,3,0.28233540606772944,0.42963075984131827,0.35598308295452386,0.3493408766863423,0.35143624133108775
wta:202468,wta:213576,2025-03-31,2025,2025,clay,Charleston,R32,6-0 6-3,53,32,41,14,85,WTA-2025-804-285,2025-804,3,0.9433930025754367,0.7667073542874581,0.8550501784314474,0.8671011008692501,0.8517849968629396
wta:214452,wta:220714,2025-03-31,2025,2025,clay,Charleston,R64,6-4 6-1,61,38,50,21,85,WTA-2025-804-239,2025-804,3,0.3715927913912382,0.45697284101312174,0.41428281620218,0.41331941039808084,0.4166935577340689
wta:216083,wta:211843,2025-03-31,2025,2025,clay,Charleston,R64,4-6 6-1 6-4,82,47,85,41,85,WTA-2025-804-240,2025-804,3,0.2749980397639973,0.4115654562099481,0.3432817479869727,0.34382976531800796,0.3439836094456239
wta:213550,wta:211095,2025-03-31,2025,2025,clay,Charleston,R64,6-3 6-4,68,45,69,39,85,WTA-2025-804-243,2025-804,3,0.5603361543200376,0.5147085749160818,0.5375223646180597,0.5403332448229456,0.5441747906174494
wta:201616,wta:211222,2025-03-31,2025,2025,clay,Charleston,R64,3-6 6-1 6-3,82,47,80,38,85,WTA-2025-804-244,2025-804,3,0.5237175839554362,0.5110466890448581,0.5173821365001472,0.5158183174005723,0.5184501865459208
wta:221024,wta:216265,2025-03-31,2025,2025,clay,Charleston,R64,6-2 6-4,52,35,61,31,85,WTA-2025-804-247,2025-804,3,0.6066848132036675,0.5385108330790357,0.5725978231413515,0.5717346667833377,0.5693021258572504
wta:220465,wta:214684,2025-03-31,2025,2025,clay,Charleston,R64,6-0 6-0,31,25,32,7,85,WTA-2025-804-248,2025-804,3,0.7930956285636359,0.6356728715288373,0.7143842500462366,0.7100838657602724,0.7128584642665601
wta:201533,wta:214459,2025-03-31,2025,2025,clay,Charleston,R64,7-5 5-7 6-4,116,68,107,57,85,WTA-2025-804-251,2025-804,3,0.14970530493585538,0.3508391821788221,0.25027224355733874,0.23904128259229826,0.2526524693736341
wta:206368,wta:215064,2025-03-31,2025,2025,clay,Charleston,R64,6-0 6-2,37,27,62,25,85,WTA-2025-804-252,2025-804,3,0.9261895202878057,0.7842844064693317,0.8552369633785687,0.843748218083292,0.854626649066698
wta:221236,wta:201593,2025-03-31,2025,2025,clay,Charleston,R64,6-3 6-4,62,37,78,39,85,WTA-2025-804-255,2025-804,3,0.26627533917100116,0.4102227647238328,0.33824905194741695,0.33721380258741024,0.33852369338775873
wta:215983,wta:215020,2025-03-31,2025,2025,clay,Charleston,R64,6-4 6-3,71,40,64,30,85,WTA-2025-804-256,2025-804,3,0.7291624152252744,0.5781812633506256,0.6536718392879499,0.6593168710869194,0.6529699778292988
wta:219875,wta:211279,2025-03-31,2025,2025,clay,Charleston,R64,6-1 3-6 6-1,76,46,71,35,85,WTA-2025-804-259,2025-804,3,0.6487153281040712,0.5563930424168447,0.6025541852604579,0.6008316150567221,0.5991974565451695
wta:206289,wta:222233,2025-03-31,2025,2025,clay,Charleston,R64,6-3 6-2,51,29,56,23,85,WTA-2025-804-260,2025-804,3,0.8087846985783677,0.6306072627403113,0.7196959806593395,0.7234063859251834,0.7215574393105448
wta:221905,wta:202600,2025-03-31,2025,2025,clay,Charleston,R64,6-1 6-3,58,35,48,20,85,WTA-2025-804-263,2025-804,3,0.5690645878501233,0.5276472383277387,0.5483559130889311,0.5462070659322652,0.5451822786672038
wta:211635,wta:222965,2025-03-31,2025,2025,clay,Charleston,R64,6-4 3-6 6-4,87,51,90,54,85,WTA-2025-804-264,2025-804,3,0.32066930307082453,0.4324382056759231,0.3765537543733738,0.37743137313189956,0.37786593014389563
wta:201548,wta:211846,2025-03-31,2025,2025,clay,Charleston,R64,3-6 6-1 6-2,68,37,81,36,85,WTA-2025-804-267,2025-804,3,0.7430219887064127,0.6111992676228257,0.6771106281646192,0.6699200349797517,0.6769275338710581
wta:213576,wta:201586,2025-03-31,2025,2025,clay,Charleston,R64,7-6(8) 6-4,89,47,76,37,85,WTA-2025-804-268,2025-804,3,0.5436017875915015,0.5176991150442478,0.5306504513178747,0.5291089247332563,0.5296739484188817
wta:213550,wta:216153,2025-03-31,2025,2025,clay,Charleston,SF,5-2 RET,20,11,26,10,85,WTA-2025-804-298,2025-804,3,0.3425066381091708,0.446292340555386,0.3943994893322784,0.3929896850425364,0.39293473498378895
wta:202468,wta:206420,2025-03-31,2025,2025,clay,Charleston,SF,6-2 2-6 7-5,99,52,107,53,85,WTA-2025-804-299,2025-804,3,0.714189276097959,0.5725053402502289,0.6433473081740939,0.648065225313736,0.6476500240727818
wta:215785,wta:203514,2025-03-31,2025,2025,clay,Bogota,F,6-3 6-3,59,38,63,31,85,WTA-2025-894-300,2025-894,3,0.7313305875600699,0.5862374122673176,0.6587839999136937,0.6609631492614467,0.6642463130049358
wta:215785,wta:213583,2025-03-31,2025,2025,clay,Bogota,QF,6-1 6-3,43,30,45,20,85,WTA-2025-894-294,2025-894,3,0.8487285835860293,0.6411046689044858,0.7449166262452576,0.7594699711510685,0.7459846762910312
wta:220699,wta:214521,2025-03-31,2025,2025,clay,Bogota,QF,6-3 2-6 6-1,73,42,75,37,85,WTA-2025-894-295,2025-894,3,0.5090098440190036,0.5096429661275557,0.5093264050732796,0.5060069239114375,0.5085940278990349
wta:264075,wta:206417,2025-03-31,2025,2025,clay,Bogota,QF,7-6(5) 6-3,75,45,78,44,85,WTA-2025-894-296,2025-894,3,0.5628557933125633,0.5209948123283491,0.5419253028204563,0.5420273218031463,0.5431154157286039
wta:203514,wta:213631,2025-03-31,2025,2025,clay,Bogota,QF,5-7 6-1 7-5,90,50,105,51,85,WTA-2025-894-297,2025-894,3,0.3375422540707924,0.43634421727189504,0.3869432356713437,0.3894771036249021,0.38782819142355607
wta:215785,wta:211765,2025-03-31,2025,2025,clay,Bogota,R16,1-6 7-6(5) 6-2,95,44,119,56,85,WTA-2025-894-286,2025-894,3,0.8206004003626481,0.6401891974366799,0.730394798899664,0.73372676035941,0.730455830330851
wta:213583,wta:213949,2025-03-31,2025,2025,clay,Bogota,R16,6-0 7-6(0),63,38,68,29,85,WTA-2025-894-287,2025-894,3,0.6026480963950669,0.5359475129691791,0.569297804682123,0.5689759054557612,0.5688705846638136
wta:220699,wta:260300,2025-03-31,2025,2025,clay,Bogota,R16,6-4 6-2,60,39,50,25,85,WTA-2025-894-288,2025-894,3,0.3340069863544852,0.42609093683246874,0.380048961593477,0.3869672774800613,0.3824597031253659
wta:214521,wta:213710,2025-03-31,2025,2025,clay,Bogota,R16,6-1 6-4,61,36,60,28,85,WTA-2025-894-289,2025-894,3,0.37134981908388104,0.4490387549588038,0.4101942870213424,0.41315119082107427,0.4091872684067559
wta:206417,wta:221911,2025-03-31,2025,2025,clay,Bogota,R16,6-4 6-3,61,34,74,34,85,WTA-2025-894-290,2025-894,3,0.31955280943625003,0.42432102532804394,0.37193691738214696,0.3766280884905415,0.3713876345014634
wta:264075,wta:206255,2025-03-31,2025,2025,clay,Bogota,R16,6-3 7-6(3),70,42,68,33,85,WTA-2025-894-291,2025-894,3,0.5220918004732491,0.5052487030820872,0.5136702517776681,0.5147331957466167,0.5168133704838018
wta:203514,wta:206007,2025-03-31,2025,2025,clay,Bogota,R16,1-6 7-6(5) 6-3,100,48,105,55,85,WTA-2025-894-292,2025-894,3,0.6131323427410805,0.5442477876106194,0.57869006517585,0.5761525243756962,0.5749366321578457
wta:213631,wta:213779,2025-03-31,2025,2025,clay,Bogota,R16,6-1 6-3,57,36,50,22,85,WTA-2025-894-293,2025-894,3,0.8872973775856565,0.7194079951174855,0.803352686351571,0.7982863632283982,0.8010334919664627
wta:215785,wta:246476,2025-03-31,2025,2025,clay,Bogota,R32,6-0 6-1,37,26,35,10,85,WTA-2025-894-270,2025-894,3,0.9945055224173965,0.9462007934086054,0.9703531579130009,0.9696949770553384,0.9711770822340263
wta:211765,wta:222000,2025-03-31,2025,2025,clay,Bogota,R32,6-0 6-3,56,38,50,23,85,WTA-2025-894-271,2025-894,3,0.6016548328259026,0.5454073848031736,0.5735311088145381,0.568297908307045,0.570876241557901
wta:213949,wta:201478,2025-03-31,2025,2025,clay,Bogota,R32,4-6 6-1 6-2,75,47,95,51,85,WTA-2025-894-272,2025-894,3,0.40951663236722413,0.4597192554165395,0.4346179438918818,0.4393067701267095,0.4383713769098861
wta:213583,wta:203564,2025-03-31,2025,2025,clay,Bogota,R32,6-7(5) 7-5 6-4,118,71,147,82,85,WTA-2025-894-273,2025-894,3,0.35989352575703537,0.4523344522429051,0.4061139889999702,0.4051904174755759,0.4088298876877945
wta:260300,wta:219917,2025-03-31,2025,2025,clay,Bogota,R32,6-1 6-4,45,28,60,27,85,WTA-2025-894-274,2025-894,3,0.7125954932848033,0.5986878242294782,0.6556416587571408,0.6468790831332281,0.6532004015096583
wta:220699,wta:215936,2025-03-31,2025,2025,clay,Bogota,R32,6-2 5-7 5-3 RET,101,61,95,54,85,WTA-2025-894-275,2025-894,3,0.36536669052894744,0.4489777235276167,0.40717220702828205,0.40900087118998235,0.4043952769092708
wta:214521,wta:210705,2025-03-31,2025,2025,clay,Bogota,R32,6-4 6-4,69,33,68,29,85,WTA-2025-894-276,2025-894,3,0.7237077316287223,0.6002746414403418,0.661991186534532,0.655194636182558,0.6627540794243703
wta:213710,wta:215259,2025-03-31,2025,2025,clay,Bogota,R32,6-1 6-7(2) 6-1,81,46,90,40,85,WTA-2025-894-277,2025-894,3,0.6885124521198359,0.5843454379005187,0.6364289450101773,0.6291991499688311,0.6364899764413644
wta:221911,wta:204427,2025-03-31,2025,2025,clay,Bogota,R32,6-1 6-2,49,29,39,12,85,WTA-2025-894-278,2025-894,3,0.29214638829451534,0.42163564235581324,0.3568910153251643,0.3566375613548273,0.3549074938115848
wta:206417,wta:210303,2025-03-31,2025,2025,clay,Bogota,R32,6-4 7-5,59,34,83,41,85,WTA-2025-894-279,2025-894,3,0.6865830314784944,0.5729325602685383,0.6297577958735163,0.6278011285786494,0.6342130903501718
wta:264075,wta:263775,2025-03-31,2025,2025,clay,Bogota,R32,6-1 6-1,36,28,66,30,85,WTA-2025-894-280,2025-894,3,0.502073468577142,0.5079951174855051,0.5050342930313235,0.5013823167869688,0.5022878786279057
wta:206255,wta:215306,2025-03-31,2025,2025,clay,Bogota,R32,6-3 6-3,51,33,61,29,85,WTA-2025-894-281,2025-894,3,0.29796753204391485,0.41705828501678366,0.3575129085303492,0.36092997160366863,0.35583454417270505
wta:206007,wta:201696,2025-03-31,2025,2025,clay,Bogota,R32,4-6 6-1 6-1,77,51,78,38,85,WTA-2025-894-282,2025-894,3,0.12777626078516416,0.33271284711626486,0.23024455395071453,0.2174634000151626,0.230214038235121
wta:203514,wta:260848,2025-03-31,2025,2025,clay,Bogota,R32,6-1 6-1,47,31,47,20,85,WTA-2025-894-283,2025-894,3,0.7613684046700543,0.6339639914555997,0.6976661980628269,0.6842698110715383,0.6968117580262081
wta:213779,wta:203463,2025-03-31,2025,2025,clay,Bogota,R32,2-6 6-4 6-1,93,50,74,37,85,WTA-2025-894-284,2025-894,3,0.43222927593634936,0.4599023497101007,0.446065812823225,0.4546646028594864,0.45247411309786645
wta:213631,wta:202434,2025-03-31,2025,2025,clay,Bogota,R32,6-0 3-6 6-3,73,38,67,25,85,WTA-2025-894-285,2025-894,3,0.6391899554538305,0.5485810192249009,0.5938854873393657,0.5941705419247639,0.5919324815413798
wta:215785,wta:220699,2025-03-31,2025,2025,clay,Bogota,SF,6-4 7-5,87,50,71,37,85,WTA-2025-894-298,2025-894,3,0.7423029922147034,0.5909368324687214,0.6666199123417125,0.6693651944540583,0.6626223535989599
wta:203514,wta:264075,2025-03-31,2025,2025,clay,Bogota,SF,7-5 6-2,68,40,87,42,85,WTA-2025-894-299,2025-894,3,0.7086756993510038,0.5978944156240464,0.6532850574875251,0.643970797563309,0.6489823415888373
wta:211533,wta:214544,2025-04-14,2025,2025,clay,Stuttgart,F,6-4 6-1,52,31,65,29,85,WTA-2025-1051-300,2025-1051,3,0.2021248050344667,0.3897162038449802,0.29592050443972345,0.28590061646181925,0.29582895729294284
wta:211533,wta:216347,2025-04-14,2025,2025,clay,Stuttgart,QF,6-3 3-6 6-2,76,44,86,44,85,WTA-2025-1051-294,2025-1051,3,0.033296207204086936,0.22761672261214524,0.13045646490811608,0.09572686918847229,0.1282898491009754
wta:206420,wta:202468,2025-04-14,2025,2025,clay,Stuttgart,QF,6-0 6-4,50,34,74,35,85,WTA-2025-1051-295,2025-1051,3,0.29022696574125245,0.4259688739700946,0.3580979198556735,0.3552163040478676,0.3593490641950083
wta:211148,wta:221103,2025-04-14,2025,2025,clay,Stuttgart,QF,6-4 6-3,74,41,53,25,85,WTA-2025-1051-296,2025-1051,3,0.20414868669075217,0.38721391516631065,0.2956813009285314,0.2876054086126609,0.2965967723963373
wta:214544,wta:210722,2025-04-14,2025,2025,clay,Stuttgart,QF,6-4 6-1,53,37,53,26,85,WTA-2025-1051-297,2025-1051,3,0.8285338116327584,0.6294476655477571,0.7289907385902578,0.7408096612795284,0.7274344370949877
wta:216347,wta:213544,2025-04-14,2025,2025,clay,Stuttgart,R16,6-2 6-2,44,31,55,24,85,WTA-2025-1051-286,2025-1051,3,0.9991380933876068,0.9509612450411962,0.9750496692144015,0.9910194013679061,0.9769111278656069
wta:211533,wta:215613,2025-04-14,2025,2025,clay,Stuttgart,R16,7-5 3-6 6-2,114,66,94,51,85,WTA-2025-1051-287,2025-1051,3,0.4326131702782967,0.48016478486420505,0.45638897757125085,0.45492316364081936,0.45315431171833664
wta:202468,wta:211684,2025-04-14,2025,2025,clay,Stuttgart,R16,6-1 6-1,35,29,43,18,85,WTA-2025-1051-288,2025-1051,3,0.7798032491101293,0.6028989929813854,0.6913511210457574,0.6990995034679174,0.6929074225410274
wta:206420,wta:259799,2025-04-14,2025,2025,clay,Stuttgart,R16,6-3 6-2,50,31,50,24,85,WTA-2025-1051-289,2025-1051,3,0.16971735027945886,0.36481537992065916,0.267266365100059,0.2576112839785315,0.26931091804482554
wta:211148,wta:215898,2025-04-14,2025,2025,clay,Stuttgart,R16,6-1 7-5,63,38,54,27,85,WTA-2025-1051-290,2025-1051,3,0.8914822625053502,0.6788220933780897,0.78515217794172,0.8028148956844994,0.7890276738220984
wta:221103,wta:230870,2025-04-14,2025,2025,clay,Stuttgart,R16,6-1 6-1,42,30,40,16,85,WTA-2025-1051-291,2025-1051,3,0.9653946577198285,0.7830637778455904,0.8742292177827095,0.9019444942897584,0.8759686135715408
wta:210722,wta:223670,2025-04-14,2025,2025,clay,Stuttgart,R16,6-2 7-6(5),62,40,83,44,85,WTA-2025-1051-292,2025-1051,3,0.4862077079940641,0.4973756484589564,0.49179167822651026,0.4908038426064126,0.49246302396956787
wta:213544,wta:202499,2025-04-14,2025,2025,clay,Stuttgart,R32,7-6(2) 6-4,70,36,75,33,85,WTA-2025-1051-271,2025-1051,3,0.14253862530512704,0.346811107720476,0.24467486651280151,0.23214440451678992,0.24626168372366514
wta:211533,wta:215035,2025-04-14,2025,2025,clay,Stuttgart,R32,6-3 3-0 RET,29,25,58,30,85,WTA-2025-1051-272,2025-1051,3,0.6779527425082456,0.5565761367104058,0.6172644396093256,0.6215783356915819,0.6149147295086239
wta:215613,wta:206242,2025-04-14,2025,2025,clay,Stuttgart,R32,6-3 6-0,49,38,50,23,85,WTA-2025-1051-273,2025-1051,3,0.6274032772693215,0.544675007628929,0.5860391424491252,0.585985788709497,0.5850931552657257
wta:211684,wta:201506,2025-04-14,2025,2025,clay,Stuttgart,R32,7-5 4-6 7-6(5),119,71,120,70,85,WTA-2025-1051-275,2025-1051,3,0.659681713982828,0.5528532194079951,0.6062674666954115,0.6085570233509675,0.6066946867137211
wta:206420,wta:214643,2025-04-14,2025,2025,clay,Stuttgart,R32,6-3 6-3,50,36,61,32,85,WTA-2025-1051-276,2025-1051,3,0.4212670099065762,0.4712541959108941,0.44626060290873515,0.4472677654870748,0.44809154584434696
wta:259799,wta:222965,2025-04-14,2025,2025,clay,Stuttgart,R32,6-2 1-0 RET,24,18,19,7,85,WTA-2025-1051-277,2025-1051,3,0.970792889417587,0.7953921269453769,0.883092508181482,0.9117989491359053,0.8851980925574355
wta:211148,wta:220332,2025-04-14,2025,2025,clay,Stuttgart,R32,6-2 6-1,50,32,50,19,85,WTA-2025-1051-278,2025-1051,3,0.8351704725790247,0.6343912114739091,0.7347808420264669,0.7468375019781027,0.7364897220997046
wta:215898,wta:201696,2025-04-14,2025,2025,clay,Stuttgart,R32,4-6 6-3 6-4,119,72,91,58,85,WTA-2025-1051-279,2025-1051,3,0.19014481275956807,0.3859932865425694,0.2880690496510687,0.2756692533414281,0.2825457051286397
wta:230870,wta:213583,2025-04-14,2025,2025,clay,Stuttgart,R32,3-6 7-6(2) 6-4,131,72,97,54,85,WTA-2025-1051-280,2025-1051,3,0.6739707821243903,0.5619469026548672,0.6179588423896287,0.6187233868919676,0.6172569809309776
wta:223670,wta:206368,2025-04-14,2025,2025,clay,Stuttgart,R32,5-7 6-2 6-3,81,56,89,54,85,WTA-2025-1051-282,2025-1051,3,0.6335147226251395,0.5484589563625267,0.5909868394938331,0.5902220174892956,0.591383543796549
wta:210722,wta:205925,2025-04-14,2025,2025,clay,Stuttgart,R32,7-6(3) 6-2,67,41,71,37,85,WTA-2025-1051-283,2025-1051,3,0.789858720096868,0.6108330790357034,0.7003458995662857,0.7073847305909768,0.6983318623371126
wta:215713,wta:220704,2025-04-14,2025,2025,clay,Stuttgart,R32,2-6 7-6(8) 6-3,93,55,116,64,85,WTA-2025-1051-284,2025-1051,3,0.620685808939602,0.5364357644186756,0.5785607866791388,0.5813473298772215,0.5772180951930235
wta:211533,wta:206420,2025-04-14,2025,2025,clay,Stuttgart,SF,6-4 6-4,67,42,55,33,85,WTA-2025-1051-298,2025-1051,3,0.6105005021058931,0.5348489472078121,0.5726747246568527,0.5743474262615387,0.570569140280899
wta:214544,wta:211148,2025-04-14,2025,2025,clay,Stuttgart,SF,7-5 6-4,67,36,66,33,85,WTA-2025-1051-299,2025-1051,3,0.7341211800442659,0.5781812633506256,0.6561512216974457,0.6630886784584423,0.6598131075686694
wta:202494,wta:215337,2025-04-14,2025,2025,clay,Rouen,F,6-4 7-6(8),75,47,84,46,85,WTA-2025-2066-300,2025-2066,3,0.5558809899415107,0.5216661580714068,0.5387735740064588,0.5373406231697652,0.5391397625935811
wta:215480,wta:239456,2025-04-14,2025,2025,clay,Rouen,QF,6-3 6-3,50,26,51,19,85,WTA-2025-2066-294,2025-2066,3,0.7577889440374668,0.6111992676228257,0.6844941058301462,0.6814399105618456,0.6847992629860815
wta:215337,wta:220416,2025-04-14,2025,2025,clay,Rouen,QF,7-6(9) 4-6 6-1,116,72,98,57,85,WTA-2025-2066-295,2025-2066,3,0.8865824517035239,0.6922490082392432,0.7894157299713835,0.7975199255455119,0.7861810641184693
wta:211817,wta:211316,2025-04-14,2025,2025,clay,Rouen,QF,6-2 6-2,47,32,54,25,85,WTA-2025-2066-296,2025-2066,3,0.9344046557267477,0.7421116875190723,0.83825817162291,0.8545741054846933,0.8388074545035935
wta:202494,wta:222601,2025-04-14,2025,2025,clay,Rouen,QF,6-3 6-2,70,44,48,24,85,WTA-2025-2066-297,2025-2066,3,0.8919593018258799,0.6846811107720476,0.7883202062989638,0.8033357853431189,0.787526797693532
wta:215480,wta:222328,2025-04-14,2025,2025,clay,Rouen,R16,6-4 6-1,54,36,62,30,85,WTA-2025-2066-286,2025-2066,3,0.18065799703977992,0.3669514800122063,0.2738047385259931,0.26738503640058703,0.2736216442324319
wta:239456,wta:211713,2025-04-14,2025,2025,clay,Rouen,R16,6-2 6-3,52,34,60,30,85,WTA-2025-2066-287,2025-2066,3,0.1270699020068083,0.3164784864205066,0.22177419421365743,0.2167435300651606,0.22186574136043802
wta:215337,wta:222258,2025-04-14,2025,2025,clay,Rouen,R16,6-2 3-6 6-4,95,51,82,42,85,WTA-2025-2066-288,2025-2066,3,0.9294580263256227,0.7260604211168752,0.827759223721249,0.8479908543915394,0.8336487568308004
wta:220416,wta:222391,2025-04-14,2025,2025,clay,Rouen,R16,1-6 7-6(4) 6-4,87,45,99,57,85,WTA-2025-2066-289,2025-2066,3,0.6620550971459858,0.5682331400671345,0.6151441186065602,0.6102374902193113,0.6138624585516319
wta:211817,wta:202662,2025-04-14,2025,2025,clay,Rouen,R16,6-0 6-4,54,33,58,27,85,WTA-2025-2066-290,2025-2066,3,0.8750407145446449,0.6837046078730546,0.7793726612088498,0.7854175823249052,0.7801660698142816
wta:211316,wta:211539,2025-04-14,2025,2025,clay,Rouen,R16,7-6(4) 6-4,66,44,76,46,85,WTA-2025-2066-291,2025-2066,3,0.166279651502578,0.34961855355508087,0.2579491025288294,0.25448791228918166,0.2542872166576058
wta:222601,wta:219875,2025-04-14,2025,2025,clay,Rouen,R16,6-3 6-3,52,33,67,31,85,WTA-2025-2066-292,2025-2066,3,0.5179305555539819,0.5046994202014037,0.5113149878776928,0.5119565520446387,0.5141529494278911
wta:202494,wta:211843,2025-04-14,2025,2025,clay,Rouen,R16,6-4 6-0,57,36,53,23,85,WTA-2025-2066-293,2025-2066,3,0.7326608903371573,0.5828196521208422,0.6577402712289997,0.6619754677650572,0.6598458556049533
wta:222328,wta:211095,2025-04-14,2025,2025,clay,Rouen,R32,4-6 7-6(5) 6-4,117,68,94,57,85,WTA-2025-2066-270,2025-2066,3,0.7175735243304691,0.5764723832773878,0.6470229538039285,0.6505910188830845,0.6445816965564459
wta:215480,wta:215370,2025-04-14,2025,2025,clay,Rouen,R32,6-1 4-6 7-6(2),94,61,109,62,85,WTA-2025-2066-271,2025-2066,3,0.463142476626314,0.48254501068050043,0.4728437436534072,0.475403534873847,0.47757367957040453
wta:211713,wta:220348,2025-04-14,2025,2025,clay,Rouen,R32,6-4 6-3,60,42,58,33,85,WTA-2025-2066-272,2025-2066,3,0.5652572017974714,0.5201403722917303,0.5426987870446008,0.5436430312669465,0.5462080943378569
wta:239456,wta:214459,2025-04-14,2025,2025,clay,Rouen,R32,6-2 6-3,52,38,58,30,85,WTA-2025-2066-273,2025-2066,3,0.10725943400353724,0.2962160512664022,0.20173774263496974,0.19580901688849933,0.20292785554311743
wta:215337,wta:202434,2025-04-14,2025,2025,clay,Rouen,R32,5-7 6-0 6-3,84,56,100,55,85,WTA-2025-2066-274,2025-2066,3,0.8356344267245909,0.6478791577662496,0.7417567922454202,0.7472625609324847,0.7403225536125243
wta:222258,wta:215020,2025-04-14,2025,2025,clay,Rouen,R32,6-7(5) 6-4 7-5,107,56,125,60,85,WTA-2025-2066-275,2025-2066,3,0.3193199448381294,0.44043332316142814,0.3798766339997788,0.37646044728384437,0.37630629527533566
wta:222391,wta:211279,2025-04-14,2025,2025,clay,Rouen,R32,6-0 6-3,57,38,42,19,85,WTA-2025-2066-276,2025-2066,3,0.4208726478091273,0.475099176075679,0.4479859119424031,0.4470011525135142,0.4437747431904959
wta:220416,wta:215572,2025-04-14,2025,2025,clay,Rouen,R32,3-6 6-2 6-1,84,50,83,42,85,WTA-2025-2066-277,2025-2066,3,0.6196748078227031,0.5476655477570949,0.5836701777898989,0.5806507747846507,0.582693674890906
wta:202662,wta:219917,2025-04-14,2025,2025,clay,Rouen,R32,6-2 6-3,58,40,49,25,85,WTA-2025-2066-278,2025-2066,3,0.27418955679928403,0.4054012816600549,0.3397954192296695,0.34321954858364806,0.3405583121195077
wta:211817,wta:221039,2025-04-14,2025,2025,clay,Rouen,R32,1-6 6-1 6-4,70,46,72,46,85,WTA-2025-2066-279,2025-2066,3,0.7960286223864764,0.6218797680805614,0.708954195233519,0.7125436825787801,0.7097476038389507
wta:211316,wta:221191,2025-04-14,2025,2025,clay,Rouen,R32,6-2 6-4,44,28,73,32,85,WTA-2025-2066-280,2025-2066,3,0.3181217676039929,0.4237717424473604,0.37094675502567664,0.37559730944524833,0.36765105774157536
wta:211539,wta:220520,2025-04-14,2025,2025,clay,Rouen,R32,6-7(8) 6-2 7-5,125,73,118,60,85,WTA-2025-2066-281,2025-2066,3,0.3647458294125731,0.4429966432712847,0.4038712363419289,0.4085693037930645,0.40820446795621024
wta:219875,wta:222661,2025-04-14,2025,2025,clay,Rouen,R32,6-3 6-2,66,41,65,31,85,WTA-2025-2066-282,2025-2066,3,0.34307621179075565,0.44494964906927065,0.3940129304300132,0.3933918285087174,0.39483685475103847
wta:222601,wta:206289,2025-04-14,2025,2025,clay,Rouen,R32,6-0 3-6 6-3,72,47,77,42,85,WTA-2025-2066-283,2025-2066,3,0.24071852034818064,0.40613365883429964,0.32342608959124014,0.31738195467930835,0.3253180639580391
wta:211843,wta:211702,2025-04-14,2025,2025,clay,Rouen,R32,6-0 6-4,48,34,58,29,85,WTA-2025-2066-284,2025-2066,3,0.8996990734362438,0.6932865425694232,0.7964928080028335,0.8119285308539264,0.795485789388247
wta:202494,wta:213525,2025-04-14,2025,2025,clay,Rouen,R32,6-4 6-2,53,33,64,30,85,WTA-2025-2066-285,2025-2066,3,0.7821012867536852,0.6025938358254501,0.6923475612895676,0.7009800804079691,0.694147988509586
wta:215337,wta:215480,2025-04-14,2025,2025,clay,Rouen,SF,6-4 6-4,61,39,61,35,85,WTA-2025-2066-298,2025-2066,3,0.8317352907962107,0.6353677143729021,0.7335515025845564,0.7437053623644911,0.7366030741439094
wta:202494,wta:211817,2025-04-14,2025,2025,clay,Rouen,SF,6-0 6-2,44,32,47,19,85,WTA-2025-2066-299,2025-2066,3,0.7882732887932209,0.6119926762282576,0.7001329825107392,0.7060685319605464,0.6995531839144622
wta:214544,wta:221103,2025-04-22,2025,2025,clay,Madrid,F,6-3 7-6(3),58,39,84,42,85,WTA-2025-1038-300,2025-1038,3,0.4216890810834276,0.47558742752517547,0.44863825430430154,0.44755306986508414,0.4487298014510821
wta:216347,wta:201619,2025-04-22,2025,2025,clay,Madrid,QF,0-6 6-3 6-2,72,41,62,36,85,WTA-2025-1038-294,2025-1038,3,0.8822904722864731,0.6660665242599939,0.7741784982732335,0.792961118987351,0.7748498440162912
wta:221103,wta:259799,2025-04-22,2025,2025,clay,Madrid,QF,7-5 6-1,50,35,82,39,85,WTA-2025-1038-295,2025-1038,3,0.6258980748573523,0.5368629844369851,0.5813805296471687,0.5849448502019732,0.5823570325461617
wta:202494,wta:220416,2025-04-22,2025,2025,clay,Madrid,QF,6-2 6-1,45,30,40,15,85,WTA-2025-1038-296,2025-1038,3,0.909889361397238,0.707018614586512,0.8084539879918751,0.8236860424670812,0.8066230450562633
wta:214544,wta:216146,2025-04-22,2025,2025,clay,Madrid,QF,7-6(4) 7-6(7),114,66,102,58,85,WTA-2025-1038-297,2025-1038,3,0.8516160657563989,0.6425083918217882,0.7470622287890936,0.7622198436394626,0.7452312858534818
wta:223253,wta:202600,2025-04-22,2025,2025,clay,Madrid,R128,6-3 6-2,62,35,52,19,85,WTA-2025-1038-175,2025-1038,3,0.15667119672598562,0.3490082392432102,0.2528397179845979,0.24561484770901051,0.25045949216830254
wta:214604,wta:211685,2025-04-22,2025,2025,clay,Madrid,R128,6-3 6-2,69,42,58,27,85,WTA-2025-1038-176,2025-1038,3,0.3106823850490168,0.42749465974977113,0.36908852239939394,0.37021668431888205,0.36835614522514926
wta:201545,wta:201499,2025-04-22,2025,2025,clay,Madrid,R128,6-4 7-5,82,50,109,58,85,WTA-2025-1038-179,2025-1038,3,0.42208144006929527,0.46942325297528226,0.4457523465222888,0.44781825151395166,0.44654575512772055
wta:220465,wta:201520,2025-04-22,2025,2025,clay,Madrid,R128,6-4 6-0,67,36,58,22,85,WTA-2025-1038-180,2025-1038,3,0.4485220415282841,0.4884650595056454,0.46849355051696473,0.46561369200771024,0.46477063321455403
wta:233741,wta:220781,2025-04-22,2025,2025,clay,Madrid,R128,6-2 2-6 6-4,91,53,87,48,85,WTA-2025-1038-183,2025-1038,3,0.840119317796975,0.6737564845895636,0.7569379011932693,0.751397097750889,0.7524520910010204
wta:221024,wta:201514,2025-04-22,2025,2025,clay,Madrid,R128,6-2 5-7 7-6(4),96,63,99,61,85,WTA-2025-1038-184,2025-1038,3,0.479174993698094,0.48999084528532194,0.48458291949170795,0.48611219924139853,0.4880006796381834
wta:220348,wta:201593,2025-04-22,2025,2025,clay,Madrid,R128,6-3 6-4,65,43,58,33,85,WTA-2025-1038-187,2025-1038,3,0.47233796994408656,0.48822093378089715,0.4802794518624919,0.4815481804309518,0.4810423447523301
wta:214459,wta:211768,2025-04-22,2025,2025,clay,Madrid,R128,6-4 2-6 6-4,107,61,91,53,85,WTA-2025-1038-188,2025-1038,3,0.35883669911467186,0.4485505035093073,0.4036936013119896,0.4044530618060225,0.4040292741835184
wta:215035,wta:215936,2025-04-22,2025,2025,clay,Madrid,R128,7-6(5) 4-6 6-3,108,63,104,57,85,WTA-2025-1038-191,2025-1038,3,0.5850129753029324,0.5272810497406164,0.5561470125217745,0.5569824918297679,0.5558418553658391
wta:215983,wta:205925,2025-04-22,2025,2025,clay,Madrid,R128,6-3 6-2,67,40,59,26,85,WTA-2025-1038-192,2025-1038,3,0.7078394908061614,0.5768996032956973,0.6423695470509294,0.6433519936900695,0.641026855564814
wta:202505,wta:220309,2025-04-22,2025,2025,clay,Madrid,R128,6-0 6-2,44,29,40,14,85,WTA-2025-1038-195,2025-1038,3,0.9639800009603013,0.7871528837351236,0.8755664423477125,0.899468310244385,0.8743763294395648
wta:211095,wta:213544,2025-04-22,2025,2025,clay,Madrid,R128,6-4 6-3,69,42,76,41,85,WTA-2025-1038-196,2025-1038,3,0.8104424629482385,0.629325602685383,0.7198840328168108,0.724838730685675,0.7190601084957855
wta:263857,wta:222258,2025-04-22,2025,2025,clay,Madrid,R128,6-2 6-2,50,27,59,23,85,WTA-2025-1038-199,2025-1038,3,0.6137757183780747,0.5369850472993591,0.575380382838717,0.5765941735162355,0.5756550242790587
wta:214452,wta:220589,2025-04-22,2025,2025,clay,Madrid,R128,6-4 6-4,70,42,56,31,85,WTA-2025-1038-200,2025-1038,3,0.22360996934177393,0.3983216356423558,0.31096580249206485,0.30368007460280433,0.30992826816188485
wta:222601,wta:210886,2025-04-22,2025,2025,clay,Madrid,R128,6-3 6-1,43,32,61,30,85,WTA-2025-1038-203,2025-1038,3,0.3830475889325642,0.46155019835215133,0.42229889364235773,0.42122294328597326,0.4196440263857206
wta:213631,wta:213887,2025-04-22,2025,2025,clay,Madrid,R128,6-2 4-6 6-1,88,51,84,40,85,WTA-2025-1038-204,2025-1038,3,0.6747376597183302,0.5664021971315227,0.6205699284249264,0.6192724444673009,0.6188610483516888
wta:211107,wta:211701,2025-04-22,2025,2025,clay,Madrid,R128,4-6 6-2 6-1,88,52,86,42,85,WTA-2025-1038-207,2025-1038,3,0.5477209055164277,0.5125114433933475,0.5301161744548877,0.5318678106928842,0.5289565772623335
wta:206289,wta:216133,2025-04-22,2025,2025,clay,Madrid,R128,6-4 7-6(7),82,49,88,50,85,WTA-2025-1038-208,2025-1038,3,0.7515428279974997,0.5903875495880379,0.6709651887927688,0.6765375987216815,0.6673948500683258
wta:222661,wta:211713,2025-04-22,2025,2025,clay,Madrid,R128,6-2 7-5,51,35,68,35,85,WTA-2025-1038-211,2025-1038,3,0.4175891384687843,0.46661580714067746,0.4421024728047309,0.4447798124908588,0.4424076299606662
wta:215370,wta:220520,2025-04-22,2025,2025,clay,Madrid,R128,6-2 6-4,63,40,45,26,85,WTA-2025-1038-212,2025-1038,3,0.48868406903725725,0.48962465669819955,0.4891543628677284,0.49245533031039973,0.49199232441792673
wta:219917,wta:223286,2025-04-22,2025,2025,clay,Madrid,R128,6-3 6-3,84,51,79,39,85,WTA-2025-1038-215,2025-1038,3,0.7391309337305441,0.6004577357339029,0.6697943347322235,0.6669237565637895,0.6686957689708564
wta:215337,wta:201458,2025-04-22,2025,2025,clay,Madrid,R128,6-4 6-2,54,34,50,24,85,WTA-2025-1038-216,2025-1038,3,0.6601103227093353,0.5477265791882819,0.6039184509488087,0.6088602673914475,0.610662424094979
wta:220416,wta:221905,2025-04-22,2025,2025,clay,Madrid,R128,1-6 6-4 6-3,71,46,81,49,85,WTA-2025-1038-219,2025-1038,3,0.33733026598169236,0.4375038144644492,0.3874170402230708,0.3893268052340778,0.38937004602105674
wta:220332,wta:267439,2025-04-22,2025,2025,clay,Madrid,R128,6-2 6-2,43,29,63,25,85,WTA-2025-1038-220,2025-1038,3,0.7867623716646565,0.6319499542264266,0.7093561629455416,0.7048177009218455,0.7093256472299481
wta:215713,wta:221909,2025-04-22,2025,2025,clay,Madrid,R128,6-7(7) 6-4 6-2,104,62,90,46,85,WTA-2025-1038-223,2025-1038,3,0.6720750361880512,0.5513884650595057,0.6117317506237785,0.6173676533627139,0.6156987936509375
wta:215138,wta:219875,2025-04-22,2025,2025,clay,Madrid,R128,3-6 6-1 6-4,85,54,86,49,85,WTA-2025-1038-224,2025-1038,3,0.4673528940962153,0.48858712236801954,0.47797000823211744,0.47821804832794024,0.47717659962668557
wta:221054,wta:215480,2025-04-22,2025,2025,clay,Madrid,R128,7-6(4) 6-4,74,44,80,45,85,WTA-2025-1038-227,2025-1038,3,0.7584382407070765,0.5953310955141898,0.6768846681106332,0.6819521100457131,0.6750842408906148
wta:206368,wta:221236,2025-04-22,2025,2025,clay,Madrid,R128,6-2 6-2,48,30,54,21,85,WTA-2025-1038-228,2025-1038,3,0.7571684898443249,0.5931949954226426,0.6751817426334839,0.6809509266546181,0.6787215656423333
wta:220548,wta:214040,2025-04-22,2025,2025,clay,Madrid,R128,5-7 6-3 6-4,103,59,101,52,85,WTA-2025-1038-231,2025-1038,3,0.7673305409373238,0.6001525785779677,0.6837415597576457,0.6890180430817378,0.6859081755647864
wta:214119,wta:201548,2025-04-22,2025,2025,clay,Madrid,R128,6-3 1-6 7-5,81,53,81,52,85,WTA-2025-1038-232,2025-1038,3,0.44567655819592605,0.4834604821483064,0.46456852017211625,0.4637048092910353,0.46108972859445374
wta:215785,wta:215306,2025-04-22,2025,2025,clay,Madrid,R128,6-3 6-3,62,34,58,26,85,WTA-2025-1038-235,2025-1038,3,0.7810422617330821,0.6055233445224291,0.6932828031277556,0.7001125108240324,0.6931302245497879
wta:215020,wta:215910,2025-04-22,2025,2025,clay,Madrid,R128,6-4 6-2,58,36,58,27,85,WTA-2025-1038-236,2025-1038,3,0.7602938249353111,0.5988709185230394,0.6795823717291752,0.6834186473231911,0.6841292133526113
wta:216347,wta:223670,2025-04-22,2025,2025,clay,Madrid,R16,6-0 6-7(3) 6-4,105,63,90,48,85,WTA-2025-1038-286,2025-1038,3,0.9692822851880026,0.7922795239548367,0.8807809045714197,0.9089717605379771,0.8802316216907362
wta:201619,wta:202499,2025-04-22,2025,2025,clay,Madrid,R16,6-2 6-3,56,35,58,28,85,WTA-2025-1038-287,2025-1038,3,0.8265450230156993,0.6340250228867867,0.730285022951243,0.7390218657892891,0.7274165456854511
wta:221103,wta:202505,2025-04-22,2025,2025,clay,Madrid,R16,6-4 6-2,46,35,67,35,85,WTA-2025-1038-288,2025-1038,3,0.6896576148038819,0.5618248397924931,0.6257412272981875,0.6300301295351464,0.625771743013781
wta:259799,wta:263857,2025-04-22,2025,2025,clay,Madrid,R16,6-1 6-4,76,49,45,23,85,WTA-2025-1038-289,2025-1038,3,0.9610682287702333,0.7864205065608788,0.8737443676655561,0.8944939489015302,0.8727373490509696
wta:202494,wta:206289,2025-04-22,2025,2025,clay,Madrid,R16,6-3 6-4,70,41,64,33,85,WTA-2025-1038-290,2025-1038,3,0.7022968461880269,0.5704302715898688,0.6363635588889478,0.6392644030938851,0.6356616974302967
wta:220416,wta:206420,2025-04-22,2025,2025,clay,Madrid,R16,6-4 7-6(5),77,44,70,39,85,WTA-2025-1038-291,2025-1038,3,0.18649178938670027,0.37470247177296306,0.28059713057983166,0.27249924287285937,0.27937650195609043
wta:216146,wta:215713,2025-04-22,2025,2025,clay,Madrid,R16,6-3 6-2,55,36,69,35,85,WTA-2025-1038-292,2025-1038,3,0.39759859359182154,0.46313701556301495,0.43036780457741824,0.43119251361627436,0.43100863460488237
wta:214544,wta:220548,2025-04-22,2025,2025,clay,Madrid,R16,6-2 6-4,64,40,53,27,85,WTA-2025-1038-293,2025-1038,3,0.8529283763396653,0.6467805920048825,0.7498544841722738,0.7634769465247369,0.7503427356217705
wta:216347,wta:222328,2025-04-22,2025,2025,clay,Madrid,R32,6-4 6-2,59,38,44,24,85,WTA-2025-1038-270,2025-1038,3,0.9515832519178682,0.7502288678669515,0.8509060598924099,0.879268466707811,0.853560927149047
wta:223670,wta:201545,2025-04-22,2025,2025,clay,Madrid,R32,6-0 6-0,36,26,34,9,85,WTA-2025-1038-271,2025-1038,3,0.5786077265076098,0.5295392126945377,0.5540734696010738,0.5526475565181974,0.5511134451885014
wta:202499,wta:215613,2025-04-22,2025,2025,clay,Madrid,R32,4-6 6-3 6-2,99,63,72,47,85,WTA-2025-1038-272,2025-1038,3,0.29846748928510264,0.4351235886481538,0.3667955389666282,0.36129740067694655,0.36197405590285037
wta:201619,wta:214939,2025-04-22,2025,2025,clay,Madrid,R32,7-5 7-6(3),96,57,69,39,85,WTA-2025-1038-273,2025-1038,3,0.8820811068935829,0.6690570643881599,0.7755690856408715,0.7927405570128956,0.7752944442005296
wta:221103,wta:215983,2025-04-22,2025,2025,clay,Madrid,R32,6-2 6-3,50,32,53,24,85,WTA-2025-1038-274,2025-1038,3,0.9088885083412812,0.6993286542569424,0.8041085812991118,0.8225069767706228,0.8056953985099753
wta:202505,wta:206242,2025-04-22,2025,2025,clay,Madrid,R32,6-3 4-6 7-6(2),103,57,107,56,85,WTA-2025-1038-275,2025-1038,3,0.7482665115099308,0.587519072322246,0.6678927919160884,0.6739837660680739,0.6680148547784626
wta:263857,wta:214643,2025-04-22,2025,2025,clay,Madrid,R32,2-6 7-6(2) 6-0,98,56,90,50,85,WTA-2025-1038-276,2025-1038,3,0.1510099554266302,0.34803173634421725,0.24952084588542373,0.24028192963094655,0.2450960671243618
wta:259799,wta:211684,2025-04-22,2025,2025,clay,Madrid,R32,7-5 6-3,66,44,65,38,85,WTA-2025-1038-277,2025-1038,3,0.881926102852356,0.6662496185535551,0.7740878607029555,0.7925773704709503,0.7744540492900779
wta:206289,wta:211148,2025-04-22,2025,2025,clay,Madrid,R32,6-2 6-1,54,35,59,24,85,WTA-2025-1038-278,2025-1038,3,0.30069468626089235,0.42602990540128166,0.36336229583108703,0.3629319001676249,0.3647355030327959
wta:202494,wta:214981,2025-04-22,2025,2025,clay,Madrid,R32,6-3 6-4,69,48,59,36,85,WTA-2025-1038-279,2025-1038,3,0.3011775680265495,0.433353677143729,0.3672656225851393,0.36328578377789217,0.3644276610349409
wta:206420,wta:214082,2025-04-22,2025,2025,clay,Madrid,R32,6-3 7-6(3),66,37,82,38,85,WTA-2025-1038-280,2025-1038,3,0.2911832191441004,0.4330485199877937,0.36211586956594705,0.3559247448899164,0.3617191652632311
wta:220416,wta:202468,2025-04-22,2025,2025,clay,Madrid,R32,6-3 6-2,64,37,64,29,85,WTA-2025-1038-281,2025-1038,3,0.07869399117562872,0.2807750991760757,0.1797345451758522,0.1624446134778534,0.17662194218531208
wta:215713,wta:213550,2025-04-22,2025,2025,clay,Madrid,R32,3-6 6-4 7-6(6),100,57,113,64,85,WTA-2025-1038-282,2025-1038,3,0.6690838861278836,0.5597497711321331,0.6144168286300083,0.615232980966945,0.6140811557584795
wta:216146,wta:206368,2025-04-22,2025,2025,clay,Madrid,R32,6-0 4-6 6-4,81,48,112,57,85,WTA-2025-1038-283,2025-1038,3,0.5916072498464929,0.5260604211168752,0.5588338354816841,0.5614566172016892,0.5616412813162889
wta:220548,wta:214119,2025-04-22,2025,2025,clay,Madrid,R32,6-2 6-0,42,27,44,16,85,WTA-2025-1038-284,2025-1038,3,0.751898576341014,0.5964906927067439,0.674194634523879,0.6768156167354014,0.6727909116065766
wta:214544,wta:210722,2025-04-22,2025,2025,clay,Madrid,R32,3-6 6-2 6-1,77,44,76,34,85,WTA-2025-1038-285,2025-1038,3,0.8301051136849906,0.6249313396399145,0.7275182266624526,0.7422281154678756,0.7277623523872008
wta:216347,wta:223253,2025-04-22,2025,2025,clay,Madrid,R64,4-6 6-4 6-2,80,48,100,48,85,WTA-2025-1038-238,2025-1038,3,0.999807540898425,0.9782422947818127,0.9890249178401189,0.9966772125640746,0.9882620249502806
wta:222328,wta:214604,2025-04-22,2025,2025,clay,Madrid,R64,7-5 6-1,86,53,55,26,85,WTA-2025-1038-239,2025-1038,3,0.867557722692395,0.668080561489167,0.767819142090781,0.7778227921194842,0.7680022363843422
wta:201545,wta:211533,2025-04-22,2025,2025,clay,Madrid,R64,7-6(2) 6-2,58,31,77,32,85,WTA-2025-1038-240,2025-1038,3,0.3805858249790665,0.4663716814159292,0.42347875319749784,0.41952873085841513,0.41829108154659767
wta:223670,wta:220465,2025-04-22,2025,2025,clay,Madrid,R64,6-1 6-2,51,37,47,22,85,WTA-2025-1038-241,2025-1038,3,0.6903473711979835,0.568721391516631,0.6295343813573073,0.6305310881788938,0.6288325198986561
wta:215613,wta:233741,2025-04-22,2025,2025,clay,Madrid,R64,7-5 7-5,72,39,93,47,85,WTA-2025-1038-242,2025-1038,3,0.7397658746747697,0.5991150442477876,0.6694404594612786,0.6674116231266645,0.6669076550670157
wta:202499,wta:221024,2025-04-22,2025,2025,clay,Madrid,R64,6-4 6-3,71,48,56,36,85,WTA-2025-1038-243,2025-1038,3,0.6037473846272262,0.5396093988404028,0.5716783917338145,0.5697266463371689,0.5686878516056485
wta:214939,wta:220348,2025-04-22,2025,2025,clay,Madrid,R64,7-6(4) 6-4,74,51,75,47,85,WTA-2025-1038-244,2025-1038,3,0.4953570922975165,0.49768080561489164,0.4965189489562041,0.4969046787717218,0.49529832033246285
wta:201619,wta:214459,2025-04-22,2025,2025,clay,Madrid,R64,6-4 6-3,47,31,66,33,85,WTA-2025-1038-245,2025-1038,3,0.8173808017422142,0.6242599938968569,0.7208203978195356,0.7308884075169526,0.7195692534802007
wta:221103,wta:215035,2025-04-22,2025,2025,clay,Madrid,R64,0-6 6-2 7-5,81,42,99,47,85,WTA-2025-1038-246,2025-1038,3,0.9294621481585036,0.7180653036313701,0.8237637258949368,0.8479962568073715,0.8217496886657638
wta:215983,wta:220367,2025-04-22,2025,2025,clay,Madrid,R64,6-4 3-6 6-4,87,51,97,55,85,WTA-2025-1038-247,2025-1038,3,0.451479364253254,0.48376563930424166,0.46762250177874787,0.467596274242171,0.46774456464112196
wta:202505,wta:220704,2025-04-22,2025,2025,clay,Madrid,R64,7-5 7-5,79,52,63,40,85,WTA-2025-1038-248,2025-1038,3,0.7804939069675738,0.6075984131827892,0.6940461600751815,0.6996639138037143,0.6964569016070704
wta:206242,wta:211095,2025-04-22,2025,2025,clay,Madrid,R64,2-6 6-3 6-1,69,46,90,51,85,WTA-2025-1038-249,2025-1038,3,0.6555416014897535,0.5499237107110162,0.6027326561003848,0.6056330121031855,0.602915750393946
wta:263857,wta:220714,2025-04-22,2025,2025,clay,Madrid,R64,7-6(5) 6-4,62,42,79,45,85,WTA-2025-1038-250,2025-1038,3,0.3035133518465433,0.4292645712541959,0.3663889615503696,0.3649951245929953,0.36544297436697015
wta:214643,wta:214452,2025-04-22,2025,2025,clay,Madrid,R64,6-4 6-4,56,39,54,33,85,WTA-2025-1038-251,2025-1038,3,0.8026520117299344,0.6185840707964602,0.7106180412631973,0.7181496602087221,0.7080242054377472
wta:211684,wta:222601,2025-04-22,2025,2025,clay,Madrid,R64,5-7 7-6(2) 6-4,123,69,106,56,85,WTA-2025-1038-252,2025-1038,3,0.7066020717477928,0.5729935916997254,0.6397978317237591,0.6424373188015325,0.6406217560447844
wta:259799,wta:213631,2025-04-22,2025,2025,clay,Madrid,R64,6-3 6-4,75,48,59,33,85,WTA-2025-1038-253,2025-1038,3,0.8989317663479885,0.6746719560573695,0.786801861202679,0.8110643385375087,0.7905247785050897
wta:211148,wta:211107,2025-04-22,2025,2025,clay,Madrid,R64,6-1 6-2,48,31,36,11,85,WTA-2025-1038-254,2025-1038,3,0.7049658177037099,0.5717729630759841,0.6383693903898471,0.6412297018334794,0.6377285603623829
wta:206289,wta:202663,2025-04-22,2025,2025,clay,Madrid,R64,7-6(5) 6-3,59,44,84,48,85,WTA-2025-1038-255,2025-1038,3,0.5964555939158225,0.526853829722307,0.5616547118190647,0.5647539977112545,0.5608613032136329
wta:202494,wta:222661,2025-04-22,2025,2025,clay,Madrid,R64,6-3 6-1,42,29,42,18,85,WTA-2025-1038-256,2025-1038,3,0.7875011877867771,0.6199267622825755,0.7037139750346764,0.7054289139150355,0.7033477864475539
wta:214981,wta:215370,2025-04-22,2025,2025,clay,Madrid,R64,6-3 6-2,62,42,56,32,85,WTA-2025-1038-257,2025-1038,3,0.9265510911443302,0.723863289594141,0.8252071903692356,0.8442135635410333,0.8207824116081737
wta:214082,wta:219917,2025-04-22,2025,2025,clay,Madrid,R64,6-2 7-5,57,36,69,32,85,WTA-2025-1038-258,2025-1038,3,0.9258325798001273,0.7144034177601465,0.8201179987801369,0.8432897822896116,0.8177682886794351
wta:206420,wta:215337,2025-04-22,2025,2025,clay,Madrid,R64,6-3 6-4,65,38,59,30,85,WTA-2025-1038-259,2025-1038,3,0.3714003478307961,0.460207506866036,0.4158039273484161,0.4131861759593195,0.40997542567005174
wta:220416,wta:202460,2025-04-22,2025,2025,clay,Madrid,R64,4-6 6-3 6-4,96,61,91,54,85,WTA-2025-1038-260,2025-1038,3,0.0695994413140671,0.2713762587732682,0.17048785004366765,0.1507702712879495,0.16847381281449464
wta:202468,wta:220332,2025-04-22,2025,2025,clay,Madrid,R64,6-2 6-2,45,30,62,26,85,WTA-2025-1038-261,2025-1038,3,0.8569659479721374,0.6550808666463228,0.7560234073092301,0.7673742417647293,0.7553215458505789
wta:215713,wta:221012,2025-04-22,2025,2025,clay,Madrid,R64,6-4 6-4,60,36,62,30,85,WTA-2025-1038-262,2025-1038,3,0.28092706795874384,0.4257857796765334,0.35335642381763865,0.34828676480193393,0.3521663109094909
wta:213550,wta:215138,2025-04-22,2025,2025,clay,Madrid,R64,6-3 6-2,48,36,58,28,85,WTA-2025-1038-263,2025-1038,3,0.7469908336487484,0.5828196521208422,0.6649052428847952,0.6729925846413286,0.6692079587834832
wta:216146,wta:221054,2025-04-22,2025,2025,clay,Madrid,R64,6-4 2-6 6-2,77,41,92,49,85,WTA-2025-1038-264,2025-1038,3,0.49047387587527,0.5018919743667989,0.49618292512103446,0.4936488236205051,0.49188020922234665
wta:206368,wta:213710,2025-04-22,2025,2025,clay,Madrid,R64,4-6 7-6(1) 7-5,108,70,127,76,85,WTA-2025-1038-265,2025-1038,3,0.5964955717634374,0.5278303326213,0.5621629521923687,0.5647812157388837,0.5637802851188258
wta:220548,wta:216153,2025-04-22,2025,2025,clay,Madrid,R64,6-2 2-6 7-5,97,50,99,48,85,WTA-2025-1038-266,2025-1038,3,0.40517685176090174,0.4678364357644187,0.43650664376266024,0.43635700760145907,0.43833758669827205
wta:214119,wta:201709,2025-04-22,2025,2025,clay,Madrid,R64,6-3 6-3,48,33,56,31,85,WTA-2025-1038-267,2025-1038,3,0.094647374419806,0.30329569728410133,0.19897153585195365,0.1816149370075498,0.1967438886136259
wta:210722,wta:215785,2025-04-22,2025,2025,clay,Madrid,R64,6-3 6-3,62,40,59,33,85,WTA-2025-1038-268,2025-1038,3,0.5953639213554838,0.5253280439426304,0.5603459826490571,0.5640109422017654,0.5642825099606226
wta:214544,wta:215020,2025-04-22,2025,2025,clay,Madrid,R64,6-3 6-4,72,45,75,42,85,WTA-2025-1038-269,2025-1038,3,0.9663092092577183,0.7721391516631065,0.8692241804604124,0.90356738641635,0.869834494772283
wta:221103,wta:216347,2025-04-22,2025,2025,clay,Madrid,SF,6-1 6-1,34,28,49,20,85,WTA-2025-1038-298,2025-1038,3,0.2123308496669616,0.4003356728715288,0.3063332612692452,0.29443201959651516,0.30425819260888515
wta:214544,wta:202494,2025-04-22,2025,2025,clay,Madrid,SF,6-3 7-5,70,44,65,35,85,WTA-2025-1038-299,2025-1038,3,0.7297436184956358,0.5768996032956973,0.6533216108956665,0.6597577362183141,0.6525892337214219
wta:211148,wta:221103,2025-05-06,2025,2025,clay,Rome,F,6-4 6-2,70,41,58,27,86,WTA-2025-709-300,2025-709,3,0.15920887380777554,0.3687824229478181,0.2639956483777968,0.24797950006112635,0.2627750197540556
wta:220548,wta:202494,2025-05-06,2025,2025,clay,Rome,QF,6-2 4-6 7-6(4),104,55,101,51,86,WTA-2025-709-294,2025-709,3,0.17994719517930782,0.3798291119926762,0.279888153585992,0.26675742482309617,0.2820242536775392
wta:211148,wta:223670,2025-05-06,2025,2025,clay,Rome,QF,6-7(1) 6-4 6-2,90,46,115,58,86,WTA-2025-709-295,2025-709,3,0.5501507113026274,0.519957277998169,0.5350539946503983,0.5334963618860223,0.5309954044764587
wta:221103,wta:259799,2025-05-06,2025,2025,clay,Rome,QF,6-4 7-6(5),61,41,71,38,86,WTA-2025-709-296,2025-709,3,0.6500184546686939,0.5466890448581019,0.598353749763398,0.6017463472967729,0.5985368440569592
wta:221012,wta:214544,2025-05-06,2025,2025,clay,Rome,QF,6-4 6-3,63,43,68,38,86,WTA-2025-709-297,2025-709,3,0.28090689737195285,0.42664021971315225,0.35377355854255255,0.34827165497908924,0.35285808707474664
wta:220714,wta:220589,2025-05-06,2025,2025,clay,Rome,R128,6-2 4-6 6-1,74,41,82,37,86,WTA-2025-709-175,2025-709,3,0.3480269934639574,0.44452242905096123,0.3962747112574593,0.39688003271437217,0.39749533988120056
wta:211817,wta:221236,2025-05-06,2025,2025,clay,Rome,R128,6-7(10) 6-4 6-2,124,69,107,57,86,WTA-2025-709-176,2025-709,3,0.7581057856231116,0.595453158376564,0.6767794719998378,0.681689789857765,0.6769625662933989
wta:221024,wta:215020,2025-05-06,2025,2025,clay,Rome,R128,7-6(7) 6-4,77,43,88,46,86,WTA-2025-709-179,2025-709,3,0.7376768706831076,0.5822703692401587,0.6599736199616332,0.6658080487142006,0.6602482614019749
wta:222601,wta:215983,2025-05-06,2025,2025,clay,Rome,R128,6-3 5-7 7-6(3),99,52,100,51,86,WTA-2025-709-180,2025-709,3,0.4787937992513449,0.49395788831248094,0.4863758437819129,0.4858578198755705,0.48732183096531234
wta:211768,wta:201506,2025-05-06,2025,2025,clay,Rome,R128,6-2 6-3,48,32,65,30,86,WTA-2025-709-183,2025-709,3,0.7721589522521825,0.5949649069270675,0.6835619295896249,0.6928962842451005,0.6865524697177909
wta:213631,wta:210886,2025-05-06,2025,2025,clay,Rome,R128,6-2 7-5,70,48,65,38,86,WTA-2025-709-184,2025-709,3,0.6541913600406595,0.5523649679584987,0.603278163999579,0.6046813715095599,0.6013861896327801
wta:220548,wta:215572,2025-05-06,2025,2025,clay,Rome,R128,6-3 6-2,57,39,49,25,86,WTA-2025-709-187,2025-709,3,0.8974244511938803,0.6924931339639915,0.7949587925789359,0.8093747999391296,0.7945315725606265
wta:219875,wta:201548,2025-05-06,2025,2025,clay,Rome,R128,6-3 6-4,69,41,65,35,86,WTA-2025-709-188,2025-709,3,0.40532493038980205,0.47430576747024716,0.4398153489300246,0.43645774731983183,0.4351159287286209
wta:221909,wta:214388,2025-05-06,2025,2025,clay,Rome,R128,4-6 6-2 6-1,74,54,85,48,86,WTA-2025-709-191,2025-709,3,0.6854283892551557,0.5634116570033567,0.6244200231292563,0.6269657138321032,0.6245420859916304
wta:215480,wta:213887,2025-05-06,2025,2025,clay,Rome,R128,6-1 1-6 6-1,65,35,77,35,86,WTA-2025-709-192,2025-709,3,0.7930522467186788,0.6112602990540128,0.7021562728863457,0.7100475841965396,0.7030412286385582
wta:211713,wta:219917,2025-05-06,2025,2025,clay,Rome,R128,6-2 6-0,37,30,44,16,86,WTA-2025-709-195,2025-709,3,0.8355368305573222,0.6411657003356729,0.7383512654464975,0.7471731059710347,0.7408230384095735
wta:214452,wta:216265,2025-05-06,2025,2025,clay,Rome,R128,7-6(5) 5-7 6-2,120,69,106,57,86,WTA-2025-709-196,2025-709,3,0.6772994355761748,0.5736039060115959,0.6254516707938853,0.6211092489964238,0.6214846277667264
wta:214459,wta:201545,2025-05-06,2025,2025,clay,Rome,R128,6-3 6-4,67,40,60,31,86,WTA-2025-709-199,2025-709,3,0.3614926183881607,0.44623130912419895,0.40386196375617983,0.406305128860283,0.40389247947177337
wta:211685,wta:220520,2025-05-06,2025,2025,clay,Rome,R128,6-3 6-3,57,35,73,35,86,WTA-2025-709-200,2025-709,3,0.6071554481468916,0.5372291730241074,0.5721923105854996,0.5720566602192103,0.5719481848607513
wta:201520,wta:201593,2025-05-06,2025,2025,clay,Rome,R128,7-5 6-1,59,39,71,36,86,WTA-2025-709-203,2025-709,3,0.3556313134141333,0.45050350930729327,0.4030674113607133,0.4022134098648393,0.40441010284682866
wta:215138,wta:223410,2025-05-06,2025,2025,clay,Rome,R128,3-6 6-1 6-3,68,46,75,40,86,WTA-2025-709-204,2025-709,3,0.8900780533594795,0.7401586817210863,0.8151183675402829,0.8012872338346047,0.8125550474304264
wta:215306,wta:202600,2025-05-06,2025,2025,clay,Rome,R128,7-6(6) 5-7 6-4,129,66,118,58,86,WTA-2025-709-207,2025-709,3,0.3904705870104511,0.4598413182789136,0.42515595264468237,0.4263179956806573,0.42393532402094114
wta:222661,wta:214040,2025-05-06,2025,2025,clay,Rome,R128,4-6 6-3 6-4,90,62,85,56,86,WTA-2025-709-208,2025-709,3,0.5759099607921396,0.5275862068965518,0.5517480838443457,0.550824778941396,0.5502528137802627
wta:220465,wta:201551,2025-05-06,2025,2025,clay,Rome,R128,6-3 6-3,58,28,53,17,86,WTA-2025-709-211,2025-709,3,0.6656304130936307,0.560665242599939,0.6131478278467848,0.612774968308703,0.6097910991314965
wta:215872,wta:216133,2025-05-06,2025,2025,clay,Rome,R128,6-3 6-2,59,34,58,26,86,WTA-2025-709-212,2025-709,3,0.4948231902734814,0.501953005797986,0.4983880980357337,0.4965487250013522,0.4974115951367407
wta:206368,wta:214593,2025-05-06,2025,2025,clay,Rome,R128,7-5 6-2,78,42,58,24,86,WTA-2025-709-215,2025-709,3,0.825911623922654,0.6389075373817517,0.7324095806522029,0.7384542244508722,0.732531643514577
wta:221054,wta:233741,2025-05-06,2025,2025,clay,Rome,R128,7-5 6-7(1) 6-3,102,63,115,63,86,WTA-2025-709-216,2025-709,3,0.7116867781193564,0.5832468721391517,0.6474668251292541,0.6462037378090378,0.6488400323309629
wta:206289,wta:202505,2025-05-06,2025,2025,clay,Rome,R128,6-2 0-0 RET,19,16,22,12,86,WTA-2025-709-219,2025-709,3,0.3226572320470336,0.4454989319499542,0.3840780819984939,0.378859645937489,0.3805077432740508
wta:239475,wta:222369,2025-05-06,2025,2025,clay,Rome,R128,6-2 6-3,64,36,45,18,86,WTA-2025-709-220,2025-709,3,0.7412201736075321,0.6123588648153799,0.676789519211456,0.6685306139759882,0.6797495436240285
wta:215337,wta:211701,2025-05-06,2025,2025,clay,Rome,R128,3-6 6-4 6-4,109,57,94,49,86,WTA-2025-709-223,2025-709,3,0.6423487716688997,0.5339945071711931,0.5881716394200465,0.5963746747331743,0.5917419781444895
wta:201458,wta:215785,2025-05-06,2025,2025,clay,Rome,R128,6-2 6-3,51,30,49,16,86,WTA-2025-709-224,2025-709,3,0.40678640960608825,0.46374732987488554,0.4352668697404869,0.4374516641194332,0.4385625670245882
wta:215370,wta:223415,2025-05-06,2025,2025,clay,Rome,R128,6-0 6-3,41,27,56,24,86,WTA-2025-709-227,2025-709,3,0.7803806784254386,0.6199877937137626,0.7001842360696006,0.6995713367704679,0.701008160390626
wta:220332,wta:220416,2025-05-06,2025,2025,clay,Rome,R128,6-1 6-0,43,31,40,15,86,WTA-2025-709-228,2025-709,3,0.28826447334230104,0.42566371681415927,0.3569640950782301,0.35376005028574853,0.3581847237019714
wta:216146,wta:223253,2025-05-06,2025,2025,clay,Rome,R128,6-0 6-1,29,24,60,25,86,WTA-2025-709-231,2025-709,3,0.6796928339862282,0.5590173939578883,0.6193551139720582,0.6228290855561786,0.6239019555954943
wta:222045,wta:261972,2025-05-06,2025,2025,clay,Rome,R128,3-6 6-3 7-5,105,56,113,59,86,WTA-2025-709-232,2025-709,3,0.7014958366902142,0.6143118706133659,0.65790385365179,0.6386756543530364,0.6575986964958547
wta:201499,wta:211107,2025-05-06,2025,2025,clay,Rome,R128,6-3 6-3,59,37,62,31,86,WTA-2025-709-235,2025-709,3,0.624769282356051,0.5390601159597193,0.5819146991578852,0.5841648306410624,0.5797480833507445
wta:215713,wta:215035,2025-05-06,2025,2025,clay,Rome,R128,2-6 7-6(6) 6-3,106,57,113,60,86,WTA-2025-709-236,2025-709,3,0.6372475010907228,0.5361916386939274,0.5867195698923251,0.5928174487390898,0.5883674185343757
wta:202494,wta:203389,2025-05-06,2025,2025,clay,Rome,R16,6-4 6-2,56,34,61,29,86,WTA-2025-709-286,2025-709,3,0.6815646638319458,0.5584070796460177,0.6199858717389817,0.6241767125272079,0.6227933175735866
wta:220548,wta:211768,2025-05-06,2025,2025,clay,Rome,R16,6-4 3-6 7-6(4),105,66,86,60,86,WTA-2025-709-287,2025-709,3,0.43015573612996943,0.47558742752517547,0.4528715818275725,0.45326750118096565,0.45311570755232067
wta:223670,wta:210722,2025-05-06,2025,2025,clay,Rome,R16,6-2 6-3,63,43,45,26,86,WTA-2025-709-288,2025-709,3,0.5197405767284723,0.5092157461092462,0.5144781614188593,0.5131641858584735,0.5135932056666469
wta:211148,wta:211533,2025-05-06,2025,2025,clay,Rome,R16,7-5 6-2,74,45,79,43,86,WTA-2025-709-289,2025-709,3,0.4873315795159099,0.4964601769911504,0.49189587825353015,0.49155338205166316,0.49415404120745143
wta:259799,wta:220704,2025-05-06,2025,2025,clay,Rome,R16,5-7 6-3 6-2,101,66,95,55,86,WTA-2025-709-290,2025-709,3,0.8403859479180052,0.647207812023192,0.7437968799705986,0.7516443871673067,0.7380599254390148
wta:221103,wta:221054,2025-05-06,2025,2025,clay,Rome,R16,6-1 6-2,59,39,46,21,86,WTA-2025-709-291,2025-709,3,0.8770013104070169,0.6635032041501373,0.770252257278577,0.787438936717662,0.7721137159297825
wta:221012,wta:215370,2025-05-06,2025,2025,clay,Rome,R16,7-5 6-1,57,33,59,24,86,WTA-2025-709-292,2025-709,3,0.8968623785885945,0.6866341165700336,0.7917482475793141,0.8087474880828026,0.7902834932308246
wta:214544,wta:216146,2025-05-06,2025,2025,clay,Rome,R16,6-1 7-6(8),91,55,83,44,86,WTA-2025-709-293,2025-709,3,0.8628711513330456,0.6518462007934086,0.7573586760632272,0.773157983899239,0.7543071045038741
wta:203389,wta:216347,2025-05-06,2025,2025,clay,Rome,R32,6-1 7-5,65,40,63,28,86,WTA-2025-709-270,2025-709,3,0.09331255841647379,0.3178211779066219,0.20556686816154784,0.1800667397629628,0.20178291942795004
wta:202494,wta:221024,2025-05-06,2025,2025,clay,Rome,R32,6-4 3-6 6-4,107,62,107,58,86,WTA-2025-709-271,2025-709,3,0.8276019638066134,0.6276167226121453,0.7276093432093793,0.7399709489604017,0.728280688952437
wta:211768,wta:213631,2025-05-06,2025,2025,clay,Rome,R32,4-6 6-3 6-3,90,58,91,54,86,WTA-2025-709-272,2025-709,3,0.6595836472313027,0.5524870308208728,0.6060353390260877,0.6084876545761371,0.6044485218152241
wta:220548,wta:201619,2025-05-06,2025,2025,clay,Rome,R32,2-6 6-2 7-6(3),102,58,102,55,86,WTA-2025-709-273,2025-709,3,0.2236680537845694,0.4058895331095514,0.3147787934470604,0.30372723760431264,0.3135886805389127
wta:210722,wta:202468,2025-05-06,2025,2025,clay,Rome,R32,7-5 6-1,69,46,51,27,86,WTA-2025-709-274,2025-709,3,0.31341294160277355,0.43994507171193165,0.3766790066573526,0.3721959562505682,0.37664849094175906
wta:223670,wta:211713,2025-05-06,2025,2025,clay,Rome,R32,6-3 6-3,71,44,54,30,86,WTA-2025-709-275,2025-709,3,0.6799041635874833,0.5643271284711626,0.6221156460293229,0.6229811186248716,0.6239465889649348
wta:211148,wta:202460,2025-05-06,2025,2025,clay,Rome,R32,6-4 6-3,51,36,55,28,86,WTA-2025-709-277,2025-709,3,0.4681094351975481,0.4937747940189197,0.4809421146082339,0.47872357961422474,0.48036231601195684
wta:259799,wta:222328,2025-05-06,2025,2025,clay,Rome,R32,6-1 7-5,60,39,62,32,86,WTA-2025-709-278,2025-709,3,0.8468690723603282,0.6511138236191639,0.748991447989746,0.7577105821678042,0.7437427449076588
wta:220704,wta:215613,2025-05-06,2025,2025,clay,Rome,R32,3-6 6-0 6-4,90,57,87,50,86,WTA-2025-709-279,2025-709,3,0.3045281898320709,0.42834909978638996,0.36643864480923044,0.3657365329756427,0.3687578391943388
wta:221054,wta:206368,2025-05-06,2025,2025,clay,Rome,R32,5-7 6-0 6-1,83,50,74,34,86,WTA-2025-709-280,2025-709,3,0.6791954554983406,0.5598108025633202,0.6195031290308304,0.6224713792915197,0.6190453932969273
wta:221103,wta:202663,2025-05-06,2025,2025,clay,Rome,R32,7-5 6-3,77,48,65,35,86,WTA-2025-709-281,2025-709,3,0.9398580831023312,0.7291730241074154,0.8345155536048733,0.8620808273040922,0.8325015163757002
wta:221012,wta:211684,2025-05-06,2025,2025,clay,Rome,R32,6-3 6-2,60,35,46,20,86,WTA-2025-709-282,2025-709,3,0.8704357176947477,0.6534330180042722,0.76193436784951,0.780721835962632,0.7646502665373343
wta:215370,wta:214981,2025-05-06,2025,2025,clay,Rome,R32,6-2 6-4,64,44,57,30,86,WTA-2025-709-283,2025-709,3,0.0838106294908207,0.2933475740006103,0.1885791017457155,0.16875983401963568,0.18989127751623733
wta:216146,wta:220367,2025-05-06,2025,2025,clay,Rome,R32,6-4 6-2,62,41,64,34,86,WTA-2025-709-284,2025-709,3,0.636989097627762,0.5474214220323467,0.5922052598300543,0.5926375773491279,0.5881771853717083
wta:214544,wta:213550,2025-05-06,2025,2025,clay,Rome,R32,3-6 6-3 6-3,77,44,126,63,86,WTA-2025-709-285,2025-709,3,0.8725045361693844,0.6456820262435155,0.7590932812064499,0.78282256654483,0.7643725000041307
wta:216347,wta:220714,2025-05-06,2025,2025,clay,Rome,R64,6-1 6-0,35,28,36,13,86,WTA-2025-709-238,2025-709,3,0.9880156122419601,0.8421422032346658,0.915078907738313,0.9498552514148247,0.9144075619952553
wta:203389,wta:211817,2025-05-06,2025,2025,clay,Rome,R64,6-3 6-3,48,34,52,27,86,WTA-2025-709-239,2025-709,3,0.7643260697784594,0.5938663411657004,0.6790962054720799,0.686619791427297,0.6797980669307311
wta:221024,wta:214643,2025-05-06,2025,2025,clay,Rome,R64,6-3 2-6 6-4,93,54,82,52,86,WTA-2025-709-240,2025-709,3,0.44301740752635055,0.4813854134879463,0.4622014105071484,0.46191973071830894,0.46357461770885733
wta:202494,wta:222601,2025-05-06,2025,2025,clay,Rome,R64,6-4 7-6(2),93,50,70,36,86,WTA-2025-709-241,2025-709,3,0.8845207996742313,0.664174549893195,0.7743476747837131,0.7953211341719385,0.7773076991962856
wta:211768,wta:203530,2025-05-06,2025,2025,clay,Rome,R64,2-6 7-5 6-1,83,48,73,35,86,WTA-2025-709-242,2025-709,3,0.8998827316945874,0.6823619163869393,0.7911223240407634,0.8121357964889155,0.793349971279091
wta:213631,wta:206242,2025-05-06,2025,2025,clay,Rome,R64,6-0 6-3,42,29,38,12,86,WTA-2025-709-243,2025-709,3,0.46819087917493435,0.49029600244125726,0.4792434408080958,0.4787779983465432,0.4810438680281141
wta:220548,wta:214939,2025-05-06,2025,2025,clay,Rome,R64,6-2 6-3,56,37,48,24,86,WTA-2025-709-244,2025-709,3,0.5335391548981209,0.5076899603295697,0.5206145576138452,0.5223781028747182,0.5231473620081084
wta:201619,wta:219875,2025-05-06,2025,2025,clay,Rome,R64,7-6(4) 6-1,87,53,85,43,86,WTA-2025-709-245,2025-709,3,0.935528926978029,0.7167836435764419,0.8261562852772355,0.8560993887111601,0.8287806368182791
wta:202468,wta:221909,2025-05-06,2025,2025,clay,Rome,R64,6-4 6-2,62,40,76,38,86,WTA-2025-709-246,2025-709,3,0.8130135282097498,0.6165090021361,0.7147612651729249,0.7270700486797902,0.7173245852827815
wta:210722,wta:215480,2025-05-06,2025,2025,clay,Rome,R64,3-6 6-2 6-3,83,50,93,47,86,WTA-2025-709-247,2025-709,3,0.6548347607114585,0.5514494964906927,0.6031421286010756,0.6051347155424347,0.6032947071790433
wta:211713,wta:201709,2025-05-06,2025,2025,clay,Rome,R64,7-6(2) 7-5,81,51,80,48,86,WTA-2025-709-248,2025-709,3,0.2885573254282971,0.4278608483368935,0.3582090868825953,0.35397756022813376,0.3580259925890341
wta:223670,wta:214452,2025-05-06,2025,2025,clay,Rome,R64,6-0 6-0,47,30,30,6,86,WTA-2025-709-249,2025-709,3,0.743412664978843,0.5847726579188282,0.6640926614488356,0.6702217421728809,0.6681207359071817
wta:201696,wta:214459,2025-05-06,2025,2025,clay,Rome,R64,6-2 6-2,44,34,48,25,86,WTA-2025-709-250,2025-709,3,0.5863588856376094,0.528806835520293,0.5575828605789512,0.5578947150860457,0.5581016277440412
wta:211533,wta:211685,2025-05-06,2025,2025,clay,Rome,R64,1-6 6-4 6-3,75,40,85,44,86,WTA-2025-709-251,2025-709,3,0.8521225587022507,0.6449496490692707,0.7485361038857608,0.7627044794140099,0.7484140410233866
wta:211148,wta:215138,2025-05-06,2025,2025,clay,Rome,R64,6-4 6-3,59,39,72,36,86,WTA-2025-709-253,2025-709,3,0.8835939594205912,0.6799816905706438,0.7817878249956175,0.7943380738414322,0.7850835222797188
wta:259799,wta:215306,2025-05-06,2025,2025,clay,Rome,R64,6-2 6-4,65,36,61,27,86,WTA-2025-709-254,2025-709,3,0.9825364532870221,0.8297528227036924,0.9061446379953573,0.9362361417519413,0.9088605366831815
wta:222328,wta:222661,2025-05-06,2025,2025,clay,Rome,R64,6-4 6-2,60,38,68,35,86,WTA-2025-709-255,2025-709,3,0.6330683553418893,0.5476655477570949,0.590366951549492,0.5899120681619167,0.5939983217051223
wta:220704,wta:220465,2025-05-06,2025,2025,clay,Rome,R64,7-5 4-1 RET,75,43,59,28,86,WTA-2025-709-256,2025-709,3,0.5997210984823719,0.5324076899603296,0.5660643942213508,0.5669788515215115,0.5641724198545518
wta:215613,wta:215872,2025-05-06,2025,2025,clay,Rome,R64,6-1 6-3,54,34,57,25,86,WTA-2025-709-257,2025-709,3,0.9066757305176982,0.6906621910283797,0.798668960773039,0.8199196361363273,0.8027275509469785
wta:206368,wta:216153,2025-05-06,2025,2025,clay,Rome,R64,7-6(5) 7-5,81,42,104,49,86,WTA-2025-709-258,2025-709,3,0.2961012804236491,0.4357949343912115,0.3659481074074303,0.35955672170671327,0.36655842171930086
wta:221054,wta:213525,2025-05-06,2025,2025,clay,Rome,R64,6-2 6-2,53,37,49,24,86,WTA-2025-709-259,2025-709,3,0.7345314715537926,0.5872139151663106,0.6608726933600516,0.6634018278486171,0.6598656747454652
wta:202663,wta:206289,2025-05-06,2025,2025,clay,Rome,R64,1-6 6-4 6-1,84,49,88,50,86,WTA-2025-709-260,2025-709,3,0.4037563172669493,0.4713762587732682,0.4375662880201088,0.4353902692603239,0.43704752085501875
wta:221103,wta:239475,2025-05-06,2025,2025,clay,Rome,R64,3-6 6-2 6-1,72,37,74,27,86,WTA-2025-709-261,2025-709,3,0.9597129649935562,0.7966127555691181,0.8781628602813372,0.8922311288208647,0.8815806204278126
wta:221012,wta:215337,2025-05-06,2025,2025,clay,Rome,R64,6-1 6-4,55,35,60,29,86,WTA-2025-709-262,2025-709,3,0.7356923676301332,0.5832468721391517,0.6594696198846425,0.6642887645460537,0.6592560098754877
wta:211684,wta:201458,2025-05-06,2025,2025,clay,Rome,R64,7-5 6-4,82,45,67,33,86,WTA-2025-709-263,2025-709,3,0.43075744888715484,0.4739395788831248,0.45234851388513986,0.4536730138335285,0.45268418675666866
wta:215370,wta:202499,2025-05-06,2025,2025,clay,Rome,R64,6-1 3-6 6-2,73,47,91,48,86,WTA-2025-709-264,2025-709,3,0.3535054105256792,0.44800122062862374,0.40075331557715144,0.4007252783598239,0.4024621956503892
wta:214981,wta:220332,2025-05-06,2025,2025,clay,Rome,R64,7-6(3) 6-2,64,40,66,32,86,WTA-2025-709-265,2025-709,3,0.9516478818891765,0.7534635337198657,0.8525557078045212,0.8793677699993667,0.8525557078045212
wta:216146,wta:214082,2025-05-06,2025,2025,clay,Rome,R64,6-4 6-2,67,37,60,26,86,WTA-2025-709-266,2025-709,3,0.4332344327786641,0.47924931339639915,0.4562418730875316,0.4553415328961509,0.4554484644820998
wta:220367,wta:222045,2025-05-06,2025,2025,clay,Rome,R64,6-4 6-0,63,39,52,23,86,WTA-2025-709-267,2025-709,3,0.8780995819889641,0.6961550198352151,0.7871273009120896,0.7885771952448795,0.7855404837012261
wta:213550,wta:201499,2025-05-06,2025,2025,clay,Rome,R64,6-3 6-0,44,32,44,20,86,WTA-2025-709-268,2025-709,3,0.5719994043724596,0.5261214525480623,0.5490604284602609,0.5481855510067888,0.548144956992455
wta:214544,wta:215713,2025-05-06,2025,2025,clay,Rome,R64,6-2 6-2,43,33,54,29,86,WTA-2025-709-269,2025-709,3,0.877576396900974,0.6528227036924016,0.7651995502966877,0.7880344230201214,0.7710585676906456
wta:211148,wta:220548,2025-05-06,2025,2025,clay,Rome,SF,7-5 6-1,69,40,71,34,86,WTA-2025-709-298,2025-709,3,0.6651296414044757,0.5573695453158377,0.6112495933601567,0.6124191201249282,0.6082285375163972
wta:221103,wta:221012,2025-05-06,2025,2025,clay,Rome,SF,7-6(3) 4-6 7-6(4),144,74,112,51,86,WTA-2025-709-299,2025-709,3,0.7301503955318228,0.5816600549282881,0.6559052252300555,0.6600664827930861,0.6540437665788501
wta:214981,wta:214643,2025-05-18,2025,2025,clay,Strasbourg,F,6-1 6-7(2) 6-1,106,65,73,39,86,WTA-2025-406-300,2025-406,3,0.7863366828799144,0.6055233445224291,0.6959300137011717,0.7044659013840076,0.6963572337194812
wta:206242,wta:215613,2025-05-18,2025,2025,clay,Strasbourg,QF,3-6 7-6(3) 6-2,108,60,106,55,86,WTA-2025-406-294,2025-406,3,0.25490271152641425,0.41138236191638694,0.3331425367214006,0.32847542957980475,0.3358889511248183
wta:214981,wta:202663,2025-05-18,2025,2025,clay,Strasbourg,QF,7-5 6-3,63,47,73,45,86,WTA-2025-406-295,2025-406,3,0.8463803964229221,0.6364662801342692,0.7414233382785956,0.7572496869601893,0.7441392369664198
wta:214643,wta:211651,2025-05-18,2025,2025,clay,Strasbourg,QF,6-4 3-6 6-4,85,53,104,59,86,WTA-2025-406-296,2025-406,3,0.16817531843373804,0.36463228562709793,0.26640380203041797,0.2562134648129424,0.2675023677917851
wta:215613,wta:215020,2025-05-18,2025,2025,clay,Strasbourg,R16,6-4 6-1,63,34,74,32,86,WTA-2025-406-286,2025-406,3,0.891310832201585,0.6766859932865426,0.7839984127440638,0.8026279452003204,0.7805806525975884
wta:206242,wta:221909,2025-05-18,2025,2025,clay,Strasbourg,R16,7-6(3) 6-3,59,37,79,39,86,WTA-2025-406-287,2025-406,3,0.5085744555251543,0.5016478486420507,0.5051111520836025,0.5057166150332141,0.50318866200121
wta:214981,wta:216133,2025-05-18,2025,2025,clay,Strasbourg,R16,6-1 6-3,45,34,53,27,86,WTA-2025-406-288,2025-406,3,0.9464109282933371,0.7462618248397925,0.8463363765665648,0.8714926278651307,0.8449936850804494
wta:202663,wta:211685,2025-05-18,2025,2025,clay,Strasbourg,R16,6-4 6-3,75,46,64,33,86,WTA-2025-406-289,2025-406,3,0.6618230390635035,0.5634726884345438,0.6126478637490236,0.610073043775887,0.6072160663733752
wta:214643,wta:220348,2025-05-18,2025,2025,clay,Strasbourg,R16,6-4 6-4,69,42,75,40,86,WTA-2025-406-290,2025-406,3,0.6701399129701509,0.5551724137931034,0.6126561633816272,0.6159860144191038,0.611954301922976
wta:211651,wta:213631,2025-05-18,2025,2025,clay,Strasbourg,R16,3-3 RET,19,9,26,11,86,WTA-2025-406-291,2025-406,3,0.9032496932513322,0.6916386939273726,0.7974441935893524,0.8159647267499969,0.794026433442877
wta:203389,wta:221054,2025-05-18,2025,2025,clay,Strasbourg,R16,4-6 6-1 6-3,99,63,73,39,86,WTA-2025-406-292,2025-406,3,0.575966480575577,0.5254501068050046,0.5507082936902907,0.5508629496350153,0.5493656022041754
wta:214939,wta:202468,2025-05-18,2025,2025,clay,Strasbourg,R16,4-6 6-4 6-2,92,57,75,42,86,WTA-2025-406-293,2025-406,3,0.21316176161468117,0.3953310955141898,0.3042464285644355,0.2951195728390776,0.304276944280029
wta:215020,wta:211684,2025-05-18,2025,2025,clay,Strasbourg,R32,6-3 7-5,55,31,79,39,86,WTA-2025-406-271,2025-406,3,0.3635749476540851,0.45636252670125116,0.40996873717766813,0.407754942500706,0.4095110014437652
wta:221909,wta:220520,2025-05-18,2025,2025,clay,Strasbourg,R32,6-4 7-5,70,35,63,24,86,WTA-2025-406-272,2025-406,3,0.7427617679306113,0.5876411351846201,0.6652014515576157,0.6697191634151901,0.6644995900989645
wta:206242,wta:220704,2025-05-18,2025,2025,clay,Strasbourg,R32,3-6 6-4 7-5,102,65,91,57,86,WTA-2025-406-273,2025-406,3,0.44766212586342474,0.48205675923100394,0.46485944254721434,0.46503695599115397,0.46791101410656744
wta:216133,wta:220332,2025-05-18,2025,2025,clay,Strasbourg,R32,6-4 7-5,85,53,80,46,86,WTA-2025-406-275,2025-406,3,0.4936334086078947,0.49768080561489164,0.49565710711139316,0.4957554782927642,0.498464552945998
wta:211685,wta:201709,2025-05-18,2025,2025,clay,Strasbourg,R32,6-0 6-4,69,44,47,22,86,WTA-2025-406-276,2025-406,3,0.17072858700803462,0.36853829722306986,0.26963344211555224,0.2585251472437755,0.2679855934735016
wta:202663,wta:206252,2025-05-18,2025,2025,clay,Strasbourg,R32,6-3 6-3,51,35,55,29,86,WTA-2025-406-277,2025-406,3,0.4179889965276238,0.47607567897467196,0.44703233775114787,0.4450504660536646,0.44596428770537433
wta:214643,wta:222328,2025-05-18,2025,2025,clay,Strasbourg,R32,6-1 7-5,52,37,73,38,86,WTA-2025-406-278,2025-406,3,0.5501177748194311,0.5193469636862984,0.5347323692528647,0.5334742807130901,0.5332676149043754
wta:220348,wta:220367,2025-05-18,2025,2025,clay,Strasbourg,R32,7-5 7-6(3),75,49,86,50,86,WTA-2025-406-279,2025-406,3,0.3773528747372461,0.45691180958193467,0.4171323421595904,0.4173002335213581,0.4194210208291052
wta:213631,wta:201427,2025-05-18,2025,2025,clay,Strasbourg,R32,6-2 6-1,47,29,53,20,86,WTA-2025-406-280,2025-406,3,0.79909077162105,0.6320109856576137,0.7155508786393319,0.7151264997066274,0.7106988798599605
wta:221054,wta:214082,2025-05-18,2025,2025,clay,Strasbourg,R32,6-1 6-3,53,27,50,16,86,WTA-2025-406-282,2025-406,3,0.41166705405708526,0.4655782728104974,0.4386226634337913,0.4407664405515856,0.4434746622131627
wta:203389,wta:213550,2025-05-18,2025,2025,clay,Strasbourg,R32,6-1 1-6 6-2,74,46,69,37,86,WTA-2025-406-283,2025-406,3,0.5846176221848407,0.521910283796155,0.5532639529904979,0.5567146224184912,0.5561324302562898
wta:214939,wta:214452,2025-05-18,2025,2025,clay,Strasbourg,R32,6-2 4-6 6-3,86,56,82,44,86,WTA-2025-406-284,2025-406,3,0.6117228125707028,0.5316142813548977,0.5716685469628002,0.5751854645711004,0.5735605213295992
wta:214981,wta:206242,2025-05-18,2025,2025,clay,Strasbourg,SF,7-6(7) 1-6 6-2,91,57,108,65,86,WTA-2025-406-298,2025-406,3,0.8490055265192548,0.6429356118400976,0.7459705691796762,0.7597327666991786,0.7451466448586509
wta:214643,wta:203389,2025-05-18,2025,2025,clay,Strasbourg,SF,6-4 6-2,66,39,46,23,86,WTA-2025-406-299,2025-406,3,0.3679371266568936,0.4620994812328349,0.4150183039448643,0.4107858017399391,0.40961702228480934
wta:233741,wta:211713,2025-05-19,2025,2025,clay,Rabat,F,6-3 6-2,53,34,54,23,86,WTA-2025-1005-300,2025-1005,3,0.43329450515960993,0.47827281049740616,0.45578365782850805,0.4553819825451785,0.45611933070003685
wta:215785,wta:215064,2025-05-19,2025,2025,clay,Rabat,QF,6-3 6-1,55,36,76,36,86,WTA-2025-1005-294,2025-1005,3,0.9917293315075164,0.9106805004577357,0.9512049159826261,0.960500124292915,0.9524865760375544
wta:211713,wta:201545,2025-05-19,2025,2025,clay,Rabat,QF,6-3 6-4,71,45,57,30,86,WTA-2025-1005-295,2025-1005,3,0.4216389096291722,0.47216966737870003,0.44690428850393615,0.4475191580792156,0.44690428850393615
wta:233741,wta:215983,2025-05-19,2025,2025,clay,Rabat,QF,6-2 6-1,44,28,49,19,86,WTA-2025-1005-296,2025-1005,3,0.4500332552862578,0.4813243820567592,0.4656788186715085,0.46662697032208095,0.46580088153388266
wta:201548,wta:222601,2025-05-19,2025,2025,clay,Rabat,QF,6-1 6-3,52,27,45,14,86,WTA-2025-1005-297,2025-1005,3,0.4034506580707904,0.46991150442477875,0.4366810812477846,0.4351821752805305,0.4339346668443668
wta:215785,wta:215872,2025-05-19,2025,2025,clay,Rabat,R16,4-6 6-2 6-3,80,45,79,38,86,WTA-2025-1005-286,2025-1005,3,0.8075604015616752,0.6166310649984742,0.7120957332800747,0.7223517161819488,0.7131027518946612
wta:215064,wta:201551,2025-05-19,2025,2025,clay,Rabat,R16,6-4 6-2,58,35,62,32,86,WTA-2025-1005-287,2025-1005,3,0.03832572339328234,0.17616722612145255,0.10724647475736745,0.10448366967848269,0.10770421049127041
wta:201545,wta:220309,2025-05-19,2025,2025,clay,Rabat,R16,6-3 6-4,47,32,63,31,86,WTA-2025-1005-288,2025-1005,3,0.8920332005090085,0.6992065913945682,0.7956198959517884,0.8034165643816689,0.7966574302819684
wta:211713,wta:211901,2025-05-19,2025,2025,clay,Rabat,R16,7-6(1) 7-6(1),85,44,88,40,86,WTA-2025-1005-289,2025-1005,3,0.8439672385633481,0.6636252670125115,0.7537962527879298,0.7549825347959325,0.7545286299621745
wta:233741,wta:220465,2025-05-19,2025,2025,clay,Rabat,R16,6-0 6-3,39,27,48,18,86,WTA-2025-1005-290,2025-1005,3,0.47021661793781255,0.48590173939578885,0.4780591786668007,0.4801313457843058,0.4774183486393365
wta:215983,wta:221024,2025-05-19,2025,2025,clay,Rabat,R16,6-4 6-7(5) 7-5,116,67,128,71,86,WTA-2025-1005-291,2025-1005,3,0.4411497253759674,0.4821788220933781,0.4616642737346728,0.4606652386997392,0.46035209796415094
wta:201548,wta:214301,2025-05-19,2025,2025,clay,Rabat,R16,4-6 6-2 6-4,98,53,127,65,86,WTA-2025-1005-292,2025-1005,3,0.8006533698820997,0.6345743057674702,0.7176138378247849,0.7164504005161503,0.7180105421275009
wta:222601,wta:216367,2025-05-19,2025,2025,clay,Rabat,R16,6-4 4-6 6-1,91,54,84,44,86,WTA-2025-1005-293,2025-1005,3,0.9632046986960929,0.8478791577662497,0.9055419282311713,0.8981281577921499,0.9081967954878085
wta:215785,wta:220714,2025-05-19,2025,2025,clay,Rabat,R32,2-6 6-3 6-2,92,55,69,42,86,WTA-2025-1005-270,2025-1005,3,0.7105607629157843,0.5698199572779982,0.6401903600968912,0.645367844744721,0.6407091272619813
wta:215872,wta:213525,2025-05-19,2025,2025,clay,Rabat,R32,6-4 6-1,58,34,54,23,86,WTA-2025-1005-271,2025-1005,3,0.3442701034400921,0.4475740006103143,0.39592205202520325,0.39423420211071,0.39497606484180375
wta:215064,wta:216097,2025-05-19,2025,2025,clay,Rabat,R32,6-3 6-4,86,48,68,32,86,WTA-2025-1005-272,2025-1005,3,0.091691235610389,0.244278303326213,0.167984769468301,0.17817346969672748,0.16777115945914628
wta:201551,wta:213849,2025-05-19,2025,2025,clay,Rabat,R32,6-3 6-7(7) 6-1,110,64,84,40,86,WTA-2025-1005-273,2025-1005,3,0.7515060308077525,0.6081476960634727,0.6798268634356126,0.6765088497437061,0.6776907633440654
wta:220309,wta:214459,2025-05-19,2025,2025,clay,Rabat,R32,6-2 6-1,45,28,39,13,86,WTA-2025-1005-274,2025-1005,3,0.17408780115555444,0.3620079340860543,0.26804786762080435,0.2615452606931762,0.2695736534004809
wta:201545,wta:236956,2025-05-19,2025,2025,clay,Rabat,R32,5-7 6-4 7-5,121,66,118,62,86,WTA-2025-1005-275,2025-1005,3,0.8897535524097612,0.735825450106805,0.8127895012582831,0.8009353867530686,0.8150171484966109
wta:211713,wta:245077,2025-05-19,2025,2025,clay,Rabat,R32,6-3 6-1,45,26,52,18,86,WTA-2025-1005-276,2025-1005,3,0.8726682782601002,0.6793103448275862,0.7759893115438432,0.7829894457932544,0.7774235501767391
wta:211901,wta:211701,2025-05-19,2025,2025,clay,Rabat,R32,3-6 6-1 6-2,87,50,77,40,86,WTA-2025-1005-277,2025-1005,3,0.16443411075790765,0.3484589563625267,0.2564465335602172,0.25280026160936453,0.25733148931242955
wta:220465,wta:206430,2025-05-19,2025,2025,clay,Rabat,R32,6-3 6-0,39,25,45,15,86,WTA-2025-1005-278,2025-1005,3,0.8847179180865848,0.7061641745498932,0.7954410463182391,0.795530640433202,0.7969668320979155
wta:233741,wta:211951,2025-05-19,2025,2025,clay,Rabat,R32,7-5 6-2,66,42,54,29,86,WTA-2025-1005-279,2025-1005,3,0.7465852748919649,0.6140677448886176,0.6803265098902913,0.6726778414931387,0.6844766472110114
wta:221024,wta:202662,2025-05-19,2025,2025,clay,Rabat,R32,7-6(5) 3-6 6-2,101,59,125,71,86,WTA-2025-1005-280,2025-1005,3,0.8731870321727971,0.677113213304852,0.7751501227388246,0.7835187371058348,0.771610299729975
wta:215983,wta:221237,2025-05-19,2025,2025,clay,Rabat,R32,7-6(6) 6-2,64,37,61,28,86,WTA-2025-1005-281,2025-1005,3,0.6781378038162335,0.5640830027464144,0.6211104032813239,0.621711262595125,0.6220869061803169
wta:201548,wta:202600,2025-05-19,2025,2025,clay,Rabat,R32,7-5 4-6 6-3,91,44,144,69,86,WTA-2025-1005-282,2025-1005,3,0.6401180825013646,0.5516325907842539,0.5958753366428092,0.5948176788573709,0.5935256265421074
wta:214301,wta:220781,2025-05-19,2025,2025,clay,Rabat,R32,6-3 6-0,68,38,56,20,86,WTA-2025-1005-283,2025-1005,3,0.3626767697624971,0.43548977723527615,0.3990832734988866,0.4071298314172878,0.3962453119486883
wta:216367,wta:223671,2025-05-19,2025,2025,clay,Rabat,R32,6-3 6-2,63,38,55,26,86,WTA-2025-1005-284,2025-1005,3,0.33169486331369635,0.4040585901739396,0.367876726743818,0.38532190634066615,0.3687006510648433
wta:222601,wta:211814,2025-05-19,2025,2025,clay,Rabat,R32,6-3 1-6 6-4,91,50,88,47,86,WTA-2025-1005-285,2025-1005,3,0.7642849980540722,0.59948123283491,0.6818831154444911,0.6865870848204739,0.6860332527652113
wta:211713,wta:215785,2025-05-19,2025,2025,clay,Rabat,SF,6-7(6) 6-4 6-4,116,59,122,62,86,WTA-2025-1005-298,2025-1005,3,0.41354032133071317,0.47619774183704605,0.4448690315838796,0.44203695063496473,0.44294654150148716
wta:233741,wta:201548,2025-05-19,2025,2025,clay,Rabat,SF,6-4 0-0 RET,26,18,34,18,86,WTA-2025-1005-299,2025-1005,3,0.5625282932269747,0.5228257552639609,0.5426770242454678,0.5418070601284795,0.5460032372451626
wta:221103,wta:214544,2025-05-26,2025,2025,clay,Roland Garros,F,6-7(5) 6-2 6-4,103,58,116,55,86,WTA-2025-520-227,2025-520,3,0.5123288780671496,0.4985962770826976,0.5054625775749235,0.5082201777168307,0.5077207405288449
wta:214544,wta:221012,2025-05-26,2025,2025,clay,Roland Garros,QF,7-6(3) 6-3,62,39,77,41,86,WTA-2025-520-221,2025-520,3,0.7196700824753447,0.5737870003051572,0.6467285413902509,0.6521607125724662,0.643341296959369
wta:216347,wta:202494,2025-05-26,2025,2025,clay,Roland Garros,QF,6-1 7-5,73,46,59,33,86,WTA-2025-520-222,2025-520,3,0.808035963664902,0.6206591394568203,0.7143475515608612,0.7227610731694708,0.7129743443591523
wta:222391,wta:259799,2025-05-26,2025,2025,clay,Roland Garros,QF,7-6(6) 6-3,85,49,94,46,86,WTA-2025-520-223,2025-520,3,0.2398820790480423,0.3798901434238633,0.3098861112359528,0.31672055229836504,0.3097945640891722
wta:221103,wta:201619,2025-05-26,2025,2025,clay,Roland Garros,QF,6-7(6) 6-4 6-1,90,52,109,52,86,WTA-2025-520-224,2025-520,3,0.7426493058601158,0.5803173634421728,0.6614833346511443,0.669632372806239,0.6623988061189502
wta:214544,wta:215872,2025-05-26,2025,2025,clay,Roland Garros,R128,6-1 6-0,44,31,46,18,86,WTA-2025-520-101,2025-520,3,0.9845444059661099,0.8324992371071102,0.90852182153661,0.9410036807071693,0.9101391544630671
wta:213525,wta:214593,2025-05-26,2025,2025,clay,Roland Garros,R128,6-4 6-4,67,35,64,29,86,WTA-2025-520-102,2025-520,3,0.7697833631247409,0.6149221849252365,0.6923527740249887,0.6909844190586217,0.686676850924592
wta:203389,wta:214839,2025-05-26,2025,2025,clay,Roland Garros,R128,7-6(1) 6-4,72,44,74,39,86,WTA-2025-520-103,2025-520,3,0.8711114143726141,0.6740006103143119,0.7725560123434629,0.78140639064984,0.7703893965363223
wta:215337,wta:220367,2025-05-26,2025,2025,clay,Roland Garros,R128,6-3 6-1,47,30,56,27,86,WTA-2025-520-104,2025-520,3,0.5748399040496845,0.5151968263655783,0.5450183652076315,0.5501022544500007,0.5498093325558158
wta:220704,wta:202663,2025-05-26,2025,2025,clay,Roland Garros,R128,6-4 4-6 6-1,81,45,82,39,86,WTA-2025-520-105,2025-520,3,0.5526918966979174,0.51391516631065,0.5333035315042838,0.5352005167934838,0.5328152800547872
wta:201551,wta:215785,2025-05-26,2025,2025,clay,Roland Garros,R128,4-6 6-2 6-4,88,50,100,49,86,WTA-2025-520-106,2025-520,3,0.22723949947506086,0.4013732072017089,0.31430635333838486,0.3066184190752156,0.31451996334753957
wta:203530,wta:201520,2025-05-26,2025,2025,clay,Roland Garros,R128,3-6 6-0 6-4,69,46,77,42,86,WTA-2025-520-107,2025-520,3,0.36732014111115424,0.4544705523344522,0.41089534672280326,0.4103576258109626,0.4093695609431267
wta:216153,wta:211411,2025-05-26,2025,2025,clay,Roland Garros,R128,6-3 4-1,50,31,49,23,86,WTA-2025-520-108,2025-520,3,0.7551094574541121,0.6071711931644798,0.6811403253092959,0.6793314054834996,0.6805605267130188
wta:223670,wta:222506,2025-05-26,2025,2025,clay,Roland Garros,R128,7-6(3) 6-2,68,41,65,32,86,WTA-2025-520-109,2025-520,3,0.9686969740432787,0.8352456515105279,0.9019713127769033,0.907891533548665,0.9010253255935039
wta:215035,wta:215018,2025-05-26,2025,2025,clay,Roland Garros,R128,7-5 6-1,57,37,65,33,86,WTA-2025-520-110,2025-520,3,0.7452711846863674,0.5981995727799817,0.6717353787331746,0.6716592272028028,0.6734137430908187
wta:220742,wta:239456,2025-05-26,2025,2025,clay,Roland Garros,R128,7-6(3) 6-2,65,38,69,32,86,WTA-2025-520-111,2025-520,3,0.03989540477533937,0.1697589258468111,0.10482716531107523,0.10711825638495037,0.10650552966871943
wta:214643,wta:210886,2025-05-26,2025,2025,clay,Roland Garros,R128,7-6(3) 6-2,61,46,80,42,86,WTA-2025-520-112,2025-520,3,0.7597256247376233,0.5878852609093683,0.6738054428234959,0.6829691418833663,0.6756669014747012
wta:220332,wta:220548,2025-05-26,2025,2025,clay,Roland Garros,R128,6-0 6-3,68,41,45,19,86,WTA-2025-520-113,2025-520,3,0.21059721593925287,0.38904485810192246,0.29982103702058766,0.2929941687666725,0.2995463955802459
wta:239475,wta:215138,2025-05-26,2025,2025,clay,Roland Garros,R128,6-1 7-6(4),89,60,55,37,86,WTA-2025-520-114,2025-520,3,0.5676621628338352,0.5219713152273421,0.5448167390305887,0.5452622758338197,0.5481734677458769
wta:215306,wta:223253,2025-05-26,2025,2025,clay,Roland Garros,R128,6-0 2-6 6-3,62,37,78,38,86,WTA-2025-520-115,2025-520,3,0.17514446560191588,0.3623741226731767,0.2687592941375463,0.26249037194658026,0.2662264897432832
wta:221012,wta:201499,2025-05-26,2025,2025,clay,Roland Garros,R128,6-4 6-3,51,33,55,26,86,WTA-2025-520-116,2025-520,3,0.7694391916145144,0.5946597497711321,0.6820494706928233,0.690708038811754,0.6859554822887952
wta:211148,wta:206294,2025-05-26,2025,2025,clay,Roland Garros,R128,6-1 4-6 6-3,69,43,74,34,86,WTA-2025-520-117,2025-520,3,0.9368177225494935,0.7306377784559048,0.8337277505026992,0.8578618083552431,0.8373286049427358
wta:201548,wta:233741,2025-05-26,2025,2025,clay,Roland Garros,R128,6-1 6-3,55,35,64,29,86,WTA-2025-520-118,2025-520,3,0.4375101933135709,0.48016478486420505,0.458837489088888,0.4582188228334977,0.45673190471293434
wta:263857,wta:211337,2025-05-26,2025,2025,clay,Roland Garros,R128,2-6 6-1 6-4,90,49,76,39,86,WTA-2025-520-119,2025-520,3,0.6893322493256105,0.5697589258468111,0.6295455875862108,0.629793937455956,0.6327802534391251
wta:215713,wta:222328,2025-05-26,2025,2025,clay,Roland Garros,R128,5-7 6-1 7-5,122,71,96,55,86,WTA-2025-520-120,2025-520,3,0.6081915201792244,0.5330180042722001,0.5706047622257122,0.5727657729741693,0.5686822721433198
wta:202499,wta:215020,2025-05-26,2025,2025,clay,Roland Garros,R128,7-5 6-7(4) 6-1,93,59,121,61,86,WTA-2025-520-121,2025-520,3,0.7103015066008331,0.5787305462313092,0.6445160264160712,0.6451755343718029,0.6432953977923299
wta:211095,wta:201614,2025-05-26,2025,2025,clay,Roland Garros,R128,6-4 6-4,63,41,67,38,86,WTA-2025-520-122,2025-520,3,0.5820760384230798,0.5255111382361917,0.5537935883296357,0.5549935516652391,0.5555940155496539
wta:214388,wta:201696,2025-05-26,2025,2025,clay,Roland Garros,R128,7-6(2) 6-3,83,51,64,36,86,WTA-2025-520-123,2025-520,3,0.28912469039973404,0.4209032651815685,0.35501397779065125,0.3543987577543504,0.35840122222153314
wta:202494,wta:220309,2025-05-26,2025,2025,clay,Roland Garros,R128,6-1 6-1,62,36,57,24,86,WTA-2025-520-124,2025-520,3,0.9832749083176093,0.8339639914555996,0.9086194498866045,0.9379633636313617,0.9111827699964611
wta:214981,wta:220699,2025-05-26,2025,2025,clay,Roland Garros,R128,6-1 4-6 6-4,79,48,77,39,86,WTA-2025-520-125,2025-520,3,0.8976060480402606,0.6815074763503204,0.7895567621952905,0.8095777873871357,0.7939815409563524
wta:260300,wta:213887,2025-05-26,2025,2025,clay,Roland Garros,R128,6-3 5-7 6-4,116,57,94,40,86,WTA-2025-520-126,2025-520,3,0.7017698828371045,0.5751296917912725,0.6384497873141886,0.6388770251803205,0.6398229945158974
wta:214452,wta:213889,2025-05-26,2025,2025,clay,Roland Garros,R128,3-6 6-3 6-4,95,59,93,54,86,WTA-2025-520-127,2025-520,3,0.711718628133241,0.5793408605431798,0.6455297443382104,0.6462273967508675,0.6448278828795592
wta:211533,wta:221236,2025-05-26,2025,2025,clay,Roland Garros,R128,5-7 6-0 6-2,86,53,84,40,86,WTA-2025-520-128,2025-520,3,0.9275874556221235,0.7205065608788526,0.824047008250488,0.8455528040143458,0.8192865566178973
wta:239383,wta:216146,2025-05-26,2025,2025,clay,Roland Garros,R128,6-3 6-1,73,42,56,22,86,WTA-2025-520-129,2025-520,3,0.12186368186026045,0.32245956667683856,0.22216162426854952,0.21138465628272463,0.22051377562649888
wta:211713,wta:214040,2025-05-26,2025,2025,clay,Roland Garros,R128,6-1 6-0,58,37,53,22,86,WTA-2025-520-130,2025-520,3,0.6654144573885842,0.5562709795544706,0.6108427184715274,0.6126214925306389,0.6116056113613657
wta:221054,wta:216133,2025-05-26,2025,2025,clay,Roland Garros,R128,7-5 4-6 6-3,104,55,109,52,86,WTA-2025-520-131,2025-520,3,0.8471750601595117,0.641287763198047,0.7442314116787794,0.7579994844710198,0.7475881403940677
wta:216347,wta:211685,2025-05-26,2025,2025,clay,Roland Garros,R128,6-3 6-3,55,36,66,35,86,WTA-2025-520-132,2025-520,3,0.98948709821893,0.8578883124809277,0.9236877053499288,0.9538989633891901,0.9226501710197488
wta:259799,wta:213710,2025-05-26,2025,2025,clay,Roland Garros,R128,6-4 6-3,72,43,52,27,86,WTA-2025-520-133,2025-520,3,0.9337042574864824,0.7253280439426305,0.8295161507145565,0.8536294830918308,0.8292415092742147
wta:221909,wta:215480,2025-05-26,2025,2025,clay,Roland Garros,R128,6-3 6-4,70,36,49,15,86,WTA-2025-520-134,2025-520,3,0.48744717505809776,0.49890143423863287,0.4931743046483653,0.4916304729927771,0.48997015451104464
wta:220466,wta:220465,2025-05-26,2025,2025,clay,Roland Garros,R128,6-3 3-6 6-4,93,51,82,46,86,WTA-2025-520-135,2025-520,3,0.1419743078789964,0.3209948123283491,0.23148456010367274,0.2315952657088281,0.23505489882811584
wta:201709,wta:221333,2025-05-26,2025,2025,clay,Roland Garros,R128,7-6(4) 6-2,75,40,77,37,86,WTA-2025-520-136,2025-520,3,0.9898270107178568,0.9186145865120537,0.9542207986149553,0.9548628777358538,0.9557465843946318
wta:214082,wta:211701,2025-05-26,2025,2025,clay,Roland Garros,R128,6-1 3-6 6-2,73,38,83,37,86,WTA-2025-520-137,2025-520,3,0.7595449356891065,0.5932560268538297,0.6764004812714681,0.6828262788829621,0.6769497641521517
wta:206417,wta:201593,2025-05-26,2025,2025,clay,Roland Garros,R128,0-6 7-5 3-0,72,36,57,28,86,WTA-2025-520-138,2025-520,3,0.20085669617826774,0.3807445834604821,0.29080063981937493,0.28482905811040576,0.2920517841587097
wta:211817,wta:220520,2025-05-26,2025,2025,clay,Roland Garros,R128,7-5 7-6(3),94,50,78,37,86,WTA-2025-520-139,2025-520,3,0.7123745326808288,0.5688434543790052,0.6406089935299171,0.6467148049882069,0.6443013951167342
wta:211651,wta:211768,2025-05-26,2025,2025,clay,Roland Garros,R128,6-7(1) 6-1 6-4,101,67,97,55,86,WTA-2025-520-140,2025-520,3,0.8014546856559923,0.607476350320415,0.7044655179882037,0.7171308810707678,0.7110263968408128
wta:219917,wta:214096,2025-05-26,2025,2025,clay,Roland Garros,R128,6-3 2-6 6-1,73,47,76,43,86,WTA-2025-520-141,2025-520,3,0.04156406615882283,0.22883735123588647,0.13520070869735465,0.10987246361187031,0.13388853292683284
wta:221039,wta:206289,2025-05-26,2025,2025,clay,Roland Garros,R128,6-3 7-6(4),81,44,71,34,86,WTA-2025-520-142,2025-520,3,0.12851436449934517,0.3301495270064083,0.22933194575287674,0.21821383184501184,0.2314985615600174
wta:211843,wta:220589,2025-05-26,2025,2025,clay,Roland Garros,R128,6-1 6-2,49,30,49,18,86,WTA-2025-520-143,2025-520,3,0.39844940661479006,0.46411351846200793,0.431281462538399,0.43177322671405244,0.436286039895738
wta:222391,wta:210722,2025-05-26,2025,2025,clay,Roland Garros,R128,6-4 4-6 6-3,85,56,80,51,86,WTA-2025-520-144,2025-520,3,0.4770574792616694,0.4881599023497101,0.48260869080568974,0.4846990174060677,0.48416499230095983
wta:211684,wta:202460,2025-05-26,2025,2025,clay,Roland Garros,R128,7-6(4) 6-0,67,41,97,45,86,WTA-2025-520-145,2025-520,3,0.19392747871289231,0.3880683552029295,0.2909979169579109,0.27892646034304786,0.29005192977451144
wta:214954,wta:221407,2025-05-26,2025,2025,clay,Roland Garros,R128,6-4 6-4,67,37,61,29,86,WTA-2025-520-146,2025-520,3,0.9282677009806778,0.7393652731156546,0.8338164870481661,0.8464362841298058,0.8359831028553069
wta:215983,wta:214604,2025-05-26,2025,2025,clay,Roland Garros,R128,6-4 6-0,49,33,55,25,86,WTA-2025-520-147,2025-520,3,0.7357974871609463,0.5876411351846201,0.6617193111727833,0.6643691428080932,0.6624822040626215
wta:202468,wta:223331,2025-05-26,2025,2025,clay,Roland Garros,R128,6-2 6-4,48,34,55,29,86,WTA-2025-520-148,2025-520,3,0.9385929026386531,0.7451022276472383,0.8418475651429458,0.8603144672687368,0.8407795150971722
wta:201619,wta:201611,2025-05-26,2025,2025,clay,Roland Garros,R128,6-2 6-1,44,31,38,14,86,WTA-2025-520-149,2025-520,3,0.8888302294437456,0.6792493133963992,0.7840397714200724,0.7999366549046558,0.7815069670258092
wta:211107,wta:220733,2025-05-26,2025,2025,clay,Roland Garros,R128,6-7(4) 6-1 6-1,75,51,97,50,86,WTA-2025-520-150,2025-520,3,0.7203757753732984,0.5972841013121758,0.6588299383427372,0.6526899307407197,0.6594097369390142
wta:201458,wta:201518,2025-05-26,2025,2025,clay,Roland Garros,R128,6-0 6-0,33,24,33,8,86,WTA-2025-520-151,2025-520,3,0.6898845743317505,0.5715288373512359,0.6307067058414932,0.6301949297045111,0.6316526930248927
wta:213550,wta:219875,2025-05-26,2025,2025,clay,Roland Garros,R128,6-3 6-1,60,34,48,19,86,WTA-2025-520-152,2025-520,3,0.8296348031846945,0.6299969484284407,0.7298158758065676,0.7418029979032821,0.7295107186506322
wta:221024,wta:206242,2025-05-26,2025,2025,clay,Roland Garros,R128,4-6 6-3 6-1,84,51,94,48,86,WTA-2025-520-153,2025-520,3,0.5347815335113396,0.5098260604211169,0.5223037969662283,0.5232085104098585,0.5211441997736741
wta:211702,wta:220416,2025-05-26,2025,2025,clay,Roland Garros,R128,6-1 7-5,72,40,64,28,86,WTA-2025-520-154,2025-520,3,0.10202352876256177,0.3107415318889228,0.20638253032574227,0.19000768049016448,0.20577221601387166
wta:221905,wta:220348,2025-05-26,2025,2025,clay,Roland Garros,R128,6-2 6-1,41,29,45,20,86,WTA-2025-520-155,2025-520,3,0.4439005894978654,0.48492523649679586,0.4644129129973307,0.4625127396710064,0.4612087628600099
wta:222601,wta:215613,2025-05-26,2025,2025,clay,Roland Garros,R128,6-0 6-1,36,23,50,17,86,WTA-2025-520-156,2025-520,3,0.21572318267299267,0.39789441562404637,0.30680879914851955,0.297232661390852,0.30491682478172066
wta:206252,wta:213583,2025-05-26,2025,2025,clay,Roland Garros,R128,7-6(4) 6-3,71,44,67,34,86,WTA-2025-520-157,2025-520,3,0.8627770481643897,0.6581324382056759,0.7604547431850328,0.7730650086107519,0.7611260889280904
wta:206368,wta:202600,2025-05-26,2025,2025,clay,Roland Garros,R128,7-5 6-1,66,38,67,29,86,WTA-2025-520-158,2025-520,3,0.7421236158253841,0.585505035093073,0.6638143254592286,0.6692268561480927,0.664363608339912
wta:220714,wta:203501,2025-05-26,2025,2025,clay,Roland Garros,R128,6-3 6-2,51,38,46,26,86,WTA-2025-520-159,2025-520,3,0.4268111662586894,0.47516020750686605,0.45098568688277774,0.4510120695948735,0.4481477253325794
wta:206420,wta:214459,2025-05-26,2025,2025,clay,Roland Garros,R128,6-3 6-2,54,36,76,36,86,WTA-2025-520-160,2025-520,3,0.7964262722940874,0.602532804394263,0.6994795383441752,0.7128782312960875,0.7005475883899488
wta:213631,wta:214939,2025-05-26,2025,2025,clay,Roland Garros,R128,6-4 7-5,68,44,69,38,86,WTA-2025-520-161,2025-520,3,0.4368282252277522,0.4834604821483064,0.4601443536880293,0.45776014406480314,0.4577336121561404
wta:222661,wta:222965,2025-05-26,2025,2025,clay,Roland Garros,R128,6-0 6-2,41,30,50,21,86,WTA-2025-520-162,2025-520,3,0.7685139561842315,0.6053402502288678,0.6869271032065496,0.689965801644758,0.6892768133072515
wta:238184,wta:203564,2025-05-26,2025,2025,clay,Roland Garros,R128,4-6 6-3 7-5,117,68,90,53,86,WTA-2025-520-163,2025-520,3,0.3128636842712026,0.42822703692401587,0.37054536059760923,0.37179823357044334,0.36917215339590037
wta:221103,wta:216265,2025-05-26,2025,2025,clay,Roland Garros,R128,6-2 6-2,52,31,50,19,86,WTA-2025-520-164,2025-520,3,0.9836932976853356,0.8445834604821483,0.914138379083742,0.938955136205835,0.9144740519552708
wta:214544,wta:216153,2025-05-26,2025,2025,clay,Roland Garros,R16,7-5 6-3,68,46,75,44,86,WTA-2025-520-213,2025-520,3,0.8589974472635717,0.6446444919133354,0.7518209695884536,0.7693524921950712,0.7524312839003242
wta:221012,wta:214643,2025-05-26,2025,2025,clay,Roland Garros,R16,7-6(5) 1-6 6-3,95,52,103,59,86,WTA-2025-520-214,2025-520,3,0.7512580050881996,0.590631675312786,0.6709448402004928,0.6763151112726054,0.6755832289707095
wta:202494,wta:211148,2025-05-26,2025,2025,clay,Roland Garros,R16,4-6 7-6(6) 6-1,108,55,95,48,86,WTA-2025-520-215,2025-520,3,0.6907716113647057,0.5671956057369545,0.62898360855083,0.6308393726362433,0.6246198612209553
wta:216347,wta:214981,2025-05-26,2025,2025,clay,Roland Garros,R16,1-6 6-3 7-5,100,57,84,49,86,WTA-2025-520-216,2025-520,3,0.7959560499552003,0.6066829417149833,0.7013194958350918,0.712482653628606,0.7015331058442464
wta:259799,wta:214082,2025-05-26,2025,2025,clay,Roland Garros,R16,6-3 7-5,73,46,63,34,86,WTA-2025-520-217,2025-520,3,0.7165786432617927,0.5794629234055538,0.6480207833336733,0.6498474846767379,0.6446640546183848
wta:222391,wta:202468,2025-05-26,2025,2025,clay,Roland Garros,R16,3-6 6-4 6-4,102,56,108,61,86,WTA-2025-520-218,2025-520,3,0.31888720424033373,0.41986573085138845,0.36937646754586106,0.37614881978576703,0.3735266048665813
wta:201619,wta:221024,2025-05-26,2025,2025,clay,Roland Garros,R16,6-3 7-5,67,46,72,40,86,WTA-2025-520-219,2025-520,3,0.7866039801527543,0.6076594446139763,0.6971317123833654,0.7046867710435978,0.6966434609338688
wta:221103,wta:206420,2025-05-26,2025,2025,clay,Roland Garros,R16,6-0 7-5,73,46,49,23,86,WTA-2025-520-220,2025-520,3,0.8242112809402188,0.6254806225205981,0.7248459517304084,0.7369345188935359,0.7246933731524408
wta:214544,wta:215337,2025-05-26,2025,2025,clay,Roland Garros,R32,6-2 6-3,58,35,57,26,86,WTA-2025-520-197,2025-520,3,0.8913243721735766,0.6766859932865426,0.7840051827300596,0.8026427064288728,0.7832728055558149
wta:216153,wta:220704,2025-05-26,2025,2025,clay,Roland Garros,R32,7-6(4) 6-4,75,47,82,46,86,WTA-2025-520-198,2025-520,3,0.6222517598244427,0.5382667073542875,0.580259233589365,0.5824270182206163,0.5774517877547602
wta:214643,wta:215035,2025-05-26,2025,2025,clay,Roland Garros,R32,6-2 6-3,61,42,65,35,86,WTA-2025-520-199,2025-520,3,0.5793492323226999,0.5187366493744279,0.5490429408485639,0.5531488686664585,0.5513011038024851
wta:221012,wta:239475,2025-05-26,2025,2025,clay,Roland Garros,R32,6-3 6-4,64,41,46,23,86,WTA-2025-520-200,2025-520,3,0.8840845371016335,0.7038449801647849,0.7939647586332093,0.7948579935697012,0.7951548715413569
wta:211148,wta:263857,2025-05-26,2025,2025,clay,Roland Garros,R32,6-4 6-1,50,31,43,18,86,WTA-2025-520-201,2025-520,3,0.7834497968055869,0.6028379615501983,0.6931438791778926,0.7020871160992989,0.6941508977924791
wta:202494,wta:211095,2025-05-26,2025,2025,clay,Roland Garros,R32,7-6(4) 7-6(5),100,56,93,47,86,WTA-2025-520-202,2025-520,3,0.89265438348829,0.674061641745499,0.7833580126168944,0.8040965151024663,0.7826866668738368
wta:214981,wta:211533,2025-05-26,2025,2025,clay,Roland Garros,R32,6-2 6-2,48,32,67,32,86,WTA-2025-520-203,2025-520,3,0.6821390543852799,0.5585291425083918,0.6203340984468358,0.6245907051949229,0.6186557340891916
wta:216347,wta:211713,2025-05-26,2025,2025,clay,Roland Garros,R32,6-2 7-5,64,46,71,39,86,WTA-2025-520-204,2025-520,3,0.9727797902733617,0.7917912725053402,0.882285531389351,0.915609260083542,0.8823160471049445
wta:259799,wta:201709,2025-05-26,2025,2025,clay,Roland Garros,R32,6-3 6-1,48,33,62,29,86,WTA-2025-520-205,2025-520,3,0.7366515652332336,0.5909978638999085,0.663824714566571,0.6650226098491389,0.6609257215851856
wta:214082,wta:211651,2025-05-26,2025,2025,clay,Roland Garros,R32,6-1 7-5,71,45,62,31,86,WTA-2025-520-206,2025-520,3,0.2619112824894792,0.4177906621910284,0.3398509723402538,0.33387615692999884,0.34250583959689096
wta:222391,wta:221039,2025-05-26,2025,2025,clay,Roland Garros,R32,6-3 0-6 7-5,68,45,80,47,86,WTA-2025-520-207,2025-520,3,0.8534320963692812,0.6799206591394569,0.766676377754369,0.7639607127137333,0.7688429935615098
wta:202468,wta:214954,2025-05-26,2025,2025,clay,Roland Garros,R32,3-6 6-4 6-2,78,44,94,48,86,WTA-2025-520-208,2025-520,3,0.5751864790501137,0.5188587122368019,0.5470225956434578,0.550336240179931,0.5514168586889262
wta:201619,wta:213550,2025-05-26,2025,2025,clay,Roland Garros,R32,4-6 6-3 7-5,100,69,106,62,86,WTA-2025-520-209,2025-520,3,0.7049675401022216,0.5682941714983216,0.6366308558002716,0.6412309719176347,0.6375463272680775
wta:221024,wta:222601,2025-05-26,2025,2025,clay,Roland Garros,R32,7-6(4) 6-1,49,36,72,37,86,WTA-2025-520-210,2025-520,3,0.5811840725755635,0.5226426609703998,0.5519133667729816,0.5543899336770474,0.5551785483414894
wta:206420,wta:206368,2025-05-26,2025,2025,clay,Roland Garros,R32,6-2 6-2,61,38,55,25,86,WTA-2025-520-211,2025-520,3,0.7652350312549485,0.5923405553860238,0.6787877933204862,0.6873441592045917,0.6784521204489573
wta:221103,wta:213631,2025-05-26,2025,2025,clay,Roland Garros,R32,6-1 7-6(3),56,35,76,33,86,WTA-2025-520-212,2025-520,3,0.9510571387494359,0.7462007934086055,0.8486289660790207,0.8784621496649676,0.8500937204275101
wta:214544,wta:213525,2025-05-26,2025,2025,clay,Roland Garros,R64,6-3 6-1,62,39,46,22,86,WTA-2025-520-165,2025-520,3,0.9591852794779864,0.7673787000305157,0.863281989754251,0.891358602938361,0.8622749711396646
wta:215337,wta:203389,2025-05-26,2025,2025,clay,Roland Garros,R64,6-4 3-6 6-4,93,57,94,56,86,WTA-2025-520-166,2025-520,3,0.3849632819788893,0.46313701556301495,0.42405014877095215,0.42253976847922775,0.42139528151431493
wta:220704,wta:201551,2025-05-26,2025,2025,clay,Roland Garros,R64,7-6(2) 7-5,99,50,84,35,86,WTA-2025-520-167,2025-520,3,0.742640901004717,0.5853219407995117,0.6639814209021144,0.6696258870396626,0.6624251194068443
wta:216153,wta:203530,2025-05-26,2025,2025,clay,Roland Garros,R64,6-0 6-2,48,32,43,16,86,WTA-2025-520-168,2025-520,3,0.9240886001279756,0.7049435459261519,0.8145160730270637,0.8410632744377647,0.819307040375248
wta:215035,wta:223670,2025-05-26,2025,2025,clay,Roland Garros,R64,7-5 7-5,86,48,79,38,86,WTA-2025-520-169,2025-520,3,0.33962625940051216,0.4429966432712847,0.3913114513358984,0.39095331207727035,0.3937832242989744
wta:214643,wta:220742,2025-05-26,2025,2025,clay,Roland Garros,R64,6-3 6-3,56,31,81,36,86,WTA-2025-520-170,2025-520,3,0.9662468567960573,0.8193164479707049,0.8927816523833811,0.9034561734230377,0.8949787839061153
wta:239475,wta:220332,2025-05-26,2025,2025,clay,Roland Garros,R64,6-4 6-4,60,36,65,33,86,WTA-2025-520-171,2025-520,3,0.5518516718512513,0.5219713152273421,0.5369114935392967,0.5346369392798791,0.5409700837132363
wta:221012,wta:215306,2025-05-26,2025,2025,clay,Roland Garros,R64,6-2 6-3,65,38,50,22,86,WTA-2025-520-172,2025-520,3,0.9700140629556118,0.7962465669819957,0.8831303149688037,0.9103341196609593,0.8821538120698107
wta:211148,wta:201548,2025-05-26,2025,2025,clay,Roland Garros,R64,6-3 6-3,64,40,57,30,86,WTA-2025-520-173,2025-520,3,0.8301598502382056,0.6246872139151664,0.727423532076686,0.742277623329084,0.7271183749207506
wta:263857,wta:215713,2025-05-26,2025,2025,clay,Roland Garros,R64,7-6(4) 6-2,75,40,59,27,86,WTA-2025-520-174,2025-520,3,0.27619782362520123,0.4220018309429356,0.3490998272840684,0.3447342222192451,0.34906931156847487
wta:211095,wta:202499,2025-05-26,2025,2025,clay,Roland Garros,R64,6-2 4-6 7-6(3),100,59,91,49,86,WTA-2025-520-175,2025-520,3,0.4320531492038211,0.48852609093683247,0.4602896200703268,0.4545459677076143,0.4558343255936713
wta:202494,wta:214388,2025-05-26,2025,2025,clay,Roland Garros,R64,7-6(4) 7-5,74,50,71,45,86,WTA-2025-520-176,2025-520,3,0.940586474684344,0.7310039670430272,0.8357952208636856,0.863104879883258,0.8362224408819949
wta:214981,wta:260300,2025-05-26,2025,2025,clay,Roland Garros,R64,6-3 6-3,50,38,47,29,86,WTA-2025-520-177,2025-520,3,0.8913849712715735,0.6921269453768691,0.7917559583242213,0.8027087809341032,0.7921831783425307
wta:211533,wta:214452,2025-05-26,2025,2025,clay,Roland Garros,R64,5-7 6-3 6-3,92,53,83,47,86,WTA-2025-520-178,2025-520,3,0.7976503829271713,0.6030820872749466,0.7003662351010589,0.7139096895351847,0.7037534795319409
wta:211713,wta:239383,2025-05-26,2025,2025,clay,Roland Garros,R64,1-6 6-3 6-3,76,43,81,44,86,WTA-2025-520-179,2025-520,3,0.7601197184520019,0.6032651815685078,0.6816924500102548,0.6832808699455,0.6817534814414419
wta:216347,wta:221054,2025-05-26,2025,2025,clay,Roland Garros,R64,6-1 6-2,60,40,42,19,86,WTA-2025-520-180,2025-520,3,0.9355786675234483,0.7204455294476656,0.828012098485557,0.8561671302365144,0.8278900356231829
wta:259799,wta:221909,2025-05-26,2025,2025,clay,Roland Garros,R64,6-3 6-4,56,35,52,24,86,WTA-2025-520-181,2025-520,3,0.8777447834935272,0.6721696673787,0.7749572254361137,0.7882090064633999,0.7705324466750517
wta:201709,wta:220466,2025-05-26,2025,2025,clay,Roland Garros,R64,7-6(5) 6-3,71,48,79,45,86,WTA-2025-520-182,2025-520,3,0.9516319519446093,0.7731766859932866,0.8624043189689479,0.8793432886562795,0.8626789604092897
wta:214082,wta:206417,2025-05-26,2025,2025,clay,Roland Garros,R64,6-4 6-2,56,32,82,39,86,WTA-2025-520-183,2025-520,3,0.9559485829641221,0.7610924626182484,0.8585205227911852,0.8861055977188839,0.8614500314881641
wta:211651,wta:211817,2025-05-26,2025,2025,clay,Roland Garros,R64,3-6 6-4 6-4,101,56,94,54,86,WTA-2025-520-184,2025-520,3,0.9124625152621413,0.7033567287152884,0.8079096219887149,0.8267432999758096,0.8057430061815741
wta:221039,wta:219917,2025-05-26,2025,2025,clay,Roland Garros,R64,6-2 6-7(4) 6-1,92,61,75,40,86,WTA-2025-520-185,2025-520,3,0.5372446836897291,0.51287763198047,0.5250611578350995,0.5248553624555962,0.5256409564313766
wta:222391,wta:211843,2025-05-26,2025,2025,clay,Roland Garros,R64,6-1 6-2,41,32,47,21,86,WTA-2025-520-186,2025-520,3,0.6811147921895745,0.5798291119926763,0.6304719520911254,0.6238526181774401,0.6325775364670789
wta:214954,wta:211684,2025-05-26,2025,2025,clay,Roland Garros,R64,6-0 4-6 6-3,75,46,79,39,86,WTA-2025-520-187,2025-520,3,0.8200723570573498,0.6265791882819652,0.7233257726696576,0.733259853116285,0.7256449670547658
wta:202468,wta:215983,2025-05-26,2025,2025,clay,Roland Garros,R64,6-3 7-6(3),71,48,87,51,86,WTA-2025-520-188,2025-520,3,0.8259934070416811,0.6296307598413183,0.7278120834414997,0.738527470059937,0.7261337190838555
wta:201619,wta:211107,2025-05-26,2025,2025,clay,Roland Garros,R64,6-1 6-3,46,33,76,36,86,WTA-2025-520-189,2025-520,3,0.8496205907316021,0.647268843454379,0.7484447170929905,0.760317126148711,0.7486278113865518
wta:213550,wta:201458,2025-05-26,2025,2025,clay,Roland Garros,R64,7-6(5) 6-4,73,48,81,47,86,WTA-2025-520-190,2025-520,3,0.6551129500135839,0.548764113518462,0.601938531766023,0.6053307970967999,0.6056919647840273
wta:221024,wta:211702,2025-05-26,2025,2025,clay,Roland Garros,R64,6-3 6-2,58,39,66,33,86,WTA-2025-520-191,2025-520,3,0.9198003234045513,0.715929203539823,0.8178647634721872,0.8356792764706059,0.8169187762887877
wta:222601,wta:221905,2025-05-26,2025,2025,clay,Roland Garros,R64,6-4 4-6 7-5,94,54,98,50,86,WTA-2025-520-192,2025-520,3,0.6003924421674981,0.5370460787305462,0.5687192604490221,0.5674366608477898,0.5679563675591839
wta:206368,wta:206252,2025-05-26,2025,2025,clay,Roland Garros,R64,6-0 6-3,52,34,45,20,86,WTA-2025-520-193,2025-520,3,0.3877271892095989,0.46679890143423863,0.4272630453219188,0.4244372736542179,0.4250964295147781
wta:206420,wta:220714,2025-05-26,2025,2025,clay,Roland Garros,R64,6-1 6-3,49,32,53,24,86,WTA-2025-520-194,2025-520,3,0.8402326312396623,0.632316142813549,0.7362743870266056,0.7515021709962015,0.7373424370723792
wta:213631,wta:222661,2025-05-26,2025,2025,clay,Roland Garros,R64,6-1 6-4,59,31,66,26,86,WTA-2025-520-195,2025-520,3,0.569227740587195,0.5275862068965518,0.5484069737418734,0.5463170058651217,0.5427005349258831
wta:221103,wta:238184,2025-05-26,2025,2025,clay,Roland Garros,R64,6-2 6-4,54,26,57,20,86,WTA-2025-520-196,2025-520,3,0.994842485938751,0.9112297833384193,0.9530361346385852,0.9709169805093747,0.951937568877218
wta:214544,wta:216347,2025-05-26,2025,2025,clay,Roland Garros,SF,7-6(1) 4-6 6-0,91,54,79,36,86,WTA-2025-520-225,2025-520,3,0.34460475692292686,0.44086054317973755,0.3927326500513322,0.3944701869083969,0.3988663088856319
wta:221103,wta:222391,2025-05-26,2025,2025,clay,Roland Garros,SF,6-1 6-2,46,30,44,17,86,WTA-2025-520-226,2025-520,3,0.851831203538429,0.6716203844980165,0.7617257940182227,0.7624256133103149,0.7656928370453817
wta:213583,wta:216153,2025-06-09,2025,2025,grass,Queen's Club,F,6-3 6-4,76,46,49,27,86,WTA-2025-1111-300,2025-1111,3,0.2350431863095792,0.4069880988709185,0.32101564259024884,0.3128776663686403,0.31912366822344995
wta:201619,wta:223670,2025-06-09,2025,2025,grass,Queen's Club,QF,2-6 6-3 6-4,104,64,83,53,86,WTA-2025-1111-294,2025-1111,3,0.7495236881627129,0.5873970094598718,0.6684603488112923,0.6749623112637821,0.6727325489943867
wta:213583,wta:214981,2025-06-09,2025,2025,grass,Queen's Club,QF,6-4 7-6(4),87,53,69,44,86,WTA-2025-1111-295,2025-1111,3,0.04312922992964401,0.23707659444613977,0.1401029121878919,0.1124145327995325,0.1434901566187738
wta:216153,wta:215613,2025-06-09,2025,2025,grass,Queen's Club,QF,6-3 6-3,54,35,71,38,86,WTA-2025-1111-296,2025-1111,3,0.2784453979774637,0.42340555386023804,0.35092547591885087,0.34642505297921117,0.35028464589138675
wta:221012,wta:221054,2025-06-09,2025,2025,grass,Queen's Club,QF,6-2 6-4,70,41,63,32,86,WTA-2025-1111-297,2025-1111,3,0.4270931101094662,0.47619774183704605,0.45164542597325613,0.45120229502545534,0.45005860876239256
wta:201619,wta:220435,2025-06-09,2025,2025,grass,Queen's Club,R16,6-3 6-2,41,30,66,30,86,WTA-2025-1111-286,2025-1111,3,0.9731357648394232,0.8224900823924322,0.8978129236159277,0.9163036037392444,0.8958599178179417
wta:223670,wta:211107,2025-06-09,2025,2025,grass,Queen's Club,R16,2-6 6-3 6-2,73,45,93,52,86,WTA-2025-1111-287,2025-1111,3,0.614359803913046,0.5343606957583156,0.5743602498356808,0.5769952527980055,0.5752452055878932
wta:214981,wta:201586,2025-06-09,2025,2025,grass,Queen's Club,R16,6-4 6-2,64,44,62,35,86,WTA-2025-1111-288,2025-1111,3,0.9576859497238795,0.7740311260299054,0.8658585378768925,0.8889045853224059,0.8650651292714606
wta:213583,wta:214096,2025-06-09,2025,2025,grass,Queen's Club,R16,6-7(3) 7-5 6-1,98,61,107,59,86,WTA-2025-1111-289,2025-1111,3,0.10804902209987986,0.3175160207506866,0.21278252142528323,0.19667331211063302,0.2164444072965069
wta:216153,wta:222661,2025-06-09,2025,2025,grass,Queen's Club,R16,6-1 6-3,46,29,51,21,86,WTA-2025-1111-290,2025-1111,3,0.6722373213250794,0.5574916081782118,0.6148644647516456,0.6174836247399447,0.6173362377147216
wta:215613,wta:206242,2025-06-09,2025,2025,grass,Queen's Club,R16,1-6 7-6(4) 6-3,118,67,78,51,86,WTA-2025-1111-291,2025-1111,3,0.7602255049882081,0.5971010070186146,0.6786632560034114,0.6833645787056013,0.6785411931410372
wta:221054,wta:211685,2025-06-09,2025,2025,grass,Queen's Club,R16,6-4 6-1,50,31,55,22,86,WTA-2025-1111-292,2025-1111,3,0.8123209229679275,0.6307293256026854,0.7215251242853065,0.7264677738257153,0.7206401685330941
wta:221012,wta:220520,2025-06-09,2025,2025,grass,Queen's Club,R16,6-3 4-6 7-5,90,60,86,53,86,WTA-2025-1111-293,2025-1111,3,0.7438066624816035,0.5956972841013122,0.6697519732914579,0.6705261769241054,0.668836501823652
wta:220435,wta:202499,2025-06-09,2025,2025,grass,Queen's Club,R32,6-3 6-3,59,40,59,34,86,WTA-2025-1111-271,2025-1111,3,0.08712714672634925,0.27924931339639913,0.1831882300613742,0.17276563713870416,0.18462246869427013
wta:211107,wta:201548,2025-06-09,2025,2025,grass,Queen's Club,R32,7-6(4) 1-6 6-4,101,53,94,49,86,WTA-2025-1111-272,2025-1111,3,0.6546301728741898,0.5496185535550808,0.6021243632146354,0.6049905380391011,0.6019107532054806
wta:223670,wta:211684,2025-06-09,2025,2025,grass,Queen's Club,R32,6-4 6-1,52,35,48,24,86,WTA-2025-1111-273,2025-1111,3,0.6848825204012583,0.5653646628013427,0.6251235916013005,0.6265710772736195,0.6263747359406353
wta:201586,wta:201709,2025-06-09,2025,2025,grass,Queen's Club,R32,6-4 6-3,68,41,51,25,86,WTA-2025-1111-275,2025-1111,3,0.16046066633887515,0.35767470247177297,0.2590676844053241,0.24914023160780943,0.2626685388453607
wta:213583,wta:220367,2025-06-09,2025,2025,grass,Queen's Club,R32,7-6(4) 6-2,73,48,79,45,86,WTA-2025-1111-276,2025-1111,3,0.16672807447295757,0.35779676533414706,0.2622624199035523,0.25489681532053254,0.2625370613438941
wta:214096,wta:213666,2025-06-09,2025,2025,grass,Queen's Club,R32,7-6(5) 3-6 6-4,109,70,89,63,86,WTA-2025-1111-277,2025-1111,3,0.9669320854800396,0.8167531278608483,0.8918426066704439,0.9046830090517239,0.8927580781382499
wta:216153,wta:214839,2025-06-09,2025,2025,grass,Queen's Club,R32,4-6 6-3 6-4,91,60,109,60,86,WTA-2025-1111-278,2025-1111,3,0.757920521597705,0.5990540128166005,0.6784872672071527,0.6815436657648506,0.6803792415739516
wta:222661,wta:214082,2025-06-09,2025,2025,grass,Queen's Club,R32,6-1 3-6 6-3,95,59,84,47,86,WTA-2025-1111-279,2025-1111,3,0.18244494767682484,0.3713457430576747,0.2768953453672498,0.2689584913185369,0.2745456352665479
wta:206242,wta:201520,2025-06-09,2025,2025,grass,Queen's Club,R32,2-6 6-4 6-4,79,54,112,68,86,WTA-2025-1111-280,2025-1111,3,0.5280273690645343,0.5092767775404333,0.5186520733024838,0.5186957994727346,0.5185910418712967
wta:211685,wta:206252,2025-06-09,2025,2025,grass,Queen's Club,R32,6-4 6-3,59,37,51,24,86,WTA-2025-1111-282,2025-1111,3,0.1851044129291896,0.3649984742142203,0.27505144357170497,0.27128885357590443,0.27306792205812547
wta:221054,wta:213710,2025-06-09,2025,2025,grass,Queen's Club,R32,6-1 6-2,50,36,38,19,86,WTA-2025-1111-283,2025-1111,3,0.8324902180088888,0.6417760146475435,0.7371331163282162,0.7443914401944524,0.7391166378417957
wta:220520,wta:215936,2025-06-09,2025,2025,grass,Queen's Club,R32,6-2 6-4,49,31,55,27,86,WTA-2025-1111-284,2025-1111,3,0.49964034133326135,0.4947512969179127,0.497195819125587,0.4997602275325331,0.5026276165012356
wta:213583,wta:201619,2025-06-09,2025,2025,grass,Queen's Club,SF,6-3 7-6(3),74,54,70,47,86,WTA-2025-1111-298,2025-1111,3,0.04931057617240804,0.25617943240769,0.152745004290049,0.12209925826478372,0.14706908118965228
wta:216153,wta:221012,2025-06-09,2025,2025,grass,Queen's Club,SF,6-2 4-6 6-4,93,51,81,41,86,WTA-2025-1111-299,2025-1111,3,0.4665926178352787,0.4843759536161123,0.4754842857256955,0.4777099650416697,0.4768574929274044
wta:210722,wta:211817,2025-06-09,2025,2025,grass,s Hertogenbosch,F,6-3 7-6(4),81,51,60,34,86,WTA-2025-822-300,2025-822,3,0.7310348558092286,0.5863594751296918,0.6586971654694602,0.6607383380999772,0.6603755298271043
wta:206420,wta:206368,2025-06-09,2025,2025,grass,s Hertogenbosch,QF,5-7 6-4 6-2,93,50,91,45,86,WTA-2025-822-294,2025-822,3,0.7978351326839002,0.6127860848336893,0.7053106087587948,0.7140655734069167,0.7065922688137231
wta:210722,wta:206294,2025-06-09,2025,2025,grass,s Hertogenbosch,QF,6-0 6-4,49,33,56,26,86,WTA-2025-822-295,2025-822,3,0.8357147012047421,0.6447055233445225,0.7402101122746323,0.7473361554097838,0.7378604021739303
wta:220714,wta:215480,2025-06-09,2025,2025,grass,s Hertogenbosch,QF,6-2 7-6(4),64,41,65,31,86,WTA-2025-822-296,2025-822,3,0.5553426442620282,0.5172718950259384,0.5363072696439832,0.5369792377877579,0.5380466654328145
wta:211817,wta:215370,2025-06-09,2025,2025,grass,s Hertogenbosch,QF,6-2 6-4,50,35,56,28,86,WTA-2025-822-297,2025-822,3,0.4752896749641144,0.49133353677143726,0.48331160586777583,0.4835189913542407,0.4827623229870923
wta:206420,wta:215020,2025-06-09,2025,2025,grass,s Hertogenbosch,R16,6-0 7-5,60,37,59,25,86,WTA-2025-822-286,2025-822,3,0.8738743374542253,0.6578272810497406,0.7658508092519829,0.7842214124395644,0.7670104064445371
wta:206368,wta:213889,2025-06-09,2025,2025,grass,s Hertogenbosch,R16,6-4 6-1,44,34,70,36,86,WTA-2025-822-287,2025-822,3,0.7121302774902737,0.5720781202319194,0.6421041988610965,0.646533255185295,0.644545456108579
wta:210722,wta:206289,2025-06-09,2025,2025,grass,s Hertogenbosch,R16,6-3 6-0,57,35,52,20,86,WTA-2025-822-288,2025-822,3,0.5179991067190506,0.5038449801647849,0.5109220434419177,0.5120022856273017,0.5098234776805506
wta:206294,wta:214040,2025-06-09,2025,2025,grass,s Hertogenbosch,R16,6-4 6-3,69,40,69,33,86,WTA-2025-822-289,2025-822,3,0.2935815726617748,0.42175770521818734,0.35766963893998105,0.3576983233024791,0.35641849460064634
wta:215480,wta:215983,2025-06-09,2025,2025,grass,s Hertogenbosch,R16,7-6(4) 7-6(5),92,53,113,62,86,WTA-2025-822-290,2025-822,3,0.5525156822811335,0.5191638693927373,0.5358397758369353,0.5350823124489615,0.5361449329928707
wta:220714,wta:211095,2025-06-09,2025,2025,grass,s Hertogenbosch,R16,6-1 7-6(4),55,39,85,44,86,WTA-2025-822-291,2025-822,3,0.7885138368773742,0.6161428135489777,0.702328325213176,0.7062679872804323,0.7032437966809819
wta:215370,wta:215138,2025-06-09,2025,2025,grass,s Hertogenbosch,R16,6-0 6-4,53,37,45,22,86,WTA-2025-822-292,2025-822,3,0.4836064198935746,0.49182178822093375,0.4877141040572542,0.4890687699207181,0.48795822978200243
wta:211817,wta:215062,2025-06-09,2025,2025,grass,s Hertogenbosch,R16,6-4 6-3,53,26,72,28,86,WTA-2025-822-293,2025-822,3,0.7813490315614641,0.6274336283185841,0.7043913299400241,0.7003636577298215,0.7037199841969664
wta:206420,wta:213734,2025-06-09,2025,2025,grass,s Hertogenbosch,R32,6-3 6-4,67,40,58,28,86,WTA-2025-822-270,2025-822,3,0.9693260567440667,0.846292340555386,0.9078091986497263,0.9090528778754773,0.9062528971544563
wta:215020,wta:211701,2025-06-09,2025,2025,grass,s Hertogenbosch,R32,6-3 6-1,47,28,54,21,86,WTA-2025-822-271,2025-822,3,0.3815080887345386,0.46173329264571256,0.4216206906901256,0.4201637124747832,0.4203390306351973
wta:213889,wta:203389,2025-06-09,2025,2025,grass,s Hertogenbosch,R32,4-6 6-1 6-2,74,47,72,33,86,WTA-2025-822-272,2025-822,3,0.2726632518980723,0.41705828501678366,0.34486076845742797,0.34206590004329784,0.3449828313198021
wta:206368,wta:221236,2025-06-09,2025,2025,grass,s Hertogenbosch,R32,6-3 6-3,54,35,71,34,86,WTA-2025-822-273,2025-822,3,0.7187146980737583,0.5780592004882514,0.6483869492810048,0.6514449407196076,0.6500347979230555
wta:210722,wta:202600,2025-06-09,2025,2025,grass,s Hertogenbosch,R32,6-4 6-0,44,28,50,21,86,WTA-2025-822-274,2025-822,3,0.7974316613825922,0.6108941104668905,0.7041628859247413,0.7137252132410036,0.7069703317593461
wta:206289,wta:222017,2025-06-09,2025,2025,grass,s Hertogenbosch,R32,6-3 6-4,58,37,67,34,86,WTA-2025-822-275,2025-822,3,0.9049032790362209,0.7170277693011902,0.8109655241687055,0.8178659832434738,0.8065712611232372
wta:206294,wta:201545,2025-06-09,2025,2025,grass,s Hertogenbosch,R32,6-3 6-3,47,34,68,36,86,WTA-2025-822-276,2025-822,3,0.18069551304263984,0.36402197131522734,0.2723587421789336,0.26741813409149506,0.2713212078487535
wta:214040,wta:216133,2025-06-09,2025,2025,grass,s Hertogenbosch,R32,7-5 6-7(2) 6-1,109,74,100,67,86,WTA-2025-822-277,2025-822,3,0.6240347254078127,0.547787610619469,0.5859111680136408,0.5836575134728338,0.5837750679220937
wta:215983,wta:215713,2025-06-09,2025,2025,grass,s Hertogenbosch,R32,7-5 6-2,53,39,75,43,86,WTA-2025-822-278,2025-822,3,0.27265144941428127,0.41852303936527313,0.34558724438977717,0.34205697078582553,0.3440614586101006
wta:215480,wta:201518,2025-06-09,2025,2025,grass,s Hertogenbosch,R32,6-3 0-6 6-3,71,41,72,41,86,WTA-2025-822-279,2025-822,3,0.5256958879068944,0.5087885260909368,0.5172422069989155,0.5171389797869345,0.5189816027877469
wta:220714,wta:215996,2025-06-09,2025,2025,grass,s Hertogenbosch,R32,7-6(11) 7-5,84,55,78,47,86,WTA-2025-822-280,2025-822,3,0.7678127516965314,0.6124809276777541,0.6901468396871427,0.6894040148196539,0.6920388140539416
wta:211095,wta:202663,2025-06-09,2025,2025,grass,s Hertogenbosch,R32,6-2 6-7(10) 7-5,105,66,111,61,86,WTA-2025-822-281,2025-822,3,0.2766435092526663,0.42285627097955447,0.34974989011611035,0.34506986921608146,0.34910906008864623
wta:215138,wta:259758,2025-06-09,2025,2025,grass,s Hertogenbosch,R32,6-1 6-3,50,32,56,25,86,WTA-2025-822-282,2025-822,3,0.796701084012162,0.6285321940799512,0.7126166390460567,0.7131095826068778,0.7141729405413266
wta:215370,wta:220466,2025-06-09,2025,2025,grass,s Hertogenbosch,R32,6-1 6-3,49,35,59,27,86,WTA-2025-822-283,2025-822,3,0.7946801038291658,0.6314006713457431,0.7130403875874545,0.7114110314289234,0.7141999847800086
wta:211817,wta:264227,2025-06-09,2025,2025,grass,s Hertogenbosch,R32,6-2 6-1,43,31,49,23,86,WTA-2025-822-284,2025-822,3,0.7754816807893061,0.625358559658224,0.700420120223765,0.6955828940852183,0.6967277186369478
wta:215062,wta:214643,2025-06-09,2025,2025,grass,s Hertogenbosch,R32,6-4 5-7 6-1,96,58,92,50,86,WTA-2025-822-285,2025-822,3,0.10866544660586024,0.30683552029295086,0.20775048344940555,0.19734619352598376,0.2064993391100708
wta:210722,wta:206420,2025-06-09,2025,2025,grass,s Hertogenbosch,SF,2-6 7-6(7) 6-4,120,70,103,62,86,WTA-2025-822-298,2025-822,3,0.24484584156318057,0.4052792187976808,0.3250625301804307,0.32063348731258173,0.32756481885910016
wta:211817,wta:220714,2025-06-09,2025,2025,grass,s Hertogenbosch,SF,2-6 6-4 6-3,102,61,96,54,86,WTA-2025-822-299,2025-822,3,0.39161838960681,0.45959719255416537,0.4256077910804877,0.4271040848408768,0.4243566467411529
wta:220520,wta:215035,2025-06-16,2025,2025,grass,Nottingham,F,6-4 7-5,63,39,82,45,86,WTA-2025-1080-300,2025-1080,3,0.39299732367530954,0.4624656698199573,0.42773149674763344,0.4280478696123734,0.4282502639127234
wta:202663,wta:220704,2025-06-16,2025,2025,grass,Nottingham,QF,6-2 7-5,66,39,59,25,86,WTA-2025-1080-294,2025-1080,3,0.3918239250442626,0.45746109246261824,0.42464250875344045,0.42724480080319555,0.42818233176229
wta:215035,wta:220367,2025-06-16,2025,2025,grass,Nottingham,QF,6-3 7-6(6),90,57,63,39,86,WTA-2025-1080-295,2025-1080,3,0.2869656514301902,0.4264571254195911,0.35671138842489064,0.35279451938089207,0.3564062312689553
wta:211685,wta:222328,2025-06-16,2025,2025,grass,Nottingham,QF,3-6 6-4 6-4,95,60,84,55,86,WTA-2025-1080-296,2025-1080,3,0.30026715744677923,0.4259078425389075,0.3630874999928434,0.3626184359715359,0.36183635565350863
wta:220520,wta:211107,2025-06-16,2025,2025,grass,Nottingham,QF,6-3 3-6 6-4,92,55,84,47,86,WTA-2025-1080-297,2025-1080,3,0.29756952138761883,0.426335062557217,0.3619522919724179,0.36063732794872494,0.36311188916497206
wta:220704,wta:215020,2025-06-16,2025,2025,grass,Nottingham,R16,6-4 6-4,65,42,59,35,86,WTA-2025-1080-286,2025-1080,3,0.5673974431090193,0.5262435154104363,0.5468204792597278,0.5450839842884306,0.5427313733701947
wta:202663,wta:259685,2025-06-16,2025,2025,grass,Nottingham,R16,7-5 6-1,67,46,65,36,86,WTA-2025-1080-287,2025-1080,3,0.7992911763589866,0.6259078425389075,0.712599509448947,0.715296066216574,0.7175735710906925
wta:215035,wta:222045,2025-06-16,2025,2025,grass,Nottingham,R16,6-2 2-6 6-4,105,57,73,40,86,WTA-2025-1080-288,2025-1080,3,0.8142374002910818,0.6539212694537687,0.7340793348724253,0.728136475507489,0.7325230333771552
wta:220367,wta:213710,2025-06-16,2025,2025,grass,Nottingham,R16,6-3 6-4,80,50,67,36,86,WTA-2025-1080-289,2025-1080,3,0.818706733557328,0.630363137015563,0.7245349352864455,0.7320548818016374,0.7220936780389631
wta:222328,wta:215936,2025-06-16,2025,2025,grass,Nottingham,R16,6-1 6-3,50,38,93,46,86,WTA-2025-1080-290,2025-1080,3,0.6937520210447367,0.5708574916081782,0.6323047563264574,0.6330087587981885,0.6326404291979864
wta:211685,wta:201709,2025-06-16,2025,2025,grass,Nottingham,R16,6-1 4-6 6-4,82,48,107,54,86,WTA-2025-1080-291,2025-1080,3,0.20216601625458575,0.3723222459566677,0.28724413110562674,0.2859353961889147,0.29346933708670697
wta:211107,wta:222661,2025-06-16,2025,2025,grass,Nottingham,R16,6-4 1-6 7-5,93,55,100,62,86,WTA-2025-1080-292,2025-1080,3,0.6515571870492237,0.5538907537381752,0.6027239703936995,0.6028275737106576,0.6020831403662352
wta:220520,wta:202684,2025-06-16,2025,2025,grass,Nottingham,R16,6-1 6-4,59,37,59,28,86,WTA-2025-1080-293,2025-1080,3,0.4809292910044285,0.4979249313396399,0.4894271111720342,0.48728276677978954,0.4904341297866207
wta:220704,wta:214040,2025-06-16,2025,2025,grass,Nottingham,R32,7-5 6-2,59,37,75,36,86,WTA-2025-1080-270,2025-1080,3,0.5612585858871605,0.5242905096124504,0.5427745477498054,0.5409533037388708,0.5409436048141936
wta:215020,wta:215872,2025-06-16,2025,2025,grass,Nottingham,R32,6-2 6-3,57,31,65,26,86,WTA-2025-1080-271,2025-1080,3,0.6356826122591415,0.5516936222154409,0.5936881172372912,0.5917286108989487,0.5923149100355823
wta:259685,wta:220465,2025-06-16,2025,2025,grass,Nottingham,R32,6-3 6-3,64,37,60,26,86,WTA-2025-1080-272,2025-1080,3,0.20899303657270513,0.369636862984437,0.2893149497785711,0.2916596362167261,0.29026093696197053
wta:202663,wta:223253,2025-06-16,2025,2025,grass,Nottingham,R32,6-4 6-3,62,36,77,40,86,WTA-2025-1080-273,2025-1080,3,0.41868837797528896,0.47387854745193775,0.44628346271361335,0.44552376230934393,0.44368962688816327
wta:215035,wta:215337,2025-06-16,2025,2025,grass,Nottingham,R32,6-4 7-6(4),89,53,63,38,86,WTA-2025-1080-274,2025-1080,3,0.5514455300828969,0.5188587122368019,0.5351521211598493,0.5343645608797125,0.532710863912367
wta:222045,wta:214459,2025-06-16,2025,2025,grass,Nottingham,R32,6-0 6-4,43,30,74,34,86,WTA-2025-1080-275,2025-1080,3,0.20180120070721155,0.3629844369850473,0.28239281884612943,0.2856274184496522,0.2823623031305359
wta:213710,wta:263857,2025-06-16,2025,2025,grass,Nottingham,R32,6-3 6-3,59,39,60,32,86,WTA-2025-1080-276,2025-1080,3,0.38849090333079805,0.4613060726274031,0.42489848797910057,0.4249611010937904,0.4221215578600893
wta:220367,wta:215480,2025-06-16,2025,2025,grass,Nottingham,R32,6-3 4-6 7-5,93,58,99,54,86,WTA-2025-1080-277,2025-1080,3,0.7337454876709277,0.5851998779371377,0.6594726828040327,0.6628020811498204,0.6584046327582591
wta:222328,wta:223331,2025-06-16,2025,2025,grass,Nottingham,R32,6-4 3-6 7-6(6),101,66,123,81,86,WTA-2025-1080-278,2025-1080,3,0.7252300552083919,0.5969179127250535,0.6610739839667227,0.6563423326594113,0.6594871667558591
wta:215936,wta:211279,2025-06-16,2025,2025,grass,Nottingham,R32,7-5 6-4,99,57,74,39,86,WTA-2025-1080-279,2025-1080,3,0.4512478306896934,0.48474214220323464,0.467994986446464,0.4674411016921518,0.46729312498781284
wta:211685,wta:201696,2025-06-16,2025,2025,grass,Nottingham,R32,7-6(2) 4-6 7-6(6),115,69,109,64,86,WTA-2025-1080-280,2025-1080,3,0.4881053384255894,0.4927372596887397,0.4904212990571646,0.49206939436059205,0.49411370064398175
wta:201709,wta:263872,2025-06-16,2025,2025,grass,Nottingham,R32,6-2 6-2,48,29,48,20,86,WTA-2025-1080-281,2025-1080,3,0.9309912364969186,0.7451632590784254,0.838077247787672,0.8500097558115133,0.8399081907232838
wta:211107,wta:215138,2025-06-16,2025,2025,grass,Nottingham,R32,6-2 6-2,59,40,48,26,86,WTA-2025-1080-282,2025-1080,3,0.6375086529232318,0.5489472078120232,0.5932279303676276,0.5929992640311159,0.5940823704042464
wta:222661,wta:206417,2025-06-16,2025,2025,grass,Nottingham,R32,6-3 6-4,61,42,77,42,86,WTA-2025-1080-283,2025-1080,3,0.850786120063281,0.6672871528837351,0.759036636473508,0.7614271955794519,0.7599521079413141
wta:202684,wta:205925,2025-06-16,2025,2025,grass,Nottingham,R32,6-4 6-1,63,37,52,23,86,WTA-2025-1080-284,2025-1080,3,0.5870895924101642,0.5330180042722001,0.5600537983411822,0.5583901713192359,0.5626476341666323
wta:220520,wta:206242,2025-06-16,2025,2025,grass,Nottingham,R32,7-5 6-7(3) 7-5,105,69,107,62,86,WTA-2025-1080-285,2025-1080,3,0.3209541821132133,0.4339639914555996,0.37745908678440643,0.37763620637396295,0.3760248481515105
wta:215035,wta:202663,2025-06-16,2025,2025,grass,Nottingham,SF,6-4 6-4,57,40,80,46,86,WTA-2025-1080-298,2025-1080,3,0.5556305577638239,0.5261824839792493,0.5409065208715366,0.5371725048277496,0.5330029505328122
wta:220520,wta:211685,2025-06-16,2025,2025,grass,Nottingham,SF,6-4 6-2,51,39,59,35,86,WTA-2025-1080-299,2025-1080,3,0.511906024120351,0.5027464144034177,0.5073262192618844,0.5079381830549011,0.5118730608853205
wta:214954,wta:216133,2025-06-16,2025,2025,grass,Berlin,F,7-6(10) 4-6 6-2,105,61,89,52,86,WTA-2025-2012-300,2025-2012,3,0.7946889081869795,0.6173024107415319,0.7059956594642557,0.7114184170491719,0.7029440879049026
wta:216133,wta:211651,2025-06-16,2025,2025,grass,Berlin,QF,6-1 0-0 RET,17,15,22,8,86,WTA-2025-2012-294,2025-2012,3,0.11791633217201593,0.3204455294476655,0.21918093080984072,0.20725674610051376,0.2188452579383119
wta:214643,wta:216153,2025-06-16,2025,2025,grass,Berlin,QF,6-1 6-1,41,29,44,19,86,WTA-2025-2012-295,2025-2012,3,0.487017594368428,0.49090631675312785,0.48896195556077793,0.49134398206547136,0.49115908708351214
wta:214954,wta:202460,2025-06-16,2025,2025,grass,Berlin,QF,6-4 6-1,51,36,77,41,86,WTA-2025-2012-296,2025-2012,3,0.29944464304710894,0.43860238022581627,0.36902351163646263,0.36201497977896707,0.364446154297433
wta:214544,wta:214981,2025-06-16,2025,2025,grass,Berlin,QF,7-6(6) 3-6 7-6(6),126,71,109,66,86,WTA-2025-2012-297,2025-2012,3,0.5367262302615786,0.5075678974671957,0.5221470638643871,0.5245086720823071,0.5236118182128766
wta:216133,wta:221103,2025-06-16,2025,2025,grass,Berlin,R16,6-3 6-3,54,36,58,29,86,WTA-2025-2012-286,2025-2012,3,0.043279465227217685,0.23262129996948427,0.137950382598351,0.11265651028249787,0.1385606969102216
wta:211651,wta:215613,2025-06-16,2025,2025,grass,Berlin,R16,7-6(2) 6-3,65,41,86,46,86,WTA-2025-2012-287,2025-2012,3,0.5071042413786416,0.5031736344217272,0.5051389379001845,0.5047363379973033,0.5066342079642674
wta:214643,wta:202468,2025-06-16,2025,2025,grass,Berlin,R16,6-7(8) 7-5 7-6(5),135,90,146,92,86,WTA-2025-2012-288,2025-2012,3,0.27280052823594053,0.4201098565761367,0.3464551924060386,0.3421697479591371,0.3465467395528192
wta:216153,wta:211684,2025-06-16,2025,2025,grass,Berlin,R16,6-2 4-6 6-3,94,54,89,41,86,WTA-2025-2012-289,2025-2012,3,0.5904436606278555,0.5331400671345743,0.5617918638812149,0.5606662657503837,0.5593811223493259
wta:214954,wta:223670,2025-06-16,2025,2025,grass,Berlin,R16,6-3 6-7(3) 6-3,96,55,117,61,86,WTA-2025-2012-290,2025-2012,3,0.4699566763790263,0.4934086054317974,0.4816826409054118,0.4799577059496405,0.482323470932876
wta:202460,wta:211148,2025-06-16,2025,2025,grass,Berlin,R16,6-1 6-3,46,34,79,40,86,WTA-2025-2012-291,2025-2012,3,0.6536522688804114,0.5468721391516631,0.6002622040160372,0.604301692184438,0.5997739525665408
wta:214981,wta:211701,2025-06-16,2025,2025,grass,Berlin,R16,6-4 7-6(5),75,47,82,47,86,WTA-2025-2012-292,2025-2012,3,0.8539857381297993,0.6505645407384804,0.7522751394341398,0.7644932214020518,0.749009957865632
wta:214544,wta:214119,2025-06-16,2025,2025,grass,Berlin,R16,6-2 7-6(6),78,50,84,48,86,WTA-2025-2012-293,2025-2012,3,0.9351196362970322,0.738754958803784,0.8369372975504081,0.8555428149704846,0.8348317131744545
wta:216133,wta:214082,2025-06-16,2025,2025,grass,Berlin,R32,6-3 6-2,47,34,46,23,86,WTA-2025-2012-271,2025-2012,3,0.13365823862963544,0.34113518462007936,0.2373967116248574,0.22339409040262131,0.23638969301027088
wta:215613,wta:216146,2025-06-16,2025,2025,grass,Berlin,R32,6-2 6-3,52,32,55,23,86,WTA-2025-2012-272,2025-2012,3,0.6506149359958857,0.5524259993896857,0.6015204676927857,0.6021653354353056,0.6066776236280924
wta:211651,wta:220332,2025-06-16,2025,2025,grass,Berlin,R32,6-1 6-3,43,30,47,20,86,WTA-2025-2012-273,2025-2012,3,0.9156702001162754,0.7161122978333841,0.8158912489748298,0.8306086889537515,0.8179663176351899
wta:214643,wta:211768,2025-06-16,2025,2025,grass,Berlin,R32,3-6 7-6(3) 6-4,113,71,101,65,86,WTA-2025-2012-275,2025-2012,3,0.45811463607962016,0.4852914250839182,0.4717030305817692,0.47204002820814217,0.4702993076644668
wta:216153,wta:215370,2025-06-16,2025,2025,grass,Berlin,R32,6-4 6-3,52,40,47,29,86,WTA-2025-2012-276,2025-2012,3,0.6724971920502055,0.5600549282880684,0.6162760601691369,0.6176693656596314,0.6189309274257742
wta:211684,wta:259799,2025-06-16,2025,2025,grass,Berlin,R32,2-6 7-5 6-0,87,49,99,49,86,WTA-2025-2012-277,2025-2012,3,0.1724341879728368,0.36353371986573085,0.2679839539192838,0.26006155248609264,0.2692350982586186
wta:214954,wta:201619,2025-06-16,2025,2025,grass,Berlin,R32,7-5 7-6(6),81,54,87,53,86,WTA-2025-2012-278,2025-2012,3,0.22682092031148307,0.4030820872749466,0.31495150379321485,0.30628044982044306,0.3104656936009658
wta:223670,wta:202499,2025-06-16,2025,2025,grass,Berlin,R32,6-2 6-4,56,36,68,34,86,WTA-2025-2012-279,2025-2012,3,0.48099155210537026,0.49658223985352457,0.4887868959794474,0.48732430765163376,0.48683389018146145
wta:202460,wta:214452,2025-06-16,2025,2025,grass,Berlin,R32,7-6(5) 6-1,79,48,62,35,86,WTA-2025-2012-280,2025-2012,3,0.9032569200602866,0.6986573085138846,0.8009571142870856,0.8159730056857921,0.7994313285074091
wta:214981,wta:221909,2025-06-16,2025,2025,grass,Berlin,R32,6-3 7-6(3),74,48,77,44,86,WTA-2025-2012-282,2025-2012,3,0.8344066503249085,0.64122673176686,0.7378166910458842,0.7461387773071525,0.7376335967523231
wta:211701,wta:202600,2025-06-16,2025,2025,grass,Berlin,R32,6-1 6-2,43,30,63,28,86,WTA-2025-2012-283,2025-2012,3,0.7549768722331196,0.5964906927067439,0.6757337824699318,0.679227289391605,0.67701544252486
wta:214119,wta:213550,2025-06-16,2025,2025,grass,Berlin,R32,6-3 6-2,55,39,43,25,86,WTA-2025-2012-284,2025-2012,3,0.30967549467046923,0.4249923710711016,0.3673339328707854,0.36948552426781694,0.3703855044301385
wta:216133,wta:214643,2025-06-16,2025,2025,grass,Berlin,SF,6-4 6-1,54,38,44,22,86,WTA-2025-2012-298,2025-2012,3,0.2738274222695193,0.41803478791577664,0.34593110509264796,0.34294602629634136,0.34861648806487866
wta:214954,wta:214544,2025-06-16,2025,2025,grass,Berlin,SF,6-2 6-4,65,41,62,31,86,WTA-2025-2012-299,2025-2012,3,0.16704455431191995,0.36920964296612757,0.26812709863902373,0.2551851336256848,0.26376335130914885
wta:202468,wta:216347,2025-06-22,2025,2025,grass,Bad Homburg,F,6-4 7-5,69,47,69,44,86,WTA-2025-2017-300,2025-2017,3,0.4044622720376727,0.4718645102227647,0.43816339113021874,0.4358707788251592,0.43453202097458854
wta:211148,wta:206242,2025-06-22,2025,2025,grass,Bad Homburg,QF,7-5 7-5,57,41,72,45,86,WTA-2025-2017-294,2025-2017,3,0.6621485758391131,0.5498626792798291,0.6060056275594712,0.6103037418177836,0.6120477392469902
wta:216347,wta:206420,2025-06-22,2025,2025,grass,Bad Homburg,QF,6-4 7-6(5),77,51,71,46,86,WTA-2025-2017-295,2025-2017,3,0.5230930780237971,0.5072017088800732,0.5151473934519352,0.5154014724695324,0.5140488276905681
wta:222328,wta:259799,2025-06-22,2025,2025,grass,Bad Homburg,QF,6-3 6-3,55,40,60,32,86,WTA-2025-2017-296,2025-2017,3,0.2270264651653394,0.3961245041196216,0.31157548464248047,0.3064464398780525,0.31389467902758883
wta:202468,wta:215613,2025-06-22,2025,2025,grass,Bad Homburg,QF,6-4 1-6 6-3,84,50,102,57,86,WTA-2025-2017-297,2025-2017,3,0.5022925679485448,0.504943545926152,0.5036180569373484,0.5015283845827538,0.5014514411302078
wta:211148,wta:220367,2025-06-22,2025,2025,grass,Bad Homburg,R16,7-6(8) 7-6(6),81,46,125,68,86,WTA-2025-2017-286,2025-2017,3,0.5235981963209999,0.5079951174855051,0.5157966569032525,0.5157386264941278,0.51491170115104
wta:206242,wta:202494,2025-06-22,2025,2025,grass,Bad Homburg,R16,3-6 6-4 7-6(7),103,68,104,68,86,WTA-2025-2017-287,2025-2017,3,0.25142136540453824,0.4102227647238328,0.33082206506418554,0.3257734492686925,0.3313408322292755
wta:216347,wta:201458,2025-06-22,2025,2025,grass,Bad Homburg,R16,6-4 6-4,55,37,59,32,86,WTA-2025-2017-288,2025-2017,3,0.8687421004422273,0.6623436069575832,0.7655428536999053,0.7790125903648427,0.7660311051494018
wta:206420,wta:206289,2025-06-22,2025,2025,grass,Bad Homburg,R16,6-3 6-7(2) 6-3,111,77,85,60,86,WTA-2025-2017-289,2025-2017,3,0.7672475654641381,0.6056454073848032,0.6864464864244706,0.6889516574820852,0.6820522233790023
wta:222328,wta:202499,2025-06-22,2025,2025,grass,Bad Homburg,R16,2-6 6-2 6-4,82,49,65,39,86,WTA-2025-2017-290,2025-2017,3,0.3668494957438991,0.455263960939884,0.41105672834189155,0.4100308956753523,0.4101107411584921
wta:259799,wta:220704,2025-06-22,2025,2025,grass,Bad Homburg,R16,3-6 6-3 6-1,68,48,84,49,86,WTA-2025-2017-291,2025-2017,3,0.7986180263302842,0.6241989624656699,0.711408494397977,0.7147267611740692,0.710370960067797
wta:215613,wta:211768,2025-06-22,2025,2025,grass,Bad Homburg,R16,6-4 6-4,56,39,78,43,86,WTA-2025-2017-292,2025-2017,3,0.6827298740492924,0.5661580714067745,0.6244439727280335,0.6250167659657517,0.6216670426090222
wta:202468,wta:211701,2025-06-22,2025,2025,grass,Bad Homburg,R16,6-2 6-3,47,32,48,24,86,WTA-2025-2017-293,2025-2017,3,0.7427012156643729,0.592462618248398,0.6675819169563855,0.6696724316323333,0.6630350753329493
wta:220367,wta:213583,2025-06-22,2025,2025,grass,Bad Homburg,R32,6-0 7-6(1),51,38,57,32,86,WTA-2025-2017-271,2025-2017,3,0.8278349962380395,0.6312175770521818,0.7295262866451107,0.7401805178391478,0.7336153925346438
wta:206242,wta:221909,2025-06-22,2025,2025,grass,Bad Homburg,R32,6-1 6-4,50,36,57,29,86,WTA-2025-2017-272,2025-2017,3,0.464473526588271,0.49139456820262434,0.47793404739544765,0.4762934943237127,0.47653032447814525
wta:202494,wta:210722,2025-06-22,2025,2025,grass,Bad Homburg,R32,7-5 6-4,66,44,62,35,86,WTA-2025-2017-273,2025-2017,3,0.6821663330126149,0.5562709795544706,0.6192186562835427,0.6246103716968883,0.6198289705954133
wta:201458,wta:201696,2025-06-22,2025,2025,grass,Bad Homburg,R32,6-2 6-2,42,32,44,23,86,WTA-2025-2017-275,2025-2017,3,0.632205433055489,0.5492523649679585,0.5907288990117238,0.5893131172374444,0.5891725975164537
wta:206289,wta:201709,2025-06-22,2025,2025,grass,Bad Homburg,R32,7-5 7-6(6),109,65,85,51,86,WTA-2025-2017-276,2025-2017,3,0.42429015519236246,0.4747329874885566,0.4495115713404595,0.44931036362954085,0.4503965270926719
wta:206420,wta:202505,2025-06-22,2025,2025,grass,Bad Homburg,R32,6-1 6-2,59,37,47,20,86,WTA-2025-2017-277,2025-2017,3,0.4898628482951472,0.5021361000915472,0.4959994741933472,0.49324138434824966,0.49810505856930076
wta:202499,wta:223670,2025-06-22,2025,2025,grass,Bad Homburg,R32,6-3 6-3,60,42,50,29,86,WTA-2025-2017-278,2025-2017,3,0.5191237780605852,0.5051876716509002,0.5121557248557427,0.5127526412997635,0.5103858133513179
wta:222328,wta:201548,2025-06-22,2025,2025,grass,Bad Homburg,R32,6-3 6-2,51,38,44,25,86,WTA-2025-2017-279,2025-2017,3,0.6391658350715557,0.5510222764723833,0.5950940557719695,0.5941537292976635,0.5953381814967178
wta:220704,wta:211684,2025-06-22,2025,2025,grass,Bad Homburg,R32,6-7(6) 6-3 6-3,107,72,99,64,86,WTA-2025-2017-280,2025-2017,3,0.5234610239150823,0.5088495575221239,0.5161552907186031,0.5156470655372114,0.5165214793057255
wta:215613,wta:216146,2025-06-22,2025,2025,grass,Bad Homburg,R32,6-2 7-5,62,37,86,41,86,WTA-2025-2017-282,2025-2017,3,0.6514833828477411,0.5565151052792188,0.6039992440634799,0.6027756857910721,0.6000627167519145
wta:211768,wta:215337,2025-06-22,2025,2025,grass,Bad Homburg,R32,7-6(6) 7-6(4),87,63,103,65,86,WTA-2025-2017-283,2025-2017,3,0.6860887907366204,0.5698809887091852,0.6279848897229028,0.6274434212429604,0.6294801597869859
wta:211701,wta:206368,2025-06-22,2025,2025,grass,Bad Homburg,R32,7-6(4) 7-5,80,55,69,46,86,WTA-2025-2017-284,2025-2017,3,0.5027203502085764,0.5067134574305767,0.5047169038195766,0.5018135767472848,0.49998696790257935
wta:216347,wta:211148,2025-06-22,2025,2025,grass,Bad Homburg,SF,6-1 6-3,42,31,52,21,86,WTA-2025-2017-298,2025-2017,3,0.7030790920166518,0.5732987488556607,0.6381889204361562,0.639839837113263,0.6368157132344474
wta:202468,wta:222328,2025-06-22,2025,2025,grass,Bad Homburg,SF,6-7(2) 7-5 6-1,101,68,100,60,86,WTA-2025-2017-299,2025-2017,3,0.7303375506539224,0.5802563320109857,0.6552969413324541,0.6602085876622962,0.65621241280026
wta:233741,wta:223253,2025-06-23,2025,2025,grass,Eastbourne,F,6-4 1-6 7-6(10),98,51,96,54,86,WTA-2025-710-300,2025-710,3,0.4669317271828795,0.4893805309734513,0.4781561290781654,0.4779365946874349,0.47901056911478423
wta:223253,wta:215035,2025-06-23,2025,2025,grass,Eastbourne,QF,6-1 6-2,50,27,44,14,86,WTA-2025-710-295,2025-710,3,0.5283094461826559,0.5104363747329875,0.5193729104578217,0.5188841832103028,0.5222413877236136
wta:201499,wta:215872,2025-06-23,2025,2025,grass,Eastbourne,QF,6-2 2-6 6-0,79,48,77,38,86,WTA-2025-710-296,2025-710,3,0.6589059182398732,0.5585291425083918,0.6087175303741326,0.6080083985784734,0.6063983359890242
wta:233741,wta:215020,2025-06-23,2025,2025,grass,Eastbourne,QF,6-4 7-5,87,50,60,31,86,WTA-2025-710-297,2025-710,3,0.49865391921696106,0.4995117485505035,0.4990828338837323,0.4991026116068549,0.49929644389288697
wta:206252,wta:214839,2025-06-23,2025,2025,grass,Eastbourne,R16,6-4 4-6 7-6(3),91,58,102,62,86,WTA-2025-710-286,2025-710,3,0.8315234198131293,0.6433018004272201,0.7374126101201747,0.743513039348912,0.7359478557716852
wta:219875,wta:211685,2025-06-23,2025,2025,grass,Eastbourne,R16,7-5 6-3,55,43,62,37,86,WTA-2025-710-287,2025-710,3,0.591391224078744,0.5292950869697894,0.5603431555242667,0.5613098557807332,0.565652890037541
wta:223253,wta:211533,2025-06-23,2025,2025,grass,Eastbourne,R16,0-6 6-2 3-2 RET,52,31,76,43,86,WTA-2025-710-288,2025-710,3,0.18142245680462604,0.36841623436069576,0.2749193455826609,0.2680589218858156,0.2688467181795483
wta:215035,wta:215936,2025-06-23,2025,2025,grass,Eastbourne,R16,6-2 6-1,60,35,44,15,86,WTA-2025-710-289,2025-710,3,0.6097910441739004,0.5402197131522735,0.5750053786630869,0.5738612501292225,0.573510108599004
wta:215872,wta:220548,2025-06-23,2025,2025,grass,Eastbourne,R16,6-3 6-4,70,44,70,41,86,WTA-2025-710-290,2025-710,3,0.3974743606915056,0.45874275251754654,0.42810855660452607,0.4311077003470315,0.43314364967745866
wta:201499,wta:214040,2025-06-23,2025,2025,grass,Eastbourne,R16,7-5 7-5,74,47,87,46,86,WTA-2025-710-291,2025-710,3,0.5273694444753498,0.5062862374122673,0.5168278409438085,0.5182564336316434,0.5180789852831433
wta:233741,wta:221054,2025-06-23,2025,2025,grass,Eastbourne,R16,4-6 6-1 7-6(4),104,58,111,56,86,WTA-2025-710-292,2025-710,3,0.2764135706770003,0.40997863899908454,0.3431961048380424,0.34489672433001967,0.34521014206721545
wta:215020,wta:215138,2025-06-23,2025,2025,grass,Eastbourne,R16,6-3 6-3,46,35,61,31,86,WTA-2025-710-293,2025-710,3,0.5325325729231346,0.5101922490082392,0.5213624109656869,0.5217054155957433,0.5208741595161904
wta:206252,wta:211279,2025-06-23,2025,2025,grass,Eastbourne,R32,6-3 6-7(4) 7-5,102,63,101,57,86,WTA-2025-710-270,2025-710,3,0.7867616626671506,0.6083307903570339,0.6975462265120922,0.7048171147663221,0.70029264091551
wta:214839,wta:220416,2025-06-23,2025,2025,grass,Eastbourne,R32,6-3 6-2,46,30,59,26,86,WTA-2025-710-271,2025-710,3,0.46563115040848696,0.48822093378089715,0.476926042094692,0.4770673455555794,0.4762852120672279
wta:219875,wta:215785,2025-06-23,2025,2025,grass,Eastbourne,R32,6-4 4-6 7-5,126,74,97,59,86,WTA-2025-710-272,2025-710,3,0.48524722940777126,0.4951174855050351,0.49018235745640315,0.4901632334143872,0.4888091502546943
wta:211685,wta:211713,2025-06-23,2025,2025,grass,Eastbourne,R32,6-3 6-2,51,32,68,32,86,WTA-2025-710-273,2025-710,3,0.568190938823928,0.529844369850473,0.5490176543372005,0.5456184553034352,0.5457219570530991
wta:211533,wta:222661,2025-06-23,2025,2025,grass,Eastbourne,R32,6-3 7-6(2),79,44,61,31,86,WTA-2025-710-274,2025-710,3,0.868599087850799,0.6624046383887702,0.7655018631197845,0.778868684260088,0.7686754975415118
wta:223253,wta:214459,2025-06-23,2025,2025,grass,Eastbourne,R32,6-0 6-1,39,30,41,16,86,WTA-2025-710-275,2025-710,3,0.5503175918663922,0.5146475434848947,0.5324825676756435,0.5336082439412593,0.5351984663634677
wta:215936,wta:213889,2025-06-23,2025,2025,grass,Eastbourne,R32,6-4 7-5,88,52,63,34,86,WTA-2025-710-276,2025-710,3,0.5079575112416886,0.4995117485505035,0.5037346298960961,0.5053052563533745,0.502178328400826
wta:215035,wta:202663,2025-06-23,2025,2025,grass,Eastbourne,R32,6-4 4-2 RET,41,31,55,31,86,WTA-2025-710-277,2025-710,3,0.5561770880950287,0.5157461092462619,0.5359615986706453,0.5375394113086792,0.5356869572303036
wta:220548,wta:259685,2025-06-23,2025,2025,grass,Eastbourne,R32,6-3 6-4,77,45,59,30,86,WTA-2025-710-278,2025-710,3,0.8106711536603698,0.6434848947207812,0.7270780241905754,0.7250367130794961,0.7246062512274996
wta:215872,wta:220714,2025-06-23,2025,2025,grass,Eastbourne,R32,6-4 4-6 6-3,130,73,103,56,86,WTA-2025-710-279,2025-710,3,0.33757633120569913,0.4371376258773268,0.38735697854151296,0.3895012617651488,0.3861668656333653
wta:201499,wta:202600,2025-06-23,2025,2025,grass,Eastbourne,R32,6-1 6-7(5) 7-6(7),107,68,103,55,86,WTA-2025-710-280,2025-710,3,0.6783104543026323,0.5639609398840403,0.6211356970933363,0.6218352946968614,0.623424375762851
wta:214040,wta:213550,2025-06-23,2025,2025,grass,Eastbourne,R32,6-4 6-4,56,42,75,44,86,WTA-2025-710-281,2025-710,3,0.35180594555708955,0.4474519377479402,0.39962894165251484,0.3995340548577487,0.3978590301480901
wta:221054,wta:215983,2025-06-23,2025,2025,grass,Eastbourne,R32,6-7(5) 6-3 6-1,96,59,99,53,86,WTA-2025-710-282,2025-710,3,0.786843611638263,0.6168751907232225,0.7018594011807427,0.7048848700638422,0.6998148482359762
wta:233741,wta:202460,2025-06-23,2025,2025,grass,Eastbourne,R32,7-5 6-2,58,36,87,41,86,WTA-2025-710-283,2025-710,3,0.15947774453785576,0.34919133353677145,0.2543345390373136,0.24822912715939505,0.2509167788908382
wta:215020,wta:213631,2025-06-23,2025,2025,grass,Eastbourne,R32,6-4 2-6 6-3,88,50,78,43,86,WTA-2025-710-284,2025-710,3,0.4162883086537625,0.4695453158376564,0.44291681224570945,0.4438990326113054,0.44242856079621296
wta:215138,wta:214082,2025-06-23,2025,2025,grass,Eastbourne,R32,7-5 2-6 6-3,94,52,93,52,86,WTA-2025-710-285,2025-710,3,0.19642927255683568,0.37598413182789137,0.28620670219236355,0.2810669818007231,0.29020426093511603
wta:223253,wta:219875,2025-06-23,2025,2025,grass,Eastbourne,SF,7-5 2-6 6-3,104,54,90,45,86,WTA-2025-710-298,2025-710,3,0.555765772842525,0.5216661580714068,0.538715965456966,0.5372632751394726,0.5364272867874511
wta:233741,wta:201499,2025-06-23,2025,2025,grass,Eastbourne,SF,7-5 6-3,51,32,72,35,86,WTA-2025-710-299,2025-710,3,0.4704602732490118,0.4888922795239548,0.4796762763864833,0.4802941010338798,0.4749158247538925
wta:216347,wta:216153,2025-06-30,2025,2025,grass,Wimbledon,F,6-0 6-0,37,26,42,13,86,WTA-2025-540-226,2025-540,3,0.7960300193758303,0.6177906621910284,0.7069103407834294,0.7125448574434737,0.7057507435908752
wta:214544,wta:201696,2025-06-30,2025,2025,grass,Wimbledon,QF,4-6 6-2 6-4,103,54,95,45,86,WTA-2025-540-220,2025-540,3,0.9596862033871646,0.7732377174244736,0.866461960405819,0.8921867653635492,0.863868124580369
wta:216153,wta:201499,2025-06-30,2025,2025,grass,Wimbledon,QF,6-1 7-6(9),70,44,81,41,86,WTA-2025-540-221,2025-540,3,0.6031621332444165,0.535764418675618,0.5694632759600172,0.5693269096069248,0.568822445932553
wta:202505,wta:259799,2025-06-30,2025,2025,grass,Wimbledon,QF,7-6(3) 7-6(2),84,57,94,57,86,WTA-2025-540-222,2025-540,3,0.5230635963326611,0.501953005797986,0.5125083010653235,0.5153817947112708,0.51195901818464
wta:216347,wta:214643,2025-06-30,2025,2025,grass,Wimbledon,QF,6-2 7-5,68,42,66,33,86,WTA-2025-540-223,2025-540,3,0.8045660610148669,0.618462007934086,0.7115140344744765,0.7197833295830334,0.7127041473826242
wta:214544,wta:215062,2025-06-30,2025,2025,grass,Wimbledon,R128,6-1 7-5,59,43,54,31,86,WTA-2025-540-100,2025-540,3,0.9896609425396109,0.8828501678364358,0.9362555551880234,0.9543904523771831,0.9328683107571414
wta:213631,wta:215138,2025-06-30,2025,2025,grass,Wimbledon,R128,6-4 6-4,72,46,55,33,86,WTA-2025-540-101,2025-540,3,0.6084838869493235,0.5323466585291425,0.5704152727392331,0.5729659422817688,0.5720020899500966
wta:221054,wta:259685,2025-06-30,2025,2025,grass,Wimbledon,R128,6-3 6-3,53,35,64,31,86,WTA-2025-540-102,2025-540,3,0.9375157391681426,0.7576747024717729,0.8475952208199578,0.8588226936851397,0.8452455107192559
wta:214954,wta:220520,2025-06-30,2025,2025,grass,Wimbledon,R128,6-1 7-6(3),59,35,74,36,86,WTA-2025-540-103,2025-540,3,0.7757263319745265,0.6151052792187977,0.695415805596662,0.695781292993317,0.6910825739823807
wta:210722,wta:222258,2025-06-30,2025,2025,grass,Wimbledon,R128,6-4 6-2,58,39,82,42,86,WTA-2025-540-104,2025-540,3,0.7198523899362572,0.5787305462313092,0.6492914680837831,0.6522973878513535,0.6502984866983696
wta:215983,wta:203530,2025-06-30,2025,2025,grass,Wimbledon,R128,6-3 4-6 6-1,73,47,102,54,86,WTA-2025-540-105,2025-540,3,0.48470101497947443,0.4960939884040281,0.4903975016917512,0.4897989076255688,0.4903669859761577
wta:205925,wta:219875,2025-06-30,2025,2025,grass,Wimbledon,R128,6-4 6-7(5) 7-6(8),145,70,136,62,86,WTA-2025-540-106,2025-540,3,0.35047611860957933,0.4451937747940189,0.3978349467017991,0.3986009203242257,0.40201559973811285
wta:202494,wta:214388,2025-06-30,2025,2025,grass,Wimbledon,R128,6-3 6-1,47,35,47,23,86,WTA-2025-540-107,2025-540,3,0.9328834505239387,0.7322245956667683,0.8325540230953535,0.8525278350939706,0.8356971418014872
wta:211107,wta:211651,2025-06-30,2025,2025,grass,Wimbledon,R128,6-2 3-6 6-4,79,50,89,50,86,WTA-2025-540-108,2025-540,3,0.2652312617652791,0.4048519987793714,0.33504163027232525,0.33641700607944797,0.33693360463912414
wta:221333,wta:216265,2025-06-30,2025,2025,grass,Wimbledon,R128,6-2 7-6(8),81,51,70,41,86,WTA-2025-540-109,2025-540,3,0.08234342472487068,0.2215135794934391,0.1519285021091549,0.16696616472858394,0.15250830070543198
wta:213710,wta:223331,2025-06-30,2025,2025,grass,Wimbledon,R128,6-4 6-4,56,43,80,45,86,WTA-2025-540-110,2025-540,3,0.5263695082036459,0.5134879462923405,0.5199287272479932,0.5175887376319713,0.5193794443673097
wta:202499,wta:214040,2025-06-30,2025,2025,grass,Wimbledon,R128,6-0 6-4,61,40,49,25,86,WTA-2025-540-111,2025-540,3,0.7314225377590642,0.5825144949649069,0.6569685163619856,0.6610330656221347,0.6592877107470939
wta:220367,wta:263872,2025-06-30,2025,2025,grass,Wimbledon,R128,6-1 6-3,53,34,48,21,86,WTA-2025-540-112,2025-540,3,0.9313315426922726,0.7438815990234972,0.8376065708578848,0.850460438797134,0.8398342180962126
wta:201696,wta:220548,2025-06-30,2025,2025,grass,Wimbledon,R128,6-4 6-2,66,42,64,33,86,WTA-2025-540-113,2025-540,3,0.42594879754149995,0.47650289899298137,0.45122584826724066,0.4504301251820091,0.44612972376312104
wta:215337,wta:201533,2025-06-30,2025,2025,grass,Wimbledon,R128,6-2 6-4,75,47,55,30,86,WTA-2025-540-114,2025-540,3,0.6177299420500071,0.5389990845285322,0.5783645132892696,0.5793119136941512,0.582240009169648
wta:201619,wta:211817,2025-06-30,2025,2025,grass,Wimbledon,R128,6-7(4) 7-5 7-5,108,65,112,60,86,WTA-2025-540-115,2025-540,3,0.9248285748737686,0.7180042722001831,0.8214164235369759,0.8420052992247832,0.8219657064176593
wta:211148,wta:201545,2025-06-30,2025,2025,grass,Wimbledon,R128,2-6 6-3 6-2,80,44,92,45,86,WTA-2025-540-116,2025-540,3,0.6030149648251658,0.5386939273725969,0.5708544460988814,0.5692264085933519,0.5705187732273524
wta:215872,wta:256684,2025-06-30,2025,2025,grass,Wimbledon,R128,5-7 6-3 6-2,80,44,99,48,86,WTA-2025-540-117,2025-540,3,0.6122174355264937,0.5466890448581019,0.5794532401922978,0.5755247377511864,0.5781715801373695
wta:220332,wta:206294,2025-06-30,2025,2025,grass,Wimbledon,R128,6-4 5-7 6-2,105,59,96,48,86,WTA-2025-540-118,2025-540,3,0.5183972601486327,0.5095209032651816,0.5139590817069072,0.512267916782357,0.5145083645875907
wta:222328,wta:211095,2025-06-30,2025,2025,grass,Wimbledon,R128,6-2 6-4,52,38,59,33,86,WTA-2025-540-119,2025-540,3,0.8301288126691274,0.642386328959414,0.7362575708142707,0.7422495498184297,0.7328092949522018
wta:206242,wta:211685,2025-06-30,2025,2025,grass,Wimbledon,R128,7-6(7) 6-4,77,51,91,53,86,WTA-2025-540-120,2025-540,3,0.6905128316935881,0.5711016173329264,0.6308072245132572,0.63065130902154,0.6308377402288508
wta:213646,wta:211279,2025-06-30,2025,2025,grass,Wimbledon,R128,3-6 6-3 7-5,99,59,95,51,86,WTA-2025-540-121,2025-540,3,0.4864369566389581,0.49316447970704913,0.48980071817300364,0.4909567386083694,0.49022793819131305
wta:213887,wta:201518,2025-06-30,2025,2025,grass,Wimbledon,R128,6-0 6-3,57,34,51,20,86,WTA-2025-540-122,2025-540,3,0.3728867121635919,0.44983216356423555,0.4113594378639137,0.4142148292045238,0.4115120164418814
wta:216153,wta:201709,2025-06-30,2025,2025,grass,Wimbledon,R128,6-0 6-0,30,24,42,15,86,WTA-2025-540-123,2025-540,3,0.40838511762906415,0.47345132743362833,0.44091822253134627,0.43853819724748627,0.4431153540540804
wta:223670,wta:220416,2025-06-30,2025,2025,grass,Wimbledon,R128,7-6(5) 6-3,61,44,89,50,86,WTA-2025-540-124,2025-540,3,0.7997519939813194,0.6262129996948429,0.7129824968380811,0.7156862238977267,0.7105107238750051
wta:220348,wta:201549,2025-06-30,2025,2025,grass,Wimbledon,R128,4-6 6-3 6-2,88,58,87,51,86,WTA-2025-540-125,2025-540,3,0.6246861951105432,0.5431492218492524,0.5839177084798979,0.5841074360311717,0.5867556700300962
wta:202600,wta:202460,2025-06-30,2025,2025,grass,Wimbledon,R128,7-6(5) 2-0 RET,65,35,61,29,86,WTA-2025-540-126,2025-540,3,0.07474251703803424,0.2881599023497101,0.18145120969387218,0.15744687210517663,0.17931510960232502
wta:222661,wta:211533,2025-06-30,2025,2025,grass,Wimbledon,R128,7-5 2-6 6-2,92,55,78,43,86,WTA-2025-540-127,2025-540,3,0.13155708162978202,0.3383887702166616,0.2349729259232218,0.22128838570302362,0.2354611773727183
wta:221909,wta:261963,2025-06-30,2025,2025,grass,Wimbledon,R128,6-3 6-2,58,37,58,30,86,WTA-2025-540-128,2025-540,3,0.7541173790019083,0.6265181568507782,0.6903177679263433,0.6785528388101347,0.6907755036602462
wta:201499,wta:201548,2025-06-30,2025,2025,grass,Wimbledon,R128,4-6 6-3 6-2,79,48,70,37,86,WTA-2025-540-129,2025-540,3,0.5663191603044366,0.5247177296307598,0.5455184449675983,0.5443578971147045,0.5425584205550258
wta:211768,wta:221883,2025-06-30,2025,2025,grass,Wimbledon,R128,6-4 7-6(4),77,47,66,33,86,WTA-2025-540-130,2025-540,3,0.8733081924817377,0.6893194995422642,0.781313846012001,0.7836424900160467,0.7825344746357422
wta:211701,wta:221012,2025-06-30,2025,2025,grass,Wimbledon,R128,7-5 4-6 6-1,90,58,94,54,86,WTA-2025-540-131,2025-540,3,0.4447638484558216,0.47937137625877324,0.46206761235729743,0.4630922438283179,0.4645088696047799
wta:259799,wta:210886,2025-06-30,2025,2025,grass,Wimbledon,R128,6-3 6-3,50,33,67,33,86,WTA-2025-540-132,2025-540,3,0.9751358847595322,0.8152273420811718,0.895181613420352,0.9202758429059245,0.8953341919983197
wta:214459,wta:213525,2025-06-30,2025,2025,grass,Wimbledon,R128,6-4 7-5,64,45,63,41,86,WTA-2025-540-133,2025-540,3,0.7386494502455832,0.5842844064693317,0.6614669283574575,0.6665540752338971,0.6655865499625842
wta:221024,wta:201514,2025-06-30,2025,2025,grass,Wimbledon,R128,6-7(0) 6-1 6-2,99,66,78,49,86,WTA-2025-540-134,2025-540,3,0.6367032654741254,0.5463838877021666,0.591543576588146,0.5924386484172539,0.5952970096061503
wta:239475,wta:211684,2025-06-30,2025,2025,grass,Wimbledon,R128,6-3 6-2,46,31,61,30,86,WTA-2025-540-135,2025-540,3,0.37252241301514893,0.4460482148306378,0.40928531392289336,0.4139627973920574,0.409956659665951
wta:206252,wta:223253,2025-06-30,2025,2025,grass,Wimbledon,R128,3-6 6-2 6-1,93,55,92,46,86,WTA-2025-540-136,2025-540,3,0.7024502463765366,0.582575526396094,0.6425128863863153,0.6393772097930458,0.6432147478449666
wta:214452,wta:201551,2025-06-30,2025,2025,grass,Wimbledon,R128,6-2 6-2,47,30,50,22,86,WTA-2025-540-137,2025-540,3,0.6114196598799884,0.5421116875190723,0.5767656736995304,0.5749775682632605,0.5741413221584868
wta:206368,wta:202684,2025-06-30,2025,2025,grass,Wimbledon,R128,6-3 6-2,65,43,43,26,86,WTA-2025-540-138,2025-540,3,0.6876243116610696,0.5628013426914861,0.6252128271762778,0.6285553024786207,0.6299427630932751
wta:215613,wta:201520,2025-06-30,2025,2025,grass,Wimbledon,R128,6-3 6-1,44,31,50,22,86,WTA-2025-540-139,2025-540,3,0.7777176219651007,0.6042416844675008,0.6909796532163008,0.6973991500223558,0.6901557288952754
wta:216133,wta:214096,2025-06-30,2025,2025,grass,Wimbledon,R128,7-5 6-2,66,43,57,33,86,WTA-2025-540-140,2025-540,3,0.12777785229390698,0.32563320109856575,0.22670552669623636,0.21746502006876725,0.22746841958607464
wta:220309,wta:211713,2025-06-30,2025,2025,grass,Wimbledon,R128,7-6(3) 6-3,77,44,71,36,86,WTA-2025-540-141,2025-540,3,0.4826700652684466,0.48730546231309124,0.4849877637907689,0.4884441386813367,0.49048059259760446
wta:215480,wta:260300,2025-06-30,2025,2025,grass,Wimbledon,R128,6-1 6-1,47,33,47,20,86,WTA-2025-540-142,2025-540,3,0.4824764030822124,0.4851693622215441,0.4838228826518782,0.488314943350334,0.4869354856424184
wta:206420,wta:211880,2025-06-30,2025,2025,grass,Wimbledon,R128,6-2 7-5,59,34,65,31,86,WTA-2025-540-143,2025-540,3,0.9825573782368542,0.8489166920964296,0.9157370351666418,0.9362846877697812,0.9137229979374689
wta:221039,wta:202663,2025-06-30,2025,2025,grass,Wimbledon,R128,6-7(7) 6-1 6-4,105,63,105,56,86,WTA-2025-540-144,2025-540,3,0.2645986226417321,0.40735428745804086,0.3359764550498865,0.3359336801704463,0.3368308950865053
wta:202505,wta:219917,2025-06-30,2025,2025,grass,Wimbledon,R128,6-0 6-3,40,30,50,24,86,WTA-2025-540-145,2025-540,3,0.9681344400234678,0.7931949954226427,0.8806647177230553,0.906861049696418,0.8852725907776784
wta:220465,wta:213583,2025-06-30,2025,2025,grass,Wimbledon,R128,3-6 7-6(4) 6-1,113,62,103,52,86,WTA-2025-540-146,2025-540,3,0.5815154950736903,0.5324687213915167,0.5569921082326035,0.5546141931340116,0.5550391024346175
wta:220714,wta:202468,2025-06-30,2025,2025,grass,Wimbledon,R128,6-2 6-3,41,33,50,27,86,WTA-2025-540-147,2025-540,3,0.20312125159936523,0.38550503509307293,0.29431314334621905,0.2867407853305706,0.29226859040145253
wta:216347,wta:221236,2025-06-30,2025,2025,grass,Wimbledon,R128,7-5 6-1,55,41,46,28,86,WTA-2025-540-148,2025-540,3,0.9269351398680831,0.7279523954836741,0.8274437676758786,0.844708906767027,0.8258874661806086
wta:216083,wta:214839,2025-06-30,2025,2025,grass,Wimbledon,R128,6-3 6-1,40,29,51,24,86,WTA-2025-540-149,2025-540,3,0.4942114518351845,0.4972535855965822,0.49573251871588336,0.4961408721026968,0.4975329459359017
wta:203389,wta:215785,2025-06-30,2025,2025,grass,Wimbledon,R128,6-3 6-2,51,33,64,30,86,WTA-2025-540-150,2025-540,3,0.6433504697566977,0.551754653646628,0.5975525617016628,0.5970746148155358,0.5961793544999541
wta:220662,wta:216146,2025-06-30,2025,2025,grass,Wimbledon,R128,3-6 6-3 6-4,100,59,90,50,86,WTA-2025-540-151,2025-540,3,0.1187925066838716,0.2774183704607873,0.19810543857232946,0.20817799072765494,0.19694584137977528
wta:220704,wta:201586,2025-06-30,2025,2025,grass,Wimbledon,R128,2-6 6-4 6-3,86,52,80,47,86,WTA-2025-540-152,2025-540,3,0.7090599780495681,0.5803783948733597,0.6447191864614639,0.6442553575104627,0.6447497021770574
wta:214939,wta:211411,2025-06-30,2025,2025,grass,Wimbledon,R128,6-3 7-6(4),74,46,72,39,86,WTA-2025-540-153,2025-540,3,0.5931421521032544,0.5391821788220934,0.5661621654626738,0.5624997684012287,0.5639345182243461
wta:206289,wta:215020,2025-06-30,2025,2025,grass,Wimbledon,R128,6-4 6-4,57,35,60,30,86,WTA-2025-540-154,2025-540,3,0.6537608413603646,0.5471162648764114,0.600438553118388,0.604378147010952,0.6015371188797551
wta:214981,wta:220589,2025-06-30,2025,2025,grass,Wimbledon,R128,6-2 6-1,66,41,38,16,86,WTA-2025-540-155,2025-540,3,0.9002010644929836,0.689990845285322,0.7950959548891527,0.8124954319986137,0.7996733122281824
wta:214082,wta:215306,2025-06-30,2025,2025,grass,Wimbledon,R128,7-5 6-3,82,44,66,30,86,WTA-2025-540-156,2025-540,3,0.903151321104186,0.7005492828806835,0.8018503019924348,0.8158520591484497,0.8018808177080283
wta:201593,wta:215219,2025-06-30,2025,2025,grass,Wimbledon,R128,7-6(6) 1-6 6-3,85,49,86,51,86,WTA-2025-540-157,2025-540,3,0.33092169181018277,0.4370765944461398,0.3839991431281613,0.38477099479507465,0.38387708026578715
wta:263857,wta:215936,2025-06-30,2025,2025,grass,Wimbledon,R128,1-6 6-3 6-1,70,41,72,40,86,WTA-2025-540-158,2025-540,3,0.5814914989880556,0.5263655782728105,0.5539285386304331,0.5545979550833621,0.5557289658504514
wta:214643,wta:233741,2025-06-30,2025,2025,grass,Wimbledon,R128,6-3 6-2,44,29,53,21,86,WTA-2025-540-159,2025-540,3,0.616826179429167,0.5429661275556912,0.5798961534924291,0.5786902444775639,0.5800487320703966
wta:213550,wta:203501,2025-06-30,2025,2025,grass,Wimbledon,R128,7-6(5) 6-2,64,44,73,40,86,WTA-2025-540-160,2025-540,3,0.6784357362052037,0.5675617943240769,0.6229987652646403,0.6219253091402644,0.6224494823839568
wta:222601,wta:230870,2025-06-30,2025,2025,grass,Wimbledon,R128,6-3 3-2 RET,47,33,46,27,86,WTA-2025-540-161,2025-540,3,0.6900834560763562,0.5787305462313092,0.6344070011538328,0.6303393716277103,0.6299211909615836
wta:220435,wta:201458,2025-06-30,2025,2025,grass,Wimbledon,R128,6-2 2-6 6-1,73,43,87,43,86,WTA-2025-540-162,2025-540,3,0.20398623133441948,0.3778150747635032,0.29090065304896134,0.2874688091718914,0.291053231626929
wta:215035,wta:221103,2025-06-30,2025,2025,grass,Wimbledon,R128,7-6(3) 6-1,58,38,58,32,86,WTA-2025-540-163,2025-540,3,0.07296468672986654,0.2887702166615807,0.18086745169572363,0.1551617083396942,0.18001301165910477
wta:214544,wta:210722,2025-06-30,2025,2025,grass,Wimbledon,R16,6-4 7-6(4),62,41,72,42,86,WTA-2025-540-212,2025-540,3,0.8545281515082936,0.649282880683552,0.7519055160959228,0.7650157456187532,0.7494947745640339
wta:201696,wta:221333,2025-06-30,2025,2025,grass,Wimbledon,R16,6-3 6-2,56,37,51,27,86,WTA-2025-540-213,2025-540,3,0.9413639290897468,0.8079646017699115,0.8746642654298291,0.864203774801071,0.8749083911545774
wta:216153,wta:222328,2025-06-30,2025,2025,grass,Wimbledon,R16,6-2 5-7 6-4,92,58,97,56,86,WTA-2025-540-214,2025-540,3,0.5239611194832907,0.5040280744583461,0.5139945969708184,0.5159808797937118,0.5142997541267538
wta:201499,wta:222661,2025-06-30,2025,2025,grass,Wimbledon,R16,7-6(3) 6-4,82,46,90,47,86,WTA-2025-540-215,2025-540,3,0.5709650735293007,0.5230698809887092,0.547017477259005,0.5474880526890734,0.5513201931576928
wta:259799,wta:215613,2025-06-30,2025,2025,grass,Wimbledon,R16,6-2 6-3,54,32,54,23,86,WTA-2025-540-216,2025-540,3,0.562402466638324,0.5163564235581325,0.5393794450982283,0.5417224402914805,0.5422174066484267
wta:202505,wta:206420,2025-06-30,2025,2025,grass,Wimbledon,R16,7-6(4) 6-4,92,54,71,38,86,WTA-2025-540-217,2025-540,3,0.5102204166618025,0.5090936832468721,0.5096570499543374,0.5068141384074224,0.5092603456516214
wta:216347,wta:220704,2025-06-30,2025,2025,grass,Wimbledon,R16,6-4 6-1,40,29,43,21,86,WTA-2025-540-218,2025-540,3,0.8296519849884664,0.6391516631064998,0.7344018240474831,0.7418185202838213,0.7325403653962778
wta:214643,wta:222601,2025-06-30,2025,2025,grass,Wimbledon,R16,7-5 7-5,73,46,79,45,86,WTA-2025-540-219,2025-540,3,0.639497935714844,0.5422337503814465,0.5908658430481453,0.5943852370085672,0.5914456416444223
wta:214544,wta:221054,2025-06-30,2025,2025,grass,Wimbledon,R32,7-6(6) 6-4,78,47,85,47,86,WTA-2025-540-196,2025-540,3,0.8074084551223536,0.6242599938968569,0.7158342245096052,0.7222210070639684,0.7128436843814392
wta:210722,wta:202494,2025-06-30,2025,2025,grass,Wimbledon,R32,6-1 7-6(4),70,45,69,36,86,WTA-2025-540-197,2025-540,3,0.31624925175455404,0.43866341165700334,0.3774563317057787,0.3742465007076033,0.37672395453153396
wta:221333,wta:213710,2025-06-30,2025,2025,grass,Wimbledon,R32,7-5 1-6 6-1,98,53,86,45,86,WTA-2025-540-198,2025-540,3,0.0663314736890064,0.20222764723832773,0.13427956046366707,0.14641859358769543,0.13333357328026763
wta:201696,wta:201619,2025-06-30,2025,2025,grass,Wimbledon,R32,6-3 6-3,62,37,64,30,86,WTA-2025-540-199,2025-540,3,0.06335222305606841,0.269118095819347,0.1662351594377077,0.14237145658251987,0.16504504652955998
wta:222328,wta:215872,2025-06-30,2025,2025,grass,Wimbledon,R32,7-6(6) 7-5,69,44,90,49,86,WTA-2025-540-200,2025-540,3,0.7204294958305464,0.5831858407079646,0.6518076682692555,0.6527302351510894,0.6521738568563779
wta:216153,wta:213646,2025-06-30,2025,2025,grass,Wimbledon,R32,6-3 5-7 6-3,96,60,107,59,86,WTA-2025-540-201,2025-540,3,0.6868213937361365,0.5697589258468111,0.6282901597914738,0.6279737030703041,0.6313112156352334
wta:222661,wta:220348,2025-06-30,2025,2025,grass,Wimbledon,R32,6-4 6-2,51,36,59,31,86,WTA-2025-540-202,2025-540,3,0.46440232301955287,0.4844980164784864,0.47445016974901966,0.4762458913960497,0.47557925122598027
wta:201499,wta:211768,2025-06-30,2025,2025,grass,Wimbledon,R32,3-6 6-4 6-4,87,52,93,52,86,WTA-2025-540-203,2025-540,3,0.3724478588078985,0.4526396093988404,0.4125437341033694,0.4139112120295265,0.41693799714883784
wta:259799,wta:221024,2025-06-30,2025,2025,grass,Wimbledon,R32,6-1 6-3,68,42,48,20,86,WTA-2025-540-204,2025-540,3,0.7826477642559607,0.6161428135489777,0.6993952889024693,0.7014283875790492,0.7012262318380811
wta:215613,wta:206252,2025-06-30,2025,2025,grass,Wimbledon,R32,2-6 6-3 6-4,113,61,69,35,86,WTA-2025-540-205,2025-540,3,0.6057888486981966,0.5363137015563015,0.5710512751272491,0.5711218827195579,0.567541967833993
wta:206420,wta:220309,2025-06-30,2025,2025,grass,Wimbledon,R32,6-3 7-6(1),67,44,69,36,86,WTA-2025-540-206,2025-540,3,0.9463312503862464,0.7581019224900823,0.8522165864381643,0.8713753686708465,0.8492870777411854
wta:202505,wta:220714,2025-06-30,2025,2025,grass,Wimbledon,R32,6-4 3-6 7-6(7),106,68,112,73,86,WTA-2025-540-207,2025-540,3,0.8524210303989905,0.6531278608483368,0.7527744456236637,0.7629903937666085,0.751523301284329
wta:216347,wta:203389,2025-06-30,2025,2025,grass,Wimbledon,R32,6-2 6-3,48,35,55,29,86,WTA-2025-540-208,2025-540,3,0.7926791271910555,0.6119316447970705,0.702305385994063,0.7097356539879742,0.7004439273428575
wta:220704,wta:214981,2025-06-30,2025,2025,grass,Wimbledon,R32,7-6(6) 6-3,81,54,88,52,86,WTA-2025-540-209,2025-540,3,0.13761096169135284,0.3383887702166616,0.2379998659540072,0.22731806892880013,0.23735903592654306
wta:214643,wta:214082,2025-06-30,2025,2025,grass,Wimbledon,R32,6-2 6-3,69,41,39,16,86,WTA-2025-540-210,2025-540,3,0.3132701208191097,0.4428135489777235,0.3780418348984166,0.3720925581391017,0.37636347054077246
wta:222601,wta:215035,2025-06-30,2025,2025,grass,Wimbledon,R32,6-1 2-6 6-3,67,42,77,43,86,WTA-2025-540-211,2025-540,3,0.4732104369662975,0.4855965822398535,0.47940350960307554,0.48213078528940995,0.48089877966715855
wta:214544,wta:213631,2025-06-30,2025,2025,grass,Wimbledon,R64,7-6(4) 6-4,57,45,75,46,86,WTA-2025-540-164,2025-540,3,0.9014698194743972,0.6896246566981996,0.7955472380862985,0.8139336883465846,0.7942960937469636
wta:221054,wta:214954,2025-06-30,2025,2025,grass,Wimbledon,R64,6-3 6-3,53,36,73,37,86,WTA-2025-540-165,2025-540,3,0.5411311309755175,0.5133658834299665,0.527248507202742,0.5274552152104289,0.5297507958814114
wta:210722,wta:215983,2025-06-30,2025,2025,grass,Wimbledon,R64,6-7(5) 6-1 6-2,81,55,100,51,86,WTA-2025-540-166,2025-540,3,0.7297022001652412,0.5837961550198352,0.6567491775925383,0.6597263082304302,0.6538501846111529
wta:202494,wta:205925,2025-06-30,2025,2025,grass,Wimbledon,R64,6-2 6-4,45,25,69,29,86,WTA-2025-540-167,2025-540,3,0.9141303692042154,0.7,0.8070651846021077,0.8287454466254813,0.8070346688865142
wta:221333,wta:211107,2025-06-30,2025,2025,grass,Wimbledon,R64,6-7(7) 6-2 6-1,85,51,90,42,86,WTA-2025-540-168,2025-540,3,0.02432482910440765,0.12264266097039976,0.07348374503740371,0.07863147158443773,0.07635222230319558
wta:213710,wta:202499,2025-06-30,2025,2025,grass,Wimbledon,R64,6-1 6-3,51,34,53,26,86,WTA-2025-540-169,2025-540,3,0.16399199627756786,0.36841623436069576,0.2662041153191318,0.25239482402002955,0.2637323423560558
wta:201696,wta:220367,2025-06-30,2025,2025,grass,Wimbledon,R64,6-2 6-3,57,37,55,28,86,WTA-2025-540-170,2025-540,3,0.19785212072933228,0.38025633201098563,0.289054226370159,0.28227958936498215,0.2881387549023531
wta:201619,wta:215337,2025-06-30,2025,2025,grass,Wimbledon,R64,6-4 6-2,60,39,67,35,86,WTA-2025-540-171,2025-540,3,0.9047174895914296,0.7001830942935612,0.8024502919424954,0.8176516673112685,0.8055628949330356
wta:215872,wta:211148,2025-06-30,2025,2025,grass,Wimbledon,R64,4-6 6-4 6-4,103,65,93,57,86,WTA-2025-540-172,2025-540,3,0.1669085021044203,0.3504729935916997,0.25869074784806,0.255061215152247,0.25808043353618937
wta:222328,wta:220332,2025-06-30,2025,2025,grass,Wimbledon,R64,6-2 2-6 6-3,76,41,81,38,86,WTA-2025-540-173,2025-540,3,0.7720838974907905,0.6126640219713152,0.6923739597310529,0.6928357675756157,0.688986715300171
wta:213646,wta:206242,2025-06-30,2025,2025,grass,Wimbledon,R64,7-6(7) 6-1,87,54,59,31,86,WTA-2025-540-174,2025-540,3,0.35253714929448177,0.44391211473909065,0.3982246320167862,0.4000467606598744,0.39944526064052743
wta:216153,wta:213887,2025-06-30,2025,2025,grass,Wimbledon,R64,6-4 6-3,69,43,66,35,86,WTA-2025-540-175,2025-540,3,0.7837305334519942,0.6118706133658834,0.6978005734089388,0.7023179105266916,0.6987160448767447
wta:220348,wta:223670,2025-06-30,2025,2025,grass,Wimbledon,R64,6-4 6-1,56,37,50,24,86,WTA-2025-540-176,2025-540,3,0.28480207452438233,0.41974366798901436,0.35227287125669837,0.3511830022412644,0.35379865703637486
wta:222661,wta:202600,2025-06-30,2025,2025,grass,Wimbledon,R64,6-2 6-2,48,32,46,21,86,WTA-2025-540-177,2025-540,3,0.6065918765575502,0.5389380530973451,0.5727649648274477,0.5716710913409103,0.5682791546351986
wta:201499,wta:221909,2025-06-30,2025,2025,grass,Wimbledon,R64,7-6(4) 6-4,70,45,83,45,86,WTA-2025-540-178,2025-540,3,0.40771668876505723,0.46911809581934694,0.4384173922922021,0.43808400095483985,0.4386615180169503
wta:211768,wta:211701,2025-06-30,2025,2025,grass,Wimbledon,R64,6-3 6-2,52,36,64,32,86,WTA-2025-540-179,2025-540,3,0.552220025094756,0.5163564235581325,0.5342882243264442,0.5348839971049347,0.5382857830691967
wta:259799,wta:214459,2025-06-30,2025,2025,grass,Wimbledon,R64,6-1 7-6(4),62,43,65,34,86,WTA-2025-540-180,2025-540,3,0.8642664170723133,0.6652120842233751,0.7647392506478442,0.7745396788297437,0.7630608862902
wta:221024,wta:239475,2025-06-30,2025,2025,grass,Wimbledon,R64,7-6(6) 6-3,78,49,75,42,86,WTA-2025-540-181,2025-540,3,0.6546786398329236,0.5675617943240769,0.6111202170785003,0.6050246917627254,0.6106929970601909
wta:206252,wta:214452,2025-06-30,2025,2025,grass,Wimbledon,R64,6-4 3-6 6-2,66,46,86,49,86,WTA-2025-540-182,2025-540,3,0.824183692983976,0.6368935001525786,0.7305385965682774,0.7369099108134991,0.7303860179903097
wta:215613,wta:206368,2025-06-30,2025,2025,grass,Wimbledon,R64,6-1 6-2,61,39,45,18,86,WTA-2025-540-183,2025-540,3,0.7409773939835304,0.5872139151663106,0.6640956545749205,0.6683436589038806,0.6623257430704957
wta:220309,wta:216133,2025-06-30,2025,2025,grass,Wimbledon,R64,7-5 7-5,77,45,82,44,86,WTA-2025-540-184,2025-540,3,0.42386546319625257,0.47247482453463535,0.44817014386544396,0.4490235490275516,0.4487194267461275
wta:206420,wta:215480,2025-06-30,2025,2025,grass,Wimbledon,R64,6-4 6-0,43,31,41,17,86,WTA-2025-540-185,2025-540,3,0.877043537752356,0.6706438815990236,0.7738437096756898,0.7874826218759512,0.7721653453180455
wta:202505,wta:221039,2025-06-30,2025,2025,grass,Wimbledon,R64,4-6 6-1 6-2,74,46,87,44,86,WTA-2025-540-186,2025-540,3,0.9664637276663635,0.7980775099176076,0.8822706187919855,0.9038433510264466,0.8845592974615003
wta:220714,wta:220465,2025-06-30,2025,2025,grass,Wimbledon,R64,6-0 6-4,54,34,46,19,86,WTA-2025-540-187,2025-540,3,0.6008623965416263,0.5347268843454379,0.5677946404435321,0.5677572212428744,0.5662993703794491
wta:216347,wta:216083,2025-06-30,2025,2025,grass,Wimbledon,R64,5-7 6-2 6-1,96,62,89,49,86,WTA-2025-540-188,2025-540,3,0.9390983316457757,0.737778455904791,0.8384383937752833,0.861018251398799,0.8381637523349416
wta:203389,wta:220662,2025-06-30,2025,2025,grass,Wimbledon,R64,6-4 6-1,41,36,44,24,86,WTA-2025-540-189,2025-540,3,0.845340593591339,0.6887091852303937,0.7670248894108663,0.7562710069430437,0.7669638579796793
wta:220704,wta:214939,2025-06-30,2025,2025,grass,Wimbledon,R64,6-3 7-6(10),66,43,77,46,86,WTA-2025-540-190,2025-540,3,0.4397741683292005,0.4868782422947818,0.4633262053119912,0.45974090366632453,0.46341775245877176
wta:214981,wta:206289,2025-06-30,2025,2025,grass,Wimbledon,R64,6-3 6-1,47,32,48,21,86,WTA-2025-540-191,2025-540,3,0.8313624533713689,0.6310344827586207,0.7311984680649948,0.7433669900240861,0.7342805553399414
wta:214082,wta:201593,2025-06-30,2025,2025,grass,Wimbledon,R64,6-2 4-6 6-1,73,44,92,40,86,WTA-2025-540-192,2025-540,3,0.9438950999408371,0.7407079646017699,0.8423015322713034,0.8678247678577116,0.843369582317077
wta:214643,wta:263857,2025-06-30,2025,2025,grass,Wimbledon,R64,6-2 6-1,37,28,59,27,86,WTA-2025-540-193,2025-540,3,0.6369965967376661,0.5445529447665548,0.5907747707521105,0.5926427969584902,0.5950164552196111
wta:222601,wta:213550,2025-06-30,2025,2025,grass,Wimbledon,R64,6-1 7-6(4),74,47,70,39,86,WTA-2025-540-194,2025-540,3,0.32746912885845325,0.4367104058590174,0.38208976735873534,0.382306559411664,0.3799841829827817
wta:215035,wta:220435,2025-06-30,2025,2025,grass,Wimbledon,R64,5-7 7-5 7-6(8),111,71,121,71,86,WTA-2025-540-195,2025-540,3,0.7801284149542302,0.615410436374733,0.6977694256644816,0.6993651478617491,0.7005158400678994
wta:216153,wta:214544,2025-06-30,2025,2025,grass,Wimbledon,SF,6-4 4-6 6-4,108,65,106,63,86,WTA-2025-540-224,2025-540,3,0.13066417419508983,0.34882514494964906,0.23974465957236946,0.22038926806506431,0.23376357931603742
wta:216347,wta:202505,2025-06-30,2025,2025,grass,Wimbledon,SF,6-2 6-0,44,31,43,19,86,WTA-2025-540-225,2025-540,3,0.5128763296854874,0.5116570033567287,0.512266666521108,0.5085852743541611,0.5106798493102445
wta:222391,wta:214388,2025-07-14,2025,2025,clay,Hamburg,F,7-5 6-3,79,44,59,27,87,WTA-2025-2042-300,2025-2042,3,0.8803913082057157,0.667165090021361,0.7737781991135384,0.7909664262025711,0.7759142992050855
wta:215035,wta:213646,2025-07-14,2025,2025,clay,Hamburg,QF,7-6(1) 3-6 6-2,100,54,100,51,87,WTA-2025-2042-294,2025-2042,3,0.7130992736147168,0.5732987488556607,0.6431990112351887,0.6472537821041152,0.6451825327487682
wta:222391,wta:202600,2025-07-14,2025,2025,clay,Hamburg,QF,6-3 6-3,46,30,51,25,87,WTA-2025-2042-295,2025-2042,3,0.9511771837472913,0.7509612450411962,0.8510692143942438,0.8786458095237308,0.8520457172932367
wta:215219,wta:220742,2025-07-14,2025,2025,clay,Hamburg,QF,6-4 6-7(5) 6-4,104,63,98,56,87,WTA-2025-2042-296,2025-2042,3,0.6217436434569661,0.5529142508391822,0.5873289471480742,0.5820765778246597,0.5854674884968687
wta:214388,wta:206420,2025-07-14,2025,2025,clay,Hamburg,QF,6-7(1) 6-3 7-6(4),113,64,115,63,87,WTA-2025-2042-297,2025-2042,3,0.11858963436155603,0.3357033872444309,0.22714651080299347,0.20796493956716558,0.22409493924364038
wta:215035,wta:220348,2025-07-14,2025,2025,clay,Hamburg,R16,6-1 6-4,56,37,48,24,87,WTA-2025-2042-286,2025-2042,3,0.6610441250030223,0.5499847421422033,0.6055144335726128,0.6095212915763776,0.6090847722970558
wta:213646,wta:221768,2025-07-14,2025,2025,clay,Hamburg,R16,1-6 6-3 6-2,65,43,76,46,87,WTA-2025-2042-287,2025-2042,3,0.6757504118639197,0.5762282575526396,0.6259893347082797,0.6199981000693374,0.6286442019649168
wta:202600,wta:206292,2025-07-14,2025,2025,clay,Hamburg,R16,6-1 6-1,44,30,55,25,87,WTA-2025-2042-288,2025-2042,3,0.27269311625424064,0.4196216051266402,0.34615736069044045,0.3420884935662049,0.34188516050734613
wta:222391,wta:211337,2025-07-14,2025,2025,clay,Hamburg,R16,6-4 6-7(3) 6-4,115,62,101,52,87,WTA-2025-2042-289,2025-2042,3,0.9239975271442014,0.7285016783643576,0.8262496027542795,0.8409476046980346,0.8237167983600164
wta:215219,wta:211635,2025-07-14,2025,2025,clay,Hamburg,R16,4-6 6-4 6-1,81,47,94,44,87,WTA-2025-2042-290,2025-2042,3,0.7638581645788953,0.6005797985962771,0.6822189815875862,0.6862473083001505,0.6870709803669576
wta:220742,wta:201551,2025-07-14,2025,2025,clay,Hamburg,R16,6-2 6-2,46,31,43,18,87,WTA-2025-2042-291,2025-2042,3,0.4244263269348738,0.4722306988098871,0.44832851287238046,0.44940231798874886,0.4467722113771104
wta:214388,wta:221257,2025-07-14,2025,2025,clay,Hamburg,R16,6-3 6-2,59,41,54,29,87,WTA-2025-2042-292,2025-2042,3,0.784225498897896,0.6290204455294477,0.7066229722136719,0.7027251005106432,0.7047004821312794
wta:206420,wta:211344,2025-07-14,2025,2025,clay,Hamburg,R16,6-2 6-2,46,29,46,17,87,WTA-2025-2042-293,2025-2042,3,0.9665665870810355,0.8021055843759536,0.8843360857284945,0.9040273422286427,0.8865027015356353
wta:215035,wta:215898,2025-07-14,2025,2025,clay,Hamburg,R32,6-4 6-3,77,37,63,25,87,WTA-2025-2042-270,2025-2042,3,0.7765537175969146,0.6013121757705219,0.6889329466837182,0.6964528594912459,0.6884141795186283
wta:220348,wta:223087,2025-07-14,2025,2025,clay,Hamburg,R32,7-6(9) 3-6 7-5,120,67,143,79,87,WTA-2025-2042-271,2025-2042,3,0.9545160281077626,0.8182789136405249,0.8863974708741438,0.883832004602098,0.8872519109107626
wta:213646,wta:202434,2025-07-14,2025,2025,clay,Hamburg,R32,6-4 6-1,53,36,62,28,87,WTA-2025-2042-272,2025-2042,3,0.6141134784078379,0.5354592615196826,0.5747863699637603,0.5768260910831473,0.5761290614498756
wta:221768,wta:220416,2025-07-14,2025,2025,clay,Hamburg,R32,7-5 6-3,85,45,78,36,87,WTA-2025-2042-273,2025-2042,3,0.3593099009507403,0.4357339029600244,0.39752190195538234,0.40478328279400677,0.40112275639541894
wta:202600,wta:213583,2025-07-14,2025,2025,clay,Hamburg,R32,6-3 7-6(5),64,41,84,46,87,WTA-2025-2042-274,2025-2042,3,0.39863203279652054,0.4698504729935917,0.4342412528950561,0.43189784601122944,0.4355229129499844
wta:206292,wta:231639,2025-07-14,2025,2025,clay,Hamburg,R32,7-6(4) 3-6 6-2,114,64,93,50,87,WTA-2025-2042-275,2025-2042,3,0.8078875263846139,0.6411046689044858,0.7244960976445498,0.7226332575726883,0.726174462002194
wta:211337,wta:213779,2025-07-14,2025,2025,clay,Hamburg,R32,6-4 6-3,62,37,69,32,87,WTA-2025-2042-276,2025-2042,3,0.7650781488136063,0.6227952395483675,0.6939366941809868,0.6872190634614541,0.6882912867961837
wta:222391,wta:211814,2025-07-14,2025,2025,clay,Hamburg,R32,6-1 6-3,52,33,65,31,87,WTA-2025-2042-277,2025-2042,3,0.9159089907299097,0.7211168751907232,0.8185129329603165,0.8308989280791526,0.8171397257586076
wta:211635,wta:210886,2025-07-14,2025,2025,clay,Hamburg,R32,4-6 7-5 3-0 RET,107,57,102,50,87,WTA-2025-2042-278,2025-2042,3,0.22437030345017914,0.3919743667989014,0.3081723351245403,0.30429708279542506,0.30484612212484546
wta:215219,wta:221237,2025-07-14,2025,2025,clay,Hamburg,R32,7-6(4) 6-1,70,39,77,37,87,WTA-2025-2042-279,2025-2042,3,0.5330111073382386,0.5176380836130607,0.5253245954756497,0.5220252022592888,0.5237072625491925
wta:201551,wta:216367,2025-07-14,2025,2025,clay,Hamburg,R32,6-2 6-1,39,26,48,18,87,WTA-2025-2042-280,2025-2042,3,0.7189952855772114,0.586542569423253,0.6527689275002322,0.6516550734131974,0.6542031661331281
wta:220742,wta:213849,2025-07-14,2025,2025,clay,Hamburg,R32,6-1 6-1,41,26,40,10,87,WTA-2025-2042-281,2025-2042,3,0.7409957670257368,0.623405553860238,0.6822006604429873,0.668357805132631,0.683329741919948
wta:214388,wta:223333,2025-07-14,2025,2025,clay,Hamburg,R32,6-4 3-6 7-6(3),105,61,114,66,87,WTA-2025-2042-282,2025-2042,3,0.5829692168239702,0.5291119926762282,0.5560406047500992,0.5555981916919173,0.5570476233646857
wta:221257,wta:214507,2025-07-14,2025,2025,clay,Hamburg,R32,4-6 7-5 6-4,97,57,109,57,87,WTA-2025-2042-283,2025-2042,3,0.6705532581601817,0.5869087580103753,0.6287310080852786,0.6162809449412623,0.6289446180944332
wta:211344,wta:260296,2025-07-14,2025,2025,clay,Hamburg,R32,7-6(4) 6-2,70,44,67,39,87,WTA-2025-2042-284,2025-2042,3,0.4989074447660617,0.5006103143118706,0.49975887953896614,0.4992716292000112,0.4969209179887678
wta:206420,wta:220770,2025-07-14,2025,2025,clay,Hamburg,R32,6-0 6-3,38,32,51,23,87,WTA-2025-2042-285,2025-2042,3,0.939488358767522,0.7821483063777845,0.8608183325726533,0.8615630329753445,0.862588244077078
wta:222391,wta:215035,2025-07-14,2025,2025,clay,Hamburg,SF,6-1 7-6(5),68,45,63,34,87,WTA-2025-2042-298,2025-2042,3,0.7301385916437607,0.5884345437900519,0.6592865677169063,0.6600575213454921,0.6567842790382368
wta:214388,wta:215219,2025-07-14,2025,2025,clay,Hamburg,SF,5-7 6-3 6-4,96,58,80,50,87,WTA-2025-2042-299,2025-2042,3,0.5429469642630954,0.5250228867866952,0.5339849255248953,0.5286705494842335,0.5316962468553805
wta:201593,wta:213525,2025-07-14,2025,2025,clay,Iasi,F,6-0 7-5,54,36,56,26,87,WTA-2025-2063-300,2025-2063,3,0.5201856962082093,0.5187366493744279,0.5194611727913185,0.5134611952874717,0.5105810995536011
wta:211713,wta:215910,2025-07-14,2025,2025,clay,Iasi,QF,6-3 6-4,55,38,61,31,87,WTA-2025-2063-294,2025-2063,3,0.925849134506521,0.7283185840707964,0.8270838592886587,0.8433110235052941,0.8280908779032452
wta:201593,wta:216074,2025-07-14,2025,2025,clay,Iasi,QF,6-2 3-6 7-5,96,50,89,42,87,WTA-2025-2063-295,2025-2063,3,0.6667795788723718,0.5822703692401587,0.6245249740562653,0.6135921137081226,0.6222973268179375
wta:213525,wta:215899,2025-07-14,2025,2025,clay,Iasi,QF,5-7 6-1 7-5,93,54,113,59,87,WTA-2025-2063-296,2025-2063,3,0.4907526104978251,0.4964601769911504,0.4936063937444878,0.49383468309856887,0.494308255203139
wta:201514,wta:214604,2025-07-14,2025,2025,clay,Iasi,QF,6-1 6-4,53,37,53,27,87,WTA-2025-2063-297,2025-2063,3,0.7515629844277371,0.5953921269453769,0.673477555686557,0.6765533472185187,0.669510512659398
wta:211713,wta:213544,2025-07-14,2025,2025,clay,Iasi,R16,4-1 RET,16,9,16,5,87,WTA-2025-2063-286,2025-2063,3,0.8171941403045738,0.6189502593835825,0.7180721998440782,0.7307244666479565,0.7210017085410572
wta:215910,wta:215936,2025-07-14,2025,2025,clay,Iasi,R16,6-4 6-3,64,40,70,37,87,WTA-2025-2063-287,2025-2063,3,0.1952291233681574,0.364693317058285,0.27996122021322123,0.2800414860629971,0.2816701002864589
wta:216074,wta:215983,2025-07-14,2025,2025,clay,Iasi,R16,6-3 6-3,75,42,58,25,87,WTA-2025-2063-288,2025-2063,3,0.20605355633681782,0.3520598108025633,0.2790566835696906,0.289203976782636,0.28049092220258653
wta:201593,wta:223286,2025-07-14,2025,2025,clay,Iasi,R16,3-6 6-3 6-3,85,48,90,46,87,WTA-2025-2063-289,2025-2063,3,0.8757989401421411,0.6766859932865426,0.7762424667143418,0.786197704971434,0.7805451826130296
wta:213525,wta:216081,2025-07-14,2025,2025,clay,Iasi,R16,7-6(5) 6-2,72,41,72,33,87,WTA-2025-2063-290,2025-2063,3,0.691726507361526,0.5848947207812023,0.6383106140713641,0.6315337357130196,0.6357472939615076
wta:215899,wta:213706,2025-07-14,2025,2025,clay,Iasi,R16,6-4 7-6(2),67,34,98,45,87,WTA-2025-2063-291,2025-2063,3,0.8451100935010554,0.6734513274336283,0.7592807104673418,0.7560544246737844,0.7616304205680438
wta:201514,wta:219875,2025-07-14,2025,2025,clay,Iasi,R16,6-2 6-4,48,35,57,30,87,WTA-2025-2063-292,2025-2063,3,0.6786806468211642,0.5635337198657309,0.6211071833434476,0.6221013052577947,0.6177504546281591
wta:214604,wta:220589,2025-07-14,2025,2025,clay,Iasi,R16,7-6(4) 6-2,87,46,99,47,87,WTA-2025-2063-293,2025-2063,3,0.29255595799927336,0.426396093988404,0.35947602599383865,0.35694044713866335,0.36029995031486406
wta:211713,wta:211809,2025-07-14,2025,2025,clay,Iasi,R32,6-1 6-4,63,40,55,25,87,WTA-2025-2063-270,2025-2063,3,0.885969064998295,0.6931644797070491,0.789566772352672,0.7968639768088931,0.788590269453679
wta:213544,wta:220662,2025-07-14,2025,2025,clay,Iasi,R32,7-6(6) 6-2,90,52,73,38,87,WTA-2025-2063-271,2025-2063,3,0.5622641218683113,0.5294781812633507,0.545871151565831,0.5416294052865301,0.5435824728963161
wta:215910,wta:221191,2025-07-14,2025,2025,clay,Iasi,R32,6-3 2-6 7-5,75,43,104,56,87,WTA-2025-2063-272,2025-2063,3,0.8434201184651676,0.6926762282575526,0.7680481733613601,0.7544705341465512,0.7721067635352997
wta:215936,wta:214189,2025-07-14,2025,2025,clay,Iasi,R32,6-3 6-2,53,37,47,24,87,WTA-2025-2063-273,2025-2063,3,0.7433552626390898,0.5966737870003052,0.6700145248196975,0.6701774020679019,0.6729135178010829
wta:215983,wta:215571,2025-07-14,2025,2025,clay,Iasi,R32,3-6 6-2 6-2,82,46,77,38,87,WTA-2025-2063-274,2025-2063,3,0.8747315544323754,0.6816295392126945,0.7781805468225349,0.7851000678691172,0.7822391369964745
wta:216074,wta:203514,2025-07-14,2025,2025,clay,Iasi,R32,6-4 4-6 7-6(2),107,62,96,56,87,WTA-2025-2063-275,2025-2063,3,0.27020345578722943,0.38593225511138235,0.3280678554493059,0.34020210168804915,0.3274575411374353
wta:223286,wta:267428,2025-07-14,2025,2025,clay,Iasi,R32,6-2 7-5,57,34,65,31,87,WTA-2025-2063-276,2025-2063,3,0.34531578641787714,0.43109551418980774,0.38820565030384246,0.394971380445088,0.3887854489001195
wta:201593,wta:211702,2025-07-14,2025,2025,clay,Iasi,R32,6-1 6-2,49,33,42,18,87,WTA-2025-2063-277,2025-2063,3,0.7672793528035575,0.5938053097345133,0.6805423312690354,0.6889770883236406,0.686675990103335
wta:213525,wta:214480,2025-07-14,2025,2025,clay,Iasi,R32,1-6 7-6(2) 6-1,81,45,90,48,87,WTA-2025-2063-278,2025-2063,3,0.636438570195776,0.5515105279218798,0.593974549058828,0.5922544629090857,0.595073114820195
wta:216081,wta:213576,2025-07-14,2025,2025,clay,Iasi,R32,4-6 6-4 6-2,87,58,96,55,87,WTA-2025-2063-279,2025-2063,3,0.5070398402054088,0.4984131827891364,0.5027265114972725,0.5046933991093397,0.5056560201942515
wta:215899,wta:201545,2025-07-14,2025,2025,clay,Iasi,R32,6-3 6-3,57,35,59,28,87,WTA-2025-2063-280,2025-2063,3,0.4270798069064703,0.4697284101312176,0.44840410851884394,0.45119331985121863,0.45011298859208165
wta:213706,wta:203463,2025-07-14,2025,2025,clay,Iasi,R32,5-7 7-5 4-1 RET,98,58,103,57,87,WTA-2025-2063-281,2025-2063,3,0.4238605849183345,0.4660665242599939,0.4449635545891642,0.4490202542518143,0.4457264474790025
wta:219875,wta:202536,2025-07-14,2025,2025,clay,Iasi,R32,7-5 6-2,55,36,53,28,87,WTA-2025-2063-282,2025-2063,3,0.30699263834903184,0.4388465059505645,0.3729195721497982,0.3675338597888317,0.36818963623280093
wta:201514,wta:202596,2025-07-14,2025,2025,clay,Iasi,R32,6-2 6-2,39,29,42,16,87,WTA-2025-2063-283,2025-2063,3,0.7866308012457637,0.6310344827586207,0.7088326420021922,0.7047089393338597,0.706696541910645
wta:214604,wta:206255,2025-07-14,2025,2025,clay,Iasi,R32,2-6 6-2 6-2,73,38,91,42,87,WTA-2025-2063-284,2025-2063,3,0.5928450246472429,0.5307598413182789,0.5618024329827609,0.5622977815118996,0.5655863817163587
wta:220589,wta:214653,2025-07-14,2025,2025,clay,Iasi,R32,6-3 6-3,72,43,60,29,87,WTA-2025-2063-285,2025-2063,3,0.8447056466538767,0.7101312175770522,0.7774184321154645,0.7556747199350958,0.7794324693446375
wta:201593,wta:211713,2025-07-14,2025,2025,clay,Iasi,SF,6-4 6-4,70,42,71,38,87,WTA-2025-2063-298,2025-2063,3,0.2877347988538444,0.4291425083918218,0.3584386536228331,0.3533664649934616,0.3566992578340018
wta:213525,wta:201514,2025-07-14,2025,2025,clay,Iasi,SF,6-4 6-3,69,40,62,31,87,WTA-2025-2063-299,2025-2063,3,0.3370604061817528,0.43548977723527615,0.3862750917085145,0.3891354394503158,0.38740417318547515
wta:220367,wta:214939,2025-07-21,2025,2025,hard,Washington,F,6-1 6-2,56,38,38,18,87,WTA-2025-1045-300,2025-1045,3,0.3586952691001925,0.4531278608483369,0.4059115649742647,0.40435434533301695,0.40478248349730406
wta:221054,wta:206289,2025-07-21,2025,2025,hard,Washington,QF,6-4 7-5,78,47,88,46,87,WTA-2025-1045-294,2025-1045,3,0.7175095064479367,0.5720170888007324,0.6447632976243345,0.6505431487883095,0.6446717504775539
wta:214939,wta:220704,2025-07-21,2025,2025,hard,Washington,QF,6-3 7-5,61,37,74,36,87,WTA-2025-1045-295,2025-1045,3,0.3942738898389267,0.46313701556301495,0.4287054527009708,0.42892101645922687,0.430322785627428
wta:214981,wta:211684,2025-07-21,2025,2025,hard,Washington,QF,6-3 6-3,56,41,60,33,87,WTA-2025-1045-296,2025-1045,3,0.9103297177488419,0.6906011595971926,0.8004654386730172,0.8242065779117999,0.7997940929299595
wta:220367,wta:203501,2025-07-21,2025,2025,hard,Washington,QF,6-4 7-6(4),70,42,101,54,87,WTA-2025-1045-297,2025-1045,3,0.5562171325928666,0.5164174549893195,0.536317293791093,0.5375662966784935,0.5362562623599061
wta:206289,wta:215613,2025-07-21,2025,2025,hard,Washington,R16,7-5 7-6(1),85,60,77,51,87,WTA-2025-1045-286,2025-1045,3,0.3720595525108514,0.4536161122978334,0.41283783240434235,0.413642498730864,0.41469929105554776
wta:221054,wta:211768,2025-07-21,2025,2025,hard,Washington,R16,6-4 6-2,57,40,52,30,87,WTA-2025-1045-287,2025-1045,3,0.4293110196382099,0.4776624961855355,0.4534867579118727,0.45269809073211936,0.4541886193705239
wta:220704,wta:214452,2025-07-21,2025,2025,hard,Washington,R16,3-6 7-5 6-4,124,71,118,66,87,WTA-2025-1045-288,2025-1045,3,0.7825991244735477,0.5928288068355203,0.687713965654534,0.7013884682407231,0.6923523544247507
wta:214939,wta:202663,2025-07-21,2025,2025,hard,Washington,R16,6-4 6-0,43,33,66,34,87,WTA-2025-1045-289,2025-1045,3,0.6040860197922923,0.5304546841623436,0.5672703519773179,0.5699579910713013,0.5703524392522645
wta:211684,wta:200748,2025-07-21,2025,2025,hard,Washington,R16,6-2 6-2,45,32,43,17,87,WTA-2025-1045-290,2025-1045,3,0.7140906525542289,0.5811107720476045,0.6476007123009166,0.6479917647640707,0.6517203339060433
wta:214981,wta:239475,2025-07-21,2025,2025,hard,Washington,R16,6-3 7-5,59,37,73,39,87,WTA-2025-1045-291,2025-1045,3,0.8812511341460438,0.6785169362221544,0.7798840351840991,0.7918678266992661,0.777747935092552
wta:203501,wta:213550,2025-07-21,2025,2025,hard,Washington,R16,6-3 6-0,43,32,43,17,87,WTA-2025-1045-292,2025-1045,3,0.35871619111703784,0.45599633811412876,0.4073562646155833,0.40436894924563416,0.4069595603128674
wta:220367,wta:202468,2025-07-21,2025,2025,hard,Washington,R16,6-3 1-6 7-5,91,58,93,58,87,WTA-2025-1045-293,2025-1045,3,0.12592561499970048,0.34083002746414404,0.23337782123192224,0.2155737630129578,0.23310317979158046
wta:206289,wta:211107,2025-07-21,2025,2025,hard,Washington,R32,6-3 6-4,58,39,63,34,87,WTA-2025-1045-271,2025-1045,3,0.6056797746251138,0.5362526701251145,0.5709662223751142,0.5710473012037847,0.5686165122744122
wta:211768,wta:201709,2025-07-21,2025,2025,hard,Washington,R32,6-2 7-5,62,39,68,36,87,WTA-2025-1045-272,2025-1045,3,0.8221266309313322,0.6228562709795544,0.7224914509554433,0.7350794006251404,0.7223999038086628
wta:221054,wta:216146,2025-07-21,2025,2025,hard,Washington,R32,7-6(4) 6-4,75,49,80,47,87,WTA-2025-1045-273,2025-1045,3,0.6230424456032219,0.5316142813548977,0.5773283634790598,0.5829725455936149,0.5822413936896182
wta:214452,wta:220520,2025-07-21,2025,2025,hard,Washington,R32,7-6(3) 5-7 6-3,91,61,113,63,87,WTA-2025-1045-275,2025-1045,3,0.33622982679968766,0.4496490692706744,0.392939448035181,0.3885461917082421,0.3937023409250193
wta:214939,wta:215872,2025-07-21,2025,2025,hard,Washington,R32,6-2 6-3,47,31,55,26,87,WTA-2025-1045-276,2025-1045,3,0.8149244053659197,0.6245651510527922,0.719744778209356,0.7287363266213045,0.7201109667964782
wta:202663,wta:203389,2025-07-21,2025,2025,hard,Washington,R32,7-5 6-4,62,38,66,34,87,WTA-2025-1045-277,2025-1045,3,0.254264005072111,0.4141287763198047,0.33419639069595786,0.32798068775162886,0.33550856646647964
wta:211684,wta:263857,2025-07-21,2025,2025,hard,Washington,R32,6-2 6-4,58,34,51,26,87,WTA-2025-1045-278,2025-1045,3,0.4920866624069639,0.5053097345132743,0.4986981984601191,0.4947241968674419,0.4954940483227984
wta:200748,wta:220548,2025-07-21,2025,2025,hard,Washington,R32,6-3 6-4,57,31,70,31,87,WTA-2025-1045-279,2025-1045,3,0.17866867113063,0.3640830027464144,0.2713758369385222,0.26562602506635824,0.27073500691105806
wta:239475,wta:215713,2025-07-21,2025,2025,hard,Washington,R32,6-2 6-4,59,37,82,41,87,WTA-2025-1045-280,2025-1045,3,0.42764806594386556,0.4736344217271895,0.4506412438355275,0.4515766679863325,0.4505191809731534
wta:213550,wta:221024,2025-07-21,2025,2025,hard,Washington,R32,6-3 7-6(4),62,44,77,46,87,WTA-2025-1045-282,2025-1045,3,0.5751165743640864,0.5264266097039976,0.5507715920340419,0.5502890426945903,0.5467435175756958
wta:203501,wta:213583,2025-07-21,2025,2025,hard,Washington,R32,6-4 7-5,78,48,75,42,87,WTA-2025-1045-283,2025-1045,3,0.6954250148952278,0.5638388770216661,0.629631945958447,0.6342292980797158,0.6318595931967748
wta:220367,wta:233741,2025-07-21,2025,2025,hard,Washington,R32,6-3 6-3,54,38,64,34,87,WTA-2025-1045-284,2025-1045,3,0.415145343353526,0.4827891364052487,0.44896723987938736,0.44312478105122377,0.44335234821017766
wta:214939,wta:221054,2025-07-21,2025,2025,hard,Washington,SF,6-4 6-3,64,39,64,35,87,WTA-2025-1045-298,2025-1045,3,0.36735949613897717,0.4592920353982301,0.41332576576860364,0.4103849423733701,0.41164740141095946
wta:220367,wta:214981,2025-07-21,2025,2025,hard,Washington,SF,6-7(2) 7-6(3) 7-6(3),123,86,127,86,87,WTA-2025-1045-299,2025-1045,3,0.14155547089518977,0.35187671650900215,0.24671609370209596,0.23118710503480683,0.24680764084887655
wta:213631,wta:222328,2025-07-21,2025,2025,hard,Prague,F,2-6 6-1 6-3,82,47,79,40,87,WTA-2025-1082-300,2025-1082,3,0.372950032566019,0.4553249923710711,0.414137512468545,0.41425863033217336,0.4170975368811175
wta:238184,wta:211316,2025-07-21,2025,2025,hard,Prague,QF,6-2 6-0,34,26,54,20,87,WTA-2025-1082-294,2025-1082,3,0.6468349673934253,0.565669819957278,0.6062523936753517,0.599513191695824,0.6087851980696146
wta:213631,wta:215983,2025-07-21,2025,2025,hard,Prague,QF,3-6 6-3 6-3,80,50,94,52,87,WTA-2025-1082-295,2025-1082,3,0.565804090260343,0.513976197741837,0.5398901440010899,0.5440111454627116,0.5462068971289509
wta:216133,wta:239383,2025-07-21,2025,2025,hard,Prague,QF,6-4 6-1,38,27,68,30,87,WTA-2025-1082-296,2025-1082,3,0.8465078116270593,0.6529447665547757,0.7497262890909175,0.7573698002643431,0.7479258618708993
wta:222328,wta:211701,2025-07-21,2025,2025,hard,Prague,QF,6-2 4-6 6-3,88,52,98,49,87,WTA-2025-1082-297,2025-1082,3,0.7898038839715894,0.6065608788526091,0.6981823814120993,0.7073391431065923,0.6982434128432864
wta:238184,wta:211685,2025-07-21,2025,2025,hard,Prague,R16,7-6(1) 7-5,90,54,88,48,87,WTA-2025-1082-286,2025-1082,3,0.2801093772204827,0.40363137015563016,0.3418703736880564,0.3476739454091248,0.3411074807982182
wta:211316,wta:223323,2025-07-21,2025,2025,hard,Prague,R16,6-1 7-5,66,43,62,29,87,WTA-2025-1082-287,2025-1082,3,0.7906005658024171,0.64226426609704,0.7164324159497286,0.7080019065116981,0.7210097732887581
wta:215983,wta:206417,2025-07-21,2025,2025,hard,Prague,R16,6-4 6-3,65,45,48,30,87,WTA-2025-1082-288,2025-1082,3,0.9412033743355526,0.744736039060116,0.8429697066978343,0.8639763369385571,0.8418711409364672
wta:213631,wta:214593,2025-07-21,2025,2025,hard,Prague,R16,6-4 6-4,52,28,61,29,87,WTA-2025-1082-289,2025-1082,3,0.9003988396227769,0.6904180653036314,0.7954084524632041,0.8127191141582059,0.7927230694909735
wta:239383,wta:219917,2025-07-21,2025,2025,hard,Prague,R16,7-6(9) 6-3,86,53,67,35,87,WTA-2025-1082-290,2025-1082,3,0.4120970811971838,0.46710405859017395,0.4396005698936789,0.44105818289929594,0.43981417990283356
wta:216133,wta:222980,2025-07-21,2025,2025,hard,Prague,R16,3-6 7-5 7-6(6),104,68,116,75,87,WTA-2025-1082-291,2025-1082,3,0.9117612033629341,0.7382667073542875,0.8250139553586108,0.8259062881798241,0.8237322953036825
wta:211701,wta:222966,2025-07-21,2025,2025,hard,Prague,R16,7-6(4) 6-3,76,45,69,38,87,WTA-2025-1082-292,2025-1082,3,0.548497450698491,0.5153799206591395,0.5319386856788153,0.5323881876939217,0.5358446972747872
wta:222328,wta:220714,2025-07-21,2025,2025,hard,Prague,R16,6-2 6-4,60,36,58,25,87,WTA-2025-1082-293,2025-1082,3,0.8266349387528107,0.6294476655477571,0.7280413021502838,0.7391025146301444,0.7288347107557157
wta:211685,wta:206335,2025-07-21,2025,2025,hard,Prague,R32,6-3 4-6 6-4,89,58,92,54,87,WTA-2025-1082-270,2025-1082,3,0.7975248473463287,0.6582545010680501,0.7278896742071894,0.7138037996000653,0.724532945491901
wta:238184,wta:256684,2025-07-21,2025,2025,hard,Prague,R32,6-2 6-0,45,27,47,16,87,WTA-2025-1082-271,2025-1082,3,0.5811764545358705,0.5385108330790357,0.5598436438074531,0.554384779197779,0.5568531036792871
wta:223323,wta:211880,2025-07-21,2025,2025,hard,Prague,R32,6-2 3-6 6-3,75,49,86,50,87,WTA-2025-1082-272,2025-1082,3,0.1782701313879317,0.3352151357949344,0.25674263359143307,0.26527268215391464,0.259672142288412
wta:211316,wta:211411,2025-07-21,2025,2025,hard,Prague,R32,4-6 7-5 6-1,95,61,98,54,87,WTA-2025-1082-273,2025-1082,3,0.2632886343087824,0.40344827586206894,0.3333684550854257,0.334931608731315,0.3360538380576564
wta:215983,wta:206292,2025-07-21,2025,2025,hard,Prague,R32,7-6(1) 6-3,73,42,75,37,87,WTA-2025-1082-274,2025-1082,3,0.7315367237746662,0.5966737870003052,0.6641052553874857,0.6611199007809068,0.6627930796169639
wta:206417,wta:203463,2025-07-21,2025,2025,hard,Prague,R32,6-3 2-0 RET,27,21,27,12,87,WTA-2025-1082-275,2025-1082,3,0.3947286127595441,0.46710405859017395,0.430916335674859,0.429231906358745,0.4290853927392472
wta:214593,wta:202600,2025-07-21,2025,2025,hard,Prague,R32,6-1 7-6(3),76,42,64,28,87,WTA-2025-1082-276,2025-1082,3,0.44217762481960443,0.47882209337808973,0.46049985909884705,0.46135573764435817,0.46007263908053764
wta:213631,wta:214386,2025-07-21,2025,2025,hard,Prague,R32,6-0 6-2,47,32,53,23,87,WTA-2025-1082-277,2025-1082,3,0.9448773064236484,0.7566371681415929,0.8507572372826206,0.8692483398536235,0.8528323059429808
wta:219917,wta:215988,2025-07-21,2025,2025,hard,Prague,R32,6-4 6-2,59,38,58,32,87,WTA-2025-1082-278,2025-1082,3,0.5917264394464905,0.524900823924321,0.5583136316854058,0.56153759672437,0.5632571776115578
wta:239383,wta:220416,2025-07-21,2025,2025,hard,Prague,R32,7-5 6-2,54,36,62,33,87,WTA-2025-1082-279,2025-1082,3,0.36905173192252455,0.4553860238022582,0.41221887786239136,0.41155889870025514,0.41133392211017894
wta:222980,wta:266800,2025-07-21,2025,2025,hard,Prague,R32,7-5 6-1,58,40,80,42,87,WTA-2025-1082-280,2025-1082,3,0.4382575069075882,0.4760146475434849,0.4571360772255365,0.4587213506868549,0.45344367563871935
wta:216133,wta:211279,2025-07-21,2025,2025,hard,Prague,R32,6-3 6-3,54,30,62,28,87,WTA-2025-1082-281,2025-1082,3,0.8550074042597866,0.643240768996033,0.7491240866279099,0.7654781003911697,0.7509855452791152
wta:211701,wta:211817,2025-07-21,2025,2025,hard,Prague,R32,7-5 6-2,66,41,71,36,87,WTA-2025-1082-282,2025-1082,3,0.4214655203166708,0.474122673176686,0.44779409674667836,0.44740195646995945,0.44935039824194845
wta:222966,wta:266671,2025-07-21,2025,2025,hard,Prague,R32,6-3 6-3,65,36,56,25,87,WTA-2025-1082-283,2025-1082,3,0.6595193152982376,0.569697894415624,0.6146086048569308,0.6084421514300637,0.6126555990589448
wta:220714,wta:203530,2025-07-21,2025,2025,hard,Prague,R32,6-2 6-3,57,36,61,32,87,WTA-2025-1082-284,2025-1082,3,0.6070951605466907,0.5319194385108331,0.5695072995287619,0.5720154091759446,0.5710025695928449
wta:222328,wta:214181,2025-07-21,2025,2025,hard,Prague,R32,7-6(5) 7-6(7),93,50,93,46,87,WTA-2025-1082-285,2025-1082,3,0.8439041543099247,0.6606957583155325,0.7522999563127286,0.7549234621962868,0.751628610569671
wta:213631,wta:238184,2025-07-21,2025,2025,hard,Prague,SF,6-4 7-5,70,40,63,31,87,WTA-2025-1082-298,2025-1082,3,0.8007600399233084,0.6457430576747025,0.7232515487990054,0.716540923389423,0.7218173101661094
wta:222328,wta:216133,2025-07-21,2025,2025,hard,Prague,SF,6-4 6-1,48,35,51,27,87,WTA-2025-1082-299,2025-1082,3,0.6773697665011841,0.5562709795544706,0.6168203730278273,0.6211597348994208,0.6181325487983491
wta:239475,wta:211768,2025-07-27,2025,2025,hard,Montreal,F,2-6 6-4 6-1,92,45,86,39,87,WTA-2025-806-300,2025-806,3,0.16453592343151852,0.3521818736649374,0.25835889854822797,0.252893564963339,0.2634550230523476
wta:220704,wta:201619,2025-07-27,2025,2025,hard,Montreal,QF,6-1 6-4,59,43,46,27,87,WTA-2025-806-294,2025-806,3,0.34910124293829015,0.4550198352151358,0.40206053907671296,0.39763523563973163,0.39723905601293513
wta:211768,wta:202494,2025-07-27,2025,2025,hard,Montreal,QF,6-2 6-2,51,35,44,20,87,WTA-2025-806-295,2025-806,3,0.4098322660008581,0.4727189502593836,0.44127560813012084,0.4395210975236437,0.44356428679963567
wta:214981,wta:216146,2025-07-27,2025,2025,hard,Montreal,QF,6-1 2-1 RET,30,21,41,19,87,WTA-2025-806-296,2025-806,3,0.7615897747704375,0.5949038754958804,0.678246825133159,0.6844453291002154,0.6753173164361801
wta:239475,wta:222601,2025-07-27,2025,2025,hard,Montreal,QF,6-4 6-2,58,36,57,26,87,WTA-2025-806-297,2025-806,3,0.5548169806914309,0.5174549893194995,0.5361359850054652,0.5366264124257474,0.534396589216634
wta:215250,wta:201709,2025-07-27,2025,2025,hard,Montreal,R128,6-3 6-3,56,35,72,35,87,WTA-2025-806-175,2025-806,3,0.09102200977942235,0.26301495270064085,0.1770184812400316,0.17738783383248313,0.17561475832272916
wta:220332,wta:206417,2025-07-27,2025,2025,hard,Montreal,R128,6-1 6-4,54,37,57,28,87,WTA-2025-806-176,2025-806,3,0.8707393156710079,0.6630149527006408,0.7668771341858244,0.7810292274340078,0.7690132342773714
wta:263857,wta:206374,2025-07-27,2025,2025,hard,Montreal,R128,6-7(6) 6-4 6-4,106,60,113,58,87,WTA-2025-806-179,2025-806,3,0.4902886120615217,0.49676533414708574,0.4935269731043037,0.49352528901031645,0.4944424445721096
wta:214459,wta:216097,2025-07-27,2025,2025,hard,Montreal,R128,4-6 7-6(5) 6-2,110,65,102,54,87,WTA-2025-806-180,2025-806,3,0.7121693050424482,0.5713457430576747,0.6417575240500615,0.6465622602277336,0.6437105298480474
wta:222045,wta:215713,2025-07-27,2025,2025,hard,Montreal,R128,2-6 7-5 6-0,72,43,74,37,87,WTA-2025-806-183,2025-806,3,0.19227767187587802,0.3691486115349405,0.2807131417054093,0.2775089446518404,0.2849243104573165
wta:202446,wta:215306,2025-07-27,2025,2025,hard,Montreal,R128,6-4 2-6 6-2,95,52,76,40,87,WTA-2025-806-184,2025-806,3,0.5163441298234243,0.5064083002746415,0.5113762150490329,0.5108982435799608,0.5099114607005434
wta:216083,wta:219917,2025-07-27,2025,2025,hard,Montreal,R128,6-4 5-7 7-6(7),119,68,107,62,87,WTA-2025-806-187,2025-806,3,0.6223592677106558,0.5403417760146475,0.5813505218626516,0.5825011778852711,0.5808927861287487
wta:201696,wta:213583,2025-07-27,2025,2025,hard,Montreal,R128,7-5 6-7(6) 7-6(2),122,70,129,68,87,WTA-2025-806-188,2025-806,3,0.7171501673557146,0.5648153799206591,0.6409827736381868,0.6502745146186348,0.6460178667111194
wta:206289,wta:215062,2025-07-27,2025,2025,hard,Montreal,R128,6-2 3-6 7-5,83,56,98,60,87,WTA-2025-806-191,2025-806,3,0.6457835717743434,0.5612755569118096,0.6035295643430765,0.5987767637862991,0.6036211114898571
wta:201545,wta:201548,2025-07-27,2025,2025,hard,Montreal,R128,6-3 3-6 6-4,86,51,108,60,87,WTA-2025-806-192,2025-806,3,0.4891895757141741,0.4949343912114739,0.49206198346282404,0.49279242646989074,0.4929469392150364
wta:213887,wta:211107,2025-07-27,2025,2025,hard,Montreal,R128,6-1 7-5,72,44,55,26,87,WTA-2025-806-195,2025-806,3,0.33758053988368764,0.4445834604821483,0.39108200018291794,0.38950424535776046,0.3927908802561557
wta:211768,wta:220502,2025-07-27,2025,2025,hard,Montreal,R128,6-4 6-2,60,39,56,30,87,WTA-2025-806-196,2025-806,3,0.966294845312335,0.804424778761062,0.8853598120366986,0.9035417591752695,0.8837119633946477
wta:215872,wta:239436,2025-07-27,2025,2025,hard,Montreal,R128,4-6 6-3 6-2,73,51,82,46,87,WTA-2025-806-199,2025-806,3,0.7319382552633642,0.6295697284101313,0.6807539918367478,0.6614253534603279,0.6769700431031499
wta:214939,wta:215983,2025-07-27,2025,2025,hard,Montreal,R128,7-6(6) 0-6 6-3,103,60,79,51,87,WTA-2025-806-200,2025-806,3,0.5695689888088856,0.524839792493134,0.5472043906510098,0.5465469730087265,0.542382907587232
wta:221054,wta:211817,2025-07-27,2025,2025,hard,Montreal,R128,6-2 6-4,67,39,55,25,87,WTA-2025-806-203,2025-806,3,0.7432178574313509,0.5858101922490082,0.6645140248401795,0.6700712782862484,0.6645140248401795
wta:215138,wta:201514,2025-07-27,2025,2025,hard,Montreal,R128,6-3 7-5,64,43,60,35,87,WTA-2025-806-204,2025-806,3,0.24482026594388123,0.4136405248703082,0.32923039540709476,0.3206133997284653,0.32398169232500745
wta:201606,wta:221039,2025-07-27,2025,2025,hard,Montreal,R128,7-6(2) 6-1,58,37,82,37,87,WTA-2025-806-207,2025-806,3,0.33940688793276863,0.4464144034177601,0.39291064567526435,0.390798033847337,0.3898590741159113
wta:215785,wta:211095,2025-07-27,2025,2025,hard,Montreal,R128,6-3 7-5,69,46,66,35,87,WTA-2025-806-208,2025-806,3,0.630469488410857,0.5372902044552945,0.5838798464330758,0.588109180673416,0.5854056322127523
wta:211713,wta:222233,2025-07-27,2025,2025,hard,Montreal,R128,2-6 6-2 6-2,78,44,69,33,87,WTA-2025-806-211,2025-806,3,0.6076179849119192,0.5343606957583156,0.5709893403351174,0.572373186338649,0.5688532402435702
wta:221024,wta:215992,2025-07-27,2025,2025,hard,Montreal,R128,7-5 6-1,66,37,58,22,87,WTA-2025-806-212,2025-806,3,0.9783395345671964,0.8447665547757095,0.9115530446714529,0.9269154503624935,0.9148182262399607
wta:215020,wta:214452,2025-07-27,2025,2025,hard,Montreal,R128,6-4 6-1,46,31,64,32,87,WTA-2025-806-215,2025-806,3,0.40613570544694394,0.46093988404028075,0.4335377947436123,0.4370092131076776,0.4390611392660414
wta:214954,wta:223253,2025-07-27,2025,2025,hard,Montreal,R128,3-6 6-1 6-2,89,55,87,47,87,WTA-2025-806-216,2025-806,3,0.8767084045742071,0.6588037839487336,0.7677560942614703,0.7871360932362994,0.7734015016462735
wta:233741,wta:220367,2025-07-27,2025,2025,hard,Montreal,R128,6-4 6-1,60,33,49,20,87,WTA-2025-806-219,2025-806,3,0.585703334263657,0.5283185840707965,0.5570109591672268,0.5574503393860739,0.5525251489749776
wta:215370,wta:206252,2025-07-27,2025,2025,hard,Montreal,R128,6-3 6-4,72,46,51,31,87,WTA-2025-806-220,2025-806,3,0.518148968881753,0.5092767775404333,0.5137128732110932,0.5121022663297591,0.5147198918256797
wta:256684,wta:220465,2025-07-27,2025,2025,hard,Montreal,R128,6-2 2-6 6-2,88,47,83,39,87,WTA-2025-806-223,2025-806,3,0.23942798604680784,0.39710100701861456,0.3182644965327112,0.3163611352206039,0.3189663579913624
wta:222601,wta:211635,2025-07-27,2025,2025,hard,Montreal,R128,5-7 7-5 6-4,126,75,144,80,87,WTA-2025-806-224,2025-806,3,0.8622369651630033,0.6597192554165395,0.7609781102897715,0.7725319144899755,0.7648841218857434
wta:215480,wta:221236,2025-07-27,2025,2025,hard,Montreal,R128,6-3 4-6 6-2,79,45,81,36,87,WTA-2025-806-227,2025-806,3,0.5423767283049098,0.5090936832468721,0.525735205775891,0.5282888466799228,0.5285731673260894
wta:202684,wta:219875,2025-07-27,2025,2025,hard,Montreal,R128,6-4 7-6(3),76,48,84,48,87,WTA-2025-806-228,2025-806,3,0.6268500965309436,0.5429661275556912,0.5849081120433174,0.5856031222417842,0.5839010934287309
wta:213631,wta:220416,2025-07-27,2025,2025,hard,Montreal,R128,6-2 7-6(4),79,47,72,36,87,WTA-2025-806-231,2025-806,3,0.8124911016084169,0.6160207506866036,0.7142559261475102,0.7266156756033986,0.7169718248353345
wta:239475,wta:214040,2025-07-27,2025,2025,hard,Montreal,R128,7-5 6-3,67,46,67,40,87,WTA-2025-806-232,2025-806,3,0.5390967484332377,0.5110466890448581,0.5250717187390479,0.526094087284913,0.525193781601422
wta:206368,wta:213710,2025-07-27,2025,2025,hard,Montreal,R128,5-7 6-2 7-5,109,65,116,65,87,WTA-2025-806-235,2025-806,3,0.6441913833319775,0.5484589563625267,0.596325169847252,0.5976625771540306,0.5946162897740144
wta:203389,wta:202600,2025-07-27,2025,2025,hard,Montreal,R128,6-3 7-5,81,51,63,36,87,WTA-2025-806-236,2025-806,3,0.9436344502504259,0.7303936527311565,0.8370140514907912,0.8674487577155795,0.8342981528029669
wta:220704,wta:216347,2025-07-27,2025,2025,hard,Montreal,R16,7-6(1) 6-3,80,50,61,34,87,WTA-2025-806-286,2025-806,3,0.14429098599653548,0.35022886786695145,0.24725992693174348,0.23384387844122378,0.2513795485368701
wta:201619,wta:214096,2025-07-27,2025,2025,hard,Montreal,R16,4-6 6-3 7-5,106,63,100,59,87,WTA-2025-806-287,2025-806,3,0.6840949114537364,0.5588342996643272,0.6214646055590318,0.6260020276884657,0.6209763541095352
wta:211768,wta:201545,2025-07-27,2025,2025,hard,Montreal,R16,6-1 6-0,43,31,31,9,87,WTA-2025-806-288,2025-806,3,0.8572718820386703,0.6527616722612145,0.7550167771499424,0.7676714032226198,0.7526975827648341
wta:202494,wta:216153,2025-07-27,2025,2025,hard,Montreal,R16,6-4 6-1,74,45,52,27,87,WTA-2025-806-289,2025-806,3,0.6599405656928583,0.5550503509307293,0.6074954583117937,0.6087401508572566,0.6040166667341313
wta:214981,wta:215035,2025-07-27,2025,2025,hard,Montreal,R16,5-7 6-2 7-5,102,65,114,64,87,WTA-2025-806-290,2025-806,3,0.8055397435496764,0.6132743362831858,0.7094070399164312,0.7206167923214357,0.7108717942649205
wta:216146,wta:220520,2025-07-27,2025,2025,hard,Montreal,R16,5-7 6-3 6-3,101,63,119,64,87,WTA-2025-806-291,2025-806,3,0.5567074611078631,0.5175160207506866,0.5371117409292748,0.5378955191581936,0.533388823626864
wta:222601,wta:202684,2025-07-27,2025,2025,hard,Montreal,R16,7-5 1-6 6-2,99,47,89,39,87,WTA-2025-806-292,2025-806,3,0.41815310524071464,0.4754043332316143,0.44677871923616447,0.4451615352942118,0.4477247064195639
wta:239475,wta:221103,2025-07-27,2025,2025,hard,Montreal,R16,6-1 6-4,50,36,47,26,87,WTA-2025-806-293,2025-806,3,0.07391339180673492,0.28065303631370153,0.17728321406021824,0.15638405344424372,0.17578794399613523
wta:216347,wta:220332,2025-07-27,2025,2025,hard,Montreal,R32,6-2 6-2,48,33,53,25,87,WTA-2025-806-270,2025-806,3,0.9784232856687866,0.8096734818431492,0.8940483837559678,0.92709407466077,0.8934685851596909
wta:220704,wta:263857,2025-07-27,2025,2025,hard,Montreal,R32,6-3 6-0,38,28,46,20,87,WTA-2025-806-271,2025-806,3,0.8110214204276801,0.6188892279523955,0.7149553241900378,0.7253401303018489,0.7132769598323936
wta:214096,wta:202505,2025-07-27,2025,2025,hard,Montreal,R32,6-7(2) 6-2 6-3,111,69,104,62,87,WTA-2025-806-272,2025-806,3,0.3937737019896937,0.46881293866341167,0.43129332032655265,0.42857896281055885,0.4282722644827931
wta:201619,wta:216083,2025-07-27,2025,2025,hard,Montreal,R32,2-6 6-3 6-3,92,55,100,56,87,WTA-2025-806-273,2025-806,3,0.907468789153021,0.6935916997253586,0.8005302444391897,0.8208438974949721,0.8033682059893881
wta:201545,wta:202468,2025-07-27,2025,2025,hard,Montreal,R32,3-6 6-4 6-1,77,45,80,42,87,WTA-2025-806-274,2025-806,3,0.08543912956137688,0.3021971315227342,0.19381813054205554,0.17073507924384757,0.1915599675881343
wta:211768,wta:211533,2025-07-27,2025,2025,hard,Montreal,R32,6-2 6-4,52,31,49,22,87,WTA-2025-806-275,2025-806,3,0.7253597302808172,0.5714067744888618,0.6483832523848395,0.6564401939368777,0.650885541063509
wta:202494,wta:214939,2025-07-27,2025,2025,hard,Montreal,R32,6-1 6-1,43,31,46,20,87,WTA-2025-806-276,2025-806,3,0.7761884174225663,0.5966737870003052,0.6864311022114358,0.6961562405663766,0.6874076051104288
wta:216153,wta:221054,2025-07-27,2025,2025,hard,Montreal,R32,6-2 6-1,45,32,49,21,87,WTA-2025-806-277,2025-806,3,0.5068224184883299,0.5074458346048215,0.5071341265465756,0.5045484358204283,0.5052421521797767
wta:215035,wta:215613,2025-07-27,2025,2025,hard,Montreal,R32,7-5 6-4,82,49,68,37,87,WTA-2025-806-278,2025-806,3,0.4126090953923283,0.4768080561489167,0.4447085757706225,0.4414054819146085,0.4455935315228349
wta:214981,wta:211713,2025-07-27,2025,2025,hard,Montreal,R32,6-0 7-6(5),51,40,69,37,87,WTA-2025-806-279,2025-806,3,0.9176243445516472,0.7022581629539213,0.8099412537527843,0.8329942872676724,0.8100022851839713
wta:216146,wta:214082,2025-07-27,2025,2025,hard,Montreal,R32,3-6 6-3 7-6(4),104,53,92,45,87,WTA-2025-806-280,2025-806,3,0.6029929560961748,0.5239853524565151,0.5634891542763449,0.5692113794814196,0.5654726757899244
wta:220520,wta:259799,2025-07-27,2025,2025,hard,Montreal,R32,7-6(5) 6-4,75,37,73,34,87,WTA-2025-806-281,2025-806,3,0.1762954589960402,0.3781812633506256,0.2772383611733329,0.26351723808498034,0.2746750410634763
wta:222601,wta:256684,2025-07-27,2025,2025,hard,Montreal,R32,4-6 7-5 6-3,102,62,96,53,87,WTA-2025-806-282,2025-806,3,0.7130111550450482,0.5747024717729631,0.6438568134090057,0.6471882264723635,0.640713694702872
wta:202684,wta:215480,2025-07-27,2025,2025,hard,Montreal,R32,6-2 6-2,43,28,42,15,87,WTA-2025-806-283,2025-806,3,0.5550976313105623,0.5171498321635642,0.5361237317370633,0.5368147793982213,0.5371917817828369
wta:239475,wta:213631,2025-07-27,2025,2025,hard,Montreal,R32,1-6 6-3 6-0,69,34,71,32,87,WTA-2025-806-284,2025-806,3,0.30713574975705016,0.4334147085749161,0.3702752291659831,0.3676380966309284,0.36997007201004783
wta:221103,wta:206368,2025-07-27,2025,2025,hard,Montreal,R32,4-6 7-5 6-2,111,68,97,55,87,WTA-2025-806-285,2025-806,3,0.8748421104251586,0.6595361611229783,0.7671891357740684,0.7852135733375739,0.7681656386730614
wta:216347,wta:215250,2025-07-27,2025,2025,hard,Montreal,R64,6-3 6-1,50,30,50,18,87,WTA-2025-806-238,2025-806,3,0.9973665034076744,0.9446750076289289,0.9710207555183017,0.9812543607619513,0.971386944105424
wta:220332,wta:201499,2025-07-27,2025,2025,hard,Montreal,R64,6-3 6-4,66,39,56,32,87,WTA-2025-806-239,2025-806,3,0.2330980621483814,0.40772047604516326,0.32040926909677236,0.31132477266234426,0.3195548290601535
wta:263857,wta:211684,2025-07-27,2025,2025,hard,Montreal,R64,6-1 6-1,38,28,42,17,87,WTA-2025-806-240,2025-806,3,0.5079853490509512,0.5002441257247483,0.5041147373878497,0.5053238175139727,0.5043283473970044
wta:220704,wta:214459,2025-07-27,2025,2025,hard,Montreal,R64,6-1 6-2,61,37,44,19,87,WTA-2025-806-241,2025-806,3,0.8589961222732225,0.6447665547757095,0.751881338524466,0.7693511980710864,0.752400105689556
wta:214096,wta:222045,2025-07-27,2025,2025,hard,Montreal,R64,7-5 7-5,83,51,71,41,87,WTA-2025-806-242,2025-806,3,0.9119074004804549,0.698046994202014,0.8049771973412345,0.8260805387898031,0.8099207432673865
wta:202505,wta:202446,2025-07-27,2025,2025,hard,Montreal,R64,6-2 3-6 6-4,91,58,92,51,87,WTA-2025-806-243,2025-806,3,0.8330494534546492,0.648306377784559,0.7406779156196042,0.7449004857205956,0.7401896641701076
wta:216083,wta:211685,2025-07-27,2025,2025,hard,Montreal,R64,6-2 6-2,58,32,54,20,87,WTA-2025-806-244,2025-806,3,0.35988443996728653,0.4564235581324382,0.4081539990498624,0.4051840804770002,0.40446159746304516
wta:201619,wta:201696,2025-07-27,2025,2025,hard,Montreal,R64,6-2 6-1,47,30,35,13,87,WTA-2025-806-245,2025-806,3,0.8807427821840957,0.6647848642050657,0.7727638231945807,0.7913345620039997,0.7728858860569547
wta:202468,wta:206289,2025-07-27,2025,2025,hard,Montreal,R64,7-5 6-4,74,43,62,33,87,WTA-2025-806-246,2025-806,3,0.847616502562672,0.6376258773268233,0.7426211899447477,0.7584166998438905,0.742010875632877
wta:201545,wta:202663,2025-07-27,2025,2025,hard,Montreal,R64,6-3 4-6 6-4,111,65,91,52,87,WTA-2025-806-247,2025-806,3,0.37749753049574986,0.4593530668294171,0.4184252986625835,0.41740003345337867,0.4161061042774752
wta:211533,wta:213887,2025-07-27,2025,2025,hard,Montreal,R64,6-2 4-6 6-2,71,38,83,39,87,WTA-2025-806-248,2025-806,3,0.8035762469798722,0.6081476960634727,0.7058619715216725,0.7189377288586787,0.7097679831176444
wta:211768,wta:214643,2025-07-27,2025,2025,hard,Montreal,R64,4-6 7-6(6) 6-3,92,62,99,62,87,WTA-2025-806-249,2025-806,3,0.6186026167463713,0.5394263045468416,0.5790144606466064,0.5799124914475222,0.5764206248211563
wta:202494,wta:215872,2025-07-27,2025,2025,hard,Montreal,R64,7-5 6-2,63,34,52,21,87,WTA-2025-806-250,2025-806,3,0.9546472730506914,0.7502898992981385,0.852468586174415,0.8840390506608218,0.8498442346333713
wta:214939,wta:210722,2025-07-27,2025,2025,hard,Montreal,R64,1-6 7-6(4) 6-2,103,52,86,47,87,WTA-2025-806-251,2025-806,3,0.26459344594388795,0.41620384498016477,0.34039864546202636,0.33592972362646767,0.34180236837932876
wta:221054,wta:220548,2025-07-27,2025,2025,hard,Montreal,R64,6-2 6-4,61,40,62,33,87,WTA-2025-806-252,2025-806,3,0.7268214407120783,0.5715898687824229,0.6492056547472507,0.6575443665978312,0.6504567990865854
wta:216153,wta:215138,2025-07-27,2025,2025,hard,Montreal,R64,6-4 7-6(5),71,46,74,43,87,WTA-2025-806-253,2025-806,3,0.9110700606900359,0.6889533109551419,0.800011685822589,0.8250841854638215,0.8042838860056832
wta:215613,wta:201606,2025-07-27,2025,2025,hard,Montreal,R64,6-1 6-2,50,36,47,21,87,WTA-2025-806-254,2025-806,3,0.8904922944577356,0.6764418675617944,0.783467081009765,0.8017370259570971,0.785023382505035
wta:215035,wta:215785,2025-07-27,2025,2025,hard,Montreal,R64,3-6 7-6(5) 6-2,114,63,97,52,87,WTA-2025-806-255,2025-806,3,0.648687773358443,0.5486420506560878,0.5986649120072653,0.6008122821826678,0.5946368375489194
wta:211713,wta:222328,2025-07-27,2025,2025,hard,Montreal,R64,6-3 6-4,62,43,51,30,87,WTA-2025-806-256,2025-806,3,0.16709850985864444,0.3703692401586817,0.2687338750086631,0.25523426578690306,0.2694357364673143
wta:214981,wta:221024,2025-07-27,2025,2025,hard,Montreal,R64,6-4 6-3,58,43,48,30,87,WTA-2025-806-257,2025-806,3,0.8459986846433099,0.6409826060421117,0.7434906453427108,0.7568900964454541,0.7380588479670623
wta:214082,wta:215020,2025-07-27,2025,2025,hard,Montreal,R64,6-1 6-4,54,34,46,19,87,WTA-2025-806-258,2025-806,3,0.7182748595401439,0.5724443088190418,0.6453595841795929,0.6511156826670346,0.6452680370328123
wta:216146,wta:214954,2025-07-27,2025,2025,hard,Montreal,R64,2-6 6-3 6-2,80,44,65,30,87,WTA-2025-806-259,2025-806,3,0.2804289304082029,0.4267622825755264,0.3535956064918646,0.34791350480810235,0.35545706514307
wta:220520,wta:233741,2025-07-27,2025,2025,hard,Montreal,R64,4-6 6-4 6-3,108,66,115,64,87,WTA-2025-806-260,2025-806,3,0.5202709576405141,0.5015868172108636,0.5109288874256889,0.5135180879875323,0.5132785975263907
wta:256684,wta:211148,2025-07-27,2025,2025,hard,Montreal,R64,2-6 7-5 7-6(5),120,61,98,51,87,WTA-2025-806-262,2025-806,3,0.09936476058133363,0.3118400976502899,0.20560242911581178,0.18701327090577313,0.20566346054699883
wta:222601,wta:221909,2025-07-27,2025,2025,hard,Montreal,R64,6-4 6-4,59,38,82,43,87,WTA-2025-806-263,2025-806,3,0.3567744884121504,0.45654562099481233,0.4066600547034814,0.40301272630505985,0.4074839790245067
wta:215480,wta:206242,2025-07-27,2025,2025,hard,Montreal,R64,6-2 1-6 6-3,73,48,88,51,87,WTA-2025-806-264,2025-806,3,0.37557023210852297,0.46753127860848337,0.42155075535850317,0.4160696799460841,0.4148067822123329
wta:202684,wta:206420,2025-07-27,2025,2025,hard,Montreal,R64,1-6 6-2 6-4,82,48,83,47,87,WTA-2025-806-265,2025-806,3,0.1644507748249682,0.3602380225816295,0.26234439870329884,0.252815534539498,0.2642974045012848
wta:213631,wta:223670,2025-07-27,2025,2025,hard,Montreal,R64,6-2 7-6(5),65,37,91,41,87,WTA-2025-806-266,2025-806,3,0.4859543948115965,0.49664327128471164,0.4912988330481541,0.4906348944043125,0.4930687445525789
wta:239475,wta:213550,2025-07-27,2025,2025,hard,Montreal,R64,6-2 6-3,61,40,56,28,87,WTA-2025-806-267,2025-806,3,0.3503524387535149,0.4507476350320415,0.40055003689277824,0.3985140893745297,0.39960404970937874
wta:206368,wta:215337,2025-07-27,2025,2025,hard,Montreal,R64,6-4 6-2,46,36,65,37,87,WTA-2025-806-268,2025-806,3,0.6849045499663515,0.5615807140677449,0.6232426320170482,0.6265869996849491,0.6226628334207711
wta:221103,wta:203389,2025-07-27,2025,2025,hard,Montreal,R64,7-5 4-6 7-6(2),113,55,121,58,87,WTA-2025-806-269,2025-806,3,0.7106649782971601,0.5748245346353372,0.6427447564662487,0.6454451648411661,0.6404560777967339
wta:211768,wta:220704,2025-07-27,2025,2025,hard,Montreal,SF,6-2 7-6(7),77,50,66,38,87,WTA-2025-806-298,2025-806,3,0.5913433867646786,0.5310039670430272,0.5611736769038529,0.5612773583396142,0.5583662310692481
wta:239475,wta:214981,2025-07-27,2025,2025,hard,Montreal,SF,1-6 7-5 7-6(4),121,62,111,60,87,WTA-2025-806-299,2025-806,3,0.11553676056112809,0.32117790662191026,0.21835733359151918,0.20474001479101867,0.21963899364644748
wta:216347,wta:211148,2025-08-07,2025,2025,hard,Cincinnati,F,7-5 6-4,78,45,64,32,87,WTA-2025-1017-300,2025-1017,3,0.9057944692713739,0.6843759536161123,0.795085211443743,0.8188965015742941,0.7948410857189948
wta:211148,wta:221103,2025-08-07,2025,2025,hard,Cincinnati,QF,2-6 6-4 6-3,87,43,84,42,87,WTA-2025-1017-294,2025-1017,3,0.17612748756228214,0.3759231003967043,0.2760252939794932,0.2633675502006137,0.2791989284012204
wta:206368,wta:219875,2025-08-07,2025,2025,hard,Cincinnati,QF,6-1 6-2,37,28,52,25,87,WTA-2025-1017-295,2025-1017,3,0.7408003717486138,0.5812328349099787,0.6610166033292962,0.668207379407812,0.6621762005218503
wta:216347,wta:214939,2025-08-07,2025,2025,hard,Cincinnati,QF,6-3 6-4,53,39,63,35,87,WTA-2025-1017-296,2025-1017,3,0.9077022247830339,0.6865730851388465,0.7971376549609401,0.8211165955563621,0.7966494035114438
wta:214981,wta:214544,2025-08-07,2025,2025,hard,Cincinnati,QF,6-1 6-4,64,45,43,26,87,WTA-2025-1017-297,2025-1017,3,0.3109339908445278,0.43469636862984434,0.37281517973718603,0.37039927898774716,0.374707154103985
wta:216133,wta:215306,2025-08-07,2025,2025,hard,Cincinnati,R128,7-6(1) 6-3,90,53,72,39,87,WTA-2025-1017-175,2025-1017,3,0.6860241089017144,0.5643881599023497,0.6252061344020321,0.627396619983172,0.624626335805755
wta:202600,wta:215983,2025-08-07,2025,2025,hard,Cincinnati,R128,6-4 7-5,78,45,72,36,87,WTA-2025-1017-176,2025-1017,3,0.16148196594402764,0.363716814159292,0.26259939005165983,0.250084486376762,0.26211113860216334
wta:215785,wta:220416,2025-08-07,2025,2025,hard,Cincinnati,R128,7-5 1-6 6-4,88,46,85,43,87,WTA-2025-1017-179,2025-1017,3,0.657194646282505,0.5546231309124199,0.6059088885974624,0.606799387109865,0.6017892669923358
wta:214459,wta:202684,2025-08-07,2025,2025,hard,Cincinnati,R128,6-7(6) 6-2 7-6(6),124,74,117,65,87,WTA-2025-1017-180,2025-1017,3,0.3706339191845187,0.46222154409520905,0.4164277316398639,0.4126554000434879,0.41261326719067254
wta:206252,wta:219917,2025-08-07,2025,2025,hard,Cincinnati,R128,6-4 4-6 6-0,89,45,74,28,87,WTA-2025-1017-183,2025-1017,3,0.8106664976589448,0.6152883735123589,0.7129774355856519,0.7250326813356689,0.7150830199616054
wta:201545,wta:211765,2025-08-07,2025,2025,hard,Cincinnati,R128,6-4 6-7(6) 6-1,95,70,81,54,87,WTA-2025-1017-187,2025-1017,3,0.7358501063540215,0.5940494354592615,0.6649497709066414,0.6644093815000615,0.6604029292832054
wta:206289,wta:215872,2025-08-07,2025,2025,hard,Cincinnati,R128,6-3 3-6 6-2,80,46,92,48,87,WTA-2025-1017-188,2025-1017,3,0.7511604986505572,0.5836130607262741,0.6673867796884156,0.6762389656351754,0.6703773198165817
wta:214040,wta:215020,2025-08-07,2025,2025,hard,Cincinnati,R128,6-2 6-1,42,26,55,20,87,WTA-2025-1017-191,2025-1017,3,0.5507764169057786,0.5191028379615502,0.5349396274336644,0.5339158766420006,0.5319185715899049
wta:211685,wta:214452,2025-08-07,2025,2025,hard,Cincinnati,R128,1-6 6-4 7-6(1),92,56,124,70,87,WTA-2025-1017-192,2025-1017,3,0.5835812186879882,0.5267317668599328,0.5551564927739605,0.5560126059656543,0.5578418757461912
wta:206368,wta:215480,2025-08-07,2025,2025,hard,Cincinnati,R128,6-1 6-3,40,31,61,28,87,WTA-2025-1017-195,2025-1017,3,0.6755324925326802,0.558651205370766,0.6170918489517231,0.6198419027642537,0.6166646289334137
wta:201548,wta:214388,2025-08-07,2025,2025,hard,Cincinnati,R128,7-6(0) 6-4,68,47,72,42,87,WTA-2025-1017-196,2025-1017,3,0.7522250801114058,0.5939884040280745,0.6731067420697401,0.6770709051505132,0.6689260890334264
wta:201614,wta:222661,2025-08-07,2025,2025,hard,Cincinnati,R128,5-7 6-4 6-3,99,64,121,71,87,WTA-2025-1017-199,2025-1017,3,0.2385634964692204,0.3969179127250534,0.3177407045971369,0.31567620160042914,0.31969371039512284
wta:219875,wta:220465,2025-08-07,2025,2025,hard,Cincinnati,R128,6-4 3-6 6-3,90,53,88,46,87,WTA-2025-1017-200,2025-1017,3,0.3926918269728691,0.46881293866341167,0.4307523828181404,0.42783883415519447,0.4263276040570784
wta:216083,wta:213666,2025-08-07,2025,2025,hard,Cincinnati,R128,6-2 6-3,66,42,55,27,87,WTA-2025-1017-203,2025-1017,3,0.6580602980008727,0.5572474824534636,0.6076538902271682,0.6074107702617877,0.6122922789973848
wta:230870,wta:221236,2025-08-07,2025,2025,hard,Cincinnati,R128,1-6 6-3 6-2,89,51,69,42,87,WTA-2025-1017-204,2025-1017,3,0.33842933573336414,0.4366493744278303,0.3875393550805972,0.3901057657440502,0.390346800915202
wta:206417,wta:263857,2025-08-07,2025,2025,hard,Cincinnati,R128,7-5 1-6 6-4,110,59,89,48,87,WTA-2025-1017-207,2025-1017,3,0.12360347210873025,0.32660970399755873,0.22510658805314449,0.2131860306379082,0.22492349375958332
wta:220548,wta:206374,2025-08-07,2025,2025,hard,Cincinnati,R128,6-4 6-3,67,38,47,19,87,WTA-2025-1017-208,2025-1017,3,0.6291755853491624,0.5393042416844676,0.584239913516815,0.5872126527539091,0.5853689949937756
wta:233741,wta:213889,2025-08-07,2025,2025,hard,Cincinnati,R128,6-2 6-3,56,38,53,27,87,WTA-2025-1017-211,2025-1017,3,0.6843861460580253,0.5632285627097956,0.6238073543839104,0.6262123969804217,0.6235327129435686
wta:215138,wta:222045,2025-08-07,2025,2025,hard,Cincinnati,R128,6-4 6-4,82,50,57,34,87,WTA-2025-1017-212,2025-1017,3,0.5732177725544636,0.521910283796155,0.5475640281753094,0.5490074562127251,0.5500052854227917
wta:201514,wta:202499,2025-08-07,2025,2025,hard,Cincinnati,R128,6-1 4-6 6-3,78,48,121,63,87,WTA-2025-1017-216,2025-1017,3,0.5214675833787944,0.5112297833384193,0.5163486833586068,0.5143166117327321,0.5118018417351708
wta:213583,wta:215992,2025-08-07,2025,2025,hard,Cincinnati,R128,6-2 6-3,46,27,72,31,87,WTA-2025-1017-219,2025-1017,3,0.9197756731777795,0.7489472078120232,0.8343614404949014,0.8356486873485214,0.835490521971862
wta:215713,wta:201696,2025-08-07,2025,2025,hard,Cincinnati,R128,6-4 6-4,65,39,62,34,87,WTA-2025-1017-220,2025-1017,3,0.5593557511532286,0.5192859322551114,0.5393208417041699,0.539674387547468,0.534774000080734
wta:220332,wta:211095,2025-08-07,2025,2025,hard,Cincinnati,R128,6-2 4-6 7-5,89,54,86,47,87,WTA-2025-1017-223,2025-1017,3,0.5660113093642053,0.5173939578883124,0.5417026336262589,0.544150641579568,0.546829273845972
wta:256684,wta:211817,2025-08-07,2025,2025,hard,Cincinnati,R128,6-2 7-6(6),77,44,73,38,87,WTA-2025-1017-224,2025-1017,3,0.17645285779698466,0.37110161733292646,0.27377723756495553,0.26365745198092144,0.2700238045469513
wta:238064,wta:221024,2025-08-07,2025,2025,hard,Cincinnati,R128,6-1 4-6 6-1,65,45,91,45,87,WTA-2025-1017-227,2025-1017,3,0.26263659722709193,0.4021666158071407,0.3324016065171163,0.3344321964880024,0.33404945515916695
wta:213887,wta:201709,2025-08-07,2025,2025,hard,Cincinnati,R128,3-6 6-4 6-2,80,42,91,43,87,WTA-2025-1017-228,2025-1017,3,0.31566198118804584,0.43317058285016785,0.3744162820191068,0.3738223709900146,0.37948189080763295
wta:203501,wta:203389,2025-08-07,2025,2025,hard,Cincinnati,R128,6-4 7-6(2),65,40,78,41,87,WTA-2025-1017-231,2025-1017,3,0.19094796335826417,0.3833079035703387,0.28712793346430143,0.276362961377638,0.2859073048405602
wta:222601,wta:200748,2025-08-07,2025,2025,hard,Cincinnati,R128,6-4 6-4,60,34,63,29,87,WTA-2025-1017-232,2025-1017,3,0.6978820481823192,0.5756789746719561,0.6367805114271377,0.636025549857951,0.6340035813081264
wta:215337,wta:211107,2025-08-07,2025,2025,hard,Cincinnati,R128,6-0 7-5,57,35,66,30,87,WTA-2025-1017-235,2025-1017,3,0.44401354179615726,0.48376563930424166,0.46388959055019946,0.4625885714690608,0.46431681056850893
wta:214954,wta:211713,2025-08-07,2025,2025,hard,Cincinnati,R128,6-3 6-1,47,33,61,28,87,WTA-2025-1017-236,2025-1017,3,0.9010807667368643,0.6829111992676228,0.7919959830022436,0.8134918244904986,0.794894975983629
wta:221103,wta:214459,2025-08-07,2025,2025,hard,Cincinnati,R16,6-2 6-4,57,35,56,26,87,WTA-2025-1017-286,2025-1017,3,0.9631239072083675,0.7695148001220629,0.8663193536652152,0.8979891752659477,0.8651292407570674
wta:211148,wta:206252,2025-08-07,2025,2025,hard,Cincinnati,R16,6-1 6-2,45,33,50,24,87,WTA-2025-1017-287,2025-1017,3,0.5603356912668548,0.5101312175770522,0.5352334544219535,0.5403329335975899,0.5404211260728538
wta:206368,wta:202663,2025-08-07,2025,2025,hard,Cincinnati,R16,6-4 6-3,57,40,68,36,87,WTA-2025-1017-288,2025-1017,3,0.5437052496485598,0.5150747635032041,0.529390006575882,0.529178193103716,0.5269487493283995
wta:219875,wta:230870,2025-08-07,2025,2025,hard,Cincinnati,R16,2-6 6-1 6-1,57,36,94,47,87,WTA-2025-1017-289,2025-1017,3,0.6324182860989394,0.5425999389685688,0.5875091125337542,0.5894608275841001,0.58894335116665
wta:214939,wta:206420,2025-08-07,2025,2025,hard,Cincinnati,R16,3-6 7-6(5) 6-1,103,67,103,65,87,WTA-2025-1017-290,2025-1017,3,0.30220605842501574,0.4294476655477571,0.3658268619863864,0.36403893899773143,0.3704957664721966
wta:216347,wta:201514,2025-08-07,2025,2025,hard,Cincinnati,R16,6-4 6-3,52,31,66,34,87,WTA-2025-1017-291,2025-1017,3,0.944518036206019,0.737778455904791,0.841148246055405,0.868726399029003,0.8373948130374007
wta:214981,wta:201619,2025-08-07,2025,2025,hard,Cincinnati,R16,6-7(3) 6-4 6-2,94,62,101,57,87,WTA-2025-1017-292,2025-1017,3,0.5277628132796862,0.5068355202929509,0.5172991667863185,0.518519123299172,0.5150410038323973
wta:214544,wta:222601,2025-08-07,2025,2025,hard,Cincinnati,R16,6-1 7-5,71,44,51,24,87,WTA-2025-1017-293,2025-1017,3,0.9749886952801742,0.7900213610009155,0.8825050281405449,0.9199792625538883,0.8847937068100596
wta:214459,wta:211533,2025-08-07,2025,2025,hard,Cincinnati,R32,1-6 6-3 6-4,78,45,86,52,87,WTA-2025-1017-271,2025-1017,3,0.22866302817028367,0.4021666158071407,0.3154148219887122,0.30776607571459846,0.31770350065822694
wta:206252,wta:260300,2025-08-07,2025,2025,hard,Cincinnati,R32,6-4 3-6 6-2,80,55,102,62,87,WTA-2025-1017-272,2025-1017,3,0.6867765132443084,0.5823314006713457,0.6345539569578271,0.6279412065883662,0.624941506545865
wta:211148,wta:221909,2025-08-07,2025,2025,hard,Cincinnati,R32,7-6(2) 6-1,62,41,66,34,87,WTA-2025-1017-273,2025-1017,3,0.6485831236351688,0.5436374732987489,0.5961102984669588,0.6007388616424191,0.5956525627330559
wta:202663,wta:202468,2025-08-07,2025,2025,hard,Cincinnati,R32,7-6(5) 3-6 6-3,96,56,102,59,87,WTA-2025-1017-274,2025-1017,3,0.14715980811473867,0.36353371986573085,0.25534676399023476,0.23660767378631736,0.25412613536649353
wta:206368,wta:220704,2025-08-07,2025,2025,hard,Cincinnati,R32,3-6 7-6(4) 6-4,86,61,107,69,87,WTA-2025-1017-275,2025-1017,3,0.33091840824465624,0.4401891974366799,0.3855538028406681,0.3847686543849674,0.38701855718915756
wta:219875,wta:214096,2025-08-07,2025,2025,hard,Cincinnati,R32,6-2 6-4,58,38,58,30,87,WTA-2025-1017-276,2025-1017,3,0.16639479186330203,0.36731766859932863,0.26685623023131533,0.25459294808976146,0.2701519275154166
wta:230870,wta:220520,2025-08-07,2025,2025,hard,Cincinnati,R32,6-4 2-6 7-6(6),96,60,87,58,87,WTA-2025-1017-277,2025-1017,3,0.1594240144659215,0.3580408910588953,0.2587324527624084,0.24817925649433548,0.26065494284480084
wta:214939,wta:216153,2025-08-07,2025,2025,hard,Cincinnati,R32,7-5 6-4,76,48,61,35,87,WTA-2025-1017-278,2025-1017,3,0.36066585058822404,0.45605736954531584,0.40836161006676996,0.405728944971583,0.40662221427793865
wta:206420,wta:233741,2025-08-07,2025,2025,hard,Cincinnati,R32,6-4 6-3,53,39,60,36,87,WTA-2025-1017-279,2025-1017,3,0.7530621194577704,0.5848947207812023,0.6689784201194864,0.677725922757316,0.67264030599071
wta:201514,wta:206294,2025-08-07,2025,2025,hard,Cincinnati,R32,6-7(2) 6-4 6-4,97,57,108,60,87,WTA-2025-1017-280,2025-1017,3,0.6473600936783641,0.5486420506560878,0.598001072167226,0.5998812094269981,0.5973297264241684
wta:201619,wta:256684,2025-08-07,2025,2025,hard,Cincinnati,R32,6-4 6-0,43,29,55,21,87,WTA-2025-1017-282,2025-1017,3,0.9677453280443236,0.7940494354592615,0.8808973817517926,0.9061525752652105,0.8775101373209107
wta:214981,wta:210722,2025-08-07,2025,2025,hard,Cincinnati,R32,4-6 6-3 7-5,99,67,86,54,87,WTA-2025-1017-283,2025-1017,3,0.54270152989888,0.5127555691180958,0.5277285495084879,0.5285062562869762,0.5287050524074809
wta:222601,wta:203501,2025-08-07,2025,2025,hard,Cincinnati,R32,6-4 6-1,56,34,64,31,87,WTA-2025-1017-284,2025-1017,3,0.4377103157007592,0.47650289899298137,0.45710660734687025,0.45835340459313023,0.45808311024586323
wta:214544,wta:221054,2025-08-07,2025,2025,hard,Cincinnati,R32,7-6(3) 4-6 7-6(5),113,74,134,86,87,WTA-2025-1017-285,2025-1017,3,0.8228294877247522,0.6237717424473604,0.7233006150860564,0.7357038853100231,0.7191809934809297
wta:221103,wta:216133,2025-08-07,2025,2025,hard,Cincinnati,R64,6-3 6-2,60,37,44,21,87,WTA-2025-1017-238,2025-1017,3,0.8695129589336621,0.6597192554165395,0.7646161071751008,0.7797894039901858,0.7615950513313412
wta:215035,wta:202600,2025-08-07,2025,2025,hard,Cincinnati,R64,6-4 2-6 6-2,107,60,79,46,87,WTA-2025-1017-239,2025-1017,3,0.8549936879025845,0.6459261519682636,0.750459919935424,0.7654648588222073,0.7497885741923664
wta:214459,wta:214082,2025-08-07,2025,2025,hard,Cincinnati,R64,6-3 1-6 6-4,83,46,78,44,87,WTA-2025-1017-241,2025-1017,3,0.269376643795517,0.4215135794934391,0.34544511164447805,0.3395743388586037,0.34913751323129527
wta:206252,wta:202494,2025-08-07,2025,2025,hard,Cincinnati,R64,2-6 6-4 6-3,103,57,78,46,87,WTA-2025-1017-242,2025-1017,3,0.19792715861862364,0.3897772352761672,0.2938521969473954,0.2823434446345101,0.2926925997548413
wta:260300,wta:222328,2025-08-07,2025,2025,hard,Cincinnati,R64,6-3 6-0,51,38,42,19,87,WTA-2025-1017-243,2025-1017,3,0.19241525673442056,0.3753738175160207,0.2838945371252206,0.27762734053318455,0.28319267566656947
wta:221909,wta:201545,2025-08-07,2025,2025,hard,Cincinnati,R64,6-4 0-6 6-3,90,47,67,35,87,WTA-2025-1017-244,2025-1017,3,0.6042638216303499,0.533811412877632,0.5690376172539909,0.5700794746712299,0.5705634030336675
wta:211148,wta:206289,2025-08-07,2025,2025,hard,Cincinnati,R64,7-6(2) 7-6(5),91,58,87,54,87,WTA-2025-1017-245,2025-1017,3,0.6133863036608802,0.5322245956667684,0.5728054496638243,0.5763268395020251,0.5744838140214685
wta:202468,wta:214040,2025-08-07,2025,2025,hard,Cincinnati,R64,6-4 6-3,52,38,57,29,87,WTA-2025-1017-246,2025-1017,3,0.9202567265156862,0.705004577357339,0.8126306519365126,0.8362463650671995,0.8139123119914409
wta:202663,wta:211685,2025-08-07,2025,2025,hard,Cincinnati,R64,7-6(4) 6-0,70,45,55,32,87,WTA-2025-1017-247,2025-1017,3,0.5183414031587459,0.4968873970094599,0.5076144000841029,0.5122306508396315,0.5092012172949665
wta:206368,wta:202505,2025-08-07,2025,2025,hard,Cincinnati,R64,6-4 7-6(0),73,45,67,34,87,WTA-2025-1017-248,2025-1017,3,0.2672143767967434,0.42206286237412266,0.34463861958543307,0.3379295267361168,0.3422889094847312
wta:220704,wta:201548,2025-08-07,2025,2025,hard,Cincinnati,R64,6-3 6-7(5) 6-4,97,69,105,67,87,WTA-2025-1017-249,2025-1017,3,0.7978683146255989,0.6085138846505951,0.703191099638097,0.7140935767640334,0.7039845082435288
wta:214096,wta:201614,2025-08-07,2025,2025,hard,Cincinnati,R64,7-6(3) 7-6(0),72,50,96,55,87,WTA-2025-1017-250,2025-1017,3,0.812391309145314,0.6207201708880073,0.7165557400166607,0.7265289397906691,0.7160369728515706
wta:219875,wta:213550,2025-08-07,2025,2025,hard,Cincinnati,R64,6-7(7) 6-3 6-3,101,63,123,67,87,WTA-2025-1017-251,2025-1017,3,0.2537592980023456,0.4102227647238328,0.33199103136308916,0.3275894328111486,0.3391927402431624
wta:220520,wta:216083,2025-08-07,2025,2025,hard,Cincinnati,R64,6-4 6-3,61,37,68,35,87,WTA-2025-1017-252,2025-1017,3,0.7163384511628497,0.5732377174244736,0.6447880842936616,0.649668102280911,0.646130775779777
wta:230870,wta:215613,2025-08-07,2025,2025,hard,Cincinnati,R64,6-4 1-6 6-4,83,50,87,53,87,WTA-2025-1017-253,2025-1017,3,0.11372815792936408,0.3234971010070186,0.21861262946819135,0.20281242458273024,0.21641549794545714
wta:214939,wta:220548,2025-08-07,2025,2025,hard,Cincinnati,R64,7-6(4) 4-6 6-1,91,60,113,66,87,WTA-2025-1017-255,2025-1017,3,0.5971991152965453,0.5254501068050046,0.561324611050775,0.5652602867721928,0.5643456668945346
wta:233741,wta:206242,2025-08-07,2025,2025,hard,Cincinnati,R64,6-4 4-6 6-4,98,55,115,57,87,WTA-2025-1017-256,2025-1017,3,0.5559346405544656,0.5208117180347879,0.5383731792946267,0.5373766408893379,0.5369999720929179
wta:206420,wta:215138,2025-08-07,2025,2025,hard,Cincinnati,R64,6-4 6-2,51,32,67,28,87,WTA-2025-1017-257,2025-1017,3,0.9308924112064281,0.7200183094293561,0.825455360317892,0.8498790538959139,0.8254858760334856
wta:206294,wta:223670,2025-08-07,2025,2025,hard,Cincinnati,R64,6-4 1-6 6-3,74,48,90,55,87,WTA-2025-1017-258,2025-1017,3,0.2415765127133306,0.40411962160512666,0.32284806715922865,0.31805953375203566,0.32596067014976876
wta:201514,wta:211684,2025-08-07,2025,2025,hard,Cincinnati,R64,7-6(4) 2-6 6-4,81,54,97,59,87,WTA-2025-1017-259,2025-1017,3,0.6294243000073946,0.5408910588953311,0.5851576794513629,0.5873849286956084,0.5837539565340604
wta:216146,wta:213583,2025-08-07,2025,2025,hard,Cincinnati,R64,6-0 6-1,36,25,45,18,87,WTA-2025-1017-260,2025-1017,3,0.8644638952720268,0.6470857491608178,0.7557748222164223,0.7747357164044223,0.7586738151978077
wta:216347,wta:215713,2025-08-07,2025,2025,hard,Cincinnati,R64,6-1 6-4,52,37,45,21,87,WTA-2025-1017-261,2025-1017,3,0.9559615308057028,0.744736039060116,0.8503487849329094,0.8861262860794068,0.8536444822170106
wta:201619,wta:220332,2025-08-07,2025,2025,hard,Cincinnati,R64,1-6 6-3 7-6(1),91,52,104,57,87,WTA-2025-1017-262,2025-1017,3,0.9088222326047762,0.6915166310649985,0.8001694318348873,0.8224290954980111,0.7972094074223148
wta:256684,wta:201499,2025-08-07,2025,2025,hard,Cincinnati,R64,6-1 4-6 6-4,88,48,92,41,87,WTA-2025-1017-263,2025-1017,3,0.10088697769440125,0.30402807445834606,0.20245752607637366,0.18873177191856602,0.20791983916761564
wta:210722,wta:238064,2025-08-07,2025,2025,hard,Cincinnati,R64,3-6 7-6(3) 7-5,101,64,104,63,87,WTA-2025-1017-264,2025-1017,3,0.9323420981558165,0.7441257247482453,0.838233911452031,0.851804383384548,0.834266868424872
wta:214981,wta:213887,2025-08-07,2025,2025,hard,Cincinnati,R64,4-6 6-0 7-5,103,67,106,59,87,WTA-2025-1017-265,2025-1017,3,0.9495267153548732,0.7374122673176686,0.8434694913362709,0.8761369966561134,0.8472534400698687
wta:203501,wta:214643,2025-08-07,2025,2025,hard,Cincinnati,R64,6-2 6-4,50,38,60,37,87,WTA-2025-1017-266,2025-1017,3,0.24520919667046376,0.4155935306682942,0.330401363669379,0.32091879209820523,0.32695308780731
wta:222601,wta:220367,2025-08-07,2025,2025,hard,Cincinnati,R64,6-3 6-3,59,38,52,29,87,WTA-2025-1017-267,2025-1017,3,0.376772224705142,0.4563014952700641,0.41653685998760304,0.4168995517301792,0.41867296007915017
wta:221054,wta:215337,2025-08-07,2025,2025,hard,Cincinnati,R64,6-3 6-2,42,30,66,30,87,WTA-2025-1017-268,2025-1017,3,0.8365763914424857,0.6360390601159597,0.7363077257792228,0.7481270687909357,0.7337138899537726
wta:214544,wta:214954,2025-08-07,2025,2025,hard,Cincinnati,R64,7-5 6-1,83,52,50,30,87,WTA-2025-1017-269,2025-1017,3,0.7469946439805066,0.5809276777540433,0.663961160867275,0.6729955425791195,0.6675925310229052
wta:211148,wta:206368,2025-08-07,2025,2025,hard,Cincinnati,SF,6-3 6-7(2) 6-3,99,71,86,55,87,WTA-2025-1017-298,2025-1017,3,0.587656504383071,0.5264266097039976,0.5570415570435343,0.5587746654226197,0.5588724999791461
wta:216347,wta:214981,2025-08-07,2025,2025,hard,Cincinnati,SF,7-5 6-3,59,42,65,37,87,WTA-2025-1017-299,2025-1017,3,0.7218138767554656,0.5743973146170278,0.6481055956862467,0.6537697659749038,0.6485022999889626
wta:201514,wta:215983,2025-08-17,2025,2025,hard,Cleveland,F,6-2 6-4,59,41,64,35,87,WTA-2025-2040-300,2025-2040,3,0.4544975535051799,0.48474214220323464,0.4696198478542073,0.4696183479941409,0.4667208548728219
wta:216133,wta:203530,2025-08-17,2025,2025,hard,Cleveland,QF,4-6 6-4 6-4,87,53,104,57,87,WTA-2025-2040-294,2025-2040,3,0.7779431753455521,0.5988709185230394,0.6884070469342958,0.6975827469896909,0.688712204090231
wta:215983,wta:221039,2025-08-17,2025,2025,hard,Cleveland,QF,6-1 5-7 6-1,79,50,83,42,87,WTA-2025-2040-295,2025-2040,3,0.7018995447491256,0.5675617943240769,0.6347306695366013,0.6389723216283119,0.6371108953528967
wta:201514,wta:214643,2025-08-17,2025,2025,hard,Cleveland,QF,6-4 6-1,59,41,49,25,87,WTA-2025-2040-297,2025-2040,3,0.310214247674278,0.43951785169362223,0.3748660496839501,0.3698768314957336,0.37150932096866174
wta:216133,wta:221883,2025-08-17,2025,2025,hard,Cleveland,R16,1-6 6-2 6-3,67,41,74,42,87,WTA-2025-2040-286,2025-2040,3,0.8773304934035816,0.6835825450106805,0.7804565192071311,0.7877796522613167,0.7744449232352055
wta:203530,wta:211107,2025-08-17,2025,2025,hard,Cleveland,R16,7-6(6) 1-6 6-4,92,45,95,48,87,WTA-2025-2040-287,2025-2040,3,0.33277840945851084,0.4414098260604211,0.387094117759466,0.38609337728983284,0.3909085822086573
wta:215983,wta:260300,2025-08-17,2025,2025,hard,Cleveland,R16,6-3 2-6 6-3,81,47,92,49,87,WTA-2025-2040-288,2025-2040,3,0.6614058139689036,0.5557827281049741,0.6085942710369389,0.6097774557520348,0.6086858181837194
wta:221039,wta:221333,2025-08-17,2025,2025,hard,Cleveland,R16,7-5 7-6(2),77,48,86,48,87,WTA-2025-2040-289,2025-2040,3,0.6553826303866183,0.5593835825450106,0.6073831064658144,0.6055209202700246,0.6076577479061562
wta:220435,wta:221024,2025-08-17,2025,2025,hard,Cleveland,R16,6-4 6-3,51,34,65,36,87,WTA-2025-2040-290,2025-2040,3,0.2830552461248052,0.42511443393347575,0.3540848400291405,0.3498789980599835,0.3542984500382952
wta:220332,wta:221236,2025-08-17,2025,2025,hard,Cleveland,R16,6-4 6-3,54,27,73,30,87,WTA-2025-2040-291,2025-2040,3,0.5240620725731435,0.5162953921269454,0.5201787323500444,0.5160482682238411,0.5158455007357631
wta:201514,wta:213525,2025-08-17,2025,2025,hard,Cleveland,R16,6-1 6-1,42,29,41,13,87,WTA-2025-2040-292,2025-2040,3,0.7346189775402305,0.5844675007628929,0.6595432391515617,0.6634686369999621,0.6596653020139358
wta:214643,wta:206374,2025-08-17,2025,2025,hard,Cleveland,R16,6-2 6-4,63,42,72,37,87,WTA-2025-2040-293,2025-2040,3,0.7791288483287948,0.6016173329264571,0.690373090627626,0.6985490225372141,0.6946147750951268
wta:216133,wta:215480,2025-08-17,2025,2025,hard,Cleveland,R32,6-2 6-7(3) 6-2,87,54,94,48,87,WTA-2025-2040-270,2025-2040,3,0.6729906529022586,0.5526701251144339,0.6128303890083462,0.6180221771557209,0.6169194948978793
wta:221883,wta:213889,2025-08-17,2025,2025,hard,Cleveland,R32,7-6(2) 6-4,68,41,77,40,87,WTA-2025-2040-271,2025-2040,3,0.23739883886658206,0.3949649069270674,0.31618187289682476,0.31475201512285084,0.31746353295175306
wta:203530,wta:214459,2025-08-17,2025,2025,hard,Cleveland,R32,6-1 6-3,59,37,67,31,87,WTA-2025-2040-272,2025-2040,3,0.4528134756992695,0.48101922490082394,0.46691635030004675,0.4684902375901201,0.4679233689146332
wta:211107,wta:206294,2025-08-17,2025,2025,hard,Cleveland,R32,6-4 6-3,54,30,75,35,87,WTA-2025-2040-273,2025-2040,3,0.5710732847934947,0.5230088495575221,0.5470410671755084,0.5475610137703948,0.5462171428544831
wta:260300,wta:215713,2025-08-17,2025,2025,hard,Cleveland,R32,7-5 6-3,77,44,66,34,87,WTA-2025-2040-274,2025-2040,3,0.3994782843621096,0.4643576441867562,0.43191796427443285,0.43247516743139314,0.42932412844898277
wta:215983,wta:263857,2025-08-17,2025,2025,hard,Cleveland,R32,7-5 6-3,68,41,80,41,87,WTA-2025-2040-275,2025-2040,3,0.6665502585012711,0.5557827281049741,0.6111664933031227,0.6134289879893621,0.6107392732848131
wta:221039,wta:202684,2025-08-17,2025,2025,hard,Cleveland,R32,6-3 6-1,53,35,62,29,87,WTA-2025-2040-276,2025-2040,3,0.4047883706309695,0.4624656698199573,0.4336270202254634,0.436092688237245,0.43683117036278407
wta:221333,wta:222661,2025-08-17,2025,2025,hard,Cleveland,R32,4-6 6-4 7-6(2),112,66,122,70,87,WTA-2025-2040-277,2025-2040,3,0.14528665299177576,0.3356423558132438,0.24046450440250977,0.2348056639830315,0.24327195023711462
wta:221024,wta:211817,2025-08-17,2025,2025,hard,Cleveland,R32,6-2 7-6(2),70,47,61,37,87,WTA-2025-2040-278,2025-2040,3,0.4881791709863419,0.4932865425694232,0.4907328567778826,0.49211863145361856,0.49277740972264916
wta:220435,wta:214040,2025-08-17,2025,2025,hard,Cleveland,R32,5-7 6-4 6-3,99,53,105,53,87,WTA-2025-2040-279,2025-2040,3,0.389007330560674,0.46722612145254805,0.428116726006611,0.4253151983443166,0.42881858746526225
wta:221236,wta:221512,2025-08-17,2025,2025,hard,Cleveland,R32,6-4 6-4,66,41,63,31,87,WTA-2025-2040-280,2025-2040,3,0.8508134320635083,0.6763808361306073,0.7635971340970578,0.7614532510212528,0.7631088826475614
wta:220332,wta:233741,2025-08-17,2025,2025,hard,Cleveland,R32,6-4 6-4,71,41,57,28,87,WTA-2025-2040-281,2025-2040,3,0.30632127608482324,0.43555080866646323,0.37093604237564326,0.3670446690757931,0.36828117511900604
wta:213525,wta:222391,2025-08-17,2025,2025,hard,Cleveland,R32,6-4 1-6 6-4,76,47,91,56,87,WTA-2025-2040-282,2025-2040,3,0.12016602052918018,0.3073848031736344,0.2137754118514073,0.20961638524417595,0.2133787075486914
wta:201514,wta:220416,2025-08-17,2025,2025,hard,Cleveland,R32,6-4 6-1,56,35,57,25,87,WTA-2025-2040-283,2025-2040,3,0.7227156203969657,0.5731156545620995,0.6479156374795325,0.6544478040862036,0.6516995862131304
wta:206374,wta:220548,2025-08-17,2025,2025,hard,Cleveland,R32,6-4 3-6 6-3,86,59,78,56,87,WTA-2025-2040-284,2025-2040,3,0.3693492164459811,0.4539212694537687,0.4116352429498749,0.4117651454942281,0.41059770861969486
wta:214643,wta:214452,2025-08-17,2025,2025,hard,Cleveland,R32,6-4 7-6(2),69,46,72,42,87,WTA-2025-2040-285,2025-2040,3,0.7699553399855162,0.5968568812938664,0.6834061106396914,0.69112257902787,0.6814531048417054
wta:215983,wta:216133,2025-08-17,2025,2025,hard,Cleveland,SF,6-3 5-7 6-4,93,55,115,61,87,WTA-2025-2040-298,2025-2040,3,0.4955590118471108,0.49896246566981994,0.4972607387584654,0.4970392979772074,0.49921374455645134
wta:201514,wta:220435,2025-08-17,2025,2025,hard,Cleveland,SF,6-1 7-5,52,35,56,26,87,WTA-2025-2040-299,2025-2040,3,0.7288118474605769,0.5823314006713457,0.6555716240659613,0.6590511061916517,0.6557547183595225
wta:223670,wta:206420,2025-08-18,2025,2025,hard,Monterrey,F,6-3 4-6 6-4,96,61,95,53,87,WTA-2025-1039-300,2025-1039,3,0.30841037623328965,0.4388465059505645,0.37362844109192705,0.3685658403229513,0.37121769956003814
wta:206420,wta:222328,2025-08-18,2025,2025,hard,Monterrey,QF,7-6(5) 4-6 6-2,94,59,86,52,87,WTA-2025-1039-294,2025-1039,3,0.5807036790778406,0.5246566981995728,0.5526801886387067,0.5540649205729792,0.5482248941620512
wta:213631,wta:222045,2025-08-18,2025,2025,hard,Monterrey,QF,6-3 6-2,44,28,54,23,87,WTA-2025-1039-295,2025-1039,3,0.8805452346210556,0.6704607873054623,0.775503010963259,0.7911275931223208,0.7766931238714067
wta:223670,wta:210722,2025-08-18,2025,2025,hard,Monterrey,QF,3-6 7-6(6) 7-6(4),123,72,115,70,87,WTA-2025-1039-296,2025-1039,3,0.2717809335637537,0.4198046994202014,0.3457928164919776,0.3413980170843784,0.3496072809411689
wta:219917,wta:211685,2025-08-18,2025,2025,hard,Monterrey,QF,6-2 7-5,64,40,63,32,87,WTA-2025-1039-297,2025-1039,3,0.2522559220789523,0.4177296307598413,0.33499277641939684,0.32642237045160133,0.3358777321716092
wta:206420,wta:201548,2025-08-18,2025,2025,hard,Monterrey,R16,6-4 6-3,79,49,60,32,87,WTA-2025-1039-286,2025-1039,3,0.8618910949167667,0.6447055233445225,0.7532983091306447,0.7721909796193237,0.7565329749835588
wta:222328,wta:213583,2025-08-18,2025,2025,hard,Monterrey,R16,6-3 6-2,46,32,58,26,87,WTA-2025-1039-287,2025-1039,3,0.9036891657154432,0.6908452853219408,0.797267225518692,0.8164686612148377,0.795253188289519
wta:213631,wta:206242,2025-08-18,2025,2025,hard,Monterrey,R16,6-3 6-4,71,45,61,34,87,WTA-2025-1039-288,2025-1039,3,0.6100619240972207,0.5330790357033872,0.571570479900304,0.5740468574813853,0.5714484170379299
wta:222045,wta:220714,2025-08-18,2025,2025,hard,Monterrey,R16,7-6(2) 2-6 6-0,89,54,94,50,87,WTA-2025-1039-289,2025-1039,3,0.2918317121955854,0.42700640830027464,0.35941906024793,0.35640475996945287,0.3590833873764012
wta:210722,wta:202499,2025-08-18,2025,2025,hard,Monterrey,R16,6-3 6-3,54,31,63,27,87,WTA-2025-1039-290,2025-1039,3,0.8330243197195589,0.6234665852914251,0.728245452505492,0.7448775927732136,0.7297102068539815
wta:223670,wta:215872,2025-08-18,2025,2025,hard,Monterrey,R16,7-6(3) 6-1,61,41,83,45,87,WTA-2025-1039-291,2025-1039,3,0.8227529882960946,0.62938663411657,0.7260698112063323,0.7356358676450255,0.7241168054083463
wta:211685,wta:220367,2025-08-18,2025,2025,hard,Monterrey,R16,2-6 6-3 6-2,89,48,73,38,87,WTA-2025-1039-292,2025-1039,3,0.5201939206879627,0.5066524259993896,0.5134231733436762,0.513466683246393,0.5147353491141979
wta:219917,wta:215613,2025-08-18,2025,2025,hard,Monterrey,R16,4-6 6-3 6-2,80,50,94,51,87,WTA-2025-1039-293,2025-1039,3,0.1357606662943249,0.34888617638083613,0.2423234213375805,0.22548719762994657,0.2438797228328506
wta:201548,wta:213887,2025-08-18,2025,2025,hard,Monterrey,R32,4-6 6-3 7-6(1),113,60,114,58,87,WTA-2025-1039-271,2025-1039,3,0.6401858984697262,0.5532194079951175,0.5967026532324218,0.594864979253431,0.5941698488381588
wta:213583,wta:214388,2025-08-18,2025,2025,hard,Monterrey,R32,7-6(5) 7-5,83,47,94,52,87,WTA-2025-1039-272,2025-1039,3,0.5733514061681299,0.5171498321635642,0.545250619165847,0.5490976248923362,0.5472951721106136
wta:222328,wta:215138,2025-08-18,2025,2025,hard,Monterrey,R32,7-6(2) 7-6(7),73,60,82,59,87,WTA-2025-1039-273,2025-1039,3,0.8870656415901282,0.6733292645712542,0.7801974530806912,0.7980377046244327,0.7853851247315915
wta:213631,wta:220309,2025-08-18,2025,2025,hard,Monterrey,R32,3-6 6-2 6-4,76,49,103,55,87,WTA-2025-1039-275,2025-1039,3,0.7715348113325826,0.5991760756789747,0.6853554435057787,0.6923932643762644,0.687796700753261
wta:220714,wta:206417,2025-08-18,2025,2025,hard,Monterrey,R32,6-3 6-4,58,40,58,29,87,WTA-2025-1039-276,2025-1039,3,0.8605686203104163,0.6564845895636253,0.7585266049370207,0.7708906591227834,0.7633786037163921
wta:222045,wta:201499,2025-08-18,2025,2025,hard,Monterrey,R32,7-6(4) 6-1,62,43,76,43,87,WTA-2025-1039-277,2025-1039,3,0.10692052465984739,0.3092767775404333,0.20809865110014036,0.19543721146540052,0.20980753117337808
wta:210722,wta:215020,2025-08-18,2025,2025,hard,Monterrey,R32,6-4 6-3,61,38,66,32,87,WTA-2025-1039-278,2025-1039,3,0.9223983225726378,0.7013426914861154,0.8118705070293766,0.8389260165476204,0.8120841170385313
wta:202499,wta:206289,2025-08-18,2025,2025,hard,Monterrey,R32,6-2 6-3,55,33,49,22,87,WTA-2025-1039-279,2025-1039,3,0.45382921526060094,0.4835215135794934,0.4686753644200472,0.46917069648216486,0.4684007229797054
wta:215872,wta:222601,2025-08-18,2025,2025,hard,Monterrey,R32,6-4 7-5,56,30,65,31,87,WTA-2025-1039-280,2025-1039,3,0.40882591887097325,0.4669819957277998,0.4379039572993865,0.4388376512618132,0.4429085346567255
wta:220367,wta:211713,2025-08-18,2025,2025,hard,Monterrey,R32,6-3 7-5,54,44,65,41,87,WTA-2025-1039-282,2025-1039,3,0.6209463703348785,0.5413182789136405,0.5811323246242595,0.581526914612684,0.580125306009673
wta:211685,wta:211874,2025-08-18,2025,2025,hard,Monterrey,R32,6-0 6-3,50,35,44,20,87,WTA-2025-1039-283,2025-1039,3,0.9664954347119731,0.8311565456209948,0.8988259901664839,0.9039000428572399,0.8958354500383179
wta:219917,wta:213710,2025-08-18,2025,2025,hard,Monterrey,R32,6-2 6-1,42,32,47,24,87,WTA-2025-1039-284,2025-1039,3,0.3187306974639652,0.4411046689044858,0.3799176831842255,0.3760360851645953,0.38254203472526915
wta:206420,wta:213631,2025-08-18,2025,2025,hard,Monterrey,SF,6-3 0-0 RET,28,17,22,10,87,WTA-2025-1039-298,2025-1039,3,0.705092748781278,0.5622520598108026,0.6336724042960403,0.641323306134219,0.6371206801581093
wta:223670,wta:219917,2025-08-18,2025,2025,hard,Monterrey,SF,6-3 7-6(8),78,54,78,50,87,WTA-2025-1039-299,2025-1039,3,0.8421493776499837,0.6434238632895941,0.7427866204697888,0.7532841973927547,0.7408946461029899
wta:214544,wta:216153,2025-08-25,2025,2025,hard,Us Open,F,6-3 7-6(3),69,42,66,32,87,WTA-2025-560-226,2025-560,3,0.8182191574393541,0.6133353677143729,0.7157772625768635,0.7316255461786588,0.71782181552163
wta:202468,wta:206252,2025-08-25,2025,2025,hard,Us Open,QF,6-3 6-3,58,35,62,28,87,WTA-2025-560-221,2025-560,3,0.8077803446844607,0.6111992676228257,0.7094898061536432,0.7225409903532171,0.7135789120431764
wta:211768,wta:214096,2025-08-25,2025,2025,hard,Us Open,QF,6-4 7-6(3),78,50,57,36,87,WTA-2025-560-222,2025-560,3,0.6239045690342028,0.5412572474824535,0.5825809082583282,0.5835676444412988,0.5794377895521945
wta:216153,wta:216347,2025-08-25,2025,2025,hard,Us Open,QF,6-4 6-3,61,38,60,31,87,WTA-2025-560-223,2025-560,3,0.15827558656563323,0.36890448581019225,0.26359003618791277,0.2471116622015978,0.26355952047231923
wta:214544,wta:214119,2025-08-25,2025,2025,hard,Us Open,R128,7-5 6-1,57,40,56,30,87,WTA-2025-560-100,2025-560,3,0.9527461109558749,0.75462313091242,0.8536846209341474,0.8810637483218254,0.8548442181267015
wta:221236,wta:203463,2025-08-25,2025,2025,hard,Us Open,R128,2-2 RET,20,12,10,8,87,WTA-2025-560-101,2025-560,3,0.7925934682648358,0.6083918217882209,0.7004926450265283,0.7096640731732189,0.7029033865584173
wta:221039,wta:213631,2025-08-25,2025,2025,hard,Us Open,R128,6-4 6-3,65,38,59,28,87,WTA-2025-560-102,2025-560,3,0.24551233888709664,0.400457735733903,0.3229850373104998,0.32115670194578744,0.32942385330073476
wta:220367,wta:201606,2025-08-25,2025,2025,hard,Us Open,R128,6-2 6-1,57,36,42,18,87,WTA-2025-560-103,2025-560,3,0.7738536596929869,0.6050961245041196,0.6894748920985533,0.6942647091816607,0.6903598478507657
wta:210722,wta:260101,2025-08-25,2025,2025,hard,Us Open,R128,6-1 6-0,31,25,49,19,87,WTA-2025-560-104,2025-560,3,0.9748694188433905,0.822368019530058,0.8986187191867243,0.9197394375265695,0.9006937878470843
wta:215138,wta:215785,2025-08-25,2025,2025,hard,Us Open,R128,6-4 2-6 6-0,65,39,67,32,87,WTA-2025-560-105,2025-560,3,0.2979823191381977,0.42822703692401587,0.3631046780311068,0.36094084170224283,0.3641727280768804
wta:213710,wta:214906,2025-08-25,2025,2025,hard,Us Open,R128,6-2 6-1,48,32,65,31,87,WTA-2025-560-106,2025-560,3,0.6513982067735191,0.5510833079035703,0.6012407573385448,0.602715806374029,0.6052688317968908
wta:223253,wta:220704,2025-08-25,2025,2025,hard,Us Open,R128,6-3 2-6 7-6(11),94,51,111,62,87,WTA-2025-560-107,2025-560,3,0.2045815948441258,0.38800732377174246,0.29629445930793413,0.2879692108113604,0.29544001927131525
wta:214981,wta:264075,2025-08-25,2025,2025,hard,Us Open,R128,6-3 6-0,38,32,56,27,87,WTA-2025-560-108,2025-560,3,0.8969244536528875,0.7177601464754348,0.8073423000641612,0.8088166964783972,0.8055723885597363
wta:238184,wta:214459,2025-08-25,2025,2025,hard,Us Open,R128,6-3 3-6 6-4,76,49,102,56,87,WTA-2025-560-109,2025-560,3,0.4342086079081705,0.4812023191943851,0.45770546355127784,0.45599740243315934,0.45382996767089945
wta:221054,wta:214262,2025-08-25,2025,2025,hard,Us Open,R128,6-1 6-2,45,35,42,20,87,WTA-2025-560-110,2025-560,3,0.8547427587336668,0.6528837351235887,0.7538132469286277,0.7652227074751505,0.7550338755523689
wta:222145,wta:206368,2025-08-25,2025,2025,hard,Us Open,R128,6-4 4-6 6-4,84,55,91,55,87,WTA-2025-560-111,2025-560,3,0.10291366900749911,0.29121147390906316,0.19706257145828113,0.1910027405381063,0.19886299867829943
wta:220520,wta:202663,2025-08-25,2025,2025,hard,Us Open,R128,7-5 7-5,90,50,88,44,87,WTA-2025-560-112,2025-560,3,0.5658297640179303,0.5202624351541044,0.5430460995860174,0.5440284281012433,0.5482337712369175
wta:214954,wta:221407,2025-08-25,2025,2025,hard,Us Open,R128,6-3 7-6(3),78,45,82,36,87,WTA-2025-560-113,2025-560,3,0.9290515867242628,0.7392432102532804,0.8341473984887716,0.8474587979045195,0.8316451098101021
wta:260300,wta:205925,2025-08-25,2025,2025,hard,Us Open,R128,7-6(6) 6-3,76,47,75,43,87,WTA-2025-560-114,2025-560,3,0.5436733634642738,0.510863594751297,0.5272684791077853,0.529156844992852,0.5283060134379653
wta:211148,wta:215018,2025-08-25,2025,2025,hard,Us Open,R128,6-2 7-6(4),62,39,82,43,87,WTA-2025-560-115,2025-560,3,0.8077077102626774,0.6266402197131523,0.7171739649879149,0.7224784746545998,0.7142749720065295
wta:202468,wta:210886,2025-08-25,2025,2025,hard,Us Open,R128,6-0 6-4,56,34,50,19,87,WTA-2025-560-116,2025-560,3,0.9938717750923076,0.8854745193774795,0.9396731472348936,0.9674683330390191,0.9378422042992817
wta:215020,wta:263857,2025-08-25,2025,2025,hard,Us Open,R128,6-3 6-1,44,26,69,30,87,WTA-2025-560-117,2025-560,3,0.4360728334426362,0.4796155019835215,0.45784416771307884,0.4572519779283648,0.45796623057545294
wta:201458,wta:222080,2025-08-25,2025,2025,hard,Us Open,R128,7-6(0) 6-4,93,54,70,39,87,WTA-2025-560-118,2025-560,3,0.946608148074484,0.8036313701556301,0.875119759115057,0.8717831846866189,0.8728615961611358
wta:201499,wta:215035,2025-08-25,2025,2025,hard,Us Open,R128,6-7(5) 7-6(5) 6-4,116,79,109,74,87,WTA-2025-560-119,2025-560,3,0.574178065605807,0.5273420811718035,0.5507600733888052,0.5496554988721387,0.5484713947192904
wta:214643,wta:206294,2025-08-25,2025,2025,hard,Us Open,R128,2-6 6-4 6-4,85,51,93,57,87,WTA-2025-560-120,2025-560,3,0.8117923613753114,0.6157766249618554,0.7137844931685834,0.7260087417056849,0.7174463790398071
wta:211880,wta:206417,2025-08-25,2025,2025,hard,Us Open,R128,6-3 7-5,68,45,58,35,87,WTA-2025-560-121,2025-560,3,0.6705738336522462,0.5593225511138237,0.6149481923830349,0.616295628669791,0.6201968954651222
wta:215983,wta:211685,2025-08-25,2025,2025,hard,Us Open,R128,4-6 6-2 6-4,94,54,90,49,87,WTA-2025-560-122,2025-560,3,0.5552741440160546,0.5158071406774489,0.5355406423467517,0.5369332578233251,0.5343200137230105
wta:202505,wta:201533,2025-08-25,2025,2025,hard,Us Open,R128,6-3 6-3,66,41,62,33,87,WTA-2025-560-123,2025-560,3,0.9070184920927363,0.6913335367714373,0.7991760144320867,0.8203186910157004,0.802868416018904
wta:215613,wta:206374,2025-08-25,2025,2025,hard,Us Open,R128,7-6(9) 6-3,86,52,77,41,87,WTA-2025-560-124,2025-560,3,0.7464368756275869,0.589533109551419,0.667984992589503,0.6725627171986684,0.6692361369288378
wta:216083,wta:213525,2025-08-25,2025,2025,hard,Us Open,R128,6-2 6-2,42,33,45,23,87,WTA-2025-560-125,2025-560,3,0.5965321801536504,0.5305767470247177,0.563554463589184,0.5648061401692166,0.5632187907176552
wta:220416,wta:215337,2025-08-25,2025,2025,hard,Us Open,R128,7-6(2) 4-6 7-6(9),140,89,129,82,87,WTA-2025-560-126,2025-560,3,0.40583949976356154,0.4670430271589869,0.4364412634612742,0.4368077649411966,0.44001160218571733
wta:206252,wta:239475,2025-08-25,2025,2025,hard,Us Open,R128,6-3 6-2,48,35,70,36,87,WTA-2025-560-127,2025-560,3,0.6592532550395442,0.5552944766554776,0.607273865847511,0.6082539863084818,0.6070602558383562
wta:211533,wta:216016,2025-08-25,2025,2025,hard,Us Open,R128,6-4 6-3,75,45,48,25,87,WTA-2025-560-128,2025-560,3,0.6296182366243613,0.5446139761977419,0.5871161064110516,0.5875192799459262,0.5876653892917352
wta:203501,wta:222045,2025-08-25,2025,2025,hard,Us Open,R128,6-4 6-4,63,45,72,43,87,WTA-2025-560-129,2025-560,3,0.7471138897515266,0.5936832468721391,0.6703985683118329,0.6730881202973072,0.6684455625138469
wta:215713,wta:202684,2025-08-25,2025,2025,hard,Us Open,R128,6-4 4-6 6-2,76,48,90,51,87,WTA-2025-560-130,2025-560,3,0.5483522521033599,0.5217882209337809,0.5350702365185704,0.5322908808525232,0.5335444507388939
wta:259799,wta:219917,2025-08-25,2025,2025,hard,Us Open,R128,6-0 6-1,30,24,48,18,87,WTA-2025-560-131,2025-560,3,0.9626825359132192,0.7654867256637168,0.864084630788468,0.8972320983973805,0.8620095621281079
wta:213887,wta:201619,2025-08-25,2025,2025,hard,Us Open,R128,6-7(10) 7-6(3) 7-5,132,77,124,70,87,WTA-2025-560-132,2025-560,3,0.05611005890065003,0.2655172413793103,0.16081365013998017,0.13218268135057135,0.16029488297489017
wta:220348,wta:201520,2025-08-25,2025,2025,hard,Us Open,R128,6-1 6-0,39,28,35,11,87,WTA-2025-560-133,2025-560,3,0.5764956979746225,0.5147696063472689,0.5456326521609457,0.5512203932783857,0.5508203238118459
wta:220309,wta:220465,2025-08-25,2025,2025,hard,Us Open,R128,6-3 6-4,59,39,55,27,87,WTA-2025-560-134,2025-560,3,0.41055881241949443,0.47876106194690266,0.4446599371831985,0.4400143447478077,0.43855679406449244
wta:216146,wta:211107,2025-08-25,2025,2025,hard,Us Open,R128,6-4 6-4,66,42,70,39,87,WTA-2025-560-135,2025-560,3,0.7054400320565969,0.5706133658834299,0.6380266989700134,0.6415794721874877,0.6371112275022075
wta:222328,wta:213646,2025-08-25,2025,2025,hard,Us Open,R128,6-4 7-5,55,45,64,41,87,WTA-2025-560-136,2025-560,3,0.8277067573175256,0.6374427830332622,0.732574770175394,0.740065176820367,0.7296757771940084
wta:220332,wta:215936,2025-08-25,2025,2025,hard,Us Open,R128,6-0 7-5,54,34,55,25,87,WTA-2025-560-137,2025-560,3,0.6281188924224823,0.5463228562709795,0.5872208743467309,0.5864810086856811,0.5888687229887816
wta:201514,wta:221333,2025-08-25,2025,2025,hard,Us Open,R128,7-5 6-0,49,38,61,33,87,WTA-2025-560-138,2025-560,3,0.7874427625122064,0.6191333536771437,0.703288058094675,0.7053805499023026,0.7036542466817974
wta:214096,wta:200748,2025-08-25,2025,2025,hard,Us Open,R128,6-3 2-6 6-1,69,45,87,47,87,WTA-2025-560-139,2025-560,3,0.901808811040509,0.7019530057979859,0.8018809084192475,0.8143193024297781,0.8030405056118017
wta:214082,wta:211817,2025-08-25,2025,2025,hard,Us Open,R128,7-5 6-1,53,29,56,19,87,WTA-2025-560-140,2025-560,3,0.534552515710084,0.5090936832468721,0.521823099478478,0.5230554227352354,0.5219451623408522
wta:215872,wta:201614,2025-08-25,2025,2025,hard,Us Open,R128,6-4 4-6 6-3,108,67,88,54,87,WTA-2025-560-141,2025-560,3,0.4482886802654774,0.47827281049740616,0.4632807453814418,0.46545719056688317,0.4641046697024671
wta:221024,wta:211701,2025-08-25,2025,2025,hard,Us Open,R128,7-5 6-3,73,41,55,24,87,WTA-2025-560-142,2025-560,3,0.5640231379548494,0.5176380836130607,0.5408306107839551,0.5428125917110862,0.5404949379124262
wta:211768,wta:213889,2025-08-25,2025,2025,hard,Us Open,R128,6-3 6-4,65,38,53,22,87,WTA-2025-560-143,2025-560,3,0.8613295981143624,0.6540433323161429,0.7576864652152526,0.7716382553089911,0.7518579635368883
wta:211684,wta:221883,2025-08-25,2025,2025,hard,Us Open,R128,6-2 6-2,49,32,51,23,87,WTA-2025-560-144,2025-560,3,0.7704787892064294,0.602471772963076,0.6864752810847528,0.6915433347292217,0.6875738468461199
wta:220548,wta:221985,2025-08-25,2025,2025,hard,Us Open,R128,7-5 6-0,49,37,61,33,87,WTA-2025-560-145,2025-560,3,0.9708179389114352,0.8216356423558132,0.8962267906336242,0.9118463232044676,0.8932057347898648
wta:202499,wta:222601,2025-08-25,2025,2025,hard,Us Open,R128,3-6 7-5 6-3,87,48,87,44,87,WTA-2025-560-146,2025-560,3,0.6312209136981486,0.5335062557216966,0.5823635847099227,0.5886301605357749,0.5873071306360746
wta:221103,wta:201548,2025-08-25,2025,2025,hard,Us Open,R128,6-4 6-7(2) 7-5,101,58,127,67,87,WTA-2025-560-147,2025-560,3,0.9394803513510733,0.727891364052487,0.8336858577017802,0.8615518334964646,0.8311835690231106
wta:216153,wta:214040,2025-08-25,2025,2025,hard,Us Open,R128,6-3 6-2,46,34,52,26,87,WTA-2025-560-148,2025-560,3,0.8397888585172321,0.6288983826670735,0.7343436205921527,0.7510908441086336,0.7398364493989884
wta:233741,wta:223286,2025-08-25,2025,2025,hard,Us Open,R128,6-4 7-6(6),83,46,76,39,87,WTA-2025-560-149,2025-560,3,0.9490156927021081,0.7642050656087885,0.8566103791554482,0.8753671990622045,0.8575563663388477
wta:211713,wta:203389,2025-08-25,2025,2025,hard,Us Open,R128,6-2 6-0,42,31,56,25,87,WTA-2025-560-150,2025-560,3,0.14280957065058103,0.3479707049130302,0.24539013778180563,0.23240773975658433,0.24966233796489992
wta:221909,wta:213550,2025-08-25,2025,2025,hard,Us Open,R128,5-7 6-4 6-2,84,51,96,51,87,WTA-2025-560-151,2025-560,3,0.42483779245824416,0.47882209337808973,0.4518299429181669,0.44968014732035283,0.45030415713849037
wta:206242,wta:222661,2025-08-25,2025,2025,hard,Us Open,R128,6-3 1-6 6-1,81,46,75,38,87,WTA-2025-560-152,2025-560,3,0.39212127758764664,0.4619774183704608,0.4270493479790537,0.4274483519894024,0.4315046424557092
wta:203530,wta:222391,2025-08-25,2025,2025,hard,Us Open,R128,3-6 7-6(3) 6-2,94,64,97,64,87,WTA-2025-560-153,2025-560,3,0.11788414014795225,0.3084223375038145,0.21315323882588336,0.20722284298260726,0.21379406885334748
wta:206289,wta:213583,2025-08-25,2025,2025,hard,Us Open,R128,6-3 6-2,69,41,49,22,87,WTA-2025-560-154,2025-560,3,0.7942038438959013,0.6118095819346964,0.7030067129152988,0.7110116985605658,0.7007180342457839
wta:214388,wta:202494,2025-08-25,2025,2025,hard,Us Open,R128,6-2 6-4,72,45,74,39,87,WTA-2025-560-155,2025-560,3,0.02604250783733039,0.19557522123893806,0.11080886453813422,0.08207930930037954,0.11541673759275735
wta:206420,wta:201545,2025-08-25,2025,2025,hard,Us Open,R128,6-4 6-1,51,33,60,27,87,WTA-2025-560-156,2025-560,3,0.8642212205279134,0.6583155324992371,0.7612683765135753,0.7744948288251435,0.7575759749267581
wta:216133,wta:214452,2025-08-25,2025,2025,hard,Us Open,R128,2-6 6-4 6-2,85,52,90,51,87,WTA-2025-560-157,2025-560,3,0.638025039015406,0.5477265791882819,0.592875809101844,0.5933588661843991,0.5959578963767906
wta:220435,wta:220589,2025-08-25,2025,2025,hard,Us Open,R128,6-3 6-4,57,32,55,26,87,WTA-2025-560-158,2025-560,3,0.4197070612433851,0.4679584986267928,0.44383277993508896,0.4462129228249771,0.44734208722834495
wta:201696,wta:223670,2025-08-25,2025,2025,hard,Us Open,R128,7-6(3) 2-6 6-3,94,53,92,50,87,WTA-2025-560-159,2025-560,3,0.30188650832314745,0.4312786084833689,0.36658255840325815,0.3638050195795638,0.369847739971766
wta:214939,wta:238064,2025-08-25,2025,2025,hard,Us Open,R128,6-0 5-7 6-4,99,61,78,44,87,WTA-2025-560-160,2025-560,3,0.82395869360737,0.6391516631064998,0.731555178356935,0.7367092725651673,0.7309753797606577
wta:201709,wta:220714,2025-08-25,2025,2025,hard,Us Open,R128,6-4 7-6(4),79,43,77,39,87,WTA-2025-560-161,2025-560,3,0.5849282456489096,0.5284406469331706,0.5566844462910401,0.5569250802541276,0.5550671133645829
wta:215480,wta:260580,2025-08-25,2025,2025,hard,Us Open,R128,6-4 6-2,65,38,58,25,87,WTA-2025-560-162,2025-560,3,0.8045546337764604,0.6384192859322552,0.7214869598543578,0.7197735576811127,0.7182522940014435
wta:216347,wta:215306,2025-08-25,2025,2025,hard,Us Open,R128,6-1 6-2,42,32,44,22,87,WTA-2025-560-163,2025-560,3,0.9767385643393316,0.8073542874580409,0.8920464258986862,0.923551889710302,0.8914666273024092
wta:214544,wta:213710,2025-08-25,2025,2025,hard,Us Open,R16,6-1 6-4,50,37,65,36,87,WTA-2025-560-212,2025-560,3,0.9617986631600659,0.7679890143423863,0.8648938387512262,0.8957269875027014,0.8644971344485102
wta:214954,wta:214981,2025-08-25,2025,2025,hard,Us Open,R16,6-4 5-7 6-2,87,58,82,51,87,WTA-2025-560-213,2025-560,3,0.4416362158019161,0.4853524565151053,0.46349433615851066,0.4609920654001517,0.46273144326867244
wta:202468,wta:215983,2025-08-25,2025,2025,hard,Us Open,R16,6-1 6-2,36,26,49,19,87,WTA-2025-560-214,2025-560,3,0.8315502963607478,0.6285321940799512,0.7300412452203495,0.7435374307178839,0.7303769180918783
wta:206252,wta:203501,2025-08-25,2025,2025,hard,Us Open,R16,1-6 7-6(13) 6-3,123,66,109,64,87,WTA-2025-560-215,2025-560,3,0.653579922834065,0.5440646933170583,0.5988223080755617,0.604250750798711,0.5995852009653999
wta:214096,wta:216146,2025-08-25,2025,2025,hard,Us Open,R16,6-3 6-7(0) 6-3,127,78,81,54,87,WTA-2025-560-216,2025-560,3,0.5586863936524965,0.512023191943851,0.5353547927981738,0.5392246605614177,0.5392913201097392
wta:211768,wta:221103,2025-08-25,2025,2025,hard,Us Open,R16,6-3 6-2,38,32,50,27,87,WTA-2025-560-217,2025-560,3,0.337183375189808,0.4469026548672566,0.39204301502853234,0.38922264560892467,0.39430117798245357
wta:216153,wta:206242,2025-08-25,2025,2025,hard,Us Open,R16,6-0 6-3,43,30,60,26,87,WTA-2025-560-218,2025-560,3,0.7429730868451812,0.5888007323771742,0.6658869096111777,0.6698822808728482,0.6629268851986052
wta:216347,wta:206420,2025-08-25,2025,2025,hard,Us Open,R16,6-3 6-1,49,32,48,22,87,WTA-2025-560-219,2025-560,3,0.797026856689433,0.6086359475129692,0.7028314021012011,0.713383992909939,0.7004511762849057
wta:214544,wta:220367,2025-08-25,2025,2025,hard,Us Open,R32,6-3 7-6(2),82,56,60,39,87,WTA-2025-560-196,2025-560,3,0.9465392805106706,0.7303326212999695,0.8384359509053201,0.8716816734430024,0.8397786423914354
wta:213710,wta:210722,2025-08-25,2025,2025,hard,Us Open,R32,3-6 7-5 6-3,97,61,105,63,87,WTA-2025-560-197,2025-560,3,0.12380972898893901,0.34064693317058287,0.23222833107976093,0.21339887572852045,0.23076357673127146
wta:214981,wta:221054,2025-08-25,2025,2025,hard,Us Open,R32,6-1 6-2,45,33,46,23,87,WTA-2025-560-198,2025-560,3,0.6563020851999595,0.5485810192249009,0.6024415522124302,0.6061694216015425,0.6014040178822502
wta:214954,wta:211148,2025-08-25,2025,2025,hard,Us Open,R32,7-6(4) 6-1,69,47,66,40,87,WTA-2025-560-199,2025-560,3,0.7123692049849681,0.5671956057369545,0.6397824053609613,0.646710844493925,0.6409420025535155
wta:202468,wta:201458,2025-08-25,2025,2025,hard,Us Open,R32,6-1 7-5,64,40,76,35,87,WTA-2025-560-200,2025-560,3,0.7487134593445802,0.589472078120232,0.6690927687324061,0.6743314570149964,0.6677195615306972
wta:215983,wta:211880,2025-08-25,2025,2025,hard,Us Open,R32,7-5 6-3,91,53,73,36,87,WTA-2025-560-201,2025-560,3,0.8640307419944054,0.6638083613060727,0.7639195516502391,0.7743058795222593,0.7630040801824332
wta:206252,wta:215613,2025-08-25,2025,2025,hard,Us Open,R32,4-6 6-4 6-4,100,56,104,55,87,WTA-2025-560-202,2025-560,3,0.42533304297201674,0.47290204455294477,0.44911754376248075,0.4500144982521368,0.4510400338448732
wta:203501,wta:259799,2025-08-25,2025,2025,hard,Us Open,R32,7-5 6-2,52,34,59,31,87,WTA-2025-560-203,2025-560,3,0.10248182977872823,0.31171803478791577,0.207099932283322,0.1905204608459221,0.2114941953287904
wta:216146,wta:220348,2025-08-25,2025,2025,hard,Us Open,R32,3-6 6-4 6-2,87,55,107,58,87,WTA-2025-560-204,2025-560,3,0.7441996387400677,0.5862374122673176,0.6652185255036926,0.6708299857962761,0.6659203869623439
wta:214096,wta:222328,2025-08-25,2025,2025,hard,Us Open,R32,6-7(5) 6-4 6-2,86,57,124,66,87,WTA-2025-560-205,2025-560,3,0.4518667196479323,0.4923710711016173,0.4721188953747748,0.4678558603018796,0.46870113522829937
wta:211768,wta:214082,2025-08-25,2025,2025,hard,Us Open,R32,6-0 4-6 6-3,74,45,70,32,87,WTA-2025-560-206,2025-560,3,0.771490057335841,0.5989929813854135,0.6852415193606272,0.692357214989292,0.6835936707185766
wta:221103,wta:211684,2025-08-25,2025,2025,hard,Us Open,R32,6-3 6-1,46,30,47,19,87,WTA-2025-560-207,2025-560,3,0.9476043702837944,0.7366188587122368,0.8421116144980156,0.8732578242176825,0.8443392617363433
wta:216153,wta:211713,2025-08-25,2025,2025,hard,Us Open,R32,6-4 4-6 6-2,81,47,107,55,87,WTA-2025-560-208,2025-560,3,0.8515210760179489,0.646353371986573,0.7489372240022609,0.7621290296278402,0.7483574254059839
wta:206242,wta:206289,2025-08-25,2025,2025,hard,Us Open,R32,6-1 6-2,49,36,41,19,87,WTA-2025-560-209,2025-560,3,0.4741887244882045,0.4888312480927678,0.48150998629048614,0.48278398155234253,0.4830357720701627
wta:206420,wta:201696,2025-08-25,2025,2025,hard,Us Open,R32,6-0 6-1,52,33,34,10,87,WTA-2025-560-210,2025-560,3,0.8484447564748436,0.6367714372902045,0.742608096882524,0.7592008497579125,0.7448967755520388
wta:216347,wta:214939,2025-08-25,2025,2025,hard,Us Open,R32,7-6(2) 6-4,67,41,98,51,87,WTA-2025-560-211,2025-560,3,0.9074988285857672,0.6913335367714373,0.7994161826786023,0.8208789729071997,0.7951134667799145
wta:214544,wta:221236,2025-08-25,2025,2025,hard,Us Open,R64,7-6(4) 6-2,75,49,73,42,87,WTA-2025-560-164,2025-560,3,0.9750002917367383,0.7961245041196217,0.8855623979281799,0.9200026035284723,0.885104662194277
wta:220367,wta:221039,2025-08-25,2025,2025,hard,Us Open,R64,2-6 6-3 6-2,90,54,94,52,87,WTA-2025-560-165,2025-560,3,0.63297803821425,0.5490082392432103,0.5909931387287302,0.5898493641959521,0.5906269501416077
wta:210722,wta:215138,2025-08-25,2025,2025,hard,Us Open,R64,6-2 6-3,55,35,58,29,87,WTA-2025-560-166,2025-560,3,0.9414433367548499,0.7404028074458346,0.8409230721003422,0.8643163588141785,0.8391531605959175
wta:213710,wta:223253,2025-08-25,2025,2025,hard,Us Open,R64,6-4 6-3,64,35,59,29,87,WTA-2025-560-167,2025-560,3,0.5071022654221204,0.5066524259993896,0.506877345710755,0.5047350205452322,0.5025135983808802
wta:214981,wta:238184,2025-08-25,2025,2025,hard,Us Open,R64,6-3 7-6(7),77,45,67,36,87,WTA-2025-560-168,2025-560,3,0.9273294730645782,0.7518767165090021,0.8396030947867902,0.845218668510627,0.8395420633556031
wta:221054,wta:222145,2025-08-25,2025,2025,hard,Us Open,R64,6-2 6-1,47,34,41,20,87,WTA-2025-560-169,2025-560,3,0.9569321417295694,0.7830027464144034,0.8699674440719865,0.8876844164505123,0.8735072670808359
wta:214954,wta:220520,2025-08-25,2025,2025,hard,Us Open,R64,7-6(7) 6-2,85,48,80,41,87,WTA-2025-560-170,2025-560,3,0.7635735026846411,0.5878242294781812,0.6756988660814112,0.6860208309113273,0.6782011547600807
wta:211148,wta:260300,2025-08-25,2025,2025,hard,Us Open,R64,6-3 6-3,75,42,53,26,87,WTA-2025-560-171,2025-560,3,0.7423886042296445,0.5834299664327128,0.6629092853311787,0.6694312318170846,0.6641604296705135
wta:202468,wta:215020,2025-08-25,2025,2025,hard,Us Open,R64,6-1 6-3,52,31,47,20,87,WTA-2025-560-172,2025-560,3,0.9446957188037626,0.7320415013732072,0.8383686100884848,0.8689843545920143,0.8366292142996536
wta:201458,wta:201499,2025-08-25,2025,2025,hard,Us Open,R64,6-3 6-3,50,33,72,36,87,WTA-2025-560-173,2025-560,3,0.527945096409235,0.5106805004577357,0.5193127984334853,0.5186408553605971,0.5164443211676935
wta:211880,wta:214643,2025-08-25,2025,2025,hard,Us Open,R64,4-6 6-3 6-2,84,59,77,44,87,WTA-2025-560-174,2025-560,3,0.07214523927134715,0.27119316447970704,0.1716692018755271,0.15410045163537106,0.1724931261965524
wta:215983,wta:202505,2025-08-25,2025,2025,hard,Us Open,R64,6-3 6-3,48,36,57,29,87,WTA-2025-560-175,2025-560,3,0.2650737506727089,0.41760756789746717,0.34134065928508805,0.3362967071300897,0.3430495393583257
wta:215613,wta:216083,2025-08-25,2025,2025,hard,Us Open,R64,6-2 6-1,47,28,54,19,87,WTA-2025-560-176,2025-560,3,0.780167778826227,0.592584681110772,0.6863762299684995,0.6993973162523909,0.6929371088211087
wta:206252,wta:220416,2025-08-25,2025,2025,hard,Us Open,R64,6-4 6-2,48,34,49,24,87,WTA-2025-560-177,2025-560,3,0.7812865020562434,0.6046689044858102,0.6929777032710268,0.7003124551488605,0.6901397417208284
wta:203501,wta:211533,2025-08-25,2025,2025,hard,Us Open,R64,7-5 6-1,48,36,51,26,87,WTA-2025-560-178,2025-560,3,0.332603215544887,0.43951785169362223,0.38606053361925463,0.3859686881907051,0.3906684066738777
wta:259799,wta:215713,2025-08-25,2025,2025,hard,Us Open,R64,6-1 6-3,50,28,68,29,87,WTA-2025-560-179,2025-560,3,0.8789018542155844,0.6600244125724748,0.7694631333940296,0.7894114210938712,0.7654655746512771
wta:220348,wta:213887,2025-08-25,2025,2025,hard,Us Open,R64,6-2 2-6 7-6(7),95,58,98,59,87,WTA-2025-560-180,2025-560,3,0.6074696824261625,0.5308819041806531,0.5691757933034078,0.5722716911073527,0.5715560191197031
wta:216146,wta:220309,2025-08-25,2025,2025,hard,Us Open,R64,7-5 6-7(5) 6-3,110,66,103,58,87,WTA-2025-560-181,2025-560,3,0.7884479431535879,0.6057064388159903,0.697077190984789,0.7062133415281862,0.6977485367278468
wta:222328,wta:220332,2025-08-25,2025,2025,hard,Us Open,R64,6-4 3-0 RET,41,25,46,22,87,WTA-2025-560-182,2025-560,3,0.8297578678187848,0.62834909978639,0.7290534838025874,0.7419141909561463,0.7294807038208968
wta:214096,wta:201514,2025-08-25,2025,2025,hard,Us Open,R64,7-6(0) 6-7(3) 6-4,115,68,125,68,87,WTA-2025-560-183,2025-560,3,0.6745090290371225,0.5575526396093988,0.6160308343232607,0.6191087147443072,0.6155425828737642
wta:214082,wta:215872,2025-08-25,2025,2025,hard,Us Open,R64,6-2 4-6 7-5,104,55,88,44,87,WTA-2025-560-184,2025-560,3,0.7619860884175046,0.5959414098260605,0.6789637491217826,0.684759703148113,0.6785365291034731
wta:211768,wta:221024,2025-08-25,2025,2025,hard,Us Open,R64,6-3 6-1,48,32,52,23,87,WTA-2025-560-185,2025-560,3,0.7829564411385447,0.6061336588342997,0.6945450499864222,0.7016818019486292,0.6949112385735445
wta:211684,wta:220548,2025-08-25,2025,2025,hard,Us Open,R64,6-7(6) 6-3 6-2,108,64,106,54,87,WTA-2025-560-186,2025-560,3,0.3487367163502851,0.4483674092157461,0.3985520627830156,0.39737903796866075,0.4062115073969918
wta:221103,wta:202499,2025-08-25,2025,2025,hard,Us Open,R64,7-6(5) 6-2,61,32,63,27,87,WTA-2025-560-187,2025-560,3,0.9069979848047237,0.6802868477265792,0.7936424162656515,0.8202947980903915,0.7929405548070003
wta:216153,wta:233741,2025-08-25,2025,2025,hard,Us Open,R64,7-6(2) 6-2,61,43,63,36,87,WTA-2025-560-188,2025-560,3,0.6977886142493278,0.5691486115349405,0.6334686128921341,0.6359571618983039,0.6329193300114506
wta:211713,wta:221909,2025-08-25,2025,2025,hard,Us Open,R64,4-6 6-2 6-2,73,51,86,50,87,WTA-2025-560-189,2025-560,3,0.3587031149486153,0.45959719255416537,0.4091501537513903,0.4043598218886773,0.40686147508187553
wta:206242,wta:203530,2025-08-25,2025,2025,hard,Us Open,R64,6-1 6-4,50,38,57,32,87,WTA-2025-560-190,2025-560,3,0.7364245106523176,0.5736039060115959,0.6550142083319568,0.6648488162728127,0.6584624841940258
wta:206289,wta:214388,2025-08-25,2025,2025,hard,Us Open,R64,6-3 6-1,55,32,46,20,87,WTA-2025-560-191,2025-560,3,0.837205500724616,0.6373817516020751,0.7372936261633456,0.7487055828384123,0.7398874619887956
wta:206420,wta:216133,2025-08-25,2025,2025,hard,Us Open,R64,6-2 6-2,44,28,56,24,87,WTA-2025-560-192,2025-560,3,0.7511774824084392,0.5866036008544401,0.6688905416314397,0.6762522279860114,0.6679140387324467
wta:201696,wta:220435,2025-08-25,2025,2025,hard,Us Open,R64,6-4 6-2,61,40,70,38,87,WTA-2025-560-193,2025-560,3,0.6648624485564592,0.5563930424168447,0.610627745486652,0.6122293120463109,0.6099869154591877
wta:214939,wta:201709,2025-08-25,2025,2025,hard,Us Open,R64,6-1 7-5,50,33,68,34,87,WTA-2025-560-194,2025-560,3,0.6699353856961225,0.5607262740311261,0.6153308298636243,0.6158401177647501,0.6084647938550799
wta:216347,wta:215480,2025-08-25,2025,2025,hard,Us Open,R64,6-1 4-6 6-4,84,50,87,44,87,WTA-2025-560-195,2025-560,3,0.9754486126829377,0.8032041501373207,0.8893263814101292,0.9209083159284323,0.8879531742084203
wta:214544,wta:202468,2025-08-25,2025,2025,hard,Us Open,SF,4-6 6-3 6-4,96,63,82,55,87,WTA-2025-560-224,2025-560,3,0.6736819911245193,0.5555996338114129,0.6146408124679661,0.6185167169019872,0.6181806354768157
wta:216153,wta:211768,2025-08-25,2025,2025,hard,Us Open,SF,6-7(4) 7-6(3) 6-3,120,71,114,63,87,WTA-2025-560-225,2025-560,3,0.43557047248837444,0.4829722306988099,0.45927135159359217,0.45691396918972366,0.4608886845200493
wta:239456,wta:222145,2025-09-08,2025,2025,hard,Sao Paulo,F,6-3 6-4,64,38,62,32,88,WTA-2025-1139-300,2025-1139,3,0.4898461442522611,0.49566676838571866,0.4927564563189899,0.49323024577170826,0.4952282292820659
wta:215936,wta:221333,2025-09-08,2025,2025,hard,Sao Paulo,QF,6-3 6-4,60,39,60,32,88,WTA-2025-1139-294,2025-1139,3,0.4775254274796677,0.4909673481843149,0.4842463878319913,0.48501134091450443,0.48458206070352017
wta:222145,wta:223253,2025-09-08,2025,2025,hard,Sao Paulo,QF,6-4 6-1,51,32,52,24,88,WTA-2025-1139-295,2025-1139,3,0.4712933997011138,0.4856576136710406,0.4784755066860772,0.4808505680964504,0.47777364522742594
wta:239456,wta:215910,2025-09-08,2025,2025,hard,Sao Paulo,QF,6-2 6-4,58,39,54,30,88,WTA-2025-1139-296,2025-1139,3,0.8259510070850461,0.6683857186451022,0.7471683628650742,0.7384894945860847,0.7449407156267465
wta:213887,wta:206242,2025-09-08,2025,2025,hard,Sao Paulo,QF,7-6(5) 6-3,75,45,69,37,88,WTA-2025-1139-297,2025-1139,3,0.41026111689284583,0.47430576747024716,0.44228344218154647,0.4398122591426373,0.44283272506223004
wta:221333,wta:267382,2025-09-08,2025,2025,hard,Sao Paulo,R16,6-0 6-4,57,33,45,17,88,WTA-2025-1139-286,2025-1139,3,0.6423501427461192,0.5630454684162344,0.6026978055811768,0.596375632451594,0.6004396426272556
wta:215936,wta:215992,2025-09-08,2025,2025,hard,Sao Paulo,R16,6-4 7-6(6),75,42,69,37,88,WTA-2025-1139-287,2025-1139,3,0.9344927504571587,0.748703082087275,0.8415979162722169,0.8546932203051417,0.8441307206664799
wta:223253,wta:220699,2025-09-08,2025,2025,hard,Sao Paulo,R16,6-1 6-4,46,33,67,32,88,WTA-2025-1139-288,2025-1139,3,0.6103461658683228,0.5395483674092157,0.5749472666387693,0.5742416479823581,0.5754660338038593
wta:222145,wta:214862,2025-09-08,2025,2025,hard,Sao Paulo,R16,6-1 6-0,33,25,52,20,88,WTA-2025-1139-289,2025-1139,3,0.7759275051933366,0.6351846200793408,0.7055560626363387,0.6959444943270777,0.7094010428011236
wta:215910,wta:252488,2025-09-08,2025,2025,hard,Sao Paulo,R16,6-3 6-3,49,33,60,27,88,WTA-2025-1139-290,2025-1139,3,0.4294236673625636,0.4727799816905706,0.4511018245265671,0.4527740336802971,0.45043047878350945
wta:239456,wta:211874,2025-09-08,2025,2025,hard,Sao Paulo,R16,7-5 6-1,67,41,58,25,88,WTA-2025-1139-291,2025-1139,3,0.9524742785936278,0.8179127250534025,0.8851935018235151,0.8806424432047351,0.8844916403648639
wta:213887,wta:214507,2025-09-08,2025,2025,hard,Sao Paulo,R16,6-4 6-4,61,40,69,37,88,WTA-2025-1139-292,2025-1139,3,0.9335374614470181,0.7720170888007324,0.8527772751238752,0.8534051511751213,0.8507937536102957
wta:206242,wta:206007,2025-09-08,2025,2025,hard,Sao Paulo,R16,6-1 6-4,50,33,48,20,88,WTA-2025-1139-293,2025-1139,3,0.8147094592583566,0.6337198657308514,0.724214662494604,0.7285485535015203,0.725709932558687
wta:221333,wta:215996,2025-09-08,2025,2025,hard,Sao Paulo,R32,7-6(4) 6-3,74,47,74,41,88,WTA-2025-1139-270,2025-1139,3,0.4513664103854779,0.4818126335062557,0.4665895219458668,0.46752057414508025,0.465796113340435
wta:267382,wta:206430,2025-09-08,2025,2025,hard,Sao Paulo,R32,6-7(0) 6-2 6-0,78,54,90,48,88,WTA-2025-1139-271,2025-1139,3,0.7058422156217041,0.598565761367104,0.6522039884944041,0.6418762531263376,0.6560184529435955
wta:215992,wta:269259,2025-09-08,2025,2025,hard,Sao Paulo,R32,6-3 6-4,83,47,55,28,88,WTA-2025-1139-272,2025-1139,3,0.13102478406718776,0.30506560878852607,0.2180451964278569,0.2207526962170665,0.21719075639123805
wta:215936,wta:215151,2025-09-08,2025,2025,hard,Sao Paulo,R32,4-6 6-2 6-3,96,52,94,46,88,WTA-2025-1139-273,2025-1139,3,0.5486000665843265,0.5176991150442478,0.5331495908142871,0.5324569589962805,0.5358654895021113
wta:223253,wta:215588,2025-09-08,2025,2025,hard,Sao Paulo,R32,6-0 6-2,49,34,51,20,88,WTA-2025-1139-274,2025-1139,3,0.9393055797632838,0.8042416844675008,0.8717736321153923,0.8613075470093488,0.8713464120970829
wta:220699,wta:201554,2025-09-08,2025,2025,hard,Sao Paulo,R32,6-3 7-6(1),59,37,72,37,88,WTA-2025-1139-275,2025-1139,3,0.8431260869003954,0.6780286847726579,0.7605773858365266,0.7541956809538162,0.7598144929466883
wta:214862,wta:201613,2025-09-08,2025,2025,hard,Sao Paulo,R32,7-5 6-4,79,39,105,48,88,WTA-2025-1139-276,2025-1139,3,0.43825209788525,0.47888312480927675,0.45856761134726337,0.4587177137894301,0.45728595129233507
wta:222145,wta:206417,2025-09-08,2025,2025,hard,Sao Paulo,R32,6-2 6-3,67,40,53,27,88,WTA-2025-1139-277,2025-1139,3,0.8152831249401192,0.6511748550503509,0.7332289899952351,0.7290498914371473,0.7348158072060986
wta:215910,wta:222189,2025-09-08,2025,2025,hard,Sao Paulo,R32,6-2 6-3,48,31,61,30,88,WTA-2025-1139-278,2025-1139,3,0.43535616067171645,0.4789441562404638,0.45715015845609014,0.4567697565576912,0.4557769512543812
wta:252488,wta:211063,2025-09-08,2025,2025,hard,Sao Paulo,R32,6-3 5-7 6-0,83,49,71,30,88,WTA-2025-1139-279,2025-1139,3,0.6312921737921413,0.580622520598108,0.6059573471951247,0.5886795793156351,0.6066897243693694
wta:239456,wta:204419,2025-09-08,2025,2025,hard,Sao Paulo,R32,6-4 4-6 7-6(7),117,59,111,54,88,WTA-2025-1139-280,2025-1139,3,0.9552341807214434,0.8104058590173939,0.8828200198694187,0.8849679957037684,0.8871532514837001
wta:211874,wta:201548,2025-09-08,2025,2025,hard,Sao Paulo,R32,6-4 4-2 RET,56,33,58,29,88,WTA-2025-1139-281,2025-1139,3,0.022322564835631543,0.15181568507781507,0.08706912495672331,0.07448716524423969,0.08569591775501444
wta:213887,wta:220351,2025-09-08,2025,2025,hard,Sao Paulo,R32,6-2 6-1,44,36,51,22,88,WTA-2025-1139-282,2025-1139,3,0.8190652411022531,0.6449496490692707,0.7320074450857619,0.7323708611395151,0.7259958491138363
wta:214507,wta:220446,2025-09-08,2025,2025,hard,Sao Paulo,R32,6-1 6-2,53,37,60,29,88,WTA-2025-1139-283,2025-1139,3,0.2613537576321762,0.3779981690570644,0.31967596334462034,0.33344838697352225,0.3211712334087033
wta:206007,wta:216097,2025-09-08,2025,2025,hard,Sao Paulo,R32,2-6 6-3 6-4,106,57,89,48,88,WTA-2025-1139-284,2025-1139,3,0.532017852143014,0.5032346658529142,0.5176262589979641,0.5213614717156176,0.521532270593936
wta:206242,wta:210847,2025-09-08,2025,2025,hard,Sao Paulo,R32,6-1 6-1,47,30,40,13,88,WTA-2025-1139-285,2025-1139,3,0.8637903632435412,0.67009459871834,0.7669424809809406,0.7740675889674223,0.7684377510450235
wta:222145,wta:215936,2025-09-08,2025,2025,hard,Sao Paulo,SF,7-6(0) 6-3,63,48,72,42,88,WTA-2025-1139-298,2025-1139,3,0.6988922743300018,0.5798291119926763,0.639360693161339,0.6367653899006736,0.641435761821699
wta:239456,wta:213887,2025-09-08,2025,2025,hard,Sao Paulo,SF,6-3 6-2,54,35,52,25,88,WTA-2025-1139-299,2025-1139,3,0.48697884410853465,0.49835215135794936,0.492665497733242,0.4913181388496733,0.488698454706083
wta:260300,wta:215306,2025-09-08,2025,2025,hard,Guadalajara,F,6-4 6-1,70,39,54,23,88,WTA-2025-2075-300,2025-2075,3,0.6690224424052801,0.5562709795544706,0.6126467109798753,0.6151891870183621,0.6127077424110624
wta:260300,wta:223286,2025-09-08,2025,2025,hard,Guadalajara,QF,6-3 3-6 7-6(6),110,58,90,49,88,WTA-2025-2075-294,2025-2075,3,0.8819270531194805,0.6779066219102838,0.7799168375148822,0.7925783706249946,0.7795506489277597
wta:223360,wta:211684,2025-09-08,2025,2025,hard,Guadalajara,QF,7-5 6-4,69,42,60,32,88,WTA-2025-2075-295,2025-2075,3,0.30283374453987427,0.41010070186145864,0.3564672232006665,0.3644982014603668,0.35527711029251874
wta:215306,wta:222233,2025-09-08,2025,2025,hard,Guadalajara,QF,6-2 6-3,52,32,55,24,88,WTA-2025-2075-296,2025-2075,3,0.6173437502529916,0.5346048214830638,0.5759742858680277,0.5790462271769136,0.5790563731429743
wta:221039,wta:213583,2025-09-08,2025,2025,hard,Guadalajara,QF,3-6 6-4 6-4,86,47,91,51,88,WTA-2025-2075-297,2025-2075,3,0.6964678860579154,0.5627403112602991,0.6296040986591073,0.6349911615534716,0.6320453559065897
wta:223286,wta:206368,2025-09-08,2025,2025,hard,Guadalajara,R16,6-4 6-2,61,42,60,32,88,WTA-2025-2075-286,2025-2075,3,0.054566569460800456,0.250259383582545,0.15241297652167274,0.1299409036408045,0.1543659823196587
wta:260300,wta:215785,2025-09-08,2025,2025,hard,Guadalajara,R16,6-4 6-2,65,35,64,27,88,WTA-2025-2075-287,2025-2075,3,0.5827803187493187,0.5274031126029906,0.5550917156761546,0.5554702995975465,0.5560071871439605
wta:211684,wta:214593,2025-09-08,2025,2025,hard,Guadalajara,R16,6-1 7-6(6),71,38,84,38,88,WTA-2025-2075-288,2025-2075,3,0.695604845703165,0.5672566371681416,0.6314307414356533,0.6343606155751342,0.6335058100960134
wta:223360,wta:221307,2025-09-08,2025,2025,hard,Guadalajara,R16,6-3 6-2,57,40,62,32,88,WTA-2025-2075-289,2025-2075,3,0.6200425714085795,0.5569423252975282,0.5884924483530538,0.5809041091480927,0.584067669591992
wta:215306,wta:204411,2025-09-08,2025,2025,hard,Guadalajara,R16,6-2 6-2,45,28,52,19,88,WTA-2025-2075-290,2025-2075,3,0.5366262540185018,0.5115959719255416,0.5241111129720217,0.5244418212622484,0.5241111129720217
wta:222233,wta:211533,2025-09-08,2025,2025,hard,Guadalajara,R16,6-4 6-7(6) 6-2,94,62,106,58,88,WTA-2025-2075-291,2025-2075,3,0.1963053808525903,0.38367409215746107,0.2899897365050257,0.280961233680831,0.28934890647756156
wta:213583,wta:201606,2025-09-08,2025,2025,hard,Guadalajara,R16,6-3 7-5,63,44,71,42,88,WTA-2025-2075-292,2025-2075,3,0.47396118326135717,0.4834604821483064,0.4787108327048318,0.48263206040375894,0.4777953612370258
wta:221039,wta:210722,2025-09-08,2025,2025,hard,Guadalajara,R16,4-6 6-3 6-4,100,59,97,52,88,WTA-2025-2075-293,2025-2075,3,0.10657933057169057,0.32014037229173026,0.2133598514317104,0.19506239254489424,0.21607575011953462
wta:223286,wta:239389,2025-09-08,2025,2025,hard,Guadalajara,R32,6-4 6-3,63,34,69,33,88,WTA-2025-2075-271,2025-2075,3,0.5324841383974187,0.5161122978333842,0.5242982181154014,0.5216730498555594,0.523352230932002
wta:260300,wta:203514,2025-09-08,2025,2025,hard,Guadalajara,R32,6-4 4-6 6-3,90,55,90,48,88,WTA-2025-2075-272,2025-2075,3,0.7711443964368733,0.6072932560268538,0.6892188262318635,0.6920788730625916,0.688608511919993
wta:215785,wta:215872,2025-09-08,2025,2025,hard,Guadalajara,R32,7-5 7-5,79,45,76,35,88,WTA-2025-2075-273,2025-2075,3,0.6433937490880682,0.5462618248397925,0.5948277869639303,0.5971048672050854,0.5930578754595056
wta:214593,wta:201585,2025-09-08,2025,2025,hard,Guadalajara,R32,6-4 4-6 6-1,96,57,100,53,88,WTA-2025-2075-275,2025-2075,3,0.4461446161378779,0.48065303631370154,0.46339882622578976,0.46401889350571246,0.46251387047357734
wta:223360,wta:213849,2025-09-08,2025,2025,hard,Guadalajara,R32,6-4 6-2,59,40,74,37,88,WTA-2025-2075-276,2025-2075,3,0.8836997318383248,0.7424778761061946,0.8130888039722597,0.7944500939283281,0.8154385140729616
wta:221307,wta:219917,2025-09-08,2025,2025,hard,Guadalajara,R32,6-2 6-4,52,35,64,34,88,WTA-2025-2075-277,2025-2075,3,0.24745455216145099,0.3981385413487946,0.3227965467551228,0.3226784874390636,0.322979641048684
wta:215306,wta:202663,2025-09-08,2025,2025,hard,Guadalajara,R32,6-0 0-0 RET,17,13,15,3,88,WTA-2025-2075-278,2025-2075,3,0.34121643545717506,0.44531583765639304,0.39326613655678405,0.39207809702759067,0.392686337960507
wta:204411,wta:211701,2025-09-08,2025,2025,hard,Guadalajara,R32,7-6(5) 4-6 6-3,104,55,115,60,88,WTA-2025-2075-279,2025-2075,3,0.37556864645774296,0.4592920353982301,0.41743034092798653,0.41606858480815323,0.41508063082728464
wta:222233,wta:221236,2025-09-08,2025,2025,hard,Guadalajara,R32,3-6 7-5 6-4,114,57,94,46,88,WTA-2025-2075-280,2025-2075,3,0.4283237092302962,0.4816905706438816,0.4550071399370889,0.45203236488945925,0.455129202799463
wta:213583,wta:220309,2025-09-08,2025,2025,hard,Guadalajara,R32,6-4 6-2,54,29,70,29,88,WTA-2025-2075-282,2025-2075,3,0.2612783161251087,0.41754653646628015,0.33941242629569446,0.3333904790594304,0.33974809916722326
wta:201606,wta:203354,2025-09-08,2025,2025,hard,Guadalajara,R32,6-2 6-3,61,37,51,24,88,WTA-2025-2075-283,2025-2075,3,0.48459810323023916,0.4932865425694232,0.4889423228998312,0.48973026384325813,0.49007140437679186
wta:221039,wta:206289,2025-09-08,2025,2025,hard,Guadalajara,R32,6-2 6-0,41,30,57,26,88,WTA-2025-2075-284,2025-2075,3,0.3225713733561468,0.44574305767470246,0.3841572155154246,0.37879801089814397,0.381990599708284
wta:260300,wta:223360,2025-09-08,2025,2025,hard,Guadalajara,SF,6-3 6-7(5) 6-3,117,71,109,58,88,WTA-2025-2075-298,2025-2075,3,0.7652592943841171,0.6192554165395179,0.6922573554618174,0.6873635090027951,0.6940272669662423
wta:215306,wta:221039,2025-09-08,2025,2025,hard,Guadalajara,SF,6-4 7-5,75,45,77,40,88,WTA-2025-2075-299,2025-2075,3,0.4864351792957153,0.49249313396399147,0.4894641566298534,0.4909555532281846,0.48867074802442156
wta:216347,wta:206420,2025-09-15,2025,2025,hard,Seoul,F,1-6 7-6(3) 7-5,108,63,97,63,88,WTA-2025-1024-300,2025-1024,3,0.7984109412352468,0.6092462618248398,0.7038286015300432,0.714551771645588,0.7005634199615356
wta:206420,wta:230870,2025-09-15,2025,2025,hard,Seoul,QF,6-2 6-3,69,41,45,18,88,WTA-2025-1024-294,2025-1024,3,0.9438513619726835,0.7358864815379921,0.8398689217553378,0.8677616207158237,0.8427068833055361
wta:211701,wta:215480,2025-09-15,2025,2025,hard,Seoul,QF,6-1 7-5,62,37,64,29,88,WTA-2025-1024-295,2025-1024,3,0.57004999264716,0.5257552639609399,0.54790262830405,0.5468711633778688,0.5449426038914775
wta:233741,wta:220704,2025-09-15,2025,2025,hard,Seoul,QF,6-0 6-3,50,32,44,18,88,WTA-2025-1024-296,2025-1024,3,0.28128999386181297,0.4245041196216051,0.352897056741709,0.348558572498678,0.3569251312000551
wta:216347,wta:206252,2025-09-15,2025,2025,hard,Seoul,QF,6-0 6-3,58,34,41,14,88,WTA-2025-1024-297,2025-1024,3,0.9218053465573606,0.6973756484589564,0.8095904975081585,0.8381809406869072,0.8104754532603708
wta:206420,wta:222391,2025-09-15,2025,2025,hard,Seoul,R16,4-6 6-2 6-2,87,55,76,42,88,WTA-2025-1024-286,2025-1024,3,0.741385856121945,0.5893500152578578,0.6653679356899014,0.6686582345967537,0.6645440113688761
wta:230870,wta:206242,2025-09-15,2025,2025,hard,Seoul,R16,6-7(4) 7-6(3) 7-5,124,78,117,72,88,WTA-2025-1024-287,2025-1024,3,0.2391348704024257,0.4102227647238328,0.3246788175631292,0.3161290010952816,0.3221765288844597
wta:211701,wta:214082,2025-09-15,2025,2025,hard,Seoul,R16,7-6(2) 6-2,76,45,76,36,88,WTA-2025-1024-288,2025-1024,3,0.37261398677968555,0.45654562099481233,0.4145798038872489,0.414026155727182,0.4158614639421772
wta:215480,wta:223670,2025-09-15,2025,2025,hard,Seoul,R16,6-4 6-4,60,35,56,29,88,WTA-2025-1024-289,2025-1024,3,0.25351412297852977,0.4111382361916387,0.33232617958508426,0.32739927141701025,0.3344012482454443
wta:233741,wta:213550,2025-09-15,2025,2025,hard,Seoul,R16,6-3 6-1,46,32,58,27,88,WTA-2025-1024-290,2025-1024,3,0.559160781536535,0.5158071406774489,0.5374839611069919,0.5395433833774315,0.5383384011436108
wta:220704,wta:220332,2025-09-15,2025,2025,hard,Seoul,R16,6-2 7-6(4),44,27,52,25,88,WTA-2025-1024-291,2025-1024,3,0.7476176215325997,0.5824534635337199,0.6650355425331598,0.6734793678419153,0.6639674924873862
wta:206252,wta:221054,2025-09-15,2025,2025,hard,Seoul,R16,4-6 7-6(10) 6-1,99,61,97,57,88,WTA-2025-1024-292,2025-1024,3,0.2777580463813379,0.42743362831858406,0.35259583734996097,0.3459084457689316,0.3528094473591157
wta:216347,wta:201514,2025-09-15,2025,2025,hard,Seoul,R16,6-3 6-2,53,32,65,28,88,WTA-2025-1024-293,2025-1024,3,0.8827404935506077,0.6606347268843454,0.7716876102174766,0.7934357703994016,0.7742814460429266
wta:222391,wta:220454,2025-09-15,2025,2025,hard,Seoul,R32,6-2 6-1,31,18,38,15,88,WTA-2025-1024-271,2025-1024,3,0.8798322890691179,0.7322245956667683,0.8060284423679431,0.7903818488069945,0.8084696996154256
wta:230870,wta:211316,2025-09-15,2025,2025,hard,Seoul,R32,5-7 6-4 6-2,93,60,109,63,88,WTA-2025-1024-272,2025-1024,3,0.5790304342422465,0.5332621299969484,0.5561462821195975,0.5529333215126171,0.5505008747347944
wta:206242,wta:220432,2025-09-15,2025,2025,hard,Seoul,R32,6-4 6-3,81,43,67,31,88,WTA-2025-1024-273,2025-1024,3,0.9647929012633272,0.811443393347574,0.8881181473054506,0.9008862206191292,0.8877214430027347
wta:211701,wta:216213,2025-09-15,2025,2025,hard,Seoul,R32,6-2 6-2,47,35,45,21,88,WTA-2025-1024-275,2025-1024,3,0.9401491346743844,0.7879462923405554,0.8640477135074699,0.8624893877883437,0.8636815249203476
wta:215480,wta:213583,2025-09-15,2025,2025,hard,Seoul,R32,6-4 6-1,52,29,72,31,88,WTA-2025-1024-276,2025-1024,3,0.7170343260714971,0.5734818431492219,0.6452580846103595,0.650187937906863,0.6416877458859164
wta:223670,wta:216083,2025-09-15,2025,2025,hard,Seoul,R32,2-6 6-2 6-4,91,48,84,42,88,WTA-2025-1024-277,2025-1024,3,0.6835996216657846,0.5619469026548672,0.6227732621603259,0.6256443921975339,0.6245736893803442
wta:213550,wta:201696,2025-09-15,2025,2025,hard,Seoul,R32,2-6 6-3 7-5,98,49,96,46,88,WTA-2025-1024-278,2025-1024,3,0.5696196367451551,0.5242294781812633,0.5469245574632092,0.546581106747739,0.5455208345459068
wta:233741,wta:222258,2025-09-15,2025,2025,hard,Seoul,R32,6-4 7-6(4),90,50,82,38,88,WTA-2025-1024-279,2025-1024,3,0.6768052098355729,0.5551113823619164,0.6159582960987446,0.6207545655246445,0.6184300690618206
wta:220332,wta:221909,2025-09-15,2025,2025,hard,Seoul,R32,6-3 6-4,64,39,61,33,88,WTA-2025-1024-280,2025-1024,3,0.5491585958617181,0.5137931034482759,0.531475849654997,0.5328313022020488,0.5310181139210941
wta:221054,wta:211713,2025-09-15,2025,2025,hard,Seoul,R32,6-3 6-4,86,47,62,30,88,WTA-2025-1024-282,2025-1024,3,0.8465805174424932,0.6295697284101313,0.7380751229263123,0.7574383579267042,0.74030277016464
wta:206252,wta:236955,2025-09-15,2025,2025,hard,Seoul,R32,6-1 6-2,47,34,56,26,88,WTA-2025-1024-283,2025-1024,3,0.8946847714510408,0.6988404028074459,0.7967625871292433,0.8063307603932083,0.794046688441419
wta:201514,wta:220435,2025-09-15,2025,2025,hard,Seoul,R32,6-3 6-1,50,33,47,21,88,WTA-2025-1024-284,2025-1024,3,0.8413541453737855,0.6421422032346659,0.7417481743042257,0.7525437846845388,0.7413514700015098
wta:206420,wta:211701,2025-09-15,2025,2025,hard,Seoul,SF,6-4 6-2,67,38,80,40,88,WTA-2025-1024-298,2025-1024,3,0.8559865133451244,0.6409826060421117,0.748484559693618,0.766424670109886,0.7513225212438164
wta:216347,wta:233741,2025-09-15,2025,2025,hard,Seoul,SF,6-0 6-2,50,32,38,12,88,WTA-2025-1024-299,2025-1024,3,0.951484876907912,0.7441257247482453,0.8478053008280786,0.8791174207258521,0.8490564451674134
wta:216153,wta:222328,2025-09-24,2025,2025,hard,Beijing,F,6-0 2-6 6-2,59,35,53,29,88,WTA-2025-1020-300,2025-1020,3,0.65260277474862,0.5493133963991456,0.6009580855738827,0.6035629740669158,0.6015073684545664
wta:221103,wta:220332,2025-09-24,2025,2025,hard,Beijing,QF,6-3 6-4,64,38,59,28,88,WTA-2025-1020-294,2025-1020,3,0.8718671290881389,0.6553249923710711,0.7635960607296051,0.7821738061129684,0.7631078092801085
wta:216153,wta:211148,2025-09-24,2025,2025,hard,Beijing,QF,6-7(4) 6-3 6-4,119,71,113,62,88,WTA-2025-1020-295,2025-1020,3,0.6404742270203974,0.5384498016478486,0.5894620143341229,0.5950661070773762,0.5917506930036378
wta:222328,wta:222661,2025-09-24,2025,2025,hard,Beijing,QF,6-3 6-4,46,32,56,28,88,WTA-2025-1020-296,2025-1020,3,0.7154240399923595,0.5729325602685383,0.6441783001304489,0.6489856450788377,0.6429271557911141
wta:202468,wta:215613,2025-09-24,2025,2025,hard,Beijing,QF,6-7(2) 6-2 6-1,96,61,83,46,88,WTA-2025-1020-297,2025-1020,3,0.7854622249503823,0.6046078730546232,0.6950350490025028,0.7037440657970724,0.6946688604153803
wta:215872,wta:214459,2025-09-24,2025,2025,hard,Beijing,R128,6-4 6-1,51,33,48,22,88,WTA-2025-1020-175,2025-1020,3,0.47423010935920845,0.49090631675312785,0.48256821305616815,0.482811612324082,0.48024901867105985
wta:206289,wta:221909,2025-09-24,2025,2025,hard,Beijing,R128,7-6(5) 6-7(5) 7-5,135,71,138,70,88,WTA-2025-1020-176,2025-1020,3,0.5993305398627518,0.52886786695148,0.564099203407116,0.5667125828611522,0.5661437563518825
wta:211880,wta:203530,2025-09-24,2025,2025,hard,Beijing,R128,1-6 6-3 7-6(4),93,47,99,54,88,WTA-2025-1020-179,2025-1020,3,0.39757465663944197,0.46142813548977724,0.4295013960646096,0.4311761723483846,0.4331327662202398
wta:220465,wta:220548,2025-09-24,2025,2025,hard,Beijing,R128,6-4 2-6 6-3,80,43,94,53,88,WTA-2025-1020-180,2025-1020,3,0.35949457996969386,0.4510527921879768,0.4052736860788353,0.4049121314532149,0.40618915754664126
wta:206252,wta:215020,2025-09-24,2025,2025,hard,Beijing,R128,6-2 6-2,46,30,45,20,88,WTA-2025-1020-183,2025-1020,3,0.7872852222124973,0.5987488556606653,0.6930170389365813,0.7052501645204604,0.6942986989915096
wta:220520,wta:222559,2025-09-24,2025,2025,hard,Beijing,R128,6-2 7-6(5),80,45,78,38,88,WTA-2025-1020-184,2025-1020,3,0.8956084051166997,0.7005492828806835,0.7980788439986917,0.8073531930060118,0.7992994726224328
wta:220332,wta:263869,2025-09-24,2025,2025,hard,Beijing,R128,6-1 6-0,37,29,44,19,88,WTA-2025-1020-187,2025-1020,3,0.8638247334045871,0.6779676533414709,0.770896193373029,0.7741016497415518,0.7684549361255466
wta:216083,wta:201696,2025-09-24,2025,2025,hard,Beijing,R128,6-4 6-2,51,31,64,31,88,WTA-2025-1020-188,2025-1020,3,0.543760599879047,0.5157461092462619,0.5297533545626545,0.5292152509380799,0.528746335948068
wta:211107,wta:221024,2025-09-24,2025,2025,hard,Beijing,R128,7-5 5-7 6-4,106,65,107,62,88,WTA-2025-1020-191,2025-1020,3,0.455281549123241,0.4852914250839182,0.47028648710357956,0.4701433889729418,0.4715376314429144
wta:201533,wta:220435,2025-09-24,2025,2025,hard,Beijing,R128,3-6 6-1 6-4,84,50,94,49,88,WTA-2025-1020-192,2025-1020,3,0.4785525969103693,0.493042416844675,0.4857975068775221,0.4856968555764137,0.4874453555195728
wta:222045,wta:221039,2025-09-24,2025,2025,hard,Beijing,R128,6-3 6-3,52,36,76,39,88,WTA-2025-1020-195,2025-1020,3,0.4898574919419899,0.5022581629539212,0.49605782744795557,0.4932378126300276,0.4924874887235125
wta:201514,wta:214452,2025-09-24,2025,2025,hard,Beijing,R128,6-2 6-3,40,26,56,26,88,WTA-2025-1020-196,2025-1020,3,0.7500514700348496,0.5840402807445835,0.6670458753897166,0.6753736379242338,0.6663134982154718
wta:213631,wta:213583,2025-09-24,2025,2025,hard,Beijing,R128,6-2 6-4,45,36,46,28,88,WTA-2025-1020-199,2025-1020,3,0.9217191952931526,0.6993896856881294,0.8105544404906411,0.8380728919518531,0.8119581634079434
wta:214388,wta:215370,2025-09-24,2025,2025,hard,Beijing,R128,6-4 7-6(4),73,39,75,35,88,WTA-2025-1020-200,2025-1020,3,0.15336901696817215,0.35688129386634115,0.25512515541725667,0.2425140478490614,0.2541486525182637
wta:221236,wta:213666,2025-09-24,2025,2025,hard,Beijing,R128,7-5 7-6(7),86,48,88,45,88,WTA-2025-1020-203,2025-1020,3,0.6770654696843159,0.5588953310955141,0.617980400389915,0.6209413229794689,0.6198418590411204
wta:201545,wta:214040,2025-09-24,2025,2025,hard,Beijing,R128,6-3 7-6(1),78,49,66,38,88,WTA-2025-1020-204,2025-1020,3,0.5561893269582531,0.5170888007323772,0.5366390638453151,0.5375476282979457,0.537493503881934
wta:215306,wta:215480,2025-09-24,2025,2025,hard,Beijing,R128,6-3 6-3,61,34,57,26,88,WTA-2025-1020-207,2025-1020,3,0.47208273158195563,0.49450717119316445,0.48329495138756007,0.4813777288673481,0.4825625742133153
wta:216016,wta:215250,2025-09-24,2025,2025,hard,Beijing,R128,7-5 6-1,55,35,57,25,88,WTA-2025-1020-208,2025-1020,3,0.7551619654560165,0.6077815074763503,0.6814717364661834,0.6793726443908031,0.6823872079339894
wta:215713,wta:211701,2025-09-24,2025,2025,hard,Beijing,R128,6-3 6-4,52,34,68,34,88,WTA-2025-1020-211,2025-1020,3,0.48881964224822066,0.4934086054317974,0.491114123840009,0.4925457378719957,0.4918159852986602
wta:220309,wta:221096,2025-09-24,2025,2025,hard,Beijing,R128,6-2 6-0,44,31,40,16,88,WTA-2025-1020-212,2025-1020,3,0.7489613820772516,0.5940494354592615,0.6715054087682566,0.6745244161393009,0.6720852073645336
wta:222661,wta:219917,2025-09-24,2025,2025,hard,Beijing,R128,6-3 6-2,46,36,54,30,88,WTA-2025-1020-215,2025-1020,3,0.6508678299476448,0.5505950564540738,0.6007314432008592,0.6023430312023547,0.6001211288889887
wta:233741,wta:223286,2025-09-24,2025,2025,hard,Beijing,R128,6-3 6-2,52,33,56,25,88,WTA-2025-1020-216,2025-1020,3,0.8925916494391875,0.6864510222764724,0.7895213358578299,0.8040277701593627,0.786591827160851
wta:222601,wta:211713,2025-09-24,2025,2025,hard,Beijing,R128,6-4 6-0,54,32,42,16,88,WTA-2025-1020-219,2025-1020,3,0.4663358951243918,0.4829722306988099,0.47465406291160084,0.47753838747017063,0.4762103644068709
wta:202684,wta:220416,2025-09-24,2025,2025,hard,Beijing,R128,6-1 6-3,58,36,61,29,88,WTA-2025-1020-220,2025-1020,3,0.708655745725966,0.5699420201403723,0.6392988829331692,0.6439560250850588,0.6417096244650581
wta:201548,wta:263857,2025-09-24,2025,2025,hard,Beijing,R128,7-6(1) 6-2,73,45,68,32,88,WTA-2025-1020-223,2025-1020,3,0.6299939566179333,0.5439426304546842,0.5869682935363087,0.5877796085295237,0.5856866334813804
wta:213710,wta:202499,2025-09-24,2025,2025,hard,Beijing,R128,6-2 6-4,63,36,49,20,88,WTA-2025-1020-224,2025-1020,3,0.5048888473101832,0.4995727799816906,0.5022308136459369,0.50325928924492,0.5026885493798399
wta:230870,wta:211684,2025-09-24,2025,2025,hard,Beijing,R128,7-5 6-4,76,47,70,40,88,WTA-2025-1020-227,2025-1020,3,0.29715597549876516,0.425358559658224,0.3612572675784946,0.3603331324357854,0.3622948019086746
wta:205925,wta:222145,2025-09-24,2025,2025,hard,Beijing,R128,6-7(4) 7-5 6-1,98,68,113,67,88,WTA-2025-1020-228,2025-1020,3,0.4546128656772069,0.4813243820567592,0.467968623866983,0.46969557764895875,0.4687925481880084
wta:211817,wta:211685,2025-09-24,2025,2025,hard,Beijing,R128,6-2 6-2,54,37,51,27,88,WTA-2025-1020-231,2025-1020,3,0.4236963070673909,0.47888312480927675,0.45128971593833384,0.4489092981926413,0.45168642024104977
wta:222391,wta:213646,2025-09-24,2025,2025,hard,Beijing,R128,7-6(6) 5-7 6-2,139,82,142,80,88,WTA-2025-1020-232,2025-1020,3,0.6766597008536012,0.559688739700946,0.6181742202772735,0.6206501697381509,0.6217140432861231
wta:215785,wta:215983,2025-09-24,2025,2025,hard,Beijing,R128,7-5 6-7(5) 7-5,128,80,148,87,88,WTA-2025-1020-235,2025-1020,3,0.36643350527560065,0.45874275251754654,0.4125881288965736,0.40974202725318776,0.4106961545297747
wta:206294,wta:201709,2025-09-24,2025,2025,hard,Beijing,R128,6-3 6-3,61,43,48,28,88,WTA-2025-1020-236,2025-1020,3,0.5161566530609824,0.5050045773573391,0.5105806152091608,0.5107731856711476,0.5156767397132803
wta:221103,wta:202505,2025-09-24,2025,2025,hard,Beijing,R16,4-6 7-6(4) 6-2,93,61,114,66,88,WTA-2025-1020-286,2025-1020,3,0.6975488953046554,0.5560268538297223,0.6267878745671889,0.6357817318910453,0.6288934589431425
wta:220332,wta:220520,2025-09-24,2025,2025,hard,Beijing,R16,4-6 6-1 6-2,76,43,86,39,88,WTA-2025-1020-287,2025-1020,3,0.4105809995876532,0.47516020750686605,0.4428706035472596,0.44002940514849476,0.442260289235389
wta:216153,wta:214096,2025-09-24,2025,2025,hard,Beijing,R16,1-6 6-2 6-4,76,46,79,47,88,WTA-2025-1020-288,2025-1020,3,0.6193225666162808,0.5404638388770217,0.5798932027466512,0.5804081818833432,0.5796795927374965
wta:211148,wta:213631,2025-09-24,2025,2025,hard,Beijing,R16,6-2 7-5,70,39,67,32,88,WTA-2025-1020-289,2025-1020,3,0.526868159424787,0.5023191943851083,0.5145936769049477,0.5179216962863403,0.5185912356477003
wta:222328,wta:215713,2025-09-24,2025,2025,hard,Beijing,R16,6-2 6-4,60,35,59,26,88,WTA-2025-1020-290,2025-1020,3,0.7609963285132263,0.5904485810192249,0.6757224547662256,0.6839749359197347,0.6779806177201468
wta:222661,wta:259799,2025-09-24,2025,2025,hard,Beijing,R16,7-5 2-6 7-5,105,67,91,62,88,WTA-2025-1020-291,2025-1020,3,0.1255055324471595,0.33356728715288375,0.22953640980002163,0.2151432016394853,0.2302077555430793
wta:202468,wta:216146,2025-09-24,2025,2025,hard,Beijing,R16,6-3 6-7(4) 6-1,94,56,109,54,88,WTA-2025-1020-292,2025-1020,3,0.7242538807449079,0.5743973146170278,0.6493255976809679,0.6556061412502039,0.6475862018921366
wta:215613,wta:216347,2025-09-24,2025,2025,hard,Beijing,R16,6-4 4-6 6-0,87,53,97,51,88,WTA-2025-1020-293,2025-1020,3,0.08119638681569197,0.30018309429356116,0.19068974055462656,0.16555439183236018,0.19258171492142548
wta:221103,wta:220367,2025-09-24,2025,2025,hard,Beijing,R32,6-4 4-6 7-5,100,55,104,51,88,WTA-2025-1020-270,2025-1020,3,0.7723210101473371,0.5966127555691181,0.6844668828582277,0.6930269768490847,0.6827885185005834
wta:202505,wta:211880,2025-09-24,2025,2025,hard,Beijing,R32,4-6 6-4 6-3,84,55,99,57,88,WTA-2025-1020-271,2025-1020,3,0.905277301862252,0.6912725053402502,0.7982749036012511,0.8182979767169141,0.7998922365277082
wta:220520,wta:206252,2025-09-24,2025,2025,hard,Beijing,R32,1-6 7-5 3-0 RET,75,40,71,37,88,WTA-2025-1020-272,2025-1020,3,0.46379184079680547,0.4960939884040281,0.47994291460041677,0.4758377331591094,0.4735346143257753
wta:220332,wta:214981,2025-09-24,2025,2025,hard,Beijing,R32,6-3 1-6 6-4,85,43,104,52,88,WTA-2025-1020-273,2025-1020,3,0.09821952804478525,0.3163564235581324,0.20728797580145883,0.18571295593472892,0.2094545916085995
wta:216153,wta:201533,2025-09-24,2025,2025,hard,Beijing,R32,7-6(11) 6-0,60,41,68,37,88,WTA-2025-1020-274,2025-1020,3,0.9291967181875127,0.7163564235581324,0.8227765708728225,0.8476486356057373,0.8210371750839913
wta:214096,wta:211651,2025-09-24,2025,2025,hard,Beijing,R32,4-2 RET,17,12,20,12,88,WTA-2025-1020-275,2025-1020,3,0.4587974691969321,0.4929203539823009,0.47585891158961646,0.47249700478278395,0.4725937300211087
wta:213631,wta:206368,2025-09-24,2025,2025,hard,Beijing,R32,6-3 7-5,73,43,72,36,88,WTA-2025-1020-276,2025-1020,3,0.5010028976834001,0.5032346658529142,0.5021187817681572,0.5006685989537334,0.4995859773738941
wta:211148,wta:213550,2025-09-24,2025,2025,hard,Beijing,R32,6-3 6-0,59,37,42,18,88,WTA-2025-1020-277,2025-1020,3,0.7449519795504305,0.5819041806530363,0.6634280801017334,0.6714120749708732,0.6647402558722553
wta:222328,wta:221012,2025-09-24,2025,2025,hard,Beijing,R32,6-4 3-6 3-0 RET,73,45,68,42,88,WTA-2025-1020-278,2025-1020,3,0.34670474647212335,0.45337198657308514,0.40003836652260427,0.3959496682742146,0.40043507082532015
wta:215713,wta:220309,2025-09-24,2025,2025,hard,Beijing,R32,6-3 7-5,65,40,68,36,88,WTA-2025-1020-279,2025-1020,3,0.5245582345987596,0.5042111687519072,0.5143847016753333,0.5163794780521328,0.5156968774458552
wta:222661,wta:233741,2025-09-24,2025,2025,hard,Beijing,R32,6-3 6-2,45,29,56,27,88,WTA-2025-1020-280,2025-1020,3,0.45296985665898515,0.49169972535855966,0.4723347910087724,0.4685950089309739,0.4691306408714517
wta:259799,wta:222601,2025-09-24,2025,2025,hard,Beijing,R32,6-4 6-1,72,44,67,33,88,WTA-2025-1020-281,2025-1020,3,0.9122501045994429,0.6874885566066524,0.7998693306030477,0.8264894880086038,0.7995641734471124
wta:202468,wta:221054,2025-09-24,2025,2025,hard,Beijing,R32,3-6 7-6(9) 6-0,95,59,101,56,88,WTA-2025-1020-282,2025-1020,3,0.5964143572880705,0.5323466585291425,0.5643805079086065,0.5647259231759597,0.5622138921014659
wta:216146,wta:205925,2025-09-24,2025,2025,hard,Beijing,R32,6-4 6-2,66,43,53,30,88,WTA-2025-1020-283,2025-1020,3,0.8211416272296922,0.6236496795849863,0.7223956534073392,0.7342058979313977,0.7212055404991915
wta:215613,wta:222391,2025-09-24,2025,2025,hard,Beijing,R32,6-2 1-0 RET,31,20,29,14,88,WTA-2025-1020-284,2025-1020,3,0.5561362155901443,0.5209948123283491,0.5385655139592467,0.5375119703056088,0.5360937409961707
wta:216347,wta:215785,2025-09-24,2025,2025,hard,Beijing,R32,6-0 0-0 RET,26,16,24,7,88,WTA-2025-1020-285,2025-1020,3,0.9716367483263557,0.7830637778455904,0.8773502630859731,0.9134040360935423,0.8771061373612248
wta:221103,wta:215872,2025-09-24,2025,2025,hard,Beijing,R64,6-4 6-0,62,41,63,31,88,WTA-2025-1020-238,2025-1020,3,0.9503163563975009,0.7391211473909063,0.8447187518942036,0.8773329479191246,0.8469463991325313
wta:220367,wta:206289,2025-09-24,2025,2025,hard,Beijing,R64,6-2 6-0,46,31,46,21,88,WTA-2025-1020-239,2025-1020,3,0.595229232705674,0.5339334757400062,0.5645813542228401,0.5639192899886954,0.5609194683516163
wta:211880,wta:211533,2025-09-24,2025,2025,hard,Beijing,R64,6-3 6-2,42,26,61,26,88,WTA-2025-1020-240,2025-1020,3,0.1759241696491012,0.3710405859017394,0.2734823777754203,0.26318628623457424,0.27226174915167906
wta:202505,wta:220465,2025-09-24,2025,2025,hard,Beijing,R64,6-3 6-3,57,33,59,26,88,WTA-2025-1020-241,2025-1020,3,0.8441596485354492,0.6418980775099176,0.7430288630226833,0.7551627698822176,0.7380242856653444
wta:206252,wta:206420,2025-09-24,2025,2025,hard,Beijing,R64,7-5 6-2,62,43,57,31,88,WTA-2025-1020-242,2025-1020,3,0.2735203504823355,0.42712847116264874,0.3503244108224921,0.3427139983920045,0.35200277518013634
wta:220520,wta:210722,2025-09-24,2025,2025,hard,Beijing,R64,6-2 6-4,51,32,57,28,88,WTA-2025-1020-243,2025-1020,3,0.23378457819466467,0.4137625877326823,0.3237735829636735,0.31187339573956463,0.321790061450094
wta:220332,wta:260300,2025-09-24,2025,2025,hard,Beijing,R64,6-3 4-6 7-5,124,65,84,41,88,WTA-2025-1020-244,2025-1020,3,0.47345878181362255,0.4865730851388465,0.4800159334762345,0.4822966106533819,0.48303698931999406
wta:214981,wta:216083,2025-09-24,2025,2025,hard,Beijing,R64,7-5 4-6 6-3,101,63,105,61,88,WTA-2025-1020-245,2025-1020,3,0.9195417477499329,0.7060421116875191,0.812791929718726,0.8353586021947421,0.8092826224254699
wta:216153,wta:211107,2025-09-24,2025,2025,hard,Beijing,R64,6-1 6-3,60,38,54,29,88,WTA-2025-1020-246,2025-1020,3,0.903065924888261,0.6757705218187366,0.7894182233534988,0.8157542927094218,0.7940260964081219
wta:201533,wta:216133,2025-09-24,2025,2025,hard,Beijing,R64,6-4 6-2,57,35,66,32,88,WTA-2025-1020-247,2025-1020,3,0.26304954532166597,0.41760756789746717,0.34032855660956657,0.334748533700026,0.33803987794005175
wta:211651,wta:222045,2025-09-24,2025,2025,hard,Beijing,R64,6-3 7-6(2),67,43,66,39,88,WTA-2025-1020-248,2025-1020,3,0.8625522398384721,0.6495270064083003,0.7560396231233861,0.7728430028066223,0.7593353204074875
wta:214096,wta:201514,2025-09-24,2025,2025,hard,Beijing,R64,6-2 6-3,51,36,61,31,88,WTA-2025-1020-249,2025-1020,3,0.5415921710016555,0.5142203234665853,0.5279062472341204,0.5277637494026687,0.5236950784822132
wta:213631,wta:202663,2025-09-24,2025,2025,hard,Beijing,R64,7-5 7-5,79,46,75,40,88,WTA-2025-1020-250,2025-1020,3,0.6911944099226053,0.5609703997558743,0.6260824048392397,0.6311467356907419,0.6254720905273692
wta:206368,wta:214388,2025-09-24,2025,2025,hard,Beijing,R64,7-5 6-3,64,46,56,33,88,WTA-2025-1020-251,2025-1020,3,0.887877878761388,0.6689350015257858,0.7784064401435868,0.7989102109655402,0.7761482771896656
wta:213550,wta:221236,2025-09-24,2025,2025,hard,Beijing,R64,6-4 6-2,53,39,75,42,88,WTA-2025-1020-252,2025-1020,3,0.6663074624188317,0.5469942020140373,0.6066508322164345,0.6132563097564522,0.6089089951703557
wta:211148,wta:201545,2025-09-24,2025,2025,hard,Beijing,R64,6-1 6-3,61,41,48,24,88,WTA-2025-1020-253,2025-1020,3,0.7928313258023115,0.6011290814769606,0.6969802036396361,0.7098628667838788,0.7011913723915433
wta:221012,wta:215306,2025-09-24,2025,2025,hard,Beijing,R64,6-3 6-2,54,33,62,29,88,WTA-2025-1020-254,2025-1020,3,0.9066301155769687,0.6841928593225511,0.79541148744976,0.819866576820893,0.7986156375870807
wta:222328,wta:216016,2025-09-24,2025,2025,hard,Beijing,R64,6-3 6-2,56,40,48,28,88,WTA-2025-1020-255,2025-1020,3,0.7313493285022118,0.5784864205065609,0.6549178745043863,0.6609773986912789,0.6550094216511669
wta:215713,wta:239475,2025-09-24,2025,2025,hard,Beijing,R64,7-6(5) 7-5,70,42,94,47,88,WTA-2025-1020-256,2025-1020,3,0.23523232295201968,0.40961245041196215,0.3224223866819909,0.3130284118953897,0.3196454565629796
wta:220309,wta:220704,2025-09-24,2025,2025,hard,Beijing,R64,6-4 2-6 6-3,81,47,77,45,88,WTA-2025-1020-257,2025-1020,3,0.18983811665250466,0.38947207812023193,0.2896550973863683,0.2754040437891559,0.28507774004733866
wta:222661,wta:214082,2025-09-24,2025,2025,hard,Beijing,R64,6-3 6-0,40,28,51,20,88,WTA-2025-1020-258,2025-1020,3,0.413205700975279,0.4722917302410741,0.4427487156081765,0.44181006981466797,0.4418027284247771
wta:233741,wta:223670,2025-09-24,2025,2025,hard,Beijing,R64,7-5 6-1,64,39,68,32,88,WTA-2025-1020-259,2025-1020,3,0.39560660787128565,0.47430576747024716,0.4349561876707664,0.4298319893783795,0.4339186533405864
wta:222601,wta:215035,2025-09-24,2025,2025,hard,Beijing,R64,7-5 6-4,66,43,79,42,88,WTA-2025-1020-260,2025-1020,3,0.338305189688249,0.4480622520598108,0.3931837208740299,0.39001781175157973,0.3937940351859005
wta:259799,wta:202684,2025-09-24,2025,2025,hard,Beijing,R64,6-2 6-2,45,31,58,27,88,WTA-2025-1020-261,2025-1020,3,0.8985861935740951,0.6824839792493134,0.7905350864117042,0.8106760450762212,0.788398986320157
wta:202468,wta:201548,2025-09-24,2025,2025,hard,Beijing,R64,6-0 6-3,52,37,43,22,88,WTA-2025-1020-262,2025-1020,3,0.895978895940602,0.6768080561489167,0.7863934760447593,0.8077643962479433,0.7857526460172952
wta:221054,wta:213710,2025-09-24,2025,2025,hard,Beijing,R64,6-3 6-3,64,41,71,36,88,WTA-2025-1020-263,2025-1020,3,0.8301180436834031,0.6270064083002747,0.728562225991839,0.7422398097476087,0.7295082131752384
wta:216146,wta:230870,2025-09-24,2025,2025,hard,Beijing,R64,6-1 6-1,45,33,43,17,88,WTA-2025-1020-264,2025-1020,3,0.8957145663692612,0.6755263960939885,0.7856204812316248,0.8074709564624927,0.7882448327726684
wta:205925,wta:211768,2025-09-24,2025,2025,hard,Beijing,R64,1-6 6-4 6-2,68,37,89,50,88,WTA-2025-1020-265,2025-1020,3,0.074165285880493,0.29847421422032344,0.1863197500504082,0.15670747929499484,0.1832071470598681
wta:215613,wta:211817,2025-09-24,2025,2025,hard,Beijing,R64,6-3 7-6(0),81,47,75,35,88,WTA-2025-1020-266,2025-1020,3,0.7488678257953952,0.5879462923405554,0.6684070590679754,0.6744515930377181,0.6662709589764282
wta:222391,wta:214643,2025-09-24,2025,2025,hard,Beijing,R64,6-3 6-4,59,42,50,29,88,WTA-2025-1020-267,2025-1020,3,0.44389442933319323,0.4829111992676228,0.46340281430040803,0.46250860391301096,0.46392158146549806
wta:215785,wta:214939,2025-09-24,2025,2025,hard,Beijing,R64,6-1 4-6 6-4,92,53,80,42,88,WTA-2025-1020-268,2025-1020,3,0.2468360585506313,0.40344827586206894,0.32514216720635014,0.32219434329065794,0.3278580658941743
wta:216347,wta:206294,2025-09-24,2025,2025,hard,Beijing,R64,6-0 6-3,43,32,61,27,88,WTA-2025-1020-269,2025-1020,3,0.9755476875081807,0.7939884040280745,0.8847680457681275,0.9211093591313,0.8858360958139011
wta:216153,wta:221103,2025-09-24,2025,2025,hard,Beijing,SF,6-1 6-2,46,32,43,16,88,WTA-2025-1020-298,2025-1020,3,0.4340780364634406,0.48364357644186756,0.4588608064526541,0.45590950545418457,0.45593129775567515
wta:222328,wta:202468,2025-09-24,2025,2025,hard,Beijing,SF,6-3 1-6 7-6(6),105,57,113,64,88,WTA-2025-1020-299,2025-1020,3,0.28104927771017607,0.4292645712541959,0.355156924482186,0.3483783047390725,0.35335649726216767
wta:221103,wta:202468,2025-10-06,2025,2025,hard,Wuhan,F,6-4 7-5,73,41,68,33,88,WTA-2025-1075-300,2025-1075,3,0.48471418955664264,0.4923710711016173,0.48854263032913,0.48980769524442547,0.4915636861728895
wta:211148,wta:216347,2025-10-06,2025,2025,hard,Wuhan,QF,6-1 6-2,39,27,38,13,88,WTA-2025-1075-294,2025-1075,3,0.12353647358722311,0.3482758620689655,0.23590616782809432,0.2131168597740265,0.23550946352537844
wta:221103,wta:201696,2025-10-06,2025,2025,hard,Wuhan,QF,6-3 6-0,56,36,45,18,88,WTA-2025-1075-295,2025-1075,3,0.9159896275342173,0.6926151968263656,0.8043024121802915,0.8309970178133566,0.8078117194735475
wta:202468,wta:211701,2025-10-06,2025,2025,hard,Wuhan,QF,2-6 6-0 6-3,67,45,66,35,88,WTA-2025-1075-296,2025-1075,3,0.9009213617468883,0.6813243820567593,0.7911228719018237,0.8133109954579703,0.7917942176448814
wta:214544,wta:214981,2025-10-06,2025,2025,hard,Wuhan,QF,6-3 6-3,57,38,59,31,88,WTA-2025-1075-297,2025-1075,3,0.5963050312011623,0.5237412267317668,0.5600231289664646,0.5646514947607031,0.5622202604891988
wta:216347,wta:202505,2025-10-06,2025,2025,hard,Wuhan,R16,7-6(2) 6-4,63,42,86,45,88,WTA-2025-1075-286,2025-1075,3,0.8717564660377127,0.6523954836740922,0.7620759748559025,0.7820613106870976,0.7632660877640501
wta:211148,wta:220704,2025-10-06,2025,2025,hard,Wuhan,R16,3-6 6-1 3-1 RET,65,38,57,30,88,WTA-2025-1075-287,2025-1075,3,0.4709155906624212,0.49267622825755264,0.48179590945998696,0.480598226960109,0.48103301657014863
wta:221103,wta:201533,2025-10-06,2025,2025,hard,Wuhan,R16,6-3 6-2,50,31,50,21,88,WTA-2025-1075-288,2025-1075,3,0.949357033874704,0.7468721391516631,0.8481145865131836,0.8758810303613473,0.8472601464765648
wta:201696,wta:211684,2025-10-06,2025,2025,hard,Wuhan,R16,6-4 7-6(2),85,51,89,50,88,WTA-2025-1075-289,2025-1075,3,0.47726884713692014,0.49676533414708574,0.48701709064200294,0.4848400928720702,0.48570491487148115
wta:202468,wta:206420,2025-10-06,2025,2025,hard,Wuhan,R16,7-5 3-6 6-3,94,59,89,53,88,WTA-2025-1075-290,2025-1075,3,0.592015083283739,0.5286237412267317,0.5603194122552353,0.5617337232505387,0.5587325950443718
wta:211701,wta:260300,2025-10-06,2025,2025,hard,Wuhan,R16,7-5 6-3,69,46,70,38,88,WTA-2025-1075-291,2025-1075,3,0.41983498082563275,0.46801953005797986,0.44392725544180633,0.4462994449231166,0.442187859652975
wta:214981,wta:222328,2025-10-06,2025,2025,hard,Wuhan,R16,6-3 6-4,57,44,84,47,88,WTA-2025-1075-292,2025-1075,3,0.7584383398418602,0.5920353982300885,0.6752368690359744,0.6819521882864309,0.6741688189902008
wta:214544,wta:214643,2025-10-06,2025,2025,hard,Wuhan,R16,6-3 6-2,47,37,47,27,88,WTA-2025-1075-293,2025-1075,3,0.8754300227267471,0.665151052792188,0.7702905377594675,0.7858178829523254,0.7686121734018234
wta:216347,wta:213631,2025-10-06,2025,2025,hard,Wuhan,R32,6-1 6-1,46,29,51,20,88,WTA-2025-1075-270,2025-1075,3,0.8901824364898293,0.6708269758925847,0.7805047061912069,0.8014005073169199,0.775042393099965
wta:220704,wta:222045,2025-10-06,2025,2025,hard,Wuhan,R32,6-4 6-0,45,31,53,24,88,WTA-2025-1075-272,2025-1075,3,0.8442667571986169,0.6401281660054928,0.7421974616020548,0.7552631409216195,0.7417702415837455
wta:211148,wta:206294,2025-10-06,2025,2025,hard,Wuhan,R32,3-6 6-4 6-3,90,59,83,53,88,WTA-2025-1075-273,2025-1075,3,0.7976453424829707,0.6075984131827892,0.7026218778328799,0.7139054374014996,0.7006383563193004
wta:221103,wta:220416,2025-10-06,2025,2025,hard,Wuhan,R32,6-1 6-0,33,28,44,17,88,WTA-2025-1075-274,2025-1075,3,0.9672325693281957,0.7738480317363442,0.8705403005322699,0.9052242628976026,0.872554337761443
wta:201533,wta:201514,2025-10-06,2025,2025,hard,Wuhan,R32,6-4 3-6 6-4,90,54,100,59,88,WTA-2025-1075-275,2025-1075,3,0.14812177005054397,0.3500457735733903,0.24908377181196711,0.23752939150917057,0.250914714747579
wta:211684,wta:214096,2025-10-06,2025,2025,hard,Wuhan,R32,7-6(1) 4-1 RET,71,42,58,29,88,WTA-2025-1075-276,2025-1075,3,0.20694819843147588,0.3901434238632896,0.29854581114738277,0.28995278808093516,0.30013262835824633
wta:201696,wta:259799,2025-10-06,2025,2025,hard,Wuhan,R32,6-7(4) 6-3 6-3,113,63,115,59,88,WTA-2025-1075-277,2025-1075,3,0.08395476866281669,0.2987183399450717,0.1913365543039442,0.1689353201737501,0.19747021313824387
wta:202468,wta:221024,2025-10-06,2025,2025,hard,Wuhan,R32,6-4 4-6 7-6(6),126,71,122,66,88,WTA-2025-1075-278,2025-1075,3,0.9085221344701941,0.6855355508086665,0.7970288426394303,0.8220767490796135,0.7973645155109592
wta:206420,wta:215983,2025-10-06,2025,2025,hard,Wuhan,R32,7-6(5) 6-2,79,51,62,35,88,WTA-2025-1075-279,2025-1075,3,0.7662806881502812,0.5922795239548367,0.679280106052559,0.6881787357633177,0.6781815402911919
wta:211701,wta:233741,2025-10-06,2025,2025,hard,Wuhan,R32,6-3 6-1,56,32,49,21,88,WTA-2025-1075-280,2025-1075,3,0.412805041260411,0.4683857186451022,0.4405953799527566,0.4415383731297789,0.44093105282428546
wta:260300,wta:222601,2025-10-06,2025,2025,hard,Wuhan,R32,6-4 6-4,48,30,59,31,88,WTA-2025-1075-281,2025-1075,3,0.6089023200009221,0.5284406469331706,0.5686714834670463,0.5732524742159004,0.5706550049806258
wta:214981,wta:211713,2025-10-06,2025,2025,hard,Wuhan,R32,6-4 6-3,57,41,61,36,88,WTA-2025-1075-282,2025-1075,3,0.9120359181794753,0.6945682026243516,0.8033020604019134,0.8262338194326371,0.8025391675120752
wta:222328,wta:211768,2025-10-06,2025,2025,hard,Wuhan,R32,7-6(2) 6-3,71,50,55,38,88,WTA-2025-1075-283,2025-1075,3,0.30374415614352834,0.43487946292340557,0.369311809533467,0.36516380929302705,0.36952541954262164
wta:214643,wta:213550,2025-10-06,2025,2025,hard,Wuhan,R32,3-6 6-3 6-1,69,46,86,46,88,WTA-2025-1075-284,2025-1075,3,0.664971928411057,0.5505950564540738,0.6077834924325654,0.6123070792298927,0.6104383596892027
wta:214544,wta:211685,2025-10-06,2025,2025,hard,Wuhan,R32,4-6 6-3 6-1,94,59,81,46,88,WTA-2025-1075-285,2025-1075,3,0.9487096323015942,0.7346048214830638,0.841657226892329,0.8749077010019594,0.8407722711401167
wta:213631,wta:215785,2025-10-06,2025,2025,hard,Wuhan,R64,6-3 6-4,57,29,78,34,88,WTA-2025-1075-239,2025-1075,3,0.7537968159418045,0.5939273725968874,0.673862094269346,0.6783015070631463,0.6685828754716652
wta:210722,wta:221236,2025-10-06,2025,2025,hard,Wuhan,R64,7-6(5) 6-3,84,55,81,48,88,WTA-2025-1075-240,2025-1075,3,0.9249066074423924,0.7022581629539213,0.8135823851981568,0.842104868179427,0.8179461325280317
wta:202505,wta:202499,2025-10-06,2025,2025,hard,Wuhan,R64,6-2 6-2,50,34,48,22,88,WTA-2025-1075-241,2025-1075,3,0.7438385357859859,0.5861763808361307,0.6650074583110583,0.6705508120077324,0.662291559623234
wta:220704,wta:215337,2025-10-06,2025,2025,hard,Wuhan,R64,6-3 7-5,57,41,94,51,88,WTA-2025-1075-242,2025-1075,3,0.8464117394861427,0.6399450717119316,0.7431784055990371,0.7572792299983191,0.7435445941861596
wta:222045,wta:202663,2025-10-06,2025,2025,hard,Wuhan,R64,6-2 6-3,57,38,60,29,88,WTA-2025-1075-243,2025-1075,3,0.3450063322473847,0.4473909063167531,0.3961986192820689,0.3947532839445204,0.3953746949610436
wta:206294,wta:214459,2025-10-06,2025,2025,hard,Wuhan,R64,7-6(2) 7-6(1),108,68,74,45,88,WTA-2025-1075-244,2025-1075,3,0.5820416903987371,0.5261824839792493,0.5541120871889932,0.5549703036990012,0.5533186785835614
wta:220416,wta:216133,2025-10-06,2025,2025,hard,Wuhan,R64,6-4 7-6(3),83,50,82,45,88,WTA-2025-1075-247,2025-1075,3,0.21122033812636687,0.3941714983216356,0.3026959182240012,0.29351149744150257,0.3038555154165554
wta:201514,wta:211533,2025-10-06,2025,2025,hard,Wuhan,R64,6-0 2-1 RET,25,16,22,5,88,WTA-2025-1075-248,2025-1075,3,0.6394743324380806,0.5457125419591089,0.5925934371985948,0.5943687814548745,0.5943938644186131
wta:201533,wta:215613,2025-10-06,2025,2025,hard,Wuhan,R64,6-2 2-6 6-3,62,36,78,43,88,WTA-2025-1075-249,2025-1075,3,0.181128578616857,0.37189502593835827,0.27651180227760763,0.26779999770299506,0.2795633738369607
wta:214096,wta:216146,2025-10-06,2025,2025,hard,Wuhan,R64,2-6 6-2 6-4,85,52,94,53,88,WTA-2025-1075-250,2025-1075,3,0.5341340522724071,0.5082392432102533,0.5211866477413302,0.5227757134622891,0.5209120063009884
wta:211684,wta:206368,2025-10-06,2025,2025,hard,Wuhan,R64,6-3 2-6 6-3,94,55,85,49,88,WTA-2025-1075-251,2025-1075,3,0.23916654032310056,0.40552334452242905,0.3223449424227648,0.31615408719821236,0.32438949536753137
wta:201696,wta:215035,2025-10-06,2025,2025,hard,Wuhan,R64,7-5 4-6 4-1 RET,80,46,91,45,88,WTA-2025-1075-252,2025-1075,3,0.3260035518735658,0.4440952090326518,0.38504938045310877,0.3812582430349757,0.3850798961687023
wta:221024,wta:221909,2025-10-06,2025,2025,hard,Wuhan,R64,2-6 6-4 6-2,74,48,68,41,88,WTA-2025-1075-255,2025-1075,3,0.4580916448923101,0.49279829111992673,0.4754449680061184,0.4720246406639836,0.47535342085933785
wta:215983,wta:221054,2025-10-06,2025,2025,hard,Wuhan,R64,6-1 4-1 RET,40,27,48,19,88,WTA-2025-1075-256,2025-1075,3,0.23708041898867419,0.4047909673481843,0.32093569316842924,0.31449905301299225,0.3196845488290945
wta:206420,wta:239475,2025-10-06,2025,2025,hard,Wuhan,R64,6-3 6-2,60,39,56,30,88,WTA-2025-1075-257,2025-1075,3,0.6428251933503802,0.5425389075373818,0.592682050443881,0.5967075163864927,0.5945129933794928
wta:211701,wta:223670,2025-10-06,2025,2025,hard,Wuhan,R64,6-4 6-4,51,35,66,36,88,WTA-2025-1075-258,2025-1075,3,0.31395666006221584,0.43915166310649983,0.37655416158435784,0.37258946548404726,0.37783582163928614
wta:233741,wta:202684,2025-10-06,2025,2025,hard,Wuhan,R64,7-5 7-6(10),85,50,81,45,88,WTA-2025-1075-259,2025-1075,3,0.5948450912886712,0.5279523954836741,0.5613987433861727,0.5636579210774425,0.5615208062485468
wta:222601,wta:219875,2025-10-06,2025,2025,hard,Wuhan,R64,7-6(0) 6-2,61,41,54,28,88,WTA-2025-1075-260,2025-1075,3,0.5064191595144054,0.5075068660360086,0.506963012775207,0.5042795703053,0.5039724726470409
wta:211713,wta:220520,2025-10-06,2025,2025,hard,Wuhan,R64,6-7(6) 6-0 6-3,88,52,111,53,88,WTA-2025-1075-263,2025-1075,3,0.36503448217816864,0.464174549893195,0.4146045160356818,0.4087699708282998,0.41414678030177887
wta:222328,wta:201709,2025-10-06,2025,2025,hard,Wuhan,R64,6-4 4-6 7-6(2),124,70,107,59,88,WTA-2025-1075-264,2025-1075,3,0.79246003375018,0.6144949649069271,0.7034774993285535,0.7095525914307369,0.6979846705217181
wta:211768,wta:220367,2025-10-06,2025,2025,hard,Wuhan,R64,4-6 7-5 6-3,115,71,84,51,88,WTA-2025-1075-265,2025-1075,3,0.7558307970399037,0.5920964296612755,0.6739636133505896,0.6798982118473005,0.6699355388922437
wta:214643,wta:215306,2025-10-06,2025,2025,hard,Wuhan,R64,6-1 7-5,59,40,70,37,88,WTA-2025-1075-266,2025-1075,3,0.772668918401235,0.5986878242294782,0.6856783713153566,0.6933076665887348,0.6846408369851765
wta:213550,wta:220435,2025-10-06,2025,2025,hard,Wuhan,R64,3-6 7-6(5) 6-3,103,56,82,46,88,WTA-2025-1075-267,2025-1075,3,0.6593252101160237,0.5530973451327433,0.6062112776243835,0.6083048710822191,0.6040141461016493
wta:211685,wta:214939,2025-10-06,2025,2025,hard,Wuhan,R64,6-2 3-6 6-3,91,54,79,44,88,WTA-2025-1075-268,2025-1075,3,0.2662695204989718,0.4231614281354898,0.3447154743172308,0.33720936497901394,0.34456289573926313
wta:221103,wta:211148,2025-10-06,2025,2025,hard,Wuhan,SF,6-4 6-3,55,27,56,24,88,WTA-2025-1075-298,2025-1075,3,0.7012357037594847,0.5708574916081782,0.6360465976838314,0.638484560211027,0.6351921576472126
wta:202468,wta:214544,2025-10-06,2025,2025,hard,Wuhan,SF,2-6 6-4 7-6(2),103,53,101,48,88,WTA-2025-1075-299,2025-1075,3,0.33943121002008647,0.452212389380531,0.39582179970030873,0.3908152511225718,0.393655183893168
wta:214981,wta:206420,2025-10-13,2025,2025,hard,Ningbo,F,3-6 6-0 6-2,66,46,95,51,88,WTA-2025-2092-300,2025-2092,3,0.6491349009546945,0.5516325907842539,0.6003837458694742,0.601126041565923,0.59818661434674
wta:211148,wta:202505,2025-10-13,2025,2025,hard,Ningbo,QF,5-7 7-5 6-3,128,71,106,55,88,WTA-2025-2092-294,2025-2092,3,0.49743082021581614,0.4973146170277693,0.4973727186217927,0.49828720510262564,0.49743375005297974
wta:214981,wta:201548,2025-10-13,2025,2025,hard,Ningbo,QF,6-2 6-0,36,26,53,21,88,WTA-2025-2092-295,2025-2092,3,0.91494775938367,0.698046994202014,0.8064973767928421,0.8297327224629513,0.8064058296460614
wta:206420,wta:220520,2025-10-13,2025,2025,hard,Ningbo,QF,6-3 6-3,72,45,69,37,88,WTA-2025-2092-296,2025-2092,3,0.7573832957676739,0.5927067439731462,0.6750450198704101,0.681120165491413,0.67296995121005
wta:223670,wta:202684,2025-10-13,2025,2025,hard,Ningbo,QF,2-6 6-3 6-1,70,43,70,34,88,WTA-2025-2092-297,2025-2092,3,0.6913250849045111,0.5601769911504425,0.6257510380274768,0.6312417583954697,0.6247440194128903
wta:211148,wta:206368,2025-10-13,2025,2025,hard,Ningbo,R16,6-2 7-5,55,35,56,28,88,WTA-2025-2092-286,2025-2092,3,0.5271546289679009,0.5080561489166922,0.5176053889422965,0.5181129862703686,0.516659401758897
wta:202505,wta:263857,2025-10-13,2025,2025,hard,Ningbo,R16,5-7 6-4 7-5,111,67,112,63,88,WTA-2025-2092-287,2025-2092,3,0.8507868644030792,0.64122673176686,0.7460067980849696,0.7614279056477631,0.7481123824609232
wta:214981,wta:215035,2025-10-13,2025,2025,hard,Ningbo,R16,6-4 6-7(6) 6-3,99,66,120,69,88,WTA-2025-2092-288,2025-2092,3,0.8593140889008339,0.6445224290509612,0.7519182589758976,0.7696619033366966,0.7533830133243871
wta:201548,wta:220309,2025-10-13,2025,2025,hard,Ningbo,R16,7-6(6) 6-3,81,46,68,33,88,WTA-2025-2092-289,2025-2092,3,0.5458100577604037,0.510924626182484,0.5283673419714439,0.5305876817431981,0.5306255049253651
wta:220520,wta:214643,2025-10-13,2025,2025,hard,Ningbo,R16,7-6(5) 6-1,71,42,61,30,88,WTA-2025-2092-290,2025-2092,3,0.4403814301177007,0.4848031736344217,0.4625923018760612,0.4601490082449505,0.45874732171127636
wta:206420,wta:206294,2025-10-13,2025,2025,hard,Ningbo,R16,6-3 6-3,50,35,71,36,88,WTA-2025-2092-291,2025-2092,3,0.8751936850006669,0.6484894720781202,0.7618415785393935,0.7855748091234438,0.7649236658143401
wta:223670,wta:214096,2025-10-13,2025,2025,hard,Ningbo,R16,2-6 6-1 6-2,68,44,77,40,88,WTA-2025-2092-292,2025-2092,3,0.38553817489954567,0.4666768385718645,0.4261075067357051,0.4229346786247333,0.42467326810280914
wta:202684,wta:259799,2025-10-13,2025,2025,hard,Ningbo,R16,4-6 6-3 6-2,98,58,97,49,88,WTA-2025-2092-293,2025-2092,3,0.1019838496090723,0.3217271895025938,0.21185551955583307,0.1899632384600449,0.21020767091378242
wta:206368,wta:222045,2025-10-13,2025,2025,hard,Ningbo,R32,6-3 6-2,44,32,61,29,88,WTA-2025-2092-271,2025-2092,3,0.8103952467877055,0.6121757705218187,0.711285508654762,0.7247978664450822,0.7147032688012376
wta:263857,wta:201709,2025-10-13,2025,2025,hard,Ningbo,R32,6-4 6-2,59,36,51,28,88,WTA-2025-2092-272,2025-2092,3,0.4339663986769111,0.47754043332316143,0.45575341600003627,0.4558343513683984,0.452457718715935
wta:202505,wta:202663,2025-10-13,2025,2025,hard,Ningbo,R32,6-3 6-2,71,48,56,28,88,WTA-2025-2092-273,2025-2092,3,0.712530570517991,0.582575526396094,0.6475530484570424,0.6468308106231315,0.6411142324668075
wta:215035,wta:239475,2025-10-13,2025,2025,hard,Ningbo,R32,6-3 7-6(3),88,48,82,37,88,WTA-2025-2092-275,2025-2092,3,0.36165350442149574,0.45874275251754654,0.41019812846952114,0.40641721562180133,0.40644469545151685
wta:220309,wta:205925,2025-10-13,2025,2025,hard,Ningbo,R32,2-6 7-5 6-3,80,51,85,55,88,WTA-2025-2092-276,2025-2092,3,0.551271098819415,0.5144034177601465,0.5328372582897808,0.5342475866475042,0.5355836726931985
wta:201548,wta:220704,2025-10-13,2025,2025,hard,Ningbo,R32,1-6 7-6(4) 6-3,84,47,94,56,88,WTA-2025-2092-277,2025-2092,3,0.22083789779356613,0.40296002441257245,0.3118989611030693,0.3014238487830862,0.3126008225617205
wta:214643,wta:215250,2025-10-13,2025,2025,hard,Ningbo,R32,6-2 6-4,74,39,70,33,88,WTA-2025-2092-278,2025-2092,3,0.8731665222192178,0.6755874275251754,0.7743769748721966,0.7834977932152805,0.7731563462484554
wta:220520,wta:213550,2025-10-13,2025,2025,hard,Ningbo,R32,6-1 6-0,45,32,33,11,88,WTA-2025-2092-279,2025-2092,3,0.6135199307712612,0.5295392126945377,0.5715295717328994,0.5764185685968336,0.5745201118610654
wta:206294,wta:216133,2025-10-13,2025,2025,hard,Ningbo,R32,6-3 6-3,53,33,64,30,88,WTA-2025-2092-280,2025-2092,3,0.3692509533837963,0.46057369545315835,0.41491232441847736,0.4116970236474901,0.41207436286827903
wta:223670,wta:216016,2025-10-13,2025,2025,hard,Ningbo,R32,7-5 6-3,76,44,63,34,88,WTA-2025-2092-282,2025-2092,3,0.6675073940980624,0.5514494964906927,0.6094784452943776,0.6141100442200228,0.6138421926242524
wta:214096,wta:214954,2025-10-13,2025,2025,hard,Ningbo,R32,6-4 6-3,57,37,69,35,88,WTA-2025-2092-283,2025-2092,3,0.34776893283639554,0.4513579493439121,0.39956344109015385,0.3966985262749063,0.40081458542948856
wta:202684,wta:221054,2025-10-13,2025,2025,hard,Ningbo,R32,3-6 6-4 6-1,81,46,103,47,88,WTA-2025-2092-284,2025-2092,3,0.14559507459481583,0.3535245651510528,0.2495598198729343,0.2351030331228914,0.25398459863399625
wta:214981,wta:211148,2025-10-13,2025,2025,hard,Ningbo,SF,6-3 6-2,61,41,69,38,88,WTA-2025-2092-298,2025-2092,3,0.7568216269100353,0.5905706438815991,0.6736961353958172,0.680677758173881,0.6732078839463207
wta:206420,wta:223670,2025-10-13,2025,2025,hard,Ningbo,SF,6-3 6-4,82,50,53,28,88,WTA-2025-2092-299,2025-2092,3,0.716015100096908,0.5734818431492219,0.6447484716230649,0.6494266924041757,0.6431311386966079
wta:220367,wta:238184,2025-10-13,2025,2025,hard,Osaka,F,6-0 5-7 6-3,79,48,83,40,88,WTA-2025-405-300,2025-405,3,0.4147794135449497,0.46899603295697284,0.44188772325096126,0.4428768259167221,0.4419182389665548
wta:201514,wta:203530,2025-10-13,2025,2025,hard,Osaka,QF,6-2 2-6 6-2,64,43,78,43,88,WTA-2025-405-294,2025-405,3,0.8444381425281954,0.6405553860238022,0.7424967642759988,0.7554238045757731,0.7420695442576895
wta:220367,wta:211685,2025-10-13,2025,2025,hard,Osaka,QF,7-6(2) 6-3,59,38,74,40,88,WTA-2025-405-295,2025-405,3,0.6782039273450187,0.5590173939578883,0.6186106606514534,0.6217587634852113,0.6165050762754999
wta:238184,wta:215337,2025-10-13,2025,2025,hard,Osaka,QF,4-6 6-2 6-3,82,47,78,36,88,WTA-2025-405-296,2025-405,3,0.8273925905858847,0.6400671345743058,0.7337298625800952,0.7397827549409585,0.731013963892271
wta:201514,wta:211107,2025-10-13,2025,2025,hard,Osaka,R16,6-3 6-1,44,28,48,20,88,WTA-2025-405-286,2025-405,3,0.803382317381634,0.6149832163564236,0.7091827668690288,0.7187722503855539,0.7060701638784886
wta:203530,wta:213631,2025-10-13,2025,2025,hard,Osaka,R16,1-6 6-2 7-6(3),91,44,96,49,88,WTA-2025-405-287,2025-405,3,0.15051896276743423,0.36090936832468723,0.25571416554606075,0.2398155474018923,0.2567822155918343
wta:220367,wta:213646,2025-10-13,2025,2025,hard,Osaka,R16,6-1 6-4,53,39,64,34,88,WTA-2025-405-288,2025-405,3,0.7324222326630165,0.5820872749465975,0.657254753804807,0.6617937309916467,0.6574683638139618
wta:211685,wta:215983,2025-10-13,2025,2025,hard,Osaka,R16,6-2 3-6 6-3,99,62,69,46,88,WTA-2025-405-289,2025-405,3,0.38711045834483043,0.4696063472688434,0.4283584028068369,0.4240141090353352,0.4250627055227356
wta:215337,wta:221909,2025-10-13,2025,2025,hard,Osaka,R16,6-4 6-4,54,40,65,40,88,WTA-2025-405-290,2025-405,3,0.39290048790977444,0.46106194690265484,0.42698121740621464,0.4279816133755859,0.42707276455299525
wta:238184,wta:210722,2025-10-13,2025,2025,hard,Osaka,R16,6-4 6-1,54,38,45,23,88,WTA-2025-405-291,2025-405,3,0.37155299923292556,0.45868172108635946,0.4151173601596425,0.41329186236816373,0.41444601441658485
wta:211713,wta:222601,2025-10-13,2025,2025,hard,Osaka,R16,0-6 6-4 6-2,75,44,83,46,88,WTA-2025-405-292,2025-405,3,0.5332605515292164,0.5166615807140678,0.5249610661216421,0.5221919054032667,0.5182170929754718
wta:211768,wta:215480,2025-10-13,2025,2025,hard,Osaka,R16,7-6(6) 3-6 6-2,85,54,97,57,88,WTA-2025-405-293,2025-405,3,0.9157169836223811,0.6942020140372291,0.8049594988298051,0.8306655245400988,0.8083772589762805
wta:211107,wta:222328,2025-10-13,2025,2025,hard,Osaka,R32,7-6(3) 6-3,70,42,64,31,88,WTA-2025-405-270,2025-405,3,0.19521942830400196,0.38361306072627405,0.28941624451513803,0.2800331918218899,0.29081996743244043
wta:201514,wta:220416,2025-10-13,2025,2025,hard,Osaka,R32,2-6 6-4 6-2,76,42,79,41,88,WTA-2025-405-271,2025-405,3,0.8867438864872107,0.6667378700030516,0.7767408782451312,0.7976928122605429,0.7774427397037824
wta:203530,wta:215370,2025-10-13,2025,2025,hard,Osaka,R32,6-3 4-6 6-4,104,63,94,54,88,WTA-2025-405-272,2025-405,3,0.20674836604052024,0.38513884650595054,0.2959436062732354,0.2897856378854764,0.29560793340170655
wta:213631,wta:214262,2025-10-13,2025,2025,hard,Osaka,R32,6-1 6-1,45,32,41,16,88,WTA-2025-405-273,2025-405,3,0.8517114241793707,0.6541043637473298,0.7529078939633502,0.7623110344112307,0.750588699578242
wta:220367,wta:221024,2025-10-13,2025,2025,hard,Osaka,R32,6-2 7-5,69,45,54,30,88,WTA-2025-405-274,2025-405,3,0.7161520820589153,0.5698199572779982,0.6429860196684567,0.6495289505089983,0.6401785738338519
wta:213646,wta:219917,2025-10-13,2025,2025,hard,Osaka,R32,6-4 6-4,76,51,60,38,88,WTA-2025-405-275,2025-405,3,0.5496111472246534,0.5167226121452548,0.5331668796849541,0.5331346495629252,0.5344790554554759
wta:211685,wta:220466,2025-10-13,2025,2025,hard,Osaka,R32,6-3 6-1,48,37,46,23,88,WTA-2025-405-276,2025-405,3,0.8605489472499241,0.6786389990845285,0.7695939731672263,0.7708713546741292,0.7722183247082699
wta:215983,wta:219875,2025-10-13,2025,2025,hard,Osaka,R32,6-4 6-0,37,26,59,24,88,WTA-2025-405-277,2025-405,3,0.6602504626196877,0.5546231309124199,0.6074367967660538,0.6089594394663561,0.6040190366195783
wta:215337,wta:211702,2025-10-13,2025,2025,hard,Osaka,R32,6-4 1-6 6-2,79,45,68,38,88,WTA-2025-405-278,2025-405,3,0.7189689574284296,0.5789746719560573,0.6489718146922434,0.6516353532722554,0.6476901546373153
wta:221909,wta:206289,2025-10-13,2025,2025,hard,Osaka,R32,2-6 6-3 6-4,92,58,107,64,88,WTA-2025-405-279,2025-405,3,0.4023477078013656,0.4719255416539518,0.4371366247276587,0.43443104727488474,0.4318574059299779
wta:238184,wta:223253,2025-10-13,2025,2025,hard,Osaka,R32,6-1 6-2,67,38,55,24,88,WTA-2025-405-280,2025-405,3,0.7605870066311858,0.588495575221239,0.6745412909262124,0.6836507357850069,0.6822922826869692
wta:210722,wta:213710,2025-10-13,2025,2025,hard,Osaka,R32,7-6(5) 6-3,71,49,75,47,88,WTA-2025-405-281,2025-405,3,0.8349986539120833,0.6301190112908148,0.732558832601449,0.7466802116599273,0.7305142796566825
wta:222601,wta:220465,2025-10-13,2025,2025,hard,Osaka,R32,6-2 6-4,54,37,59,31,88,WTA-2025-405-282,2025-405,3,0.5771321270595426,0.5223985352456515,0.5497653311525971,0.551650336726099,0.5499484254461582
wta:211713,wta:220714,2025-10-13,2025,2025,hard,Osaka,R32,6-2 7-6(4),76,49,83,46,88,WTA-2025-405-283,2025-405,3,0.5859793343221354,0.5133658834299665,0.549672608876051,0.5576374163957584,0.5582170092422396
wta:215480,wta:215306,2025-10-13,2025,2025,hard,Osaka,R32,6-1 6-2,50,35,51,24,88,WTA-2025-405-284,2025-405,3,0.5278333501668091,0.5093988404028075,0.5186160952848082,0.51856622881663,0.5200808496332978
wta:211768,wta:259883,2025-10-13,2025,2025,hard,Osaka,R32,6-0 6-4,39,30,65,31,88,WTA-2025-405-285,2025-405,3,0.8138759457235762,0.6524565151052792,0.7331662304144277,0.7278212301301933,0.7355769719463167
wta:220367,wta:201514,2025-10-13,2025,2025,hard,Osaka,SF,6-1 2-6 6-4,77,43,75,37,88,WTA-2025-405-298,2025-405,3,0.4389337311118417,0.48590173939578885,0.46241773525381524,0.45917598476943283,0.45811501935512744
wta:238184,wta:211713,2025-10-13,2025,2025,hard,Osaka,SF,6-7(3) 6-4 6-3,94,60,99,55,88,WTA-2025-405-299,2025-405,3,0.7545320686741023,0.5971010070186146,0.6758165378463584,0.6788781430813111,0.6771287136168802
wta:215983,wta:215138,2025-10-20,2025,2025,hard,Guangzhou,F,7-6(6) 6-2,81,51,83,46,88,WTA-2025-1023-300,2025-1023,3,0.7399953131420325,0.5820262435154104,0.6610107783287215,0.6675880170562047,0.6597291182737932
wta:215983,wta:220714,2025-10-20,2025,2025,hard,Guangzhou,QF,6-3 6-4,67,40,62,30,88,WTA-2025-1023-294,2025-1023,3,0.7033422386953531,0.5662801342691486,0.6348111864822508,0.6400335189053858,0.6342924193171608
wta:201533,wta:220465,2025-10-20,2025,2025,hard,Guangzhou,QF,7-6(5) 5-7 7-5,124,70,125,69,88,WTA-2025-1023-295,2025-1023,3,0.4397627758402174,0.47259688739700945,0.4561798316186134,0.4597332468114495,0.46179472328782306
wta:214906,wta:230870,2025-10-20,2025,2025,hard,Guangzhou,QF,4-6 6-0 6-4,86,52,80,42,88,WTA-2025-1023-296,2025-1023,3,0.47408262516308813,0.49029600244125726,0.48218931380217267,0.4827131433199135,0.48380664672862983
wta:215138,wta:216083,2025-10-20,2025,2025,hard,Guangzhou,QF,3-6 6-3 6-4,76,58,103,65,88,WTA-2025-1023-297,2025-1023,3,0.36817965333814495,0.4591089411046689,0.41364429722140694,0.4109540653285787,0.41010447421255736
wta:215983,wta:215785,2025-10-20,2025,2025,hard,Guangzhou,R16,7-5 6-2,56,37,78,40,88,WTA-2025-1023-286,2025-1023,3,0.632890062390145,0.5344217271895026,0.5836558947898238,0.5897882891391525,0.5831676433403273
wta:220714,wta:216016,2025-10-20,2025,2025,hard,Guangzhou,R16,6-3 2-6 6-3,76,47,88,48,88,WTA-2025-1023-287,2025-1023,3,0.41107757830121533,0.46893500152578577,0.44000628991350055,0.44036644155202215,0.44247806287657654
wta:201533,wta:220662,2025-10-20,2025,2025,hard,Guangzhou,R16,3-6 6-3 6-2,76,39,92,42,88,WTA-2025-1023-288,2025-1023,3,0.6911361034104758,0.5761061946902655,0.6336211490503707,0.6311043409389879,0.6303864831974564
wta:220465,wta:239456,2025-10-20,2025,2025,hard,Guangzhou,R16,6-3 6-3,55,36,58,30,88,WTA-2025-1023-289,2025-1023,3,0.4513871834920797,0.4766249618553555,0.46400607267371763,0.4675344961293065,0.46385349409574994
wta:230870,wta:201709,2025-10-20,2025,2025,hard,Guangzhou,R16,6-3 6-2,48,37,50,29,88,WTA-2025-1023-290,2025-1023,3,0.32649473117508393,0.4448886176380836,0.3856916744065838,0.3816097270411421,0.3857221901221773
wta:214906,wta:214388,2025-10-20,2025,2025,hard,Guangzhou,R16,6-3 6-4,69,43,64,36,88,WTA-2025-1023-291,2025-1023,3,0.4741190056935932,0.48523039365273113,0.4796746996731622,0.48273743322775076,0.4837943212782888
wta:216083,wta:201548,2025-10-20,2025,2025,hard,Guangzhou,R16,6-4 4-6 6-3,119,69,103,55,88,WTA-2025-1023-292,2025-1023,3,0.4900452485049628,0.4937747940189197,0.4919100212619413,0.4933630117677936,0.4903537197666712
wta:215138,wta:206374,2025-10-20,2025,2025,hard,Guangzhou,R16,6-3 6-1,41,33,50,26,88,WTA-2025-1023-293,2025-1023,3,0.5022504502479113,0.4974366798901434,0.49984356506902733,0.5015003057936999,0.5033833880778769
wta:215983,wta:223286,2025-10-20,2025,2025,hard,Guangzhou,R32,6-4 7-6(4),79,47,95,50,88,WTA-2025-1023-270,2025-1023,3,0.907541643875929,0.7039060115959719,0.8057238277359504,0.8209289743937003,0.8056322805891698
wta:215785,wta:214459,2025-10-20,2025,2025,hard,Guangzhou,R32,6-1 6-2,43,33,43,21,88,WTA-2025-1023-271,2025-1023,3,0.6186238233677558,0.5353982300884956,0.5770110267281257,0.5799270895209437,0.5814663212047811
wta:220714,wta:220348,2025-10-20,2025,2025,hard,Guangzhou,R32,6-4 6-7(7) 6-2,98,61,103,56,88,WTA-2025-1023-272,2025-1023,3,0.4802753622931531,0.4932255111382362,0.4867504367156946,0.48684644936050636,0.4870861095872235
wta:216016,wta:215936,2025-10-20,2025,2025,hard,Guangzhou,R32,6-4 6-4,77,45,81,42,88,WTA-2025-1023-273,2025-1023,3,0.7597885603480433,0.5915471467805921,0.6756678535643177,0.6830189114895202,0.6783227208209548
wta:220662,wta:213583,2025-10-20,2025,2025,hard,Guangzhou,R32,6-4 6-7(7) 6-2,96,54,103,54,88,WTA-2025-1023-274,2025-1023,3,0.4105189277148976,0.4620384498016478,0.4362786887582727,0.43998727111462727,0.44192409614307593
wta:201533,wta:220435,2025-10-20,2025,2025,hard,Guangzhou,R32,6-4 6-1,64,34,52,19,88,WTA-2025-1023-275,2025-1023,3,0.47866858887060265,0.4952395483674092,0.4869540686190059,0.48577426226941656,0.4855503457017035
wta:220465,wta:203514,2025-10-20,2025,2025,hard,Guangzhou,R32,4-6 6-2 6-2,82,50,96,49,88,WTA-2025-1023-276,2025-1023,3,0.625975917668771,0.5433323161428135,0.5846541169057923,0.5849986603797416,0.5846541169057923
wta:239456,wta:221236,2025-10-20,2025,2025,hard,Guangzhou,R32,1-6 6-1 6-2,60,40,61,33,88,WTA-2025-1023-277,2025-1023,3,0.5831435690295719,0.5369240158681721,0.560033792448872,0.5557162437054086,0.5562498437152742
wta:201709,wta:252499,2025-10-20,2025,2025,hard,Guangzhou,R32,7-6(2) 4-6 6-4,87,55,106,57,88,WTA-2025-1023-278,2025-1023,3,0.4756669691696542,0.48919743667989013,0.4824322029247722,0.48377085750762105,0.4864602773831182
wta:230870,wta:206417,2025-10-20,2025,2025,hard,Guangzhou,R32,6-2 6-2,53,36,43,19,88,WTA-2025-1023-279,2025-1023,3,0.7158425767924576,0.5707354287458041,0.6432890027691308,0.6492979252236115,0.6466457314844192
wta:214388,wta:215250,2025-10-20,2025,2025,hard,Guangzhou,R32,6-3 3-6 7-6(4),98,55,89,48,88,WTA-2025-1023-280,2025-1023,3,0.5554838052853113,0.5256332010985658,0.5405585031919385,0.5370739928932513,0.5399787045956614
wta:214906,wta:223253,2025-10-20,2025,2025,hard,Guangzhou,R32,2-6 6-4 6-4,89,46,91,50,88,WTA-2025-1023-281,2025-1023,3,0.2598107760097767,0.40961245041196215,0.3347116132108694,0.332262860822589,0.3371833861739454
wta:201548,wta:219917,2025-10-20,2025,2025,hard,Guangzhou,R32,7-5 7-5,86,50,80,41,88,WTA-2025-1023-282,2025-1023,3,0.6252913812982147,0.5343606957583156,0.5798260385282652,0.5845255476641925,0.5808635728584451
wta:216083,wta:215219,2025-10-20,2025,2025,hard,Guangzhou,R32,6-3 1-6 6-3,81,51,77,45,88,WTA-2025-1023-283,2025-1023,3,0.6607696391940904,0.5551724137931034,0.6079710264935969,0.6093269371396512,0.6047973920718697
wta:206374,wta:215872,2025-10-20,2025,2025,hard,Guangzhou,R32,6-2 6-4,70,42,56,26,88,WTA-2025-1023-284,2025-1023,3,0.5044247369743771,0.5065303631370156,0.5054775500556963,0.5029498674306615,0.5023649470651561
wta:215138,wta:222601,2025-10-20,2025,2025,hard,Guangzhou,R32,7-6(3) 7-6(2),92,54,98,54,88,WTA-2025-1023-285,2025-1023,3,0.3914177368251615,0.46270979554470554,0.4270637661849335,0.4269666976947269,0.43038997918462835
wta:215983,wta:201533,2025-10-20,2025,2025,hard,Guangzhou,SF,5-2 RET,28,19,16,9,88,WTA-2025-1023-298,2025-1023,3,0.7652605110648912,0.5963075984131828,0.680784054739037,0.6873644793226553,0.6825844819590553
wta:215138,wta:214906,2025-10-20,2025,2025,hard,Guangzhou,SF,6-0 7-6(3),55,39,95,48,88,WTA-2025-1023-299,2025-1023,3,0.6145862668396046,0.5396093988404028,0.5770978328400037,0.5771507936357371,0.5761823613721978
wta:202505,wta:222328,2025-10-20,2025,2025,hard,Tokyo,F,6-2 6-3,69,46,51,28,88,WTA-2025-1056-300,2025-1056,3,0.5186137910723225,0.5056759231003967,0.5121448570863596,0.5124123806935438,0.5132129071321332
wta:214981,wta:239475,2025-10-20,2025,2025,hard,Tokyo,QF,6-3 7-6(4),65,51,65,43,88,WTA-2025-1056-294,2025-1056,3,0.7682747355099955,0.5894110466890449,0.6788428910995201,0.6897740737782176,0.6793616582646103
wta:222328,wta:214939,2025-10-20,2025,2025,hard,Tokyo,QF,6-0 1-0 RET,31,22,21,7,88,WTA-2025-1056-295,2025-1056,3,0.5070931729181625,0.5075068660360086,0.5073000194770856,0.5047289581972251,0.5018377063858435
wta:213550,wta:206420,2025-10-20,2025,2025,hard,Tokyo,QF,6-0 2-6 7-6(3),98,56,95,51,88,WTA-2025-1056-296,2025-1056,3,0.16948953950886095,0.37067439731461704,0.270081968411739,0.257405104450452,0.2698073269713972
wta:202505,wta:214096,2025-10-20,2025,2025,hard,Tokyo,QF,3-6 7-5 7-5,110,65,113,64,88,WTA-2025-1056-297,2025-1056,3,0.4838248793259904,0.4916386939273726,0.4877317866266815,0.48921449543156925,0.4896237609934804
wta:214981,wta:220367,2025-10-20,2025,2025,hard,Tokyo,R16,6-4 6-3,69,44,48,27,88,WTA-2025-1056-286,2025-1056,3,0.8091394809713272,0.6147390906316753,0.7119392858015012,0.7237125111444562,0.7127632101225265
wta:239475,wta:220332,2025-10-20,2025,2025,hard,Tokyo,R16,6-1 6-1,38,30,54,25,88,WTA-2025-1056-287,2025-1056,3,0.7090218561705918,0.575617943240769,0.6423198997056804,0.6442271227604448,0.6374373852107155
wta:222328,wta:220520,2025-10-20,2025,2025,hard,Tokyo,R16,5-7 6-3 6-4,99,61,95,57,88,WTA-2025-1056-288,2025-1056,3,0.6254019776287594,0.540830027464144,0.5831160025464517,0.5846019726369629,0.5811019653172786
wta:214939,wta:223670,2025-10-20,2025,2025,hard,Tokyo,R16,7-6(4) 2-6 7-6(5),113,64,109,65,88,WTA-2025-1056-289,2025-1056,3,0.5727006373048725,0.527891364052487,0.5502960006786798,0.5486585590942754,0.5471833976881397
wta:213550,wta:259883,2025-10-20,2025,2025,hard,Tokyo,R16,3-6 6-1 7-6(2),94,63,106,62,88,WTA-2025-1056-290,2025-1056,3,0.4872212312193249,0.4951174855050351,0.49116935836218,0.49147979004278824,0.487202315335021
wta:206420,wta:211713,2025-10-20,2025,2025,hard,Tokyo,R16,6-1 6-2,50,35,51,25,88,WTA-2025-1056-291,2025-1056,3,0.8465416511263182,0.6411046689044858,0.7438231600154019,0.7574017074168244,0.7411682927587648
wta:214096,wta:233741,2025-10-20,2025,2025,hard,Tokyo,R16,6-3 7-5,52,37,71,37,88,WTA-2025-1056-292,2025-1056,3,0.7084577141411457,0.5790357033872444,0.643746708764195,0.6438094317023155,0.6363924213061541
wta:202505,wta:219875,2025-10-20,2025,2025,hard,Tokyo,R16,6-4 6-3,51,30,57,26,88,WTA-2025-1056-293,2025-1056,3,0.7927143820200221,0.607415318889228,0.700064850454625,0.7097651179713335,0.6962809017210272
wta:220367,wta:206289,2025-10-20,2025,2025,hard,Tokyo,R32,7-6(5) 6-4,74,41,74,35,88,WTA-2025-1056-271,2025-1056,3,0.5938233693878078,0.5251449496490693,0.5594841595184386,0.562962955889532,0.5577447637296074
wta:220332,wta:211107,2025-10-20,2025,2025,hard,Tokyo,R32,6-2 6-1,69,41,41,18,88,WTA-2025-1056-272,2025-1056,3,0.6357386893668863,0.549740616417455,0.5927396528921707,0.5917676098987819,0.5892303455989146
wta:239475,wta:215370,2025-10-20,2025,2025,hard,Tokyo,R32,6-3 6-3,51,35,52,29,88,WTA-2025-1056-273,2025-1056,3,0.5737446817499279,0.5285627097955448,0.5511536957727363,0.5493630090690672,0.5492617214059374
wta:220520,wta:213710,2025-10-20,2025,2025,hard,Tokyo,R32,3-6 7-5 6-3,95,60,105,61,88,WTA-2025-1056-275,2025-1056,3,0.605754037091706,0.531797375648459,0.5687757063700825,0.5710980791756717,0.5675550777463413
wta:214939,wta:215480,2025-10-20,2025,2025,hard,Tokyo,R32,6-3 6-1,51,32,45,18,88,WTA-2025-1056-276,2025-1056,3,0.800123466942123,0.6158986878242295,0.7080110773831763,0.7160009916439716,0.7065463230346868
wta:223670,wta:215035,2025-10-20,2025,2025,hard,Tokyo,R32,6-3 6-1,49,29,47,20,88,WTA-2025-1056-277,2025-1056,3,0.5577154420063023,0.5202014037229173,0.5389584228646098,0.5385724398688936,0.5343200340943932
wta:213550,wta:220416,2025-10-20,2025,2025,hard,Tokyo,R32,6-1 6-3,57,40,54,27,88,WTA-2025-1056-278,2025-1056,3,0.7330238616990017,0.5822093378089717,0.6576165997539867,0.6622519747663993,0.65401574531395
wta:259883,wta:223360,2025-10-20,2025,2025,hard,Tokyo,R32,6-4 6-3,99,59,76,42,88,WTA-2025-1056-279,2025-1056,3,0.7129561526913551,0.6072322245956667,0.660094188643511,0.6471473108706448,0.6596364529096079
wta:211713,wta:221406,2025-10-20,2025,2025,hard,Tokyo,R32,6-2 6-3,52,35,64,34,88,WTA-2025-1056-280,2025-1056,3,0.8351693790733342,0.6539212694537687,0.7445453242635515,0.7468365007234556,0.7453387328689833
wta:214096,wta:214954,2025-10-20,2025,2025,hard,Tokyo,R32,6-2 1-0 RET,36,24,32,16,88,WTA-2025-1056-282,2025-1056,3,0.34908554317379126,0.4544095209032652,0.4017475320385282,0.3976242028855198,0.40370053783651416
wta:233741,wta:203530,2025-10-20,2025,2025,hard,Tokyo,R32,1-6 7-6(5) 6-2,93,52,99,56,88,WTA-2025-1056-283,2025-1056,3,0.7200852975179375,0.5684162343606958,0.6442507659393166,0.6524720404150254,0.6492248275810621
wta:219875,wta:216133,2025-10-20,2025,2025,hard,Tokyo,R32,4-6 6-3 6-4,99,54,87,49,88,WTA-2025-1056-284,2025-1056,3,0.3740003970536754,0.4688739700945987,0.42143718357413706,0.4149849662741145,0.41780581341850687
wta:202505,wta:213550,2025-10-20,2025,2025,hard,Tokyo,SF,7-6(5) 3-6 6-2,91,61,95,60,88,WTA-2025-1056-299,2025-1056,3,0.7403556671544839,0.5824534635337199,0.6614045653441019,0.6678651687766437,0.6617097225000372
wta:239475,wta:213710,2025-10-27,2025,2025,hard,Hong Kong,F,7-5 6-7(9) 6-2,127,77,125,70,88,WTA-2025-1074-300,2025-1074,3,0.7226829240596351,0.5809276777540433,0.6518053009068392,0.6544232063473037,0.6494250750905438
wta:220367,wta:201514,2025-10-27,2025,2025,hard,Hong Kong,QF,6-4 6-4,68,44,73,40,88,WTA-2025-1074-294,2025-1074,3,0.43856188909139643,0.48242294781812634,0.4604924184547614,0.458926001198197,0.4618045942252832
wta:239475,wta:214939,2025-10-27,2025,2025,hard,Hong Kong,QF,6-1 3-1 RET,42,29,34,16,88,WTA-2025-1074-295,2025-1074,3,0.5070428092716369,0.4969484284406469,0.5019956188561419,0.5046953787049401,0.5035824360670056
wta:233741,wta:221124,2025-10-27,2025,2025,hard,Hong Kong,QF,6-4 2-6 6-4,88,50,82,50,88,WTA-2025-1074-296,2025-1074,3,0.7735503397479203,0.6276167226121453,0.7005835311800328,0.694019507531198,0.696799582446435
wta:220367,wta:220332,2025-10-27,2025,2025,hard,Hong Kong,R16,6-4 6-1,47,33,52,26,88,WTA-2025-1074-286,2025-1074,3,0.6458650055833723,0.5466890448581019,0.5962770252207371,0.5988337829934471,0.5954836166153054
wta:201514,wta:201548,2025-10-27,2025,2025,hard,Hong Kong,R16,4-6 6-4 6-3,114,67,86,48,88,WTA-2025-1074-287,2025-1074,3,0.7366424372017633,0.5819652120842234,0.6593038246429933,0.6650156220191522,0.6581137117348457
wta:239475,wta:223253,2025-10-27,2025,2025,hard,Hong Kong,R16,3-6 6-3 6-4,105,64,85,48,88,WTA-2025-1074-288,2025-1074,3,0.7535846901351012,0.581537992065914,0.6675613411005076,0.6781352580234911,0.6688735168710294
wta:214939,wta:201533,2025-10-27,2025,2025,hard,Hong Kong,R16,6-1 6-1,48,30,37,12,88,WTA-2025-1074-289,2025-1074,3,0.85006027243109,0.6400671345743058,0.7450637035026979,0.7607354657472345,0.7477490864749285
wta:233741,wta:215077,2025-10-27,2025,2025,hard,Hong Kong,R16,6-1 6-4,51,33,57,26,88,WTA-2025-1074-290,2025-1074,3,0.8749951033840507,0.682117790662191,0.7785564470231209,0.7853707177850622,0.7788921198946497
wta:221124,wta:211269,2025-10-27,2025,2025,hard,Hong Kong,R16,6-2 6-1,56,37,39,15,88,WTA-2025-1074-291,2025-1074,3,0.8299927986902614,0.6808971620384499,0.7554449803643557,0.7421265496125468,0.7569097347128451
wta:213710,wta:215306,2025-10-27,2025,2025,hard,Hong Kong,R16,6-2 6-4,78,40,61,25,88,WTA-2025-1074-292,2025-1074,3,0.6305790232336953,0.5404638388770217,0.5855214310553585,0.5881851085572573,0.5851552424682361
wta:202505,wta:206374,2025-10-27,2025,2025,hard,Hong Kong,R16,6-2 6-2,39,32,61,32,88,WTA-2025-1074-293,2025-1074,3,0.8537546316513274,0.6454379005187671,0.7495962660850473,0.7642708345485002,0.7507253475620079
wta:220367,wta:216016,2025-10-27,2025,2025,hard,Hong Kong,R32,6-1 6-4,52,32,53,23,88,WTA-2025-1074-270,2025-1074,3,0.6749061735008745,0.5649984742142203,0.6199523238575474,0.6193931433549954,0.616076827977169
wta:220332,wta:260006,2025-10-27,2025,2025,hard,Hong Kong,R32,6-0 6-3,41,30,60,26,88,WTA-2025-1074-271,2025-1074,3,0.8735833526712339,0.6902349710100701,0.781909161840652,0.78392372371494,0.7751957044100752
wta:201548,wta:215468,2025-10-27,2025,2025,hard,Hong Kong,R32,7-5 6-2,66,39,72,36,88,WTA-2025-1074-272,2025-1074,3,0.9501370600745367,0.8267012511443393,0.8884191556094381,0.8770607006917165,0.8928134186549064
wta:201514,wta:213646,2025-10-27,2025,2025,hard,Hong Kong,R32,7-5 6-3,55,39,66,37,88,WTA-2025-1074-273,2025-1074,3,0.7786525335773787,0.6000915471467806,0.6893720403620797,0.6981606112445551,0.6941324919946705
wta:239475,wta:221883,2025-10-27,2025,2025,hard,Hong Kong,R32,6-7(2) 6-1 6-4,93,65,81,55,88,WTA-2025-1074-274,2025-1074,3,0.9123049117992414,0.707934086054318,0.8101194989267797,0.8265549526547563,0.8100279517799991
wta:223253,wta:211107,2025-10-27,2025,2025,hard,Hong Kong,R32,6-4 2-1 RET,40,24,50,26,88,WTA-2025-1074-275,2025-1074,3,0.5818996598542883,0.5263045468416234,0.5541021033479558,0.5548741755303025,0.5541631347791429
wta:201533,wta:220662,2025-10-27,2025,2025,hard,Hong Kong,R32,6-2 6-2,44,31,57,24,88,WTA-2025-1074-276,2025-1074,3,0.6906736090667814,0.5800732377174245,0.6353734233921029,0.630768145628337,0.6317725689520663
wta:214939,wta:215872,2025-10-27,2025,2025,hard,Hong Kong,R32,6-4 6-4,61,38,71,38,88,WTA-2025-1074-277,2025-1074,3,0.8488711599957565,0.6401891974366799,0.7445301787162182,0.7596052392598293,0.7435536758172252
wta:233741,wta:201545,2025-10-27,2025,2025,hard,Hong Kong,R32,2-6 6-4 6-3,85,48,86,48,88,WTA-2025-1074-278,2025-1074,3,0.616237479849578,0.540768996032957,0.5785032379412676,0.5782854617061319,0.5757568235378497
wta:215077,wta:216587,2025-10-27,2025,2025,hard,Hong Kong,R32,6-1 6-0,35,28,53,22,88,WTA-2025-1074-279,2025-1074,3,0.7796531037756816,0.6377479401891974,0.7087005219824396,0.6989768921099144,0.7118436406885732
wta:211269,wta:215480,2025-10-27,2025,2025,hard,Hong Kong,R32,6-3 6-4,64,33,75,31,88,WTA-2025-1074-280,2025-1074,3,0.06204035506993132,0.23060726274031126,0.14632380890512128,0.14056386506313326,0.1462322617583407
wta:221124,wta:213550,2025-10-27,2025,2025,hard,Hong Kong,R32,6-2 6-1,57,30,57,20,88,WTA-2025-1074-281,2025-1074,3,0.2702105563954693,0.40241074153188894,0.3363106489636791,0.3402074900602117,0.3362191018168985
wta:215306,wta:220416,2025-10-27,2025,2025,hard,Hong Kong,R32,6-7(3) 6-1 6-4,96,61,111,59,88,WTA-2025-1074-282,2025-1074,3,0.6296604342847265,0.5382667073542875,0.583963570819507,0.5875485148449391,0.5818579864435534
wta:213710,wta:215946,2025-10-27,2025,2025,hard,Hong Kong,R32,6-1 6-2,48,34,55,25,88,WTA-2025-1074-283,2025-1074,3,0.8221030254967274,0.6444613976197742,0.7332822115582508,0.7350584445725051,0.7367304874203198
wta:206374,wta:213666,2025-10-27,2025,2025,hard,Hong Kong,R32,6-4 6-7(6) 6-3,111,71,95,58,88,WTA-2025-1074-284,2025-1074,3,0.6733209395609354,0.5572474824534636,0.6152842110071994,0.618258406748576,0.6202277569333514
wta:202505,wta:205925,2025-10-27,2025,2025,hard,Hong Kong,R32,6-3 6-4,66,41,54,28,88,WTA-2025-1074-285,2025-1074,3,0.8299808832581559,0.6273115654562099,0.728646224357183,0.7421157761498316,0.7267237342747905
wta:239475,wta:220367,2025-10-27,2025,2025,hard,Hong Kong,SF,2-6 6-3 6-2,76,48,66,41,88,WTA-2025-1074-298,2025-1074,3,0.568749737582312,0.5203844980164785,0.5445671177993952,0.5459949209290313,0.543865256340744
wta:213710,wta:233741,2025-10-27,2025,2025,hard,Hong Kong,SF,6-3 6-1,42,33,54,28,88,WTA-2025-1074-299,2025-1074,3,0.4497715555683201,0.4793103448275862,0.46454095019795316,0.4664515238668455,0.4665549874271262
wta:215020,wta:260172,2025-10-27,2025,2025,hard,Jiujiang,F,6-3 6-3,61,39,78,38,88,WTA-2025-1077-300,2025-1077,3,0.756899666229737,0.6050961245041196,0.6809978953669283,0.6807392050176145,0.67764116665164
wta:203530,wta:201709,2025-10-27,2025,2025,hard,Jiujiang,QF,7-5 6-2,56,37,64,32,88,WTA-2025-1077-294,2025-1077,3,0.40954353096753743,0.4710100701861459,0.44027680057684165,0.43932503640208137,0.43981906484293865
wta:260172,wta:211337,2025-10-27,2025,2025,hard,Jiujiang,QF,6-3 6-4,71,39,84,41,88,WTA-2025-1077-295,2025-1077,3,0.3442284196598276,0.4362221544095209,0.39022528703467424,0.3942048041350018,0.3887910484017783
wta:215020,wta:219917,2025-10-27,2025,2025,hard,Jiujiang,QF,7-5 7-5,68,34,93,45,88,WTA-2025-1077-296,2025-1077,3,0.484656344913671,0.493042416844675,0.48884938087917296,0.4897691120366337,0.4889714437415471
wta:222966,wta:222296,2025-10-27,2025,2025,hard,Jiujiang,QF,6-3 6-4,71,46,55,32,88,WTA-2025-1077-297,2025-1077,3,0.7638295511699335,0.6097345132743363,0.6867820322221349,0.6862245389217398,0.6905964966713263
wta:203530,wta:239389,2025-10-27,2025,2025,hard,Jiujiang,R16,6-0 4-6 7-5,136,73,86,40,88,WTA-2025-1077-286,2025-1077,3,0.7615662731659864,0.6178516936222155,0.6897089833941009,0.6844266925357516,0.6899225934032556
wta:201709,wta:213821,2025-10-27,2025,2025,hard,Jiujiang,R16,6-2 6-0,41,24,44,15,88,WTA-2025-1077-287,2025-1077,3,0.9506141511608899,0.8033872444308819,0.877000697795886,0.8777860354489331,0.87764152782335
wta:211337,wta:230870,2025-10-27,2025,2025,hard,Jiujiang,R16,3-6 6-0 6-1,81,46,74,33,88,WTA-2025-1077-288,2025-1077,3,0.48379032431991764,0.49578883124809275,0.4897895777840052,0.48919144532855413,0.49113226927012055
wta:260172,wta:220714,2025-10-27,2025,2025,hard,Jiujiang,R16,6-4 6-2,57,35,70,33,88,WTA-2025-1077-289,2025-1077,3,0.21361442339421388,0.37726579188281967,0.2954401076385168,0.2954937052626751,0.2998648863995787
wta:215020,wta:214388,2025-10-27,2025,2025,hard,Jiujiang,R16,7-6(3) 7-5,77,42,79,40,88,WTA-2025-1077-290,2025-1077,3,0.6060054473662255,0.5393042416844676,0.5726548445253465,0.5712699980602877,0.5670094371405434
wta:219917,wta:215219,2025-10-27,2025,2025,hard,Jiujiang,R16,1-6 6-1 6-1,80,45,62,29,88,WTA-2025-1077-291,2025-1077,3,0.5514514523848429,0.5142203234665853,0.5328358879257141,0.5343685324792246,0.5344227051365777
wta:222966,wta:220435,2025-10-27,2025,2025,hard,Jiujiang,R16,7-6(4) 2-6 6-2,97,47,95,46,88,WTA-2025-1077-292,2025-1077,3,0.6072269266733203,0.5369240158681721,0.5720754712707462,0.5721055701124275,0.5748524013897576
wta:222296,wta:215250,2025-10-27,2025,2025,hard,Jiujiang,R16,3-6 7-5 6-4,88,47,90,46,88,WTA-2025-1077-293,2025-1077,3,0.4530051869558818,0.47827281049740616,0.465638998726644,0.4686186788700246,0.46878211743277765
wta:203530,wta:221099,2025-10-27,2025,2025,hard,Jiujiang,R32,6-2 6-4,64,40,59,30,88,WTA-2025-1077-270,2025-1077,3,0.9638074977404281,0.8282270369240159,0.896017267332222,0.8991691132046837,0.8980007888458015
wta:239389,wta:206294,2025-10-27,2025,2025,hard,Jiujiang,R32,6-2 3-6 7-6(5),104,55,97,51,88,WTA-2025-1077-271,2025-1077,3,0.17028206324595083,0.3459566676838572,0.258119365464904,0.25812189168542177,0.25845503833643285
wta:213821,wta:263857,2025-10-27,2025,2025,hard,Jiujiang,R32,6-3 7-6(5),78,48,70,40,88,WTA-2025-1077-272,2025-1077,3,0.06488865420205761,0.2171193164479707,0.14100398532501415,0.14446844346660265,0.1464052669850691
wta:201709,wta:223286,2025-10-27,2025,2025,hard,Jiujiang,R32,6-3 6-1,55,35,57,25,88,WTA-2025-1077-273,2025-1077,3,0.8132630826624242,0.6307903570338724,0.7220267198481483,0.7272872732059691,0.7219962041325547
wta:211337,wta:221236,2025-10-27,2025,2025,hard,Jiujiang,R32,3-0 RET,14,9,18,7,88,WTA-2025-1077-274,2025-1077,3,0.3922237624558692,0.47247482453463535,0.4323492934952523,0.4275185004822572,0.43006061482573743
wta:230870,wta:239456,2025-10-27,2025,2025,hard,Jiujiang,R32,6-4 6-3,58,33,56,24,88,WTA-2025-1077-275,2025-1077,3,0.343920871674183,0.4384803173634422,0.3912005945188126,0.3939878736794927,0.38943068301438777
wta:260172,wta:264064,2025-10-27,2025,2025,hard,Jiujiang,R32,6-2 6-1,45,32,61,29,88,WTA-2025-1077-276,2025-1077,3,0.4939859075131318,0.5046383887702167,0.49931214814167424,0.4959904975821595,0.4989459595545519
wta:220714,wta:215785,2025-10-27,2025,2025,hard,Jiujiang,R32,6-2 3-0 RET,33,22,41,18,88,WTA-2025-1077-277,2025-1077,3,0.41846199349948293,0.4767470247177296,0.4476045091086063,0.4453705733464217,0.44848946486081864
wta:214388,wta:221096,2025-10-27,2025,2025,hard,Jiujiang,R32,6-2 6-2,45,29,62,26,88,WTA-2025-1077-278,2025-1077,3,0.5710869441618088,0.5225205981080256,0.5468037711349172,0.5475702237338895,0.5466206768413561
wta:215020,wta:203564,2025-10-27,2025,2025,hard,Jiujiang,R32,6-4 6-4,55,39,66,39,88,WTA-2025-1077-279,2025-1077,3,0.7709389023665567,0.6021666158071407,0.6865527590868488,0.6919134738148883,0.6889635006187376
wta:215219,wta:214906,2025-10-27,2025,2025,hard,Jiujiang,R32,3-6 6-2 7-5,99,57,110,57,88,WTA-2025-1077-280,2025-1077,3,0.586347291820966,0.5222154409520904,0.5542813663865283,0.5578868550430672,0.556051277890953
wta:219917,wta:202684,2025-10-27,2025,2025,hard,Jiujiang,R32,6-3 2-1 RET,35,24,35,17,88,WTA-2025-1077-281,2025-1077,3,0.3945885251365322,0.46325907842538905,0.4289238017809606,0.4291361370748913,0.42858812890943176
wta:220435,wta:214262,2025-10-27,2025,2025,hard,Jiujiang,R32,6-4 6-1,41,34,51,28,88,WTA-2025-1077-282,2025-1077,3,0.5378470114978011,0.5090936832468721,0.5234703473723366,0.5252581772887095,0.524294271693362
wta:222966,wta:221434,2025-10-27,2025,2025,hard,Jiujiang,R32,7-6(2) 7-5,83,50,87,45,88,WTA-2025-1077-283,2025-1077,3,0.911847831893482,0.7649984742142203,0.8384231530538511,0.8260095248156712,0.8380569644667288
wta:215250,wta:252499,2025-10-27,2025,2025,hard,Jiujiang,R32,3-6 6-2 7-6(6),89,54,93,51,88,WTA-2025-1077-284,2025-1077,3,0.2795240067979013,0.39703997558742754,0.33828199119266444,0.34723487758540966,0.3413945941832045
wta:222296,wta:215983,2025-10-27,2025,2025,hard,Jiujiang,R32,6-3 6-1,49,30,50,22,88,WTA-2025-1077-285,2025-1077,3,0.13289510504083096,0.3277693011901129,0.23033220311547192,0.22263092507838403,0.23353635325279265
wta:260172,wta:203530,2025-10-27,2025,2025,hard,Jiujiang,SF,6-1 4-6 7-5,89,56,81,43,88,WTA-2025-1077-298,2025-1077,3,0.25490609085111704,0.398504729935917,0.326705410393517,0.3284780460453034,0.329695950521683
wta:215020,wta:222966,2025-10-27,2025,2025,hard,Jiujiang,SF,6-4 6-4,61,33,87,42,88,WTA-2025-1077-299,2025-1077,3,0.39794752816887874,0.466127555691181,0.43203754193002986,0.43143070317786814,0.43328868626936456
wta:222145,wta:214040,2025-10-27,2025,2025,hard,Chennai,F,6-4 6-3,93,53,59,28,88,WTA-2025-1148-300,2025-1148,3,0.5440404743156446,0.5198352151357949,0.5319378447257197,0.5294026373562589,0.5292524617534891
wta:220466,wta:201613,2025-10-27,2025,2025,hard,Chennai,QF,6-2 7-6(2),79,50,58,27,88,WTA-2025-1148-294,2025-1148,3,0.3778560671392587,0.4473909063167531,0.41262348672800586,0.41764735696015337,0.4105484180676458
wta:214040,wta:202499,2025-10-27,2025,2025,hard,Chennai,QF,6-4 6-0,43,34,46,22,88,WTA-2025-1148-295,2025-1148,3,0.38253782551566795,0.46551724137931033,0.4240275334474891,0.42087230705227985,0.42280690482374794
wta:222145,wta:266376,2025-10-27,2025,2025,hard,Chennai,QF,6-3 6-1,46,32,65,29,88,WTA-2025-1148-296,2025-1148,3,0.7779619568631427,0.6367714372902045,0.7073666970766737,0.697598038015501,0.7103877529204332
wta:222290,wta:223325,2025-10-27,2025,2025,hard,Chennai,QF,6-0 6-2,48,30,44,15,88,WTA-2025-1148-297,2025-1148,3,0.674234847604494,0.5808666463228562,0.6275507469636752,0.6189124074326451,0.6265132126334951
wta:220466,wta:215614,2025-10-27,2025,2025,hard,Chennai,R16,5-7 7-5 7-5,116,68,99,58,88,WTA-2025-1148-286,2025-1148,3,0.4259557677883495,0.470155630149527,0.44805569896893827,0.4504348295221128,0.4447600016848369
wta:201613,wta:204411,2025-10-27,2025,2025,hard,Chennai,R16,1-6 6-4 7-6(9),105,48,103,50,88,WTA-2025-1148-287,2025-1148,3,0.3119958110019207,0.42255111382361915,0.3672734624127699,0.37116937630097735,0.37047761255009065
wta:202499,wta:246481,2025-10-27,2025,2025,hard,Chennai,R16,6-2 6-2,41,32,56,28,88,WTA-2025-1148-288,2025-1148,3,0.8530784613255495,0.6600244125724748,0.7565514369490122,0.7636210140507358,0.7604269328293906
wta:214040,wta:220842,2025-10-27,2025,2025,hard,Chennai,R16,7-5 7-6(2),71,38,112,53,88,WTA-2025-1148-289,2025-1148,3,0.7773358908055402,0.6187061336588343,0.6980210122321873,0.697088586152083,0.6996993765898314
wta:266376,wta:220348,2025-10-27,2025,2025,hard,Chennai,R16,6-3 6-4,52,30,54,27,88,WTA-2025-1148-290,2025-1148,3,0.2077813769866962,0.37506866036008546,0.2914250186733908,0.2906490319922977,0.2917606915449197
wta:222145,wta:222258,2025-10-27,2025,2025,hard,Chennai,R16,2-6 6-3 6-2,77,45,83,42,88,WTA-2025-1148-291,2025-1148,3,0.5530750706021726,0.5185535550808666,0.5358143128415196,0.535457566246003,0.5384691800981568
wta:223325,wta:203514,2025-10-27,2025,2025,hard,Chennai,R16,6-2 6-3,64,32,63,23,88,WTA-2025-1148-292,2025-1148,3,0.33679876737265174,0.4317668599328654,0.38428281365275857,0.38894986412737353,0.380224223478819
wta:222290,wta:220309,2025-10-27,2025,2025,hard,Chennai,R16,2-6 6-3 6-3,66,32,62,31,88,WTA-2025-1148-293,2025-1148,3,0.35478471719866056,0.439273725968874,0.3970292215837673,0.4016210567361139,0.3981277873451344
wta:215614,wta:215936,2025-10-27,2025,2025,hard,Chennai,R32,5-7 6-0 1-0 RET,58,32,60,26,88,WTA-2025-1148-270,2025-1148,3,0.403412750474222,0.46008544400366186,0.43174909723894195,0.43515636567699667,0.43126084578944546
wta:220466,wta:215996,2025-10-27,2025,2025,hard,Chennai,R32,6-4 6-3,59,32,65,30,88,WTA-2025-1148-271,2025-1148,3,0.273895778575723,0.39288983826670737,0.3333928084212152,0.34299766546402466,0.33723778858600006
wta:204411,wta:215988,2025-10-27,2025,2025,hard,Chennai,R32,6-7(0) 6-2 6-4,87,51,115,60,88,WTA-2025-1148-272,2025-1148,3,0.6618875358282212,0.5573085138846506,0.6095980248564359,0.6101187459582109,0.6110322634893319
wta:201613,wta:211411,2025-10-27,2025,2025,hard,Chennai,R32,6-3 5-5 RET,54,32,58,30,88,WTA-2025-1148-273,2025-1148,3,0.3872402788669995,0.45886481537992063,0.4230525471234601,0.4241031956279508,0.42140469848140943
wta:202499,wta:261038,2025-10-27,2025,2025,hard,Chennai,R32,6-1 6-2,73,43,46,19,88,WTA-2025-1148-274,2025-1148,3,0.8537294719176327,0.67009459871834,0.7619120353179863,0.7642466329164511,0.755564766474532
wta:246481,wta:221187,2025-10-27,2025,2025,hard,Chennai,R32,6-4 6-2,64,36,75,34,88,WTA-2025-1148-275,2025-1148,3,0.9674055857436991,0.8475129691791272,0.9074592774614132,0.9055368306772432,0.909808987562115
wta:220842,wta:266722,2025-10-27,2025,2025,hard,Chennai,R32,6-1 6-4,52,32,43,19,88,WTA-2025-1148-276,2025-1148,3,0.5044640260014922,0.505920048825145,0.5051920374133185,0.5029760612651912,0.505558226000441
wta:214040,wta:223360,2025-10-27,2025,2025,hard,Chennai,R32,1-6 6-1 6-3,64,36,68,31,88,WTA-2025-1148-277,2025-1148,3,0.6471213473536899,0.5603600854440036,0.6037407163988467,0.5997138748859487,0.6023675091971379
wta:220348,wta:220597,2025-10-27,2025,2025,hard,Chennai,R32,6-2 6-0,51,35,48,21,88,WTA-2025-1148-278,2025-1148,3,0.8996869371957733,0.7330180042722002,0.8163524707339868,0.8119148403253312,0.8142468863580331
wta:266376,wta:211702,2025-10-27,2025,2025,hard,Chennai,R32,7-5 6-1,69,42,61,30,88,WTA-2025-1148-279,2025-1148,3,0.4283387843631596,0.4684467500762893,0.44839276721972443,0.452042531377903,0.4533057974302829
wta:222258,wta:235159,2025-10-27,2025,2025,hard,Chennai,R32,6-2 6-2,59,36,47,21,88,WTA-2025-1148-280,2025-1148,3,0.7665801586857569,0.6118095819346964,0.6891948703102266,0.6884180065488227,0.6882183674112337
wta:222145,wta:211344,2025-10-27,2025,2025,hard,Chennai,R32,6-4 6-7(5) 6-2,87,64,93,61,88,WTA-2025-1148-281,2025-1148,3,0.8033999688344708,0.6807140677448886,0.7420570182896797,0.7187873095707813,0.739890402482539
wta:203514,wta:214459,2025-10-27,2025,2025,hard,Chennai,R32,6-7 6-0 6-2,108,65,105,54,88,WTA-2025-1148-282,2025-1148,3,0.3909175386576559,0.46490692706743975,0.4279122328625478,0.4266241511266255,0.4243724098536983
wta:223325,wta:221406,2025-10-27,2025,2025,hard,Chennai,R32,6-3 5-0 RET,36,25,42,21,88,WTA-2025-1148-283,2025-1148,3,0.501732970623674,0.5027464144034177,0.5022396925135458,0.5011553163192205,0.500347718146747
wta:222290,wta:221237,2025-10-27,2025,2025,hard,Chennai,R32,6-2 2-0 RET,26,18,43,18,88,WTA-2025-1148-284,2025-1148,3,0.38841468153486225,0.4588037839487336,0.42360923274179796,0.4249088302977446,0.42260221412721144
wta:220309,wta:236955,2025-10-27,2025,2025,hard,Chennai,R32,7-5 6-4,66,39,69,33,88,WTA-2025-1148-285,2025-1148,3,0.7759565217113543,0.614372902044553,0.6951647118779536,0.6959680384408276,0.69513419616236
wta:214040,wta:220466,2025-10-27,2025,2025,hard,Chennai,SF,6-7(2) 6-3 7-5,100,69,120,73,88,WTA-2025-1148-298,2025-1148,3,0.8084641475570398,0.6407384803173635,0.7246013139372016,0.7231299903764589,0.7247538925151693
wta:222145,wta:222290,2025-10-27,2025,2025,hard,Chennai,SF,7-6(6) 7-6(5),84,58,94,60,88,WTA-2025-1148-299,2025-1148,3,0.6290115708641142,0.5593835825450106,0.5941975767045624,0.5870990599369799,0.5931905580899759
wta:214981,wta:214544,2025-11-01,2025,2025,hard,Riyadh Finals,F,6-3 7-6(0),73,53,73,44,89,WTA-2025-808-303,2025-808,3,0.4375233307436922,0.4802258162953921,0.4588745735195422,0.4582276579516606,0.45982056070294164
wta:214981,wta:206420,2025-11-01,2025,2025,hard,Riyadh Finals,RR,6-4 6-4,63,44,52,32,89,WTA-2025-808-289,2025-808,3,0.6502541405561386,0.5441257247482454,0.597189932652192,0.6019118792045679,0.5974035426613467
wta:216153,wta:201619,2025-11-01,2025,2025,hard,Riyadh Finals,RR,4-6 6-3 6-2,82,51,74,41,89,WTA-2025-808-290,2025-808,3,0.5993962008307232,0.5330790357033872,0.5662376182670552,0.5667573447929073,0.5624536695334574
wta:214981,wta:216153,2025-11-01,2025,2025,hard,Riyadh Finals,RR,6-3 6-1,45,34,47,24,89,WTA-2025-808-291,2025-808,3,0.6047323020123205,0.5352151357949344,0.5699737189036275,0.5703996150293947,0.5733609633345094
wta:216347,wta:201619,2025-11-01,2025,2025,hard,Riyadh Finals,RR,6-1 6-2,45,32,42,16,89,WTA-2025-808-292,2025-808,3,0.7974914845856351,0.604485810192249,0.7009886473889421,0.7137756622251856,0.7029111374713345
wta:214981,wta:216347,2025-11-01,2025,2025,hard,Riyadh Finals,RR,3-6 6-1 6-0,61,43,71,39,89,WTA-2025-808-293,2025-808,3,0.3826197847557561,0.4685688129386634,0.4255942988472098,0.42092868858208066,0.4204676586274966
wta:216153,wta:216347,2025-11-01,2025,2025,hard,Riyadh Finals,RR,6-7(3) 6-4 6-2,99,66,111,70,89,WTA-2025-808-294,2025-808,3,0.27683418936244175,0.427372596887397,0.35210339312491934,0.34521341604731126,0.35304938030831884
wta:202468,wta:211148,2025-11-01,2025,2025,hard,Riyadh Finals,RR,6-2 6-3,41,33,65,34,89,WTA-2025-808-295,2025-808,3,0.6531669332762033,0.5439426304546842,0.5985547818654438,0.6039600027426797,0.599378706186469
wta:221103,wta:211148,2025-11-01,2025,2025,hard,Riyadh Finals,RR,6-3 6-2,50,35,57,28,89,WTA-2025-808-296,2025-808,3,0.6777904112547695,0.5568812938663412,0.6173358525605553,0.621461753439682,0.6213028955877142
wta:202468,wta:221103,2025-11-01,2025,2025,hard,Riyadh Finals,RR,6-3 6-7(4) 6-2,92,52,115,55,89,WTA-2025-808-297,2025-808,3,0.4772426993531562,0.4881599023497101,0.48270130085143315,0.4848226409481183,0.4883467082362363
wta:214544,wta:211148,2025-11-01,2025,2025,hard,Riyadh Finals,RR,6-3 6-1,54,34,58,29,89,WTA-2025-808-298,2025-808,3,0.7713204231893437,0.5949038754958804,0.683112149342612,0.6922205983178383,0.6814337849849679
wta:214544,wta:202468,2025-11-01,2025,2025,hard,Riyadh Finals,RR,6-4 2-6 6-3,82,51,93,55,89,WTA-2025-808-299,2025-808,3,0.6371194229609114,0.5455904790967349,0.5913549510288232,0.5927282913848129,0.5916295924691649
wta:214544,wta:221103,2025-11-01,2025,2025,hard,Riyadh Finals,RR,7-6(5) 6-2,68,43,56,29,89,WTA-2025-808-300,2025-808,3,0.6190026157848004,0.530820872749466,0.5749117442671332,0.5801878690528505,0.5788482715786987
wta:214981,wta:202468,2025-11-01,2025,2025,hard,Riyadh Finals,SF,4-6 6-4 6-3,89,55,101,56,89,WTA-2025-808-301,2025-808,3,0.5706933723739935,0.5160512664021971,0.5433723193880953,0.5473048702561518,0.5451422308925201
wta:214544,wta:216153,2025-11-01,2025,2025,hard,Riyadh Finals,SF,6-3 3-6 6-3,107,58,108,60,89,WTA-2025-808-302,2025-808,3,0.6701906687248186,0.5505340250228868,0.6103623468738527,0.6160222242024423,0.6117660697911551
